13:17:46 ampere/q11dev/online true
13:17:46 ampere/q11dev/debug/log apq11dev-543204516334 382 1790680674.649 2|shos_mqtt_conn.c:465    MQTT0: pub ampere/q11dev/debug/log @ 0 (116) -> 0
13:17:46 ampere/q11dev/debug/log apq11dev-543204516334 383 1790680674.653 2|shos_mqtt_conn.c:465    MQTT0: pub ampere/q11dev/debug/log @ 0 (116) -> 0
13:17:46 ampere/q11dev/debug/log apq11dev-543204516334 384 1790680674.733 2|shos_mqtt_conn.c:465    MQTT0: pub ampere/q11dev/debug/log @ 0 (116) -> 0
13:17:46 ampere/q11dev/debug/log apq11dev-543204516334 385 1790680674.737 2|shos_mqtt_conn.c:465    MQTT0: pub ampere/q11dev/debug/log @ 0 (116) -> 0
13:17:46 ampere/q11dev/debug/log apq11dev-543204516334 386 1790680674.742 2|esp32xx_wifi_if.cpp:234 PK check: link 1 gw 1 UC 600 MC 425 ctr 16/105 ping 0 num_act 0
13:17:46 ampere/q11dev/debug/log apq11dev-543204516334 387 1790680674.746 2|hos_lwip_eth_if.cpp:513 ws(0x3fcc65a8): Status: server 0 oper_up 1 link_up 1/1 hf 86740
13:17:47 ampere/q11dev/debug/log apq11dev-543204516334 388 1790680674.810 2|shos_mqtt_conn.c:465    MQTT0: pub ampere/q11dev/debug/log @ 0 (116) -> 0
13:17:47 ampere/q11dev/debug/log apq11dev-543204516334 389 1790680674.815 2|shos_mqtt_conn.c:465    MQTT0: pub ampere/q11dev/debug/log @ 0 (116) -> 0
13:17:47 ampere/q11dev/debug/log apq11dev-543204516334 390 1790680674.819 2|shos_mqtt_conn.c:465    MQTT0: pub ampere/q11dev/debug/log @ 0 (116) -> 0
13:17:47 ampere/q11dev/debug/log apq11dev-543204516334 391 1790680674.823 2|shos_mqtt_conn.c:465    MQTT0: pub ampere/q11dev/debug/log @ 0 (116) -> 0
13:17:47 ampere/q11dev/debug/log apq11dev-543204516334 392 1790680674.884 2|shos_mqtt_conn.c:465    MQTT0: pub ampere/q11dev/debug/log @ 0 (116) -> 0
13:17:47 ampere/q11dev/debug/log apq11dev-543204516334 393 1790680674.889 2|shos_mqtt_conn.c:465    MQTT0: pub ampere/q11dev/debug/log @ 0 (116) -> 0
13:17:47 ampere/q11dev/debug/log apq11dev-543204516334 394 1790680674.893 2|shos_mqtt_conn.c:465    MQTT0: pub ampere/q11dev/debug/log @ 0 (116) -> 0
13:17:47 ampere/q11dev/debug/log apq11dev-543204516334 395 1790680674.897 2|shos_mqtt_conn.c:465    MQTT0: pub ampere/q11dev/debug/log @ 0 (116) -> 0
13:17:47 ampere/q11dev/debug/log apq11dev-543204516334 396 1790680674.945 2|shos_mqtt_conn.c:465    MQTT0: pub ampere/q11dev/debug/log @ 0 (116) -> 0
13:17:47 ampere/q11dev/debug/log apq11dev-543204516334 397 1790680674.949 2|shos_mqtt_conn.c:465    MQTT0: pub ampere/q11dev/debug/log @ 0 (116) -> 0
13:17:47 ampere/q11dev/debug/log apq11dev-543204516334 398 1790680674.954 2|shos_mqtt_conn.c:465    MQTT0: pub ampere/q11dev/debug/log @ 0 (116) -> 0
13:17:47 ampere/q11dev/debug/log apq11dev-543204516334 399 1790680674.958 2|shos_mqtt_conn.c:465    MQTT0: pub ampere/q11dev/debug/log @ 0 (116) -> 0
13:17:47 ampere/q11dev/debug/log apq11dev-543204516334 400 1790680675.007 2|shos_mqtt_conn.c:465    MQTT0: pub ampere/q11dev/debug/log @ 0 (130) -> 0
13:17:47 ampere/q11dev/debug/log apq11dev-543204516334 401 1790680675.012 2|shos_mqtt_conn.c:465    MQTT0: pub ampere/q11dev/debug/log @ 0 (130) -> 0
13:17:47 ampere/q11dev/debug/log apq11dev-543204516334 402 1790680675.016 2|shos_mqtt_conn.c:465    MQTT0: pub ampere/q11dev/debug/log @ 0 (116) -> 0
13:17:47 ampere/q11dev/debug/log apq11dev-543204516334 403 1790680675.020 2|shos_mqtt_conn.c:465    MQTT0: pub ampere/q11dev/debug/log @ 0 (116) -> 0
13:17:47 ampere/q11dev/debug/log apq11dev-543204516334 404 1790680675.081 2|shos_mqtt_conn.c:465    MQTT0: pub ampere/q11dev/debug/log @ 0 (116) -> 0
13:17:47 ampere/q11dev/debug/log apq11dev-543204516334 405 1790680675.085 2|shos_mqtt_conn.c:465    MQTT0: pub ampere/q11dev/debug/log @ 0 (116) -> 0
13:17:47 ampere/q11dev/debug/log apq11dev-543204516334 406 1790680675.089 2|shos_mqtt_conn.c:465    MQTT0: pub ampere/q11dev/debug/log @ 0 (116) -> 0
13:17:47 ampere/q11dev/debug/log apq11dev-543204516334 407 1790680675.093 2|shos_mqtt_conn.c:465    MQTT0: pub ampere/q11dev/debug/log @ 0 (116) -> 0
13:17:47 ampere/q11dev/debug/log apq11dev-543204516334 408 1790680675.141 2|shos_mqtt_conn.c:465    MQTT0: pub ampere/q11dev/debug/log @ 0 (116) -> 0
13:17:47 ampere/q11dev/debug/log apq11dev-543204516334 409 1790680675.145 2|shos_mqtt_conn.c:465    MQTT0: pub ampere/q11dev/debug/log @ 0 (116) -> 0
13:17:47 ampere/q11dev/debug/log apq11dev-543204516334 410 1790680675.150 2|shos_mqtt_conn.c:465    MQTT0: pub ampere/q11dev/debug/log @ 0 (116) -> 0
13:17:47 ampere/q11dev/debug/log apq11dev-543204516334 411 1790680675.156 2|shos_mqtt_conn.c:465    MQTT0: pub ampere/q11dev/debug/log @ 0 (116) -> 0
13:17:47 ampere/q11dev/debug/log apq11dev-543204516334 412 1790680675.203 2|shos_mqtt_conn.c:465    MQTT0: pub ampere/q11dev/debug/log @ 0 (116) -> 0
13:17:47 ampere/q11dev/debug/log apq11dev-543204516334 413 1790680675.208 2|shos_mqtt_conn.c:465    MQTT0: pub ampere/q11dev/debug/log @ 0 (116) -> 0
13:17:47 ampere/q11dev/debug/log apq11dev-543204516334 414 1790680675.212 2|shos_mqtt_conn.c:465    MQTT0: pub ampere/q11dev/debug/log @ 0 (116) -> 0
13:17:47 ampere/q11dev/debug/log apq11dev-543204516334 415 1790680675.216 2|shos_mqtt_conn.c:465    MQTT0: pub ampere/q11dev/debug/log @ 0 (116) -> 0
13:17:47 ampere/q11dev/debug/log apq11dev-543204516334 416 1790680675.276 2|shos_mqtt_conn.c:465    MQTT0: pub ampere/q11dev/debug/log @ 0 (116) -> 0
13:17:47 ampere/q11dev/debug/log apq11dev-543204516334 417 1790680675.281 2|shos_mqtt_conn.c:465    MQTT0: pub ampere/q11dev/debug/log @ 0 (116) -> 0
13:17:47 ampere/q11dev/debug/log apq11dev-543204516334 418 1790680675.285 2|shos_mqtt_conn.c:465    MQTT0: pub ampere/q11dev/debug/log @ 0 (116) -> 0
13:17:47 ampere/q11dev/debug/log apq11dev-543204516334 419 1790680675.289 2|shos_mqtt_conn.c:465    MQTT0: pub ampere/q11dev/debug/log @ 0 (116) -> 0
13:17:47 ampere/q11dev/debug/log apq11dev-543204516334 420 1790680675.338 2|shos_mqtt_conn.c:465    MQTT0: pub ampere/q11dev/debug/log @ 0 (116) -> 0
13:17:47 ampere/q11dev/debug/log apq11dev-543204516334 421 1790680675.342 2|shos_mqtt_conn.c:465    MQTT0: pub ampere/q11dev/debug/log @ 0 (116) -> 0
13:17:47 ampere/q11dev/debug/log apq11dev-543204516334 422 1790680675.346 2|shos_mqtt_conn.c:465    MQTT0: pub ampere/q11dev/debug/log @ 0 (116) -> 0
13:17:48 ampere/q11dev/debug/log apq11dev-543204516334 423 1790680675.350 2|shos_mqtt_conn.c:465    MQTT0: pub ampere/q11dev/debug/log @ 0 (116) -> 0
13:17:48 ampere/q11dev/debug/log apq11dev-543204516334 424 1790680675.399 2|shos_mqtt_conn.c:465    MQTT0: pub ampere/q11dev/debug/log @ 0 (116) -> 0
13:17:48 ampere/q11dev/debug/log apq11dev-543204516334 425 1790680675.403 2|shos_mqtt_conn.c:465    MQTT0: pub ampere/q11dev/debug/log @ 0 (116) -> 0
13:17:48 ampere/q11dev/debug/log apq11dev-543204516334 426 1790680675.407 2|shos_mqtt_conn.c:465    MQTT0: pub ampere/q11dev/debug/log @ 0 (116) -> 0
13:17:48 ampere/q11dev/debug/log apq11dev-543204516334 427 1790680675.411 2|shos_mqtt_conn.c:465    MQTT0: pub ampere/q11dev/debug/log @ 0 (116) -> 0
13:17:48 ampere/q11dev/debug/log apq11dev-543204516334 428 1790680675.459 2|shos_mqtt_conn.c:465    MQTT0: pub ampere/q11dev/debug/log @ 0 (116) -> 0
13:17:48 ampere/q11dev/debug/log apq11dev-543204516334 429 1790680675.464 2|shos_mqtt_conn.c:465    MQTT0: pub ampere/q11dev/debug/log @ 0 (116) -> 0
13:17:48 ampere/q11dev/debug/log apq11dev-543204516334 430 1790680675.469 2|shos_mqtt_conn.c:465    MQTT0: pub ampere/q11dev/debug/log @ 0 (116) -> 0
13:17:48 ampere/q11dev/debug/log apq11dev-543204516334 431 1790680675.474 2|shos_mqtt_conn.c:465    MQTT0: pub ampere/q11dev/debug/log @ 0 (116) -> 0
13:17:48 ampere/q11dev/debug/log apq11dev-543204516334 432 1790680675.522 2|shos_mqtt_conn.c:465    MQTT0: pub ampere/q11dev/debug/log @ 0 (116) -> 0
13:17:48 ampere/q11dev/debug/log apq11dev-543204516334 433 1790680675.526 2|shos_mqtt_conn.c:465    MQTT0: pub ampere/q11dev/debug/log @ 0 (116) -> 0
13:17:48 ampere/q11dev/debug/log apq11dev-543204516334 434 1790680675.530 2|shos_mqtt_conn.c:465    MQTT0: pub ampere/q11dev/debug/log @ 0 (116) -> 0
13:17:48 ampere/q11dev/debug/log apq11dev-543204516334 435 1790680675.534 2|shos_mqtt_conn.c:465    MQTT0: pub ampere/q11dev/debug/log @ 0 (116) -> 0
13:17:48 ampere/q11dev/debug/log apq11dev-543204516334 436 1790680675.583 2|shos_mqtt_conn.c:465    MQTT0: pub ampere/q11dev/debug/log @ 0 (116) -> 0
13:17:48 ampere/q11dev/debug/log apq11dev-543204516334 437 1790680675.587 2|shos_mqtt_conn.c:465    MQTT0: pub ampere/q11dev/debug/log @ 0 (116) -> 0
13:17:48 ampere/q11dev/debug/log apq11dev-543204516334 438 1790680675.591 2|shos_mqtt_conn.c:465    MQTT0: pub ampere/q11dev/debug/log @ 0 (116) -> 0
13:17:48 ampere/q11dev/debug/log apq11dev-543204516334 439 1790680675.595 2|shos_mqtt_conn.c:465    MQTT0: pub ampere/q11dev/debug/log @ 0 (116) -> 0
13:17:48 ampere/q11dev/debug/log apq11dev-543204516334 440 1790680675.644 2|shos_mqtt_conn.c:465    MQTT0: pub ampere/q11dev/debug/log @ 0 (116) -> 0
13:17:48 ampere/q11dev/debug/log apq11dev-543204516334 441 1790680675.648 2|shos_mqtt_conn.c:465    MQTT0: pub ampere/q11dev/debug/log @ 0 (116) -> 0
13:17:48 ampere/q11dev/debug/log apq11dev-543204516334 442 1790680675.652 2|shos_mqtt_conn.c:465    MQTT0: pub ampere/q11dev/debug/log @ 0 (116) -> 0
13:17:48 ampere/q11dev/debug/log apq11dev-543204516334 443 1790680675.657 2|shos_mqtt_conn.c:465    MQTT0: pub ampere/q11dev/debug/log @ 0 (116) -> 0
13:17:48 ampere/q11dev/debug/log apq11dev-543204516334 444 1790680675.705 2|shos_mqtt_conn.c:465    MQTT0: pub ampere/q11dev/debug/log @ 0 (116) -> 0
13:17:48 ampere/q11dev/debug/log apq11dev-543204516334 445 1790680675.709 2|shos_mqtt_conn.c:465    MQTT0: pub ampere/q11dev/debug/log @ 0 (116) -> 0
13:17:48 ampere/q11dev/debug/log apq11dev-543204516334 446 1790680675.713 2|shos_mqtt_conn.c:465    MQTT0: pub ampere/q11dev/debug/log @ 0 (116) -> 0
13:17:48 ampere/q11dev/debug/log apq11dev-543204516334 447 1790680675.717 2|shos_mqtt_conn.c:465    MQTT0: pub ampere/q11dev/debug/log @ 0 (116) -> 0
13:17:48 ampere/q11dev/debug/log apq11dev-543204516334 448 1790680675.799 2|shos_mqtt_conn.c:465    MQTT0: pub ampere/q11dev/debug/log @ 0 (116) -> 0
13:17:48 ampere/q11dev/debug/log apq11dev-543204516334 449 1790680675.804 2|shos_mqtt_conn.c:465    MQTT0: pub ampere/q11dev/debug/log @ 0 (116) -> 0
13:17:48 ampere/q11dev/debug/log apq11dev-543204516334 450 1790680675.808 2|shos_mqtt_conn.c:465    MQTT0: pub ampere/q11dev/debug/log @ 0 (116) -> 0
13:17:48 ampere/q11dev/debug/log apq11dev-543204516334 451 1790680675.812 2|shos_mqtt_conn.c:465    MQTT0: pub ampere/q11dev/debug/log @ 0 (116) -> 0
13:17:48 ampere/q11dev/debug/log apq11dev-543204516334 452 1790680675.862 2|shos_mqtt_conn.c:465    MQTT0: pub ampere/q11dev/debug/log @ 0 (116) -> 0
13:17:48 ampere/q11dev/debug/log apq11dev-543204516334 453 1790680675.866 2|shos_mqtt_conn.c:465    MQTT0: pub ampere/q11dev/debug/log @ 0 (116) -> 0
13:17:48 ampere/q11dev/debug/log apq11dev-543204516334 454 1790680675.870 2|shos_mqtt_conn.c:465    MQTT0: pub ampere/q11dev/debug/log @ 0 (116) -> 0
13:17:48 ampere/q11dev/debug/log apq11dev-543204516334 455 1790680675.875 2|shos_mqtt_conn.c:465    MQTT0: pub ampere/q11dev/debug/log @ 0 (116) -> 0
13:17:48 ampere/q11dev/debug/log apq11dev-543204516334 456 1790680675.943 2|shos_mqtt_conn.c:465    MQTT0: pub ampere/q11dev/debug/log @ 0 (116) -> 0
13:17:48 ampere/q11dev/debug/log apq11dev-543204516334 457 1790680675.947 2|shos_mqtt_conn.c:465    MQTT0: pub ampere/q11dev/debug/log @ 0 (116) -> 0
13:17:49 ampere/q11dev/debug/log apq11dev-543204516334 458 1790680675.952 2|shos_mqtt_conn.c:465    MQTT0: pub ampere/q11dev/debug/log @ 0 (116) -> 0
13:17:49 ampere/q11dev/debug/log apq11dev-543204516334 459 1790680675.956 2|shos_mqtt_conn.c:465    MQTT0: pub ampere/q11dev/debug/log @ 0 (116) -> 0
13:17:49 ampere/q11dev/debug/log apq11dev-543204516334 460 1790680676.007 2|shos_mqtt_conn.c:465    MQTT0: pub ampere/q11dev/debug/log @ 0 (116) -> 0
13:17:49 ampere/q11dev/debug/log apq11dev-543204516334 461 1790680676.012 2|shos_mqtt_conn.c:465    MQTT0: pub ampere/q11dev/debug/log @ 0 (116) -> 0
13:17:49 ampere/q11dev/debug/log apq11dev-543204516334 462 1790680676.016 2|shos_mqtt_conn.c:465    MQTT0: pub ampere/q11dev/debug/log @ 0 (116) -> 0
13:17:49 ampere/q11dev/debug/log apq11dev-543204516334 463 1790680676.020 2|shos_mqtt_conn.c:465    MQTT0: pub ampere/q11dev/debug/log @ 0 (116) -> 0
13:17:49 ampere/q11dev/debug/log apq11dev-543204516334 464 1790680676.080 2|shos_mqtt_conn.c:465    MQTT0: pub ampere/q11dev/debug/log @ 0 (116) -> 0
13:17:49 ampere/q11dev/debug/log apq11dev-543204516334 465 1790680676.085 2|shos_mqtt_conn.c:465    MQTT0: pub ampere/q11dev/debug/log @ 0 (116) -> 0
13:17:49 ampere/q11dev/debug/log apq11dev-543204516334 466 1790680676.090 2|shos_mqtt_conn.c:465    MQTT0: pub ampere/q11dev/debug/log @ 0 (116) -> 0
13:17:49 ampere/q11dev/debug/log apq11dev-543204516334 467 1790680676.094 2|shos_mqtt_conn.c:465    MQTT0: pub ampere/q11dev/debug/log @ 0 (116) -> 0
13:17:49 ampere/q11dev/debug/log apq11dev-543204516334 468 1790680676.142 2|shos_mqtt_conn.c:465    MQTT0: pub ampere/q11dev/debug/log @ 0 (116) -> 0
13:17:49 ampere/q11dev/debug/log apq11dev-543204516334 469 1790680676.146 2|shos_mqtt_conn.c:465    MQTT0: pub ampere/q11dev/debug/log @ 0 (116) -> 0
13:17:49 ampere/q11dev/debug/log apq11dev-543204516334 470 1790680676.151 2|shos_mqtt_conn.c:465    MQTT0: pub ampere/q11dev/debug/log @ 0 (116) -> 0
13:17:49 ampere/q11dev/debug/log apq11dev-543204516334 471 1790680676.155 2|shos_mqtt_conn.c:465    MQTT0: pub ampere/q11dev/debug/log @ 0 (116) -> 0
13:17:49 ampere/q11dev/debug/log apq11dev-543204516334 472 1790680676.204 2|shos_mqtt_conn.c:465    MQTT0: pub ampere/q11dev/debug/log @ 0 (116) -> 0
13:17:49 ampere/q11dev/debug/log apq11dev-543204516334 473 1790680676.208 2|shos_mqtt_conn.c:465    MQTT0: pub ampere/q11dev/debug/log @ 0 (116) -> 0
13:17:49 ampere/q11dev/debug/log apq11dev-543204516334 474 1790680676.212 2|shos_mqtt_conn.c:465    MQTT0: pub ampere/q11dev/debug/log @ 0 (116) -> 0
13:17:49 ampere/q11dev/debug/log apq11dev-543204516334 475 1790680676.217 2|shos_mqtt_conn.c:465    MQTT0: pub ampere/q11dev/debug/log @ 0 (116) -> 0
13:17:49 ampere/q11dev/debug/log apq11dev-543204516334 476 1790680676.264 2|shos_mqtt_conn.c:465    MQTT0: pub ampere/q11dev/debug/log @ 0 (116) -> 0
13:17:49 ampere/q11dev/debug/log apq11dev-543204516334 477 1790680676.269 2|shos_mqtt_conn.c:465    MQTT0: pub ampere/q11dev/debug/log @ 0 (116) -> 0
13:17:49 ampere/q11dev/debug/log apq11dev-543204516334 478 1790680676.273 2|shos_mqtt_conn.c:465    MQTT0: pub ampere/q11dev/debug/log @ 0 (116) -> 0
13:17:49 ampere/q11dev/debug/log apq11dev-543204516334 479 1790680676.277 2|shos_mqtt_conn.c:465    MQTT0: pub ampere/q11dev/debug/log @ 0 (116) -> 0
13:17:49 ampere/q11dev/debug/log apq11dev-543204516334 480 1790680676.337 2|shos_mqtt_conn.c:465    MQTT0: pub ampere/q11dev/debug/log @ 0 (116) -> 0
13:17:49 ampere/q11dev/debug/log apq11dev-543204516334 481 1790680676.341 2|shos_mqtt_conn.c:465    MQTT0: pub ampere/q11dev/debug/log @ 0 (116) -> 0
13:17:49 ampere/q11dev/debug/log apq11dev-543204516334 482 1790680676.345 2|shos_mqtt_conn.c:465    MQTT0: pub ampere/q11dev/debug/log @ 0 (116) -> 0
13:17:49 ampere/q11dev/debug/log apq11dev-543204516334 483 1790680676.350 2|shos_mqtt_conn.c:465    MQTT0: pub ampere/q11dev/debug/log @ 0 (116) -> 0
13:17:49 ampere/q11dev/debug/log apq11dev-543204516334 484 1790680676.398 2|shos_mqtt_conn.c:465    MQTT0: pub ampere/q11dev/debug/log @ 0 (116) -> 0
13:17:49 ampere/q11dev/debug/log apq11dev-543204516334 485 1790680676.403 2|shos_mqtt_conn.c:465    MQTT0: pub ampere/q11dev/debug/log @ 0 (116) -> 0
13:17:49 ampere/q11dev/debug/log apq11dev-543204516334 486 1790680676.407 2|shos_mqtt_conn.c:465    MQTT0: pub ampere/q11dev/debug/log @ 0 (116) -> 0
13:17:49 ampere/q11dev/debug/log apq11dev-543204516334 487 1790680676.411 2|shos_mqtt_conn.c:465    MQTT0: pub ampere/q11dev/debug/log @ 0 (116) -> 0
13:17:49 ampere/q11dev/debug/log apq11dev-543204516334 488 1790680676.459 2|shos_mqtt_conn.c:465    MQTT0: pub ampere/q11dev/debug/log @ 0 (116) -> 0
13:17:49 ampere/q11dev/debug/log apq11dev-543204516334 489 1790680676.463 2|shos_mqtt_conn.c:465    MQTT0: pub ampere/q11dev/debug/log @ 0 (116) -> 0
13:17:49 ampere/q11dev/debug/log apq11dev-543204516334 490 1790680676.467 2|shos_mqtt_conn.c:465    MQTT0: pub ampere/q11dev/debug/log @ 0 (116) -> 0
13:17:49 ampere/q11dev/debug/log apq11dev-543204516334 491 1790680676.472 2|shos_mqtt_conn.c:465    MQTT0: pub ampere/q11dev/debug/log @ 0 (116) -> 0
13:17:50 ampere/q11dev/debug/log apq11dev-543204516334 492 1790680676.532 2|shos_mqtt_conn.c:465    MQTT0: pub ampere/q11dev/debug/log @ 0 (116) -> 0
13:17:50 ampere/q11dev/debug/log apq11dev-543204516334 493 1790680676.536 2|shos_mqtt_conn.c:465    MQTT0: pub ampere/q11dev/debug/log @ 0 (116) -> 0
13:17:50 ampere/q11dev/debug/log apq11dev-543204516334 494 1790680676.540 2|shos_mqtt_conn.c:465    MQTT0: pub ampere/q11dev/debug/log @ 0 (116) -> 0
13:17:50 ampere/q11dev/debug/log apq11dev-543204516334 495 1790680676.545 2|shos_mqtt_conn.c:465    MQTT0: pub ampere/q11dev/debug/log @ 0 (116) -> 0
13:17:50 ampere/q11dev/debug/log apq11dev-543204516334 496 1790680676.594 2|shos_mqtt_conn.c:465    MQTT0: pub ampere/q11dev/debug/log @ 0 (116) -> 0
13:17:50 ampere/q11dev/debug/log apq11dev-543204516334 497 1790680676.599 2|shos_mqtt_conn.c:465    MQTT0: pub ampere/q11dev/debug/log @ 0 (116) -> 0
13:17:50 ampere/q11dev/debug/log apq11dev-543204516334 498 1790680676.603 2|shos_mqtt_conn.c:465    MQTT0: pub ampere/q11dev/debug/log @ 0 (116) -> 0
13:17:50 ampere/q11dev/debug/log apq11dev-543204516334 499 1790680676.607 2|shos_mqtt_conn.c:465    MQTT0: pub ampere/q11dev/debug/log @ 0 (116) -> 0
13:17:50 ampere/q11dev/debug/log apq11dev-543204516334 500 1790680676.655 2|shos_mqtt_conn.c:465    MQTT0: pub ampere/q11dev/debug/log @ 0 (116) -> 0
13:17:50 ampere/q11dev/debug/log apq11dev-543204516334 501 1790680676.659 2|shos_mqtt_conn.c:465    MQTT0: pub ampere/q11dev/debug/log @ 0 (116) -> 0
13:17:50 ampere/q11dev/debug/log apq11dev-543204516334 502 1790680676.663 2|shos_mqtt_conn.c:465    MQTT0: pub ampere/q11dev/debug/log @ 0 (116) -> 0
13:17:50 ampere/q11dev/debug/log apq11dev-543204516334 503 1790680676.668 2|shos_mqtt_conn.c:465    MQTT0: pub ampere/q11dev/debug/log @ 0 (116) -> 0
13:17:50 ampere/q11dev/debug/log apq11dev-543204516334 504 1790680676.733 2|shos_mqtt_conn.c:465    MQTT0: pub ampere/q11dev/debug/log @ 0 (116) -> 0
13:17:50 ampere/q11dev/debug/log apq11dev-543204516334 505 1790680676.738 2|shos_mqtt_conn.c:465    MQTT0: pub ampere/q11dev/debug/log @ 0 (116) -> 0
13:17:50 ampere/q11dev/debug/log apq11dev-543204516334 506 1790680676.742 2|shos_mqtt_conn.c:465    MQTT0: pub ampere/q11dev/debug/log @ 0 (116) -> 0
13:17:50 ampere/q11dev/debug/log apq11dev-543204516334 507 1790680676.747 2|esp32xx_wifi_if.cpp:234 PK check: link 1 gw 1 UC 660 MC 428 ctr 16/105 ping 0 num_act 0
13:17:50 ampere/q11dev/debug/log apq11dev-543204516334 508 1790680676.813 2|shos_mqtt_conn.c:465    MQTT0: pub ampere/q11dev/debug/log @ 0 (116) -> 0
13:17:50 ampere/q11dev/debug/log apq11dev-543204516334 509 1790680676.817 2|shos_mqtt_conn.c:465    MQTT0: pub ampere/q11dev/debug/log @ 0 (116) -> 0
13:17:50 ampere/q11dev/debug/log apq11dev-543204516334 510 1790680676.821 2|hos_http_server.cpp:288 0x3fcca4d0: HTTP connection from 192.168.0.57:51030 via ws0
13:17:50 ampere/q11dev/debug/log apq11dev-543204516334 511 1790680676.825 2|shos_mqtt_conn.c:465    MQTT0: pub ampere/q11dev/debug/log @ 0 (116) -> 0
13:17:50 ampere/q11dev/debug/log apq11dev-543204516334 512 1790680676.945 2|shos_rpc_inst.c:539     0x3fcc74e0 '' HTTP_in
13:17:50 ampere/q11dev/debug/log apq11dev-543204516334 513 1790680676.950 2|shos_rpc_inst.c:438     0x3fcc74e0 CHAN OPEN (HTTP_in POST from 192.168.0.57:51030 via ws0)
13:17:50 ampere/q11dev/debug/log apq11dev-543204516334 514 1790680676.954 2|shos_rpc_inst.c:452     0x3fcc74e0 GOT FRAME (33): {"id":2,"method":"Shelly.Reboot"}
13:17:50 ampere/q11dev/debug/log apq11dev-543204516334 515 1790680676.958 2|shos_rpc_inst.c:331     '2' '' '' 'Shelly.Reboot'
13:17:50 ampere/q11dev/events/rpc {"src":"apq11dev-543204516334","dst":"ampere/q11dev/events","method":"NotifyEvent","params":{"ts":1790680676.99,"events":[{"component":"sys", "event":"scheduled_restart", "time_ms": 890, "ts":1790680676.99}]}}
13:17:50 ampere/q11dev/debug/log apq11dev-543204516334 516 1790680677.274 2|helly_ejs_event.cpp:114 notifying for event: {"component":"sys", "event":"scheduled_restart", "time_ms": 890, "ts":1790680676.99}
13:17:50 ampere/q11dev/debug/log apq11dev-543204516334 517 1790680677.280 2|y_notifications.cpp:213 Event from sys: {"component":"sys", "event":"scheduled_restart", "time_ms": 890, "ts":1790680676.99}
13:17:50 ampere/q11dev/debug/log apq11dev-543204516334 518 1790680677.394 2|shos_mqtt_conn.c:465    MQTT0: pub ampere/q11dev/debug/log @ 0 (130) -> 0
13:17:50 ampere/q11dev/debug/log apq11dev-543204516334 519 1790680677.398 2|shos_mqtt_conn.c:465    MQTT0: pub ampere/q11dev/debug/log @ 0 (116) -> 0
13:17:50 ampere/q11dev/debug/log apq11dev-543204516334 520 1790680677.402 2|shos_mqtt_conn.c:465    MQTT0: pub ampere/q11dev/debug/log @ 0 (116) -> 0
13:17:50 ampere/q11dev/debug/log apq11dev-543204516334 521 1790680677.406 2|shos_mqtt_conn.c:465    MQTT0: pub ampere/q11dev/debug/log @ 0 (126) -> 0
13:17:50 ampere/q11dev/debug/log apq11dev-543204516334 522 1790680677.460 2|shos_mqtt_conn.c:465    MQTT0: pub ampere/q11dev/debug/log @ 0 (116) -> 0
13:17:50 ampere/q11dev/debug/log apq11dev-543204516334 523 1790680677.464 2|shos_mqtt_conn.c:465    MQTT0: pub ampere/q11dev/debug/log @ 0 (88) -> 0
13:17:50 ampere/q11dev/debug/log apq11dev-543204516334 524 1790680677.469 2|shos_mqtt_conn.c:465    MQTT0: pub ampere/q11dev/debug/log @ 0 (134) -> 0
13:17:50 ampere/q11dev/debug/log apq11dev-543204516334 525 1790680677.473 2|shos_mqtt_conn.c:465    MQTT0: pub ampere/q11dev/debug/log @ 0 (127) -> 0
13:17:50 ampere/q11dev/debug/log apq11dev-543204516334 526 1790680677.477 2|shos_mqtt_conn.c:465    MQTT0: pub ampere/q11dev/debug/log @ 0 (92) -> -1
13:17:51 ampere/q11dev/online false
13:18:15 ampere/q11dev/online true
13:18:15 ampere/q11dev/status/ble {"addr":"54:32:04:51:63:36,p","flags":["advertising"]}
13:18:15 ampere/q11dev/status/boolean:200 {"value":true,"source":"sys","last_update_ts":1790594452}
13:18:15 ampere/q11dev/status/bthome {}
13:18:15 ampere/q11dev/status/cloud {"connected":false}
13:18:15 ampere/q11dev/status/enum:200 {"value":"charger_free","source":"","last_update_ts":0}
13:18:15 ampere/q11dev/status/enum:201 {"value":"controlpi_12v","source":"sys","last_update_ts":1790594452}
13:18:15 ampere/q11dev/status/enum:202 {"value":"charge_energy","source":"sys","last_update_ts":1790594452}
13:18:15 ampere/q11dev/status/modbus {}
13:18:15 ampere/q11dev/status/mqtt {"connected":true}
13:18:15 ampere/q11dev/status/number:200 {"value":6,"source":"rpc","last_update_ts":1790676238}
13:18:15 ampere/q11dev/status/number:201 {"value":0,"source":"","last_update_ts":0}
13:18:15 ampere/q11dev/status/number:202 {"value":0,"source":"","last_update_ts":0}
13:18:15 ampere/q11dev/status/number:203 {"value":0,"source":"","last_update_ts":0}
13:18:15 ampere/q11dev/status/number:204 {"value":0,"source":"","last_update_ts":0}
13:18:15 ampere/q11dev/status/number:205 {"value":22,"source":"sys","last_update_ts":1790594452}
13:18:16 ampere/q11dev/status/number:206 {"value":0,"source":"","last_update_ts":0}
13:18:16 ampere/q11dev/status/number:207 {"value":2,"source":"sys","last_update_ts":1790594452}
13:18:16 ampere/q11dev/status/object:200 {"value":{"phase_a":{"voltage":0,"current":0,"power":0},"phase_b":{"voltage":0,"current":0,"power":0},"phase_c":{"voltage":0,"current":0,"power":0},"total_current":0,"total_power":0,"total_act_energy":0,"counter":{"total":0,"minute_ts":1790594400,"by_minute":[0,0,0]}},"source":"sys","last_update_ts":1790594448}
13:18:16 ampere/q11dev/status/service:0 {"etag":"55b1a6198d3a9d6d715cd480c0fe6e4e","state":"running","dev_mode":true,"stats":{"mem":1503,"mem_peak":1598},"errors":["work_mode: tryb \"do limitu energii\" wymaga limitu wiekszego od 0; ustaw limit, sterownik sam przejdzie w ten tryb, nie wysylam"],"files":{"code":{"sha256":"6d26913301e978c2c92d04d430592d12806a46e6d552ae9b882df4a20314e386"},"manifest":{"sha256":"38558f2368be8168135fa1f6493fc70bf877090b57d1557ad540d73be6ab9b44"},"ui":{"sha256":"8ba525eff60a93fbb68425d63abcdff8ef27b728f65819d9066453292fffa101"}}}
13:18:16 ampere/q11dev/status/sys {"mac":"543204516334","restart_required":false,"time":null,"unixtime":null,"last_sync_ts":null,"uptime":24,"ram_size":276496,"ram_free":85496,"ram_min_free":83140,"fs_size":917504,"fs_free":352256,"cfg_rev":96,"kvs_rev":0,"schedule_rev":0,"webhook_rev":0,"btrelay_rev":0,"bthc_rev":0,"available_updates":{},"reset_reason":3,"backup":{},"default_config":{"exists":false},"utc_offset":7200}
13:18:16 ampere/q11dev/status/text:200 {"value":"","source":"","last_update_ts":0}
13:18:16 ampere/q11dev/status/text:201 {"value":"none","source":"sys","last_update_ts":1790594452}
13:18:16 ampere/q11dev/status/wifi {"sta_ip":"192.168.0.238","status":"got ip","ssid":"AmperePoint","channel":11,"rssi":-57,"bssid":"ae:9c:6c:cc:eb:a8","sta_ip6":["fe80::5632:4ff:fe51:6334"]}
13:18:16 ampere/q11dev/status/ws {"connected":false}
13:18:16 ampere/q11dev/status/mqtt {"connected":true}
13:18:16 ampere/q11dev/events/rpc {"src":"apq11dev-543204516334","dst":"ampere/q11dev/events","method":"NotifyFullStatus","params":{"ts":1790594455.62,"ble":{"addr":"54:32:04:51:63:36,p","flags":["advertising"]},"bthome":{},"cloud":{"connected":false},"modbus":{},"mqtt":{"connected":true},"service:0":{"etag":"55b1a6198d3a9d6d715cd480c0fe6e4e","state":"running","dev_mode":true,"stats":{"mem":1503,"mem_peak":1598},"errors":["work_mode: tryb \"do limitu energii\" wymaga limitu wiekszego od 0; ustaw limit, sterownik sam przejdzie w ten tryb, nie wysylam"],"files":{"code":{"sha256":"6d26913301e978c2c92d04d430592d12806a46e6d552ae9b882df4a20314e386"},"manifest":{"sha256":"38558f2368be8168135fa1f6493fc70bf877090b57d1557ad540d73be6ab9b44"},"ui":{"sha256":"8ba525eff60a93fbb68425d63abcdff8ef27b728f65819d9066453292fffa101"}}},"sys":{"mac":"543204516334","restart_required":false,"time":null,"unixtime":null,"last_sync_ts":null,"uptime":24,"ram_size":276724,"ram_free":87328,"ram_min_free":85252,"fs_size":917504,"fs_free":352256,"cfg_rev":96,"kvs_rev":0,"schedule_rev":0,"webhook_rev":0,"btrelay_rev":0,"bthc_rev":0,"available_updates":{},"reset_reason":3,"backup":{},"default_config":{"exists":false},"utc_offset":7200},"wifi":{"sta_ip":"192.168.0.238","status":"got ip","ssid":"AmperePoint","channel":11,"rssi":-58,"bssid":"ae:9c:6c:cc:eb:a8","sta_ip6":["fe80::5632:4ff:fe51:6334"]},"ws":{"connected":false}}}
13:18:16 ampere/q11dev/events/rpc {"src":"apq11dev-543204516334","dst":"ampere/q11dev/events","method":"NotifyStatus","params":{"ts":1790594455.62,"mqtt":{"connected":true}}}
13:18:16 ampere/q11dev/events/rpc {"src":"apq11dev-543204516334","dst":"ampere/q11dev/events","method":"NotifyStatus","params":{"ts":1790680703.93,"sys":{"last_sync_ts":1790680703}}}
13:18:16 ampere/q11dev/status/sys {"mac":"543204516334","restart_required":false,"time":"13:18","unixtime":1790680704,"last_sync_ts":1790680703,"uptime":25,"ram_size":276412,"ram_free":76796,"ram_min_free":72292,"fs_size":917504,"fs_free":352256,"cfg_rev":96,"kvs_rev":0,"schedule_rev":0,"webhook_rev":0,"btrelay_rev":0,"bthc_rev":0,"available_updates":{},"reset_reason":3,"backup":{},"default_config":{"exists":false},"utc_offset":7200}
13:18:16 ampere/q11dev/status/sys {"mac":"543204516334","restart_required":false,"time":"13:18","unixtime":1790680704,"last_sync_ts":1790680703,"uptime":25,"ram_size":276400,"ram_free":76232,"ram_min_free":72292,"fs_size":917504,"fs_free":352256,"cfg_rev":96,"kvs_rev":0,"schedule_rev":0,"webhook_rev":0,"btrelay_rev":0,"bthc_rev":0,"available_updates":{},"reset_reason":3,"backup":{},"default_config":{"exists":false},"utc_offset":7200}
13:18:16 ampere/q11dev/events/rpc {"src":"apq11dev-543204516334","dst":"ampere/q11dev/events","method":"NotifyStatus","params":{"ts":1790680703.93,"sys":{"time":"13:18","unixtime":1790680703}}}
13:18:16 ampere/q11dev/debug/log apq11dev-543204516334 267 1790680704.654 2|shos_mqtt_conn.c:465    MQTT0: pub ampere/q11dev/status/number:207 @ 1 (54) -> 0
13:18:16 ampere/q11dev/debug/log apq11dev-543204516334 268 1790680704.659 2|shos_mqtt_conn.c:465    MQTT0: pub ampere/q11dev/status/object:200 @ 1 (312) -> 0
13:18:16 ampere/q11dev/debug/log apq11dev-543204516334 269 1790680704.663 2|shos_mqtt_conn.c:465    MQTT0: pub ampere/q11dev/status/service:0 @ 1 (523) -> 0
13:18:16 ampere/q11dev/debug/log apq11dev-543204516334 270 1790680704.667 2|shos_mqtt_conn.c:465    MQTT0: pub ampere/q11dev/status/sys @ 1 (388) -> 0
13:18:16 ampere/q11dev/debug/log apq11dev-543204516334 271 1790680704.671 2|shos_mqtt_conn.c:465    MQTT0: pub ampere/q11dev/status/text:200 @ 1 (43) -> 0
13:18:16 ampere/q11dev/debug/log apq11dev-543204516334 272 1790680704.675 2|shos_mqtt_conn.c:465    MQTT0: pub ampere/q11dev/status/text:201 @ 1 (59) -> 0
13:18:17 ampere/q11dev/debug/log apq11dev-543204516334 273 1790680704.679 2|shos_mqtt_conn.c:465    MQTT0: pub ampere/q11dev/status/wifi @ 1 (156) -> 0
13:18:17 ampere/q11dev/debug/log apq11dev-543204516334 274 1790680704.683 2|shos_mqtt_conn.c:465    MQTT0: pub ampere/q11dev/status/ws @ 1 (19) -> 0
13:18:17 ampere/q11dev/debug/log apq11dev-543204516334 275 1790680704.687 2|shos_mqtt_conn.c:465    MQTT0: pub ampere/q11dev/status/mqtt @ 1 (18) -> 0
13:18:17 ampere/q11dev/debug/log apq11dev-543204516334 276 1790680704.692 2|shos_mqtt_conn.c:465    MQTT0: pub ampere/q11dev/events/rpc @ 1 (1377) -> 0
13:18:17 ampere/q11dev/debug/log apq11dev-543204516334 277 1790680704.822 2|hos_http_server.cpp:754 0x3fccc360: Switching to WebSockets
13:18:18 ampere/q11dev/debug/log apq11dev-543204516334 278 1790680704.826 2|shos_rpc_inst.c:539     0x3fcc8be4 '' WS_in
13:18:18 ampere/q11dev/debug/log apq11dev-543204516334 279 1790680704.830 2|shos_rpc_inst.c:438     0x3fcc8be4 CHAN OPEN (WS_in from 192.168.0.57:64109 via ws0)
13:18:18 ampere/q11dev/debug/log apq11dev-543204516334 280 1790680704.834 2|shos_mqtt_conn.c:465    MQTT0: pub ampere/q11dev/events/rpc @ 1 (159) -> 0
13:18:18 ampere/q11dev/debug/log apq11dev-543204516334 281 1790680704.838 2|shos_mqtt_conn.c:465    MQTT0: pub ampere/q11dev/debug/log @ 0 (123) -> 0
13:18:18 ampere/q11dev/debug/log apq11dev-543204516334 282 1790680704.843 2|shos_mqtt_conn.c:185    MQTT0: sub shellies/command @ 1 -> 0
13:18:18 ampere/q11dev/debug/log apq11dev-543204516334 283 1790680704.848 2|shos_mqtt_conn.c:465    MQTT0: pub ampere/q11dev/debug/log @ 0 (124) -> 0
13:18:18 ampere/q11dev/debug/log apq11dev-543204516334 284 1790680704.853 2|shos_mqtt_conn.c:465    MQTT0: pub ampere/q11dev/debug/log @ 0 (123) -> 0
13:18:18 ampere/q11dev/debug/log apq11dev-543204516334 285 1790680704.857 2|shos_mqtt_conn.c:465    MQTT0: pub ampere/q11dev/debug/log @ 0 (117) -> 0
13:18:18 ampere/q11dev/debug/log apq11dev-543204516334 286 1790680704.861 2|shos_mqtt_conn.c:465    MQTT0: pub ampere/q11dev/debug/log @ 0 (121) -> 0
13:18:18 ampere/q11dev/debug/log apq11dev-543204516334 287 1790680705.050 2|shos_rpc_inst.c:452     0x3fcc8be4 GOT FRAME (100): {"id":65,"method":"Shelly.GetDeviceInfo","src":"aios-126644823254960","dst":"apq11dev-543204516334"}
13:18:18 ampere/q11dev/debug/log apq11dev-543204516334 288 1790680705.055 2|shos_rpc_inst.c:331     '65' 'aios-126644823254960' 'apq11dev-543204516334' 'Shelly.GetDeviceInfo'
13:18:19 ampere/q11dev/debug/log apq11dev-543204516334 289 1790680705.061 2|shos_rpc_inst.c:241     Shelly.GetDeviceInfo [65@aios-126644823254960] via WS_in from 192.168.0.57:64109 via ws0
13:18:19 ampere/q11dev/debug/log apq11dev-543204516334 290 1790680706.064 2|shos_vfs.c:295          / -> / pl 1 -> 1 0x3fca5bc0 (refs 2)
13:18:19 ampere/q11dev/debug/log apq11dev-543204516334 291 1790680706.071 2|ns_sd_responder.cpp:411 ws(0x3fcde634): Announce 2 apq11dev-543204516334.local any@any (fe80::5632:4ff:fe51:6334)
13:18:19 ampere/q11dev/debug/log apq11dev-543204516334 292 1790680706.076 2|ns_sd_responder.cpp:236 ws(0x3fcde634): Announced apq11dev-543204516334.local any@any (fe80::5632:4ff:fe51:6334)
13:18:19 ampere/q11dev/debug/log apq11dev-543204516334 293 1790680706.131 2|shos_rpc_inst.c:703     QUEUED FRAME (1353): {"id":67,"src":"apq11dev-543204516334","dst":"aios-126644823254960","result":{"ble":{"addr":"54:32:04:51:63:36,p","flags":["advertising"]},"bthome":{},"cloud":{"connected":false},"modbus":{},"mqtt":{"connected":true},"service:0":{"etag":"55b1a6198d3a9d6d715cd480c0fe6e4e","state":"running","dev_mode":true,"stats":{"mem":1503,"mem_peak":1598},"errors":["work_mode: tryb \"do limitu energii\" wymaga limitu wiekszego od 0; ustaw limit, sterownik sam przejdzie w ten tryb, nie wysylam"],"files":{"code":{"sha256":"6d26913301e978c2c92d04d430592d12806a46e6d552ae9b882df4a20314e386"},"manifest":{"sha256":"38558f2368be8168135fa1f6493fc70bf877090b57d1557ad540d73be6ab9b44"},"ui":{"sha256":"8ba525eff60a93fbb68425d63abcdff8ef27b728f65819d9066453292fffa101"}}},"sys":{"mac":"543204516334","restart_required":false,"time":"13:18","unixtime":1790680705,"last_sync_ts":1790680703,"uptime":26,"ram_size":276324,"ram_free":70792,"ram_min_free":68712,"fs_size":917504,"fs_free":352256,"cfg_rev":96,"kvs_rev":0,"schedule_rev":0,"webhook_rev":0,"btrelay_rev":0,"bthc_rev":0,"available_updates":{},"reset_reason":3,"backup":{},"default_config":{"exists":false},"utc_offset":7200},"wifi":{"sta_ip":"192.168.0.238","status":"got ip","ssid":"AmperePoint","channel":11,"rssi":-58,"bssid":"ae:9c:6c:cc:eb:a8","sta_ip6":["fe80::5632:4ff:fe51:6334"]},"ws":{"connected":false}}}
13:18:19 ampere/q11dev/debug/log apq11dev-543204516334 294 1790680707.331 2|shos_rpc_inst.c:452     0x3fcc8be4 GOT FRAME (142): {"id":69,"method":"Shelly.GetComponents","src":"aios-126644823254960","params":{"dynamic_only":true,"offset":5},"dst":"apq11dev-543204516334"}
13:18:19 ampere/q11dev/debug/log apq11dev-543204516334 295 1790680707.336 2|shos_rpc_inst.c:331     '69' 'aios-126644823254960' 'apq11dev-543204516334' 'Shelly.GetComponents'
13:18:19 ampere/q11dev/debug/log apq11dev-543204516334 296 1790680707.341 2|shos_rpc_inst.c:241     Shelly.GetComponents [69@aios-126644823254960] via WS_in from 192.168.0.57:64109 via ws0
13:18:19 ampere/q11dev/debug/log apq11dev-543204516334 297 1790680707.462 2|shos_rpc_inst.c:683     0x3fcc8be4 SEND FRAME (2430): {"id":69,"src":"apq11dev-543204516334","dst":"aios-126644823254960","result":{"components":[{"key":"number:201","status":{"value":0,"source":"","last_update_ts":0},"config":{"id":201,"name":"Session duration","min":0,"max":50000,"meta":{"cloud":["log"],"ui":{"view":"label","unit":"min"}},"persisted":false,"default_value":0},"attrs":{"access":"cr","owner":"service:0","role":"session_duration"}},{"key":"number:202","status":{"value":0,"source":"","last_update_ts":0},"config":{"id":202,"name":"Session energy","min":0,"max":9999999999,"meta":{"cloud":["log"],"ui":{"view":"label","unit":"kWh"}},"persisted":false,"default_value":0},"attrs":{"access":"cr","owner":"service:0","role":"session_energy"}},{"key":"number:203","status":{"value":0,"source":"","last_update_ts":0},"config":{"id":203,"name":"Energy limit","min":0,"max":200,"meta":{"portal_managed":true,"cloud":["log"],"ui":{"view":"slider","step":1,"unit":"kWh"}},"persisted":false,"default_value":0},"attrs":{"access":"crw","owner":"service:0","role":"energy_limit"}},{"key":"number:204","status":{"value":0,"source":"","last_update_ts":0},"config":{"id":204,"name":"Last session energy","min":0,"max":9999999,"meta":{"portal_managed":true,"cloud":["log"],"ui":{"view":"slider","step":0.01,"unit":"kWh"}},"persisted":false,"default_value":0},"attrs":{"access":"cr","owner":"service:0","role":"last_session_energy"}},{"key":"number:205","status":{"value":22,"source":"sys","last_update_ts":1790594452},"config":{"id":205,"name":"Temperature","min":-40,"max":200,"meta":{"portal_managed":true,"cloud":["log"],"ui":{"view":"slider","step":1,"unit":"°C"}},"persisted":false,"default_value":0},"attrs":{"access":"cr","owner":"service:0","role":"temperature"}},{"key":"number:206","status":{"value":0,"source":"","last_update_ts":0},"config":{"id":206,"name":"Charging window to","min":0,"max":23,"meta":{"portal_managed":true,"cloud":["log"],"ui":{"view":"slider","step":1,"unit":"h"}},"persisted":false,"default_value":0},"attrs":{"access":"crw","owner":"service:0","role":"window_end"}},{"key":"number:207","status":{"value":2,"source":"sys","last_update_ts":1790594452},"config":{"id":207,"name":"Charging window from","min":0,"max":23,"meta":{"portal_managed":true,"cloud":["log"],"ui":{"view":"slider","step":1,"unit":"h"}},"persisted":false,"default_value":0},"attrs":{"access":"crw","owner":"service:0","role":"window_start"}}],"cfg_rev":96,"offset":5,"total":15}} -> 1
13:18:19 ampere/q11dev/debug/log apq11dev-543204516334 298 1790680707.714 2|shos_rpc_inst.c:452     0x3fcc8be4 GOT FRAME (143): {"id":70,"method":"Shelly.GetComponents","src":"aios-126644823254960","params":{"dynamic_only":true,"offset":12},"dst":"apq11dev-543204516334"}
13:18:19 ampere/q11dev/debug/log apq11dev-543204516334 299 1790680707.719 2|shos_rpc_inst.c:331     '70' 'aios-126644823254960' 'apq11dev-543204516334' 'Shelly.GetComponents'
13:18:19 ampere/q11dev/debug/log apq11dev-543204516334 300 1790680707.724 2|shos_rpc_inst.c:241     Shelly.GetComponents [70@aios-126644823254960] via WS_in from 192.168.0.57:64109 via ws0
13:18:19 ampere/q11dev/debug/log apq11dev-543204516334 301 1790680707.779 2|shos_rpc_inst.c:683     0x3fcc8be4 SEND FRAME (1241): {"id":70,"src":"apq11dev-543204516334","dst":"aios-126644823254960","result":{"components":[{"key":"object:200","status":{"value":{"phase_a":{"voltage":0,"current":0,"power":0},"phase_b":{"voltage":0,"current":0,"power":0},"phase_c":{"voltage":0,"current":0,"power":0},"total_current":0,"total_power":0,"total_act_energy":0,"counter":{"total":0,"minute_ts":1790594400,"by_minute":[0,0,0]}},"source":"sys","last_update_ts":1790594448},"config":{"id":200,"name":"Consumption","meta":{"cloud":["bymin"],"ui":{"unit":"kWh"}}},"attrs":{"access":"cr","owner":"service:0","role":"phase_info"}},{"key":"text:200","status":{"value":"","source":"","last_update_ts":0},"config":{"id":200,"name":"Controller version","max_len":255,"meta":{"portal_managed":true,"cloud":["log"],"ui":{"view":"field"}},"persisted":false,"default_value":""},"attrs":{"access":"cr","owner":"service:0","role":"controller_version"}},{"key":"text:201","status":{"value":"none","source":"sys","last_update_ts":1790594452},"config":{"id":201,"name":"Faults","max_len":255,"meta":{"portal_managed":true,"cloud":["log"],"ui":{"view":"field"}},"persisted":false,"default_value":""},"attrs":{"access":"cr","owner":"service:0","role":"faults"}}],"cfg_rev":96,"offset":12,"total":15}} -> 1
13:18:19 ampere/q11dev/debug/log apq11dev-543204516334 302 1790680707.822 2|shos_rpc_inst.c:479     0x3fcc8be4 FRAME SENT (1)
13:18:19 ampere/q11dev/debug/log apq11dev-543204516334 303 1790680707.826 2|shos_mqtt_conn.c:465    MQTT0: pub ampere/q11dev/debug/log @ 0 (238) -> 0
13:18:19 ampere/q11dev/debug/log apq11dev-543204516334 304 1790680707.861 2|shos_mqtt_conn.c:465    MQTT0: pub ampere/q11dev/debug/log @ 0 (92) -> 0
13:18:19 ampere/q11dev/debug/log apq11dev-543204516334 305 1790680707.865 2|shos_mqtt_conn.c:465    MQTT0: pub ampere/q11dev/debug/log @ 0 (116) -> 0
13:18:19 ampere/q11dev/debug/log apq11dev-543204516334 306 1790680707.885 2|shos_mqtt_conn.c:465    MQTT0: pub ampere/q11dev/debug/log @ 0 (115) -> 0
13:18:19 ampere/q11dev/debug/log apq11dev-543204516334 307 1790680707.889 2|shos_mqtt_conn.c:465    MQTT0: pub ampere/q11dev/debug/log @ 0 (116) -> 0
13:18:19 ampere/q11dev/debug/log apq11dev-543204516334 308 1790680707.901 2|shos_mqtt_conn.c:465    MQTT0: pub ampere/q11dev/debug/log @ 0 (116) -> -1
13:18:19 ampere/q11dev/debug/log apq11dev-543204516334 309 1790680707.932 2|shos_mqtt_conn.c:465    MQTT0: pub ampere/q11dev/debug/log @ 0 (116) -> 0
13:18:20 ampere/q11dev/debug/log apq11dev-543204516334 310 1790680707.936 2|shos_mqtt_conn.c:465    MQTT0: pub ampere/q11dev/debug/log @ 0 (116) -> 0
13:18:20 ampere/q11dev/debug/log apq11dev-543204516334 311 1790680707.940 2|shos_mqtt_conn.c:465    MQTT0: pub ampere/q11dev/debug/log @ 0 (117) -> 0
13:18:20 ampere/q11dev/debug/log apq11dev-543204516334 312 1790680707.959 2|shos_mqtt_conn.c:465    MQTT0: pub ampere/q11dev/debug/log @ 0 (116) -> 0
13:18:20 ampere/q11dev/debug/log apq11dev-543204516334 313 1790680707.963 2|shos_mqtt_conn.c:465    MQTT0: pub ampere/q11dev/debug/log @ 0 (116) -> -1
13:18:20 ampere/q11dev/debug/log apq11dev-543204516334 314 1790680707.976 2|shos_mqtt_conn.c:465    MQTT0: pub ampere/q11dev/debug/log @ 0 (116) -> -1
13:18:20 ampere/q11dev/debug/log apq11dev-543204516334 315 1790680708.020 2|shos_mqtt_conn.c:465    MQTT0: pub ampere/q11dev/debug/log @ 0 (116) -> 0
13:18:20 ampere/q11dev/debug/log apq11dev-543204516334 316 1790680708.024 2|shos_mqtt_conn.c:465    MQTT0: pub ampere/q11dev/debug/log @ 0 (116) -> 0
13:18:20 ampere/q11dev/debug/log apq11dev-543204516334 317 1790680708.028 2|shos_mqtt_conn.c:465    MQTT0: pub ampere/q11dev/debug/log @ 0 (116) -> 0
13:18:20 ampere/q11dev/debug/log apq11dev-543204516334 318 1790680708.032 2|shos_mqtt_conn.c:465    MQTT0: pub ampere/q11dev/debug/log @ 0 (117) -> 0
13:18:20 ampere/q11dev/debug/log apq11dev-543204516334 319 1790680708.037 2|shos_mqtt_conn.c:465    MQTT0: pub ampere/q11dev/debug/log @ 0 (117) -> -1
13:18:20 ampere/q11dev/debug/log apq11dev-543204516334 320 1790680708.098 2|esp32xx_wifi_if.cpp:234 PK check: link 1 gw 1 UC 104 MC 26 ctr 2/105 ping 0 num_act 0
13:18:20 ampere/q11dev/debug/log apq11dev-543204516334 321 1790680708.102 2|hos_lwip_eth_if.cpp:513 ws(0x3fcde634): Status: server 0 oper_up 1 link_up 1/1 hf 84192
13:18:20 ampere/q11dev/debug/log apq11dev-543204516334 322 1790680708.106 2|shos_mqtt_conn.c:465    MQTT0: pub ampere/q11dev/debug/log @ 0 (117) -> 0
13:18:20 ampere/q11dev/debug/log apq11dev-543204516334 323 1790680708.110 2|shos_mqtt_conn.c:465    MQTT0: pub ampere/q11dev/debug/log @ 0 (116) -> 0
13:18:20 ampere/q11dev/debug/log apq11dev-543204516334 324 1790680708.114 2|shos_mqtt_conn.c:465    MQTT0: pub ampere/q11dev/debug/log @ 0 (116) -> 0
13:18:20 ampere/q11dev/debug/log apq11dev-543204516334 325 1790680708.119 2|shos_mqtt_conn.c:465    MQTT0: pub ampere/q11dev/debug/log @ 0 (116) -> 0
13:18:20 ampere/q11dev/debug/log apq11dev-543204516334 326 1790680708.123 2|shos_mqtt_conn.c:465    MQTT0: pub ampere/q11dev/debug/log @ 0 (116) -> -1
13:18:20 ampere/q11dev/debug/log apq11dev-543204516334 327 1790680708.167 2|shos_mqtt_conn.c:465    MQTT0: pub ampere/q11dev/debug/log @ 0 (116) -> 0
13:18:20 ampere/q11dev/debug/log apq11dev-543204516334 328 1790680708.171 2|shos_mqtt_conn.c:465    MQTT0: pub ampere/q11dev/debug/log @ 0 (117) -> 0
13:18:20 ampere/q11dev/debug/log apq11dev-543204516334 329 1790680708.175 2|shos_mqtt_conn.c:465    MQTT0: pub ampere/q11dev/debug/log @ 0 (128) -> 0
13:18:20 ampere/q11dev/debug/log apq11dev-543204516334 330 1790680708.180 2|shos_mqtt_conn.c:465    MQTT0: pub ampere/q11dev/debug/log @ 0 (130) -> 0
13:18:20 ampere/q11dev/debug/log apq11dev-543204516334 331 1790680708.184 2|shos_mqtt_conn.c:465    MQTT0: pub ampere/q11dev/debug/log @ 0 (116) -> -1
13:18:20 ampere/q11dev/debug/log apq11dev-543204516334 332 1790680708.228 2|shos_mqtt_conn.c:465    MQTT0: pub ampere/q11dev/debug/log @ 0 (116) -> 0
13:18:20 ampere/q11dev/debug/log apq11dev-543204516334 333 1790680708.232 2|shos_mqtt_conn.c:465    MQTT0: pub ampere/q11dev/debug/log @ 0 (116) -> 0
13:18:20 ampere/q11dev/debug/log apq11dev-543204516334 334 1790680708.237 2|shos_mqtt_conn.c:465    MQTT0: pub ampere/q11dev/debug/log @ 0 (116) -> 0
13:18:20 ampere/q11dev/debug/log apq11dev-543204516334 335 1790680708.242 2|shos_mqtt_conn.c:465    MQTT0: pub ampere/q11dev/debug/log @ 0 (116) -> 0
13:18:20 ampere/q11dev/debug/log apq11dev-543204516334 336 1790680708.246 2|shos_mqtt_conn.c:465    MQTT0: pub ampere/q11dev/debug/log @ 0 (117) -> -1
13:18:20 ampere/q11dev/debug/log apq11dev-543204516334 337 1790680708.259 2|shos_mqtt_conn.c:465    MQTT0: pub ampere/q11dev/debug/log @ 0 (117) -> -1
13:18:20 ampere/q11dev/debug/log apq11dev-543204516334 338 1790680708.272 2|shos_mqtt_conn.c:465    MQTT0: pub ampere/q11dev/debug/log @ 0 (117) -> -1
13:18:20 ampere/q11dev/debug/log apq11dev-543204516334 339 1790680708.316 2|shos_mqtt_conn.c:465    MQTT0: pub ampere/q11dev/debug/log @ 0 (117) -> 0
13:18:20 ampere/q11dev/debug/log apq11dev-543204516334 340 1790680708.320 2|shos_mqtt_conn.c:465    MQTT0: pub ampere/q11dev/debug/log @ 0 (116) -> 0
13:18:20 ampere/q11dev/debug/log apq11dev-543204516334 341 1790680708.324 2|shos_mqtt_conn.c:465    MQTT0: pub ampere/q11dev/debug/log @ 0 (116) -> 0
13:18:20 ampere/q11dev/debug/log apq11dev-543204516334 342 1790680708.328 2|shos_mqtt_conn.c:465    MQTT0: pub ampere/q11dev/debug/log @ 0 (116) -> 0
13:18:20 ampere/q11dev/debug/log apq11dev-543204516334 343 1790680708.333 2|shos_mqtt_conn.c:465    MQTT0: pub ampere/q11dev/debug/log @ 0 (116) -> -1
13:18:20 ampere/q11dev/debug/log apq11dev-543204516334 344 1790680708.377 2|shos_mqtt_conn.c:465    MQTT0: pub ampere/q11dev/debug/log @ 0 (116) -> 0
13:18:20 ampere/q11dev/debug/log apq11dev-543204516334 345 1790680708.381 2|shos_mqtt_conn.c:465    MQTT0: pub ampere/q11dev/debug/log @ 0 (117) -> 0
13:18:20 ampere/q11dev/debug/log apq11dev-543204516334 346 1790680708.385 2|shos_mqtt_conn.c:465    MQTT0: pub ampere/q11dev/debug/log @ 0 (116) -> 0
13:18:21 ampere/q11dev/debug/log apq11dev-543204516334 347 1790680708.389 2|shos_mqtt_conn.c:465    MQTT0: pub ampere/q11dev/debug/log @ 0 (116) -> 0
13:18:21 ampere/q11dev/debug/log apq11dev-543204516334 348 1790680708.445 2|shos_mqtt_conn.c:465    MQTT0: pub ampere/q11dev/debug/log @ 0 (116) -> 0
13:18:21 ampere/q11dev/debug/log apq11dev-543204516334 349 1790680708.449 2|shos_mqtt_conn.c:465    MQTT0: pub ampere/q11dev/debug/log @ 0 (116) -> 0
13:18:21 ampere/q11dev/debug/log apq11dev-543204516334 350 1790680708.453 2|shos_mqtt_conn.c:465    MQTT0: pub ampere/q11dev/debug/log @ 0 (117) -> 0
13:18:21 ampere/q11dev/debug/log apq11dev-543204516334 351 1790680708.457 2|shos_mqtt_conn.c:465    MQTT0: pub ampere/q11dev/debug/log @ 0 (117) -> 0
13:18:21 ampere/q11dev/debug/log apq11dev-543204516334 352 1790680708.511 2|shos_mqtt_conn.c:465    MQTT0: pub ampere/q11dev/debug/log @ 0 (117) -> 0
13:18:21 ampere/q11dev/debug/log apq11dev-543204516334 353 1790680708.515 2|shos_mqtt_conn.c:465    MQTT0: pub ampere/q11dev/debug/log @ 0 (116) -> 0
13:18:21 ampere/q11dev/debug/log apq11dev-543204516334 354 1790680708.519 2|shos_mqtt_conn.c:465    MQTT0: pub ampere/q11dev/debug/log @ 0 (116) -> 0
13:18:21 ampere/q11dev/debug/log apq11dev-543204516334 355 1790680708.523 2|shos_mqtt_conn.c:465    MQTT0: pub ampere/q11dev/debug/log @ 0 (116) -> 0
13:18:21 ampere/q11dev/debug/log apq11dev-543204516334 356 1790680708.572 2|shos_mqtt_conn.c:465    MQTT0: pub ampere/q11dev/debug/log @ 0 (116) -> 0
13:18:21 ampere/q11dev/debug/log apq11dev-543204516334 357 1790680708.577 2|shos_mqtt_conn.c:465    MQTT0: pub ampere/q11dev/debug/log @ 0 (117) -> 0
13:18:21 ampere/q11dev/debug/log apq11dev-543204516334 358 1790680708.581 2|shos_mqtt_conn.c:465    MQTT0: pub ampere/q11dev/debug/log @ 0 (116) -> 0
13:18:21 ampere/q11dev/debug/log apq11dev-543204516334 359 1790680708.585 2|shos_mqtt_conn.c:465    MQTT0: pub ampere/q11dev/debug/log @ 0 (116) -> 0
13:18:21 ampere/q11dev/debug/log apq11dev-543204516334 360 1790680708.633 2|shos_mqtt_conn.c:465    MQTT0: pub ampere/q11dev/debug/log @ 0 (116) -> 0
13:18:21 ampere/q11dev/debug/log apq11dev-543204516334 361 1790680708.637 2|shos_mqtt_conn.c:465    MQTT0: pub ampere/q11dev/debug/log @ 0 (116) -> 0
13:18:21 ampere/q11dev/debug/log apq11dev-543204516334 362 1790680708.642 2|shos_mqtt_conn.c:465    MQTT0: pub ampere/q11dev/debug/log @ 0 (116) -> 0
13:18:21 ampere/q11dev/debug/log apq11dev-543204516334 363 1790680708.646 2|shos_mqtt_conn.c:465    MQTT0: pub ampere/q11dev/debug/log @ 0 (116) -> 0
13:18:21 ampere/q11dev/debug/log apq11dev-543204516334 364 1790680708.707 2|shos_mqtt_conn.c:465    MQTT0: pub ampere/q11dev/debug/log @ 0 (116) -> 0
13:18:21 ampere/q11dev/debug/log apq11dev-543204516334 365 1790680708.711 2|shos_mqtt_conn.c:465    MQTT0: pub ampere/q11dev/debug/log @ 0 (116) -> 0
13:18:21 ampere/q11dev/debug/log apq11dev-543204516334 366 1790680708.715 2|shos_mqtt_conn.c:465    MQTT0: pub ampere/q11dev/debug/log @ 0 (116) -> 0
13:18:21 ampere/q11dev/debug/log apq11dev-543204516334 367 1790680708.720 2|shos_mqtt_conn.c:465    MQTT0: pub ampere/q11dev/debug/log @ 0 (116) -> 0
13:18:21 ampere/q11dev/debug/log apq11dev-543204516334 368 1790680708.767 2|shos_mqtt_conn.c:465    MQTT0: pub ampere/q11dev/debug/log @ 0 (116) -> 0
13:18:21 ampere/q11dev/debug/log apq11dev-543204516334 369 1790680708.771 2|shos_mqtt_conn.c:465    MQTT0: pub ampere/q11dev/debug/log @ 0 (116) -> 0
13:18:21 ampere/q11dev/debug/log apq11dev-543204516334 370 1790680708.775 2|shos_mqtt_conn.c:465    MQTT0: pub ampere/q11dev/debug/log @ 0 (116) -> 0
13:18:21 ampere/q11dev/debug/log apq11dev-543204516334 371 1790680708.779 2|shos_mqtt_conn.c:465    MQTT0: pub ampere/q11dev/debug/log @ 0 (116) -> 0
13:18:21 ampere/q11dev/debug/log apq11dev-543204516334 372 1790680708.847 2|shos_mqtt_conn.c:465    MQTT0: pub ampere/q11dev/debug/log @ 0 (116) -> 0
13:18:21 ampere/q11dev/debug/log apq11dev-543204516334 373 1790680708.851 2|shos_mqtt_conn.c:465    MQTT0: pub ampere/q11dev/debug/log @ 0 (116) -> 0
13:18:21 ampere/q11dev/debug/log apq11dev-543204516334 374 1790680708.855 2|shos_mqtt_conn.c:465    MQTT0: pub ampere/q11dev/debug/log @ 0 (116) -> 0
13:18:21 ampere/q11dev/debug/log apq11dev-543204516334 375 1790680708.860 2|shos_mqtt_conn.c:465    MQTT0: pub ampere/q11dev/debug/log @ 0 (116) -> 0
13:18:21 ampere/q11dev/debug/log apq11dev-543204516334 376 1790680708.920 2|shos_mqtt_conn.c:465    MQTT0: pub ampere/q11dev/debug/log @ 0 (116) -> 0
13:18:21 ampere/q11dev/debug/log apq11dev-543204516334 377 1790680708.924 2|shos_mqtt_conn.c:465    MQTT0: pub ampere/q11dev/debug/log @ 0 (116) -> 0
13:18:21 ampere/q11dev/debug/log apq11dev-543204516334 378 1790680708.928 2|shos_mqtt_conn.c:465    MQTT0: pub ampere/q11dev/debug/log @ 0 (116) -> 0
13:18:21 ampere/q11dev/debug/log apq11dev-543204516334 379 1790680708.932 2|shos_mqtt_conn.c:465    MQTT0: pub ampere/q11dev/debug/log @ 0 (116) -> 0
13:18:21 ampere/q11dev/debug/log apq11dev-543204516334 380 1790680708.993 2|shelly_tmcu.cpp:598     RX: 0x03 v=3 [] (state Ready)
13:18:21 ampere/q11dev/debug/log apq11dev-543204516334 381 1790680708.997 2|shos_mqtt_conn.c:465    MQTT0: pub ampere/q11dev/debug/log @ 0 (116) -> 0
13:18:21 ampere/q11dev/debug/log apq11dev-543204516334 382 1790680709.001 2|shos_mqtt_conn.c:465    MQTT0: pub ampere/q11dev/debug/log @ 0 (116) -> 0
13:18:22 ampere/q11dev/debug/log apq11dev-543204516334 383 1790680709.005 2|shos_mqtt_conn.c:465    MQTT0: pub ampere/q11dev/debug/log @ 0 (116) -> 0
13:18:22 ampere/q11dev/debug/log apq11dev-543204516334 384 1790680709.076 2|shos_mqtt_conn.c:465    MQTT0: pub ampere/q11dev/debug/log @ 0 (116) -> 0
13:18:22 ampere/q11dev/debug/log apq11dev-543204516334 385 1790680709.080 2|shos_mqtt_conn.c:465    MQTT0: pub ampere/q11dev/debug/log @ 0 (116) -> 0
13:18:22 ampere/q11dev/debug/log apq11dev-543204516334 386 1790680709.084 2|shos_mqtt_conn.c:465    MQTT0: pub ampere/q11dev/debug/log @ 0 (116) -> 0
13:18:22 ampere/q11dev/debug/log apq11dev-543204516334 387 1790680709.089 2|shos_mqtt_conn.c:465    MQTT0: pub ampere/q11dev/debug/log @ 0 (116) -> 0
13:18:22 ampere/q11dev/debug/log apq11dev-543204516334 388 1790680709.136 2|shos_mqtt_conn.c:465    MQTT0: pub ampere/q11dev/debug/log @ 0 (116) -> 0
13:18:22 ampere/q11dev/debug/log apq11dev-543204516334 389 1790680709.140 2|shos_mqtt_conn.c:465    MQTT0: pub ampere/q11dev/debug/log @ 0 (116) -> 0
13:18:22 ampere/q11dev/debug/log apq11dev-543204516334 390 1790680709.144 2|shos_mqtt_conn.c:465    MQTT0: pub ampere/q11dev/debug/log @ 0 (116) -> 0
13:18:22 ampere/q11dev/debug/log apq11dev-543204516334 391 1790680709.148 2|shos_mqtt_conn.c:465    MQTT0: pub ampere/q11dev/debug/log @ 0 (116) -> 0
13:18:22 ampere/q11dev/debug/log apq11dev-543204516334 392 1790680709.209 2|shos_mqtt_conn.c:465    MQTT0: pub ampere/q11dev/debug/log @ 0 (116) -> 0
13:18:22 ampere/q11dev/debug/log apq11dev-543204516334 393 1790680709.213 2|shos_mqtt_conn.c:465    MQTT0: pub ampere/q11dev/debug/log @ 0 (116) -> 0
13:18:22 ampere/q11dev/debug/log apq11dev-543204516334 394 1790680709.217 2|shos_mqtt_conn.c:465    MQTT0: pub ampere/q11dev/debug/log @ 0 (96) -> 0
13:18:22 ampere/q11dev/debug/log apq11dev-543204516334 395 1790680709.222 2|shos_mqtt_conn.c:465    MQTT0: pub ampere/q11dev/debug/log @ 0 (116) -> 0
13:18:22 ampere/q11dev/debug/log apq11dev-543204516334 396 1790680709.270 2|shos_mqtt_conn.c:465    MQTT0: pub ampere/q11dev/debug/log @ 0 (116) -> 0
13:18:22 ampere/q11dev/debug/log apq11dev-543204516334 397 1790680709.274 2|shos_mqtt_conn.c:465    MQTT0: pub ampere/q11dev/debug/log @ 0 (116) -> 0
13:18:22 ampere/q11dev/debug/log apq11dev-543204516334 398 1790680709.278 2|shos_mqtt_conn.c:465    MQTT0: pub ampere/q11dev/debug/log @ 0 (116) -> 0
13:18:22 ampere/q11dev/debug/log apq11dev-543204516334 399 1790680709.282 2|shos_mqtt_conn.c:465    MQTT0: pub ampere/q11dev/debug/log @ 0 (116) -> 0
13:18:22 ampere/q11dev/debug/log apq11dev-543204516334 400 1790680709.331 2|shos_mqtt_conn.c:465    MQTT0: pub ampere/q11dev/debug/log @ 0 (116) -> 0
13:18:22 ampere/q11dev/debug/log apq11dev-543204516334 401 1790680709.335 2|shos_mqtt_conn.c:465    MQTT0: pub ampere/q11dev/debug/log @ 0 (116) -> 0
13:18:22 ampere/q11dev/debug/log apq11dev-543204516334 402 1790680709.339 2|shos_mqtt_conn.c:465    MQTT0: pub ampere/q11dev/debug/log @ 0 (116) -> 0
13:18:22 ampere/q11dev/debug/log apq11dev-543204516334 403 1790680709.343 2|shos_mqtt_conn.c:465    MQTT0: pub ampere/q11dev/debug/log @ 0 (116) -> 0
13:18:22 ampere/q11dev/debug/log apq11dev-543204516334 404 1790680709.392 2|shos_mqtt_conn.c:465    MQTT0: pub ampere/q11dev/debug/log @ 0 (116) -> 0
13:18:22 ampere/q11dev/debug/log apq11dev-543204516334 405 1790680709.396 2|shos_mqtt_conn.c:465    MQTT0: pub ampere/q11dev/debug/log @ 0 (116) -> 0
13:18:22 ampere/q11dev/debug/log apq11dev-543204516334 406 1790680709.400 2|shos_mqtt_conn.c:465    MQTT0: pub ampere/q11dev/debug/log @ 0 (116) -> 0
13:18:22 ampere/q11dev/debug/log apq11dev-543204516334 407 1790680709.404 2|shos_mqtt_conn.c:465    MQTT0: pub ampere/q11dev/debug/log @ 0 (116) -> 0
13:18:22 ampere/q11dev/debug/log apq11dev-543204516334 408 1790680709.452 2|shos_mqtt_conn.c:465    MQTT0: pub ampere/q11dev/debug/log @ 0 (115) -> 0
13:18:22 ampere/q11dev/debug/log apq11dev-543204516334 409 1790680709.456 2|shos_mqtt_conn.c:465    MQTT0: pub ampere/q11dev/debug/log @ 0 (116) -> 0
13:18:22 ampere/q11dev/debug/log apq11dev-543204516334 410 1790680709.461 2|shos_mqtt_conn.c:465    MQTT0: pub ampere/q11dev/debug/log @ 0 (116) -> 0
13:18:22 ampere/q11dev/debug/log apq11dev-543204516334 411 1790680709.465 2|shos_mqtt_conn.c:465    MQTT0: pub ampere/q11dev/debug/log @ 0 (116) -> 0
13:18:22 ampere/q11dev/debug/log apq11dev-543204516334 412 1790680709.514 2|shos_mqtt_conn.c:465    MQTT0: pub ampere/q11dev/debug/log @ 0 (116) -> 0
13:18:22 ampere/q11dev/debug/log apq11dev-543204516334 413 1790680709.518 2|shos_mqtt_conn.c:465    MQTT0: pub ampere/q11dev/debug/log @ 0 (116) -> 0
13:18:22 ampere/q11dev/debug/log apq11dev-543204516334 414 1790680709.522 2|shos_mqtt_conn.c:465    MQTT0: pub ampere/q11dev/debug/log @ 0 (116) -> 0
13:18:22 ampere/q11dev/debug/log apq11dev-543204516334 415 1790680709.526 2|shos_mqtt_conn.c:465    MQTT0: pub ampere/q11dev/debug/log @ 0 (116) -> 0
13:18:22 ampere/q11dev/debug/log apq11dev-543204516334 416 1790680709.574 2|shos_mqtt_conn.c:465    MQTT0: pub ampere/q11dev/debug/log @ 0 (116) -> 0
13:18:22 ampere/q11dev/debug/log apq11dev-543204516334 417 1790680709.578 2|shos_mqtt_conn.c:465    MQTT0: pub ampere/q11dev/debug/log @ 0 (116) -> 0
13:18:22 ampere/q11dev/debug/log apq11dev-543204516334 418 1790680709.582 2|shos_mqtt_conn.c:465    MQTT0: pub ampere/q11dev/debug/log @ 0 (116) -> 0
13:18:23 ampere/q11dev/debug/log apq11dev-543204516334 419 1790680709.587 2|shos_mqtt_conn.c:465    MQTT0: pub ampere/q11dev/debug/log @ 0 (116) -> 0
13:18:23 ampere/q11dev/debug/log apq11dev-543204516334 420 1790680709.635 2|shos_mqtt_conn.c:465    MQTT0: pub ampere/q11dev/debug/log @ 0 (116) -> 0
13:18:23 ampere/q11dev/debug/log apq11dev-543204516334 421 1790680709.640 2|shos_mqtt_conn.c:465    MQTT0: pub ampere/q11dev/debug/log @ 0 (116) -> 0
13:18:23 ampere/q11dev/debug/log apq11dev-543204516334 422 1790680709.644 2|shos_mqtt_conn.c:465    MQTT0: pub ampere/q11dev/debug/log @ 0 (116) -> 0
13:18:23 ampere/q11dev/debug/log apq11dev-543204516334 423 1790680709.649 2|shos_mqtt_conn.c:465    MQTT0: pub ampere/q11dev/debug/log @ 0 (116) -> 0
13:18:23 ampere/q11dev/debug/log apq11dev-543204516334 424 1790680709.698 2|shos_mqtt_conn.c:465    MQTT0: pub ampere/q11dev/debug/log @ 0 (116) -> 0
13:18:23 ampere/q11dev/debug/log apq11dev-543204516334 425 1790680709.702 2|shos_mqtt_conn.c:465    MQTT0: pub ampere/q11dev/debug/log @ 0 (116) -> 0
13:18:23 ampere/q11dev/debug/log apq11dev-543204516334 426 1790680709.706 2|shos_mqtt_conn.c:465    MQTT0: pub ampere/q11dev/debug/log @ 0 (116) -> 0
13:18:23 ampere/q11dev/debug/log apq11dev-543204516334 427 1790680709.710 2|shos_mqtt_conn.c:465    MQTT0: pub ampere/q11dev/debug/log @ 0 (116) -> 0
13:18:23 ampere/q11dev/debug/log apq11dev-543204516334 428 1790680709.758 2|shos_mqtt_conn.c:465    MQTT0: pub ampere/q11dev/debug/log @ 0 (116) -> 0
13:18:23 ampere/q11dev/debug/log apq11dev-543204516334 429 1790680709.762 2|shos_mqtt_conn.c:465    MQTT0: pub ampere/q11dev/debug/log @ 0 (116) -> 0
13:18:23 ampere/q11dev/debug/log apq11dev-543204516334 430 1790680709.767 2|shos_mqtt_conn.c:465    MQTT0: pub ampere/q11dev/debug/log @ 0 (116) -> 0
13:18:23 ampere/q11dev/debug/log apq11dev-543204516334 431 1790680709.771 2|shos_mqtt_conn.c:465    MQTT0: pub ampere/q11dev/debug/log @ 0 (116) -> 0
13:18:23 ampere/q11dev/debug/log apq11dev-543204516334 432 1790680709.822 2|shos_mqtt_conn.c:465    MQTT0: pub ampere/q11dev/debug/log @ 0 (116) -> 0
13:18:23 ampere/q11dev/debug/log apq11dev-543204516334 433 1790680709.826 2|shos_mqtt_conn.c:465    MQTT0: pub ampere/q11dev/debug/log @ 0 (116) -> 0
13:18:23 ampere/q11dev/debug/log apq11dev-543204516334 434 1790680709.830 2|shos_mqtt_conn.c:465    MQTT0: pub ampere/q11dev/debug/log @ 0 (116) -> 0
13:18:23 ampere/q11dev/debug/log apq11dev-543204516334 435 1790680709.834 2|shos_mqtt_conn.c:465    MQTT0: pub ampere/q11dev/debug/log @ 0 (116) -> 0
13:18:23 ampere/q11dev/debug/log apq11dev-543204516334 436 1790680709.882 2|shos_mqtt_conn.c:465    MQTT0: pub ampere/q11dev/debug/log @ 0 (116) -> 0
13:18:23 ampere/q11dev/debug/log apq11dev-543204516334 437 1790680709.886 2|shos_mqtt_conn.c:465    MQTT0: pub ampere/q11dev/debug/log @ 0 (116) -> 0
13:18:23 ampere/q11dev/debug/log apq11dev-543204516334 438 1790680709.890 2|shos_mqtt_conn.c:465    MQTT0: pub ampere/q11dev/debug/log @ 0 (116) -> 0
13:18:23 ampere/q11dev/debug/log apq11dev-543204516334 439 1790680709.895 2|shos_mqtt_conn.c:465    MQTT0: pub ampere/q11dev/debug/log @ 0 (116) -> 0
13:18:23 ampere/q11dev/debug/log apq11dev-543204516334 440 1790680709.943 2|shos_mqtt_conn.c:465    MQTT0: pub ampere/q11dev/debug/log @ 0 (116) -> 0
13:18:23 ampere/q11dev/debug/log apq11dev-543204516334 441 1790680709.947 2|shos_mqtt_conn.c:465    MQTT0: pub ampere/q11dev/debug/log @ 0 (116) -> 0
13:18:23 ampere/q11dev/debug/log apq11dev-543204516334 442 1790680709.952 2|shos_mqtt_conn.c:465    MQTT0: pub ampere/q11dev/debug/log @ 0 (116) -> 0
13:18:23 ampere/q11dev/debug/log apq11dev-543204516334 443 1790680709.957 2|shos_mqtt_conn.c:465    MQTT0: pub ampere/q11dev/debug/log @ 0 (116) -> 0
13:18:23 ampere/q11dev/debug/log apq11dev-543204516334 444 1790680710.006 2|shos_mqtt_conn.c:465    MQTT0: pub ampere/q11dev/debug/log @ 0 (116) -> 0
13:18:23 ampere/q11dev/debug/log apq11dev-543204516334 445 1790680710.010 2|shos_mqtt_conn.c:465    MQTT0: pub ampere/q11dev/debug/log @ 0 (116) -> 0
13:18:23 ampere/q11dev/debug/log apq11dev-543204516334 446 1790680710.014 2|shos_mqtt_conn.c:465    MQTT0: pub ampere/q11dev/debug/log @ 0 (116) -> 0
13:18:23 ampere/q11dev/debug/log apq11dev-543204516334 447 1790680710.018 2|shos_mqtt_conn.c:465    MQTT0: pub ampere/q11dev/debug/log @ 0 (116) -> 0
13:18:23 ampere/q11dev/debug/log apq11dev-543204516334 448 1790680710.083 2|shos_mqtt_conn.c:465    MQTT0: pub ampere/q11dev/debug/log @ 0 (116) -> 0
13:18:23 ampere/q11dev/debug/log apq11dev-543204516334 449 1790680710.087 2|shos_mqtt_conn.c:465    MQTT0: pub ampere/q11dev/debug/log @ 0 (116) -> 0
13:18:23 ampere/q11dev/debug/log apq11dev-543204516334 450 1790680710.091 2|shos_mqtt_conn.c:465    MQTT0: pub ampere/q11dev/debug/log @ 0 (116) -> 0
13:18:23 ampere/q11dev/debug/log apq11dev-543204516334 451 1790680710.095 2|shos_mqtt_conn.c:465    MQTT0: pub ampere/q11dev/debug/log @ 0 (116) -> 0
13:18:23 ampere/q11dev/debug/log apq11dev-543204516334 452 1790680710.153 2|shos_mqtt_conn.c:465    MQTT0: pub ampere/q11dev/debug/log @ 0 (116) -> 0
13:18:23 ampere/q11dev/debug/log apq11dev-543204516334 453 1790680710.157 2|shos_mqtt_conn.c:465    MQTT0: pub ampere/q11dev/debug/log @ 0 (116) -> 0
13:18:23 ampere/q11dev/debug/log apq11dev-543204516334 454 1790680710.161 2|shos_mqtt_conn.c:465    MQTT0: pub ampere/q11dev/debug/log @ 0 (116) -> 0
13:18:24 ampere/q11dev/debug/log apq11dev-543204516334 455 1790680710.165 2|shos_mqtt_conn.c:465    MQTT0: pub ampere/q11dev/debug/log @ 0 (116) -> 0
13:18:24 ampere/q11dev/debug/log apq11dev-543204516334 456 1790680710.225 2|shos_mqtt_conn.c:465    MQTT0: pub ampere/q11dev/debug/log @ 0 (116) -> 0
13:18:24 ampere/q11dev/debug/log apq11dev-543204516334 457 1790680710.229 2|shos_mqtt_conn.c:465    MQTT0: pub ampere/q11dev/debug/log @ 0 (116) -> 0
13:18:24 ampere/q11dev/debug/log apq11dev-543204516334 458 1790680710.233 2|shos_mqtt_conn.c:465    MQTT0: pub ampere/q11dev/debug/log @ 0 (116) -> 0
13:18:24 ampere/q11dev/debug/log apq11dev-543204516334 459 1790680710.238 2|shos_mqtt_conn.c:465    MQTT0: pub ampere/q11dev/debug/log @ 0 (116) -> 0
13:18:24 ampere/q11dev/debug/log apq11dev-543204516334 460 1790680710.286 2|shos_mqtt_conn.c:465    MQTT0: pub ampere/q11dev/debug/log @ 0 (116) -> 0
13:18:24 ampere/q11dev/debug/log apq11dev-543204516334 461 1790680710.290 2|shos_mqtt_conn.c:465    MQTT0: pub ampere/q11dev/debug/log @ 0 (116) -> 0
13:18:24 ampere/q11dev/debug/log apq11dev-543204516334 462 1790680710.294 2|shos_mqtt_conn.c:465    MQTT0: pub ampere/q11dev/debug/log @ 0 (116) -> 0
13:18:24 ampere/q11dev/debug/log apq11dev-543204516334 463 1790680710.299 2|shos_mqtt_conn.c:465    MQTT0: pub ampere/q11dev/debug/log @ 0 (116) -> 0
13:18:24 ampere/q11dev/debug/log apq11dev-543204516334 464 1790680710.347 2|shos_mqtt_conn.c:465    MQTT0: pub ampere/q11dev/debug/log @ 0 (116) -> 0
13:18:24 ampere/q11dev/debug/log apq11dev-543204516334 465 1790680710.351 2|shos_mqtt_conn.c:465    MQTT0: pub ampere/q11dev/debug/log @ 0 (116) -> 0
13:18:24 ampere/q11dev/debug/log apq11dev-543204516334 466 1790680710.355 2|shos_mqtt_conn.c:465    MQTT0: pub ampere/q11dev/debug/log @ 0 (116) -> 0
13:18:24 ampere/q11dev/debug/log apq11dev-543204516334 467 1790680710.360 2|shos_mqtt_conn.c:465    MQTT0: pub ampere/q11dev/debug/log @ 0 (116) -> 0
13:18:24 ampere/q11dev/debug/log apq11dev-543204516334 468 1790680710.420 2|shos_mqtt_conn.c:465    MQTT0: pub ampere/q11dev/debug/log @ 0 (116) -> 0
13:18:24 ampere/q11dev/debug/log apq11dev-543204516334 469 1790680710.424 2|shos_mqtt_conn.c:465    MQTT0: pub ampere/q11dev/debug/log @ 0 (116) -> 0
13:18:24 ampere/q11dev/debug/log apq11dev-543204516334 470 1790680710.428 2|shos_mqtt_conn.c:465    MQTT0: pub ampere/q11dev/debug/log @ 0 (116) -> 0
13:18:24 ampere/q11dev/debug/log apq11dev-543204516334 471 1790680710.432 2|shos_mqtt_conn.c:465    MQTT0: pub ampere/q11dev/debug/log @ 0 (116) -> 0
13:18:24 ampere/q11dev/debug/log apq11dev-543204516334 472 1790680710.481 2|shos_mqtt_conn.c:465    MQTT0: pub ampere/q11dev/debug/log @ 0 (116) -> 0
13:18:24 ampere/q11dev/debug/log apq11dev-543204516334 473 1790680710.485 2|shos_mqtt_conn.c:465    MQTT0: pub ampere/q11dev/debug/log @ 0 (116) -> 0
13:18:24 ampere/q11dev/debug/log apq11dev-543204516334 474 1790680710.489 2|shos_mqtt_conn.c:465    MQTT0: pub ampere/q11dev/debug/log @ 0 (116) -> 0
13:18:24 ampere/q11dev/debug/log apq11dev-543204516334 475 1790680710.493 2|shos_mqtt_conn.c:465    MQTT0: pub ampere/q11dev/debug/log @ 0 (116) -> 0
13:18:24 ampere/q11dev/debug/log apq11dev-543204516334 476 1790680710.558 2|shos_mqtt_conn.c:465    MQTT0: pub ampere/q11dev/debug/log @ 0 (116) -> 0
13:18:24 ampere/q11dev/debug/log apq11dev-543204516334 477 1790680710.562 2|shos_mqtt_conn.c:465    MQTT0: pub ampere/q11dev/debug/log @ 0 (116) -> 0
13:18:24 ampere/q11dev/debug/log apq11dev-543204516334 478 1790680710.568 2|shos_mqtt_conn.c:465    MQTT0: pub ampere/q11dev/debug/log @ 0 (116) -> 0
13:18:24 ampere/q11dev/debug/log apq11dev-543204516334 479 1790680710.572 2|shos_mqtt_conn.c:465    MQTT0: pub ampere/q11dev/debug/log @ 0 (116) -> 0
13:18:24 ampere/q11dev/debug/log apq11dev-543204516334 480 1790680710.621 2|shos_mqtt_conn.c:465    MQTT0: pub ampere/q11dev/debug/log @ 0 (116) -> 0
13:18:24 ampere/q11dev/debug/log apq11dev-543204516334 481 1790680710.625 2|shos_mqtt_conn.c:465    MQTT0: pub ampere/q11dev/debug/log @ 0 (116) -> 0
13:18:24 ampere/q11dev/debug/log apq11dev-543204516334 482 1790680710.630 2|shos_mqtt_conn.c:465    MQTT0: pub ampere/q11dev/debug/log @ 0 (116) -> 0
13:18:24 ampere/q11dev/debug/log apq11dev-543204516334 483 1790680710.634 2|shos_mqtt_conn.c:465    MQTT0: pub ampere/q11dev/debug/log @ 0 (116) -> 0
13:18:24 ampere/q11dev/debug/log apq11dev-543204516334 484 1790680710.699 2|shos_mqtt_conn.c:465    MQTT0: pub ampere/q11dev/debug/log @ 0 (116) -> 0
13:18:24 ampere/q11dev/debug/log apq11dev-543204516334 485 1790680710.703 2|shos_mqtt_conn.c:465    MQTT0: pub ampere/q11dev/debug/log @ 0 (116) -> 0
13:18:24 ampere/q11dev/debug/log apq11dev-543204516334 486 1790680710.707 2|shos_mqtt_conn.c:465    MQTT0: pub ampere/q11dev/debug/log @ 0 (116) -> 0
13:18:24 ampere/q11dev/debug/log apq11dev-543204516334 487 1790680710.712 2|shos_mqtt_conn.c:465    MQTT0: pub ampere/q11dev/debug/log @ 0 (116) -> 0
13:18:24 ampere/q11dev/debug/log apq11dev-543204516334 488 1790680710.767 2|shos_mqtt_conn.c:465    MQTT0: pub ampere/q11dev/debug/log @ 0 (116) -> 0
13:18:24 ampere/q11dev/debug/log apq11dev-543204516334 489 1790680710.771 2|shos_mqtt_conn.c:465    MQTT0: pub ampere/q11dev/debug/log @ 0 (116) -> 0
13:18:24 ampere/q11dev/debug/log apq11dev-543204516334 490 1790680710.775 2|shos_mqtt_conn.c:465    MQTT0: pub ampere/q11dev/debug/log @ 0 (116) -> 0
13:18:25 ampere/q11dev/debug/log apq11dev-543204516334 491 1790680710.779 2|shos_mqtt_conn.c:465    MQTT0: pub ampere/q11dev/debug/log @ 0 (116) -> 0
13:18:25 ampere/q11dev/debug/log apq11dev-543204516334 492 1790680710.964 2|hos_http_client.cpp:399 0x3fccb048: Resolved updates.shelly.cloud to 35.242.243.136
13:18:25 ampere/q11dev/debug/log apq11dev-543204516334 493 1790680710.969 2|hos_http_client.cpp:402 0x3fccb048: Connecting to 35.242.243.136: 0
13:18:25 ampere/q11dev/debug/log apq11dev-543204516334 494 1790680710.973 2|shos_mqtt_conn.c:465    MQTT0: pub ampere/q11dev/debug/log @ 0 (116) -> 0
13:18:25 ampere/q11dev/debug/log apq11dev-543204516334 495 1790680710.977 2|shos_mqtt_conn.c:465    MQTT0: pub ampere/q11dev/debug/log @ 0 (116) -> 0
13:18:25 ampere/q11dev/debug/log apq11dev-543204516334 496 1790680710.981 2|shos_mqtt_conn.c:465    MQTT0: pub ampere/q11dev/debug/log @ 0 (116) -> 0
13:18:25 ampere/q11dev/debug/log apq11dev-543204516334 497 1790680711.562 2|shos_vfs.c:622          lseek 257 21 0 => 0x3fca5bc0:1 => 21
13:18:25 ampere/q11dev/debug/log apq11dev-543204516334 498 1790680711.566 2|shos_vfs.c:622          lseek 257 21 0 => 0x3fca5bc0:1 => 21
13:18:25 ampere/q11dev/debug/log apq11dev-543204516334 499 1790680711.570 2|shos_vfs.c:622          lseek 257 713 0 => 0x3fca5bc0:1 => 713
13:18:25 ampere/q11dev/debug/log apq11dev-543204516334 500 1790680711.573 2|shos_vfs.c:426          close 257 => 0x3fca5bc0:1 => 0 (refs 1)
13:18:25 ampere/q11dev/debug/log apq11dev-543204516334 501 1790680711.577 2|shos_vfs.c:295          ca.pem -> /ca.pem pl 1 -> 1 0x3fca5bc0 (refs 2)
13:18:25 ampere/q11dev/debug/log apq11dev-543204516334 502 1790680711.661 2|shos_mqtt_conn.c:465    MQTT0: pub ampere/q11dev/debug/log @ 0 (116) -> 0
13:18:25 ampere/q11dev/debug/log apq11dev-543204516334 503 1790680711.666 2|shos_mqtt_conn.c:465    MQTT0: pub ampere/q11dev/debug/log @ 0 (116) -> 0
13:18:25 ampere/q11dev/debug/log apq11dev-543204516334 504 1790680711.670 2|shos_mqtt_conn.c:465    MQTT0: pub ampere/q11dev/debug/log @ 0 (116) -> 0
13:18:25 ampere/q11dev/debug/log apq11dev-543204516334 505 1790680711.674 2|shos_mqtt_conn.c:465    MQTT0: pub ampere/q11dev/debug/log @ 0 (116) -> 0
13:18:25 ampere/q11dev/debug/log apq11dev-543204516334 506 1790680711.780 2|shos_http_base.cpp:596  0x3fccb048: Connection closed normally, 0x3fccd398 0
13:18:25 ampere/q11dev/debug/log apq11dev-543204516334 507 1790680711.784 2|shos_mqtt_conn.c:465    MQTT0: pub ampere/q11dev/debug/log @ 0 (116) -> 0
13:18:25 ampere/q11dev/debug/log apq11dev-543204516334 508 1790680711.788 2|shos_mqtt_conn.c:465    MQTT0: pub ampere/q11dev/debug/log @ 0 (126) -> 0
13:18:25 ampere/q11dev/debug/log apq11dev-543204516334 509 1790680711.793 2|shos_mqtt_conn.c:465    MQTT0: pub ampere/q11dev/debug/log @ 0 (110) -> 0
13:18:25 ampere/q11dev/debug/log apq11dev-543204516334 510 1790680711.862 2|shos_http_base.cpp:134  0x3fccb048: Deleted
13:18:25 ampere/q11dev/debug/log apq11dev-543204516334 511 1790680711.866 2|shos_mqtt_conn.c:465    MQTT0: pub ampere/q11dev/debug/log @ 0 (116) -> 0
13:18:25 ampere/q11dev/debug/log apq11dev-543204516334 512 1790680711.870 2|shos_mqtt_conn.c:465    MQTT0: pub ampere/q11dev/debug/log @ 0 (116) -> 0
13:18:25 ampere/q11dev/debug/log apq11dev-543204516334 513 1790680711.875 2|shos_mqtt_conn.c:465    MQTT0: pub ampere/q11dev/debug/log @ 0 (103) -> 0
13:18:25 ampere/q11dev/debug/log apq11dev-543204516334 514 1790680711.926 2|shos_mqtt_conn.c:465    MQTT0: pub ampere/q11dev/debug/log @ 0 (105) -> 0
13:18:25 ampere/q11dev/debug/log apq11dev-543204516334 515 1790680711.930 2|shos_mqtt_conn.c:465    MQTT0: pub ampere/q11dev/debug/log @ 0 (106) -> 0
13:18:25 ampere/q11dev/debug/log apq11dev-543204516334 516 1790680711.934 2|shos_mqtt_conn.c:465    MQTT0: pub ampere/q11dev/debug/log @ 0 (114) -> 0
13:18:25 ampere/q11dev/debug/log apq11dev-543204516334 517 1790680711.938 2|shos_mqtt_conn.c:465    MQTT0: pub ampere/q11dev/debug/log @ 0 (116) -> 0
13:18:25 ampere/q11dev/debug/log apq11dev-543204516334 518 1790680711.988 2|shos_mqtt_conn.c:465    MQTT0: pub ampere/q11dev/debug/log @ 0 (116) -> 0
13:18:25 ampere/q11dev/debug/log apq11dev-543204516334 519 1790680711.992 2|shos_mqtt_conn.c:465    MQTT0: pub ampere/q11dev/debug/log @ 0 (116) -> 0
13:18:25 ampere/q11dev/debug/log apq11dev-543204516334 520 1790680711.996 2|shos_mqtt_conn.c:465    MQTT0: pub ampere/q11dev/debug/log @ 0 (116) -> 0
13:18:25 ampere/q11dev/debug/log apq11dev-543204516334 521 1790680712.049 2|shos_mqtt_conn.c:465    MQTT0: pub ampere/q11dev/debug/log @ 0 (116) -> 0
13:18:25 ampere/q11dev/debug/log apq11dev-543204516334 522 1790680712.053 2|shos_mqtt_conn.c:465    MQTT0: pub ampere/q11dev/debug/log @ 0 (116) -> 0
13:18:25 ampere/q11dev/debug/log apq11dev-543204516334 523 1790680712.057 2|shos_mqtt_conn.c:465    MQTT0: pub ampere/q11dev/debug/log @ 0 (116) -> 0
13:18:25 ampere/q11dev/debug/log apq11dev-543204516334 524 1790680712.061 2|shos_mqtt_conn.c:465    MQTT0: pub ampere/q11dev/debug/log @ 0 (86) -> 0
13:18:25 ampere/q11dev/debug/log apq11dev-543204516334 525 1790680712.126 2|shos_mqtt_conn.c:465    MQTT0: pub ampere/q11dev/debug/log @ 0 (116) -> 0
13:18:25 ampere/q11dev/debug/log apq11dev-543204516334 526 1790680712.131 2|esp32xx_wifi_if.cpp:234 PK check: link 1 gw 1 UC 214 MC 35 ctr 4/105 ping 0 num_act 0
13:18:26 ampere/q11dev/debug/log apq11dev-543204516334 527 1790680712.135 2|hos_lwip_eth_if.cpp:513 ws(0x3fcde634): Status: server 0 oper_up 1 link_up 1/1 hf 87320
13:18:26 ampere/q11dev/debug/log apq11dev-543204516334 528 1790680712.139 2|shos_mqtt_conn.c:465    MQTT0: pub ampere/q11dev/debug/log @ 0 (116) -> 0
13:18:26 ampere/q11dev/debug/log apq11dev-543204516334 529 1790680712.201 2|shos_mqtt_conn.c:465    MQTT0: pub ampere/q11dev/debug/log @ 0 (116) -> 0
13:18:26 ampere/q11dev/debug/log apq11dev-543204516334 530 1790680712.206 2|shos_mqtt_conn.c:465    MQTT0: pub ampere/q11dev/debug/log @ 0 (116) -> 0
13:18:26 ampere/q11dev/debug/log apq11dev-543204516334 531 1790680712.210 2|shos_mqtt_conn.c:465    MQTT0: pub ampere/q11dev/debug/log @ 0 (116) -> 0
13:18:26 ampere/q11dev/debug/log apq11dev-543204516334 532 1790680712.214 2|shos_mqtt_conn.c:465    MQTT0: pub ampere/q11dev/debug/log @ 0 (116) -> 0
13:18:26 ampere/q11dev/debug/log apq11dev-543204516334 533 1790680712.266 2|shos_mqtt_conn.c:465    MQTT0: pub ampere/q11dev/debug/log @ 0 (116) -> 0
13:18:26 ampere/q11dev/debug/log apq11dev-543204516334 534 1790680712.271 2|shos_mqtt_conn.c:465    MQTT0: pub ampere/q11dev/debug/log @ 0 (116) -> 0
13:18:26 ampere/q11dev/debug/log apq11dev-543204516334 535 1790680712.275 2|shos_mqtt_conn.c:465    MQTT0: pub ampere/q11dev/debug/log @ 0 (116) -> 0
13:18:26 ampere/q11dev/debug/log apq11dev-543204516334 536 1790680712.279 2|shos_mqtt_conn.c:465    MQTT0: pub ampere/q11dev/debug/log @ 0 (116) -> 0
13:18:26 ampere/q11dev/debug/log apq11dev-543204516334 537 1790680712.328 2|shos_mqtt_conn.c:465    MQTT0: pub ampere/q11dev/debug/log @ 0 (116) -> 0
13:18:26 ampere/q11dev/debug/log apq11dev-543204516334 538 1790680712.332 2|shos_mqtt_conn.c:465    MQTT0: pub ampere/q11dev/debug/log @ 0 (115) -> 0
13:18:26 ampere/q11dev/debug/log apq11dev-543204516334 539 1790680712.336 2|shos_mqtt_conn.c:465    MQTT0: pub ampere/q11dev/debug/log @ 0 (116) -> 0
13:18:26 ampere/q11dev/debug/log apq11dev-543204516334 540 1790680712.340 2|shos_mqtt_conn.c:465    MQTT0: pub ampere/q11dev/debug/log @ 0 (128) -> 0
13:18:26 ampere/q11dev/debug/log apq11dev-543204516334 541 1790680712.420 2|shos_mqtt_conn.c:465    MQTT0: pub ampere/q11dev/debug/log @ 0 (130) -> 0
13:18:26 ampere/q11dev/debug/log apq11dev-543204516334 542 1790680712.424 2|shos_mqtt_conn.c:465    MQTT0: pub ampere/q11dev/debug/log @ 0 (116) -> 0
13:18:26 ampere/q11dev/debug/log apq11dev-543204516334 543 1790680712.429 2|shos_mqtt_conn.c:465    MQTT0: pub ampere/q11dev/debug/log @ 0 (116) -> 0
13:18:26 ampere/q11dev/debug/log apq11dev-543204516334 544 1790680712.434 2|shos_mqtt_conn.c:465    MQTT0: pub ampere/q11dev/debug/log @ 0 (116) -> 0
13:18:26 ampere/q11dev/debug/log apq11dev-543204516334 545 1790680712.487 2|shos_mqtt_conn.c:465    MQTT0: pub ampere/q11dev/debug/log @ 0 (116) -> 0
13:18:26 ampere/q11dev/debug/log apq11dev-543204516334 546 1790680712.491 2|shos_mqtt_conn.c:465    MQTT0: pub ampere/q11dev/debug/log @ 0 (116) -> 0
13:18:26 ampere/q11dev/debug/log apq11dev-543204516334 547 1790680712.496 2|shos_mqtt_conn.c:465    MQTT0: pub ampere/q11dev/debug/log @ 0 (116) -> 0
13:18:26 ampere/q11dev/debug/log apq11dev-543204516334 548 1790680712.500 2|shos_mqtt_conn.c:465    MQTT0: pub ampere/q11dev/debug/log @ 0 (116) -> 0
13:18:26 ampere/q11dev/debug/log apq11dev-543204516334 549 1790680712.548 2|shos_mqtt_conn.c:465    MQTT0: pub ampere/q11dev/debug/log @ 0 (116) -> 0
13:18:26 ampere/q11dev/debug/log apq11dev-543204516334 550 1790680712.551 2|shos_mqtt_conn.c:465    MQTT0: pub ampere/q11dev/debug/log @ 0 (116) -> 0
13:18:26 ampere/q11dev/debug/log apq11dev-543204516334 551 1790680712.555 2|shos_mqtt_conn.c:465    MQTT0: pub ampere/q11dev/debug/log @ 0 (116) -> 0
13:18:26 ampere/q11dev/debug/log apq11dev-543204516334 552 1790680712.560 2|shos_mqtt_conn.c:465    MQTT0: pub ampere/q11dev/debug/log @ 0 (116) -> 0
13:18:26 ampere/q11dev/debug/log apq11dev-543204516334 553 1790680712.621 2|shos_mqtt_conn.c:465    MQTT0: pub ampere/q11dev/debug/log @ 0 (116) -> 0
13:18:26 ampere/q11dev/debug/log apq11dev-543204516334 554 1790680712.625 2|shos_mqtt_conn.c:465    MQTT0: pub ampere/q11dev/debug/log @ 0 (116) -> 0
13:18:26 ampere/q11dev/debug/log apq11dev-543204516334 555 1790680712.629 2|shos_mqtt_conn.c:465    MQTT0: pub ampere/q11dev/debug/log @ 0 (116) -> 0
13:18:26 ampere/q11dev/debug/log apq11dev-543204516334 556 1790680712.634 2|shos_mqtt_conn.c:465    MQTT0: pub ampere/q11dev/debug/log @ 0 (116) -> 0
13:18:26 ampere/q11dev/debug/log apq11dev-543204516334 557 1790680712.682 2|shos_mqtt_conn.c:465    MQTT0: pub ampere/q11dev/debug/log @ 0 (116) -> 0
13:18:26 ampere/q11dev/debug/log apq11dev-543204516334 558 1790680712.686 2|shos_mqtt_conn.c:465    MQTT0: pub ampere/q11dev/debug/log @ 0 (116) -> 0
13:18:26 ampere/q11dev/debug/log apq11dev-543204516334 559 1790680712.690 2|shos_mqtt_conn.c:465    MQTT0: pub ampere/q11dev/debug/log @ 0 (116) -> 0
13:18:26 ampere/q11dev/debug/log apq11dev-543204516334 560 1790680712.694 2|shos_mqtt_conn.c:465    MQTT0: pub ampere/q11dev/debug/log @ 0 (116) -> 0
13:18:26 ampere/q11dev/debug/log apq11dev-543204516334 561 1790680712.744 2|shos_mqtt_conn.c:465    MQTT0: pub ampere/q11dev/debug/log @ 0 (116) -> 0
13:18:26 ampere/q11dev/debug/log apq11dev-543204516334 562 1790680712.748 2|shos_mqtt_conn.c:465    MQTT0: pub ampere/q11dev/debug/log @ 0 (116) -> 0
13:18:26 ampere/q11dev/debug/log apq11dev-543204516334 563 1790680712.752 2|shos_mqtt_conn.c:465    MQTT0: pub ampere/q11dev/debug/log @ 0 (116) -> 0
13:18:27 ampere/q11dev/debug/log apq11dev-543204516334 564 1790680712.757 2|shos_mqtt_conn.c:465    MQTT0: pub ampere/q11dev/debug/log @ 0 (116) -> 0
13:18:27 ampere/q11dev/debug/log apq11dev-543204516334 565 1790680712.805 2|shos_mqtt_conn.c:465    MQTT0: pub ampere/q11dev/debug/log @ 0 (116) -> 0
13:18:27 ampere/q11dev/debug/log apq11dev-543204516334 566 1790680712.809 2|shos_mqtt_conn.c:465    MQTT0: pub ampere/q11dev/debug/log @ 0 (116) -> 0
13:18:27 ampere/q11dev/debug/log apq11dev-543204516334 567 1790680712.813 2|shos_mqtt_conn.c:465    MQTT0: pub ampere/q11dev/debug/log @ 0 (116) -> 0
13:18:27 ampere/q11dev/debug/log apq11dev-543204516334 568 1790680712.817 2|shos_mqtt_conn.c:465    MQTT0: pub ampere/q11dev/debug/log @ 0 (116) -> 0
13:18:27 ampere/q11dev/debug/log apq11dev-543204516334 569 1790680712.865 2|shos_mqtt_conn.c:465    MQTT0: pub ampere/q11dev/debug/log @ 0 (116) -> 0
13:18:27 ampere/q11dev/debug/log apq11dev-543204516334 570 1790680712.869 2|shos_mqtt_conn.c:465    MQTT0: pub ampere/q11dev/debug/log @ 0 (116) -> 0
13:18:27 ampere/q11dev/debug/log apq11dev-543204516334 571 1790680712.873 2|shos_mqtt_conn.c:465    MQTT0: pub ampere/q11dev/debug/log @ 0 (116) -> 0
13:18:27 ampere/q11dev/debug/log apq11dev-543204516334 572 1790680712.878 2|shos_mqtt_conn.c:465    MQTT0: pub ampere/q11dev/debug/log @ 0 (116) -> 0
13:18:27 ampere/q11dev/debug/log apq11dev-543204516334 573 1790680712.927 2|shos_mqtt_conn.c:465    MQTT0: pub ampere/q11dev/debug/log @ 0 (116) -> 0
13:18:27 ampere/q11dev/debug/log apq11dev-543204516334 574 1790680712.931 2|shos_mqtt_conn.c:465    MQTT0: pub ampere/q11dev/debug/log @ 0 (116) -> 0
13:18:27 ampere/q11dev/debug/log apq11dev-543204516334 575 1790680712.935 2|shos_mqtt_conn.c:465    MQTT0: pub ampere/q11dev/debug/log @ 0 (116) -> 0
13:18:27 ampere/q11dev/debug/log apq11dev-543204516334 576 1790680712.940 2|shos_mqtt_conn.c:465    MQTT0: pub ampere/q11dev/debug/log @ 0 (116) -> 0
13:18:27 ampere/q11dev/debug/log apq11dev-543204516334 577 1790680712.988 2|shos_mqtt_conn.c:465    MQTT0: pub ampere/q11dev/debug/log @ 0 (116) -> 0
13:18:27 ampere/q11dev/debug/log apq11dev-543204516334 578 1790680712.992 2|shos_mqtt_conn.c:465    MQTT0: pub ampere/q11dev/debug/log @ 0 (116) -> 0
13:18:27 ampere/q11dev/debug/log apq11dev-543204516334 579 1790680712.996 2|shos_mqtt_conn.c:465    MQTT0: pub ampere/q11dev/debug/log @ 0 (116) -> 0
13:18:27 ampere/q11dev/debug/log apq11dev-543204516334 580 1790680713.000 2|shos_mqtt_conn.c:465    MQTT0: pub ampere/q11dev/debug/log @ 0 (116) -> 0
13:18:27 ampere/q11dev/debug/log apq11dev-543204516334 581 1790680713.078 2|shos_mqtt_conn.c:465    MQTT0: pub ampere/q11dev/debug/log @ 0 (116) -> 0
13:18:27 ampere/q11dev/debug/log apq11dev-543204516334 582 1790680713.082 2|shos_mqtt_conn.c:465    MQTT0: pub ampere/q11dev/debug/log @ 0 (116) -> 0
13:18:27 ampere/q11dev/debug/log apq11dev-543204516334 583 1790680713.086 2|shos_mqtt_conn.c:465    MQTT0: pub ampere/q11dev/debug/log @ 0 (116) -> 0
13:18:27 ampere/q11dev/debug/log apq11dev-543204516334 584 1790680713.090 2|shos_mqtt_conn.c:465    MQTT0: pub ampere/q11dev/debug/log @ 0 (116) -> 0
13:18:27 ampere/q11dev/debug/log apq11dev-543204516334 585 1790680713.142 2|shos_mqtt_conn.c:465    MQTT0: pub ampere/q11dev/debug/log @ 0 (116) -> 0
13:18:27 ampere/q11dev/debug/log apq11dev-543204516334 586 1790680713.146 2|shos_mqtt_conn.c:465    MQTT0: pub ampere/q11dev/debug/log @ 0 (116) -> 0
13:18:27 ampere/q11dev/debug/log apq11dev-543204516334 587 1790680713.150 2|shos_mqtt_conn.c:465    MQTT0: pub ampere/q11dev/debug/log @ 0 (116) -> 0
13:18:27 ampere/q11dev/debug/log apq11dev-543204516334 588 1790680713.155 2|shos_mqtt_conn.c:465    MQTT0: pub ampere/q11dev/debug/log @ 0 (116) -> 0
13:18:27 ampere/q11dev/debug/log apq11dev-543204516334 589 1790680713.215 2|shos_mqtt_conn.c:465    MQTT0: pub ampere/q11dev/debug/log @ 0 (116) -> 0
13:18:27 ampere/q11dev/debug/log apq11dev-543204516334 590 1790680713.219 2|shos_mqtt_conn.c:465    MQTT0: pub ampere/q11dev/debug/log @ 0 (116) -> 0
13:18:27 ampere/q11dev/debug/log apq11dev-543204516334 591 1790680713.223 2|shos_mqtt_conn.c:465    MQTT0: pub ampere/q11dev/debug/log @ 0 (116) -> 0
13:18:27 ampere/q11dev/debug/log apq11dev-543204516334 592 1790680713.228 2|shos_mqtt_conn.c:465    MQTT0: pub ampere/q11dev/debug/log @ 0 (116) -> 0
13:18:27 ampere/q11dev/debug/log apq11dev-543204516334 593 1790680713.283 2|shos_mqtt_conn.c:465    MQTT0: pub ampere/q11dev/debug/log @ 0 (116) -> 0
13:18:27 ampere/q11dev/debug/log apq11dev-543204516334 594 1790680713.287 2|shos_mqtt_conn.c:465    MQTT0: pub ampere/q11dev/debug/log @ 0 (116) -> 0
13:18:27 ampere/q11dev/debug/log apq11dev-543204516334 595 1790680713.291 2|shos_mqtt_conn.c:465    MQTT0: pub ampere/q11dev/debug/log @ 0 (116) -> 0
13:18:27 ampere/q11dev/debug/log apq11dev-543204516334 596 1790680713.296 2|shos_mqtt_conn.c:465    MQTT0: pub ampere/q11dev/debug/log @ 0 (116) -> 0
13:18:27 ampere/q11dev/debug/log apq11dev-543204516334 597 1790680713.347 2|shos_mqtt_conn.c:465    MQTT0: pub ampere/q11dev/debug/log @ 0 (116) -> 0
13:18:27 ampere/q11dev/debug/log apq11dev-543204516334 598 1790680713.351 2|shos_mqtt_conn.c:465    MQTT0: pub ampere/q11dev/debug/log @ 0 (116) -> 0
13:18:28 ampere/q11dev/debug/log apq11dev-543204516334 599 1790680713.356 2|shos_mqtt_conn.c:465    MQTT0: pub ampere/q11dev/debug/log @ 0 (116) -> 0
13:18:28 ampere/q11dev/debug/log apq11dev-543204516334 600 1790680713.361 2|shos_mqtt_conn.c:465    MQTT0: pub ampere/q11dev/debug/log @ 0 (116) -> 0
13:18:28 ampere/q11dev/debug/log apq11dev-543204516334 601 1790680713.416 2|shos_mqtt_conn.c:465    MQTT0: pub ampere/q11dev/debug/log @ 0 (116) -> 0
13:18:28 ampere/q11dev/debug/log apq11dev-543204516334 602 1790680713.421 2|shos_mqtt_conn.c:465    MQTT0: pub ampere/q11dev/debug/log @ 0 (116) -> 0
13:18:28 ampere/q11dev/debug/log apq11dev-543204516334 603 1790680713.425 2|shos_mqtt_conn.c:465    MQTT0: pub ampere/q11dev/debug/log @ 0 (116) -> 0
13:18:28 ampere/q11dev/debug/log apq11dev-543204516334 604 1790680713.429 2|shos_mqtt_conn.c:465    MQTT0: pub ampere/q11dev/debug/log @ 0 (116) -> 0
13:18:28 ampere/q11dev/debug/log apq11dev-543204516334 605 1790680713.480 2|shos_mqtt_conn.c:465    MQTT0: pub ampere/q11dev/debug/log @ 0 (116) -> 0
13:18:28 ampere/q11dev/debug/log apq11dev-543204516334 606 1790680713.484 2|shos_mqtt_conn.c:465    MQTT0: pub ampere/q11dev/debug/log @ 0 (116) -> 0
13:18:28 ampere/q11dev/debug/log apq11dev-543204516334 607 1790680713.488 2|shos_mqtt_conn.c:465    MQTT0: pub ampere/q11dev/debug/log @ 0 (116) -> 0
13:18:28 ampere/q11dev/debug/log apq11dev-543204516334 608 1790680713.492 2|shos_mqtt_conn.c:465    MQTT0: pub ampere/q11dev/debug/log @ 0 (116) -> 0
13:18:28 ampere/q11dev/debug/log apq11dev-543204516334 609 1790680713.541 2|shos_mqtt_conn.c:465    MQTT0: pub ampere/q11dev/debug/log @ 0 (116) -> 0
13:18:28 ampere/q11dev/debug/log apq11dev-543204516334 610 1790680713.545 2|shos_mqtt_conn.c:465    MQTT0: pub ampere/q11dev/debug/log @ 0 (116) -> 0
13:18:28 ampere/q11dev/debug/log apq11dev-543204516334 611 1790680713.549 2|shos_mqtt_conn.c:465    MQTT0: pub ampere/q11dev/debug/log @ 0 (116) -> 0
13:18:28 ampere/q11dev/debug/log apq11dev-543204516334 612 1790680713.553 2|shos_mqtt_conn.c:465    MQTT0: pub ampere/q11dev/debug/log @ 0 (116) -> 0
13:18:28 ampere/q11dev/debug/log apq11dev-543204516334 613 1790680713.614 2|shos_mqtt_conn.c:465    MQTT0: pub ampere/q11dev/debug/log @ 0 (116) -> 0
13:18:28 ampere/q11dev/debug/log apq11dev-543204516334 614 1790680713.619 2|shos_mqtt_conn.c:465    MQTT0: pub ampere/q11dev/debug/log @ 0 (116) -> 0
13:18:28 ampere/q11dev/debug/log apq11dev-543204516334 615 1790680713.623 2|shos_mqtt_conn.c:465    MQTT0: pub ampere/q11dev/debug/log @ 0 (116) -> 0
13:18:28 ampere/q11dev/debug/log apq11dev-543204516334 616 1790680713.627 2|shos_mqtt_conn.c:465    MQTT0: pub ampere/q11dev/debug/log @ 0 (116) -> 0
13:18:28 ampere/q11dev/debug/log apq11dev-543204516334 617 1790680713.675 2|shos_mqtt_conn.c:465    MQTT0: pub ampere/q11dev/debug/log @ 0 (116) -> 0
13:18:28 ampere/q11dev/debug/log apq11dev-543204516334 618 1790680713.680 2|shos_mqtt_conn.c:465    MQTT0: pub ampere/q11dev/debug/log @ 0 (116) -> 0
13:18:28 ampere/q11dev/debug/log apq11dev-543204516334 619 1790680713.684 2|shos_mqtt_conn.c:465    MQTT0: pub ampere/q11dev/debug/log @ 0 (116) -> 0
13:18:28 ampere/q11dev/debug/log apq11dev-543204516334 620 1790680713.688 2|shos_mqtt_conn.c:465    MQTT0: pub ampere/q11dev/debug/log @ 0 (116) -> 0
13:18:28 ampere/q11dev/debug/log apq11dev-543204516334 621 1790680713.737 2|shos_mqtt_conn.c:465    MQTT0: pub ampere/q11dev/debug/log @ 0 (116) -> 0
13:18:28 ampere/q11dev/debug/log apq11dev-543204516334 622 1790680713.741 2|shos_mqtt_conn.c:465    MQTT0: pub ampere/q11dev/debug/log @ 0 (116) -> 0
13:18:28 ampere/q11dev/debug/log apq11dev-543204516334 623 1790680713.745 2|shos_mqtt_conn.c:465    MQTT0: pub ampere/q11dev/debug/log @ 0 (116) -> 0
13:18:28 ampere/q11dev/debug/log apq11dev-543204516334 624 1790680713.749 2|shos_mqtt_conn.c:465    MQTT0: pub ampere/q11dev/debug/log @ 0 (116) -> 0
13:18:28 ampere/q11dev/debug/log apq11dev-543204516334 625 1790680713.826 2|shos_mqtt_conn.c:465    MQTT0: pub ampere/q11dev/debug/log @ 0 (116) -> 0
13:18:28 ampere/q11dev/debug/log apq11dev-543204516334 626 1790680713.830 2|shos_mqtt_conn.c:465    MQTT0: pub ampere/q11dev/debug/log @ 0 (116) -> 0
13:18:28 ampere/q11dev/debug/log apq11dev-543204516334 627 1790680713.834 2|shos_mqtt_conn.c:465    MQTT0: pub ampere/q11dev/debug/log @ 0 (116) -> 0
13:18:28 ampere/q11dev/debug/log apq11dev-543204516334 628 1790680713.838 2|shos_mqtt_conn.c:465    MQTT0: pub ampere/q11dev/debug/log @ 0 (116) -> 0
13:18:28 ampere/q11dev/debug/log apq11dev-543204516334 629 1790680713.893 2|shos_mqtt_conn.c:465    MQTT0: pub ampere/q11dev/debug/log @ 0 (116) -> 0
13:18:28 ampere/q11dev/debug/log apq11dev-543204516334 630 1790680713.898 2|shos_mqtt_conn.c:465    MQTT0: pub ampere/q11dev/debug/log @ 0 (116) -> 0
13:18:28 ampere/q11dev/debug/log apq11dev-543204516334 631 1790680713.902 2|shos_mqtt_conn.c:465    MQTT0: pub ampere/q11dev/debug/log @ 0 (116) -> 0
13:18:28 ampere/q11dev/debug/log apq11dev-543204516334 632 1790680713.906 2|shos_mqtt_conn.c:465    MQTT0: pub ampere/q11dev/debug/log @ 0 (116) -> 0
13:18:28 ampere/q11dev/debug/log apq11dev-543204516334 633 1790680713.954 2|shos_mqtt_conn.c:465    MQTT0: pub ampere/q11dev/debug/log @ 0 (116) -> 0
13:18:28 ampere/q11dev/debug/log apq11dev-543204516334 634 1790680713.958 2|shos_mqtt_conn.c:465    MQTT0: pub ampere/q11dev/debug/log @ 0 (116) -> 0
13:18:29 ampere/q11dev/debug/log apq11dev-543204516334 635 1790680713.962 2|shos_mqtt_conn.c:465    MQTT0: pub ampere/q11dev/debug/log @ 0 (116) -> 0
13:18:29 ampere/q11dev/debug/log apq11dev-543204516334 636 1790680713.966 2|shos_mqtt_conn.c:465    MQTT0: pub ampere/q11dev/debug/log @ 0 (116) -> 0
13:18:29 ampere/q11dev/debug/log apq11dev-543204516334 637 1790680714.027 2|shos_mqtt_conn.c:465    MQTT0: pub ampere/q11dev/debug/log @ 0 (116) -> 0
13:18:29 ampere/q11dev/debug/log apq11dev-543204516334 638 1790680714.031 2|shos_mqtt_conn.c:465    MQTT0: pub ampere/q11dev/debug/log @ 0 (116) -> 0
13:18:29 ampere/q11dev/debug/log apq11dev-543204516334 639 1790680714.036 2|shos_mqtt_conn.c:465    MQTT0: pub ampere/q11dev/debug/log @ 0 (116) -> 0
13:18:29 ampere/q11dev/debug/log apq11dev-543204516334 640 1790680714.040 2|shos_mqtt_conn.c:465    MQTT0: pub ampere/q11dev/debug/log @ 0 (116) -> 0
13:18:29 ampere/q11dev/debug/log apq11dev-543204516334 641 1790680714.088 2|shos_mqtt_conn.c:465    MQTT0: pub ampere/q11dev/debug/log @ 0 (116) -> 0
13:18:29 ampere/q11dev/debug/log apq11dev-543204516334 642 1790680714.092 2|shos_mqtt_conn.c:465    MQTT0: pub ampere/q11dev/debug/log @ 0 (116) -> 0
13:18:29 ampere/q11dev/debug/log apq11dev-543204516334 643 1790680714.096 2|shos_mqtt_conn.c:465    MQTT0: pub ampere/q11dev/debug/log @ 0 (116) -> 0
13:18:29 ampere/q11dev/debug/log apq11dev-543204516334 644 1790680714.100 2|shos_mqtt_conn.c:465    MQTT0: pub ampere/q11dev/debug/log @ 0 (116) -> 0
13:18:29 ampere/q11dev/debug/log apq11dev-543204516334 645 1790680714.165 2|esp32xx_wifi_if.cpp:234 PK check: link 1 gw 1 UC 274 MC 38 ctr 5/105 ping 0 num_act 0
13:18:29 ampere/q11dev/debug/log apq11dev-543204516334 646 1790680714.170 2|hos_lwip_eth_if.cpp:513 ws(0x3fcde634): Status: server 0 oper_up 1 link_up 1/1 hf 82532
13:18:29 ampere/q11dev/debug/log apq11dev-543204516334 647 1790680714.174 2|shos_mqtt_conn.c:465    MQTT0: pub ampere/q11dev/debug/log @ 0 (116) -> 0
13:18:29 ampere/q11dev/debug/log apq11dev-543204516334 648 1790680714.178 2|shos_mqtt_conn.c:465    MQTT0: pub ampere/q11dev/debug/log @ 0 (116) -> 0
13:18:29 ampere/q11dev/debug/log apq11dev-543204516334 649 1790680714.233 2|shos_mqtt_conn.c:465    MQTT0: pub ampere/q11dev/debug/log @ 0 (116) -> 0
13:18:29 ampere/q11dev/debug/log apq11dev-543204516334 650 1790680714.237 2|shos_mqtt_conn.c:465    MQTT0: pub ampere/q11dev/debug/log @ 0 (116) -> 0
13:18:29 ampere/q11dev/debug/log apq11dev-543204516334 651 1790680714.241 2|shos_mqtt_conn.c:465    MQTT0: pub ampere/q11dev/debug/log @ 0 (116) -> 0
13:18:29 ampere/q11dev/debug/log apq11dev-543204516334 652 1790680714.245 2|shos_mqtt_conn.c:465    MQTT0: pub ampere/q11dev/debug/log @ 0 (116) -> 0
13:18:29 ampere/q11dev/debug/log apq11dev-543204516334 653 1790680714.402 2|shos_mqtt_conn.c:465    MQTT0: pub ampere/q11dev/debug/log @ 0 (116) -> 0
13:18:29 ampere/q11dev/debug/log apq11dev-543204516334 654 1790680714.406 2|shos_mqtt_conn.c:465    MQTT0: pub ampere/q11dev/debug/log @ 0 (116) -> 0
13:18:29 ampere/q11dev/debug/log apq11dev-543204516334 655 1790680714.410 2|shos_mqtt_conn.c:465    MQTT0: pub ampere/q11dev/debug/log @ 0 (116) -> 0
13:18:29 ampere/q11dev/debug/log apq11dev-543204516334 656 1790680714.414 2|shos_mqtt_conn.c:465    MQTT0: pub ampere/q11dev/debug/log @ 0 (116) -> 0
13:18:29 ampere/q11dev/debug/log apq11dev-543204516334 657 1790680714.483 2|shos_mqtt_conn.c:465    MQTT0: pub ampere/q11dev/debug/log @ 0 (116) -> 0
13:18:29 ampere/q11dev/debug/log apq11dev-543204516334 658 1790680714.488 2|shos_mqtt_conn.c:465    MQTT0: pub ampere/q11dev/debug/log @ 0 (116) -> 0
13:18:29 ampere/q11dev/debug/log apq11dev-543204516334 659 1790680714.492 2|shos_mqtt_conn.c:465    MQTT0: pub ampere/q11dev/debug/log @ 0 (128) -> 0
13:18:29 ampere/q11dev/debug/log apq11dev-543204516334 660 1790680714.496 2|shos_mqtt_conn.c:465    MQTT0: pub ampere/q11dev/debug/log @ 0 (130) -> 0
13:18:29 ampere/q11dev/debug/log apq11dev-543204516334 661 1790680714.548 2|shos_mqtt_conn.c:465    MQTT0: pub ampere/q11dev/debug/log @ 0 (116) -> 0
13:18:29 ampere/q11dev/debug/log apq11dev-543204516334 662 1790680714.552 2|shos_mqtt_conn.c:465    MQTT0: pub ampere/q11dev/debug/log @ 0 (116) -> 0
13:18:29 ampere/q11dev/debug/log apq11dev-543204516334 663 1790680714.556 2|shos_mqtt_conn.c:465    MQTT0: pub ampere/q11dev/debug/log @ 0 (116) -> 0
13:18:29 ampere/q11dev/debug/log apq11dev-543204516334 664 1790680714.560 2|shos_mqtt_conn.c:465    MQTT0: pub ampere/q11dev/debug/log @ 0 (116) -> 0
13:18:29 ampere/q11dev/debug/log apq11dev-543204516334 665 1790680714.622 2|shos_mqtt_conn.c:465    MQTT0: pub ampere/q11dev/debug/log @ 0 (116) -> 0
13:18:29 ampere/q11dev/debug/log apq11dev-543204516334 666 1790680714.626 2|shos_mqtt_conn.c:465    MQTT0: pub ampere/q11dev/debug/log @ 0 (116) -> 0
13:18:29 ampere/q11dev/debug/log apq11dev-543204516334 667 1790680714.630 2|shos_mqtt_conn.c:465    MQTT0: pub ampere/q11dev/debug/log @ 0 (116) -> 0
13:18:29 ampere/q11dev/debug/log apq11dev-543204516334 668 1790680714.634 2|shos_mqtt_conn.c:465    MQTT0: pub ampere/q11dev/debug/log @ 0 (116) -> 0
13:18:29 ampere/q11dev/debug/log apq11dev-543204516334 669 1790680714.682 2|shos_mqtt_conn.c:465    MQTT0: pub ampere/q11dev/debug/log @ 0 (116) -> 0
13:18:30 ampere/q11dev/debug/log apq11dev-543204516334 670 1790680714.686 2|shos_mqtt_conn.c:465    MQTT0: pub ampere/q11dev/debug/log @ 0 (116) -> 0
13:18:30 ampere/q11dev/debug/log apq11dev-543204516334 671 1790680714.690 2|shos_mqtt_conn.c:465    MQTT0: pub ampere/q11dev/debug/log @ 0 (116) -> 0
13:18:30 ampere/q11dev/debug/log apq11dev-543204516334 672 1790680714.694 2|shos_mqtt_conn.c:465    MQTT0: pub ampere/q11dev/debug/log @ 0 (116) -> 0
13:18:30 ampere/q11dev/debug/log apq11dev-543204516334 673 1790680714.743 2|shos_mqtt_conn.c:465    MQTT0: pub ampere/q11dev/debug/log @ 0 (116) -> 0
13:18:30 ampere/q11dev/debug/log apq11dev-543204516334 674 1790680714.748 2|shos_mqtt_conn.c:465    MQTT0: pub ampere/q11dev/debug/log @ 0 (116) -> 0
13:18:30 ampere/q11dev/debug/log apq11dev-543204516334 675 1790680714.752 2|shos_mqtt_conn.c:465    MQTT0: pub ampere/q11dev/debug/log @ 0 (116) -> 0
13:18:30 ampere/q11dev/debug/log apq11dev-543204516334 676 1790680714.756 2|shos_mqtt_conn.c:465    MQTT0: pub ampere/q11dev/debug/log @ 0 (116) -> 0
13:18:30 ampere/q11dev/debug/log apq11dev-543204516334 677 1790680714.816 2|shos_mqtt_conn.c:465    MQTT0: pub ampere/q11dev/debug/log @ 0 (116) -> 0
13:18:30 ampere/q11dev/debug/log apq11dev-543204516334 678 1790680714.820 2|shos_mqtt_conn.c:465    MQTT0: pub ampere/q11dev/debug/log @ 0 (116) -> 0
13:18:30 ampere/q11dev/debug/log apq11dev-543204516334 679 1790680714.825 2|shos_mqtt_conn.c:465    MQTT0: pub ampere/q11dev/debug/log @ 0 (116) -> 0
13:18:30 ampere/q11dev/debug/log apq11dev-543204516334 680 1790680714.829 2|shos_mqtt_conn.c:465    MQTT0: pub ampere/q11dev/debug/log @ 0 (116) -> 0
13:18:30 ampere/q11dev/debug/log apq11dev-543204516334 681 1790680714.877 2|shos_mqtt_conn.c:465    MQTT0: pub ampere/q11dev/debug/log @ 0 (116) -> 0
13:18:30 ampere/q11dev/debug/log apq11dev-543204516334 682 1790680714.881 2|shos_mqtt_conn.c:465    MQTT0: pub ampere/q11dev/debug/log @ 0 (116) -> 0
13:18:30 ampere/q11dev/debug/log apq11dev-543204516334 683 1790680714.885 2|shos_mqtt_conn.c:465    MQTT0: pub ampere/q11dev/debug/log @ 0 (116) -> 0
13:18:30 ampere/q11dev/debug/log apq11dev-543204516334 684 1790680714.889 2|shos_mqtt_conn.c:465    MQTT0: pub ampere/q11dev/debug/log @ 0 (116) -> 0
13:18:30 ampere/q11dev/debug/log apq11dev-543204516334 685 1790680714.976 2|shos_mqtt_conn.c:465    MQTT0: pub ampere/q11dev/debug/log @ 0 (116) -> -1
13:18:30 ampere/q11dev/debug/log apq11dev-543204516334 686 1790680715.018 2|shos_mqtt_conn.c:465    MQTT0: pub ampere/q11dev/debug/log @ 0 (116) -> 0
13:18:30 ampere/q11dev/debug/log apq11dev-543204516334 687 1790680715.023 2|shos_mqtt_conn.c:465    MQTT0: pub ampere/q11dev/debug/log @ 0 (116) -> 0
13:18:30 ampere/q11dev/debug/log apq11dev-543204516334 688 1790680715.026 2|shos_mqtt_conn.c:465    MQTT0: pub ampere/q11dev/debug/log @ 0 (116) -> 0
13:18:30 ampere/q11dev/debug/log apq11dev-543204516334 689 1790680715.031 2|shos_mqtt_conn.c:465    MQTT0: pub ampere/q11dev/debug/log @ 0 (116) -> 0
13:18:30 ampere/q11dev/debug/log apq11dev-543204516334 690 1790680715.035 2|shos_mqtt_conn.c:465    MQTT0: pub ampere/q11dev/debug/log @ 0 (116) -> -1
13:18:30 ampere/q11dev/debug/log apq11dev-543204516334 691 1790680715.079 2|shos_mqtt_conn.c:465    MQTT0: pub ampere/q11dev/debug/log @ 0 (116) -> 0
13:18:30 ampere/q11dev/debug/log apq11dev-543204516334 692 1790680715.083 2|shos_mqtt_conn.c:465    MQTT0: pub ampere/q11dev/debug/log @ 0 (116) -> 0
13:18:30 ampere/q11dev/debug/log apq11dev-543204516334 693 1790680715.087 2|shos_mqtt_conn.c:465    MQTT0: pub ampere/q11dev/debug/log @ 0 (116) -> 0
13:18:30 ampere/q11dev/debug/log apq11dev-543204516334 694 1790680715.091 2|shos_mqtt_conn.c:465    MQTT0: pub ampere/q11dev/debug/log @ 0 (116) -> 0
13:18:30 ampere/q11dev/debug/log apq11dev-543204516334 695 1790680715.095 2|shos_mqtt_conn.c:465    MQTT0: pub ampere/q11dev/debug/log @ 0 (116) -> -1
13:18:30 ampere/q11dev/debug/log apq11dev-543204516334 696 1790680715.108 2|shos_mqtt_conn.c:465    MQTT0: pub ampere/q11dev/debug/log @ 0 (116) -> -1
13:18:30 ampere/q11dev/debug/log apq11dev-543204516334 697 1790680715.152 2|shos_mqtt_conn.c:465    MQTT0: pub ampere/q11dev/debug/log @ 0 (116) -> 0
13:18:30 ampere/q11dev/debug/log apq11dev-543204516334 698 1790680715.156 2|shos_mqtt_conn.c:465    MQTT0: pub ampere/q11dev/debug/log @ 0 (116) -> 0
13:18:30 ampere/q11dev/debug/log apq11dev-543204516334 699 1790680715.160 2|shos_mqtt_conn.c:465    MQTT0: pub ampere/q11dev/debug/log @ 0 (117) -> 0
13:18:30 ampere/q11dev/debug/log apq11dev-543204516334 700 1790680715.164 2|shos_mqtt_conn.c:465    MQTT0: pub ampere/q11dev/debug/log @ 0 (116) -> 0
13:18:30 ampere/q11dev/debug/log apq11dev-543204516334 701 1790680715.213 2|shos_mqtt_conn.c:465    MQTT0: pub ampere/q11dev/debug/log @ 0 (116) -> 0
13:18:30 ampere/q11dev/debug/log apq11dev-543204516334 702 1790680715.218 2|shos_mqtt_conn.c:465    MQTT0: pub ampere/q11dev/debug/log @ 0 (116) -> 0
13:18:30 ampere/q11dev/debug/log apq11dev-543204516334 703 1790680715.223 2|shos_mqtt_conn.c:465    MQTT0: pub ampere/q11dev/debug/log @ 0 (116) -> 0
13:18:30 ampere/q11dev/debug/log apq11dev-543204516334 704 1790680715.227 2|shos_mqtt_conn.c:465    MQTT0: pub ampere/q11dev/debug/log @ 0 (117) -> 0
13:18:30 ampere/q11dev/debug/log apq11dev-543204516334 705 1790680715.286 2|shos_mqtt_conn.c:465    MQTT0: pub ampere/q11dev/debug/log @ 0 (116) -> 0
13:18:31 ampere/q11dev/debug/log apq11dev-543204516334 706 1790680715.291 2|shos_mqtt_conn.c:465    MQTT0: pub ampere/q11dev/debug/log @ 0 (116) -> 0
13:18:31 ampere/q11dev/debug/log apq11dev-543204516334 707 1790680715.295 2|shos_mqtt_conn.c:465    MQTT0: pub ampere/q11dev/debug/log @ 0 (116) -> 0
13:18:31 ampere/q11dev/debug/log apq11dev-543204516334 708 1790680715.299 2|shos_mqtt_conn.c:465    MQTT0: pub ampere/q11dev/debug/log @ 0 (116) -> 0
13:18:31 ampere/q11dev/debug/log apq11dev-543204516334 709 1790680715.347 2|shos_mqtt_conn.c:465    MQTT0: pub ampere/q11dev/debug/log @ 0 (117) -> 0
13:18:31 ampere/q11dev/debug/log apq11dev-543204516334 710 1790680715.351 2|shos_mqtt_conn.c:465    MQTT0: pub ampere/q11dev/debug/log @ 0 (117) -> 0
13:18:31 ampere/q11dev/debug/log apq11dev-543204516334 711 1790680715.355 2|shos_mqtt_conn.c:465    MQTT0: pub ampere/q11dev/debug/log @ 0 (116) -> 0
13:18:31 ampere/q11dev/debug/log apq11dev-543204516334 712 1790680715.359 2|shos_mqtt_conn.c:465    MQTT0: pub ampere/q11dev/debug/log @ 0 (116) -> 0
13:18:31 ampere/q11dev/debug/log apq11dev-543204516334 713 1790680715.420 2|shos_mqtt_conn.c:465    MQTT0: pub ampere/q11dev/debug/log @ 0 (116) -> 0
13:18:31 ampere/q11dev/debug/log apq11dev-543204516334 714 1790680715.424 2|shos_mqtt_conn.c:465    MQTT0: pub ampere/q11dev/debug/log @ 0 (116) -> 0
13:18:31 ampere/q11dev/debug/log apq11dev-543204516334 715 1790680715.428 2|shos_mqtt_conn.c:465    MQTT0: pub ampere/q11dev/debug/log @ 0 (116) -> 0
13:18:31 ampere/q11dev/debug/log apq11dev-543204516334 716 1790680715.432 2|shos_mqtt_conn.c:465    MQTT0: pub ampere/q11dev/debug/log @ 0 (116) -> 0
13:18:31 ampere/q11dev/debug/log apq11dev-543204516334 717 1790680715.487 2|shos_mqtt_conn.c:465    MQTT0: pub ampere/q11dev/debug/log @ 0 (116) -> 0
13:18:31 ampere/q11dev/debug/log apq11dev-543204516334 718 1790680715.491 2|shos_mqtt_conn.c:465    MQTT0: pub ampere/q11dev/debug/log @ 0 (116) -> 0
13:18:31 ampere/q11dev/debug/log apq11dev-543204516334 719 1790680715.495 2|shos_mqtt_conn.c:465    MQTT0: pub ampere/q11dev/debug/log @ 0 (116) -> 0
13:18:31 ampere/q11dev/debug/log apq11dev-543204516334 720 1790680715.500 2|shos_mqtt_conn.c:465    MQTT0: pub ampere/q11dev/debug/log @ 0 (116) -> 0
13:18:31 ampere/q11dev/debug/log apq11dev-543204516334 721 1790680715.551 2|shos_mqtt_conn.c:465    MQTT0: pub ampere/q11dev/debug/log @ 0 (116) -> 0
13:18:31 ampere/q11dev/debug/log apq11dev-543204516334 722 1790680715.556 2|shos_mqtt_conn.c:465    MQTT0: pub ampere/q11dev/debug/log @ 0 (116) -> 0
13:18:31 ampere/q11dev/debug/log apq11dev-543204516334 723 1790680715.560 2|shos_mqtt_conn.c:465    MQTT0: pub ampere/q11dev/debug/log @ 0 (116) -> 0
13:18:31 ampere/q11dev/debug/log apq11dev-543204516334 724 1790680715.564 2|shos_mqtt_conn.c:465    MQTT0: pub ampere/q11dev/debug/log @ 0 (116) -> 0
13:18:31 ampere/q11dev/debug/log apq11dev-543204516334 725 1790680715.627 2|shos_mqtt_conn.c:465    MQTT0: pub ampere/q11dev/debug/log @ 0 (116) -> 0
13:18:31 ampere/q11dev/debug/log apq11dev-543204516334 726 1790680715.631 2|shos_mqtt_conn.c:465    MQTT0: pub ampere/q11dev/debug/log @ 0 (116) -> 0
13:18:31 ampere/q11dev/debug/log apq11dev-543204516334 727 1790680715.635 2|shos_mqtt_conn.c:465    MQTT0: pub ampere/q11dev/debug/log @ 0 (116) -> 0
13:18:31 ampere/q11dev/debug/log apq11dev-543204516334 728 1790680715.639 2|shos_mqtt_conn.c:465    MQTT0: pub ampere/q11dev/debug/log @ 0 (116) -> 0
13:18:31 ampere/q11dev/debug/log apq11dev-543204516334 729 1790680715.688 2|shos_mqtt_conn.c:465    MQTT0: pub ampere/q11dev/debug/log @ 0 (116) -> 0
13:18:31 ampere/q11dev/debug/log apq11dev-543204516334 730 1790680715.693 2|shos_mqtt_conn.c:465    MQTT0: pub ampere/q11dev/debug/log @ 0 (116) -> 0
13:18:31 ampere/q11dev/debug/log apq11dev-543204516334 731 1790680715.697 2|shos_mqtt_conn.c:465    MQTT0: pub ampere/q11dev/debug/log @ 0 (116) -> 0
13:18:31 ampere/q11dev/debug/log apq11dev-543204516334 732 1790680715.701 2|shos_mqtt_conn.c:465    MQTT0: pub ampere/q11dev/debug/log @ 0 (116) -> 0
13:18:31 ampere/q11dev/debug/log apq11dev-543204516334 733 1790680715.749 2|shos_mqtt_conn.c:465    MQTT0: pub ampere/q11dev/debug/log @ 0 (116) -> 0
13:18:31 ampere/q11dev/debug/log apq11dev-543204516334 734 1790680715.753 2|shos_mqtt_conn.c:465    MQTT0: pub ampere/q11dev/debug/log @ 0 (116) -> 0
13:18:31 ampere/q11dev/debug/log apq11dev-543204516334 735 1790680715.758 2|shos_mqtt_conn.c:465    MQTT0: pub ampere/q11dev/debug/log @ 0 (116) -> 0
13:18:31 ampere/q11dev/debug/log apq11dev-543204516334 736 1790680715.762 2|shos_mqtt_conn.c:465    MQTT0: pub ampere/q11dev/debug/log @ 0 (116) -> 0
13:18:31 ampere/q11dev/debug/log apq11dev-543204516334 737 1790680715.821 2|shos_mqtt_conn.c:465    MQTT0: pub ampere/q11dev/debug/log @ 0 (116) -> 0
13:18:31 ampere/q11dev/debug/log apq11dev-543204516334 738 1790680715.826 2|shos_mqtt_conn.c:465    MQTT0: pub ampere/q11dev/debug/log @ 0 (116) -> 0
13:18:31 ampere/q11dev/debug/log apq11dev-543204516334 739 1790680715.830 2|shos_mqtt_conn.c:465    MQTT0: pub ampere/q11dev/debug/log @ 0 (116) -> 0
13:18:31 ampere/q11dev/debug/log apq11dev-543204516334 740 1790680715.834 2|shos_mqtt_conn.c:465    MQTT0: pub ampere/q11dev/debug/log @ 0 (116) -> 0
13:18:31 ampere/q11dev/debug/log apq11dev-543204516334 741 1790680715.890 2|shos_mqtt_conn.c:465    MQTT0: pub ampere/q11dev/debug/log @ 0 (116) -> 0
13:18:32 ampere/q11dev/debug/log apq11dev-543204516334 742 1790680715.894 2|shos_mqtt_conn.c:465    MQTT0: pub ampere/q11dev/debug/log @ 0 (116) -> 0
13:18:32 ampere/q11dev/debug/log apq11dev-543204516334 743 1790680715.898 2|shos_mqtt_conn.c:465    MQTT0: pub ampere/q11dev/debug/log @ 0 (116) -> 0
13:18:32 ampere/q11dev/debug/log apq11dev-543204516334 744 1790680715.902 2|shos_mqtt_conn.c:465    MQTT0: pub ampere/q11dev/debug/log @ 0 (116) -> 0
13:18:32 ampere/q11dev/debug/log apq11dev-543204516334 745 1790680716.053 2|shelly_tmcu.cpp:598     RX: 0x24 v=3 [] (state Ready)
13:18:32 ampere/q11dev/debug/log apq11dev-543204516334 746 1790680716.057 2|shos_mqtt_conn.c:465    MQTT0: pub ampere/q11dev/debug/log @ 0 (116) -> 0
13:18:32 ampere/q11dev/debug/log apq11dev-543204516334 747 1790680716.061 2|shos_mqtt_conn.c:465    MQTT0: pub ampere/q11dev/debug/log @ 0 (116) -> 0
13:18:32 ampere/q11dev/debug/log apq11dev-543204516334 748 1790680716.065 2|shos_mqtt_conn.c:465    MQTT0: pub ampere/q11dev/debug/log @ 0 (116) -> 0
13:18:32 ampere/q11dev/debug/log apq11dev-543204516334 749 1790680716.070 2|shos_mqtt_conn.c:465    MQTT0: pub ampere/q11dev/debug/log @ 0 (116) -> 0
13:18:32 ampere/q11dev/debug/log apq11dev-543204516334 750 1790680716.074 2|shos_mqtt_conn.c:465    MQTT0: pub ampere/q11dev/debug/log @ 0 (116) -> -1
13:18:32 ampere/q11dev/debug/log apq11dev-543204516334 751 1790680716.077 2|shelly_tmcu.cpp:927     Process 1 commands
13:18:32 ampere/q11dev/debug/log apq11dev-543204516334 752 1790680716.081 2|shelly_tmcu.cpp:890     TX: 0x24 v=3 [c7] (Ready)
13:18:32 ampere/q11dev/debug/log apq11dev-543204516334 753 1790680716.132 2|shos_mqtt_conn.c:465    MQTT0: pub ampere/q11dev/debug/log @ 0 (116) -> 0
13:18:32 ampere/q11dev/debug/log apq11dev-543204516334 754 1790680716.136 2|shos_mqtt_conn.c:465    MQTT0: pub ampere/q11dev/debug/log @ 0 (116) -> 0
13:18:32 ampere/q11dev/debug/log apq11dev-543204516334 755 1790680716.141 2|shos_mqtt_conn.c:465    MQTT0: pub ampere/q11dev/debug/log @ 0 (116) -> 0
13:18:32 ampere/q11dev/debug/log apq11dev-543204516334 756 1790680716.145 2|shos_mqtt_conn.c:465    MQTT0: pub ampere/q11dev/debug/log @ 0 (116) -> 0
13:18:32 ampere/q11dev/debug/log apq11dev-543204516334 757 1790680716.149 2|shos_mqtt_conn.c:465    MQTT0: pub ampere/q11dev/debug/log @ 0 (116) -> -1
13:18:32 ampere/q11dev/debug/log apq11dev-543204516334 758 1790680716.213 2|esp32xx_wifi_if.cpp:234 PK check: link 1 gw 1 UC 330 MC 40 ctr 6/105 ping 0 num_act 0
13:18:32 ampere/q11dev/debug/log apq11dev-543204516334 759 1790680716.218 2|hos_lwip_eth_if.cpp:513 ws(0x3fcde634): Status: server 0 oper_up 1 link_up 1/1 hf 82232
13:18:32 ampere/q11dev/debug/log apq11dev-543204516334 760 1790680716.222 2|shos_mqtt_conn.c:465    MQTT0: pub ampere/q11dev/debug/log @ 0 (116) -> 0
13:18:32 ampere/q11dev/debug/log apq11dev-543204516334 761 1790680716.226 2|shos_mqtt_conn.c:465    MQTT0: pub ampere/q11dev/debug/log @ 0 (116) -> 0
13:18:32 ampere/q11dev/debug/log apq11dev-543204516334 762 1790680716.282 2|shos_mqtt_conn.c:465    MQTT0: pub ampere/q11dev/debug/log @ 0 (116) -> 0
13:18:32 ampere/q11dev/debug/log apq11dev-543204516334 763 1790680716.286 2|shos_mqtt_conn.c:465    MQTT0: pub ampere/q11dev/debug/log @ 0 (116) -> 0
13:18:32 ampere/q11dev/debug/log apq11dev-543204516334 764 1790680716.290 2|shos_mqtt_conn.c:465    MQTT0: pub ampere/q11dev/debug/log @ 0 (116) -> 0
13:18:32 ampere/q11dev/debug/log apq11dev-543204516334 765 1790680716.341 2|shos_mqtt_conn.c:465    MQTT0: pub ampere/q11dev/debug/log @ 0 (85) -> 0
13:18:32 ampere/q11dev/debug/log apq11dev-543204516334 766 1790680716.346 2|shos_mqtt_conn.c:465    MQTT0: pub ampere/q11dev/debug/log @ 0 (92) -> 0
13:18:32 ampere/q11dev/debug/log apq11dev-543204516334 767 1790680716.350 2|shos_mqtt_conn.c:465    MQTT0: pub ampere/q11dev/debug/log @ 0 (116) -> 0
13:18:32 ampere/q11dev/debug/log apq11dev-543204516334 768 1790680716.354 2|shos_mqtt_conn.c:465    MQTT0: pub ampere/q11dev/debug/log @ 0 (116) -> 0
13:18:32 ampere/q11dev/debug/log apq11dev-543204516334 769 1790680716.402 2|shos_mqtt_conn.c:465    MQTT0: pub ampere/q11dev/debug/log @ 0 (116) -> 0
13:18:32 ampere/q11dev/debug/log apq11dev-543204516334 770 1790680716.406 2|shos_mqtt_conn.c:465    MQTT0: pub ampere/q11dev/debug/log @ 0 (116) -> 0
13:18:32 ampere/q11dev/debug/log apq11dev-543204516334 771 1790680716.410 2|shos_mqtt_conn.c:465    MQTT0: pub ampere/q11dev/debug/log @ 0 (117) -> 0
13:18:32 ampere/q11dev/debug/log apq11dev-543204516334 772 1790680716.414 2|shos_mqtt_conn.c:465    MQTT0: pub ampere/q11dev/debug/log @ 0 (128) -> 0
13:18:32 ampere/q11dev/debug/log apq11dev-543204516334 773 1790680716.462 2|shos_mqtt_conn.c:465    MQTT0: pub ampere/q11dev/debug/log @ 0 (130) -> 0
13:18:32 ampere/q11dev/debug/log apq11dev-543204516334 774 1790680716.466 2|shos_mqtt_conn.c:465    MQTT0: pub ampere/q11dev/debug/log @ 0 (116) -> 0
13:18:32 ampere/q11dev/debug/log apq11dev-543204516334 775 1790680716.470 2|shos_mqtt_conn.c:465    MQTT0: pub ampere/q11dev/debug/log @ 0 (116) -> 0
13:18:32 ampere/q11dev/debug/log apq11dev-543204516334 776 1790680716.475 2|shos_mqtt_conn.c:465    MQTT0: pub ampere/q11dev/debug/log @ 0 (116) -> 0
13:18:32 ampere/q11dev/debug/log apq11dev-543204516334 777 1790680716.525 2|shos_mqtt_conn.c:465    MQTT0: pub ampere/q11dev/debug/log @ 0 (116) -> 0
13:18:33 ampere/q11dev/debug/log apq11dev-543204516334 778 1790680716.529 2|shos_mqtt_conn.c:465    MQTT0: pub ampere/q11dev/debug/log @ 0 (116) -> 0
13:18:33 ampere/q11dev/debug/log apq11dev-543204516334 779 1790680716.534 2|shos_mqtt_conn.c:465    MQTT0: pub ampere/q11dev/debug/log @ 0 (115) -> 0
13:18:33 ampere/q11dev/debug/log apq11dev-543204516334 780 1790680716.539 2|shos_mqtt_conn.c:465    MQTT0: pub ampere/q11dev/debug/log @ 0 (115) -> 0
13:18:33 ampere/q11dev/debug/log apq11dev-543204516334 781 1790680716.587 2|shos_mqtt_conn.c:465    MQTT0: pub ampere/q11dev/debug/log @ 0 (116) -> 0
13:18:33 ampere/q11dev/debug/log apq11dev-543204516334 782 1790680716.591 2|shos_mqtt_conn.c:465    MQTT0: pub ampere/q11dev/debug/log @ 0 (116) -> 0
13:18:33 ampere/q11dev/debug/log apq11dev-543204516334 783 1790680716.595 2|shos_mqtt_conn.c:465    MQTT0: pub ampere/q11dev/debug/log @ 0 (116) -> 0
13:18:33 ampere/q11dev/debug/log apq11dev-543204516334 784 1790680716.600 2|shos_mqtt_conn.c:465    MQTT0: pub ampere/q11dev/debug/log @ 0 (116) -> 0
13:18:33 ampere/q11dev/debug/log apq11dev-543204516334 785 1790680716.648 2|shos_mqtt_conn.c:465    MQTT0: pub ampere/q11dev/debug/log @ 0 (116) -> 0
13:18:33 ampere/q11dev/debug/log apq11dev-543204516334 786 1790680716.652 2|shos_mqtt_conn.c:465    MQTT0: pub ampere/q11dev/debug/log @ 0 (116) -> 0
13:18:33 ampere/q11dev/debug/log apq11dev-543204516334 787 1790680716.656 2|shos_mqtt_conn.c:465    MQTT0: pub ampere/q11dev/debug/log @ 0 (116) -> 0
13:18:33 ampere/q11dev/debug/log apq11dev-543204516334 788 1790680716.660 2|shos_mqtt_conn.c:465    MQTT0: pub ampere/q11dev/debug/log @ 0 (116) -> 0
13:18:33 ampere/q11dev/debug/log apq11dev-543204516334 789 1790680716.759 2|shos_mqtt_conn.c:465    MQTT0: pub ampere/q11dev/debug/log @ 0 (116) -> 0
13:18:33 ampere/q11dev/debug/log apq11dev-543204516334 790 1790680716.763 2|shos_mqtt_conn.c:465    MQTT0: pub ampere/q11dev/debug/log @ 0 (116) -> 0
13:18:33 ampere/q11dev/debug/log apq11dev-543204516334 791 1790680716.767 2|shos_mqtt_conn.c:465    MQTT0: pub ampere/q11dev/debug/log @ 0 (116) -> 0
13:18:33 ampere/q11dev/debug/log apq11dev-543204516334 792 1790680716.771 2|shos_mqtt_conn.c:465    MQTT0: pub ampere/q11dev/debug/log @ 0 (116) -> 0
13:18:33 ampere/q11dev/debug/log apq11dev-543204516334 793 1790680716.832 2|shos_mqtt_conn.c:465    MQTT0: pub ampere/q11dev/debug/log @ 0 (116) -> 0
13:18:33 ampere/q11dev/debug/log apq11dev-543204516334 794 1790680716.836 2|shos_mqtt_conn.c:465    MQTT0: pub ampere/q11dev/debug/log @ 0 (116) -> 0
13:18:33 ampere/q11dev/debug/log apq11dev-543204516334 795 1790680716.840 2|shos_mqtt_conn.c:465    MQTT0: pub ampere/q11dev/debug/log @ 0 (116) -> 0
13:18:33 ampere/q11dev/debug/log apq11dev-543204516334 796 1790680716.845 2|shos_mqtt_conn.c:465    MQTT0: pub ampere/q11dev/debug/log @ 0 (116) -> 0
13:18:33 ampere/q11dev/debug/log apq11dev-543204516334 797 1790680716.946 2|shos_mqtt_conn.c:465    MQTT0: pub ampere/q11dev/debug/log @ 0 (116) -> 0
13:18:33 ampere/q11dev/debug/log apq11dev-543204516334 798 1790680716.950 2|shos_mqtt_conn.c:465    MQTT0: pub ampere/q11dev/debug/log @ 0 (116) -> 0
13:18:33 ampere/q11dev/debug/log apq11dev-543204516334 799 1790680716.954 2|shos_mqtt_conn.c:465    MQTT0: pub ampere/q11dev/debug/log @ 0 (116) -> 0
13:18:33 ampere/q11dev/debug/log apq11dev-543204516334 800 1790680716.958 2|shos_mqtt_conn.c:465    MQTT0: pub ampere/q11dev/debug/log @ 0 (116) -> 0
13:18:33 ampere/q11dev/debug/log apq11dev-543204516334 801 1790680717.009 2|shos_mqtt_conn.c:465    MQTT0: pub ampere/q11dev/debug/log @ 0 (116) -> 0
13:18:33 ampere/q11dev/debug/log apq11dev-543204516334 802 1790680717.013 2|shos_mqtt_conn.c:465    MQTT0: pub ampere/q11dev/debug/log @ 0 (116) -> 0
13:18:33 ampere/q11dev/debug/log apq11dev-543204516334 803 1790680717.017 2|shos_mqtt_conn.c:465    MQTT0: pub ampere/q11dev/debug/log @ 0 (116) -> 0
13:18:33 ampere/q11dev/debug/log apq11dev-543204516334 804 1790680717.021 2|shos_mqtt_conn.c:465    MQTT0: pub ampere/q11dev/debug/log @ 0 (116) -> 0
13:18:33 ampere/q11dev/debug/log apq11dev-543204516334 805 1790680717.070 2|shos_mqtt_conn.c:465    MQTT0: pub ampere/q11dev/debug/log @ 0 (116) -> 0
13:18:33 ampere/q11dev/debug/log apq11dev-543204516334 806 1790680717.075 2|shos_mqtt_conn.c:465    MQTT0: pub ampere/q11dev/debug/log @ 0 (116) -> 0
13:18:33 ampere/q11dev/debug/log apq11dev-543204516334 807 1790680717.079 2|shos_mqtt_conn.c:465    MQTT0: pub ampere/q11dev/debug/log @ 0 (116) -> 0
13:18:33 ampere/q11dev/debug/log apq11dev-543204516334 808 1790680717.083 2|shos_mqtt_conn.c:465    MQTT0: pub ampere/q11dev/debug/log @ 0 (116) -> 0
13:18:33 ampere/q11dev/debug/log apq11dev-543204516334 809 1790680717.131 2|shos_mqtt_conn.c:465    MQTT0: pub ampere/q11dev/debug/log @ 0 (116) -> 0
13:18:33 ampere/q11dev/debug/log apq11dev-543204516334 810 1790680717.135 2|shos_mqtt_conn.c:465    MQTT0: pub ampere/q11dev/debug/log @ 0 (116) -> 0
13:18:33 ampere/q11dev/debug/log apq11dev-543204516334 811 1790680717.139 2|shos_mqtt_conn.c:465    MQTT0: pub ampere/q11dev/debug/log @ 0 (116) -> 0
13:18:33 ampere/q11dev/debug/log apq11dev-543204516334 812 1790680717.144 2|shos_mqtt_conn.c:465    MQTT0: pub ampere/q11dev/debug/log @ 0 (116) -> 0
13:18:34 ampere/q11dev/debug/log apq11dev-543204516334 813 1790680717.191 2|shos_mqtt_conn.c:465    MQTT0: pub ampere/q11dev/debug/log @ 0 (116) -> 0
13:18:34 ampere/q11dev/debug/log apq11dev-543204516334 814 1790680717.195 2|shos_mqtt_conn.c:465    MQTT0: pub ampere/q11dev/debug/log @ 0 (116) -> 0
13:18:34 ampere/q11dev/debug/log apq11dev-543204516334 815 1790680717.199 2|shos_mqtt_conn.c:465    MQTT0: pub ampere/q11dev/debug/log @ 0 (116) -> 0
13:18:34 ampere/q11dev/debug/log apq11dev-543204516334 816 1790680717.204 2|shos_mqtt_conn.c:465    MQTT0: pub ampere/q11dev/debug/log @ 0 (116) -> 0
13:18:34 ampere/q11dev/debug/log apq11dev-543204516334 817 1790680717.253 2|shos_mqtt_conn.c:465    MQTT0: pub ampere/q11dev/debug/log @ 0 (116) -> 0
13:18:34 ampere/q11dev/debug/log apq11dev-543204516334 818 1790680717.257 2|shos_mqtt_conn.c:465    MQTT0: pub ampere/q11dev/debug/log @ 0 (116) -> 0
13:18:34 ampere/q11dev/debug/log apq11dev-543204516334 819 1790680717.262 2|shos_mqtt_conn.c:465    MQTT0: pub ampere/q11dev/debug/log @ 0 (116) -> 0
13:18:34 ampere/q11dev/debug/log apq11dev-543204516334 820 1790680717.266 2|shos_mqtt_conn.c:465    MQTT0: pub ampere/q11dev/debug/log @ 0 (116) -> 0
13:18:34 ampere/q11dev/debug/log apq11dev-543204516334 821 1790680717.321 2|shos_mqtt_conn.c:465    MQTT0: pub ampere/q11dev/debug/log @ 0 (116) -> 0
13:18:34 ampere/q11dev/debug/log apq11dev-543204516334 822 1790680717.325 2|shos_mqtt_conn.c:465    MQTT0: pub ampere/q11dev/debug/log @ 0 (116) -> 0
13:18:34 ampere/q11dev/debug/log apq11dev-543204516334 823 1790680717.329 2|shos_mqtt_conn.c:465    MQTT0: pub ampere/q11dev/debug/log @ 0 (116) -> 0
13:18:34 ampere/q11dev/debug/log apq11dev-543204516334 824 1790680717.333 2|shos_mqtt_conn.c:465    MQTT0: pub ampere/q11dev/debug/log @ 0 (116) -> 0
13:18:34 ampere/q11dev/debug/log apq11dev-543204516334 825 1790680717.384 2|shos_mqtt_conn.c:465    MQTT0: pub ampere/q11dev/debug/log @ 0 (116) -> 0
13:18:34 ampere/q11dev/debug/log apq11dev-543204516334 826 1790680717.388 2|shos_mqtt_conn.c:465    MQTT0: pub ampere/q11dev/debug/log @ 0 (116) -> 0
13:18:34 ampere/q11dev/debug/log apq11dev-543204516334 827 1790680717.393 2|shos_mqtt_conn.c:465    MQTT0: pub ampere/q11dev/debug/log @ 0 (116) -> 0
13:18:34 ampere/q11dev/debug/log apq11dev-543204516334 828 1790680717.397 2|shos_mqtt_conn.c:465    MQTT0: pub ampere/q11dev/debug/log @ 0 (116) -> 0
13:18:34 ampere/q11dev/debug/log apq11dev-543204516334 829 1790680717.446 2|shos_mqtt_conn.c:465    MQTT0: pub ampere/q11dev/debug/log @ 0 (116) -> 0
13:18:34 ampere/q11dev/debug/log apq11dev-543204516334 830 1790680717.450 2|shos_mqtt_conn.c:465    MQTT0: pub ampere/q11dev/debug/log @ 0 (116) -> 0
13:18:34 ampere/q11dev/debug/log apq11dev-543204516334 831 1790680717.454 2|shos_mqtt_conn.c:465    MQTT0: pub ampere/q11dev/debug/log @ 0 (116) -> 0
13:18:34 ampere/q11dev/debug/log apq11dev-543204516334 832 1790680717.459 2|shos_mqtt_conn.c:465    MQTT0: pub ampere/q11dev/debug/log @ 0 (116) -> 0
13:18:34 ampere/q11dev/debug/log apq11dev-543204516334 833 1790680717.507 2|shos_mqtt_conn.c:465    MQTT0: pub ampere/q11dev/debug/log @ 0 (116) -> 0
13:18:34 ampere/q11dev/debug/log apq11dev-543204516334 834 1790680717.511 2|shos_mqtt_conn.c:465    MQTT0: pub ampere/q11dev/debug/log @ 0 (116) -> 0
13:18:34 ampere/q11dev/debug/log apq11dev-543204516334 835 1790680717.516 2|shos_mqtt_conn.c:465    MQTT0: pub ampere/q11dev/debug/log @ 0 (116) -> 0
13:18:34 ampere/q11dev/debug/log apq11dev-543204516334 836 1790680717.520 2|shos_mqtt_conn.c:465    MQTT0: pub ampere/q11dev/debug/log @ 0 (116) -> 0
13:18:34 ampere/q11dev/debug/log apq11dev-543204516334 837 1790680717.568 2|shos_mqtt_conn.c:465    MQTT0: pub ampere/q11dev/debug/log @ 0 (116) -> 0
13:18:34 ampere/q11dev/debug/log apq11dev-543204516334 838 1790680717.572 2|shos_mqtt_conn.c:465    MQTT0: pub ampere/q11dev/debug/log @ 0 (116) -> 0
13:18:34 ampere/q11dev/debug/log apq11dev-543204516334 839 1790680717.577 2|shos_mqtt_conn.c:465    MQTT0: pub ampere/q11dev/debug/log @ 0 (116) -> 0
13:18:34 ampere/q11dev/debug/log apq11dev-543204516334 840 1790680717.581 2|shos_mqtt_conn.c:465    MQTT0: pub ampere/q11dev/debug/log @ 0 (116) -> 0
13:18:34 ampere/q11dev/debug/log apq11dev-543204516334 841 1790680717.629 2|shos_mqtt_conn.c:465    MQTT0: pub ampere/q11dev/debug/log @ 0 (116) -> 0
13:18:34 ampere/q11dev/debug/log apq11dev-543204516334 842 1790680717.633 2|shos_mqtt_conn.c:465    MQTT0: pub ampere/q11dev/debug/log @ 0 (116) -> 0
13:18:34 ampere/q11dev/debug/log apq11dev-543204516334 843 1790680717.637 2|shos_mqtt_conn.c:465    MQTT0: pub ampere/q11dev/debug/log @ 0 (116) -> 0
13:18:34 ampere/q11dev/debug/log apq11dev-543204516334 844 1790680717.641 2|shos_mqtt_conn.c:465    MQTT0: pub ampere/q11dev/debug/log @ 0 (116) -> 0
13:18:34 ampere/q11dev/debug/log apq11dev-543204516334 845 1790680717.702 2|shos_mqtt_conn.c:465    MQTT0: pub ampere/q11dev/debug/log @ 0 (116) -> 0
13:18:34 ampere/q11dev/debug/log apq11dev-543204516334 846 1790680717.706 2|shos_mqtt_conn.c:465    MQTT0: pub ampere/q11dev/debug/log @ 0 (116) -> 0
13:18:34 ampere/q11dev/debug/log apq11dev-543204516334 847 1790680717.710 2|shos_mqtt_conn.c:465    MQTT0: pub ampere/q11dev/debug/log @ 0 (116) -> 0
13:18:34 ampere/q11dev/debug/log apq11dev-543204516334 848 1790680717.715 2|shos_mqtt_conn.c:465    MQTT0: pub ampere/q11dev/debug/log @ 0 (116) -> 0
13:18:35 ampere/q11dev/debug/log apq11dev-543204516334 849 1790680717.764 2|shos_mqtt_conn.c:465    MQTT0: pub ampere/q11dev/debug/log @ 0 (116) -> 0
13:18:35 ampere/q11dev/debug/log apq11dev-543204516334 850 1790680717.768 2|shos_mqtt_conn.c:465    MQTT0: pub ampere/q11dev/debug/log @ 0 (116) -> 0
13:18:35 ampere/q11dev/debug/log apq11dev-543204516334 851 1790680717.772 2|shos_mqtt_conn.c:465    MQTT0: pub ampere/q11dev/debug/log @ 0 (116) -> 0
13:18:35 ampere/q11dev/debug/log apq11dev-543204516334 852 1790680717.776 2|shos_mqtt_conn.c:465    MQTT0: pub ampere/q11dev/debug/log @ 0 (116) -> 0
13:18:35 ampere/q11dev/debug/log apq11dev-543204516334 853 1790680717.824 2|shos_mqtt_conn.c:465    MQTT0: pub ampere/q11dev/debug/log @ 0 (116) -> 0
13:18:35 ampere/q11dev/debug/log apq11dev-543204516334 854 1790680717.828 2|shos_mqtt_conn.c:465    MQTT0: pub ampere/q11dev/debug/log @ 0 (116) -> 0
13:18:35 ampere/q11dev/debug/log apq11dev-543204516334 855 1790680717.832 2|shos_mqtt_conn.c:465    MQTT0: pub ampere/q11dev/debug/log @ 0 (116) -> 0
13:18:35 ampere/q11dev/debug/log apq11dev-543204516334 856 1790680717.836 2|shos_mqtt_conn.c:465    MQTT0: pub ampere/q11dev/debug/log @ 0 (116) -> 0
13:18:35 ampere/q11dev/debug/log apq11dev-543204516334 857 1790680717.897 2|shos_mqtt_conn.c:465    MQTT0: pub ampere/q11dev/debug/log @ 0 (116) -> 0
13:18:35 ampere/q11dev/debug/log apq11dev-543204516334 858 1790680717.901 2|shos_mqtt_conn.c:465    MQTT0: pub ampere/q11dev/debug/log @ 0 (116) -> 0
13:18:35 ampere/q11dev/debug/log apq11dev-543204516334 859 1790680717.905 2|shos_mqtt_conn.c:465    MQTT0: pub ampere/q11dev/debug/log @ 0 (116) -> 0
13:18:35 ampere/q11dev/debug/log apq11dev-543204516334 860 1790680717.909 2|shos_mqtt_conn.c:465    MQTT0: pub ampere/q11dev/debug/log @ 0 (116) -> 0
13:18:35 ampere/q11dev/debug/log apq11dev-543204516334 861 1790680717.960 2|shos_mqtt_conn.c:465    MQTT0: pub ampere/q11dev/debug/log @ 0 (116) -> 0
13:18:35 ampere/q11dev/debug/log apq11dev-543204516334 862 1790680717.964 2|shos_mqtt_conn.c:465    MQTT0: pub ampere/q11dev/debug/log @ 0 (116) -> 0
13:18:35 ampere/q11dev/debug/log apq11dev-543204516334 863 1790680717.968 2|shos_mqtt_conn.c:465    MQTT0: pub ampere/q11dev/debug/log @ 0 (116) -> 0
13:18:35 ampere/q11dev/debug/log apq11dev-543204516334 864 1790680717.973 2|shos_mqtt_conn.c:465    MQTT0: pub ampere/q11dev/debug/log @ 0 (116) -> 0
13:18:35 ampere/q11dev/debug/log apq11dev-543204516334 865 1790680718.034 2|shos_mqtt_conn.c:465    MQTT0: pub ampere/q11dev/debug/log @ 0 (116) -> 0
13:18:35 ampere/q11dev/debug/log apq11dev-543204516334 866 1790680718.039 2|shos_mqtt_conn.c:465    MQTT0: pub ampere/q11dev/debug/log @ 0 (116) -> 0
13:18:35 ampere/q11dev/debug/log apq11dev-543204516334 867 1790680718.043 2|shos_mqtt_conn.c:465    MQTT0: pub ampere/q11dev/debug/log @ 0 (116) -> 0
13:18:35 ampere/q11dev/debug/log apq11dev-543204516334 868 1790680718.047 2|shos_mqtt_conn.c:465    MQTT0: pub ampere/q11dev/debug/log @ 0 (116) -> 0
13:18:35 ampere/q11dev/debug/log apq11dev-543204516334 869 1790680718.094 2|shos_mqtt_conn.c:465    MQTT0: pub ampere/q11dev/debug/log @ 0 (116) -> 0
13:18:35 ampere/q11dev/debug/log apq11dev-543204516334 870 1790680718.098 2|shos_mqtt_conn.c:465    MQTT0: pub ampere/q11dev/debug/log @ 0 (116) -> 0
13:18:35 ampere/q11dev/debug/log apq11dev-543204516334 871 1790680718.102 2|shos_mqtt_conn.c:465    MQTT0: pub ampere/q11dev/debug/log @ 0 (116) -> 0
13:18:35 ampere/q11dev/debug/log apq11dev-543204516334 872 1790680718.106 2|shos_mqtt_conn.c:465    MQTT0: pub ampere/q11dev/debug/log @ 0 (116) -> 0
13:18:35 ampere/q11dev/debug/log apq11dev-543204516334 873 1790680718.165 2|shos_mqtt_conn.c:465    MQTT0: pub ampere/q11dev/debug/log @ 0 (116) -> 0
13:18:35 ampere/q11dev/debug/log apq11dev-543204516334 874 1790680718.169 2|shos_mqtt_conn.c:465    MQTT0: pub ampere/q11dev/debug/log @ 0 (116) -> 0
13:18:35 ampere/q11dev/debug/log apq11dev-543204516334 875 1790680718.173 2|shos_mqtt_conn.c:465    MQTT0: pub ampere/q11dev/debug/log @ 0 (116) -> 0
13:18:35 ampere/q11dev/debug/log apq11dev-543204516334 876 1790680718.178 2|shos_mqtt_conn.c:465    MQTT0: pub ampere/q11dev/debug/log @ 0 (116) -> 0
13:18:35 ampere/q11dev/debug/log apq11dev-543204516334 877 1790680718.242 2|esp32xx_wifi_if.cpp:234 PK check: link 1 gw 1 UC 390 MC 45 ctr 7/105 ping 0 num_act 0
13:18:35 ampere/q11dev/debug/log apq11dev-543204516334 878 1790680718.246 2|hos_lwip_eth_if.cpp:513 ws(0x3fcde634): Status: server 0 oper_up 1 link_up 1/1 hf 82628
13:18:35 ampere/q11dev/debug/log apq11dev-543204516334 879 1790680718.250 2|shos_mqtt_conn.c:465    MQTT0: pub ampere/q11dev/debug/log @ 0 (116) -> 0
13:18:35 ampere/q11dev/debug/log apq11dev-543204516334 880 1790680718.255 2|shos_mqtt_conn.c:465    MQTT0: pub ampere/q11dev/debug/log @ 0 (116) -> 0
13:18:35 ampere/q11dev/debug/log apq11dev-543204516334 881 1790680718.309 2|shos_mqtt_conn.c:465    MQTT0: pub ampere/q11dev/debug/log @ 0 (116) -> 0
13:18:35 ampere/q11dev/debug/log apq11dev-543204516334 882 1790680718.313 2|shos_mqtt_conn.c:465    MQTT0: pub ampere/q11dev/debug/log @ 0 (116) -> 0
13:18:35 ampere/q11dev/debug/log apq11dev-543204516334 883 1790680718.317 2|shos_mqtt_conn.c:465    MQTT0: pub ampere/q11dev/debug/log @ 0 (116) -> 0
13:18:36 ampere/q11dev/debug/log apq11dev-543204516334 884 1790680718.321 2|shos_mqtt_conn.c:465    MQTT0: pub ampere/q11dev/debug/log @ 0 (116) -> 0
13:18:36 ampere/q11dev/debug/log apq11dev-543204516334 885 1790680718.382 2|shos_mqtt_conn.c:465    MQTT0: pub ampere/q11dev/debug/log @ 0 (116) -> 0
13:18:36 ampere/q11dev/debug/log apq11dev-543204516334 886 1790680718.386 2|shos_mqtt_conn.c:465    MQTT0: pub ampere/q11dev/debug/log @ 0 (116) -> 0
13:18:36 ampere/q11dev/debug/log apq11dev-543204516334 887 1790680718.390 2|shos_mqtt_conn.c:465    MQTT0: pub ampere/q11dev/debug/log @ 0 (116) -> 0
13:18:36 ampere/q11dev/debug/log apq11dev-543204516334 888 1790680718.394 2|shos_mqtt_conn.c:465    MQTT0: pub ampere/q11dev/debug/log @ 0 (116) -> 0
13:18:36 ampere/q11dev/debug/log apq11dev-543204516334 889 1790680718.442 2|shos_mqtt_conn.c:465    MQTT0: pub ampere/q11dev/debug/log @ 0 (116) -> 0
13:18:36 ampere/q11dev/debug/log apq11dev-543204516334 890 1790680718.446 2|shos_mqtt_conn.c:465    MQTT0: pub ampere/q11dev/debug/log @ 0 (116) -> 0
13:18:36 ampere/q11dev/debug/log apq11dev-543204516334 891 1790680718.450 2|shos_mqtt_conn.c:465    MQTT0: pub ampere/q11dev/debug/log @ 0 (128) -> 0
13:18:36 ampere/q11dev/debug/log apq11dev-543204516334 892 1790680718.454 2|shos_mqtt_conn.c:465    MQTT0: pub ampere/q11dev/debug/log @ 0 (130) -> 0
13:18:36 ampere/q11dev/debug/log apq11dev-543204516334 893 1790680718.502 2|shos_mqtt_conn.c:465    MQTT0: pub ampere/q11dev/debug/log @ 0 (116) -> 0
13:18:36 ampere/q11dev/debug/log apq11dev-543204516334 894 1790680718.506 2|shos_mqtt_conn.c:465    MQTT0: pub ampere/q11dev/debug/log @ 0 (116) -> 0
13:18:36 ampere/q11dev/debug/log apq11dev-543204516334 895 1790680718.510 2|shos_mqtt_conn.c:465    MQTT0: pub ampere/q11dev/debug/log @ 0 (116) -> 0
13:18:36 ampere/q11dev/debug/log apq11dev-543204516334 896 1790680718.514 2|shos_mqtt_conn.c:465    MQTT0: pub ampere/q11dev/debug/log @ 0 (116) -> 0
13:18:36 ampere/q11dev/debug/log apq11dev-543204516334 897 1790680718.562 2|shos_mqtt_conn.c:465    MQTT0: pub ampere/q11dev/debug/log @ 0 (116) -> 0
13:18:36 ampere/q11dev/debug/log apq11dev-543204516334 898 1790680718.566 2|shos_mqtt_conn.c:465    MQTT0: pub ampere/q11dev/debug/log @ 0 (116) -> 0
13:18:36 ampere/q11dev/debug/log apq11dev-543204516334 899 1790680718.570 2|shos_mqtt_conn.c:465    MQTT0: pub ampere/q11dev/debug/log @ 0 (116) -> 0
13:18:36 ampere/q11dev/debug/log apq11dev-543204516334 900 1790680718.575 2|shos_mqtt_conn.c:465    MQTT0: pub ampere/q11dev/debug/log @ 0 (116) -> 0
13:18:36 ampere/q11dev/debug/log apq11dev-543204516334 901 1790680718.635 2|shos_mqtt_conn.c:465    MQTT0: pub ampere/q11dev/debug/log @ 0 (116) -> 0
13:18:36 ampere/q11dev/debug/log apq11dev-543204516334 902 1790680718.639 2|shos_mqtt_conn.c:465    MQTT0: pub ampere/q11dev/debug/log @ 0 (116) -> 0
13:18:36 ampere/q11dev/debug/log apq11dev-543204516334 903 1790680718.644 2|shos_mqtt_conn.c:465    MQTT0: pub ampere/q11dev/debug/log @ 0 (116) -> 0
13:18:36 ampere/q11dev/debug/log apq11dev-543204516334 904 1790680718.649 2|shos_mqtt_conn.c:465    MQTT0: pub ampere/q11dev/debug/log @ 0 (116) -> 0
13:18:36 ampere/q11dev/debug/log apq11dev-543204516334 905 1790680718.698 2|shos_mqtt_conn.c:465    MQTT0: pub ampere/q11dev/debug/log @ 0 (116) -> 0
13:18:36 ampere/q11dev/debug/log apq11dev-543204516334 906 1790680718.702 2|shos_mqtt_conn.c:465    MQTT0: pub ampere/q11dev/debug/log @ 0 (116) -> 0
13:18:36 ampere/q11dev/debug/log apq11dev-543204516334 907 1790680718.706 2|shos_mqtt_conn.c:465    MQTT0: pub ampere/q11dev/debug/log @ 0 (116) -> 0
13:18:36 ampere/q11dev/debug/log apq11dev-543204516334 908 1790680718.710 2|shos_mqtt_conn.c:465    MQTT0: pub ampere/q11dev/debug/log @ 0 (116) -> 0
13:18:36 ampere/q11dev/debug/log apq11dev-543204516334 909 1790680718.758 2|shos_mqtt_conn.c:465    MQTT0: pub ampere/q11dev/debug/log @ 0 (116) -> 0
13:18:36 ampere/q11dev/debug/log apq11dev-543204516334 910 1790680718.762 2|shos_mqtt_conn.c:465    MQTT0: pub ampere/q11dev/debug/log @ 0 (116) -> 0
13:18:36 ampere/q11dev/debug/log apq11dev-543204516334 911 1790680718.766 2|shos_mqtt_conn.c:465    MQTT0: pub ampere/q11dev/debug/log @ 0 (116) -> 0
13:18:36 ampere/q11dev/debug/log apq11dev-543204516334 912 1790680718.770 2|shos_mqtt_conn.c:465    MQTT0: pub ampere/q11dev/debug/log @ 0 (116) -> 0
13:18:36 ampere/q11dev/debug/log apq11dev-543204516334 913 1790680718.831 2|shos_mqtt_conn.c:465    MQTT0: pub ampere/q11dev/debug/log @ 0 (116) -> 0
13:18:36 ampere/q11dev/debug/log apq11dev-543204516334 914 1790680718.835 2|shos_mqtt_conn.c:465    MQTT0: pub ampere/q11dev/debug/log @ 0 (116) -> 0
13:18:36 ampere/q11dev/debug/log apq11dev-543204516334 915 1790680718.839 2|shos_mqtt_conn.c:465    MQTT0: pub ampere/q11dev/debug/log @ 0 (116) -> 0
13:18:36 ampere/q11dev/debug/log apq11dev-543204516334 916 1790680718.843 2|shos_mqtt_conn.c:465    MQTT0: pub ampere/q11dev/debug/log @ 0 (116) -> 0
13:18:36 ampere/q11dev/debug/log apq11dev-543204516334 917 1790680718.892 2|shos_mqtt_conn.c:465    MQTT0: pub ampere/q11dev/debug/log @ 0 (116) -> 0
13:18:36 ampere/q11dev/debug/log apq11dev-543204516334 918 1790680718.897 2|shos_mqtt_conn.c:465    MQTT0: pub ampere/q11dev/debug/log @ 0 (116) -> 0
13:18:37 ampere/q11dev/debug/log apq11dev-543204516334 919 1790680718.901 2|shos_mqtt_conn.c:465    MQTT0: pub ampere/q11dev/debug/log @ 0 (116) -> 0
13:18:37 ampere/q11dev/debug/log apq11dev-543204516334 920 1790680718.905 2|shos_mqtt_conn.c:465    MQTT0: pub ampere/q11dev/debug/log @ 0 (116) -> 0
13:18:37 ampere/q11dev/debug/log apq11dev-543204516334 921 1790680721.423 2|shos_mqtt_conn.c:465    MQTT0: pub ampere/q11dev/debug/log @ 0 (116) -> 0
13:18:37 ampere/q11dev/debug/log apq11dev-543204516334 922 1790680721.427 2|shos_mqtt_conn.c:465    MQTT0: pub ampere/q11dev/debug/log @ 0 (116) -> 0
13:18:37 ampere/q11dev/debug/log apq11dev-543204516334 923 1790680721.431 2|shos_mqtt_conn.c:465    MQTT0: pub ampere/q11dev/debug/log @ 0 (116) -> 0
13:18:37 ampere/q11dev/debug/log apq11dev-543204516334 924 1790680721.435 2|shos_mqtt_conn.c:465    MQTT0: pub ampere/q11dev/debug/log @ 0 (116) -> 0
13:18:37 ampere/q11dev/debug/log apq11dev-543204516334 925 1790680721.488 2|shos_mqtt_conn.c:465    MQTT0: pub ampere/q11dev/debug/log @ 0 (116) -> 0
13:18:37 ampere/q11dev/debug/log apq11dev-543204516334 926 1790680721.492 2|shos_mqtt_conn.c:465    MQTT0: pub ampere/q11dev/debug/log @ 0 (116) -> 0
13:18:37 ampere/q11dev/debug/log apq11dev-543204516334 927 1790680721.496 2|shos_mqtt_conn.c:465    MQTT0: pub ampere/q11dev/debug/log @ 0 (116) -> 0
13:18:37 ampere/q11dev/debug/log apq11dev-543204516334 928 1790680721.501 2|shos_mqtt_conn.c:465    MQTT0: pub ampere/q11dev/debug/log @ 0 (116) -> 0
13:18:37 ampere/q11dev/debug/log apq11dev-543204516334 929 1790680721.549 2|shos_mqtt_conn.c:465    MQTT0: pub ampere/q11dev/debug/log @ 0 (116) -> 0
13:18:37 ampere/q11dev/debug/log apq11dev-543204516334 930 1790680721.553 2|shos_mqtt_conn.c:465    MQTT0: pub ampere/q11dev/debug/log @ 0 (116) -> 0
13:18:37 ampere/q11dev/debug/log apq11dev-543204516334 931 1790680721.557 2|shos_mqtt_conn.c:465    MQTT0: pub ampere/q11dev/debug/log @ 0 (116) -> 0
13:18:37 ampere/q11dev/debug/log apq11dev-543204516334 932 1790680721.561 2|shos_mqtt_conn.c:465    MQTT0: pub ampere/q11dev/debug/log @ 0 (116) -> 0
13:18:37 ampere/q11dev/debug/log apq11dev-543204516334 933 1790680721.609 2|shos_mqtt_conn.c:465    MQTT0: pub ampere/q11dev/debug/log @ 0 (116) -> 0
13:18:37 ampere/q11dev/debug/log apq11dev-543204516334 934 1790680721.613 2|shos_mqtt_conn.c:465    MQTT0: pub ampere/q11dev/debug/log @ 0 (116) -> 0
13:18:37 ampere/q11dev/debug/log apq11dev-543204516334 935 1790680721.617 2|shos_mqtt_conn.c:465    MQTT0: pub ampere/q11dev/debug/log @ 0 (116) -> 0
13:18:37 ampere/q11dev/debug/log apq11dev-543204516334 936 1790680721.621 2|shos_mqtt_conn.c:465    MQTT0: pub ampere/q11dev/debug/log @ 0 (116) -> 0
13:18:37 ampere/q11dev/debug/log apq11dev-543204516334 937 1790680721.696 2|shos_mqtt_conn.c:465    MQTT0: pub ampere/q11dev/debug/log @ 0 (116) -> 0
13:18:37 ampere/q11dev/debug/log apq11dev-543204516334 938 1790680721.700 2|shos_mqtt_conn.c:465    MQTT0: pub ampere/q11dev/debug/log @ 0 (116) -> 0
13:18:37 ampere/q11dev/debug/log apq11dev-543204516334 939 1790680721.704 2|shos_mqtt_conn.c:465    MQTT0: pub ampere/q11dev/debug/log @ 0 (116) -> 0
13:18:37 ampere/q11dev/debug/log apq11dev-543204516334 940 1790680721.708 2|shos_mqtt_conn.c:465    MQTT0: pub ampere/q11dev/debug/log @ 0 (116) -> 0
13:18:37 ampere/q11dev/debug/log apq11dev-543204516334 941 1790680721.769 2|shos_mqtt_conn.c:465    MQTT0: pub ampere/q11dev/debug/log @ 0 (116) -> 0
13:18:37 ampere/q11dev/debug/log apq11dev-543204516334 942 1790680721.773 2|shos_mqtt_conn.c:465    MQTT0: pub ampere/q11dev/debug/log @ 0 (116) -> 0
13:18:37 ampere/q11dev/debug/log apq11dev-543204516334 943 1790680721.777 2|shos_mqtt_conn.c:465    MQTT0: pub ampere/q11dev/debug/log @ 0 (116) -> 0
13:18:37 ampere/q11dev/debug/log apq11dev-543204516334 944 1790680721.782 2|shos_mqtt_conn.c:465    MQTT0: pub ampere/q11dev/debug/log @ 0 (116) -> 0
13:18:37 ampere/q11dev/debug/log apq11dev-543204516334 945 1790680721.829 2|shos_mqtt_conn.c:465    MQTT0: pub ampere/q11dev/debug/log @ 0 (116) -> 0
13:18:37 ampere/q11dev/debug/log apq11dev-543204516334 946 1790680721.833 2|shos_mqtt_conn.c:465    MQTT0: pub ampere/q11dev/debug/log @ 0 (116) -> 0
13:18:37 ampere/q11dev/debug/log apq11dev-543204516334 947 1790680721.837 2|shos_mqtt_conn.c:465    MQTT0: pub ampere/q11dev/debug/log @ 0 (116) -> 0
13:18:37 ampere/q11dev/debug/log apq11dev-543204516334 948 1790680721.841 2|shos_mqtt_conn.c:465    MQTT0: pub ampere/q11dev/debug/log @ 0 (116) -> 0
13:18:37 ampere/q11dev/debug/log apq11dev-543204516334 949 1790680721.890 2|shos_mqtt_conn.c:465    MQTT0: pub ampere/q11dev/debug/log @ 0 (116) -> 0
13:18:37 ampere/q11dev/debug/log apq11dev-543204516334 950 1790680721.894 2|shos_mqtt_conn.c:465    MQTT0: pub ampere/q11dev/debug/log @ 0 (116) -> 0
13:18:37 ampere/q11dev/debug/log apq11dev-543204516334 951 1790680721.898 2|shos_mqtt_conn.c:465    MQTT0: pub ampere/q11dev/debug/log @ 0 (116) -> 0
13:18:37 ampere/q11dev/debug/log apq11dev-543204516334 952 1790680721.903 2|shos_mqtt_conn.c:465    MQTT0: pub ampere/q11dev/debug/log @ 0 (116) -> 0
13:18:37 ampere/q11dev/debug/log apq11dev-543204516334 953 1790680721.952 2|shos_mqtt_conn.c:465    MQTT0: pub ampere/q11dev/debug/log @ 0 (116) -> 0
13:18:38 ampere/q11dev/debug/log apq11dev-543204516334 954 1790680721.956 2|shos_mqtt_conn.c:465    MQTT0: pub ampere/q11dev/debug/log @ 0 (116) -> 0
13:18:38 ampere/q11dev/debug/log apq11dev-543204516334 955 1790680721.960 2|shos_mqtt_conn.c:465    MQTT0: pub ampere/q11dev/debug/log @ 0 (116) -> 0
13:18:38 ampere/q11dev/debug/log apq11dev-543204516334 956 1790680721.965 2|shos_mqtt_conn.c:465    MQTT0: pub ampere/q11dev/debug/log @ 0 (116) -> 0
13:18:38 ampere/q11dev/debug/log apq11dev-543204516334 957 1790680722.013 2|shos_mqtt_conn.c:465    MQTT0: pub ampere/q11dev/debug/log @ 0 (116) -> 0
13:18:38 ampere/q11dev/debug/log apq11dev-543204516334 958 1790680722.017 2|shos_mqtt_conn.c:465    MQTT0: pub ampere/q11dev/debug/log @ 0 (116) -> 0
13:18:38 ampere/q11dev/debug/log apq11dev-543204516334 959 1790680722.021 2|shos_mqtt_conn.c:465    MQTT0: pub ampere/q11dev/debug/log @ 0 (116) -> 0
13:18:38 ampere/q11dev/debug/log apq11dev-543204516334 960 1790680722.025 2|shos_mqtt_conn.c:465    MQTT0: pub ampere/q11dev/debug/log @ 0 (116) -> 0
13:18:38 ampere/q11dev/debug/log apq11dev-543204516334 961 1790680722.074 2|shos_mqtt_conn.c:465    MQTT0: pub ampere/q11dev/debug/log @ 0 (116) -> 0
13:18:38 ampere/q11dev/debug/log apq11dev-543204516334 962 1790680722.078 2|shos_mqtt_conn.c:465    MQTT0: pub ampere/q11dev/debug/log @ 0 (116) -> 0
13:18:38 ampere/q11dev/debug/log apq11dev-543204516334 963 1790680722.082 2|shos_mqtt_conn.c:465    MQTT0: pub ampere/q11dev/debug/log @ 0 (116) -> 0
13:18:38 ampere/q11dev/debug/log apq11dev-543204516334 964 1790680722.086 2|shos_mqtt_conn.c:465    MQTT0: pub ampere/q11dev/debug/log @ 0 (116) -> 0
13:18:38 ampere/q11dev/debug/log apq11dev-543204516334 965 1790680722.134 2|shos_mqtt_conn.c:465    MQTT0: pub ampere/q11dev/debug/log @ 0 (116) -> 0
13:18:38 ampere/q11dev/debug/log apq11dev-543204516334 966 1790680722.139 2|shos_mqtt_conn.c:465    MQTT0: pub ampere/q11dev/debug/log @ 0 (116) -> 0
13:18:38 ampere/q11dev/debug/log apq11dev-543204516334 967 1790680722.143 2|shos_mqtt_conn.c:465    MQTT0: pub ampere/q11dev/debug/log @ 0 (116) -> 0
13:18:38 ampere/q11dev/debug/log apq11dev-543204516334 968 1790680722.147 2|shos_mqtt_conn.c:465    MQTT0: pub ampere/q11dev/debug/log @ 0 (116) -> 0
13:18:38 ampere/q11dev/debug/log apq11dev-543204516334 969 1790680722.195 2|shos_mqtt_conn.c:465    MQTT0: pub ampere/q11dev/debug/log @ 0 (116) -> 0
13:18:38 ampere/q11dev/debug/log apq11dev-543204516334 970 1790680722.199 2|shos_mqtt_conn.c:465    MQTT0: pub ampere/q11dev/debug/log @ 0 (116) -> 0
13:18:38 ampere/q11dev/debug/log apq11dev-543204516334 971 1790680722.203 2|shos_mqtt_conn.c:465    MQTT0: pub ampere/q11dev/debug/log @ 0 (116) -> 0
13:18:38 ampere/q11dev/debug/log apq11dev-543204516334 972 1790680722.208 2|shos_mqtt_conn.c:465    MQTT0: pub ampere/q11dev/debug/log @ 0 (116) -> 0
13:18:38 ampere/q11dev/debug/log apq11dev-543204516334 973 1790680722.274 2|shos_mqtt_conn.c:465    MQTT0: pub ampere/q11dev/debug/log @ 0 (116) -> 0
13:18:38 ampere/q11dev/debug/log apq11dev-543204516334 974 1790680722.278 2|esp32xx_wifi_if.cpp:234 PK check: link 1 gw 1 UC 446 MC 62 ctr 9/105 ping 0 num_act 0
13:18:38 ampere/q11dev/debug/log apq11dev-543204516334 975 1790680722.283 2|hos_lwip_eth_if.cpp:513 ws(0x3fcde634): Status: server 0 oper_up 1 link_up 1/1 hf 84084
13:18:38 ampere/q11dev/debug/log apq11dev-543204516334 976 1790680722.287 2|shos_mqtt_conn.c:465    MQTT0: pub ampere/q11dev/debug/log @ 0 (116) -> 0
13:18:38 ampere/q11dev/debug/log apq11dev-543204516334 977 1790680722.342 2|shos_mqtt_conn.c:465    MQTT0: pub ampere/q11dev/debug/log @ 0 (116) -> 0
13:18:38 ampere/q11dev/debug/log apq11dev-543204516334 978 1790680722.346 2|shos_mqtt_conn.c:465    MQTT0: pub ampere/q11dev/debug/log @ 0 (116) -> 0
13:18:38 ampere/q11dev/debug/log apq11dev-543204516334 979 1790680722.350 2|shos_mqtt_conn.c:465    MQTT0: pub ampere/q11dev/debug/log @ 0 (116) -> 0
13:18:38 ampere/q11dev/debug/log apq11dev-543204516334 980 1790680722.354 2|shos_mqtt_conn.c:465    MQTT0: pub ampere/q11dev/debug/log @ 0 (116) -> 0
13:18:38 ampere/q11dev/debug/log apq11dev-543204516334 981 1790680722.403 2|shos_mqtt_conn.c:465    MQTT0: pub ampere/q11dev/debug/log @ 0 (116) -> 0
13:18:38 ampere/q11dev/debug/log apq11dev-543204516334 982 1790680722.407 2|shos_mqtt_conn.c:465    MQTT0: pub ampere/q11dev/debug/log @ 0 (116) -> 0
13:18:38 ampere/q11dev/debug/log apq11dev-543204516334 983 1790680722.411 2|shos_mqtt_conn.c:465    MQTT0: pub ampere/q11dev/debug/log @ 0 (116) -> 0
13:18:38 ampere/q11dev/debug/log apq11dev-543204516334 984 1790680722.415 2|shos_mqtt_conn.c:465    MQTT0: pub ampere/q11dev/debug/log @ 0 (116) -> 0
13:18:38 ampere/q11dev/debug/log apq11dev-543204516334 985 1790680722.475 2|shos_mqtt_conn.c:465    MQTT0: pub ampere/q11dev/debug/log @ 0 (116) -> 0
13:18:38 ampere/q11dev/debug/log apq11dev-543204516334 986 1790680722.479 2|shos_mqtt_conn.c:465    MQTT0: pub ampere/q11dev/debug/log @ 0 (116) -> 0
13:18:38 ampere/q11dev/debug/log apq11dev-543204516334 987 1790680722.483 2|shos_mqtt_conn.c:465    MQTT0: pub ampere/q11dev/debug/log @ 0 (116) -> 0
13:18:38 ampere/q11dev/debug/log apq11dev-543204516334 988 1790680722.488 2|shos_mqtt_conn.c:465    MQTT0: pub ampere/q11dev/debug/log @ 0 (128) -> 0
13:18:38 ampere/q11dev/debug/log apq11dev-543204516334 989 1790680722.536 2|shos_mqtt_conn.c:465    MQTT0: pub ampere/q11dev/debug/log @ 0 (130) -> 0
13:18:39 ampere/q11dev/debug/log apq11dev-543204516334 990 1790680722.540 2|shos_mqtt_conn.c:465    MQTT0: pub ampere/q11dev/debug/log @ 0 (116) -> 0
13:18:39 ampere/q11dev/debug/log apq11dev-543204516334 991 1790680722.544 2|shos_mqtt_conn.c:465    MQTT0: pub ampere/q11dev/debug/log @ 0 (116) -> 0
13:18:39 ampere/q11dev/debug/log apq11dev-543204516334 992 1790680722.549 2|shos_mqtt_conn.c:465    MQTT0: pub ampere/q11dev/debug/log @ 0 (116) -> 0
13:18:39 ampere/q11dev/debug/log apq11dev-543204516334 993 1790680722.597 2|shos_mqtt_conn.c:465    MQTT0: pub ampere/q11dev/debug/log @ 0 (116) -> 0
13:18:39 ampere/q11dev/debug/log apq11dev-543204516334 994 1790680722.601 2|shos_mqtt_conn.c:465    MQTT0: pub ampere/q11dev/debug/log @ 0 (116) -> 0
13:18:39 ampere/q11dev/debug/log apq11dev-543204516334 995 1790680722.605 2|shos_mqtt_conn.c:465    MQTT0: pub ampere/q11dev/debug/log @ 0 (116) -> 0
13:18:39 ampere/q11dev/debug/log apq11dev-543204516334 996 1790680722.609 2|shos_mqtt_conn.c:465    MQTT0: pub ampere/q11dev/debug/log @ 0 (116) -> 0
13:18:39 ampere/q11dev/debug/log apq11dev-543204516334 997 1790680722.670 2|shos_mqtt_conn.c:465    MQTT0: pub ampere/q11dev/debug/log @ 0 (116) -> 0
13:18:39 ampere/q11dev/debug/log apq11dev-543204516334 998 1790680722.674 2|shos_mqtt_conn.c:465    MQTT0: pub ampere/q11dev/debug/log @ 0 (116) -> 0
13:18:39 ampere/q11dev/debug/log apq11dev-543204516334 999 1790680722.678 2|shos_mqtt_conn.c:465    MQTT0: pub ampere/q11dev/debug/log @ 0 (116) -> 0
13:18:39 ampere/q11dev/debug/log apq11dev-543204516334 1000 1790680722.684 2|shos_mqtt_conn.c:465    MQTT0: pub ampere/q11dev/debug/log @ 0 (116) -> 0
13:18:39 ampere/q11dev/debug/log apq11dev-543204516334 1001 1790680722.734 2|shos_mqtt_conn.c:465    MQTT0: pub ampere/q11dev/debug/log @ 0 (116) -> 0
13:18:39 ampere/q11dev/debug/log apq11dev-543204516334 1002 1790680722.738 2|shos_mqtt_conn.c:465    MQTT0: pub ampere/q11dev/debug/log @ 0 (116) -> 0
13:18:39 ampere/q11dev/debug/log apq11dev-543204516334 1003 1790680722.742 2|shos_mqtt_conn.c:465    MQTT0: pub ampere/q11dev/debug/log @ 0 (116) -> 0
13:18:39 ampere/q11dev/debug/log apq11dev-543204516334 1004 1790680722.746 2|shos_mqtt_conn.c:465    MQTT0: pub ampere/q11dev/debug/log @ 0 (116) -> 0
13:18:39 ampere/q11dev/debug/log apq11dev-543204516334 1005 1790680722.805 2|shos_mqtt_conn.c:465    MQTT0: pub ampere/q11dev/debug/log @ 0 (116) -> 0
13:18:39 ampere/q11dev/debug/log apq11dev-543204516334 1006 1790680722.810 2|shos_mqtt_conn.c:465    MQTT0: pub ampere/q11dev/debug/log @ 0 (116) -> 0
13:18:39 ampere/q11dev/debug/log apq11dev-543204516334 1007 1790680722.814 2|shos_mqtt_conn.c:465    MQTT0: pub ampere/q11dev/debug/log @ 0 (116) -> 0
13:18:39 ampere/q11dev/debug/log apq11dev-543204516334 1008 1790680722.818 2|shos_mqtt_conn.c:465    MQTT0: pub ampere/q11dev/debug/log @ 0 (116) -> 0
13:18:39 ampere/q11dev/debug/log apq11dev-543204516334 1009 1790680722.866 2|shos_mqtt_conn.c:465    MQTT0: pub ampere/q11dev/debug/log @ 0 (116) -> 0
13:18:39 ampere/q11dev/debug/log apq11dev-543204516334 1010 1790680722.870 2|shos_mqtt_conn.c:465    MQTT0: pub ampere/q11dev/debug/log @ 0 (116) -> 0
13:18:39 ampere/q11dev/debug/log apq11dev-543204516334 1011 1790680722.875 2|shos_mqtt_conn.c:465    MQTT0: pub ampere/q11dev/debug/log @ 0 (116) -> 0
13:18:39 ampere/q11dev/debug/log apq11dev-543204516334 1012 1790680722.879 2|shos_mqtt_conn.c:465    MQTT0: pub ampere/q11dev/debug/log @ 0 (116) -> 0
13:18:39 ampere/q11dev/debug/log apq11dev-543204516334 1013 1790680722.927 2|shos_mqtt_conn.c:465    MQTT0: pub ampere/q11dev/debug/log @ 0 (116) -> 0
13:18:39 ampere/q11dev/debug/log apq11dev-543204516334 1014 1790680722.931 2|shos_mqtt_conn.c:465    MQTT0: pub ampere/q11dev/debug/log @ 0 (117) -> 0
13:18:39 ampere/q11dev/debug/log apq11dev-543204516334 1015 1790680722.935 2|shos_mqtt_conn.c:465    MQTT0: pub ampere/q11dev/debug/log @ 0 (117) -> 0
13:18:39 ampere/q11dev/debug/log apq11dev-543204516334 1016 1790680722.939 2|shos_mqtt_conn.c:465    MQTT0: pub ampere/q11dev/debug/log @ 0 (117) -> 0
13:18:39 ampere/q11dev/debug/log apq11dev-543204516334 1017 1790680722.989 2|shos_mqtt_conn.c:465    MQTT0: pub ampere/q11dev/debug/log @ 0 (117) -> 0
13:18:39 ampere/q11dev/debug/log apq11dev-543204516334 1018 1790680722.994 2|shos_mqtt_conn.c:465    MQTT0: pub ampere/q11dev/debug/log @ 0 (117) -> 0
13:18:39 ampere/q11dev/debug/log apq11dev-543204516334 1019 1790680722.998 2|shos_mqtt_conn.c:465    MQTT0: pub ampere/q11dev/debug/log @ 0 (117) -> 0
13:18:39 ampere/q11dev/debug/log apq11dev-543204516334 1020 1790680723.002 2|shos_mqtt_conn.c:465    MQTT0: pub ampere/q11dev/debug/log @ 0 (117) -> 0
13:18:39 ampere/q11dev/debug/log apq11dev-543204516334 1021 1790680723.050 2|shos_mqtt_conn.c:465    MQTT0: pub ampere/q11dev/debug/log @ 0 (117) -> 0
13:18:39 ampere/q11dev/debug/log apq11dev-543204516334 1022 1790680723.054 2|shos_mqtt_conn.c:465    MQTT0: pub ampere/q11dev/debug/log @ 0 (117) -> 0
13:18:39 ampere/q11dev/debug/log apq11dev-543204516334 1023 1790680723.058 2|shos_mqtt_conn.c:465    MQTT0: pub ampere/q11dev/debug/log @ 0 (117) -> 0
13:18:39 ampere/q11dev/debug/log apq11dev-543204516334 1024 1790680723.062 2|shos_mqtt_conn.c:465    MQTT0: pub ampere/q11dev/debug/log @ 0 (117) -> 0
13:18:40 ampere/q11dev/debug/log apq11dev-543204516334 1025 1790680723.122 2|shos_mqtt_conn.c:465    MQTT0: pub ampere/q11dev/debug/log @ 0 (117) -> 0
13:18:40 ampere/q11dev/debug/log apq11dev-543204516334 1026 1790680723.126 2|shos_mqtt_conn.c:465    MQTT0: pub ampere/q11dev/debug/log @ 0 (117) -> 0
13:18:40 ampere/q11dev/debug/log apq11dev-543204516334 1027 1790680723.130 2|shos_mqtt_conn.c:465    MQTT0: pub ampere/q11dev/debug/log @ 0 (117) -> 0
13:18:40 ampere/q11dev/debug/log apq11dev-543204516334 1028 1790680723.134 2|shos_mqtt_conn.c:465    MQTT0: pub ampere/q11dev/debug/log @ 0 (117) -> 0
13:18:40 ampere/q11dev/debug/log apq11dev-543204516334 1029 1790680723.195 2|shos_mqtt_conn.c:465    MQTT0: pub ampere/q11dev/debug/log @ 0 (117) -> 0
13:18:40 ampere/q11dev/debug/log apq11dev-543204516334 1030 1790680723.199 2|shos_mqtt_conn.c:465    MQTT0: pub ampere/q11dev/debug/log @ 0 (117) -> 0
13:18:40 ampere/q11dev/debug/log apq11dev-543204516334 1031 1790680723.203 2|shos_mqtt_conn.c:465    MQTT0: pub ampere/q11dev/debug/log @ 0 (117) -> 0
13:18:40 ampere/q11dev/debug/log apq11dev-543204516334 1032 1790680723.207 2|shos_mqtt_conn.c:465    MQTT0: pub ampere/q11dev/debug/log @ 0 (117) -> 0
13:18:40 ampere/q11dev/debug/log apq11dev-543204516334 1033 1790680723.255 2|shos_mqtt_conn.c:465    MQTT0: pub ampere/q11dev/debug/log @ 0 (117) -> 0
13:18:40 ampere/q11dev/debug/log apq11dev-543204516334 1034 1790680723.259 2|shos_mqtt_conn.c:465    MQTT0: pub ampere/q11dev/debug/log @ 0 (117) -> 0
13:18:40 ampere/q11dev/debug/log apq11dev-543204516334 1035 1790680723.263 2|shos_mqtt_conn.c:465    MQTT0: pub ampere/q11dev/debug/log @ 0 (117) -> 0
13:18:40 ampere/q11dev/debug/log apq11dev-543204516334 1036 1790680723.267 2|shos_mqtt_conn.c:465    MQTT0: pub ampere/q11dev/debug/log @ 0 (117) -> 0
13:18:40 ampere/q11dev/debug/log apq11dev-543204516334 1037 1790680723.327 2|shos_mqtt_conn.c:465    MQTT0: pub ampere/q11dev/debug/log @ 0 (117) -> 0
13:18:40 ampere/q11dev/debug/log apq11dev-543204516334 1038 1790680723.332 2|shos_mqtt_conn.c:465    MQTT0: pub ampere/q11dev/debug/log @ 0 (117) -> 0
13:18:40 ampere/q11dev/debug/log apq11dev-543204516334 1039 1790680723.336 2|shos_mqtt_conn.c:465    MQTT0: pub ampere/q11dev/debug/log @ 0 (117) -> 0
13:18:40 ampere/q11dev/debug/log apq11dev-543204516334 1040 1790680723.340 2|shos_mqtt_conn.c:465    MQTT0: pub ampere/q11dev/debug/log @ 0 (117) -> 0
13:18:40 ampere/q11dev/debug/log apq11dev-543204516334 1041 1790680723.395 2|shos_mqtt_conn.c:465    MQTT0: pub ampere/q11dev/debug/log @ 0 (117) -> 0
13:18:40 ampere/q11dev/debug/log apq11dev-543204516334 1042 1790680723.399 2|shos_mqtt_conn.c:465    MQTT0: pub ampere/q11dev/debug/log @ 0 (117) -> 0
13:18:40 ampere/q11dev/debug/log apq11dev-543204516334 1043 1790680723.403 2|shos_mqtt_conn.c:465    MQTT0: pub ampere/q11dev/debug/log @ 0 (117) -> 0
13:18:40 ampere/q11dev/debug/log apq11dev-543204516334 1044 1790680723.407 2|shos_mqtt_conn.c:465    MQTT0: pub ampere/q11dev/debug/log @ 0 (117) -> 0
13:18:40 ampere/q11dev/debug/log apq11dev-543204516334 1045 1790680723.459 2|shos_mqtt_conn.c:465    MQTT0: pub ampere/q11dev/debug/log @ 0 (117) -> 0
13:18:40 ampere/q11dev/debug/log apq11dev-543204516334 1046 1790680723.463 2|shos_mqtt_conn.c:465    MQTT0: pub ampere/q11dev/debug/log @ 0 (117) -> 0
13:18:40 ampere/q11dev/debug/log apq11dev-543204516334 1047 1790680723.468 2|shos_mqtt_conn.c:465    MQTT0: pub ampere/q11dev/debug/log @ 0 (117) -> 0
13:18:40 ampere/q11dev/debug/log apq11dev-543204516334 1048 1790680723.472 2|shos_mqtt_conn.c:465    MQTT0: pub ampere/q11dev/debug/log @ 0 (117) -> 0
13:18:40 ampere/q11dev/debug/log apq11dev-543204516334 1049 1790680723.534 2|shos_mqtt_conn.c:465    MQTT0: pub ampere/q11dev/debug/log @ 0 (117) -> 0
13:18:40 ampere/q11dev/debug/log apq11dev-543204516334 1050 1790680723.538 2|shos_mqtt_conn.c:465    MQTT0: pub ampere/q11dev/debug/log @ 0 (117) -> 0
13:18:40 ampere/q11dev/debug/log apq11dev-543204516334 1051 1790680723.543 2|shos_mqtt_conn.c:465    MQTT0: pub ampere/q11dev/debug/log @ 0 (117) -> 0
13:18:40 ampere/q11dev/debug/log apq11dev-543204516334 1052 1790680723.547 2|shos_mqtt_conn.c:465    MQTT0: pub ampere/q11dev/debug/log @ 0 (117) -> 0
13:18:40 ampere/q11dev/debug/log apq11dev-543204516334 1053 1790680723.603 2|shos_mqtt_conn.c:465    MQTT0: pub ampere/q11dev/debug/log @ 0 (117) -> 0
13:18:40 ampere/q11dev/debug/log apq11dev-543204516334 1054 1790680723.607 2|shos_mqtt_conn.c:465    MQTT0: pub ampere/q11dev/debug/log @ 0 (117) -> 0
13:18:40 ampere/q11dev/debug/log apq11dev-543204516334 1055 1790680723.612 2|shos_mqtt_conn.c:465    MQTT0: pub ampere/q11dev/debug/log @ 0 (117) -> 0
13:18:40 ampere/q11dev/debug/log apq11dev-543204516334 1056 1790680723.617 2|shos_mqtt_conn.c:465    MQTT0: pub ampere/q11dev/debug/log @ 0 (117) -> 0
13:18:40 ampere/q11dev/debug/log apq11dev-543204516334 1057 1790680723.665 2|shos_mqtt_conn.c:465    MQTT0: pub ampere/q11dev/debug/log @ 0 (117) -> 0
13:18:40 ampere/q11dev/debug/log apq11dev-543204516334 1058 1790680723.669 2|shos_mqtt_conn.c:465    MQTT0: pub ampere/q11dev/debug/log @ 0 (117) -> 0
13:18:40 ampere/q11dev/debug/log apq11dev-543204516334 1059 1790680723.673 2|shos_mqtt_conn.c:465    MQTT0: pub ampere/q11dev/debug/log @ 0 (117) -> 0
13:18:40 ampere/q11dev/debug/log apq11dev-543204516334 1060 1790680723.677 2|shos_mqtt_conn.c:465    MQTT0: pub ampere/q11dev/debug/log @ 0 (117) -> 0
13:18:41 ampere/q11dev/debug/log apq11dev-543204516334 1061 1790680723.726 2|shos_mqtt_conn.c:465    MQTT0: pub ampere/q11dev/debug/log @ 0 (117) -> 0
13:18:41 ampere/q11dev/debug/log apq11dev-543204516334 1062 1790680723.730 2|shos_mqtt_conn.c:465    MQTT0: pub ampere/q11dev/debug/log @ 0 (117) -> 0
13:18:41 ampere/q11dev/debug/log apq11dev-543204516334 1063 1790680723.734 2|shos_mqtt_conn.c:465    MQTT0: pub ampere/q11dev/debug/log @ 0 (117) -> 0
13:18:41 ampere/q11dev/debug/log apq11dev-543204516334 1064 1790680723.739 2|shos_mqtt_conn.c:465    MQTT0: pub ampere/q11dev/debug/log @ 0 (117) -> 0
13:18:41 ampere/q11dev/debug/log apq11dev-543204516334 1065 1790680723.787 2|shos_mqtt_conn.c:465    MQTT0: pub ampere/q11dev/debug/log @ 0 (117) -> 0
13:18:41 ampere/q11dev/debug/log apq11dev-543204516334 1066 1790680723.791 2|shos_mqtt_conn.c:465    MQTT0: pub ampere/q11dev/debug/log @ 0 (117) -> 0
13:18:41 ampere/q11dev/debug/log apq11dev-543204516334 1067 1790680723.796 2|shos_mqtt_conn.c:465    MQTT0: pub ampere/q11dev/debug/log @ 0 (117) -> 0
13:18:41 ampere/q11dev/debug/log apq11dev-543204516334 1068 1790680723.800 2|shos_mqtt_conn.c:465    MQTT0: pub ampere/q11dev/debug/log @ 0 (117) -> 0
13:18:41 ampere/q11dev/debug/log apq11dev-543204516334 1069 1790680723.848 2|shos_mqtt_conn.c:465    MQTT0: pub ampere/q11dev/debug/log @ 0 (117) -> 0
13:18:41 ampere/q11dev/debug/log apq11dev-543204516334 1070 1790680723.852 2|shos_mqtt_conn.c:465    MQTT0: pub ampere/q11dev/debug/log @ 0 (117) -> 0
13:18:41 ampere/q11dev/debug/log apq11dev-543204516334 1071 1790680723.856 2|shos_mqtt_conn.c:465    MQTT0: pub ampere/q11dev/debug/log @ 0 (117) -> 0
13:18:41 ampere/q11dev/debug/log apq11dev-543204516334 1072 1790680723.861 2|shos_mqtt_conn.c:465    MQTT0: pub ampere/q11dev/debug/log @ 0 (117) -> 0
13:18:41 ampere/q11dev/debug/log apq11dev-543204516334 1073 1790680723.908 2|shos_mqtt_conn.c:465    MQTT0: pub ampere/q11dev/debug/log @ 0 (117) -> 0
13:18:41 ampere/q11dev/debug/log apq11dev-543204516334 1074 1790680723.913 2|shos_mqtt_conn.c:465    MQTT0: pub ampere/q11dev/debug/log @ 0 (117) -> 0
13:18:41 ampere/q11dev/debug/log apq11dev-543204516334 1075 1790680723.917 2|shos_mqtt_conn.c:465    MQTT0: pub ampere/q11dev/debug/log @ 0 (117) -> 0
13:18:41 ampere/q11dev/debug/log apq11dev-543204516334 1076 1790680723.921 2|shos_mqtt_conn.c:465    MQTT0: pub ampere/q11dev/debug/log @ 0 (117) -> 0
13:18:41 ampere/q11dev/debug/log apq11dev-543204516334 1077 1790680723.971 2|shos_mqtt_conn.c:465    MQTT0: pub ampere/q11dev/debug/log @ 0 (117) -> 0
13:18:41 ampere/q11dev/debug/log apq11dev-543204516334 1078 1790680723.975 2|shos_mqtt_conn.c:465    MQTT0: pub ampere/q11dev/debug/log @ 0 (117) -> 0
13:18:41 ampere/q11dev/debug/log apq11dev-543204516334 1079 1790680723.979 2|shos_mqtt_conn.c:465    MQTT0: pub ampere/q11dev/debug/log @ 0 (117) -> 0
13:18:41 ampere/q11dev/debug/log apq11dev-543204516334 1080 1790680723.984 2|shos_mqtt_conn.c:465    MQTT0: pub ampere/q11dev/debug/log @ 0 (117) -> 0
13:18:41 ampere/q11dev/debug/log apq11dev-543204516334 1081 1790680724.031 2|shos_mqtt_conn.c:465    MQTT0: pub ampere/q11dev/debug/log @ 0 (117) -> 0
13:18:41 ampere/q11dev/debug/log apq11dev-543204516334 1082 1790680724.036 2|shos_mqtt_conn.c:465    MQTT0: pub ampere/q11dev/debug/log @ 0 (117) -> 0
13:18:41 ampere/q11dev/debug/log apq11dev-543204516334 1083 1790680724.040 2|shos_mqtt_conn.c:465    MQTT0: pub ampere/q11dev/debug/log @ 0 (117) -> 0
13:18:41 ampere/q11dev/debug/log apq11dev-543204516334 1084 1790680724.044 2|shos_mqtt_conn.c:465    MQTT0: pub ampere/q11dev/debug/log @ 0 (117) -> 0
13:18:41 ampere/q11dev/debug/log apq11dev-543204516334 1085 1790680724.104 2|shos_mqtt_conn.c:465    MQTT0: pub ampere/q11dev/debug/log @ 0 (117) -> 0
13:18:41 ampere/q11dev/debug/log apq11dev-543204516334 1086 1790680724.108 2|shos_mqtt_conn.c:465    MQTT0: pub ampere/q11dev/debug/log @ 0 (117) -> 0
13:18:41 ampere/q11dev/debug/log apq11dev-543204516334 1087 1790680724.112 2|shos_mqtt_conn.c:465    MQTT0: pub ampere/q11dev/debug/log @ 0 (117) -> 0
13:18:41 ampere/q11dev/debug/log apq11dev-543204516334 1088 1790680724.117 2|shos_mqtt_conn.c:465    MQTT0: pub ampere/q11dev/debug/log @ 0 (117) -> 0
13:18:41 ampere/q11dev/debug/log apq11dev-543204516334 1089 1790680724.164 2|shos_mqtt_conn.c:465    MQTT0: pub ampere/q11dev/debug/log @ 0 (117) -> 0
13:18:41 ampere/q11dev/debug/log apq11dev-543204516334 1090 1790680724.168 2|shos_mqtt_conn.c:465    MQTT0: pub ampere/q11dev/debug/log @ 0 (117) -> 0
13:18:41 ampere/q11dev/debug/log apq11dev-543204516334 1091 1790680724.172 2|shos_mqtt_conn.c:465    MQTT0: pub ampere/q11dev/debug/log @ 0 (117) -> 0
13:18:41 ampere/q11dev/debug/log apq11dev-543204516334 1092 1790680724.176 2|shos_mqtt_conn.c:465    MQTT0: pub ampere/q11dev/debug/log @ 0 (117) -> 0
13:18:41 ampere/q11dev/debug/log apq11dev-543204516334 1093 1790680724.225 2|shos_mqtt_conn.c:465    MQTT0: pub ampere/q11dev/debug/log @ 0 (117) -> 0
13:18:41 ampere/q11dev/debug/log apq11dev-543204516334 1094 1790680724.229 2|shos_mqtt_conn.c:465    MQTT0: pub ampere/q11dev/debug/log @ 0 (117) -> 0
13:18:41 ampere/q11dev/debug/log apq11dev-543204516334 1095 1790680724.234 2|shos_mqtt_conn.c:465    MQTT0: pub ampere/q11dev/debug/log @ 0 (117) -> 0
13:18:42 ampere/q11dev/debug/log apq11dev-543204516334 1096 1790680724.239 2|shos_mqtt_conn.c:465    MQTT0: pub ampere/q11dev/debug/log @ 0 (117) -> 0
13:18:42 ampere/q11dev/debug/log apq11dev-543204516334 1097 1790680724.411 2|esp32xx_wifi_if.cpp:234 PK check: link 1 gw 1 UC 509 MC 69 ctr 10/105 ping 0 num_act 0
13:18:42 ampere/q11dev/debug/log apq11dev-543204516334 1098 1790680724.416 2|hos_lwip_eth_if.cpp:513 ws(0x3fcde634): Status: server 0 oper_up 1 link_up 1/1 hf 81080
13:18:42 ampere/q11dev/debug/log apq11dev-543204516334 1099 1790680724.420 2|shos_mqtt_conn.c:465    MQTT0: pub ampere/q11dev/debug/log @ 0 (117) -> 0
13:18:42 ampere/q11dev/debug/log apq11dev-543204516334 1100 1790680724.425 2|shos_mqtt_conn.c:465    MQTT0: pub ampere/q11dev/debug/log @ 0 (117) -> 0
13:18:42 ampere/q11dev/debug/log apq11dev-543204516334 1101 1790680724.479 2|shos_mqtt_conn.c:465    MQTT0: pub ampere/q11dev/debug/log @ 0 (117) -> 0
13:18:42 ampere/q11dev/debug/log apq11dev-543204516334 1102 1790680724.484 2|shos_mqtt_conn.c:465    MQTT0: pub ampere/q11dev/debug/log @ 0 (117) -> 0
13:18:42 ampere/q11dev/debug/log apq11dev-543204516334 1103 1790680724.488 2|shos_mqtt_conn.c:465    MQTT0: pub ampere/q11dev/debug/log @ 0 (117) -> 0
13:18:42 ampere/q11dev/debug/log apq11dev-543204516334 1104 1790680724.492 2|shos_mqtt_conn.c:465    MQTT0: pub ampere/q11dev/debug/log @ 0 (117) -> 0
13:18:42 ampere/q11dev/debug/log apq11dev-543204516334 1105 1790680724.552 2|shos_mqtt_conn.c:465    MQTT0: pub ampere/q11dev/debug/log @ 0 (117) -> 0
13:18:42 ampere/q11dev/debug/log apq11dev-543204516334 1106 1790680724.558 2|shos_mqtt_conn.c:465    MQTT0: pub ampere/q11dev/debug/log @ 0 (117) -> 0
13:18:42 ampere/q11dev/debug/log apq11dev-543204516334 1107 1790680724.563 2|shos_mqtt_conn.c:465    MQTT0: pub ampere/q11dev/debug/log @ 0 (117) -> 0
13:18:42 ampere/q11dev/debug/log apq11dev-543204516334 1108 1790680724.567 2|shos_mqtt_conn.c:465    MQTT0: pub ampere/q11dev/debug/log @ 0 (117) -> 0
13:18:42 ampere/q11dev/debug/log apq11dev-543204516334 1109 1790680724.628 2|shos_mqtt_conn.c:465    MQTT0: pub ampere/q11dev/debug/log @ 0 (117) -> 0
13:18:42 ampere/q11dev/debug/log apq11dev-543204516334 1110 1790680724.632 2|shos_mqtt_conn.c:465    MQTT0: pub ampere/q11dev/debug/log @ 0 (117) -> 0
13:18:42 ampere/q11dev/debug/log apq11dev-543204516334 1111 1790680724.636 2|shos_mqtt_conn.c:465    MQTT0: pub ampere/q11dev/debug/log @ 0 (130) -> 0
13:18:42 ampere/q11dev/debug/log apq11dev-543204516334 1112 1790680724.640 2|shos_mqtt_conn.c:465    MQTT0: pub ampere/q11dev/debug/log @ 0 (131) -> 0
13:18:42 ampere/q11dev/debug/log apq11dev-543204516334 1113 1790680724.688 2|shos_mqtt_conn.c:465    MQTT0: pub ampere/q11dev/debug/log @ 0 (117) -> 0
13:18:42 ampere/q11dev/debug/log apq11dev-543204516334 1114 1790680724.692 2|shos_mqtt_conn.c:465    MQTT0: pub ampere/q11dev/debug/log @ 0 (117) -> 0
13:18:42 ampere/q11dev/debug/log apq11dev-543204516334 1115 1790680724.696 2|shos_mqtt_conn.c:465    MQTT0: pub ampere/q11dev/debug/log @ 0 (117) -> 0
13:18:42 ampere/q11dev/debug/log apq11dev-543204516334 1116 1790680724.701 2|shos_mqtt_conn.c:465    MQTT0: pub ampere/q11dev/debug/log @ 0 (117) -> 0
13:18:42 ampere/q11dev/debug/log apq11dev-543204516334 1117 1790680724.751 2|shos_mqtt_conn.c:465    MQTT0: pub ampere/q11dev/debug/log @ 0 (117) -> 0
13:18:42 ampere/q11dev/debug/log apq11dev-543204516334 1118 1790680724.755 2|shos_mqtt_conn.c:465    MQTT0: pub ampere/q11dev/debug/log @ 0 (117) -> 0
13:18:42 ampere/q11dev/debug/log apq11dev-543204516334 1119 1790680724.759 2|shos_mqtt_conn.c:465    MQTT0: pub ampere/q11dev/debug/log @ 0 (117) -> 0
13:18:42 ampere/q11dev/debug/log apq11dev-543204516334 1120 1790680724.764 2|shos_mqtt_conn.c:465    MQTT0: pub ampere/q11dev/debug/log @ 0 (117) -> 0
13:18:42 ampere/q11dev/debug/log apq11dev-543204516334 1121 1790680724.811 2|shos_mqtt_conn.c:465    MQTT0: pub ampere/q11dev/debug/log @ 0 (117) -> 0
13:18:42 ampere/q11dev/debug/log apq11dev-543204516334 1122 1790680724.815 2|shos_mqtt_conn.c:465    MQTT0: pub ampere/q11dev/debug/log @ 0 (117) -> 0
13:18:42 ampere/q11dev/debug/log apq11dev-543204516334 1123 1790680724.820 2|shos_mqtt_conn.c:465    MQTT0: pub ampere/q11dev/debug/log @ 0 (117) -> 0
13:18:42 ampere/q11dev/debug/log apq11dev-543204516334 1124 1790680724.824 2|shos_mqtt_conn.c:465    MQTT0: pub ampere/q11dev/debug/log @ 0 (117) -> 0
13:18:42 ampere/q11dev/debug/log apq11dev-543204516334 1125 1790680724.886 2|shos_mqtt_conn.c:465    MQTT0: pub ampere/q11dev/debug/log @ 0 (117) -> 0
13:18:42 ampere/q11dev/debug/log apq11dev-543204516334 1126 1790680724.890 2|shos_mqtt_conn.c:465    MQTT0: pub ampere/q11dev/debug/log @ 0 (117) -> 0
13:18:42 ampere/q11dev/debug/log apq11dev-543204516334 1127 1790680724.894 2|shos_mqtt_conn.c:465    MQTT0: pub ampere/q11dev/debug/log @ 0 (117) -> 0
13:18:42 ampere/q11dev/debug/log apq11dev-543204516334 1128 1790680724.898 2|shos_mqtt_conn.c:465    MQTT0: pub ampere/q11dev/debug/log @ 0 (117) -> 0
13:18:42 ampere/q11dev/debug/log apq11dev-543204516334 1129 1790680724.946 2|shos_mqtt_conn.c:465    MQTT0: pub ampere/q11dev/debug/log @ 0 (117) -> 0
13:18:42 ampere/q11dev/debug/log apq11dev-543204516334 1130 1790680724.951 2|shos_mqtt_conn.c:465    MQTT0: pub ampere/q11dev/debug/log @ 0 (117) -> 0
13:18:42 ampere/q11dev/debug/log apq11dev-543204516334 1131 1790680724.955 2|shos_mqtt_conn.c:465    MQTT0: pub ampere/q11dev/debug/log @ 0 (117) -> 0
13:18:43 ampere/q11dev/debug/log apq11dev-543204516334 1132 1790680724.959 2|shos_mqtt_conn.c:465    MQTT0: pub ampere/q11dev/debug/log @ 0 (117) -> 0
13:18:43 ampere/q11dev/debug/log apq11dev-543204516334 1133 1790680725.015 2|shos_mqtt_conn.c:465    MQTT0: pub ampere/q11dev/debug/log @ 0 (117) -> 0
13:18:43 ampere/q11dev/debug/log apq11dev-543204516334 1134 1790680725.019 2|shos_mqtt_conn.c:465    MQTT0: pub ampere/q11dev/debug/log @ 0 (117) -> 0
13:18:43 ampere/q11dev/debug/log apq11dev-543204516334 1135 1790680725.023 2|shos_mqtt_conn.c:465    MQTT0: pub ampere/q11dev/debug/log @ 0 (117) -> 0
13:18:43 ampere/q11dev/debug/log apq11dev-543204516334 1136 1790680725.028 2|shos_mqtt_conn.c:465    MQTT0: pub ampere/q11dev/debug/log @ 0 (117) -> 0
13:18:43 ampere/q11dev/debug/log apq11dev-543204516334 1137 1790680725.081 2|shos_mqtt_conn.c:465    MQTT0: pub ampere/q11dev/debug/log @ 0 (117) -> 0
13:18:43 ampere/q11dev/debug/log apq11dev-543204516334 1138 1790680725.085 2|shos_mqtt_conn.c:465    MQTT0: pub ampere/q11dev/debug/log @ 0 (117) -> 0
13:18:43 ampere/q11dev/debug/log apq11dev-543204516334 1139 1790680725.089 2|shos_mqtt_conn.c:465    MQTT0: pub ampere/q11dev/debug/log @ 0 (117) -> 0
13:18:43 ampere/q11dev/debug/log apq11dev-543204516334 1140 1790680725.094 2|shos_mqtt_conn.c:465    MQTT0: pub ampere/q11dev/debug/log @ 0 (117) -> 0
13:18:43 ampere/q11dev/debug/log apq11dev-543204516334 1141 1790680725.142 2|shos_mqtt_conn.c:465    MQTT0: pub ampere/q11dev/debug/log @ 0 (117) -> 0
13:18:43 ampere/q11dev/debug/log apq11dev-543204516334 1142 1790680725.146 2|shos_mqtt_conn.c:465    MQTT0: pub ampere/q11dev/debug/log @ 0 (117) -> 0
13:18:43 ampere/q11dev/debug/log apq11dev-543204516334 1143 1790680725.150 2|shos_mqtt_conn.c:465    MQTT0: pub ampere/q11dev/debug/log @ 0 (117) -> 0
13:18:43 ampere/q11dev/debug/log apq11dev-543204516334 1144 1790680725.155 2|shos_mqtt_conn.c:465    MQTT0: pub ampere/q11dev/debug/log @ 0 (117) -> 0
13:18:43 ampere/q11dev/debug/log apq11dev-543204516334 1145 1790680725.203 2|shos_mqtt_conn.c:465    MQTT0: pub ampere/q11dev/debug/log @ 0 (117) -> 0
13:18:43 ampere/q11dev/debug/log apq11dev-543204516334 1146 1790680725.207 2|shos_mqtt_conn.c:465    MQTT0: pub ampere/q11dev/debug/log @ 0 (117) -> 0
13:18:43 ampere/q11dev/debug/log apq11dev-543204516334 1147 1790680725.211 2|shos_mqtt_conn.c:465    MQTT0: pub ampere/q11dev/debug/log @ 0 (117) -> 0
13:18:43 ampere/q11dev/debug/log apq11dev-543204516334 1148 1790680725.215 2|shos_mqtt_conn.c:465    MQTT0: pub ampere/q11dev/debug/log @ 0 (117) -> 0
13:18:43 ampere/q11dev/debug/log apq11dev-543204516334 1149 1790680725.264 2|shos_mqtt_conn.c:465    MQTT0: pub ampere/q11dev/debug/log @ 0 (117) -> 0
13:18:43 ampere/q11dev/debug/log apq11dev-543204516334 1150 1790680725.268 2|shos_mqtt_conn.c:465    MQTT0: pub ampere/q11dev/debug/log @ 0 (117) -> 0
13:18:43 ampere/q11dev/debug/log apq11dev-543204516334 1151 1790680725.272 2|shos_mqtt_conn.c:465    MQTT0: pub ampere/q11dev/debug/log @ 0 (117) -> 0
13:18:43 ampere/q11dev/debug/log apq11dev-543204516334 1152 1790680725.276 2|shos_mqtt_conn.c:465    MQTT0: pub ampere/q11dev/debug/log @ 0 (117) -> 0
13:18:43 ampere/q11dev/debug/log apq11dev-543204516334 1153 1790680725.324 2|shos_mqtt_conn.c:465    MQTT0: pub ampere/q11dev/debug/log @ 0 (117) -> 0
13:18:43 ampere/q11dev/debug/log apq11dev-543204516334 1154 1790680725.330 2|shos_mqtt_conn.c:465    MQTT0: pub ampere/q11dev/debug/log @ 0 (117) -> 0
13:18:43 ampere/q11dev/debug/log apq11dev-543204516334 1155 1790680725.334 2|shos_mqtt_conn.c:465    MQTT0: pub ampere/q11dev/debug/log @ 0 (117) -> 0
13:18:43 ampere/q11dev/debug/log apq11dev-543204516334 1156 1790680725.338 2|shos_mqtt_conn.c:465    MQTT0: pub ampere/q11dev/debug/log @ 0 (117) -> 0
13:18:43 ampere/q11dev/debug/log apq11dev-543204516334 1157 1790680725.386 2|shos_mqtt_conn.c:465    MQTT0: pub ampere/q11dev/debug/log @ 0 (117) -> 0
13:18:43 ampere/q11dev/debug/log apq11dev-543204516334 1158 1790680725.390 2|shos_mqtt_conn.c:465    MQTT0: pub ampere/q11dev/debug/log @ 0 (117) -> 0
13:18:43 ampere/q11dev/debug/log apq11dev-543204516334 1159 1790680725.394 2|shos_mqtt_conn.c:465    MQTT0: pub ampere/q11dev/debug/log @ 0 (117) -> 0
13:18:43 ampere/q11dev/debug/log apq11dev-543204516334 1160 1790680725.399 2|shos_mqtt_conn.c:465    MQTT0: pub ampere/q11dev/debug/log @ 0 (117) -> 0
13:18:43 ampere/q11dev/debug/log apq11dev-543204516334 1161 1790680725.447 2|shos_mqtt_conn.c:465    MQTT0: pub ampere/q11dev/debug/log @ 0 (117) -> 0
13:18:43 ampere/q11dev/debug/log apq11dev-543204516334 1162 1790680725.451 2|shos_mqtt_conn.c:465    MQTT0: pub ampere/q11dev/debug/log @ 0 (117) -> 0
13:18:43 ampere/q11dev/debug/log apq11dev-543204516334 1163 1790680725.455 2|shos_mqtt_conn.c:465    MQTT0: pub ampere/q11dev/debug/log @ 0 (117) -> 0
13:18:43 ampere/q11dev/debug/log apq11dev-543204516334 1164 1790680725.459 2|shos_mqtt_conn.c:465    MQTT0: pub ampere/q11dev/debug/log @ 0 (117) -> 0
13:18:43 ampere/q11dev/debug/log apq11dev-543204516334 1165 1790680725.509 2|shos_mqtt_conn.c:465    MQTT0: pub ampere/q11dev/debug/log @ 0 (117) -> 0
13:18:43 ampere/q11dev/debug/log apq11dev-543204516334 1166 1790680725.513 2|shos_mqtt_conn.c:465    MQTT0: pub ampere/q11dev/debug/log @ 0 (117) -> 0
13:18:44 ampere/q11dev/debug/log apq11dev-543204516334 1167 1790680725.517 2|shos_mqtt_conn.c:465    MQTT0: pub ampere/q11dev/debug/log @ 0 (117) -> 0
13:18:44 ampere/q11dev/debug/log apq11dev-543204516334 1168 1790680725.521 2|shos_mqtt_conn.c:465    MQTT0: pub ampere/q11dev/debug/log @ 0 (117) -> 0
13:18:44 ampere/q11dev/debug/log apq11dev-543204516334 1169 1790680725.584 2|shos_mqtt_conn.c:465    MQTT0: pub ampere/q11dev/debug/log @ 0 (117) -> 0
13:18:44 ampere/q11dev/debug/log apq11dev-543204516334 1170 1790680725.588 2|shos_mqtt_conn.c:465    MQTT0: pub ampere/q11dev/debug/log @ 0 (117) -> 0
13:18:44 ampere/q11dev/debug/log apq11dev-543204516334 1171 1790680725.592 2|shos_mqtt_conn.c:465    MQTT0: pub ampere/q11dev/debug/log @ 0 (117) -> 0
13:18:44 ampere/q11dev/debug/log apq11dev-543204516334 1172 1790680725.597 2|shos_mqtt_conn.c:465    MQTT0: pub ampere/q11dev/debug/log @ 0 (117) -> 0
13:18:44 ampere/q11dev/debug/log apq11dev-543204516334 1173 1790680725.659 2|shos_mqtt_conn.c:465    MQTT0: pub ampere/q11dev/debug/log @ 0 (117) -> 0
13:18:44 ampere/q11dev/debug/log apq11dev-543204516334 1174 1790680725.663 2|shos_mqtt_conn.c:465    MQTT0: pub ampere/q11dev/debug/log @ 0 (117) -> 0
13:18:44 ampere/q11dev/debug/log apq11dev-543204516334 1175 1790680725.667 2|shos_mqtt_conn.c:465    MQTT0: pub ampere/q11dev/debug/log @ 0 (117) -> 0
13:18:44 ampere/q11dev/debug/log apq11dev-543204516334 1176 1790680725.671 2|shos_mqtt_conn.c:465    MQTT0: pub ampere/q11dev/debug/log @ 0 (117) -> 0
13:18:44 ampere/q11dev/debug/log apq11dev-543204516334 1177 1790680725.733 2|shelly_tmcu.cpp:598     RX: 0x00 v=3 [01] (state Ready)
13:18:44 ampere/q11dev/debug/log apq11dev-543204516334 1178 1790680725.737 2|shelly_tmcu.cpp:79      Tmcu Event 1 (0x3fca0e40)
13:18:44 ampere/q11dev/debug/log apq11dev-543204516334 1179 1790680725.742 2|shos_mqtt_conn.c:465    MQTT0: pub ampere/q11dev/debug/log @ 0 (117) -> 0
13:18:44 ampere/q11dev/debug/log apq11dev-543204516334 1180 1790680725.746 2|shos_mqtt_conn.c:465    MQTT0: pub ampere/q11dev/debug/log @ 0 (117) -> 0
13:18:44 ampere/q11dev/debug/log apq11dev-543204516334 1181 1790680725.801 2|shos_mqtt_conn.c:465    MQTT0: pub ampere/q11dev/debug/log @ 0 (117) -> 0
13:18:44 ampere/q11dev/debug/log apq11dev-543204516334 1182 1790680725.805 2|shos_mqtt_conn.c:465    MQTT0: pub ampere/q11dev/debug/log @ 0 (117) -> 0
13:18:44 ampere/q11dev/debug/log apq11dev-543204516334 1183 1790680725.809 2|shos_mqtt_conn.c:465    MQTT0: pub ampere/q11dev/debug/log @ 0 (117) -> 0
13:18:44 ampere/q11dev/debug/log apq11dev-543204516334 1184 1790680725.813 2|shos_mqtt_conn.c:465    MQTT0: pub ampere/q11dev/debug/log @ 0 (117) -> 0
13:18:44 ampere/q11dev/debug/log apq11dev-543204516334 1185 1790680725.862 2|shos_mqtt_conn.c:465    MQTT0: pub ampere/q11dev/debug/log @ 0 (117) -> 0
13:18:44 ampere/q11dev/debug/log apq11dev-543204516334 1186 1790680725.866 2|shos_mqtt_conn.c:465    MQTT0: pub ampere/q11dev/debug/log @ 0 (117) -> 0
13:18:44 ampere/q11dev/debug/log apq11dev-543204516334 1187 1790680725.870 2|shos_mqtt_conn.c:465    MQTT0: pub ampere/q11dev/debug/log @ 0 (117) -> 0
13:18:44 ampere/q11dev/debug/log apq11dev-543204516334 1188 1790680725.874 2|shos_mqtt_conn.c:465    MQTT0: pub ampere/q11dev/debug/log @ 0 (117) -> 0
13:18:44 ampere/q11dev/debug/log apq11dev-543204516334 1189 1790680725.926 2|shos_mqtt_conn.c:465    MQTT0: pub ampere/q11dev/debug/log @ 0 (117) -> 0
13:18:44 ampere/q11dev/debug/log apq11dev-543204516334 1190 1790680725.930 2|shos_mqtt_conn.c:465    MQTT0: pub ampere/q11dev/debug/log @ 0 (117) -> 0
13:18:44 ampere/q11dev/debug/log apq11dev-543204516334 1191 1790680725.934 2|shos_mqtt_conn.c:465    MQTT0: pub ampere/q11dev/debug/log @ 0 (99) -> 0
13:18:44 ampere/q11dev/debug/log apq11dev-543204516334 1192 1790680725.938 2|shos_mqtt_conn.c:465    MQTT0: pub ampere/q11dev/debug/log @ 0 (93) -> 0
13:18:44 ampere/q11dev/debug/log apq11dev-543204516334 1193 1790680725.987 2|shos_mqtt_conn.c:465    MQTT0: pub ampere/q11dev/debug/log @ 0 (117) -> 0
13:18:44 ampere/q11dev/debug/log apq11dev-543204516334 1194 1790680725.992 2|shos_mqtt_conn.c:465    MQTT0: pub ampere/q11dev/debug/log @ 0 (117) -> 0
13:18:44 ampere/q11dev/debug/log apq11dev-543204516334 1195 1790680725.996 2|shos_mqtt_conn.c:465    MQTT0: pub ampere/q11dev/debug/log @ 0 (117) -> 0
13:18:44 ampere/q11dev/debug/log apq11dev-543204516334 1196 1790680726.000 2|shos_mqtt_conn.c:465    MQTT0: pub ampere/q11dev/debug/log @ 0 (117) -> 0
13:18:44 ampere/q11dev/debug/log apq11dev-543204516334 1197 1790680726.048 2|shos_mqtt_conn.c:465    MQTT0: pub ampere/q11dev/debug/log @ 0 (117) -> 0
13:18:44 ampere/q11dev/debug/log apq11dev-543204516334 1198 1790680726.052 2|shos_mqtt_conn.c:465    MQTT0: pub ampere/q11dev/debug/log @ 0 (117) -> 0
13:18:44 ampere/q11dev/debug/log apq11dev-543204516334 1199 1790680726.057 2|shos_mqtt_conn.c:465    MQTT0: pub ampere/q11dev/debug/log @ 0 (117) -> 0
13:18:44 ampere/q11dev/debug/log apq11dev-543204516334 1200 1790680726.061 2|shos_mqtt_conn.c:465    MQTT0: pub ampere/q11dev/debug/log @ 0 (117) -> 0
13:18:44 ampere/q11dev/debug/log apq11dev-543204516334 1201 1790680726.109 2|shos_mqtt_conn.c:465    MQTT0: pub ampere/q11dev/debug/log @ 0 (117) -> 0
13:18:44 ampere/q11dev/debug/log apq11dev-543204516334 1202 1790680726.114 2|shos_mqtt_conn.c:465    MQTT0: pub ampere/q11dev/debug/log @ 0 (117) -> 0
13:18:45 ampere/q11dev/debug/log apq11dev-543204516334 1203 1790680726.118 2|shos_mqtt_conn.c:465    MQTT0: pub ampere/q11dev/debug/log @ 0 (117) -> 0
13:18:45 ampere/q11dev/debug/log apq11dev-543204516334 1204 1790680726.122 2|shos_mqtt_conn.c:465    MQTT0: pub ampere/q11dev/debug/log @ 0 (117) -> 0
13:18:45 ampere/q11dev/debug/log apq11dev-543204516334 1205 1790680726.170 2|shos_mqtt_conn.c:465    MQTT0: pub ampere/q11dev/debug/log @ 0 (116) -> 0
13:18:45 ampere/q11dev/debug/log apq11dev-543204516334 1206 1790680726.175 2|shos_mqtt_conn.c:465    MQTT0: pub ampere/q11dev/debug/log @ 0 (116) -> 0
13:18:45 ampere/q11dev/debug/log apq11dev-543204516334 1207 1790680726.179 2|shos_mqtt_conn.c:465    MQTT0: pub ampere/q11dev/debug/log @ 0 (117) -> 0
13:18:45 ampere/q11dev/debug/log apq11dev-543204516334 1208 1790680726.183 2|shos_mqtt_conn.c:465    MQTT0: pub ampere/q11dev/debug/log @ 0 (117) -> 0
13:18:45 ampere/q11dev/debug/log apq11dev-543204516334 1209 1790680726.230 2|shos_mqtt_conn.c:465    MQTT0: pub ampere/q11dev/debug/log @ 0 (117) -> 0
13:18:45 ampere/q11dev/debug/log apq11dev-543204516334 1210 1790680726.235 2|shos_mqtt_conn.c:465    MQTT0: pub ampere/q11dev/debug/log @ 0 (117) -> 0
13:18:45 ampere/q11dev/debug/log apq11dev-543204516334 1211 1790680726.239 2|shos_mqtt_conn.c:465    MQTT0: pub ampere/q11dev/debug/log @ 0 (117) -> 0
13:18:45 ampere/q11dev/debug/log apq11dev-543204516334 1212 1790680726.243 2|shos_mqtt_conn.c:465    MQTT0: pub ampere/q11dev/debug/log @ 0 (117) -> 0
13:18:45 ampere/q11dev/debug/log apq11dev-543204516334 1213 1790680726.298 2|shos_mqtt_conn.c:465    MQTT0: pub ampere/q11dev/debug/log @ 0 (117) -> 0
13:18:45 ampere/q11dev/debug/log apq11dev-543204516334 1214 1790680726.302 2|shos_mqtt_conn.c:465    MQTT0: pub ampere/q11dev/debug/log @ 0 (117) -> 0
13:18:45 ampere/q11dev/debug/log apq11dev-543204516334 1215 1790680726.307 2|shos_mqtt_conn.c:465    MQTT0: pub ampere/q11dev/debug/log @ 0 (117) -> 0
13:18:45 ampere/q11dev/debug/log apq11dev-543204516334 1216 1790680726.311 2|shos_mqtt_conn.c:465    MQTT0: pub ampere/q11dev/debug/log @ 0 (117) -> 0
13:18:45 ampere/q11dev/debug/log apq11dev-543204516334 1217 1790680726.362 2|shos_mqtt_conn.c:465    MQTT0: pub ampere/q11dev/debug/log @ 0 (117) -> 0
13:18:45 ampere/q11dev/debug/log apq11dev-543204516334 1218 1790680726.366 2|shos_mqtt_conn.c:465    MQTT0: pub ampere/q11dev/debug/log @ 0 (117) -> 0
13:18:45 ampere/q11dev/debug/log apq11dev-543204516334 1219 1790680726.371 2|shos_mqtt_conn.c:465    MQTT0: pub ampere/q11dev/debug/log @ 0 (117) -> 0
13:18:45 ampere/q11dev/debug/log apq11dev-543204516334 1220 1790680726.375 2|shos_mqtt_conn.c:465    MQTT0: pub ampere/q11dev/debug/log @ 0 (117) -> 0
13:18:45 ampere/q11dev/debug/log apq11dev-543204516334 1221 1790680726.507 2|shos_mqtt_conn.c:465    MQTT0: pub ampere/q11dev/debug/log @ 0 (117) -> 0
13:18:45 ampere/q11dev/debug/log apq11dev-543204516334 1222 1790680726.511 2|shos_mqtt_conn.c:465    MQTT0: pub ampere/q11dev/debug/log @ 0 (117) -> 0
13:18:45 ampere/q11dev/debug/log apq11dev-543204516334 1223 1790680726.515 2|shos_mqtt_conn.c:465    MQTT0: pub ampere/q11dev/debug/log @ 0 (117) -> 0
13:18:45 ampere/q11dev/debug/log apq11dev-543204516334 1224 1790680726.519 2|shos_mqtt_conn.c:465    MQTT0: pub ampere/q11dev/debug/log @ 0 (117) -> 0
13:18:45 ampere/q11dev/debug/log apq11dev-543204516334 1225 1790680726.523 2|shos_mqtt_conn.c:465    MQTT0: pub ampere/q11dev/debug/log @ 0 (117) -> -1
13:18:45 ampere/q11dev/debug/log apq11dev-543204516334 1226 1790680726.569 2|shos_mqtt_conn.c:465    MQTT0: pub ampere/q11dev/debug/log @ 0 (117) -> 0
13:18:45 ampere/q11dev/debug/log apq11dev-543204516334 1227 1790680726.574 2|shos_mqtt_conn.c:465    MQTT0: pub ampere/q11dev/debug/log @ 0 (117) -> 0
13:18:45 ampere/q11dev/debug/log apq11dev-543204516334 1228 1790680726.578 2|shos_mqtt_conn.c:465    MQTT0: pub ampere/q11dev/debug/log @ 0 (117) -> 0
13:18:45 ampere/q11dev/debug/log apq11dev-543204516334 1229 1790680726.583 2|shos_mqtt_conn.c:465    MQTT0: pub ampere/q11dev/debug/log @ 0 (117) -> 0
13:18:45 ampere/q11dev/debug/log apq11dev-543204516334 1230 1790680726.587 2|shos_mqtt_conn.c:465    MQTT0: pub ampere/q11dev/debug/log @ 0 (117) -> -1
13:18:45 ampere/q11dev/debug/log apq11dev-543204516334 1231 1790680726.631 2|shos_mqtt_conn.c:465    MQTT0: pub ampere/q11dev/debug/log @ 0 (117) -> 0
13:18:45 ampere/q11dev/debug/log apq11dev-543204516334 1232 1790680726.635 2|shos_mqtt_conn.c:465    MQTT0: pub ampere/q11dev/debug/log @ 0 (117) -> 0
13:18:45 ampere/q11dev/debug/log apq11dev-543204516334 1233 1790680726.639 2|shos_mqtt_conn.c:465    MQTT0: pub ampere/q11dev/debug/log @ 0 (117) -> 0
13:18:45 ampere/q11dev/debug/log apq11dev-543204516334 1234 1790680726.644 2|shos_mqtt_conn.c:465    MQTT0: pub ampere/q11dev/debug/log @ 0 (117) -> 0
13:18:45 ampere/q11dev/debug/log apq11dev-543204516334 1235 1790680726.648 2|shos_mqtt_conn.c:465    MQTT0: pub ampere/q11dev/debug/log @ 0 (117) -> -1
13:18:45 ampere/q11dev/debug/log apq11dev-543204516334 1236 1790680726.685 2|shos_vfs.c:622          lseek 256 0 0 => 0x3fca5bc0:0 => 0
13:18:45 ampere/q11dev/debug/log apq11dev-543204516334 1237 1790680726.736 2|shos_mqtt_conn.c:465    MQTT0: pub ampere/q11dev/debug/log @ 0 (117) -> 0
13:18:45 ampere/q11dev/debug/log apq11dev-543204516334 1238 1790680726.741 2|shos_mqtt_conn.c:465    MQTT0: pub ampere/q11dev/debug/log @ 0 (117) -> 0
13:18:45 ampere/q11dev/debug/log apq11dev-543204516334 1239 1790680726.745 2|shos_mqtt_conn.c:465    MQTT0: pub ampere/q11dev/debug/log @ 0 (118) -> 0
13:18:46 ampere/q11dev/debug/log apq11dev-543204516334 1240 1790680726.749 2|shos_mqtt_conn.c:465    MQTT0: pub ampere/q11dev/debug/log @ 0 (117) -> 0
13:18:46 ampere/q11dev/debug/log apq11dev-543204516334 1241 1790680726.797 2|shos_mqtt_conn.c:465    MQTT0: pub ampere/q11dev/debug/log @ 0 (117) -> 0
13:18:46 ampere/q11dev/debug/log apq11dev-543204516334 1242 1790680726.801 2|shos_mqtt_conn.c:465    MQTT0: pub ampere/q11dev/debug/log @ 0 (117) -> 0
13:18:46 ampere/q11dev/debug/log apq11dev-543204516334 1243 1790680726.805 2|shos_mqtt_conn.c:465    MQTT0: pub ampere/q11dev/debug/log @ 0 (117) -> 0
13:18:46 ampere/q11dev/debug/log apq11dev-543204516334 1244 1790680726.810 2|shos_mqtt_conn.c:465    MQTT0: pub ampere/q11dev/debug/log @ 0 (118) -> 0
13:18:46 ampere/q11dev/debug/log apq11dev-543204516334 1245 1790680726.857 2|shos_mqtt_conn.c:465    MQTT0: pub ampere/q11dev/debug/log @ 0 (117) -> 0
13:18:46 ampere/q11dev/debug/log apq11dev-543204516334 1246 1790680726.861 2|shos_mqtt_conn.c:465    MQTT0: pub ampere/q11dev/debug/log @ 0 (117) -> 0
13:18:46 ampere/q11dev/debug/log apq11dev-543204516334 1247 1790680726.866 2|shos_mqtt_conn.c:465    MQTT0: pub ampere/q11dev/debug/log @ 0 (117) -> 0
13:18:46 ampere/q11dev/debug/log apq11dev-543204516334 1248 1790680726.870 2|shos_mqtt_conn.c:465    MQTT0: pub ampere/q11dev/debug/log @ 0 (117) -> 0
13:18:46 ampere/q11dev/debug/log apq11dev-543204516334 1249 1790680726.936 2|shos_mqtt_conn.c:465    MQTT0: pub ampere/q11dev/debug/log @ 0 (118) -> 0
13:18:46 ampere/q11dev/debug/log apq11dev-543204516334 1250 1790680726.940 2|shos_mqtt_conn.c:465    MQTT0: pub ampere/q11dev/debug/log @ 0 (102) -> 0
13:18:46 ampere/q11dev/debug/log apq11dev-543204516334 1251 1790680726.944 2|shos_mqtt_conn.c:465    MQTT0: pub ampere/q11dev/debug/log @ 0 (117) -> 0
13:18:46 ampere/q11dev/debug/log apq11dev-543204516334 1252 1790680726.948 2|shos_mqtt_conn.c:465    MQTT0: pub ampere/q11dev/debug/log @ 0 (117) -> 0
13:18:46 ampere/q11dev/debug/log apq11dev-543204516334 1253 1790680726.997 2|shos_mqtt_conn.c:465    MQTT0: pub ampere/q11dev/debug/log @ 0 (117) -> 0
13:18:46 ampere/q11dev/debug/log apq11dev-543204516334 1254 1790680727.001 2|shos_mqtt_conn.c:465    MQTT0: pub ampere/q11dev/debug/log @ 0 (117) -> 0
13:18:46 ampere/q11dev/debug/log apq11dev-543204516334 1255 1790680727.005 2|shos_mqtt_conn.c:465    MQTT0: pub ampere/q11dev/debug/log @ 0 (117) -> 0
13:18:46 ampere/q11dev/debug/log apq11dev-543204516334 1256 1790680727.009 2|shos_mqtt_conn.c:465    MQTT0: pub ampere/q11dev/debug/log @ 0 (117) -> 0
13:18:46 ampere/q11dev/debug/log apq11dev-543204516334 1257 1790680727.065 2|shos_mqtt_conn.c:465    MQTT0: pub ampere/q11dev/debug/log @ 0 (117) -> 0
13:18:46 ampere/q11dev/debug/log apq11dev-543204516334 1258 1790680727.069 2|shos_mqtt_conn.c:465    MQTT0: pub ampere/q11dev/debug/log @ 0 (117) -> 0
13:18:46 ampere/q11dev/debug/log apq11dev-543204516334 1259 1790680727.074 2|shos_mqtt_conn.c:465    MQTT0: pub ampere/q11dev/debug/log @ 0 (117) -> 0
13:18:46 ampere/q11dev/debug/log apq11dev-543204516334 1260 1790680727.078 2|shos_mqtt_conn.c:465    MQTT0: pub ampere/q11dev/debug/log @ 0 (117) -> 0
13:18:46 ampere/q11dev/debug/log apq11dev-543204516334 1261 1790680727.129 2|shos_mqtt_conn.c:465    MQTT0: pub ampere/q11dev/debug/log @ 0 (117) -> 0
13:18:46 ampere/q11dev/debug/log apq11dev-543204516334 1262 1790680727.133 2|shos_mqtt_conn.c:465    MQTT0: pub ampere/q11dev/debug/log @ 0 (117) -> 0
13:18:46 ampere/q11dev/debug/log apq11dev-543204516334 1263 1790680727.137 2|shos_mqtt_conn.c:465    MQTT0: pub ampere/q11dev/debug/log @ 0 (117) -> 0
13:18:46 ampere/q11dev/debug/log apq11dev-543204516334 1264 1790680727.142 2|shos_mqtt_conn.c:465    MQTT0: pub ampere/q11dev/debug/log @ 0 (117) -> 0
13:18:46 ampere/q11dev/debug/log apq11dev-543204516334 1265 1790680727.190 2|shos_mqtt_conn.c:465    MQTT0: pub ampere/q11dev/debug/log @ 0 (117) -> 0
13:18:46 ampere/q11dev/debug/log apq11dev-543204516334 1266 1790680727.195 2|shos_mqtt_conn.c:465    MQTT0: pub ampere/q11dev/debug/log @ 0 (117) -> 0
13:18:46 ampere/q11dev/debug/log apq11dev-543204516334 1267 1790680727.199 2|shos_mqtt_conn.c:465    MQTT0: pub ampere/q11dev/debug/log @ 0 (117) -> 0
13:18:46 ampere/q11dev/debug/log apq11dev-543204516334 1268 1790680727.203 2|shos_mqtt_conn.c:465    MQTT0: pub ampere/q11dev/debug/log @ 0 (117) -> 0
13:18:46 ampere/q11dev/debug/log apq11dev-543204516334 1269 1790680727.251 2|shos_mqtt_conn.c:465    MQTT0: pub ampere/q11dev/debug/log @ 0 (117) -> 0
13:18:46 ampere/q11dev/debug/log apq11dev-543204516334 1270 1790680727.255 2|shos_mqtt_conn.c:465    MQTT0: pub ampere/q11dev/debug/log @ 0 (117) -> 0
13:18:46 ampere/q11dev/debug/log apq11dev-543204516334 1271 1790680727.259 2|shos_mqtt_conn.c:465    MQTT0: pub ampere/q11dev/debug/log @ 0 (117) -> 0
13:18:46 ampere/q11dev/debug/log apq11dev-543204516334 1272 1790680727.263 2|shos_mqtt_conn.c:465    MQTT0: pub ampere/q11dev/debug/log @ 0 (117) -> 0
13:18:46 ampere/q11dev/debug/log apq11dev-543204516334 1273 1790680727.311 2|shos_mqtt_conn.c:465    MQTT0: pub ampere/q11dev/debug/log @ 0 (117) -> 0
13:18:46 ampere/q11dev/debug/log apq11dev-543204516334 1274 1790680727.315 2|shos_mqtt_conn.c:465    MQTT0: pub ampere/q11dev/debug/log @ 0 (117) -> 0
13:18:46 ampere/q11dev/debug/log apq11dev-543204516334 1275 1790680727.320 2|shos_mqtt_conn.c:465    MQTT0: pub ampere/q11dev/debug/log @ 0 (117) -> 0
13:18:47 ampere/q11dev/debug/log apq11dev-543204516334 1276 1790680727.324 2|shos_mqtt_conn.c:465    MQTT0: pub ampere/q11dev/debug/log @ 0 (117) -> 0
13:18:47 ampere/q11dev/debug/log apq11dev-543204516334 1277 1790680727.372 2|shos_mqtt_conn.c:465    MQTT0: pub ampere/q11dev/debug/log @ 0 (117) -> 0
13:18:47 ampere/q11dev/debug/log apq11dev-543204516334 1278 1790680727.376 2|shos_mqtt_conn.c:465    MQTT0: pub ampere/q11dev/debug/log @ 0 (117) -> 0
13:18:47 ampere/q11dev/debug/log apq11dev-543204516334 1279 1790680727.381 2|shos_mqtt_conn.c:465    MQTT0: pub ampere/q11dev/debug/log @ 0 (117) -> 0
13:18:47 ampere/q11dev/debug/log apq11dev-543204516334 1280 1790680727.385 2|shos_mqtt_conn.c:465    MQTT0: pub ampere/q11dev/debug/log @ 0 (117) -> 0
13:18:47 ampere/q11dev/debug/log apq11dev-543204516334 1281 1790680727.433 2|shos_mqtt_conn.c:465    MQTT0: pub ampere/q11dev/debug/log @ 0 (117) -> 0
13:18:47 ampere/q11dev/debug/log apq11dev-543204516334 1282 1790680727.437 2|shos_mqtt_conn.c:465    MQTT0: pub ampere/q11dev/debug/log @ 0 (117) -> 0
13:18:47 ampere/q11dev/debug/log apq11dev-543204516334 1283 1790680727.441 2|shos_mqtt_conn.c:465    MQTT0: pub ampere/q11dev/debug/log @ 0 (117) -> 0
13:18:47 ampere/q11dev/debug/log apq11dev-543204516334 1284 1790680727.445 2|shos_mqtt_conn.c:465    MQTT0: pub ampere/q11dev/debug/log @ 0 (117) -> 0
13:18:47 ampere/q11dev/debug/log apq11dev-543204516334 1285 1790680727.494 2|shos_mqtt_conn.c:465    MQTT0: pub ampere/q11dev/debug/log @ 0 (117) -> 0
13:18:47 ampere/q11dev/debug/log apq11dev-543204516334 1286 1790680727.499 2|shos_mqtt_conn.c:465    MQTT0: pub ampere/q11dev/debug/log @ 0 (117) -> 0
13:18:47 ampere/q11dev/debug/log apq11dev-543204516334 1287 1790680727.504 2|shos_mqtt_conn.c:465    MQTT0: pub ampere/q11dev/debug/log @ 0 (117) -> 0
13:18:47 ampere/q11dev/debug/log apq11dev-543204516334 1288 1790680727.508 2|shos_mqtt_conn.c:465    MQTT0: pub ampere/q11dev/debug/log @ 0 (117) -> 0
13:18:47 ampere/q11dev/debug/log apq11dev-543204516334 1289 1790680727.556 2|shos_mqtt_conn.c:465    MQTT0: pub ampere/q11dev/debug/log @ 0 (117) -> 0
13:18:47 ampere/q11dev/debug/log apq11dev-543204516334 1290 1790680727.561 2|shos_mqtt_conn.c:465    MQTT0: pub ampere/q11dev/debug/log @ 0 (117) -> 0
13:18:47 ampere/q11dev/debug/log apq11dev-543204516334 1291 1790680727.565 2|shos_mqtt_conn.c:465    MQTT0: pub ampere/q11dev/debug/log @ 0 (117) -> 0
13:18:47 ampere/q11dev/debug/log apq11dev-543204516334 1292 1790680727.569 2|shos_mqtt_conn.c:465    MQTT0: pub ampere/q11dev/debug/log @ 0 (117) -> 0
13:18:47 ampere/q11dev/debug/log apq11dev-543204516334 1293 1790680727.629 2|shos_mqtt_conn.c:465    MQTT0: pub ampere/q11dev/debug/log @ 0 (117) -> 0
13:18:47 ampere/q11dev/debug/log apq11dev-543204516334 1294 1790680727.633 2|shos_mqtt_conn.c:465    MQTT0: pub ampere/q11dev/debug/log @ 0 (117) -> 0
13:18:47 ampere/q11dev/debug/log apq11dev-543204516334 1295 1790680727.637 2|shos_mqtt_conn.c:465    MQTT0: pub ampere/q11dev/debug/log @ 0 (117) -> 0
13:18:47 ampere/q11dev/debug/log apq11dev-543204516334 1296 1790680727.642 2|shos_mqtt_conn.c:465    MQTT0: pub ampere/q11dev/debug/log @ 0 (117) -> 0
13:18:47 ampere/q11dev/debug/log apq11dev-543204516334 1297 1790680727.721 2|shos_http_base.cpp:596  0x3fccc360: Connection closed normally, 0x3fc9789c 0
13:18:47 ampere/q11dev/debug/log apq11dev-543204516334 1298 1790680727.725 2|shos_mqtt_conn.c:465    MQTT0: pub ampere/q11dev/debug/log @ 0 (117) -> 0
13:18:47 ampere/q11dev/debug/log apq11dev-543204516334 1299 1790680727.730 2|hos_http_server.cpp:288 0x3fcc848c: HTTP connection from 192.168.0.57:64120 via ws0
13:18:47 ampere/q11dev/debug/log apq11dev-543204516334 1300 1790680727.734 2|shos_mqtt_conn.c:465    MQTT0: pub ampere/q11dev/debug/log @ 0 (117) -> 0
13:18:47 ampere/q11dev/debug/log apq11dev-543204516334 1301 1790680727.844 2|hos_http_server.cpp:754 0x3fcc848c: Switching to WebSockets
13:18:47 ampere/q11dev/debug/log apq11dev-543204516334 1302 1790680727.847 2|shos_rpc_inst.c:539     0x3fcc67e8 '' WS_in
13:18:47 ampere/q11dev/debug/log apq11dev-543204516334 1303 1790680727.851 2|shos_rpc_inst.c:438     0x3fcc67e8 CHAN OPEN (WS_in from 192.168.0.57:64120 via ws0)
13:18:47 ampere/q11dev/debug/log apq11dev-543204516334 1304 1790680727.855 2|shos_http_base.cpp:134  0x3fccc360: Deleted
13:18:47 ampere/q11dev/debug/log apq11dev-543204516334 1305 1790680727.859 2|shos_mqtt_conn.c:465    MQTT0: pub ampere/q11dev/debug/log @ 0 (117) -> 0
13:18:47 ampere/q11dev/debug/log apq11dev-543204516334 1306 1790680727.863 2|shos_mqtt_conn.c:465    MQTT0: pub ampere/q11dev/debug/log @ 0 (117) -> 0
13:18:47 ampere/q11dev/debug/log apq11dev-543204516334 1307 1790680727.867 2|shos_mqtt_conn.c:465    MQTT0: pub ampere/q11dev/debug/log @ 0 (117) -> 0
13:18:47 ampere/q11dev/debug/log apq11dev-543204516334 1308 1790680728.038 2|shos_rpc_inst.c:452     0x3fcc67e8 GOT FRAME (69): {"id":1,"method":"Shelly.GetDeviceInfo","src":"aios-126644693633616"}
13:18:47 ampere/q11dev/debug/log apq11dev-543204516334 1309 1790680728.042 2|shos_rpc_inst.c:331     '1' 'aios-126644693633616' '' 'Shelly.GetDeviceInfo'
13:18:47 ampere/q11dev/debug/log apq11dev-543204516334 1310 1790680728.047 2|shos_rpc_inst.c:241     Shelly.GetDeviceInfo [1@aios-126644693633616] via WS_in from 192.168.0.57:64120 via ws0
13:18:47 ampere/q11dev/debug/log apq11dev-543204516334 1311 1790680728.070 2|shos_rpc_inst.c:683     0x3fcc67e8 SEND FRAME (546): {"id":1,"src":"apq11dev-543204516334","dst":"aios-126644693633616","result":{"name":null,"id":"apq11dev-543204516334","mac":"543204516334","slot":1,"model":"S3XT-0S","gen":3,"fw_id":"20260921-060046/2.0.0-beta11xciohttpfix-g35669f3","ver":"2.0.0+13109-3814","app":"XC3+evse:portable:3109","auth_en":false,"auth_domain":null,"jti":"001094000005","jwt":{"p":"apq11dev","n":"Q11 DevKit test","url":"https://amperepoint.pl","m":"Ampere Point"},"ch":[{"key":"service:0","type":"evse:portable:3109"}],"provision":"unmanaged","enhanced_security":false}} -> 1
13:18:48 ampere/q11dev/debug/log apq11dev-543204516334 1312 1790680729.573 2|shos_rpc_inst.c:479     0x3fcc67e8 FRAME SENT (1)
13:18:48 ampere/q11dev/debug/log apq11dev-543204516334 1313 1790680729.679 2|shos_rpc_inst.c:683     0x3fcc67e8 SEND FRAME (2201): {"id":4,"src":"apq11dev-543204516334","dst":"aios-126644693633616","result":{"components":[{"key":"boolean:200","status":{"value":true,"source":"sys","last_update_ts":1790594452},"config":{"id":200,"name":"Charging","meta":{"cloud":["log"],"ui":{"view":"toggle","titles":["Off","On"]}},"persisted":true,"default_value":false},"attrs":{"access":"crw","owner":"service:0","role":"state"}},{"key":"enum:200","status":{"value":"charger_free","source":"","last_update_ts":0},"config":{"id":200,"name":"Charger mode","options":["charger_free","charger_insert","charger_free_fault","charger_wait","charger_charging","charger_pause","charger_end","charger_fault"],"meta":{"cloud":["log"],"ui":{"view":"label","titles":{"charger_free":"Free","charger_insert":"Insert","charger_free_fault":"Free fault","charger_wait":"Wait","charger_charging":"Charging","charger_pause":"Pause","charger_end":"End","charger_fault":"Fault"}}},"persisted":false,"default_value":"charger_free"},"attrs":{"access":"cr","owner":"service:0","role":"mode"}},{"key":"enum:201","status":{"value":"controlpi_12v","source":"sys","last_update_ts":1790594452},"config":{"id":201,"name":"Vehicle signal","options":["controlpi_12v","controlpi_12v_pwm","controlpi_9v","controlpi_9v_pwm","controlpi_6v","controlpi_6v_pwm","controlpi_error"],"meta":{"portal_managed":true,"cloud":["log"],"ui":{"view":"dropdown"}},"persisted":false,"default_value":null},"attrs":{"access":"cr","owner":"service:0","role":"cp_state"}},{"key":"enum:202","status":{"value":"charge_energy","source":"sys","last_update_ts":1790594452},"config":{"id":202,"name":"Charging mode","options":["charge_now","charge_energy","charge_schedule"],"meta":{"portal_managed":true,"cloud":["log"],"ui":{"view":"dropdown"}},"persisted":false,"default_value":null},"attrs":{"access":"crw","owner":"service:0","role":"work_mode"}},{"key":"number:200","status":{"value":6,"source":"rpc","last_update_ts":1790676238},"config":{"id":200,"name":"Current limit","min":6,"max":16,"meta":{"cloud":["log"],"ui":{"view":"slider","unit":"A","step":1}},"persisted":true,"default_value":16},"attrs":{"access":"crw","owner":"service:0","role":"current_limit"}}],"cfg_rev":96,"offset":0,"total":15}} -> 1
13:18:48 ampere/q11dev/debug/log apq11dev-543204516334 1314 1790680730.476 2|shos_rpc_inst.c:452     0x3fcc67e8 GOT FRAME (142): {"id":6,"method":"Shelly.GetComponents","src":"aios-126644693633616","params":{"dynamic_only":true,"offset":12},"dst":"apq11dev-543204516334"}
13:18:48 ampere/q11dev/debug/log apq11dev-543204516334 1315 1790680730.481 2|shos_rpc_inst.c:331     '6' 'aios-126644693633616' 'apq11dev-543204516334' 'Shelly.GetComponents'
13:18:48 ampere/q11dev/debug/log apq11dev-543204516334 1316 1790680730.486 2|shos_rpc_inst.c:241     Shelly.GetComponents [6@aios-126644693633616] via WS_in from 192.168.0.57:64120 via ws0
13:18:48 ampere/q11dev/debug/log apq11dev-543204516334 1317 1790680730.537 2|shos_rpc_inst.c:683     0x3fcc67e8 SEND FRAME (1240): {"id":6,"src":"apq11dev-543204516334","dst":"aios-126644693633616","result":{"components":[{"key":"object:200","status":{"value":{"phase_a":{"voltage":0,"current":0,"power":0},"phase_b":{"voltage":0,"current":0,"power":0},"phase_c":{"voltage":0,"current":0,"power":0},"total_current":0,"total_power":0,"total_act_energy":0,"counter":{"total":0,"minute_ts":1790594400,"by_minute":[0,0,0]}},"source":"sys","last_update_ts":1790594448},"config":{"id":200,"name":"Consumption","meta":{"cloud":["bymin"],"ui":{"unit":"kWh"}}},"attrs":{"access":"cr","owner":"service:0","role":"phase_info"}},{"key":"text:200","status":{"value":"","source":"","last_update_ts":0},"config":{"id":200,"name":"Controller version","max_len":255,"meta":{"portal_managed":true,"cloud":["log"],"ui":{"view":"field"}},"persisted":false,"default_value":""},"attrs":{"access":"cr","owner":"service:0","role":"controller_version"}},{"key":"text:201","status":{"value":"none","source":"sys","last_update_ts":1790594452},"config":{"id":201,"name":"Faults","max_len":255,"meta":{"portal_managed":true,"cloud":["log"],"ui":{"view":"field"}},"persisted":false,"default_value":""},"attrs":{"access":"cr","owner":"service:0","role":"faults"}}],"cfg_rev":96,"offset":12,"total":15}} -> 1
13:18:48 ampere/q11dev/debug/log apq11dev-543204516334 1318 1790680730.550 2|shos_wifi_sta.cpp:524   State 8 ev -1 timeout 1
13:18:48 ampere/q11dev/debug/log apq11dev-543204516334 1319 1790680730.553 2|shos_wifi_sta.cpp:813   Avg RSSI -57, ok
13:18:48 ampere/q11dev/debug/log apq11dev-543204516334 1320 1790680731.767 2|shos_rpc_inst.c:479     0x3fcc67e8 FRAME SENT (1)
13:18:48 ampere/q11dev/debug/log apq11dev-543204516334 1321 1790680731.781 2|shos_mqtt_conn.c:465    MQTT0: pub ampere/q11dev/debug/log @ 0 (93) -> 0
13:18:48 ampere/q11dev/debug/log apq11dev-543204516334 1322 1790680731.794 2|shos_mqtt_conn.c:465    MQTT0: pub ampere/q11dev/debug/log @ 0 (116) -> 0
13:18:48 ampere/q11dev/debug/log apq11dev-543204516334 1323 1790680731.808 2|shos_mqtt_conn.c:465    MQTT0: pub ampere/q11dev/debug/log @ 0 (117) -> 0
13:18:48 ampere/q11dev/debug/log apq11dev-543204516334 1324 1790680731.821 2|shos_mqtt_conn.c:465    MQTT0: pub ampere/q11dev/debug/log @ 0 (117) -> 0
13:18:48 ampere/q11dev/debug/log apq11dev-543204516334 1325 1790680731.835 2|shos_mqtt_conn.c:465    MQTT0: pub ampere/q11dev/debug/log @ 0 (117) -> 0
13:18:48 ampere/q11dev/debug/log apq11dev-543204516334 1326 1790680731.847 2|shos_mqtt_conn.c:465    MQTT0: pub ampere/q11dev/debug/log @ 0 (117) -> 0
13:18:48 ampere/q11dev/debug/log apq11dev-543204516334 1327 1790680731.861 2|shos_mqtt_conn.c:465    MQTT0: pub ampere/q11dev/debug/log @ 0 (117) -> 0
13:18:48 ampere/q11dev/debug/log apq11dev-543204516334 1328 1790680731.874 2|shos_mqtt_conn.c:465    MQTT0: pub ampere/q11dev/debug/log @ 0 (117) -> 0
13:18:48 ampere/q11dev/debug/log apq11dev-543204516334 1329 1790680731.887 2|shos_mqtt_conn.c:465    MQTT0: pub ampere/q11dev/debug/log @ 0 (117) -> -1
13:18:48 ampere/q11dev/debug/log apq11dev-543204516334 1330 1790680731.899 2|shos_mqtt_conn.c:465    MQTT0: pub ampere/q11dev/debug/log @ 0 (117) -> -1
13:18:48 ampere/q11dev/debug/log apq11dev-543204516334 1331 1790680731.912 2|shos_mqtt_conn.c:465    MQTT0: pub ampere/q11dev/debug/log @ 0 (117) -> -1
13:18:48 ampere/q11dev/debug/log apq11dev-543204516334 1332 1790680731.925 2|shos_mqtt_conn.c:465    MQTT0: pub ampere/q11dev/debug/log @ 0 (117) -> -1
13:18:48 ampere/q11dev/debug/log apq11dev-543204516334 1333 1790680731.969 2|shos_mqtt_conn.c:465    MQTT0: pub ampere/q11dev/debug/log @ 0 (117) -> 0
13:18:48 ampere/q11dev/debug/log apq11dev-543204516334 1334 1790680731.973 2|shos_mqtt_conn.c:465    MQTT0: pub ampere/q11dev/debug/log @ 0 (118) -> 0
13:18:48 ampere/q11dev/debug/log apq11dev-543204516334 1335 1790680731.976 2|shos_mqtt_conn.c:465    MQTT0: pub ampere/q11dev/debug/log @ 0 (118) -> 0
13:18:48 ampere/q11dev/debug/log apq11dev-543204516334 1336 1790680731.982 2|shos_mqtt_conn.c:465    MQTT0: pub ampere/q11dev/debug/log @ 0 (118) -> 0
13:18:48 ampere/q11dev/debug/log apq11dev-543204516334 1337 1790680731.986 2|shos_mqtt_conn.c:465    MQTT0: pub ampere/q11dev/debug/log @ 0 (118) -> -1
13:18:48 ampere/q11dev/debug/log apq11dev-543204516334 1338 1790680732.000 2|shos_mqtt_conn.c:465    MQTT0: pub ampere/q11dev/debug/log @ 0 (118) -> -1
13:18:48 ampere/q11dev/debug/log apq11dev-543204516334 1339 1790680732.044 2|shos_mqtt_conn.c:465    MQTT0: pub ampere/q11dev/debug/log @ 0 (118) -> 0
13:18:48 ampere/q11dev/debug/log apq11dev-543204516334 1340 1790680732.048 2|shos_mqtt_conn.c:465    MQTT0: pub ampere/q11dev/debug/log @ 0 (117) -> 0
13:18:48 ampere/q11dev/debug/log apq11dev-543204516334 1341 1790680732.052 2|shos_mqtt_conn.c:465    MQTT0: pub ampere/q11dev/debug/log @ 0 (117) -> 0
13:18:48 ampere/q11dev/debug/log apq11dev-543204516334 1342 1790680732.056 2|shos_mqtt_conn.c:465    MQTT0: pub ampere/q11dev/debug/log @ 0 (117) -> 0
13:18:48 ampere/q11dev/debug/log apq11dev-543204516334 1343 1790680732.060 2|shos_mqtt_conn.c:465    MQTT0: pub ampere/q11dev/debug/log @ 0 (117) -> -1
13:18:48 ampere/q11dev/debug/log apq11dev-543204516334 1344 1790680732.073 2|shos_mqtt_conn.c:465    MQTT0: pub ampere/q11dev/debug/log @ 0 (117) -> -1
13:18:48 ampere/q11dev/debug/log apq11dev-543204516334 1345 1790680732.086 2|shos_mqtt_conn.c:465    MQTT0: pub ampere/q11dev/debug/log @ 0 (117) -> -1
13:18:48 ampere/q11dev/debug/log apq11dev-543204516334 1346 1790680732.130 2|shos_mqtt_conn.c:465    MQTT0: pub ampere/q11dev/debug/log @ 0 (117) -> 0
13:18:49 ampere/q11dev/debug/log apq11dev-543204516334 1347 1790680732.134 2|shos_mqtt_conn.c:465    MQTT0: pub ampere/q11dev/debug/log @ 0 (118) -> 0
13:18:49 ampere/q11dev/debug/log apq11dev-543204516334 1348 1790680732.139 2|shos_mqtt_conn.c:465    MQTT0: pub ampere/q11dev/debug/log @ 0 (118) -> 0
13:18:49 ampere/q11dev/debug/log apq11dev-543204516334 1349 1790680732.144 2|shos_mqtt_conn.c:465    MQTT0: pub ampere/q11dev/debug/log @ 0 (117) -> 0
13:18:49 ampere/q11dev/debug/log apq11dev-543204516334 1350 1790680732.149 2|shos_mqtt_conn.c:465    MQTT0: pub ampere/q11dev/debug/log @ 0 (117) -> -1
13:18:49 ampere/q11dev/debug/log apq11dev-543204516334 1351 1790680732.193 2|shos_mqtt_conn.c:465    MQTT0: pub ampere/q11dev/debug/log @ 0 (117) -> 0
13:18:49 ampere/q11dev/debug/log apq11dev-543204516334 1352 1790680732.197 2|shos_mqtt_conn.c:465    MQTT0: pub ampere/q11dev/debug/log @ 0 (117) -> 0
13:18:49 ampere/q11dev/debug/log apq11dev-543204516334 1353 1790680732.202 2|shos_mqtt_conn.c:465    MQTT0: pub ampere/q11dev/debug/log @ 0 (117) -> 0
13:18:49 ampere/q11dev/debug/log apq11dev-543204516334 1354 1790680732.206 2|shos_mqtt_conn.c:465    MQTT0: pub ampere/q11dev/debug/log @ 0 (118) -> 0
13:18:49 ampere/q11dev/debug/log apq11dev-543204516334 1355 1790680732.210 2|shos_mqtt_conn.c:465    MQTT0: pub ampere/q11dev/debug/log @ 0 (118) -> -1
13:18:49 ampere/q11dev/debug/log apq11dev-543204516334 1356 1790680732.223 2|shos_mqtt_conn.c:465    MQTT0: pub ampere/q11dev/debug/log @ 0 (118) -> -1
13:18:49 ampere/q11dev/debug/log apq11dev-543204516334 1357 1790680732.267 2|shos_mqtt_conn.c:465    MQTT0: pub ampere/q11dev/debug/log @ 0 (118) -> 0
13:18:49 ampere/q11dev/debug/log apq11dev-543204516334 1358 1790680732.271 2|shos_mqtt_conn.c:465    MQTT0: pub ampere/q11dev/debug/log @ 0 (118) -> 0
13:18:49 ampere/q11dev/debug/log apq11dev-543204516334 1359 1790680732.275 2|shos_mqtt_conn.c:465    MQTT0: pub ampere/q11dev/debug/log @ 0 (117) -> 0
13:18:49 ampere/q11dev/debug/log apq11dev-543204516334 1360 1790680732.279 2|shos_mqtt_conn.c:465    MQTT0: pub ampere/q11dev/debug/log @ 0 (117) -> 0
13:18:49 ampere/q11dev/debug/log apq11dev-543204516334 1361 1790680732.283 2|shos_mqtt_conn.c:465    MQTT0: pub ampere/q11dev/debug/log @ 0 (117) -> -1
13:18:49 ampere/q11dev/debug/log apq11dev-543204516334 1362 1790680732.340 2|shos_mqtt_conn.c:465    MQTT0: pub ampere/q11dev/debug/log @ 0 (117) -> 0
13:18:49 ampere/q11dev/debug/log apq11dev-543204516334 1363 1790680732.344 2|shos_mqtt_conn.c:465    MQTT0: pub ampere/q11dev/debug/log @ 0 (117) -> 0
13:18:49 ampere/q11dev/debug/log apq11dev-543204516334 1364 1790680732.348 2|shos_mqtt_conn.c:465    MQTT0: pub ampere/q11dev/debug/log @ 0 (118) -> 0
13:18:49 ampere/q11dev/debug/log apq11dev-543204516334 1365 1790680732.352 2|shos_mqtt_conn.c:465    MQTT0: pub ampere/q11dev/debug/log @ 0 (117) -> 0
13:18:49 ampere/q11dev/debug/log apq11dev-543204516334 1366 1790680732.401 2|shos_mqtt_conn.c:465    MQTT0: pub ampere/q11dev/debug/log @ 0 (117) -> 0
13:18:49 ampere/q11dev/debug/log apq11dev-543204516334 1367 1790680732.405 2|shos_mqtt_conn.c:465    MQTT0: pub ampere/q11dev/debug/log @ 0 (117) -> 0
13:18:49 ampere/q11dev/debug/log apq11dev-543204516334 1368 1790680732.409 2|shos_mqtt_conn.c:465    MQTT0: pub ampere/q11dev/debug/log @ 0 (117) -> 0
13:18:49 ampere/q11dev/debug/log apq11dev-543204516334 1369 1790680732.413 2|shos_mqtt_conn.c:465    MQTT0: pub ampere/q11dev/debug/log @ 0 (118) -> 0
13:18:49 ampere/q11dev/debug/log apq11dev-543204516334 1370 1790680732.462 2|shos_mqtt_conn.c:465    MQTT0: pub ampere/q11dev/debug/log @ 0 (118) -> 0
13:18:49 ampere/q11dev/debug/log apq11dev-543204516334 1371 1790680732.466 2|shos_mqtt_conn.c:465    MQTT0: pub ampere/q11dev/debug/log @ 0 (117) -> 0
13:18:49 ampere/q11dev/debug/log apq11dev-543204516334 1372 1790680732.470 2|shos_mqtt_conn.c:465    MQTT0: pub ampere/q11dev/debug/log @ 0 (117) -> 0
13:18:49 ampere/q11dev/debug/log apq11dev-543204516334 1373 1790680732.474 2|shos_mqtt_conn.c:465    MQTT0: pub ampere/q11dev/debug/log @ 0 (117) -> 0
13:18:49 ampere/q11dev/debug/log apq11dev-543204516334 1374 1790680732.535 2|shos_mqtt_conn.c:465    MQTT0: pub ampere/q11dev/debug/log @ 0 (117) -> 0
13:18:49 ampere/q11dev/debug/log apq11dev-543204516334 1375 1790680732.539 2|shos_mqtt_conn.c:465    MQTT0: pub ampere/q11dev/debug/log @ 0 (118) -> 0
13:18:49 ampere/q11dev/debug/log apq11dev-543204516334 1376 1790680732.543 2|shos_mqtt_conn.c:465    MQTT0: pub ampere/q11dev/debug/log @ 0 (117) -> 0
13:18:49 ampere/q11dev/debug/log apq11dev-543204516334 1377 1790680732.547 2|shos_mqtt_conn.c:465    MQTT0: pub ampere/q11dev/debug/log @ 0 (117) -> 0
13:18:49 ampere/q11dev/debug/log apq11dev-543204516334 1378 1790680732.612 2|shos_mqtt_conn.c:465    MQTT0: pub ampere/q11dev/debug/log @ 0 (117) -> 0
13:18:49 ampere/q11dev/debug/log apq11dev-543204516334 1379 1790680732.617 2|shos_mqtt_conn.c:465    MQTT0: pub ampere/q11dev/debug/log @ 0 (117) -> 0
13:18:50 ampere/q11dev/debug/log apq11dev-543204516334 1380 1790680732.621 2|shos_mqtt_conn.c:465    MQTT0: pub ampere/q11dev/debug/log @ 0 (117) -> 0
13:18:50 ampere/q11dev/debug/log apq11dev-543204516334 1381 1790680732.625 2|esp32xx_wifi_if.cpp:234 PK check: link 1 gw 1 UC 683 MC 89 ctr 14/105 ping 0 num_act 0
13:18:50 ampere/q11dev/debug/log apq11dev-543204516334 1382 1790680732.680 2|shos_mqtt_conn.c:465    MQTT0: pub ampere/q11dev/debug/log @ 0 (117) -> 0
13:18:50 ampere/q11dev/debug/log apq11dev-543204516334 1383 1790680732.684 2|shos_mqtt_conn.c:465    MQTT0: pub ampere/q11dev/debug/log @ 0 (117) -> 0
13:18:50 ampere/q11dev/debug/log apq11dev-543204516334 1384 1790680732.688 2|shos_mqtt_conn.c:465    MQTT0: pub ampere/q11dev/debug/log @ 0 (117) -> 0
13:18:50 ampere/q11dev/debug/log apq11dev-543204516334 1385 1790680732.692 2|shos_mqtt_conn.c:465    MQTT0: pub ampere/q11dev/debug/log @ 0 (117) -> 0
13:18:50 ampere/q11dev/debug/log apq11dev-543204516334 1386 1790680732.751 2|shos_mqtt_conn.c:465    MQTT0: pub ampere/q11dev/debug/log @ 0 (117) -> 0
13:18:50 ampere/q11dev/debug/log apq11dev-543204516334 1387 1790680732.755 2|shos_mqtt_conn.c:465    MQTT0: pub ampere/q11dev/debug/log @ 0 (117) -> 0
13:18:50 ampere/q11dev/debug/log apq11dev-543204516334 1388 1790680732.760 2|shos_mqtt_conn.c:465    MQTT0: pub ampere/q11dev/debug/log @ 0 (117) -> 0
13:18:50 ampere/q11dev/debug/log apq11dev-543204516334 1389 1790680732.765 2|shos_mqtt_conn.c:465    MQTT0: pub ampere/q11dev/debug/log @ 0 (117) -> 0
13:18:50 ampere/q11dev/debug/log apq11dev-543204516334 1390 1790680732.813 2|shos_mqtt_conn.c:465    MQTT0: pub ampere/q11dev/debug/log @ 0 (117) -> 0
13:18:50 ampere/q11dev/debug/log apq11dev-543204516334 1391 1790680732.818 2|shos_mqtt_conn.c:465    MQTT0: pub ampere/q11dev/debug/log @ 0 (117) -> 0
13:18:50 ampere/q11dev/debug/log apq11dev-543204516334 1392 1790680732.822 2|shos_mqtt_conn.c:465    MQTT0: pub ampere/q11dev/debug/log @ 0 (117) -> 0
13:18:50 ampere/q11dev/debug/log apq11dev-543204516334 1393 1790680732.826 2|shos_mqtt_conn.c:465    MQTT0: pub ampere/q11dev/debug/log @ 0 (117) -> 0
13:18:50 ampere/q11dev/debug/log apq11dev-543204516334 1394 1790680732.874 2|shos_mqtt_conn.c:465    MQTT0: pub ampere/q11dev/debug/log @ 0 (117) -> 0
13:18:50 ampere/q11dev/debug/log apq11dev-543204516334 1395 1790680732.878 2|shos_mqtt_conn.c:465    MQTT0: pub ampere/q11dev/debug/log @ 0 (130) -> 0
13:18:50 ampere/q11dev/debug/log apq11dev-543204516334 1396 1790680732.882 2|shos_mqtt_conn.c:465    MQTT0: pub ampere/q11dev/debug/log @ 0 (117) -> 0
13:18:50 ampere/q11dev/debug/log apq11dev-543204516334 1397 1790680732.887 2|shos_mqtt_conn.c:465    MQTT0: pub ampere/q11dev/debug/log @ 0 (117) -> 0
13:18:50 ampere/q11dev/debug/log apq11dev-543204516334 1398 1790680732.936 2|shos_mqtt_conn.c:465    MQTT0: pub ampere/q11dev/debug/log @ 0 (117) -> 0
13:18:50 ampere/q11dev/debug/log apq11dev-543204516334 1399 1790680732.940 2|shos_mqtt_conn.c:465    MQTT0: pub ampere/q11dev/debug/log @ 0 (117) -> 0
13:18:50 ampere/q11dev/debug/log apq11dev-543204516334 1400 1790680732.944 2|shos_mqtt_conn.c:465    MQTT0: pub ampere/q11dev/debug/log @ 0 (117) -> 0
13:18:50 ampere/q11dev/debug/log apq11dev-543204516334 1401 1790680732.948 2|shos_mqtt_conn.c:465    MQTT0: pub ampere/q11dev/debug/log @ 0 (117) -> 0
13:18:50 ampere/q11dev/debug/log apq11dev-543204516334 1402 1790680733.004 2|shos_mqtt_conn.c:465    MQTT0: pub ampere/q11dev/debug/log @ 0 (117) -> 0
13:18:50 ampere/q11dev/debug/log apq11dev-543204516334 1403 1790680733.008 2|shos_mqtt_conn.c:465    MQTT0: pub ampere/q11dev/debug/log @ 0 (117) -> 0
13:18:50 ampere/q11dev/debug/log apq11dev-543204516334 1404 1790680733.012 2|shos_mqtt_conn.c:465    MQTT0: pub ampere/q11dev/debug/log @ 0 (117) -> 0
13:18:50 ampere/q11dev/debug/log apq11dev-543204516334 1405 1790680733.016 2|shos_mqtt_conn.c:465    MQTT0: pub ampere/q11dev/debug/log @ 0 (117) -> 0
13:18:50 ampere/q11dev/debug/log apq11dev-543204516334 1406 1790680733.069 2|shos_mqtt_conn.c:465    MQTT0: pub ampere/q11dev/debug/log @ 0 (117) -> 0
13:18:50 ampere/q11dev/debug/log apq11dev-543204516334 1407 1790680733.073 2|shos_mqtt_conn.c:465    MQTT0: pub ampere/q11dev/debug/log @ 0 (117) -> 0
13:18:50 ampere/q11dev/debug/log apq11dev-543204516334 1408 1790680733.078 2|shos_mqtt_conn.c:465    MQTT0: pub ampere/q11dev/debug/log @ 0 (117) -> 0
13:18:50 ampere/q11dev/debug/log apq11dev-543204516334 1409 1790680733.083 2|shos_mqtt_conn.c:465    MQTT0: pub ampere/q11dev/debug/log @ 0 (117) -> 0
13:18:50 ampere/q11dev/debug/log apq11dev-543204516334 1410 1790680733.159 2|shos_mqtt_conn.c:465    MQTT0: pub ampere/q11dev/debug/log @ 0 (117) -> 0
13:18:50 ampere/q11dev/debug/log apq11dev-543204516334 1411 1790680733.163 2|shos_mqtt_conn.c:465    MQTT0: pub ampere/q11dev/debug/log @ 0 (117) -> 0
13:18:50 ampere/q11dev/debug/log apq11dev-543204516334 1412 1790680733.167 2|shos_mqtt_conn.c:465    MQTT0: pub ampere/q11dev/debug/log @ 0 (117) -> 0
13:18:50 ampere/q11dev/debug/log apq11dev-543204516334 1413 1790680733.171 2|shos_mqtt_conn.c:465    MQTT0: pub ampere/q11dev/debug/log @ 0 (117) -> 0
13:18:50 ampere/q11dev/debug/log apq11dev-543204516334 1414 1790680733.249 2|shos_mqtt_conn.c:465    MQTT0: pub ampere/q11dev/debug/log @ 0 (117) -> 0
13:18:50 ampere/q11dev/debug/log apq11dev-543204516334 1415 1790680733.253 2|shos_mqtt_conn.c:465    MQTT0: pub ampere/q11dev/debug/log @ 0 (117) -> 0
13:18:51 ampere/q11dev/debug/log apq11dev-543204516334 1416 1790680733.257 2|shos_mqtt_conn.c:465    MQTT0: pub ampere/q11dev/debug/log @ 0 (117) -> 0
13:18:51 ampere/q11dev/debug/log apq11dev-543204516334 1417 1790680733.261 2|shos_mqtt_conn.c:465    MQTT0: pub ampere/q11dev/debug/log @ 0 (117) -> 0
13:18:51 ampere/q11dev/debug/log apq11dev-543204516334 1418 1790680733.311 2|shos_mqtt_conn.c:465    MQTT0: pub ampere/q11dev/debug/log @ 0 (117) -> 0
13:18:51 ampere/q11dev/debug/log apq11dev-543204516334 1419 1790680733.315 2|shos_mqtt_conn.c:465    MQTT0: pub ampere/q11dev/debug/log @ 0 (117) -> 0
13:18:51 ampere/q11dev/debug/log apq11dev-543204516334 1420 1790680733.320 2|shos_mqtt_conn.c:465    MQTT0: pub ampere/q11dev/debug/log @ 0 (117) -> 0
13:18:51 ampere/q11dev/debug/log apq11dev-543204516334 1421 1790680733.324 2|shos_mqtt_conn.c:465    MQTT0: pub ampere/q11dev/debug/log @ 0 (117) -> 0
13:18:51 ampere/q11dev/debug/log apq11dev-543204516334 1422 1790680733.381 2|shos_mqtt_conn.c:465    MQTT0: pub ampere/q11dev/debug/log @ 0 (117) -> 0
13:18:51 ampere/q11dev/debug/log apq11dev-543204516334 1423 1790680733.385 2|shos_mqtt_conn.c:465    MQTT0: pub ampere/q11dev/debug/log @ 0 (117) -> 0
13:18:51 ampere/q11dev/debug/log apq11dev-543204516334 1424 1790680733.390 2|shos_mqtt_conn.c:465    MQTT0: pub ampere/q11dev/debug/log @ 0 (117) -> 0
13:18:51 ampere/q11dev/debug/log apq11dev-543204516334 1425 1790680733.394 2|shos_mqtt_conn.c:465    MQTT0: pub ampere/q11dev/debug/log @ 0 (117) -> 0
13:18:51 ampere/q11dev/debug/log apq11dev-543204516334 1426 1790680733.446 2|shos_mqtt_conn.c:465    MQTT0: pub ampere/q11dev/debug/log @ 0 (117) -> 0
13:18:51 ampere/q11dev/debug/log apq11dev-543204516334 1427 1790680733.450 2|shos_mqtt_conn.c:465    MQTT0: pub ampere/q11dev/debug/log @ 0 (117) -> 0
13:18:51 ampere/q11dev/debug/log apq11dev-543204516334 1428 1790680733.454 2|shos_mqtt_conn.c:465    MQTT0: pub ampere/q11dev/debug/log @ 0 (117) -> 0
13:18:51 ampere/q11dev/debug/log apq11dev-543204516334 1429 1790680733.458 2|shos_mqtt_conn.c:465    MQTT0: pub ampere/q11dev/debug/log @ 0 (117) -> 0
13:18:51 ampere/q11dev/debug/log apq11dev-543204516334 1430 1790680733.518 2|shos_mqtt_conn.c:465    MQTT0: pub ampere/q11dev/debug/log @ 0 (117) -> 0
13:18:51 ampere/q11dev/debug/log apq11dev-543204516334 1431 1790680733.522 2|shos_mqtt_conn.c:465    MQTT0: pub ampere/q11dev/debug/log @ 0 (117) -> 0
13:18:51 ampere/q11dev/debug/log apq11dev-543204516334 1432 1790680733.527 2|shos_mqtt_conn.c:465    MQTT0: pub ampere/q11dev/debug/log @ 0 (117) -> 0
13:18:51 ampere/q11dev/debug/log apq11dev-543204516334 1433 1790680733.531 2|shos_mqtt_conn.c:465    MQTT0: pub ampere/q11dev/debug/log @ 0 (117) -> 0
13:18:51 ampere/q11dev/debug/log apq11dev-543204516334 1434 1790680733.581 2|shos_mqtt_conn.c:465    MQTT0: pub ampere/q11dev/debug/log @ 0 (117) -> 0
13:18:51 ampere/q11dev/debug/log apq11dev-543204516334 1435 1790680733.585 2|shos_mqtt_conn.c:465    MQTT0: pub ampere/q11dev/debug/log @ 0 (117) -> 0
13:18:51 ampere/q11dev/debug/log apq11dev-543204516334 1436 1790680733.589 2|shos_mqtt_conn.c:465    MQTT0: pub ampere/q11dev/debug/log @ 0 (117) -> 0
13:18:51 ampere/q11dev/debug/log apq11dev-543204516334 1437 1790680733.593 2|shos_mqtt_conn.c:465    MQTT0: pub ampere/q11dev/debug/log @ 0 (117) -> 0
13:18:51 ampere/q11dev/debug/log apq11dev-543204516334 1438 1790680733.641 2|shos_mqtt_conn.c:465    MQTT0: pub ampere/q11dev/debug/log @ 0 (117) -> 0
13:18:51 ampere/q11dev/debug/log apq11dev-543204516334 1439 1790680733.645 2|shos_mqtt_conn.c:465    MQTT0: pub ampere/q11dev/debug/log @ 0 (117) -> 0
13:18:51 ampere/q11dev/debug/log apq11dev-543204516334 1440 1790680733.649 2|shos_mqtt_conn.c:465    MQTT0: pub ampere/q11dev/debug/log @ 0 (117) -> 0
13:18:51 ampere/q11dev/debug/log apq11dev-543204516334 1441 1790680733.653 2|shos_mqtt_conn.c:465    MQTT0: pub ampere/q11dev/debug/log @ 0 (117) -> 0
13:18:51 ampere/q11dev/debug/log apq11dev-543204516334 1442 1790680733.701 2|shos_mqtt_conn.c:465    MQTT0: pub ampere/q11dev/debug/log @ 0 (117) -> 0
13:18:51 ampere/q11dev/debug/log apq11dev-543204516334 1443 1790680733.705 2|shos_mqtt_conn.c:465    MQTT0: pub ampere/q11dev/debug/log @ 0 (117) -> 0
13:18:51 ampere/q11dev/debug/log apq11dev-543204516334 1444 1790680733.709 2|shos_mqtt_conn.c:465    MQTT0: pub ampere/q11dev/debug/log @ 0 (117) -> 0
13:18:51 ampere/q11dev/debug/log apq11dev-543204516334 1445 1790680733.714 2|shos_mqtt_conn.c:465    MQTT0: pub ampere/q11dev/debug/log @ 0 (117) -> 0
13:18:51 ampere/q11dev/debug/log apq11dev-543204516334 1446 1790680733.762 2|shos_mqtt_conn.c:465    MQTT0: pub ampere/q11dev/debug/log @ 0 (117) -> 0
13:18:51 ampere/q11dev/debug/log apq11dev-543204516334 1447 1790680733.766 2|shos_mqtt_conn.c:465    MQTT0: pub ampere/q11dev/debug/log @ 0 (117) -> 0
13:18:51 ampere/q11dev/debug/log apq11dev-543204516334 1448 1790680733.770 2|shos_mqtt_conn.c:465    MQTT0: pub ampere/q11dev/debug/log @ 0 (117) -> 0
13:18:51 ampere/q11dev/debug/log apq11dev-543204516334 1449 1790680733.774 2|shos_mqtt_conn.c:465    MQTT0: pub ampere/q11dev/debug/log @ 0 (117) -> 0
13:18:51 ampere/q11dev/debug/log apq11dev-543204516334 1450 1790680733.833 2|shos_mqtt_conn.c:465    MQTT0: pub ampere/q11dev/debug/log @ 0 (117) -> 0
13:18:52 ampere/q11dev/debug/log apq11dev-543204516334 1451 1790680733.837 2|shos_mqtt_conn.c:465    MQTT0: pub ampere/q11dev/debug/log @ 0 (117) -> 0
13:18:52 ampere/q11dev/debug/log apq11dev-543204516334 1452 1790680733.842 2|shos_mqtt_conn.c:465    MQTT0: pub ampere/q11dev/debug/log @ 0 (117) -> 0
13:18:52 ampere/q11dev/debug/log apq11dev-543204516334 1453 1790680733.847 2|shos_mqtt_conn.c:465    MQTT0: pub ampere/q11dev/debug/log @ 0 (117) -> 0
13:18:52 ampere/q11dev/debug/log apq11dev-543204516334 1454 1790680733.907 2|shos_mqtt_conn.c:465    MQTT0: pub ampere/q11dev/debug/log @ 0 (117) -> 0
13:18:52 ampere/q11dev/debug/log apq11dev-543204516334 1455 1790680733.912 2|shos_mqtt_conn.c:465    MQTT0: pub ampere/q11dev/debug/log @ 0 (117) -> 0
13:18:52 ampere/q11dev/debug/log apq11dev-543204516334 1456 1790680733.916 2|shos_mqtt_conn.c:465    MQTT0: pub ampere/q11dev/debug/log @ 0 (117) -> 0
13:18:52 ampere/q11dev/debug/log apq11dev-543204516334 1457 1790680733.920 2|shos_mqtt_conn.c:465    MQTT0: pub ampere/q11dev/debug/log @ 0 (117) -> 0
13:18:52 ampere/q11dev/debug/log apq11dev-543204516334 1458 1790680733.980 2|shos_mqtt_conn.c:465    MQTT0: pub ampere/q11dev/debug/log @ 0 (117) -> 0
13:18:52 ampere/q11dev/debug/log apq11dev-543204516334 1459 1790680733.984 2|shos_mqtt_conn.c:465    MQTT0: pub ampere/q11dev/debug/log @ 0 (117) -> 0
13:18:52 ampere/q11dev/debug/log apq11dev-543204516334 1460 1790680733.989 2|shos_mqtt_conn.c:465    MQTT0: pub ampere/q11dev/debug/log @ 0 (117) -> 0
13:18:52 ampere/q11dev/debug/log apq11dev-543204516334 1461 1790680733.993 2|shos_mqtt_conn.c:465    MQTT0: pub ampere/q11dev/debug/log @ 0 (117) -> 0
13:18:52 ampere/q11dev/debug/log apq11dev-543204516334 1462 1790680734.042 2|shos_mqtt_conn.c:465    MQTT0: pub ampere/q11dev/debug/log @ 0 (117) -> 0
13:18:52 ampere/q11dev/debug/log apq11dev-543204516334 1463 1790680734.046 2|shos_mqtt_conn.c:465    MQTT0: pub ampere/q11dev/debug/log @ 0 (117) -> 0
13:18:52 ampere/q11dev/debug/log apq11dev-543204516334 1464 1790680734.050 2|shos_mqtt_conn.c:465    MQTT0: pub ampere/q11dev/debug/log @ 0 (117) -> 0
13:18:52 ampere/q11dev/debug/log apq11dev-543204516334 1465 1790680734.054 2|shos_mqtt_conn.c:465    MQTT0: pub ampere/q11dev/debug/log @ 0 (117) -> 0
13:18:52 ampere/q11dev/debug/log apq11dev-543204516334 1466 1790680734.102 2|shos_mqtt_conn.c:465    MQTT0: pub ampere/q11dev/debug/log @ 0 (117) -> 0
13:18:52 ampere/q11dev/debug/log apq11dev-543204516334 1467 1790680734.106 2|shos_mqtt_conn.c:465    MQTT0: pub ampere/q11dev/debug/log @ 0 (117) -> 0
13:18:52 ampere/q11dev/debug/log apq11dev-543204516334 1468 1790680734.110 2|shos_mqtt_conn.c:465    MQTT0: pub ampere/q11dev/debug/log @ 0 (117) -> 0
13:18:52 ampere/q11dev/debug/log apq11dev-543204516334 1469 1790680734.114 2|shos_mqtt_conn.c:465    MQTT0: pub ampere/q11dev/debug/log @ 0 (117) -> 0
13:18:52 ampere/q11dev/debug/log apq11dev-543204516334 1470 1790680734.196 2|shos_mqtt_conn.c:465    MQTT0: pub ampere/q11dev/debug/log @ 0 (117) -> 0
13:18:52 ampere/q11dev/debug/log apq11dev-543204516334 1471 1790680734.200 2|shos_mqtt_conn.c:465    MQTT0: pub ampere/q11dev/debug/log @ 0 (117) -> 0
13:18:52 ampere/q11dev/debug/log apq11dev-543204516334 1472 1790680734.204 2|shos_mqtt_conn.c:465    MQTT0: pub ampere/q11dev/debug/log @ 0 (117) -> 0
13:18:52 ampere/q11dev/debug/log apq11dev-543204516334 1473 1790680734.208 2|shos_mqtt_conn.c:465    MQTT0: pub ampere/q11dev/debug/log @ 0 (117) -> 0
13:18:52 ampere/q11dev/debug/log apq11dev-543204516334 1474 1790680734.369 2|shos_mqtt_conn.c:465    MQTT0: pub ampere/q11dev/debug/log @ 0 (117) -> 0
13:18:52 ampere/q11dev/debug/log apq11dev-543204516334 1475 1790680734.373 2|shos_mqtt_conn.c:465    MQTT0: pub ampere/q11dev/debug/log @ 0 (117) -> 0
13:18:52 ampere/q11dev/debug/log apq11dev-543204516334 1476 1790680734.377 2|shos_mqtt_conn.c:465    MQTT0: pub ampere/q11dev/debug/log @ 0 (117) -> 0
13:18:52 ampere/q11dev/debug/log apq11dev-543204516334 1477 1790680734.381 2|shos_mqtt_conn.c:465    MQTT0: pub ampere/q11dev/debug/log @ 0 (117) -> 0
13:18:52 ampere/q11dev/debug/log apq11dev-543204516334 1478 1790680734.441 2|shos_mqtt_conn.c:465    MQTT0: pub ampere/q11dev/debug/log @ 0 (117) -> 0
13:18:52 ampere/q11dev/debug/log apq11dev-543204516334 1479 1790680734.445 2|shos_mqtt_conn.c:465    MQTT0: pub ampere/q11dev/debug/log @ 0 (117) -> 0
13:18:52 ampere/q11dev/debug/log apq11dev-543204516334 1480 1790680734.449 2|shos_mqtt_conn.c:465    MQTT0: pub ampere/q11dev/debug/log @ 0 (117) -> 0
13:18:52 ampere/q11dev/debug/log apq11dev-543204516334 1481 1790680734.453 2|shos_mqtt_conn.c:465    MQTT0: pub ampere/q11dev/debug/log @ 0 (117) -> 0
13:18:52 ampere/q11dev/debug/log apq11dev-543204516334 1482 1790680734.503 2|shos_mqtt_conn.c:465    MQTT0: pub ampere/q11dev/debug/log @ 0 (117) -> 0
13:18:52 ampere/q11dev/debug/log apq11dev-543204516334 1483 1790680734.507 2|shos_mqtt_conn.c:465    MQTT0: pub ampere/q11dev/debug/log @ 0 (117) -> 0
13:18:52 ampere/q11dev/debug/log apq11dev-543204516334 1484 1790680734.511 2|shos_mqtt_conn.c:465    MQTT0: pub ampere/q11dev/debug/log @ 0 (117) -> 0
13:18:53 ampere/q11dev/debug/log apq11dev-543204516334 1485 1790680734.516 2|shos_mqtt_conn.c:465    MQTT0: pub ampere/q11dev/debug/log @ 0 (117) -> 0
13:18:53 ampere/q11dev/debug/log apq11dev-543204516334 1486 1790680734.564 2|shos_mqtt_conn.c:465    MQTT0: pub ampere/q11dev/debug/log @ 0 (117) -> 0
13:18:53 ampere/q11dev/debug/log apq11dev-543204516334 1487 1790680734.568 2|shos_mqtt_conn.c:465    MQTT0: pub ampere/q11dev/debug/log @ 0 (117) -> 0
13:18:53 ampere/q11dev/debug/log apq11dev-543204516334 1488 1790680734.572 2|shos_mqtt_conn.c:465    MQTT0: pub ampere/q11dev/debug/log @ 0 (117) -> 0
13:18:53 ampere/q11dev/debug/log apq11dev-543204516334 1489 1790680734.577 2|shos_mqtt_conn.c:465    MQTT0: pub ampere/q11dev/debug/log @ 0 (117) -> 0
13:18:53 ampere/q11dev/debug/log apq11dev-543204516334 1490 1790680734.718 2|shos_mqtt_conn.c:465    MQTT0: pub ampere/q11dev/debug/log @ 0 (117) -> 0
13:18:53 ampere/q11dev/debug/log apq11dev-543204516334 1491 1790680734.722 2|shos_mqtt_conn.c:465    MQTT0: pub ampere/q11dev/debug/log @ 0 (117) -> 0
13:18:53 ampere/q11dev/debug/log apq11dev-543204516334 1492 1790680734.726 2|shos_mqtt_conn.c:465    MQTT0: pub ampere/q11dev/debug/log @ 0 (117) -> 0
13:18:53 ampere/q11dev/debug/log apq11dev-543204516334 1493 1790680734.730 2|shos_lwip_ping.cpp:190  192.168.0.1 ping 0xbb77 response seq 1 rtt 15 ms
13:18:53 ampere/q11dev/debug/log apq11dev-543204516334 1494 1790680734.734 2|esp32xx_wifi_if.cpp:295 PK check: ctr 15 gateway is pingable
13:18:53 ampere/q11dev/debug/log apq11dev-543204516334 1495 1790680734.738 2|shos_mqtt_conn.c:465    MQTT0: pub ampere/q11dev/debug/log @ 0 (117) -> 0
13:18:53 ampere/q11dev/debug/log apq11dev-543204516334 1496 1790680734.743 2|shos_mqtt_conn.c:465    MQTT0: pub ampere/q11dev/debug/log @ 0 (117) -> 0
13:18:53 ampere/q11dev/debug/log apq11dev-543204516334 1497 1790680734.747 2|shos_mqtt_conn.c:465    MQTT0: pub ampere/q11dev/debug/log @ 0 (117) -> 0
13:18:53 ampere/q11dev/debug/log apq11dev-543204516334 1498 1790680734.810 2|shos_mqtt_conn.c:465    MQTT0: pub ampere/q11dev/debug/log @ 0 (117) -> 0
13:18:53 ampere/q11dev/debug/log apq11dev-543204516334 1499 1790680734.814 2|shos_mqtt_conn.c:465    MQTT0: pub ampere/q11dev/debug/log @ 0 (117) -> 0
13:18:53 ampere/q11dev/debug/log apq11dev-543204516334 1500 1790680734.818 2|shos_mqtt_conn.c:465    MQTT0: pub ampere/q11dev/debug/log @ 0 (117) -> 0
13:18:53 ampere/q11dev/debug/log apq11dev-543204516334 1501 1790680734.822 2|shos_mqtt_conn.c:465    MQTT0: pub ampere/q11dev/debug/log @ 0 (117) -> 0
13:18:53 ampere/q11dev/debug/log apq11dev-543204516334 1502 1790680734.873 2|shos_mqtt_conn.c:465    MQTT0: pub ampere/q11dev/debug/log @ 0 (117) -> 0
13:18:53 ampere/q11dev/debug/log apq11dev-543204516334 1503 1790680734.877 2|shos_mqtt_conn.c:465    MQTT0: pub ampere/q11dev/debug/log @ 0 (117) -> 0
13:18:53 ampere/q11dev/debug/log apq11dev-543204516334 1504 1790680734.881 2|shos_mqtt_conn.c:465    MQTT0: pub ampere/q11dev/debug/log @ 0 (117) -> 0
13:18:53 ampere/q11dev/debug/log apq11dev-543204516334 1505 1790680734.885 2|shos_mqtt_conn.c:465    MQTT0: pub ampere/q11dev/debug/log @ 0 (117) -> 0
13:18:53 ampere/q11dev/debug/log apq11dev-543204516334 1506 1790680734.933 2|shos_mqtt_conn.c:465    MQTT0: pub ampere/q11dev/debug/log @ 0 (117) -> 0
13:18:53 ampere/q11dev/debug/log apq11dev-543204516334 1507 1790680734.937 2|shos_mqtt_conn.c:465    MQTT0: pub ampere/q11dev/debug/log @ 0 (116) -> 0
13:18:53 ampere/q11dev/debug/log apq11dev-543204516334 1508 1790680734.941 2|shos_mqtt_conn.c:465    MQTT0: pub ampere/q11dev/debug/log @ 0 (104) -> 0
13:18:53 ampere/q11dev/debug/log apq11dev-543204516334 1509 1790680734.945 2|shos_mqtt_conn.c:465    MQTT0: pub ampere/q11dev/debug/log @ 0 (117) -> 0
13:18:53 ampere/q11dev/debug/log apq11dev-543204516334 1510 1790680734.994 2|shos_mqtt_conn.c:465    MQTT0: pub ampere/q11dev/debug/log @ 0 (117) -> 0
13:18:53 ampere/q11dev/debug/log apq11dev-543204516334 1511 1790680734.998 2|shos_mqtt_conn.c:465    MQTT0: pub ampere/q11dev/debug/log @ 0 (117) -> 0
13:18:53 ampere/q11dev/debug/log apq11dev-543204516334 1512 1790680735.002 2|shos_mqtt_conn.c:465    MQTT0: pub ampere/q11dev/debug/log @ 0 (117) -> 0
13:18:53 ampere/q11dev/debug/log apq11dev-543204516334 1513 1790680735.006 2|shos_mqtt_conn.c:465    MQTT0: pub ampere/q11dev/debug/log @ 0 (117) -> 0
13:18:53 ampere/q11dev/debug/log apq11dev-543204516334 1514 1790680735.054 2|shos_mqtt_conn.c:465    MQTT0: pub ampere/q11dev/debug/log @ 0 (117) -> 0
13:18:53 ampere/q11dev/debug/log apq11dev-543204516334 1515 1790680735.058 2|shos_mqtt_conn.c:465    MQTT0: pub ampere/q11dev/debug/log @ 0 (117) -> 0
13:18:53 ampere/q11dev/debug/log apq11dev-543204516334 1516 1790680735.063 2|shos_mqtt_conn.c:465    MQTT0: pub ampere/q11dev/debug/log @ 0 (117) -> 0
13:18:53 ampere/q11dev/debug/log apq11dev-543204516334 1517 1790680735.067 2|shos_mqtt_conn.c:465    MQTT0: pub ampere/q11dev/debug/log @ 0 (117) -> 0
13:18:53 ampere/q11dev/debug/log apq11dev-543204516334 1518 1790680735.115 2|shos_mqtt_conn.c:465    MQTT0: pub ampere/q11dev/debug/log @ 0 (117) -> 0
13:18:53 ampere/q11dev/debug/log apq11dev-543204516334 1519 1790680735.119 2|shos_mqtt_conn.c:465    MQTT0: pub ampere/q11dev/debug/log @ 0 (117) -> 0
13:18:53 ampere/q11dev/debug/log apq11dev-543204516334 1520 1790680735.123 2|shos_mqtt_conn.c:465    MQTT0: pub ampere/q11dev/debug/log @ 0 (117) -> 0
13:18:54 ampere/q11dev/debug/log apq11dev-543204516334 1521 1790680735.127 2|shos_mqtt_conn.c:465    MQTT0: pub ampere/q11dev/debug/log @ 0 (117) -> 0
13:18:54 ampere/q11dev/debug/log apq11dev-543204516334 1522 1790680735.176 2|shos_mqtt_conn.c:465    MQTT0: pub ampere/q11dev/debug/log @ 0 (117) -> 0
13:18:54 ampere/q11dev/debug/log apq11dev-543204516334 1523 1790680735.180 2|shos_mqtt_conn.c:465    MQTT0: pub ampere/q11dev/debug/log @ 0 (117) -> 0
13:18:54 ampere/q11dev/debug/log apq11dev-543204516334 1524 1790680735.184 2|shos_mqtt_conn.c:465    MQTT0: pub ampere/q11dev/debug/log @ 0 (117) -> 0
13:18:54 ampere/q11dev/debug/log apq11dev-543204516334 1525 1790680735.188 2|shos_mqtt_conn.c:465    MQTT0: pub ampere/q11dev/debug/log @ 0 (117) -> 0
13:18:54 ampere/q11dev/debug/log apq11dev-543204516334 1526 1790680735.236 2|shos_mqtt_conn.c:465    MQTT0: pub ampere/q11dev/debug/log @ 0 (117) -> 0
13:18:54 ampere/q11dev/debug/log apq11dev-543204516334 1527 1790680735.241 2|shos_mqtt_conn.c:465    MQTT0: pub ampere/q11dev/debug/log @ 0 (117) -> 0
13:18:54 ampere/q11dev/debug/log apq11dev-543204516334 1528 1790680735.246 2|shos_mqtt_conn.c:465    MQTT0: pub ampere/q11dev/debug/log @ 0 (117) -> 0
13:18:54 ampere/q11dev/debug/log apq11dev-543204516334 1529 1790680735.251 2|shos_mqtt_conn.c:465    MQTT0: pub ampere/q11dev/debug/log @ 0 (117) -> 0
13:18:54 ampere/q11dev/debug/log apq11dev-543204516334 1530 1790680735.299 2|shos_mqtt_conn.c:465    MQTT0: pub ampere/q11dev/debug/log @ 0 (117) -> 0
13:18:54 ampere/q11dev/debug/log apq11dev-543204516334 1531 1790680735.303 2|shos_mqtt_conn.c:465    MQTT0: pub ampere/q11dev/debug/log @ 0 (117) -> 0
13:18:54 ampere/q11dev/debug/log apq11dev-543204516334 1532 1790680735.307 2|shos_mqtt_conn.c:465    MQTT0: pub ampere/q11dev/debug/log @ 0 (117) -> 0
13:18:54 ampere/q11dev/debug/log apq11dev-543204516334 1533 1790680735.311 2|shos_mqtt_conn.c:465    MQTT0: pub ampere/q11dev/debug/log @ 0 (117) -> 0
13:18:54 ampere/q11dev/debug/log apq11dev-543204516334 1534 1790680735.359 2|shos_mqtt_conn.c:465    MQTT0: pub ampere/q11dev/debug/log @ 0 (117) -> 0
13:18:54 ampere/q11dev/debug/log apq11dev-543204516334 1535 1790680735.363 2|shos_mqtt_conn.c:465    MQTT0: pub ampere/q11dev/debug/log @ 0 (117) -> 0
13:18:54 ampere/q11dev/debug/log apq11dev-543204516334 1536 1790680735.368 2|shos_mqtt_conn.c:465    MQTT0: pub ampere/q11dev/debug/log @ 0 (117) -> 0
13:18:54 ampere/q11dev/debug/log apq11dev-543204516334 1537 1790680735.372 2|shos_mqtt_conn.c:465    MQTT0: pub ampere/q11dev/debug/log @ 0 (117) -> 0
13:18:54 ampere/q11dev/debug/log apq11dev-543204516334 1538 1790680735.422 2|shos_mqtt_conn.c:465    MQTT0: pub ampere/q11dev/debug/log @ 0 (117) -> 0
13:18:54 ampere/q11dev/debug/log apq11dev-543204516334 1539 1790680735.426 2|shos_mqtt_conn.c:465    MQTT0: pub ampere/q11dev/debug/log @ 0 (117) -> 0
13:18:54 ampere/q11dev/debug/log apq11dev-543204516334 1540 1790680735.430 2|shos_mqtt_conn.c:465    MQTT0: pub ampere/q11dev/debug/log @ 0 (117) -> 0
13:18:54 ampere/q11dev/debug/log apq11dev-543204516334 1541 1790680735.434 2|shos_mqtt_conn.c:465    MQTT0: pub ampere/q11dev/debug/log @ 0 (117) -> 0
13:18:54 ampere/q11dev/debug/log apq11dev-543204516334 1542 1790680735.483 2|shos_mqtt_conn.c:465    MQTT0: pub ampere/q11dev/debug/log @ 0 (117) -> 0
13:18:54 ampere/q11dev/debug/log apq11dev-543204516334 1543 1790680735.487 2|shos_mqtt_conn.c:465    MQTT0: pub ampere/q11dev/debug/log @ 0 (117) -> 0
13:18:54 ampere/q11dev/debug/log apq11dev-543204516334 1544 1790680735.491 2|shos_mqtt_conn.c:465    MQTT0: pub ampere/q11dev/debug/log @ 0 (117) -> 0
13:18:54 ampere/q11dev/debug/log apq11dev-543204516334 1545 1790680735.496 2|shos_mqtt_conn.c:465    MQTT0: pub ampere/q11dev/debug/log @ 0 (117) -> 0
13:18:54 ampere/q11dev/debug/log apq11dev-543204516334 1546 1790680735.544 2|shos_mqtt_conn.c:465    MQTT0: pub ampere/q11dev/debug/log @ 0 (117) -> 0
13:18:54 ampere/q11dev/debug/log apq11dev-543204516334 1547 1790680735.548 2|shos_mqtt_conn.c:465    MQTT0: pub ampere/q11dev/debug/log @ 0 (117) -> 0
13:18:54 ampere/q11dev/debug/log apq11dev-543204516334 1548 1790680735.553 2|shos_mqtt_conn.c:465    MQTT0: pub ampere/q11dev/debug/log @ 0 (117) -> 0
13:18:54 ampere/q11dev/debug/log apq11dev-543204516334 1549 1790680735.559 2|shos_mqtt_conn.c:465    MQTT0: pub ampere/q11dev/debug/log @ 0 (117) -> 0
13:18:54 ampere/q11dev/debug/log apq11dev-543204516334 1550 1790680735.606 2|shos_mqtt_conn.c:465    MQTT0: pub ampere/q11dev/debug/log @ 0 (117) -> 0
13:18:54 ampere/q11dev/debug/log apq11dev-543204516334 1551 1790680735.611 2|shos_mqtt_conn.c:465    MQTT0: pub ampere/q11dev/debug/log @ 0 (117) -> 0
13:18:54 ampere/q11dev/debug/log apq11dev-543204516334 1552 1790680735.615 2|shos_mqtt_conn.c:465    MQTT0: pub ampere/q11dev/debug/log @ 0 (117) -> 0
13:18:54 ampere/q11dev/debug/log apq11dev-543204516334 1553 1790680735.619 2|shos_mqtt_conn.c:465    MQTT0: pub ampere/q11dev/debug/log @ 0 (117) -> 0
13:18:54 ampere/q11dev/debug/log apq11dev-543204516334 1554 1790680735.667 2|shos_mqtt_conn.c:465    MQTT0: pub ampere/q11dev/debug/log @ 0 (117) -> 0
13:18:54 ampere/q11dev/debug/log apq11dev-543204516334 1555 1790680735.671 2|shos_mqtt_conn.c:465    MQTT0: pub ampere/q11dev/debug/log @ 0 (117) -> 0
13:18:55 ampere/q11dev/debug/log apq11dev-543204516334 1556 1790680735.675 2|shos_mqtt_conn.c:465    MQTT0: pub ampere/q11dev/debug/log @ 0 (117) -> 0
13:18:55 ampere/q11dev/debug/log apq11dev-543204516334 1557 1790680735.679 2|shos_mqtt_conn.c:465    MQTT0: pub ampere/q11dev/debug/log @ 0 (117) -> 0
13:18:55 ampere/q11dev/debug/log apq11dev-543204516334 1558 1790680735.741 2|shos_mqtt_conn.c:465    MQTT0: pub ampere/q11dev/debug/log @ 0 (117) -> 0
13:18:55 ampere/q11dev/debug/log apq11dev-543204516334 1559 1790680735.745 2|shos_mqtt_conn.c:465    MQTT0: pub ampere/q11dev/debug/log @ 0 (117) -> 0
13:18:55 ampere/q11dev/debug/log apq11dev-543204516334 1560 1790680735.749 2|shos_mqtt_conn.c:465    MQTT0: pub ampere/q11dev/debug/log @ 0 (117) -> 0
13:18:55 ampere/q11dev/debug/log apq11dev-543204516334 1561 1790680735.753 2|shos_mqtt_conn.c:465    MQTT0: pub ampere/q11dev/debug/log @ 0 (117) -> 0
13:18:55 ampere/q11dev/debug/log apq11dev-543204516334 1562 1790680735.802 2|shos_mqtt_conn.c:465    MQTT0: pub ampere/q11dev/debug/log @ 0 (117) -> 0
13:18:55 ampere/q11dev/debug/log apq11dev-543204516334 1563 1790680735.806 2|shos_mqtt_conn.c:465    MQTT0: pub ampere/q11dev/debug/log @ 0 (117) -> 0
13:18:55 ampere/q11dev/debug/log apq11dev-543204516334 1564 1790680735.810 2|shos_mqtt_conn.c:465    MQTT0: pub ampere/q11dev/debug/log @ 0 (117) -> 0
13:18:55 ampere/q11dev/debug/log apq11dev-543204516334 1565 1790680735.814 2|shos_mqtt_conn.c:465    MQTT0: pub ampere/q11dev/debug/log @ 0 (117) -> 0
13:18:55 ampere/q11dev/debug/log apq11dev-543204516334 1566 1790680735.863 2|shos_mqtt_conn.c:465    MQTT0: pub ampere/q11dev/debug/log @ 0 (117) -> 0
13:18:55 ampere/q11dev/debug/log apq11dev-543204516334 1567 1790680735.868 2|shos_mqtt_conn.c:465    MQTT0: pub ampere/q11dev/debug/log @ 0 (117) -> 0
13:18:55 ampere/q11dev/debug/log apq11dev-543204516334 1568 1790680735.872 2|shos_mqtt_conn.c:465    MQTT0: pub ampere/q11dev/debug/log @ 0 (117) -> 0
13:18:55 ampere/q11dev/debug/log apq11dev-543204516334 1569 1790680735.877 2|shos_mqtt_conn.c:465    MQTT0: pub ampere/q11dev/debug/log @ 0 (117) -> 0
13:18:55 ampere/q11dev/debug/log apq11dev-543204516334 1570 1790680735.924 2|shos_mqtt_conn.c:465    MQTT0: pub ampere/q11dev/debug/log @ 0 (117) -> 0
13:18:55 ampere/q11dev/debug/log apq11dev-543204516334 1571 1790680735.928 2|shos_mqtt_conn.c:465    MQTT0: pub ampere/q11dev/debug/log @ 0 (117) -> 0
13:18:55 ampere/q11dev/debug/log apq11dev-543204516334 1572 1790680735.932 2|shos_mqtt_conn.c:465    MQTT0: pub ampere/q11dev/debug/log @ 0 (117) -> 0
13:18:55 ampere/q11dev/debug/log apq11dev-543204516334 1573 1790680735.936 2|shos_mqtt_conn.c:465    MQTT0: pub ampere/q11dev/debug/log @ 0 (117) -> 0
13:18:55 ampere/q11dev/debug/log apq11dev-543204516334 1574 1790680735.996 2|shos_mqtt_conn.c:465    MQTT0: pub ampere/q11dev/debug/log @ 0 (117) -> 0
13:18:55 ampere/q11dev/debug/log apq11dev-543204516334 1575 1790680736.000 2|shos_mqtt_conn.c:465    MQTT0: pub ampere/q11dev/debug/log @ 0 (117) -> 0
13:18:55 ampere/q11dev/debug/log apq11dev-543204516334 1576 1790680736.005 2|shos_mqtt_conn.c:465    MQTT0: pub ampere/q11dev/debug/log @ 0 (117) -> 0
13:18:55 ampere/q11dev/debug/log apq11dev-543204516334 1577 1790680736.009 2|shos_mqtt_conn.c:465    MQTT0: pub ampere/q11dev/debug/log @ 0 (117) -> 0
13:18:55 ampere/q11dev/debug/log apq11dev-543204516334 1578 1790680736.058 2|shos_mqtt_conn.c:465    MQTT0: pub ampere/q11dev/debug/log @ 0 (117) -> 0
13:18:55 ampere/q11dev/debug/log apq11dev-543204516334 1579 1790680736.062 2|shos_mqtt_conn.c:465    MQTT0: pub ampere/q11dev/debug/log @ 0 (117) -> 0
13:18:55 ampere/q11dev/debug/log apq11dev-543204516334 1580 1790680736.067 2|shos_mqtt_conn.c:465    MQTT0: pub ampere/q11dev/debug/log @ 0 (117) -> 0
13:18:55 ampere/q11dev/debug/log apq11dev-543204516334 1581 1790680736.071 2|shos_mqtt_conn.c:465    MQTT0: pub ampere/q11dev/debug/log @ 0 (117) -> 0
13:18:55 ampere/q11dev/debug/log apq11dev-543204516334 1582 1790680736.119 2|shos_mqtt_conn.c:465    MQTT0: pub ampere/q11dev/debug/log @ 0 (117) -> 0
13:18:55 ampere/q11dev/debug/log apq11dev-543204516334 1583 1790680736.123 2|shos_mqtt_conn.c:465    MQTT0: pub ampere/q11dev/debug/log @ 0 (117) -> 0
13:18:55 ampere/q11dev/debug/log apq11dev-543204516334 1584 1790680736.127 2|shos_mqtt_conn.c:465    MQTT0: pub ampere/q11dev/debug/log @ 0 (117) -> 0
13:18:55 ampere/q11dev/debug/log apq11dev-543204516334 1585 1790680736.132 2|shos_mqtt_conn.c:465    MQTT0: pub ampere/q11dev/debug/log @ 0 (117) -> 0
13:18:55 ampere/q11dev/debug/log apq11dev-543204516334 1586 1790680736.180 2|shos_mqtt_conn.c:465    MQTT0: pub ampere/q11dev/debug/log @ 0 (117) -> 0
13:18:55 ampere/q11dev/debug/log apq11dev-543204516334 1587 1790680736.185 2|shos_mqtt_conn.c:465    MQTT0: pub ampere/q11dev/debug/log @ 0 (117) -> 0
13:18:55 ampere/q11dev/debug/log apq11dev-543204516334 1588 1790680736.189 2|shos_mqtt_conn.c:465    MQTT0: pub ampere/q11dev/debug/log @ 0 (117) -> 0
13:18:55 ampere/q11dev/debug/log apq11dev-543204516334 1589 1790680736.193 2|shos_mqtt_conn.c:465    MQTT0: pub ampere/q11dev/debug/log @ 0 (117) -> 0
13:18:55 ampere/q11dev/debug/log apq11dev-543204516334 1590 1790680736.241 2|shos_mqtt_conn.c:465    MQTT0: pub ampere/q11dev/debug/log @ 0 (117) -> 0
13:18:55 ampere/q11dev/debug/log apq11dev-543204516334 1591 1790680736.245 2|shos_mqtt_conn.c:465    MQTT0: pub ampere/q11dev/debug/log @ 0 (117) -> 0
13:18:56 ampere/q11dev/debug/log apq11dev-543204516334 1592 1790680736.249 2|shos_mqtt_conn.c:465    MQTT0: pub ampere/q11dev/debug/log @ 0 (117) -> 0
13:18:56 ampere/q11dev/debug/log apq11dev-543204516334 1593 1790680736.253 2|shos_mqtt_conn.c:465    MQTT0: pub ampere/q11dev/debug/log @ 0 (117) -> 0
13:18:56 ampere/q11dev/debug/log apq11dev-543204516334 1594 1790680736.313 2|shos_mqtt_conn.c:465    MQTT0: pub ampere/q11dev/debug/log @ 0 (117) -> 0
13:18:56 ampere/q11dev/debug/log apq11dev-543204516334 1595 1790680736.317 2|shos_mqtt_conn.c:465    MQTT0: pub ampere/q11dev/debug/log @ 0 (117) -> 0
13:18:56 ampere/q11dev/debug/log apq11dev-543204516334 1596 1790680736.321 2|shos_mqtt_conn.c:465    MQTT0: pub ampere/q11dev/debug/log @ 0 (117) -> 0
13:18:56 ampere/q11dev/debug/log apq11dev-543204516334 1597 1790680736.325 2|shos_mqtt_conn.c:465    MQTT0: pub ampere/q11dev/debug/log @ 0 (117) -> 0
13:18:56 ampere/q11dev/debug/log apq11dev-543204516334 1598 1790680736.386 2|shos_mqtt_conn.c:465    MQTT0: pub ampere/q11dev/debug/log @ 0 (117) -> 0
13:18:56 ampere/q11dev/debug/log apq11dev-543204516334 1599 1790680736.391 2|shos_mqtt_conn.c:465    MQTT0: pub ampere/q11dev/debug/log @ 0 (117) -> 0
13:18:56 ampere/q11dev/debug/log apq11dev-543204516334 1600 1790680736.395 2|shos_mqtt_conn.c:465    MQTT0: pub ampere/q11dev/debug/log @ 0 (117) -> 0
13:18:56 ampere/q11dev/debug/log apq11dev-543204516334 1601 1790680736.399 2|shos_mqtt_conn.c:465    MQTT0: pub ampere/q11dev/debug/log @ 0 (117) -> 0
13:18:56 ampere/q11dev/debug/log apq11dev-543204516334 1602 1790680736.447 2|shos_mqtt_conn.c:465    MQTT0: pub ampere/q11dev/debug/log @ 0 (117) -> 0
13:18:56 ampere/q11dev/debug/log apq11dev-543204516334 1603 1790680736.452 2|shos_mqtt_conn.c:465    MQTT0: pub ampere/q11dev/debug/log @ 0 (117) -> 0
13:18:56 ampere/q11dev/debug/log apq11dev-543204516334 1604 1790680736.456 2|shos_mqtt_conn.c:465    MQTT0: pub ampere/q11dev/debug/log @ 0 (117) -> 0
13:18:56 ampere/q11dev/debug/log apq11dev-543204516334 1605 1790680736.460 2|shos_mqtt_conn.c:465    MQTT0: pub ampere/q11dev/debug/log @ 0 (117) -> 0
13:18:56 ampere/q11dev/debug/log apq11dev-543204516334 1606 1790680736.509 2|shos_mqtt_conn.c:465    MQTT0: pub ampere/q11dev/debug/log @ 0 (117) -> 0
13:18:56 ampere/q11dev/debug/log apq11dev-543204516334 1607 1790680736.513 2|shos_mqtt_conn.c:465    MQTT0: pub ampere/q11dev/debug/log @ 0 (117) -> 0
13:18:56 ampere/q11dev/debug/log apq11dev-543204516334 1608 1790680736.517 2|shos_mqtt_conn.c:465    MQTT0: pub ampere/q11dev/debug/log @ 0 (117) -> 0
13:18:56 ampere/q11dev/debug/log apq11dev-543204516334 1609 1790680736.521 2|shos_mqtt_conn.c:465    MQTT0: pub ampere/q11dev/debug/log @ 0 (117) -> 0
13:18:56 ampere/q11dev/debug/log apq11dev-543204516334 1610 1790680736.583 2|shos_mqtt_conn.c:465    MQTT0: pub ampere/q11dev/debug/log @ 0 (117) -> 0
13:18:56 ampere/q11dev/debug/log apq11dev-543204516334 1611 1790680736.587 2|shos_mqtt_conn.c:465    MQTT0: pub ampere/q11dev/debug/log @ 0 (117) -> 0
13:18:56 ampere/q11dev/debug/log apq11dev-543204516334 1612 1790680736.591 2|shos_mqtt_conn.c:465    MQTT0: pub ampere/q11dev/debug/log @ 0 (117) -> 0
13:18:56 ampere/q11dev/debug/log apq11dev-543204516334 1613 1790680736.596 2|shos_mqtt_conn.c:465    MQTT0: pub ampere/q11dev/debug/log @ 0 (117) -> 0
13:18:56 ampere/q11dev/debug/log apq11dev-543204516334 1614 1790680736.674 2|esp32xx_wifi_if.cpp:234 PK check: link 1 gw 1 UC 802 MC 97 ctr 16/105 ping 0 num_act 0
13:18:56 ampere/q11dev/debug/log apq11dev-543204516334 1615 1790680736.679 2|hos_lwip_eth_if.cpp:513 ws(0x3fcde634): Status: server 0 oper_up 1 link_up 1/1 hf 88172
13:18:56 ampere/q11dev/debug/log apq11dev-543204516334 1616 1790680736.683 2|shos_mqtt_conn.c:465    MQTT0: pub ampere/q11dev/debug/log @ 0 (117) -> 0
13:18:56 ampere/q11dev/debug/log apq11dev-543204516334 1617 1790680736.687 2|shos_mqtt_conn.c:465    MQTT0: pub ampere/q11dev/debug/log @ 0 (117) -> 0
13:18:56 ampere/q11dev/debug/log apq11dev-543204516334 1618 1790680736.785 2|shos_mqtt_conn.c:465    MQTT0: pub ampere/q11dev/debug/log @ 0 (117) -> 0
13:18:56 ampere/q11dev/debug/log apq11dev-543204516334 1619 1790680736.789 2|shos_mqtt_conn.c:465    MQTT0: pub ampere/q11dev/debug/log @ 0 (117) -> 0
13:18:56 ampere/q11dev/debug/log apq11dev-543204516334 1620 1790680736.793 2|shos_mqtt_conn.c:465    MQTT0: pub ampere/q11dev/debug/log @ 0 (117) -> 0
13:18:56 ampere/q11dev/debug/log apq11dev-543204516334 1621 1790680736.798 2|shos_mqtt_conn.c:465    MQTT0: pub ampere/q11dev/debug/log @ 0 (117) -> 0
13:18:56 ampere/q11dev/debug/log apq11dev-543204516334 1622 1790680736.846 2|shos_mqtt_conn.c:465    MQTT0: pub ampere/q11dev/debug/log @ 0 (117) -> 0
13:18:56 ampere/q11dev/debug/log apq11dev-543204516334 1623 1790680736.851 2|shos_mqtt_conn.c:465    MQTT0: pub ampere/q11dev/debug/log @ 0 (117) -> 0
13:18:56 ampere/q11dev/debug/log apq11dev-543204516334 1624 1790680736.855 2|shos_mqtt_conn.c:465    MQTT0: pub ampere/q11dev/debug/log @ 0 (117) -> 0
13:18:57 ampere/q11dev/debug/log apq11dev-543204516334 1625 1790680736.859 2|shos_mqtt_conn.c:465    MQTT0: pub ampere/q11dev/debug/log @ 0 (117) -> 0
13:18:57 ampere/q11dev/debug/log apq11dev-543204516334 1626 1790680736.907 2|shos_mqtt_conn.c:465    MQTT0: pub ampere/q11dev/debug/log @ 0 (117) -> 0
13:18:57 ampere/q11dev/debug/log apq11dev-543204516334 1627 1790680736.911 2|shos_mqtt_conn.c:465    MQTT0: pub ampere/q11dev/debug/log @ 0 (117) -> 0
13:18:57 ampere/q11dev/debug/log apq11dev-543204516334 1628 1790680736.915 2|shos_mqtt_conn.c:465    MQTT0: pub ampere/q11dev/debug/log @ 0 (130) -> 0
13:18:57 ampere/q11dev/debug/log apq11dev-543204516334 1629 1790680736.920 2|shos_mqtt_conn.c:465    MQTT0: pub ampere/q11dev/debug/log @ 0 (131) -> 0
13:18:57 ampere/q11dev/debug/log apq11dev-543204516334 1630 1790680736.967 2|shos_mqtt_conn.c:465    MQTT0: pub ampere/q11dev/debug/log @ 0 (117) -> 0
13:18:57 ampere/q11dev/debug/log apq11dev-543204516334 1631 1790680736.971 2|shos_mqtt_conn.c:465    MQTT0: pub ampere/q11dev/debug/log @ 0 (117) -> 0
13:18:57 ampere/q11dev/debug/log apq11dev-543204516334 1632 1790680736.975 2|shos_mqtt_conn.c:465    MQTT0: pub ampere/q11dev/debug/log @ 0 (117) -> 0
13:18:57 ampere/q11dev/debug/log apq11dev-543204516334 1633 1790680736.979 2|shos_mqtt_conn.c:465    MQTT0: pub ampere/q11dev/debug/log @ 0 (117) -> 0
13:18:57 ampere/q11dev/debug/log apq11dev-543204516334 1634 1790680737.040 2|shos_mqtt_conn.c:465    MQTT0: pub ampere/q11dev/debug/log @ 0 (117) -> 0
13:18:57 ampere/q11dev/debug/log apq11dev-543204516334 1635 1790680737.044 2|shos_mqtt_conn.c:465    MQTT0: pub ampere/q11dev/debug/log @ 0 (117) -> 0
13:18:57 ampere/q11dev/debug/log apq11dev-543204516334 1636 1790680737.048 2|shos_mqtt_conn.c:465    MQTT0: pub ampere/q11dev/debug/log @ 0 (117) -> 0
13:18:57 ampere/q11dev/debug/log apq11dev-543204516334 1637 1790680737.053 2|shos_mqtt_conn.c:465    MQTT0: pub ampere/q11dev/debug/log @ 0 (117) -> 0
13:18:57 ampere/q11dev/debug/log apq11dev-543204516334 1638 1790680737.100 2|shos_mqtt_conn.c:465    MQTT0: pub ampere/q11dev/debug/log @ 0 (117) -> 0
13:18:57 ampere/q11dev/debug/log apq11dev-543204516334 1639 1790680737.104 2|shos_mqtt_conn.c:465    MQTT0: pub ampere/q11dev/debug/log @ 0 (117) -> 0
13:18:57 ampere/q11dev/debug/log apq11dev-543204516334 1640 1790680737.109 2|shos_mqtt_conn.c:465    MQTT0: pub ampere/q11dev/debug/log @ 0 (117) -> 0
13:18:57 ampere/q11dev/debug/log apq11dev-543204516334 1641 1790680737.114 2|shos_mqtt_conn.c:465    MQTT0: pub ampere/q11dev/debug/log @ 0 (117) -> 0
13:18:57 ampere/q11dev/debug/log apq11dev-543204516334 1642 1790680737.162 2|shos_mqtt_conn.c:465    MQTT0: pub ampere/q11dev/debug/log @ 0 (117) -> 0
13:18:57 ampere/q11dev/debug/log apq11dev-543204516334 1643 1790680737.166 2|shos_mqtt_conn.c:465    MQTT0: pub ampere/q11dev/debug/log @ 0 (117) -> 0
13:18:57 ampere/q11dev/debug/log apq11dev-543204516334 1644 1790680737.170 2|shos_mqtt_conn.c:465    MQTT0: pub ampere/q11dev/debug/log @ 0 (117) -> 0
13:18:57 ampere/q11dev/debug/log apq11dev-543204516334 1645 1790680737.175 2|shos_mqtt_conn.c:465    MQTT0: pub ampere/q11dev/debug/log @ 0 (117) -> 0
13:18:57 ampere/q11dev/debug/log apq11dev-543204516334 1646 1790680737.243 2|shos_mqtt_conn.c:465    MQTT0: pub ampere/q11dev/debug/log @ 0 (117) -> 0
13:18:57 ampere/q11dev/debug/log apq11dev-543204516334 1647 1790680737.247 2|shos_mqtt_conn.c:465    MQTT0: pub ampere/q11dev/debug/log @ 0 (117) -> 0
13:18:57 ampere/q11dev/debug/log apq11dev-543204516334 1648 1790680737.251 2|shos_mqtt_conn.c:465    MQTT0: pub ampere/q11dev/debug/log @ 0 (117) -> 0
13:18:57 ampere/q11dev/debug/log apq11dev-543204516334 1649 1790680737.255 2|shos_mqtt_conn.c:465    MQTT0: pub ampere/q11dev/debug/log @ 0 (117) -> 0
13:18:57 ampere/q11dev/debug/log apq11dev-543204516334 1650 1790680737.307 2|shos_mqtt_conn.c:465    MQTT0: pub ampere/q11dev/debug/log @ 0 (117) -> 0
13:18:57 ampere/q11dev/debug/log apq11dev-543204516334 1651 1790680737.311 2|shos_mqtt_conn.c:465    MQTT0: pub ampere/q11dev/debug/log @ 0 (117) -> 0
13:18:57 ampere/q11dev/debug/log apq11dev-543204516334 1652 1790680737.315 2|shos_mqtt_conn.c:465    MQTT0: pub ampere/q11dev/debug/log @ 0 (117) -> 0
13:18:57 ampere/q11dev/debug/log apq11dev-543204516334 1653 1790680737.320 2|shos_mqtt_conn.c:465    MQTT0: pub ampere/q11dev/debug/log @ 0 (117) -> 0
13:18:57 ampere/q11dev/debug/log apq11dev-543204516334 1654 1790680737.368 2|shos_mqtt_conn.c:465    MQTT0: pub ampere/q11dev/debug/log @ 0 (117) -> 0
13:18:57 ampere/q11dev/debug/log apq11dev-543204516334 1655 1790680737.372 2|shos_mqtt_conn.c:465    MQTT0: pub ampere/q11dev/debug/log @ 0 (117) -> 0
13:18:57 ampere/q11dev/debug/log apq11dev-543204516334 1656 1790680737.376 2|shos_mqtt_conn.c:465    MQTT0: pub ampere/q11dev/debug/log @ 0 (117) -> 0
13:18:57 ampere/q11dev/debug/log apq11dev-543204516334 1657 1790680737.380 2|shos_mqtt_conn.c:465    MQTT0: pub ampere/q11dev/debug/log @ 0 (117) -> 0
13:18:57 ampere/q11dev/debug/log apq11dev-543204516334 1658 1790680737.440 2|shos_mqtt_conn.c:465    MQTT0: pub ampere/q11dev/debug/log @ 0 (117) -> 0
13:18:57 ampere/q11dev/debug/log apq11dev-543204516334 1659 1790680737.445 2|shos_mqtt_conn.c:465    MQTT0: pub ampere/q11dev/debug/log @ 0 (117) -> 0
13:18:57 ampere/q11dev/debug/log apq11dev-543204516334 1660 1790680737.449 2|shos_mqtt_conn.c:465    MQTT0: pub ampere/q11dev/debug/log @ 0 (117) -> 0
13:18:57 ampere/q11dev/debug/log apq11dev-543204516334 1661 1790680737.453 2|shos_mqtt_conn.c:465    MQTT0: pub ampere/q11dev/debug/log @ 0 (117) -> 0
13:18:58 ampere/q11dev/debug/log apq11dev-543204516334 1662 1790680737.513 2|shos_mqtt_conn.c:465    MQTT0: pub ampere/q11dev/debug/log @ 0 (117) -> 0
13:18:58 ampere/q11dev/debug/log apq11dev-543204516334 1663 1790680737.517 2|shos_mqtt_conn.c:465    MQTT0: pub ampere/q11dev/debug/log @ 0 (117) -> 0
13:18:58 ampere/q11dev/debug/log apq11dev-543204516334 1664 1790680737.522 2|shos_mqtt_conn.c:465    MQTT0: pub ampere/q11dev/debug/log @ 0 (117) -> 0
13:18:58 ampere/q11dev/debug/log apq11dev-543204516334 1665 1790680737.526 2|shos_mqtt_conn.c:465    MQTT0: pub ampere/q11dev/debug/log @ 0 (117) -> 0
13:18:58 ampere/q11dev/debug/log apq11dev-543204516334 1666 1790680737.597 2|shos_mqtt_conn.c:465    MQTT0: pub ampere/q11dev/debug/log @ 0 (117) -> 0
13:18:58 ampere/q11dev/debug/log apq11dev-543204516334 1667 1790680737.601 2|shos_mqtt_conn.c:465    MQTT0: pub ampere/q11dev/debug/log @ 0 (117) -> 0
13:18:58 ampere/q11dev/debug/log apq11dev-543204516334 1668 1790680737.605 2|shos_mqtt_conn.c:465    MQTT0: pub ampere/q11dev/debug/log @ 0 (117) -> 0
13:18:58 ampere/q11dev/debug/log apq11dev-543204516334 1669 1790680737.609 2|shos_mqtt_conn.c:465    MQTT0: pub ampere/q11dev/debug/log @ 0 (117) -> 0
13:18:58 ampere/q11dev/debug/log apq11dev-543204516334 1670 1790680737.661 2|shos_mqtt_conn.c:465    MQTT0: pub ampere/q11dev/debug/log @ 0 (117) -> 0
13:18:58 ampere/q11dev/debug/log apq11dev-543204516334 1671 1790680737.665 2|shos_mqtt_conn.c:465    MQTT0: pub ampere/q11dev/debug/log @ 0 (117) -> 0
13:18:58 ampere/q11dev/debug/log apq11dev-543204516334 1672 1790680737.669 2|shos_mqtt_conn.c:465    MQTT0: pub ampere/q11dev/debug/log @ 0 (117) -> 0
13:18:58 ampere/q11dev/debug/log apq11dev-543204516334 1673 1790680737.674 2|shos_mqtt_conn.c:465    MQTT0: pub ampere/q11dev/debug/log @ 0 (117) -> 0
13:18:58 ampere/q11dev/debug/log apq11dev-543204516334 1674 1790680737.722 2|shos_mqtt_conn.c:465    MQTT0: pub ampere/q11dev/debug/log @ 0 (117) -> 0
13:18:58 ampere/q11dev/debug/log apq11dev-543204516334 1675 1790680737.727 2|shos_mqtt_conn.c:465    MQTT0: pub ampere/q11dev/debug/log @ 0 (117) -> 0
13:18:58 ampere/q11dev/debug/log apq11dev-543204516334 1676 1790680737.732 2|shos_mqtt_conn.c:465    MQTT0: pub ampere/q11dev/debug/log @ 0 (117) -> 0
13:18:58 ampere/q11dev/debug/log apq11dev-543204516334 1677 1790680737.738 2|shos_mqtt_conn.c:465    MQTT0: pub ampere/q11dev/debug/log @ 0 (117) -> 0
13:18:58 ampere/q11dev/debug/log apq11dev-543204516334 1678 1790680737.786 2|shos_mqtt_conn.c:465    MQTT0: pub ampere/q11dev/debug/log @ 0 (117) -> 0
13:18:58 ampere/q11dev/debug/log apq11dev-543204516334 1679 1790680737.790 2|shos_mqtt_conn.c:465    MQTT0: pub ampere/q11dev/debug/log @ 0 (117) -> 0
13:18:58 ampere/q11dev/debug/log apq11dev-543204516334 1680 1790680737.795 2|shos_mqtt_conn.c:465    MQTT0: pub ampere/q11dev/debug/log @ 0 (117) -> 0
13:18:58 ampere/q11dev/debug/log apq11dev-543204516334 1681 1790680737.799 2|shos_mqtt_conn.c:465    MQTT0: pub ampere/q11dev/debug/log @ 0 (117) -> 0
13:18:58 ampere/q11dev/debug/log apq11dev-543204516334 1682 1790680737.871 2|shos_mqtt_conn.c:465    MQTT0: pub ampere/q11dev/debug/log @ 0 (117) -> 0
13:18:58 ampere/q11dev/debug/log apq11dev-543204516334 1683 1790680737.876 2|shos_mqtt_conn.c:465    MQTT0: pub ampere/q11dev/debug/log @ 0 (117) -> 0
13:18:58 ampere/q11dev/debug/log apq11dev-543204516334 1684 1790680737.880 2|shos_mqtt_conn.c:465    MQTT0: pub ampere/q11dev/debug/log @ 0 (117) -> 0
13:18:58 ampere/q11dev/debug/log apq11dev-543204516334 1685 1790680737.884 2|shos_mqtt_conn.c:465    MQTT0: pub ampere/q11dev/debug/log @ 0 (117) -> 0
13:18:58 ampere/q11dev/debug/log apq11dev-543204516334 1686 1790680737.937 2|shos_mqtt_conn.c:465    MQTT0: pub ampere/q11dev/debug/log @ 0 (117) -> 0
13:18:58 ampere/q11dev/debug/log apq11dev-543204516334 1687 1790680737.942 2|shos_mqtt_conn.c:465    MQTT0: pub ampere/q11dev/debug/log @ 0 (117) -> 0
13:18:58 ampere/q11dev/debug/log apq11dev-543204516334 1688 1790680737.946 2|shos_mqtt_conn.c:465    MQTT0: pub ampere/q11dev/debug/log @ 0 (117) -> 0
13:18:58 ampere/q11dev/debug/log apq11dev-543204516334 1689 1790680737.950 2|shos_mqtt_conn.c:465    MQTT0: pub ampere/q11dev/debug/log @ 0 (117) -> 0
13:18:58 ampere/q11dev/debug/log apq11dev-543204516334 1690 1790680737.999 2|shos_mqtt_conn.c:465    MQTT0: pub ampere/q11dev/debug/log @ 0 (117) -> 0
13:18:58 ampere/q11dev/debug/log apq11dev-543204516334 1691 1790680738.003 2|shos_mqtt_conn.c:465    MQTT0: pub ampere/q11dev/debug/log @ 0 (117) -> 0
13:18:58 ampere/q11dev/debug/log apq11dev-543204516334 1692 1790680738.007 2|shos_mqtt_conn.c:465    MQTT0: pub ampere/q11dev/debug/log @ 0 (117) -> 0
13:18:58 ampere/q11dev/debug/log apq11dev-543204516334 1693 1790680738.011 2|shos_mqtt_conn.c:465    MQTT0: pub ampere/q11dev/debug/log @ 0 (117) -> 0
13:18:58 ampere/q11dev/debug/log apq11dev-543204516334 1694 1790680738.060 2|shos_mqtt_conn.c:465    MQTT0: pub ampere/q11dev/debug/log @ 0 (117) -> 0
13:18:59 ampere/q11dev/debug/log apq11dev-543204516334 1695 1790680738.064 2|shos_mqtt_conn.c:465    MQTT0: pub ampere/q11dev/debug/log @ 0 (117) -> 0
13:18:59 ampere/q11dev/debug/log apq11dev-543204516334 1696 1790680738.068 2|shos_mqtt_conn.c:465    MQTT0: pub ampere/q11dev/debug/log @ 0 (117) -> 0
13:18:59 ampere/q11dev/debug/log apq11dev-543204516334 1697 1790680738.072 2|shos_mqtt_conn.c:465    MQTT0: pub ampere/q11dev/debug/log @ 0 (117) -> 0
13:18:59 ampere/q11dev/debug/log apq11dev-543204516334 1698 1790680738.133 2|shos_mqtt_conn.c:465    MQTT0: pub ampere/q11dev/debug/log @ 0 (117) -> 0
13:18:59 ampere/q11dev/debug/log apq11dev-543204516334 1699 1790680738.137 2|shos_mqtt_conn.c:465    MQTT0: pub ampere/q11dev/debug/log @ 0 (117) -> 0
13:18:59 ampere/q11dev/debug/log apq11dev-543204516334 1700 1790680738.141 2|shos_mqtt_conn.c:465    MQTT0: pub ampere/q11dev/debug/log @ 0 (117) -> 0
13:18:59 ampere/q11dev/debug/log apq11dev-543204516334 1701 1790680738.145 2|shos_mqtt_conn.c:465    MQTT0: pub ampere/q11dev/debug/log @ 0 (117) -> 0
13:18:59 ampere/q11dev/debug/log apq11dev-543204516334 1702 1790680738.195 2|shos_mqtt_conn.c:465    MQTT0: pub ampere/q11dev/debug/log @ 0 (117) -> 0
13:18:59 ampere/q11dev/debug/log apq11dev-543204516334 1703 1790680738.199 2|shos_mqtt_conn.c:465    MQTT0: pub ampere/q11dev/debug/log @ 0 (117) -> 0
13:18:59 ampere/q11dev/debug/log apq11dev-543204516334 1704 1790680738.203 2|shos_mqtt_conn.c:465    MQTT0: pub ampere/q11dev/debug/log @ 0 (117) -> 0
13:18:59 ampere/q11dev/debug/log apq11dev-543204516334 1705 1790680738.207 2|shos_mqtt_conn.c:465    MQTT0: pub ampere/q11dev/debug/log @ 0 (117) -> 0
13:18:59 ampere/q11dev/debug/log apq11dev-543204516334 1706 1790680738.267 2|shos_mqtt_conn.c:465    MQTT0: pub ampere/q11dev/debug/log @ 0 (117) -> 0
13:18:59 ampere/q11dev/debug/log apq11dev-543204516334 1707 1790680738.271 2|shos_mqtt_conn.c:465    MQTT0: pub ampere/q11dev/debug/log @ 0 (117) -> 0
13:18:59 ampere/q11dev/debug/log apq11dev-543204516334 1708 1790680738.276 2|shos_mqtt_conn.c:465    MQTT0: pub ampere/q11dev/debug/log @ 0 (117) -> 0
13:18:59 ampere/q11dev/debug/log apq11dev-543204516334 1709 1790680738.280 2|shos_mqtt_conn.c:465    MQTT0: pub ampere/q11dev/debug/log @ 0 (117) -> 0
13:18:59 ampere/q11dev/debug/log apq11dev-543204516334 1710 1790680738.328 2|shos_mqtt_conn.c:465    MQTT0: pub ampere/q11dev/debug/log @ 0 (117) -> 0
13:18:59 ampere/q11dev/debug/log apq11dev-543204516334 1711 1790680738.332 2|shos_mqtt_conn.c:465    MQTT0: pub ampere/q11dev/debug/log @ 0 (117) -> 0
13:18:59 ampere/q11dev/debug/log apq11dev-543204516334 1712 1790680738.336 2|shos_mqtt_conn.c:465    MQTT0: pub ampere/q11dev/debug/log @ 0 (117) -> 0
13:18:59 ampere/q11dev/debug/log apq11dev-543204516334 1713 1790680738.341 2|shos_mqtt_conn.c:465    MQTT0: pub ampere/q11dev/debug/log @ 0 (117) -> 0
13:18:59 ampere/q11dev/debug/log apq11dev-543204516334 1714 1790680738.396 2|shos_mqtt_conn.c:465    MQTT0: pub ampere/q11dev/debug/log @ 0 (117) -> 0
13:18:59 ampere/q11dev/debug/log apq11dev-543204516334 1715 1790680738.400 2|shos_mqtt_conn.c:465    MQTT0: pub ampere/q11dev/debug/log @ 0 (117) -> 0
13:18:59 ampere/q11dev/debug/log apq11dev-543204516334 1716 1790680738.405 2|shos_mqtt_conn.c:465    MQTT0: pub ampere/q11dev/debug/log @ 0 (117) -> 0
13:18:59 ampere/q11dev/debug/log apq11dev-543204516334 1717 1790680738.409 2|shos_mqtt_conn.c:465    MQTT0: pub ampere/q11dev/debug/log @ 0 (117) -> 0
13:18:59 ampere/q11dev/debug/log apq11dev-543204516334 1718 1790680738.460 2|shos_mqtt_conn.c:465    MQTT0: pub ampere/q11dev/debug/log @ 0 (117) -> 0
13:18:59 ampere/q11dev/debug/log apq11dev-543204516334 1719 1790680738.464 2|shos_mqtt_conn.c:465    MQTT0: pub ampere/q11dev/debug/log @ 0 (117) -> 0
13:18:59 ampere/q11dev/debug/log apq11dev-543204516334 1720 1790680738.468 2|shos_mqtt_conn.c:465    MQTT0: pub ampere/q11dev/debug/log @ 0 (117) -> 0
13:18:59 ampere/q11dev/debug/log apq11dev-543204516334 1721 1790680738.472 2|shos_mqtt_conn.c:465    MQTT0: pub ampere/q11dev/debug/log @ 0 (117) -> 0
13:18:59 ampere/q11dev/debug/log apq11dev-543204516334 1722 1790680738.521 2|shos_mqtt_conn.c:465    MQTT0: pub ampere/q11dev/debug/log @ 0 (117) -> 0
13:18:59 ampere/q11dev/debug/log apq11dev-543204516334 1723 1790680738.525 2|shos_mqtt_conn.c:465    MQTT0: pub ampere/q11dev/debug/log @ 0 (117) -> 0
13:18:59 ampere/q11dev/debug/log apq11dev-543204516334 1724 1790680738.530 2|shos_mqtt_conn.c:465    MQTT0: pub ampere/q11dev/debug/log @ 0 (117) -> 0
13:18:59 ampere/q11dev/debug/log apq11dev-543204516334 1725 1790680738.534 2|shos_mqtt_conn.c:465    MQTT0: pub ampere/q11dev/debug/log @ 0 (117) -> 0
13:18:59 ampere/q11dev/debug/log apq11dev-543204516334 1726 1790680738.583 2|shos_mqtt_conn.c:465    MQTT0: pub ampere/q11dev/debug/log @ 0 (117) -> 0
13:18:59 ampere/q11dev/debug/log apq11dev-543204516334 1727 1790680738.587 2|shos_mqtt_conn.c:465    MQTT0: pub ampere/q11dev/debug/log @ 0 (117) -> 0
13:19:00 ampere/q11dev/debug/log apq11dev-543204516334 1728 1790680738.591 2|shos_mqtt_conn.c:465    MQTT0: pub ampere/q11dev/debug/log @ 0 (117) -> 0
13:19:00 ampere/q11dev/debug/log apq11dev-543204516334 1729 1790680738.595 2|shos_mqtt_conn.c:465    MQTT0: pub ampere/q11dev/debug/log @ 0 (117) -> 0
13:19:00 ampere/q11dev/debug/log apq11dev-543204516334 1730 1790680738.660 2|shos_mqtt_conn.c:465    MQTT0: pub ampere/q11dev/debug/log @ 0 (117) -> 0
13:19:00 ampere/q11dev/debug/log apq11dev-543204516334 1731 1790680738.665 2|shos_mqtt_conn.c:465    MQTT0: pub ampere/q11dev/debug/log @ 0 (117) -> 0
13:19:00 ampere/q11dev/debug/log apq11dev-543204516334 1732 1790680738.670 2|shos_mqtt_conn.c:465    MQTT0: pub ampere/q11dev/debug/log @ 0 (117) -> 0
13:19:00 ampere/q11dev/debug/log apq11dev-543204516334 1733 1790680738.675 2|shos_mqtt_conn.c:465    MQTT0: pub ampere/q11dev/debug/log @ 0 (117) -> 0
13:19:00 ampere/q11dev/debug/log apq11dev-543204516334 1734 1790680738.730 2|shos_mqtt_conn.c:465    MQTT0: pub ampere/q11dev/debug/log @ 0 (117) -> 0
13:19:00 ampere/q11dev/debug/log apq11dev-543204516334 1735 1790680738.735 2|shos_mqtt_conn.c:465    MQTT0: pub ampere/q11dev/debug/log @ 0 (117) -> 0
13:19:00 ampere/q11dev/debug/log apq11dev-543204516334 1736 1790680738.739 2|shos_mqtt_conn.c:465    MQTT0: pub ampere/q11dev/debug/log @ 0 (117) -> 0
13:19:00 ampere/q11dev/debug/log apq11dev-543204516334 1737 1790680738.743 2|shos_mqtt_conn.c:465    MQTT0: pub ampere/q11dev/debug/log @ 0 (117) -> 0
13:19:00 ampere/q11dev/debug/log apq11dev-543204516334 1738 1790680738.791 2|shos_mqtt_conn.c:465    MQTT0: pub ampere/q11dev/debug/log @ 0 (117) -> 0
13:19:00 ampere/q11dev/debug/log apq11dev-543204516334 1739 1790680738.795 2|shos_mqtt_conn.c:465    MQTT0: pub ampere/q11dev/debug/log @ 0 (117) -> 0
13:19:00 ampere/q11dev/debug/log apq11dev-543204516334 1740 1790680738.799 2|shos_mqtt_conn.c:465    MQTT0: pub ampere/q11dev/debug/log @ 0 (117) -> 0
13:19:00 ampere/q11dev/debug/log apq11dev-543204516334 1741 1790680738.804 2|shos_mqtt_conn.c:465    MQTT0: pub ampere/q11dev/debug/log @ 0 (117) -> 0
13:19:00 ampere/q11dev/debug/log apq11dev-543204516334 1742 1790680738.883 2|shos_mqtt_conn.c:465    MQTT0: pub ampere/q11dev/debug/log @ 0 (117) -> 0
13:19:00 ampere/q11dev/debug/log apq11dev-543204516334 1743 1790680738.887 2|shos_mqtt_conn.c:465    MQTT0: pub ampere/q11dev/debug/log @ 0 (117) -> 0
13:19:00 ampere/q11dev/debug/log apq11dev-543204516334 1744 1790680738.891 2|shos_mqtt_conn.c:465    MQTT0: pub ampere/q11dev/debug/log @ 0 (117) -> 0
13:19:00 ampere/q11dev/debug/log apq11dev-543204516334 1745 1790680738.896 2|shos_mqtt_conn.c:465    MQTT0: pub ampere/q11dev/debug/log @ 0 (117) -> 0
13:19:00 ampere/q11dev/debug/log apq11dev-543204516334 1746 1790680738.944 2|shos_mqtt_conn.c:465    MQTT0: pub ampere/q11dev/debug/log @ 0 (117) -> 0
13:19:00 ampere/q11dev/debug/log apq11dev-543204516334 1747 1790680738.948 2|shos_mqtt_conn.c:465    MQTT0: pub ampere/q11dev/debug/log @ 0 (117) -> 0
13:19:00 ampere/q11dev/debug/log apq11dev-543204516334 1748 1790680738.952 2|shos_mqtt_conn.c:465    MQTT0: pub ampere/q11dev/debug/log @ 0 (117) -> 0
13:19:00 ampere/q11dev/debug/log apq11dev-543204516334 1749 1790680738.957 2|shos_mqtt_conn.c:465    MQTT0: pub ampere/q11dev/debug/log @ 0 (117) -> 0
13:19:00 ampere/q11dev/debug/log apq11dev-543204516334 1750 1790680739.011 2|shelly_tmcu.cpp:598     RX: 0x03 v=3 [] (state Ready)
13:19:00 ampere/q11dev/debug/log apq11dev-543204516334 1751 1790680739.015 2|shos_mqtt_conn.c:465    MQTT0: pub ampere/q11dev/debug/log @ 0 (117) -> 0
13:19:00 ampere/q11dev/debug/log apq11dev-543204516334 1752 1790680739.019 2|shos_mqtt_conn.c:465    MQTT0: pub ampere/q11dev/debug/log @ 0 (117) -> 0
13:19:00 ampere/q11dev/debug/log apq11dev-543204516334 1753 1790680739.023 2|shos_mqtt_conn.c:465    MQTT0: pub ampere/q11dev/debug/log @ 0 (117) -> 0
13:19:00 ampere/q11dev/debug/log apq11dev-543204516334 1754 1790680739.075 2|shos_mqtt_conn.c:465    MQTT0: pub ampere/q11dev/debug/log @ 0 (117) -> 0
13:19:00 ampere/q11dev/debug/log apq11dev-543204516334 1755 1790680739.079 2|shos_mqtt_conn.c:465    MQTT0: pub ampere/q11dev/debug/log @ 0 (117) -> 0
13:19:00 ampere/q11dev/debug/log apq11dev-543204516334 1756 1790680739.083 2|shos_mqtt_conn.c:465    MQTT0: pub ampere/q11dev/debug/log @ 0 (117) -> 0
13:19:00 ampere/q11dev/debug/log apq11dev-543204516334 1757 1790680739.087 2|shos_mqtt_conn.c:465    MQTT0: pub ampere/q11dev/debug/log @ 0 (117) -> 0
13:19:00 ampere/q11dev/debug/log apq11dev-543204516334 1758 1790680739.147 2|shos_mqtt_conn.c:465    MQTT0: pub ampere/q11dev/debug/log @ 0 (117) -> 0
13:19:00 ampere/q11dev/debug/log apq11dev-543204516334 1759 1790680739.151 2|shos_mqtt_conn.c:465    MQTT0: pub ampere/q11dev/debug/log @ 0 (117) -> 0
13:19:00 ampere/q11dev/debug/log apq11dev-543204516334 1760 1790680739.156 2|shos_mqtt_conn.c:465    MQTT0: pub ampere/q11dev/debug/log @ 0 (117) -> 0
13:19:00 ampere/q11dev/debug/log apq11dev-543204516334 1761 1790680739.160 2|shos_mqtt_conn.c:465    MQTT0: pub ampere/q11dev/debug/log @ 0 (117) -> 0
13:19:00 ampere/q11dev/debug/log apq11dev-543204516334 1762 1790680739.221 2|shos_mqtt_conn.c:465    MQTT0: pub ampere/q11dev/debug/log @ 0 (117) -> 0
13:19:01 ampere/q11dev/debug/log apq11dev-543204516334 1763 1790680739.225 2|shos_mqtt_conn.c:465    MQTT0: pub ampere/q11dev/debug/log @ 0 (117) -> 0
13:19:01 ampere/q11dev/debug/log apq11dev-543204516334 1764 1790680739.229 2|shos_mqtt_conn.c:465    MQTT0: pub ampere/q11dev/debug/log @ 0 (97) -> 0
13:19:01 ampere/q11dev/debug/log apq11dev-543204516334 1765 1790680739.233 2|shos_mqtt_conn.c:465    MQTT0: pub ampere/q11dev/debug/log @ 0 (117) -> 0
13:19:01 ampere/q11dev/debug/log apq11dev-543204516334 1766 1790680739.281 2|shos_mqtt_conn.c:465    MQTT0: pub ampere/q11dev/debug/log @ 0 (117) -> 0
13:19:01 ampere/q11dev/debug/log apq11dev-543204516334 1767 1790680739.285 2|shos_mqtt_conn.c:465    MQTT0: pub ampere/q11dev/debug/log @ 0 (117) -> 0
13:19:01 ampere/q11dev/debug/log apq11dev-543204516334 1768 1790680739.289 2|shos_mqtt_conn.c:465    MQTT0: pub ampere/q11dev/debug/log @ 0 (117) -> 0
13:19:01 ampere/q11dev/debug/log apq11dev-543204516334 1769 1790680739.295 2|shos_mqtt_conn.c:465    MQTT0: pub ampere/q11dev/debug/log @ 0 (117) -> 0
13:19:01 ampere/q11dev/debug/log apq11dev-543204516334 1770 1790680739.343 2|shos_mqtt_conn.c:465    MQTT0: pub ampere/q11dev/debug/log @ 0 (117) -> 0
13:19:01 ampere/q11dev/debug/log apq11dev-543204516334 1771 1790680739.347 2|shos_mqtt_conn.c:465    MQTT0: pub ampere/q11dev/debug/log @ 0 (117) -> 0
13:19:01 ampere/q11dev/debug/log apq11dev-543204516334 1772 1790680739.351 2|shos_mqtt_conn.c:465    MQTT0: pub ampere/q11dev/debug/log @ 0 (117) -> 0
13:19:01 ampere/q11dev/debug/log apq11dev-543204516334 1773 1790680739.355 2|shos_mqtt_conn.c:465    MQTT0: pub ampere/q11dev/debug/log @ 0 (117) -> 0
13:19:01 ampere/q11dev/debug/log apq11dev-543204516334 1774 1790680739.403 2|shos_mqtt_conn.c:465    MQTT0: pub ampere/q11dev/debug/log @ 0 (117) -> 0
13:19:01 ampere/q11dev/debug/log apq11dev-543204516334 1775 1790680739.407 2|shos_mqtt_conn.c:465    MQTT0: pub ampere/q11dev/debug/log @ 0 (117) -> 0
13:19:01 ampere/q11dev/debug/log apq11dev-543204516334 1776 1790680739.411 2|shos_mqtt_conn.c:465    MQTT0: pub ampere/q11dev/debug/log @ 0 (117) -> 0
13:19:01 ampere/q11dev/debug/log apq11dev-543204516334 1777 1790680739.415 2|shos_mqtt_conn.c:465    MQTT0: pub ampere/q11dev/debug/log @ 0 (117) -> 0
13:19:01 ampere/q11dev/debug/log apq11dev-543204516334 1778 1790680739.464 2|shos_mqtt_conn.c:465    MQTT0: pub ampere/q11dev/debug/log @ 0 (116) -> 0
13:19:01 ampere/q11dev/debug/log apq11dev-543204516334 1779 1790680739.468 2|shos_mqtt_conn.c:465    MQTT0: pub ampere/q11dev/debug/log @ 0 (117) -> 0
13:19:01 ampere/q11dev/debug/log apq11dev-543204516334 1780 1790680739.472 2|shos_mqtt_conn.c:465    MQTT0: pub ampere/q11dev/debug/log @ 0 (117) -> 0
13:19:01 ampere/q11dev/debug/log apq11dev-543204516334 1781 1790680739.476 2|shos_mqtt_conn.c:465    MQTT0: pub ampere/q11dev/debug/log @ 0 (117) -> 0
13:19:01 ampere/q11dev/debug/log apq11dev-543204516334 1782 1790680739.537 2|shos_mqtt_conn.c:465    MQTT0: pub ampere/q11dev/debug/log @ 0 (117) -> 0
13:19:01 ampere/q11dev/debug/log apq11dev-543204516334 1783 1790680739.541 2|shos_mqtt_conn.c:465    MQTT0: pub ampere/q11dev/debug/log @ 0 (117) -> 0
13:19:01 ampere/q11dev/debug/log apq11dev-543204516334 1784 1790680739.545 2|shos_mqtt_conn.c:465    MQTT0: pub ampere/q11dev/debug/log @ 0 (117) -> 0
13:19:01 ampere/q11dev/debug/log apq11dev-543204516334 1785 1790680739.549 2|shos_mqtt_conn.c:465    MQTT0: pub ampere/q11dev/debug/log @ 0 (117) -> 0
13:19:01 ampere/q11dev/debug/log apq11dev-543204516334 1786 1790680739.610 2|shos_mqtt_conn.c:465    MQTT0: pub ampere/q11dev/debug/log @ 0 (117) -> 0
13:19:01 ampere/q11dev/debug/log apq11dev-543204516334 1787 1790680739.614 2|shos_mqtt_conn.c:465    MQTT0: pub ampere/q11dev/debug/log @ 0 (117) -> 0
13:19:01 ampere/q11dev/debug/log apq11dev-543204516334 1788 1790680739.618 2|shos_mqtt_conn.c:465    MQTT0: pub ampere/q11dev/debug/log @ 0 (117) -> 0
13:19:01 ampere/q11dev/debug/log apq11dev-543204516334 1789 1790680739.622 2|shos_mqtt_conn.c:465    MQTT0: pub ampere/q11dev/debug/log @ 0 (117) -> 0
13:19:01 ampere/q11dev/debug/log apq11dev-543204516334 1790 1790680739.701 2|shos_mqtt_conn.c:465    MQTT0: pub ampere/q11dev/debug/log @ 0 (117) -> 0
13:19:01 ampere/q11dev/debug/log apq11dev-543204516334 1791 1790680739.705 2|shos_mqtt_conn.c:465    MQTT0: pub ampere/q11dev/debug/log @ 0 (117) -> 0
13:19:01 ampere/q11dev/debug/log apq11dev-543204516334 1792 1790680739.709 2|shos_mqtt_conn.c:465    MQTT0: pub ampere/q11dev/debug/log @ 0 (117) -> 0
13:19:01 ampere/q11dev/debug/log apq11dev-543204516334 1793 1790680739.713 2|shos_mqtt_conn.c:465    MQTT0: pub ampere/q11dev/debug/log @ 0 (117) -> 0
13:19:01 ampere/q11dev/debug/log apq11dev-543204516334 1794 1790680739.765 2|shos_mqtt_conn.c:465    MQTT0: pub ampere/q11dev/debug/log @ 0 (117) -> 0
13:19:01 ampere/q11dev/debug/log apq11dev-543204516334 1795 1790680739.770 2|shos_mqtt_conn.c:465    MQTT0: pub ampere/q11dev/debug/log @ 0 (117) -> 0
13:19:01 ampere/q11dev/debug/log apq11dev-543204516334 1796 1790680739.774 2|shos_mqtt_conn.c:465    MQTT0: pub ampere/q11dev/debug/log @ 0 (117) -> 0
13:19:02 ampere/q11dev/debug/log apq11dev-543204516334 1797 1790680739.778 2|shos_mqtt_conn.c:465    MQTT0: pub ampere/q11dev/debug/log @ 0 (117) -> 0
13:19:02 ampere/q11dev/debug/log apq11dev-543204516334 1798 1790680739.826 2|shos_mqtt_conn.c:465    MQTT0: pub ampere/q11dev/debug/log @ 0 (117) -> 0
13:19:02 ampere/q11dev/debug/log apq11dev-543204516334 1799 1790680739.831 2|shos_mqtt_conn.c:465    MQTT0: pub ampere/q11dev/debug/log @ 0 (117) -> 0
13:19:02 ampere/q11dev/debug/log apq11dev-543204516334 1800 1790680739.835 2|shos_mqtt_conn.c:465    MQTT0: pub ampere/q11dev/debug/log @ 0 (117) -> 0
13:19:02 ampere/q11dev/debug/log apq11dev-543204516334 1801 1790680739.839 2|shos_mqtt_conn.c:465    MQTT0: pub ampere/q11dev/debug/log @ 0 (117) -> 0
13:19:02 ampere/q11dev/debug/log apq11dev-543204516334 1802 1790680739.888 2|shos_mqtt_conn.c:465    MQTT0: pub ampere/q11dev/debug/log @ 0 (117) -> 0
13:19:02 ampere/q11dev/debug/log apq11dev-543204516334 1803 1790680739.892 2|shos_mqtt_conn.c:465    MQTT0: pub ampere/q11dev/debug/log @ 0 (117) -> 0
13:19:02 ampere/q11dev/debug/log apq11dev-543204516334 1804 1790680739.896 2|shos_mqtt_conn.c:465    MQTT0: pub ampere/q11dev/debug/log @ 0 (117) -> 0
13:19:02 ampere/q11dev/debug/log apq11dev-543204516334 1805 1790680739.900 2|shos_mqtt_conn.c:465    MQTT0: pub ampere/q11dev/debug/log @ 0 (117) -> 0
13:19:02 ampere/q11dev/debug/log apq11dev-543204516334 1806 1790680739.962 2|shos_mqtt_conn.c:465    MQTT0: pub ampere/q11dev/debug/log @ 0 (117) -> 0
13:19:02 ampere/q11dev/debug/log apq11dev-543204516334 1807 1790680739.966 2|shos_mqtt_conn.c:465    MQTT0: pub ampere/q11dev/debug/log @ 0 (117) -> 0
13:19:02 ampere/q11dev/debug/log apq11dev-543204516334 1808 1790680739.970 2|shos_mqtt_conn.c:465    MQTT0: pub ampere/q11dev/debug/log @ 0 (117) -> 0
13:19:02 ampere/q11dev/debug/log apq11dev-543204516334 1809 1790680739.975 2|shos_mqtt_conn.c:465    MQTT0: pub ampere/q11dev/debug/log @ 0 (117) -> 0
13:19:02 ampere/q11dev/debug/log apq11dev-543204516334 1810 1790680740.022 2|shos_mqtt_conn.c:465    MQTT0: pub ampere/q11dev/debug/log @ 0 (117) -> 0
13:19:02 ampere/q11dev/debug/log apq11dev-543204516334 1811 1790680740.026 2|shos_mqtt_conn.c:465    MQTT0: pub ampere/q11dev/debug/log @ 0 (117) -> 0
13:19:02 ampere/q11dev/debug/log apq11dev-543204516334 1812 1790680740.030 2|shos_mqtt_conn.c:465    MQTT0: pub ampere/q11dev/debug/log @ 0 (117) -> 0
13:19:02 ampere/q11dev/debug/log apq11dev-543204516334 1813 1790680740.035 2|shos_mqtt_conn.c:465    MQTT0: pub ampere/q11dev/debug/log @ 0 (117) -> 0
13:19:02 ampere/q11dev/debug/log apq11dev-543204516334 1814 1790680740.083 2|shos_mqtt_conn.c:465    MQTT0: pub ampere/q11dev/debug/log @ 0 (117) -> 0
13:19:02 ampere/q11dev/debug/log apq11dev-543204516334 1815 1790680740.087 2|shos_mqtt_conn.c:465    MQTT0: pub ampere/q11dev/debug/log @ 0 (117) -> 0
13:19:02 ampere/q11dev/debug/log apq11dev-543204516334 1816 1790680740.091 2|shos_mqtt_conn.c:465    MQTT0: pub ampere/q11dev/debug/log @ 0 (117) -> 0
13:19:02 ampere/q11dev/debug/log apq11dev-543204516334 1817 1790680740.096 2|shos_mqtt_conn.c:465    MQTT0: pub ampere/q11dev/debug/log @ 0 (117) -> 0
13:19:02 ampere/q11dev/debug/log apq11dev-543204516334 1818 1790680740.155 2|shos_mqtt_conn.c:465    MQTT0: pub ampere/q11dev/debug/log @ 0 (117) -> 0
13:19:02 ampere/q11dev/debug/log apq11dev-543204516334 1819 1790680740.159 2|shos_mqtt_conn.c:465    MQTT0: pub ampere/q11dev/debug/log @ 0 (117) -> 0
13:19:02 ampere/q11dev/debug/log apq11dev-543204516334 1820 1790680740.163 2|shos_mqtt_conn.c:465    MQTT0: pub ampere/q11dev/debug/log @ 0 (117) -> 0
13:19:02 ampere/q11dev/debug/log apq11dev-543204516334 1821 1790680740.167 2|shos_mqtt_conn.c:465    MQTT0: pub ampere/q11dev/debug/log @ 0 (117) -> 0
13:19:02 ampere/q11dev/debug/log apq11dev-543204516334 1822 1790680740.216 2|shos_mqtt_conn.c:465    MQTT0: pub ampere/q11dev/debug/log @ 0 (117) -> 0
13:19:02 ampere/q11dev/debug/log apq11dev-543204516334 1823 1790680740.221 2|shos_mqtt_conn.c:465    MQTT0: pub ampere/q11dev/debug/log @ 0 (117) -> 0
13:19:02 ampere/q11dev/debug/log apq11dev-543204516334 1824 1790680740.225 2|shos_mqtt_conn.c:465    MQTT0: pub ampere/q11dev/debug/log @ 0 (117) -> 0
13:19:02 ampere/q11dev/debug/log apq11dev-543204516334 1825 1790680740.230 2|shos_mqtt_conn.c:465    MQTT0: pub ampere/q11dev/debug/log @ 0 (117) -> 0
13:19:02 ampere/q11dev/debug/log apq11dev-543204516334 1826 1790680740.278 2|shos_mqtt_conn.c:465    MQTT0: pub ampere/q11dev/debug/log @ 0 (117) -> 0
13:19:02 ampere/q11dev/debug/log apq11dev-543204516334 1827 1790680740.282 2|shos_mqtt_conn.c:465    MQTT0: pub ampere/q11dev/debug/log @ 0 (117) -> 0
13:19:02 ampere/q11dev/debug/log apq11dev-543204516334 1828 1790680740.286 2|shos_mqtt_conn.c:465    MQTT0: pub ampere/q11dev/debug/log @ 0 (117) -> 0
13:19:02 ampere/q11dev/debug/log apq11dev-543204516334 1829 1790680740.290 2|shos_mqtt_conn.c:465    MQTT0: pub ampere/q11dev/debug/log @ 0 (117) -> 0
13:19:02 ampere/q11dev/debug/log apq11dev-543204516334 1830 1790680740.339 2|shos_mqtt_conn.c:465    MQTT0: pub ampere/q11dev/debug/log @ 0 (117) -> 0
13:19:03 ampere/q11dev/debug/log apq11dev-543204516334 1831 1790680740.343 2|shos_mqtt_conn.c:465    MQTT0: pub ampere/q11dev/debug/log @ 0 (117) -> 0
13:19:03 ampere/q11dev/debug/log apq11dev-543204516334 1832 1790680740.347 2|shos_mqtt_conn.c:465    MQTT0: pub ampere/q11dev/debug/log @ 0 (117) -> 0
13:19:03 ampere/q11dev/debug/log apq11dev-543204516334 1833 1790680740.351 2|shos_mqtt_conn.c:465    MQTT0: pub ampere/q11dev/debug/log @ 0 (117) -> 0
13:19:03 ampere/q11dev/debug/log apq11dev-543204516334 1834 1790680740.412 2|shos_mqtt_conn.c:465    MQTT0: pub ampere/q11dev/debug/log @ 0 (117) -> 0
13:19:03 ampere/q11dev/debug/log apq11dev-543204516334 1835 1790680740.416 2|shos_mqtt_conn.c:465    MQTT0: pub ampere/q11dev/debug/log @ 0 (117) -> 0
13:19:03 ampere/q11dev/debug/log apq11dev-543204516334 1836 1790680740.421 2|shos_mqtt_conn.c:465    MQTT0: pub ampere/q11dev/debug/log @ 0 (117) -> 0
13:19:03 ampere/q11dev/debug/log apq11dev-543204516334 1837 1790680740.425 2|shos_mqtt_conn.c:465    MQTT0: pub ampere/q11dev/debug/log @ 0 (117) -> 0
13:19:03 ampere/q11dev/debug/log apq11dev-543204516334 1838 1790680740.472 2|shos_mqtt_conn.c:465    MQTT0: pub ampere/q11dev/debug/log @ 0 (117) -> 0
13:19:03 ampere/q11dev/debug/log apq11dev-543204516334 1839 1790680740.477 2|shos_mqtt_conn.c:465    MQTT0: pub ampere/q11dev/debug/log @ 0 (117) -> 0
13:19:03 ampere/q11dev/debug/log apq11dev-543204516334 1840 1790680740.481 2|shos_mqtt_conn.c:465    MQTT0: pub ampere/q11dev/debug/log @ 0 (117) -> 0
13:19:03 ampere/q11dev/debug/log apq11dev-543204516334 1841 1790680740.485 2|shos_mqtt_conn.c:465    MQTT0: pub ampere/q11dev/debug/log @ 0 (117) -> 0
13:19:03 ampere/q11dev/debug/log apq11dev-543204516334 1842 1790680740.549 2|shos_mqtt_conn.c:465    MQTT0: pub ampere/q11dev/debug/log @ 0 (117) -> 0
13:19:03 ampere/q11dev/debug/log apq11dev-543204516334 1843 1790680740.553 2|shos_mqtt_conn.c:465    MQTT0: pub ampere/q11dev/debug/log @ 0 (117) -> 0
13:19:03 ampere/q11dev/debug/log apq11dev-543204516334 1844 1790680740.558 2|shos_mqtt_conn.c:465    MQTT0: pub ampere/q11dev/debug/log @ 0 (117) -> 0
13:19:03 ampere/q11dev/debug/log apq11dev-543204516334 1845 1790680740.562 2|shos_mqtt_conn.c:465    MQTT0: pub ampere/q11dev/debug/log @ 0 (117) -> 0
13:19:03 ampere/q11dev/debug/log apq11dev-543204516334 1846 1790680740.611 2|shos_mqtt_conn.c:465    MQTT0: pub ampere/q11dev/debug/log @ 0 (117) -> 0
13:19:03 ampere/q11dev/debug/log apq11dev-543204516334 1847 1790680740.615 2|shos_mqtt_conn.c:465    MQTT0: pub ampere/q11dev/debug/log @ 0 (117) -> 0
13:19:03 ampere/q11dev/debug/log apq11dev-543204516334 1848 1790680740.619 2|shos_mqtt_conn.c:465    MQTT0: pub ampere/q11dev/debug/log @ 0 (117) -> 0
13:19:03 ampere/q11dev/debug/log apq11dev-543204516334 1849 1790680740.623 2|shos_mqtt_conn.c:465    MQTT0: pub ampere/q11dev/debug/log @ 0 (117) -> 0
13:19:03 ampere/q11dev/debug/log apq11dev-543204516334 1850 1790680740.727 2|shelly_tmcu.cpp:598     RX: 0x00 v=3 [01] (state Ready)
13:19:03 ampere/q11dev/debug/log apq11dev-543204516334 1851 1790680740.730 2|shelly_tmcu.cpp:79      Tmcu Event 1 (0x3fca0e40)
13:19:03 ampere/q11dev/debug/log apq11dev-543204516334 1852 1790680740.734 2|shos_mqtt_conn.c:465    MQTT0: pub ampere/q11dev/debug/log @ 0 (117) -> 0
13:19:03 ampere/q11dev/debug/log apq11dev-543204516334 1853 1790680740.739 2|esp32xx_wifi_if.cpp:234 PK check: link 1 gw 1 UC 920 MC 109 ctr 16/105 ping 0 num_act 0
13:19:03 ampere/q11dev/debug/log apq11dev-543204516334 1854 1790680740.743 2|hos_lwip_eth_if.cpp:513 ws(0x3fcde634): Status: server 0 oper_up 1 link_up 1/1 hf 86684
13:19:03 ampere/q11dev/debug/log apq11dev-543204516334 1855 1790680740.748 2|shos_mqtt_conn.c:465    MQTT0: pub ampere/q11dev/debug/log @ 0 (117) -> 0
13:19:03 ampere/q11dev/debug/log apq11dev-543204516334 1856 1790680740.752 2|shos_mqtt_conn.c:465    MQTT0: pub ampere/q11dev/debug/log @ 0 (117) -> 0
13:19:03 ampere/q11dev/debug/log apq11dev-543204516334 1857 1790680740.820 2|shos_mqtt_conn.c:465    MQTT0: pub ampere/q11dev/debug/log @ 0 (117) -> 0
13:19:03 ampere/q11dev/debug/log apq11dev-543204516334 1858 1790680740.824 2|shos_mqtt_conn.c:465    MQTT0: pub ampere/q11dev/debug/log @ 0 (117) -> 0
13:19:03 ampere/q11dev/debug/log apq11dev-543204516334 1859 1790680740.829 2|shos_mqtt_conn.c:465    MQTT0: pub ampere/q11dev/debug/log @ 0 (117) -> 0
13:19:03 ampere/q11dev/debug/log apq11dev-543204516334 1860 1790680740.833 2|shos_mqtt_conn.c:465    MQTT0: pub ampere/q11dev/debug/log @ 0 (117) -> 0
13:19:03 ampere/q11dev/debug/log apq11dev-543204516334 1861 1790680740.885 2|shos_mqtt_conn.c:465    MQTT0: pub ampere/q11dev/debug/log @ 0 (117) -> 0
13:19:03 ampere/q11dev/debug/log apq11dev-543204516334 1862 1790680740.889 2|shos_mqtt_conn.c:465    MQTT0: pub ampere/q11dev/debug/log @ 0 (117) -> 0
13:19:03 ampere/q11dev/debug/log apq11dev-543204516334 1863 1790680740.893 2|shos_mqtt_conn.c:465    MQTT0: pub ampere/q11dev/debug/log @ 0 (117) -> 0
13:19:03 ampere/q11dev/debug/log apq11dev-543204516334 1864 1790680740.898 2|shos_mqtt_conn.c:465    MQTT0: pub ampere/q11dev/debug/log @ 0 (99) -> 0
13:19:03 ampere/q11dev/debug/log apq11dev-543204516334 1865 1790680740.948 2|shos_mqtt_conn.c:465    MQTT0: pub ampere/q11dev/debug/log @ 0 (93) -> 0
13:19:04 ampere/q11dev/debug/log apq11dev-543204516334 1866 1790680740.952 2|shos_mqtt_conn.c:465    MQTT0: pub ampere/q11dev/debug/log @ 0 (117) -> 0
13:19:04 ampere/q11dev/debug/log apq11dev-543204516334 1867 1790680740.956 2|shos_mqtt_conn.c:465    MQTT0: pub ampere/q11dev/debug/log @ 0 (131) -> 0
13:19:04 ampere/q11dev/debug/log apq11dev-543204516334 1868 1790680740.960 2|shos_mqtt_conn.c:465    MQTT0: pub ampere/q11dev/debug/log @ 0 (131) -> 0
13:19:04 ampere/q11dev/debug/log apq11dev-543204516334 1869 1790680741.009 2|shos_mqtt_conn.c:465    MQTT0: pub ampere/q11dev/debug/log @ 0 (117) -> 0
13:19:04 ampere/q11dev/debug/log apq11dev-543204516334 1870 1790680741.013 2|shos_mqtt_conn.c:465    MQTT0: pub ampere/q11dev/debug/log @ 0 (117) -> 0
13:19:04 ampere/q11dev/debug/log apq11dev-543204516334 1871 1790680741.018 2|shos_mqtt_conn.c:465    MQTT0: pub ampere/q11dev/debug/log @ 0 (117) -> 0
13:19:04 ampere/q11dev/debug/log apq11dev-543204516334 1872 1790680741.022 2|shos_mqtt_conn.c:465    MQTT0: pub ampere/q11dev/debug/log @ 0 (117) -> 0
13:19:04 ampere/q11dev/debug/log apq11dev-543204516334 1873 1790680741.070 2|shos_mqtt_conn.c:465    MQTT0: pub ampere/q11dev/debug/log @ 0 (117) -> 0
13:19:04 ampere/q11dev/debug/log apq11dev-543204516334 1874 1790680741.074 2|shos_mqtt_conn.c:465    MQTT0: pub ampere/q11dev/debug/log @ 0 (117) -> 0
13:19:04 ampere/q11dev/debug/log apq11dev-543204516334 1875 1790680741.078 2|shos_mqtt_conn.c:465    MQTT0: pub ampere/q11dev/debug/log @ 0 (117) -> 0
13:19:04 ampere/q11dev/debug/log apq11dev-543204516334 1876 1790680741.083 2|shos_mqtt_conn.c:465    MQTT0: pub ampere/q11dev/debug/log @ 0 (117) -> 0
13:19:04 ampere/q11dev/debug/log apq11dev-543204516334 1877 1790680741.131 2|shos_mqtt_conn.c:465    MQTT0: pub ampere/q11dev/debug/log @ 0 (117) -> 0
13:19:04 ampere/q11dev/debug/log apq11dev-543204516334 1878 1790680741.135 2|shos_mqtt_conn.c:465    MQTT0: pub ampere/q11dev/debug/log @ 0 (116) -> 0
13:19:04 ampere/q11dev/debug/log apq11dev-543204516334 1879 1790680741.139 2|shos_mqtt_conn.c:465    MQTT0: pub ampere/q11dev/debug/log @ 0 (116) -> 0
13:19:04 ampere/q11dev/debug/log apq11dev-543204516334 1880 1790680741.144 2|shos_mqtt_conn.c:465    MQTT0: pub ampere/q11dev/debug/log @ 0 (117) -> 0
13:19:04 ampere/q11dev/debug/log apq11dev-543204516334 1881 1790680741.193 2|shos_mqtt_conn.c:465    MQTT0: pub ampere/q11dev/debug/log @ 0 (117) -> 0
13:19:04 ampere/q11dev/debug/log apq11dev-543204516334 1882 1790680741.197 2|shos_mqtt_conn.c:465    MQTT0: pub ampere/q11dev/debug/log @ 0 (117) -> 0
13:19:04 ampere/q11dev/debug/log apq11dev-543204516334 1883 1790680741.201 2|shos_mqtt_conn.c:465    MQTT0: pub ampere/q11dev/debug/log @ 0 (117) -> 0
13:19:04 ampere/q11dev/debug/log apq11dev-543204516334 1884 1790680741.205 2|shos_mqtt_conn.c:465    MQTT0: pub ampere/q11dev/debug/log @ 0 (117) -> 0
13:19:04 ampere/q11dev/debug/log apq11dev-543204516334 1885 1790680741.261 2|shos_mqtt_conn.c:465    MQTT0: pub ampere/q11dev/debug/log @ 0 (117) -> 0
13:19:04 ampere/q11dev/debug/log apq11dev-543204516334 1886 1790680741.265 2|shos_mqtt_conn.c:465    MQTT0: pub ampere/q11dev/debug/log @ 0 (117) -> 0
13:19:04 ampere/q11dev/debug/log apq11dev-543204516334 1887 1790680741.270 2|shos_mqtt_conn.c:465    MQTT0: pub ampere/q11dev/debug/log @ 0 (117) -> 0
13:19:04 ampere/q11dev/debug/log apq11dev-543204516334 1888 1790680741.274 2|shos_mqtt_conn.c:465    MQTT0: pub ampere/q11dev/debug/log @ 0 (117) -> 0
13:19:04 ampere/q11dev/debug/log apq11dev-543204516334 1889 1790680741.327 2|shos_mqtt_conn.c:465    MQTT0: pub ampere/q11dev/debug/log @ 0 (117) -> 0
13:19:04 ampere/q11dev/debug/log apq11dev-543204516334 1890 1790680741.331 2|shos_mqtt_conn.c:465    MQTT0: pub ampere/q11dev/debug/log @ 0 (117) -> 0
13:19:04 ampere/q11dev/debug/log apq11dev-543204516334 1891 1790680741.335 2|shos_mqtt_conn.c:465    MQTT0: pub ampere/q11dev/debug/log @ 0 (117) -> 0
13:19:04 ampere/q11dev/debug/log apq11dev-543204516334 1892 1790680741.339 2|shos_mqtt_conn.c:465    MQTT0: pub ampere/q11dev/debug/log @ 0 (117) -> 0
13:19:04 ampere/q11dev/debug/log apq11dev-543204516334 1893 1790680741.387 2|shos_mqtt_conn.c:465    MQTT0: pub ampere/q11dev/debug/log @ 0 (117) -> 0
13:19:04 ampere/q11dev/debug/log apq11dev-543204516334 1894 1790680741.391 2|shos_mqtt_conn.c:465    MQTT0: pub ampere/q11dev/debug/log @ 0 (117) -> 0
13:19:04 ampere/q11dev/debug/log apq11dev-543204516334 1895 1790680741.395 2|shos_mqtt_conn.c:465    MQTT0: pub ampere/q11dev/debug/log @ 0 (117) -> 0
13:19:04 ampere/q11dev/debug/log apq11dev-543204516334 1896 1790680741.400 2|shos_mqtt_conn.c:465    MQTT0: pub ampere/q11dev/debug/log @ 0 (117) -> 0
13:19:04 ampere/q11dev/debug/log apq11dev-543204516334 1897 1790680741.449 2|shos_mqtt_conn.c:465    MQTT0: pub ampere/q11dev/debug/log @ 0 (117) -> 0
13:19:04 ampere/q11dev/debug/log apq11dev-543204516334 1898 1790680741.453 2|shos_mqtt_conn.c:465    MQTT0: pub ampere/q11dev/debug/log @ 0 (117) -> 0
13:19:04 ampere/q11dev/debug/log apq11dev-543204516334 1899 1790680741.458 2|shos_mqtt_conn.c:465    MQTT0: pub ampere/q11dev/debug/log @ 0 (117) -> 0
13:19:04 ampere/q11dev/debug/log apq11dev-543204516334 1900 1790680741.462 2|shos_mqtt_conn.c:465    MQTT0: pub ampere/q11dev/debug/log @ 0 (117) -> 0
13:19:05 ampere/q11dev/debug/log apq11dev-543204516334 1901 1790680741.512 2|shos_mqtt_conn.c:465    MQTT0: pub ampere/q11dev/debug/log @ 0 (117) -> 0
13:19:05 ampere/q11dev/debug/log apq11dev-543204516334 1902 1790680741.516 2|shos_mqtt_conn.c:465    MQTT0: pub ampere/q11dev/debug/log @ 0 (117) -> 0
13:19:05 ampere/q11dev/debug/log apq11dev-543204516334 1903 1790680741.521 2|shos_mqtt_conn.c:465    MQTT0: pub ampere/q11dev/debug/log @ 0 (117) -> 0
13:19:05 ampere/q11dev/debug/log apq11dev-543204516334 1904 1790680741.525 2|shos_mqtt_conn.c:465    MQTT0: pub ampere/q11dev/debug/log @ 0 (117) -> 0
13:19:05 ampere/q11dev/debug/log apq11dev-543204516334 1905 1790680741.573 2|shos_mqtt_conn.c:465    MQTT0: pub ampere/q11dev/debug/log @ 0 (117) -> 0
13:19:05 ampere/q11dev/debug/log apq11dev-543204516334 1906 1790680741.577 2|shos_mqtt_conn.c:465    MQTT0: pub ampere/q11dev/debug/log @ 0 (117) -> 0
13:19:05 ampere/q11dev/debug/log apq11dev-543204516334 1907 1790680741.581 2|shos_mqtt_conn.c:465    MQTT0: pub ampere/q11dev/debug/log @ 0 (117) -> 0
13:19:05 ampere/q11dev/debug/log apq11dev-543204516334 1908 1790680741.585 2|shos_mqtt_conn.c:465    MQTT0: pub ampere/q11dev/debug/log @ 0 (117) -> 0
13:19:05 ampere/q11dev/debug/log apq11dev-543204516334 1909 1790680741.646 2|shos_mqtt_conn.c:465    MQTT0: pub ampere/q11dev/debug/log @ 0 (117) -> 0
13:19:05 ampere/q11dev/debug/log apq11dev-543204516334 1910 1790680741.650 2|shos_mqtt_conn.c:465    MQTT0: pub ampere/q11dev/debug/log @ 0 (117) -> 0
13:19:05 ampere/q11dev/debug/log apq11dev-543204516334 1911 1790680741.654 2|shos_mqtt_conn.c:465    MQTT0: pub ampere/q11dev/debug/log @ 0 (117) -> 0
13:19:05 ampere/q11dev/debug/log apq11dev-543204516334 1912 1790680741.659 2|shos_mqtt_conn.c:465    MQTT0: pub ampere/q11dev/debug/log @ 0 (117) -> 0
13:19:05 ampere/q11dev/debug/log apq11dev-543204516334 1913 1790680741.721 2|shos_mqtt_conn.c:465    MQTT0: pub ampere/q11dev/debug/log @ 0 (117) -> 0
13:19:05 ampere/q11dev/debug/log apq11dev-543204516334 1914 1790680741.727 2|shos_mqtt_conn.c:465    MQTT0: pub ampere/q11dev/debug/log @ 0 (117) -> 0
13:19:05 ampere/q11dev/debug/log apq11dev-543204516334 1915 1790680741.731 2|shos_mqtt_conn.c:465    MQTT0: pub ampere/q11dev/debug/log @ 0 (117) -> 0
13:19:05 ampere/q11dev/debug/log apq11dev-543204516334 1916 1790680741.735 2|shos_mqtt_conn.c:465    MQTT0: pub ampere/q11dev/debug/log @ 0 (117) -> 0
13:19:05 ampere/q11dev/debug/log apq11dev-543204516334 1917 1790680741.788 2|shos_mqtt_conn.c:465    MQTT0: pub ampere/q11dev/debug/log @ 0 (117) -> 0
13:19:05 ampere/q11dev/debug/log apq11dev-543204516334 1918 1790680741.792 2|shos_mqtt_conn.c:465    MQTT0: pub ampere/q11dev/debug/log @ 0 (117) -> 0
13:19:05 ampere/q11dev/debug/log apq11dev-543204516334 1919 1790680741.796 2|shos_mqtt_conn.c:465    MQTT0: pub ampere/q11dev/debug/log @ 0 (117) -> 0
13:19:05 ampere/q11dev/debug/log apq11dev-543204516334 1920 1790680741.801 2|shos_mqtt_conn.c:465    MQTT0: pub ampere/q11dev/debug/log @ 0 (117) -> 0
13:19:05 ampere/q11dev/debug/log apq11dev-543204516334 1921 1790680741.849 2|shos_mqtt_conn.c:465    MQTT0: pub ampere/q11dev/debug/log @ 0 (117) -> 0
13:19:05 ampere/q11dev/debug/log apq11dev-543204516334 1922 1790680741.853 2|shos_mqtt_conn.c:465    MQTT0: pub ampere/q11dev/debug/log @ 0 (117) -> 0
13:19:05 ampere/q11dev/debug/log apq11dev-543204516334 1923 1790680741.857 2|shos_mqtt_conn.c:465    MQTT0: pub ampere/q11dev/debug/log @ 0 (117) -> 0
13:19:05 ampere/q11dev/debug/log apq11dev-543204516334 1924 1790680741.861 2|shos_mqtt_conn.c:465    MQTT0: pub ampere/q11dev/debug/log @ 0 (117) -> 0
13:19:05 ampere/q11dev/debug/log apq11dev-543204516334 1925 1790680741.909 2|shos_mqtt_conn.c:465    MQTT0: pub ampere/q11dev/debug/log @ 0 (117) -> 0
13:19:05 ampere/q11dev/debug/log apq11dev-543204516334 1926 1790680741.913 2|shos_mqtt_conn.c:465    MQTT0: pub ampere/q11dev/debug/log @ 0 (117) -> 0
13:19:05 ampere/q11dev/debug/log apq11dev-543204516334 1927 1790680741.917 2|shos_mqtt_conn.c:465    MQTT0: pub ampere/q11dev/debug/log @ 0 (117) -> 0
13:19:05 ampere/q11dev/debug/log apq11dev-543204516334 1928 1790680741.922 2|shos_mqtt_conn.c:465    MQTT0: pub ampere/q11dev/debug/log @ 0 (117) -> 0
13:19:05 ampere/q11dev/debug/log apq11dev-543204516334 1929 1790680741.987 2|shos_mqtt_conn.c:465    MQTT0: pub ampere/q11dev/debug/log @ 0 (117) -> 0
13:19:05 ampere/q11dev/debug/log apq11dev-543204516334 1930 1790680741.991 2|shos_mqtt_conn.c:465    MQTT0: pub ampere/q11dev/debug/log @ 0 (117) -> 0
13:19:05 ampere/q11dev/debug/log apq11dev-543204516334 1931 1790680741.995 2|shos_mqtt_conn.c:465    MQTT0: pub ampere/q11dev/debug/log @ 0 (117) -> 0
13:19:05 ampere/q11dev/debug/log apq11dev-543204516334 1932 1790680742.000 2|shos_mqtt_conn.c:465    MQTT0: pub ampere/q11dev/debug/log @ 0 (117) -> 0
13:19:05 ampere/q11dev/debug/log apq11dev-543204516334 1933 1790680742.047 2|shos_mqtt_conn.c:465    MQTT0: pub ampere/q11dev/debug/log @ 0 (117) -> 0
13:19:05 ampere/q11dev/debug/log apq11dev-543204516334 1934 1790680742.051 2|shos_mqtt_conn.c:465    MQTT0: pub ampere/q11dev/debug/log @ 0 (117) -> 0
13:19:05 ampere/q11dev/debug/log apq11dev-543204516334 1935 1790680742.056 2|shos_mqtt_conn.c:465    MQTT0: pub ampere/q11dev/debug/log @ 0 (117) -> 0
13:19:05 ampere/q11dev/debug/log apq11dev-543204516334 1936 1790680742.060 2|shos_mqtt_conn.c:465    MQTT0: pub ampere/q11dev/debug/log @ 0 (117) -> 0
13:19:06 ampere/q11dev/debug/log apq11dev-543204516334 1937 1790680742.108 2|shos_mqtt_conn.c:465    MQTT0: pub ampere/q11dev/debug/log @ 0 (117) -> 0
13:19:06 ampere/q11dev/debug/log apq11dev-543204516334 1938 1790680742.112 2|shos_mqtt_conn.c:465    MQTT0: pub ampere/q11dev/debug/log @ 0 (117) -> 0
13:19:06 ampere/q11dev/debug/log apq11dev-543204516334 1939 1790680742.116 2|shos_mqtt_conn.c:465    MQTT0: pub ampere/q11dev/debug/log @ 0 (117) -> 0
13:19:06 ampere/q11dev/debug/log apq11dev-543204516334 1940 1790680742.121 2|shos_mqtt_conn.c:465    MQTT0: pub ampere/q11dev/debug/log @ 0 (117) -> 0
13:19:06 ampere/q11dev/debug/log apq11dev-543204516334 1941 1790680742.168 2|shos_mqtt_conn.c:465    MQTT0: pub ampere/q11dev/debug/log @ 0 (117) -> 0
13:19:06 ampere/q11dev/debug/log apq11dev-543204516334 1942 1790680742.172 2|shos_mqtt_conn.c:465    MQTT0: pub ampere/q11dev/debug/log @ 0 (117) -> 0
13:19:06 ampere/q11dev/debug/log apq11dev-543204516334 1943 1790680742.176 2|shos_mqtt_conn.c:465    MQTT0: pub ampere/q11dev/debug/log @ 0 (117) -> 0
13:19:06 ampere/q11dev/debug/log apq11dev-543204516334 1944 1790680742.180 2|shos_mqtt_conn.c:465    MQTT0: pub ampere/q11dev/debug/log @ 0 (117) -> 0
13:19:06 ampere/q11dev/debug/log apq11dev-543204516334 1945 1790680742.240 2|shos_mqtt_conn.c:465    MQTT0: pub ampere/q11dev/debug/log @ 0 (117) -> 0
13:19:06 ampere/q11dev/debug/log apq11dev-543204516334 1946 1790680742.245 2|shos_mqtt_conn.c:465    MQTT0: pub ampere/q11dev/debug/log @ 0 (117) -> 0
13:19:06 ampere/q11dev/debug/log apq11dev-543204516334 1947 1790680742.250 2|shos_mqtt_conn.c:465    MQTT0: pub ampere/q11dev/debug/log @ 0 (117) -> 0
13:19:06 ampere/q11dev/debug/log apq11dev-543204516334 1948 1790680742.255 2|shos_mqtt_conn.c:465    MQTT0: pub ampere/q11dev/debug/log @ 0 (117) -> 0
13:19:06 ampere/q11dev/debug/log apq11dev-543204516334 1949 1790680742.302 2|shos_mqtt_conn.c:465    MQTT0: pub ampere/q11dev/debug/log @ 0 (117) -> 0
13:19:06 ampere/q11dev/debug/log apq11dev-543204516334 1950 1790680742.307 2|shos_mqtt_conn.c:465    MQTT0: pub ampere/q11dev/debug/log @ 0 (117) -> 0
13:19:06 ampere/q11dev/debug/log apq11dev-543204516334 1951 1790680742.311 2|shos_mqtt_conn.c:465    MQTT0: pub ampere/q11dev/debug/log @ 0 (117) -> 0
13:19:06 ampere/q11dev/debug/log apq11dev-543204516334 1952 1790680742.315 2|shos_mqtt_conn.c:465    MQTT0: pub ampere/q11dev/debug/log @ 0 (117) -> 0
13:19:06 ampere/q11dev/debug/log apq11dev-543204516334 1953 1790680742.363 2|shos_mqtt_conn.c:465    MQTT0: pub ampere/q11dev/debug/log @ 0 (117) -> 0
13:19:06 ampere/q11dev/debug/log apq11dev-543204516334 1954 1790680742.367 2|shos_mqtt_conn.c:465    MQTT0: pub ampere/q11dev/debug/log @ 0 (117) -> 0
13:19:06 ampere/q11dev/debug/log apq11dev-543204516334 1955 1790680742.371 2|shos_mqtt_conn.c:465    MQTT0: pub ampere/q11dev/debug/log @ 0 (117) -> 0
13:19:06 ampere/q11dev/debug/log apq11dev-543204516334 1956 1790680742.375 2|shos_mqtt_conn.c:465    MQTT0: pub ampere/q11dev/debug/log @ 0 (117) -> 0
13:19:06 ampere/q11dev/debug/log apq11dev-543204516334 1957 1790680742.431 2|shos_mqtt_conn.c:465    MQTT0: pub ampere/q11dev/debug/log @ 0 (117) -> 0
13:19:06 ampere/q11dev/debug/log apq11dev-543204516334 1958 1790680742.435 2|shos_mqtt_conn.c:465    MQTT0: pub ampere/q11dev/debug/log @ 0 (117) -> 0
13:19:06 ampere/q11dev/debug/log apq11dev-543204516334 1959 1790680742.439 2|shos_mqtt_conn.c:465    MQTT0: pub ampere/q11dev/debug/log @ 0 (117) -> 0
13:19:06 ampere/q11dev/debug/log apq11dev-543204516334 1960 1790680742.443 2|shos_mqtt_conn.c:465    MQTT0: pub ampere/q11dev/debug/log @ 0 (117) -> 0
13:19:06 ampere/q11dev/debug/log apq11dev-543204516334 1961 1790680742.507 2|shos_mqtt_conn.c:465    MQTT0: pub ampere/q11dev/debug/log @ 0 (117) -> 0
13:19:06 ampere/q11dev/debug/log apq11dev-543204516334 1962 1790680742.511 2|shos_mqtt_conn.c:465    MQTT0: pub ampere/q11dev/debug/log @ 0 (117) -> 0
13:19:06 ampere/q11dev/debug/log apq11dev-543204516334 1963 1790680742.515 2|shos_mqtt_conn.c:465    MQTT0: pub ampere/q11dev/debug/log @ 0 (117) -> 0
13:19:06 ampere/q11dev/debug/log apq11dev-543204516334 1964 1790680742.519 2|shos_mqtt_conn.c:465    MQTT0: pub ampere/q11dev/debug/log @ 0 (117) -> 0
13:19:06 ampere/q11dev/debug/log apq11dev-543204516334 1965 1790680742.670 2|shos_mqtt_conn.c:465    MQTT0: pub ampere/q11dev/debug/log @ 0 (117) -> 0
13:19:06 ampere/q11dev/debug/log apq11dev-543204516334 1966 1790680742.675 2|shos_mqtt_conn.c:465    MQTT0: pub ampere/q11dev/debug/log @ 0 (117) -> 0
13:19:06 ampere/q11dev/debug/log apq11dev-543204516334 1967 1790680742.679 2|shos_mqtt_conn.c:465    MQTT0: pub ampere/q11dev/debug/log @ 0 (117) -> 0
13:19:06 ampere/q11dev/debug/log apq11dev-543204516334 1968 1790680742.683 2|shos_mqtt_conn.c:465    MQTT0: pub ampere/q11dev/debug/log @ 0 (117) -> 0
13:19:06 ampere/q11dev/debug/log apq11dev-543204516334 1969 1790680742.753 2|esp32xx_wifi_if.cpp:234 PK check: link 1 gw 1 UC 979 MC 117 ctr 16/105 ping 0 num_act 0
13:19:06 ampere/q11dev/debug/log apq11dev-543204516334 1970 1790680742.757 2|hos_lwip_eth_if.cpp:513 ws(0x3fcde634): Status: server 0 oper_up 1 link_up 1/1 hf 82248
13:19:06 ampere/q11dev/debug/log apq11dev-543204516334 1971 1790680742.762 2|shos_mqtt_conn.c:465    MQTT0: pub ampere/q11dev/debug/log @ 0 (117) -> 0
13:19:06 ampere/q11dev/debug/log apq11dev-543204516334 1972 1790680742.766 2|shos_mqtt_conn.c:465    MQTT0: pub ampere/q11dev/debug/log @ 0 (117) -> 0
13:19:07 ampere/q11dev/debug/log apq11dev-543204516334 1973 1790680742.820 2|shos_mqtt_conn.c:465    MQTT0: pub ampere/q11dev/debug/log @ 0 (117) -> 0
13:19:07 ampere/q11dev/debug/log apq11dev-543204516334 1974 1790680742.824 2|shos_mqtt_conn.c:465    MQTT0: pub ampere/q11dev/debug/log @ 0 (117) -> 0
13:19:07 ampere/q11dev/debug/log apq11dev-543204516334 1975 1790680742.829 2|shos_mqtt_conn.c:465    MQTT0: pub ampere/q11dev/debug/log @ 0 (117) -> 0
13:19:07 ampere/q11dev/debug/log apq11dev-543204516334 1976 1790680742.833 2|shos_mqtt_conn.c:465    MQTT0: pub ampere/q11dev/debug/log @ 0 (117) -> 0
13:19:07 ampere/q11dev/debug/log apq11dev-543204516334 1977 1790680742.881 2|shos_mqtt_conn.c:465    MQTT0: pub ampere/q11dev/debug/log @ 0 (117) -> 0
13:19:07 ampere/q11dev/debug/log apq11dev-543204516334 1978 1790680742.885 2|shos_mqtt_conn.c:465    MQTT0: pub ampere/q11dev/debug/log @ 0 (117) -> 0
13:19:07 ampere/q11dev/debug/log apq11dev-543204516334 1979 1790680742.889 2|shos_mqtt_conn.c:465    MQTT0: pub ampere/q11dev/debug/log @ 0 (117) -> 0
13:19:07 ampere/q11dev/debug/log apq11dev-543204516334 1980 1790680742.893 2|shos_mqtt_conn.c:465    MQTT0: pub ampere/q11dev/debug/log @ 0 (117) -> 0
13:19:07 ampere/q11dev/debug/log apq11dev-543204516334 1981 1790680742.942 2|shos_mqtt_conn.c:465    MQTT0: pub ampere/q11dev/debug/log @ 0 (117) -> 0
13:19:07 ampere/q11dev/debug/log apq11dev-543204516334 1982 1790680742.946 2|shos_mqtt_conn.c:465    MQTT0: pub ampere/q11dev/debug/log @ 0 (117) -> 0
13:19:07 ampere/q11dev/debug/log apq11dev-543204516334 1983 1790680742.951 2|shos_mqtt_conn.c:465    MQTT0: pub ampere/q11dev/debug/log @ 0 (131) -> 0
13:19:07 ampere/q11dev/debug/log apq11dev-543204516334 1984 1790680742.956 2|shos_mqtt_conn.c:465    MQTT0: pub ampere/q11dev/debug/log @ 0 (131) -> 0
13:19:07 ampere/q11dev/debug/log apq11dev-543204516334 1985 1790680743.026 2|shelly_tmcu.cpp:598     RX: 0x1c v=3 [] (state Ready)
13:19:07 ampere/q11dev/debug/log apq11dev-543204516334 1986 1790680743.030 2|shelly_tmcu.cpp:598     RX: 0x24 v=3 [] (state Ready)
13:19:07 ampere/q11dev/debug/log apq11dev-543204516334 1987 1790680743.034 2|shos_mqtt_conn.c:465    MQTT0: pub ampere/q11dev/debug/log @ 0 (117) -> 0
13:19:07 ampere/q11dev/debug/log apq11dev-543204516334 1988 1790680743.039 2|shos_mqtt_conn.c:465    MQTT0: pub ampere/q11dev/debug/log @ 0 (117) -> 0
13:19:07 ampere/q11dev/debug/log apq11dev-543204516334 1989 1790680743.115 2|shos_mqtt_conn.c:465    MQTT0: pub ampere/q11dev/debug/log @ 0 (117) -> 0
13:19:07 ampere/q11dev/debug/log apq11dev-543204516334 1990 1790680743.119 2|shos_mqtt_conn.c:465    MQTT0: pub ampere/q11dev/debug/log @ 0 (117) -> 0
13:19:07 ampere/q11dev/debug/log apq11dev-543204516334 1991 1790680743.123 2|shos_mqtt_conn.c:465    MQTT0: pub ampere/q11dev/debug/log @ 0 (117) -> 0
13:19:07 ampere/q11dev/debug/log apq11dev-543204516334 1992 1790680743.128 2|shos_mqtt_conn.c:465    MQTT0: pub ampere/q11dev/debug/log @ 0 (117) -> 0
13:19:07 ampere/q11dev/debug/log apq11dev-543204516334 1993 1790680743.175 2|shos_mqtt_conn.c:465    MQTT0: pub ampere/q11dev/debug/log @ 0 (117) -> 0
13:19:07 ampere/q11dev/debug/log apq11dev-543204516334 1994 1790680743.181 2|shos_mqtt_conn.c:465    MQTT0: pub ampere/q11dev/debug/log @ 0 (117) -> 0
13:19:07 ampere/q11dev/debug/log apq11dev-543204516334 1995 1790680743.185 2|shos_mqtt_conn.c:465    MQTT0: pub ampere/q11dev/debug/log @ 0 (117) -> 0
13:19:07 ampere/q11dev/debug/log apq11dev-543204516334 1996 1790680743.189 2|shos_mqtt_conn.c:465    MQTT0: pub ampere/q11dev/debug/log @ 0 (117) -> 0
13:19:07 ampere/q11dev/debug/log apq11dev-543204516334 1997 1790680743.249 2|shos_mqtt_conn.c:465    MQTT0: pub ampere/q11dev/debug/log @ 0 (117) -> 0
13:19:07 ampere/q11dev/debug/log apq11dev-543204516334 1998 1790680743.253 2|shos_mqtt_conn.c:465    MQTT0: pub ampere/q11dev/debug/log @ 0 (117) -> 0
13:19:07 ampere/q11dev/debug/log apq11dev-543204516334 1999 1790680743.258 2|shos_mqtt_conn.c:465    MQTT0: pub ampere/q11dev/debug/log @ 0 (97) -> 0
13:19:07 ampere/q11dev/debug/log apq11dev-543204516334 2000 1790680743.262 2|shos_mqtt_conn.c:465    MQTT0: pub ampere/q11dev/debug/log @ 0 (97) -> 0
13:19:07 ampere/q11dev/debug/log apq11dev-543204516334 2001 1790680743.310 2|shos_mqtt_conn.c:465    MQTT0: pub ampere/q11dev/debug/log @ 0 (117) -> 0
13:19:07 ampere/q11dev/debug/log apq11dev-543204516334 2002 1790680743.314 2|shos_mqtt_conn.c:465    MQTT0: pub ampere/q11dev/debug/log @ 0 (117) -> 0
13:19:07 ampere/q11dev/debug/log apq11dev-543204516334 2003 1790680743.318 2|shos_mqtt_conn.c:465    MQTT0: pub ampere/q11dev/debug/log @ 0 (117) -> 0
13:19:07 ampere/q11dev/debug/log apq11dev-543204516334 2004 1790680743.323 2|shos_mqtt_conn.c:465    MQTT0: pub ampere/q11dev/debug/log @ 0 (117) -> 0
13:19:07 ampere/q11dev/debug/log apq11dev-543204516334 2005 1790680743.370 2|shos_mqtt_conn.c:465    MQTT0: pub ampere/q11dev/debug/log @ 0 (117) -> 0
13:19:07 ampere/q11dev/debug/log apq11dev-543204516334 2006 1790680743.374 2|shos_mqtt_conn.c:465    MQTT0: pub ampere/q11dev/debug/log @ 0 (117) -> 0
13:19:07 ampere/q11dev/debug/log apq11dev-543204516334 2007 1790680743.378 2|shos_mqtt_conn.c:465    MQTT0: pub ampere/q11dev/debug/log @ 0 (117) -> 0
13:19:08 ampere/q11dev/debug/log apq11dev-543204516334 2008 1790680743.382 2|shos_mqtt_conn.c:465    MQTT0: pub ampere/q11dev/debug/log @ 0 (117) -> 0
13:19:08 ampere/q11dev/debug/log apq11dev-543204516334 2009 1790680743.443 2|shos_mqtt_conn.c:465    MQTT0: pub ampere/q11dev/debug/log @ 0 (117) -> 0
13:19:08 ampere/q11dev/debug/log apq11dev-543204516334 2010 1790680743.447 2|shos_mqtt_conn.c:465    MQTT0: pub ampere/q11dev/debug/log @ 0 (117) -> 0
13:19:08 ampere/q11dev/debug/log apq11dev-543204516334 2011 1790680743.451 2|shos_mqtt_conn.c:465    MQTT0: pub ampere/q11dev/debug/log @ 0 (117) -> 0
13:19:08 ampere/q11dev/debug/log apq11dev-543204516334 2012 1790680743.456 2|shos_mqtt_conn.c:465    MQTT0: pub ampere/q11dev/debug/log @ 0 (117) -> 0
13:19:08 ampere/q11dev/debug/log apq11dev-543204516334 2013 1790680743.517 2|shos_mqtt_conn.c:465    MQTT0: pub ampere/q11dev/debug/log @ 0 (116) -> 0
13:19:08 ampere/q11dev/debug/log apq11dev-543204516334 2014 1790680743.522 2|shos_mqtt_conn.c:465    MQTT0: pub ampere/q11dev/debug/log @ 0 (116) -> 0
13:19:08 ampere/q11dev/debug/log apq11dev-543204516334 2015 1790680743.526 2|shos_mqtt_conn.c:465    MQTT0: pub ampere/q11dev/debug/log @ 0 (117) -> 0
13:19:08 ampere/q11dev/debug/log apq11dev-543204516334 2016 1790680743.530 2|shos_mqtt_conn.c:465    MQTT0: pub ampere/q11dev/debug/log @ 0 (117) -> 0
13:19:08 ampere/q11dev/debug/log apq11dev-543204516334 2017 1790680743.578 2|shos_mqtt_conn.c:465    MQTT0: pub ampere/q11dev/debug/log @ 0 (117) -> 0
13:19:08 ampere/q11dev/debug/log apq11dev-543204516334 2018 1790680743.582 2|shos_mqtt_conn.c:465    MQTT0: pub ampere/q11dev/debug/log @ 0 (117) -> 0
13:19:08 ampere/q11dev/debug/log apq11dev-543204516334 2019 1790680743.586 2|shos_mqtt_conn.c:465    MQTT0: pub ampere/q11dev/debug/log @ 0 (117) -> 0
13:19:08 ampere/q11dev/debug/log apq11dev-543204516334 2020 1790680743.590 2|shos_mqtt_conn.c:465    MQTT0: pub ampere/q11dev/debug/log @ 0 (117) -> 0
13:19:08 ampere/q11dev/debug/log apq11dev-543204516334 2021 1790680743.658 2|shos_mqtt_conn.c:465    MQTT0: pub ampere/q11dev/debug/log @ 0 (117) -> 0
13:19:08 ampere/q11dev/debug/log apq11dev-543204516334 2022 1790680743.663 2|shos_mqtt_conn.c:465    MQTT0: pub ampere/q11dev/debug/log @ 0 (117) -> 0
13:19:08 ampere/q11dev/debug/log apq11dev-543204516334 2023 1790680743.667 2|shos_mqtt_conn.c:465    MQTT0: pub ampere/q11dev/debug/log @ 0 (117) -> 0
13:19:08 ampere/q11dev/debug/log apq11dev-543204516334 2024 1790680743.672 2|shos_mqtt_conn.c:465    MQTT0: pub ampere/q11dev/debug/log @ 0 (117) -> 0
13:19:08 ampere/q11dev/debug/log apq11dev-543204516334 2025 1790680743.750 2|shos_mqtt_conn.c:465    MQTT0: pub ampere/q11dev/debug/log @ 0 (117) -> 0
13:19:08 ampere/q11dev/debug/log apq11dev-543204516334 2026 1790680743.754 2|shos_mqtt_conn.c:465    MQTT0: pub ampere/q11dev/debug/log @ 0 (117) -> 0
13:19:08 ampere/q11dev/debug/log apq11dev-543204516334 2027 1790680743.758 2|shos_mqtt_conn.c:465    MQTT0: pub ampere/q11dev/debug/log @ 0 (117) -> 0
13:19:08 ampere/q11dev/debug/log apq11dev-543204516334 2028 1790680743.763 2|shos_mqtt_conn.c:465    MQTT0: pub ampere/q11dev/debug/log @ 0 (117) -> 0
13:19:08 ampere/q11dev/debug/log apq11dev-543204516334 2029 1790680743.827 2|shos_mqtt_conn.c:465    MQTT0: pub ampere/q11dev/debug/log @ 0 (117) -> 0
13:19:08 ampere/q11dev/debug/log apq11dev-543204516334 2030 1790680743.831 2|shos_mqtt_conn.c:465    MQTT0: pub ampere/q11dev/debug/log @ 0 (117) -> 0
13:19:08 ampere/q11dev/debug/log apq11dev-543204516334 2031 1790680743.836 2|shos_mqtt_conn.c:465    MQTT0: pub ampere/q11dev/debug/log @ 0 (117) -> 0
13:19:08 ampere/q11dev/debug/log apq11dev-543204516334 2032 1790680743.840 2|shos_mqtt_conn.c:465    MQTT0: pub ampere/q11dev/debug/log @ 0 (117) -> 0
13:19:08 ampere/q11dev/debug/log apq11dev-543204516334 2033 1790680743.889 2|shos_mqtt_conn.c:465    MQTT0: pub ampere/q11dev/debug/log @ 0 (117) -> 0
13:19:08 ampere/q11dev/debug/log apq11dev-543204516334 2034 1790680743.893 2|shos_mqtt_conn.c:465    MQTT0: pub ampere/q11dev/debug/log @ 0 (117) -> 0
13:19:08 ampere/q11dev/debug/log apq11dev-543204516334 2035 1790680743.897 2|shos_mqtt_conn.c:465    MQTT0: pub ampere/q11dev/debug/log @ 0 (117) -> 0
13:19:08 ampere/q11dev/debug/log apq11dev-543204516334 2036 1790680743.902 2|shos_mqtt_conn.c:465    MQTT0: pub ampere/q11dev/debug/log @ 0 (117) -> 0
13:19:08 ampere/q11dev/debug/log apq11dev-543204516334 2037 1790680743.951 2|shos_mqtt_conn.c:465    MQTT0: pub ampere/q11dev/debug/log @ 0 (117) -> 0
13:19:08 ampere/q11dev/debug/log apq11dev-543204516334 2038 1790680743.955 2|shos_mqtt_conn.c:465    MQTT0: pub ampere/q11dev/debug/log @ 0 (117) -> 0
13:19:08 ampere/q11dev/debug/log apq11dev-543204516334 2039 1790680743.959 2|shos_mqtt_conn.c:465    MQTT0: pub ampere/q11dev/debug/log @ 0 (117) -> 0
13:19:08 ampere/q11dev/debug/log apq11dev-543204516334 2040 1790680743.964 2|shos_mqtt_conn.c:465    MQTT0: pub ampere/q11dev/debug/log @ 0 (117) -> 0
13:19:08 ampere/q11dev/debug/log apq11dev-543204516334 2041 1790680744.012 2|shos_mqtt_conn.c:465    MQTT0: pub ampere/q11dev/debug/log @ 0 (117) -> 0
13:19:08 ampere/q11dev/debug/log apq11dev-543204516334 2042 1790680744.016 2|shos_mqtt_conn.c:465    MQTT0: pub ampere/q11dev/debug/log @ 0 (117) -> 0
13:19:09 ampere/q11dev/debug/log apq11dev-543204516334 2043 1790680744.020 2|shos_mqtt_conn.c:465    MQTT0: pub ampere/q11dev/debug/log @ 0 (117) -> 0
13:19:09 ampere/q11dev/debug/log apq11dev-543204516334 2044 1790680744.024 2|shos_mqtt_conn.c:465    MQTT0: pub ampere/q11dev/debug/log @ 0 (117) -> 0
13:19:09 ampere/q11dev/debug/log apq11dev-543204516334 2045 1790680744.084 2|shos_mqtt_conn.c:465    MQTT0: pub ampere/q11dev/debug/log @ 0 (117) -> 0
13:19:09 ampere/q11dev/debug/log apq11dev-543204516334 2046 1790680744.088 2|shos_mqtt_conn.c:465    MQTT0: pub ampere/q11dev/debug/log @ 0 (117) -> 0
13:19:09 ampere/q11dev/debug/log apq11dev-543204516334 2047 1790680744.093 2|shos_mqtt_conn.c:465    MQTT0: pub ampere/q11dev/debug/log @ 0 (117) -> 0
13:19:09 ampere/q11dev/debug/log apq11dev-543204516334 2048 1790680744.097 2|shos_mqtt_conn.c:465    MQTT0: pub ampere/q11dev/debug/log @ 0 (117) -> 0
13:19:09 ampere/q11dev/debug/log apq11dev-543204516334 2049 1790680744.145 2|shos_mqtt_conn.c:465    MQTT0: pub ampere/q11dev/debug/log @ 0 (117) -> 0
13:19:09 ampere/q11dev/debug/log apq11dev-543204516334 2050 1790680744.149 2|shos_mqtt_conn.c:465    MQTT0: pub ampere/q11dev/debug/log @ 0 (117) -> 0
13:19:09 ampere/q11dev/debug/log apq11dev-543204516334 2051 1790680744.154 2|shos_mqtt_conn.c:465    MQTT0: pub ampere/q11dev/debug/log @ 0 (117) -> 0
13:19:09 ampere/q11dev/debug/log apq11dev-543204516334 2052 1790680744.158 2|shos_mqtt_conn.c:465    MQTT0: pub ampere/q11dev/debug/log @ 0 (117) -> 0
13:19:09 ampere/q11dev/debug/log apq11dev-543204516334 2053 1790680744.206 2|shos_mqtt_conn.c:465    MQTT0: pub ampere/q11dev/debug/log @ 0 (117) -> 0
13:19:09 ampere/q11dev/debug/log apq11dev-543204516334 2054 1790680744.210 2|shos_mqtt_conn.c:465    MQTT0: pub ampere/q11dev/debug/log @ 0 (117) -> 0
13:19:09 ampere/q11dev/debug/log apq11dev-543204516334 2055 1790680744.215 2|shos_mqtt_conn.c:465    MQTT0: pub ampere/q11dev/debug/log @ 0 (117) -> 0
13:19:09 ampere/q11dev/debug/log apq11dev-543204516334 2056 1790680744.219 2|shos_mqtt_conn.c:465    MQTT0: pub ampere/q11dev/debug/log @ 0 (117) -> 0
13:19:09 ampere/q11dev/debug/log apq11dev-543204516334 2057 1790680744.383 2|shos_mqtt_conn.c:465    MQTT0: pub ampere/q11dev/debug/log @ 0 (117) -> 0
13:19:09 ampere/q11dev/debug/log apq11dev-543204516334 2058 1790680744.387 2|shos_mqtt_conn.c:465    MQTT0: pub ampere/q11dev/debug/log @ 0 (117) -> 0
13:19:09 ampere/q11dev/debug/log apq11dev-543204516334 2059 1790680744.391 2|shos_mqtt_conn.c:465    MQTT0: pub ampere/q11dev/debug/log @ 0 (117) -> 0
13:19:09 ampere/q11dev/debug/log apq11dev-543204516334 2060 1790680744.395 2|shos_mqtt_conn.c:465    MQTT0: pub ampere/q11dev/debug/log @ 0 (117) -> 0
13:19:09 ampere/q11dev/debug/log apq11dev-543204516334 2061 1790680744.443 2|shos_mqtt_conn.c:465    MQTT0: pub ampere/q11dev/debug/log @ 0 (117) -> 0
13:19:09 ampere/q11dev/debug/log apq11dev-543204516334 2062 1790680744.447 2|shos_mqtt_conn.c:465    MQTT0: pub ampere/q11dev/debug/log @ 0 (117) -> 0
13:19:09 ampere/q11dev/debug/log apq11dev-543204516334 2063 1790680744.451 2|shos_mqtt_conn.c:465    MQTT0: pub ampere/q11dev/debug/log @ 0 (117) -> 0
13:19:09 ampere/q11dev/debug/log apq11dev-543204516334 2064 1790680744.455 2|shos_mqtt_conn.c:465    MQTT0: pub ampere/q11dev/debug/log @ 0 (117) -> 0
13:19:09 ampere/q11dev/debug/log apq11dev-543204516334 2065 1790680744.504 2|shos_mqtt_conn.c:465    MQTT0: pub ampere/q11dev/debug/log @ 0 (117) -> 0
13:19:09 ampere/q11dev/debug/log apq11dev-543204516334 2066 1790680744.509 2|shos_mqtt_conn.c:465    MQTT0: pub ampere/q11dev/debug/log @ 0 (117) -> 0
13:19:09 ampere/q11dev/debug/log apq11dev-543204516334 2067 1790680744.513 2|shos_mqtt_conn.c:465    MQTT0: pub ampere/q11dev/debug/log @ 0 (117) -> 0
13:19:09 ampere/q11dev/debug/log apq11dev-543204516334 2068 1790680744.517 2|shos_mqtt_conn.c:465    MQTT0: pub ampere/q11dev/debug/log @ 0 (117) -> 0
13:19:09 ampere/q11dev/debug/log apq11dev-543204516334 2069 1790680744.566 2|shos_mqtt_conn.c:465    MQTT0: pub ampere/q11dev/debug/log @ 0 (117) -> 0
13:19:09 ampere/q11dev/debug/log apq11dev-543204516334 2070 1790680744.571 2|shos_mqtt_conn.c:465    MQTT0: pub ampere/q11dev/debug/log @ 0 (117) -> 0
13:19:09 ampere/q11dev/debug/log apq11dev-543204516334 2071 1790680744.575 2|shos_mqtt_conn.c:465    MQTT0: pub ampere/q11dev/debug/log @ 0 (117) -> 0
13:19:09 ampere/q11dev/debug/log apq11dev-543204516334 2072 1790680744.579 2|shos_mqtt_conn.c:465    MQTT0: pub ampere/q11dev/debug/log @ 0 (117) -> 0
13:19:09 ampere/q11dev/debug/log apq11dev-543204516334 2073 1790680744.628 2|shos_mqtt_conn.c:465    MQTT0: pub ampere/q11dev/debug/log @ 0 (117) -> 0
13:19:09 ampere/q11dev/debug/log apq11dev-543204516334 2074 1790680744.632 2|shos_mqtt_conn.c:465    MQTT0: pub ampere/q11dev/debug/log @ 0 (117) -> 0
13:19:09 ampere/q11dev/debug/log apq11dev-543204516334 2075 1790680744.636 2|shos_mqtt_conn.c:465    MQTT0: pub ampere/q11dev/debug/log @ 0 (117) -> 0
13:19:09 ampere/q11dev/debug/log apq11dev-543204516334 2076 1790680744.640 2|shos_mqtt_conn.c:465    MQTT0: pub ampere/q11dev/debug/log @ 0 (117) -> 0
13:19:10 ampere/q11dev/debug/log apq11dev-543204516334 2077 1790680744.688 2|shos_mqtt_conn.c:465    MQTT0: pub ampere/q11dev/debug/log @ 0 (117) -> 0
13:19:10 ampere/q11dev/debug/log apq11dev-543204516334 2078 1790680744.692 2|shos_mqtt_conn.c:465    MQTT0: pub ampere/q11dev/debug/log @ 0 (117) -> 0
13:19:10 ampere/q11dev/debug/log apq11dev-543204516334 2079 1790680744.696 2|shos_mqtt_conn.c:465    MQTT0: pub ampere/q11dev/debug/log @ 0 (117) -> 0
13:19:10 ampere/q11dev/debug/log apq11dev-543204516334 2080 1790680744.700 2|shos_mqtt_conn.c:465    MQTT0: pub ampere/q11dev/debug/log @ 0 (117) -> 0
13:19:10 ampere/q11dev/debug/log apq11dev-543204516334 2081 1790680744.787 2|shos_mqtt_conn.c:465    MQTT0: pub ampere/q11dev/debug/log @ 0 (117) -> 0
13:19:10 ampere/q11dev/debug/log apq11dev-543204516334 2082 1790680744.791 2|shos_mqtt_conn.c:465    MQTT0: pub ampere/q11dev/debug/log @ 0 (117) -> 0
13:19:10 ampere/q11dev/debug/log apq11dev-543204516334 2083 1790680744.796 2|shos_mqtt_conn.c:465    MQTT0: pub ampere/q11dev/debug/log @ 0 (117) -> 0
13:19:10 ampere/q11dev/debug/log apq11dev-543204516334 2084 1790680744.800 2|shos_mqtt_conn.c:465    MQTT0: pub ampere/q11dev/debug/log @ 0 (117) -> 0
13:19:10 ampere/q11dev/debug/log apq11dev-543204516334 2085 1790680744.847 2|shos_mqtt_conn.c:465    MQTT0: pub ampere/q11dev/debug/log @ 0 (117) -> 0
13:19:10 ampere/q11dev/debug/log apq11dev-543204516334 2086 1790680744.852 2|shos_mqtt_conn.c:465    MQTT0: pub ampere/q11dev/debug/log @ 0 (117) -> 0
13:19:10 ampere/q11dev/debug/log apq11dev-543204516334 2087 1790680744.856 2|shos_mqtt_conn.c:465    MQTT0: pub ampere/q11dev/debug/log @ 0 (117) -> 0
13:19:10 ampere/q11dev/debug/log apq11dev-543204516334 2088 1790680744.860 2|shos_mqtt_conn.c:465    MQTT0: pub ampere/q11dev/debug/log @ 0 (117) -> 0
13:19:10 ampere/q11dev/debug/log apq11dev-543204516334 2089 1790680744.909 2|shos_mqtt_conn.c:465    MQTT0: pub ampere/q11dev/debug/log @ 0 (117) -> 0
13:19:10 ampere/q11dev/debug/log apq11dev-543204516334 2090 1790680744.913 2|shos_mqtt_conn.c:465    MQTT0: pub ampere/q11dev/debug/log @ 0 (117) -> 0
13:19:10 ampere/q11dev/debug/log apq11dev-543204516334 2091 1790680744.917 2|shos_mqtt_conn.c:465    MQTT0: pub ampere/q11dev/debug/log @ 0 (117) -> 0
13:19:10 ampere/q11dev/debug/log apq11dev-543204516334 2092 1790680744.922 2|shos_mqtt_conn.c:465    MQTT0: pub ampere/q11dev/debug/log @ 0 (117) -> 0
13:19:10 ampere/q11dev/debug/log apq11dev-543204516334 2093 1790680744.981 2|shos_mqtt_conn.c:465    MQTT0: pub ampere/q11dev/debug/log @ 0 (117) -> 0
13:19:10 ampere/q11dev/debug/log apq11dev-543204516334 2094 1790680744.986 2|shos_mqtt_conn.c:465    MQTT0: pub ampere/q11dev/debug/log @ 0 (117) -> 0
13:19:10 ampere/q11dev/debug/log apq11dev-543204516334 2095 1790680744.990 2|shos_mqtt_conn.c:465    MQTT0: pub ampere/q11dev/debug/log @ 0 (117) -> 0
13:19:10 ampere/q11dev/debug/log apq11dev-543204516334 2096 1790680744.994 2|shos_mqtt_conn.c:465    MQTT0: pub ampere/q11dev/debug/log @ 0 (117) -> 0
13:19:10 ampere/q11dev/debug/log apq11dev-543204516334 2097 1790680745.056 2|shos_mqtt_conn.c:465    MQTT0: pub ampere/q11dev/debug/log @ 0 (117) -> 0
13:19:10 ampere/q11dev/debug/log apq11dev-543204516334 2098 1790680745.060 2|shos_mqtt_conn.c:465    MQTT0: pub ampere/q11dev/debug/log @ 0 (117) -> 0
13:19:10 ampere/q11dev/debug/log apq11dev-543204516334 2099 1790680745.064 2|shos_mqtt_conn.c:465    MQTT0: pub ampere/q11dev/debug/log @ 0 (117) -> 0
13:19:10 ampere/q11dev/debug/log apq11dev-543204516334 2100 1790680745.069 2|shos_mqtt_conn.c:465    MQTT0: pub ampere/q11dev/debug/log @ 0 (117) -> 0
13:19:10 ampere/q11dev/debug/log apq11dev-543204516334 2101 1790680745.117 2|shos_mqtt_conn.c:465    MQTT0: pub ampere/q11dev/debug/log @ 0 (117) -> 0
13:19:10 ampere/q11dev/debug/log apq11dev-543204516334 2102 1790680745.121 2|shos_mqtt_conn.c:465    MQTT0: pub ampere/q11dev/debug/log @ 0 (117) -> 0
13:19:10 ampere/q11dev/debug/log apq11dev-543204516334 2103 1790680745.125 2|shos_mqtt_conn.c:465    MQTT0: pub ampere/q11dev/debug/log @ 0 (117) -> 0
13:19:10 ampere/q11dev/debug/log apq11dev-543204516334 2104 1790680745.129 2|shos_mqtt_conn.c:465    MQTT0: pub ampere/q11dev/debug/log @ 0 (117) -> 0
13:19:10 ampere/q11dev/debug/log apq11dev-543204516334 2105 1790680745.177 2|shos_mqtt_conn.c:465    MQTT0: pub ampere/q11dev/debug/log @ 0 (117) -> 0
13:19:10 ampere/q11dev/debug/log apq11dev-543204516334 2106 1790680745.182 2|shos_mqtt_conn.c:465    MQTT0: pub ampere/q11dev/debug/log @ 0 (117) -> 0
13:19:10 ampere/q11dev/debug/log apq11dev-543204516334 2107 1790680745.187 2|shos_mqtt_conn.c:465    MQTT0: pub ampere/q11dev/debug/log @ 0 (117) -> 0
13:19:10 ampere/q11dev/debug/log apq11dev-543204516334 2108 1790680745.191 2|shos_mqtt_conn.c:465    MQTT0: pub ampere/q11dev/debug/log @ 0 (117) -> 0
13:19:10 ampere/q11dev/debug/log apq11dev-543204516334 2109 1790680745.258 2|shos_mqtt_conn.c:465    MQTT0: pub ampere/q11dev/debug/log @ 0 (117) -> 0
13:19:10 ampere/q11dev/debug/log apq11dev-543204516334 2110 1790680745.263 2|shos_mqtt_conn.c:465    MQTT0: pub ampere/q11dev/debug/log @ 0 (117) -> 0
13:19:10 ampere/q11dev/debug/log apq11dev-543204516334 2111 1790680745.267 2|shos_mqtt_conn.c:465    MQTT0: pub ampere/q11dev/debug/log @ 0 (117) -> 0
13:19:11 ampere/q11dev/debug/log apq11dev-543204516334 2112 1790680745.271 2|shos_mqtt_conn.c:465    MQTT0: pub ampere/q11dev/debug/log @ 0 (117) -> 0
13:19:11 ampere/q11dev/debug/log apq11dev-543204516334 2113 1790680745.323 2|shos_mqtt_conn.c:465    MQTT0: pub ampere/q11dev/debug/log @ 0 (117) -> 0
13:19:11 ampere/q11dev/debug/log apq11dev-543204516334 2114 1790680745.328 2|shos_mqtt_conn.c:465    MQTT0: pub ampere/q11dev/debug/log @ 0 (117) -> 0
13:19:11 ampere/q11dev/debug/log apq11dev-543204516334 2115 1790680745.333 2|shos_mqtt_conn.c:465    MQTT0: pub ampere/q11dev/debug/log @ 0 (117) -> 0
13:19:11 ampere/q11dev/debug/log apq11dev-543204516334 2116 1790680745.338 2|shos_mqtt_conn.c:465    MQTT0: pub ampere/q11dev/debug/log @ 0 (117) -> 0
13:19:11 ampere/q11dev/debug/log apq11dev-543204516334 2117 1790680745.385 2|shos_mqtt_conn.c:465    MQTT0: pub ampere/q11dev/debug/log @ 0 (117) -> 0
13:19:11 ampere/q11dev/debug/log apq11dev-543204516334 2118 1790680745.389 2|shos_mqtt_conn.c:465    MQTT0: pub ampere/q11dev/debug/log @ 0 (117) -> 0
13:19:11 ampere/q11dev/debug/log apq11dev-543204516334 2119 1790680745.393 2|shos_mqtt_conn.c:465    MQTT0: pub ampere/q11dev/debug/log @ 0 (117) -> 0
13:19:11 ampere/q11dev/debug/log apq11dev-543204516334 2120 1790680745.397 2|shos_mqtt_conn.c:465    MQTT0: pub ampere/q11dev/debug/log @ 0 (117) -> 0
13:19:11 ampere/q11dev/debug/log apq11dev-543204516334 2121 1790680745.446 2|shos_mqtt_conn.c:465    MQTT0: pub ampere/q11dev/debug/log @ 0 (117) -> 0
13:19:11 ampere/q11dev/debug/log apq11dev-543204516334 2122 1790680745.450 2|shos_mqtt_conn.c:465    MQTT0: pub ampere/q11dev/debug/log @ 0 (117) -> 0
13:19:11 ampere/q11dev/debug/log apq11dev-543204516334 2123 1790680745.454 2|shos_mqtt_conn.c:465    MQTT0: pub ampere/q11dev/debug/log @ 0 (117) -> 0
13:19:11 ampere/q11dev/debug/log apq11dev-543204516334 2124 1790680745.458 2|shos_mqtt_conn.c:465    MQTT0: pub ampere/q11dev/debug/log @ 0 (117) -> 0
13:19:11 ampere/q11dev/debug/log apq11dev-543204516334 2125 1790680745.519 2|shos_mqtt_conn.c:465    MQTT0: pub ampere/q11dev/debug/log @ 0 (117) -> 0
13:19:11 ampere/q11dev/debug/log apq11dev-543204516334 2126 1790680745.523 2|shos_mqtt_conn.c:465    MQTT0: pub ampere/q11dev/debug/log @ 0 (117) -> 0
13:19:11 ampere/q11dev/debug/log apq11dev-543204516334 2127 1790680745.527 2|shos_mqtt_conn.c:465    MQTT0: pub ampere/q11dev/debug/log @ 0 (117) -> 0
13:19:11 ampere/q11dev/debug/log apq11dev-543204516334 2128 1790680745.531 2|shos_mqtt_conn.c:465    MQTT0: pub ampere/q11dev/debug/log @ 0 (117) -> 0
13:19:11 ampere/q11dev/debug/log apq11dev-543204516334 2129 1790680745.594 2|shos_mqtt_conn.c:465    MQTT0: pub ampere/q11dev/debug/log @ 0 (117) -> 0
13:19:11 ampere/q11dev/debug/log apq11dev-543204516334 2130 1790680745.598 2|shos_mqtt_conn.c:465    MQTT0: pub ampere/q11dev/debug/log @ 0 (117) -> 0
13:19:11 ampere/q11dev/debug/log apq11dev-543204516334 2131 1790680745.603 2|shos_mqtt_conn.c:465    MQTT0: pub ampere/q11dev/debug/log @ 0 (117) -> 0
13:19:11 ampere/q11dev/debug/log apq11dev-543204516334 2132 1790680745.607 2|shos_mqtt_conn.c:465    MQTT0: pub ampere/q11dev/debug/log @ 0 (117) -> 0
13:19:11 ampere/q11dev/debug/log apq11dev-543204516334 2133 1790680745.668 2|shos_mqtt_conn.c:465    MQTT0: pub ampere/q11dev/debug/log @ 0 (117) -> 0
13:19:11 ampere/q11dev/debug/log apq11dev-543204516334 2134 1790680745.672 2|shos_mqtt_conn.c:465    MQTT0: pub ampere/q11dev/debug/log @ 0 (117) -> 0
13:19:11 ampere/q11dev/debug/log apq11dev-543204516334 2135 1790680745.677 2|shos_mqtt_conn.c:465    MQTT0: pub ampere/q11dev/debug/log @ 0 (117) -> 0
13:19:11 ampere/q11dev/debug/log apq11dev-543204516334 2136 1790680745.681 2|shos_mqtt_conn.c:465    MQTT0: pub ampere/q11dev/debug/log @ 0 (117) -> 0
13:19:11 ampere/q11dev/debug/log apq11dev-543204516334 2137 1790680745.729 2|shos_mqtt_conn.c:465    MQTT0: pub ampere/q11dev/debug/log @ 0 (117) -> 0
13:19:11 ampere/q11dev/debug/log apq11dev-543204516334 2138 1790680745.733 2|shos_mqtt_conn.c:465    MQTT0: pub ampere/q11dev/debug/log @ 0 (117) -> 0
13:19:11 ampere/q11dev/debug/log apq11dev-543204516334 2139 1790680745.737 2|shos_mqtt_conn.c:465    MQTT0: pub ampere/q11dev/debug/log @ 0 (117) -> 0
13:19:11 ampere/q11dev/debug/log apq11dev-543204516334 2140 1790680745.742 2|shos_mqtt_conn.c:465    MQTT0: pub ampere/q11dev/debug/log @ 0 (117) -> 0
13:19:11 ampere/q11dev/debug/log apq11dev-543204516334 2141 1790680745.797 2|shos_mqtt_conn.c:465    MQTT0: pub ampere/q11dev/debug/log @ 0 (117) -> 0
13:19:11 ampere/q11dev/debug/log apq11dev-543204516334 2142 1790680745.801 2|shos_mqtt_conn.c:465    MQTT0: pub ampere/q11dev/debug/log @ 0 (117) -> 0
13:19:11 ampere/q11dev/debug/log apq11dev-543204516334 2143 1790680745.805 2|shos_mqtt_conn.c:465    MQTT0: pub ampere/q11dev/debug/log @ 0 (117) -> 0
13:19:11 ampere/q11dev/debug/log apq11dev-543204516334 2144 1790680745.809 2|shos_mqtt_conn.c:465    MQTT0: pub ampere/q11dev/debug/log @ 0 (117) -> 0
13:19:11 ampere/q11dev/debug/log apq11dev-543204516334 2145 1790680745.872 2|shos_mqtt_conn.c:465    MQTT0: pub ampere/q11dev/debug/log @ 0 (117) -> 0
13:19:11 ampere/q11dev/debug/log apq11dev-543204516334 2146 1790680745.876 2|shos_mqtt_conn.c:465    MQTT0: pub ampere/q11dev/debug/log @ 0 (117) -> 0
13:19:12 ampere/q11dev/debug/log apq11dev-543204516334 2147 1790680745.880 2|shos_mqtt_conn.c:465    MQTT0: pub ampere/q11dev/debug/log @ 0 (117) -> 0
13:19:12 ampere/q11dev/debug/log apq11dev-543204516334 2148 1790680745.884 2|shos_mqtt_conn.c:465    MQTT0: pub ampere/q11dev/debug/log @ 0 (117) -> 0
13:19:12 ampere/q11dev/debug/log apq11dev-543204516334 2149 1790680745.972 2|shos_mqtt_conn.c:465    MQTT0: pub ampere/q11dev/debug/log @ 0 (117) -> 0
13:19:12 ampere/q11dev/debug/log apq11dev-543204516334 2150 1790680745.976 2|shos_mqtt_conn.c:465    MQTT0: pub ampere/q11dev/debug/log @ 0 (117) -> 0
13:19:12 ampere/q11dev/debug/log apq11dev-543204516334 2151 1790680745.980 2|shos_mqtt_conn.c:465    MQTT0: pub ampere/q11dev/debug/log @ 0 (117) -> 0
13:19:12 ampere/q11dev/debug/log apq11dev-543204516334 2152 1790680745.985 2|shos_mqtt_conn.c:465    MQTT0: pub ampere/q11dev/debug/log @ 0 (117) -> 0
13:19:12 ampere/q11dev/debug/log apq11dev-543204516334 2153 1790680746.035 2|shos_mqtt_conn.c:465    MQTT0: pub ampere/q11dev/debug/log @ 0 (117) -> 0
13:19:12 ampere/q11dev/debug/log apq11dev-543204516334 2154 1790680746.039 2|shos_mqtt_conn.c:465    MQTT0: pub ampere/q11dev/debug/log @ 0 (117) -> 0
13:19:12 ampere/q11dev/debug/log apq11dev-543204516334 2155 1790680746.044 2|shos_mqtt_conn.c:465    MQTT0: pub ampere/q11dev/debug/log @ 0 (117) -> 0
13:19:12 ampere/q11dev/debug/log apq11dev-543204516334 2156 1790680746.048 2|shos_mqtt_conn.c:465    MQTT0: pub ampere/q11dev/debug/log @ 0 (117) -> 0
13:19:12 ampere/q11dev/debug/log apq11dev-543204516334 2157 1790680746.095 2|shos_mqtt_conn.c:465    MQTT0: pub ampere/q11dev/debug/log @ 0 (117) -> 0
13:19:12 ampere/q11dev/debug/log apq11dev-543204516334 2158 1790680746.099 2|shos_mqtt_conn.c:465    MQTT0: pub ampere/q11dev/debug/log @ 0 (117) -> 0
13:19:12 ampere/q11dev/debug/log apq11dev-543204516334 2159 1790680746.104 2|shos_mqtt_conn.c:465    MQTT0: pub ampere/q11dev/debug/log @ 0 (117) -> 0
13:19:12 ampere/q11dev/debug/log apq11dev-543204516334 2160 1790680746.109 2|shos_mqtt_conn.c:465    MQTT0: pub ampere/q11dev/debug/log @ 0 (117) -> 0
13:19:12 ampere/q11dev/debug/log apq11dev-543204516334 2161 1790680746.157 2|shos_mqtt_conn.c:465    MQTT0: pub ampere/q11dev/debug/log @ 0 (117) -> 0
13:19:12 ampere/q11dev/debug/log apq11dev-543204516334 2162 1790680746.161 2|shos_mqtt_conn.c:465    MQTT0: pub ampere/q11dev/debug/log @ 0 (117) -> 0
13:19:12 ampere/q11dev/debug/log apq11dev-543204516334 2163 1790680746.165 2|shos_mqtt_conn.c:465    MQTT0: pub ampere/q11dev/debug/log @ 0 (117) -> 0
13:19:12 ampere/q11dev/debug/log apq11dev-543204516334 2164 1790680746.170 2|shos_mqtt_conn.c:465    MQTT0: pub ampere/q11dev/debug/log @ 0 (117) -> 0
13:19:12 ampere/q11dev/debug/log apq11dev-543204516334 2165 1790680746.217 2|shos_mqtt_conn.c:465    MQTT0: pub ampere/q11dev/debug/log @ 0 (117) -> 0
13:19:12 ampere/q11dev/debug/log apq11dev-543204516334 2166 1790680746.222 2|shos_mqtt_conn.c:465    MQTT0: pub ampere/q11dev/debug/log @ 0 (117) -> 0
13:19:12 ampere/q11dev/debug/log apq11dev-543204516334 2167 1790680746.226 2|shos_mqtt_conn.c:465    MQTT0: pub ampere/q11dev/debug/log @ 0 (117) -> 0
13:19:12 ampere/q11dev/debug/log apq11dev-543204516334 2168 1790680746.230 2|shos_mqtt_conn.c:465    MQTT0: pub ampere/q11dev/debug/log @ 0 (117) -> 0
13:19:12 ampere/q11dev/debug/log apq11dev-543204516334 2169 1790680746.279 2|shos_mqtt_conn.c:465    MQTT0: pub ampere/q11dev/debug/log @ 0 (117) -> 0
13:19:12 ampere/q11dev/debug/log apq11dev-543204516334 2170 1790680746.283 2|shos_mqtt_conn.c:465    MQTT0: pub ampere/q11dev/debug/log @ 0 (117) -> 0
13:19:12 ampere/q11dev/debug/log apq11dev-543204516334 2171 1790680746.287 2|shos_mqtt_conn.c:465    MQTT0: pub ampere/q11dev/debug/log @ 0 (117) -> 0
13:19:12 ampere/q11dev/debug/log apq11dev-543204516334 2172 1790680746.291 2|shos_mqtt_conn.c:465    MQTT0: pub ampere/q11dev/debug/log @ 0 (117) -> 0
13:19:12 ampere/q11dev/debug/log apq11dev-543204516334 2173 1790680746.351 2|shos_mqtt_conn.c:465    MQTT0: pub ampere/q11dev/debug/log @ 0 (117) -> 0
13:19:12 ampere/q11dev/debug/log apq11dev-543204516334 2174 1790680746.355 2|shos_mqtt_conn.c:465    MQTT0: pub ampere/q11dev/debug/log @ 0 (117) -> 0
13:19:12 ampere/q11dev/debug/log apq11dev-543204516334 2175 1790680746.360 2|shos_mqtt_conn.c:465    MQTT0: pub ampere/q11dev/debug/log @ 0 (117) -> 0
13:19:12 ampere/q11dev/debug/log apq11dev-543204516334 2176 1790680746.364 2|shos_mqtt_conn.c:465    MQTT0: pub ampere/q11dev/debug/log @ 0 (117) -> 0
13:19:13 ampere/q11dev/debug/log apq11dev-543204516334 2177 1790680746.413 2|shos_mqtt_conn.c:465    MQTT0: pub ampere/q11dev/debug/log @ 0 (117) -> 0
13:19:13 ampere/q11dev/debug/log apq11dev-543204516334 2178 1790680746.417 2|shos_mqtt_conn.c:465    MQTT0: pub ampere/q11dev/debug/log @ 0 (117) -> 0
13:19:13 ampere/q11dev/debug/log apq11dev-543204516334 2179 1790680746.421 2|shos_mqtt_conn.c:465    MQTT0: pub ampere/q11dev/debug/log @ 0 (117) -> 0
13:19:13 ampere/q11dev/debug/log apq11dev-543204516334 2180 1790680746.426 2|shos_mqtt_conn.c:465    MQTT0: pub ampere/q11dev/debug/log @ 0 (117) -> 0
13:19:13 ampere/q11dev/debug/log apq11dev-543204516334 2181 1790680746.473 2|shos_mqtt_conn.c:465    MQTT0: pub ampere/q11dev/debug/log @ 0 (117) -> 0
13:19:13 ampere/q11dev/debug/log apq11dev-543204516334 2182 1790680746.477 2|shos_mqtt_conn.c:465    MQTT0: pub ampere/q11dev/debug/log @ 0 (117) -> 0
13:19:13 ampere/q11dev/debug/log apq11dev-543204516334 2183 1790680746.482 2|shos_mqtt_conn.c:465    MQTT0: pub ampere/q11dev/debug/log @ 0 (117) -> 0
13:19:13 ampere/q11dev/debug/log apq11dev-543204516334 2184 1790680746.486 2|shos_mqtt_conn.c:465    MQTT0: pub ampere/q11dev/debug/log @ 0 (117) -> 0
13:19:13 ampere/q11dev/debug/log apq11dev-543204516334 2185 1790680746.536 2|shos_mqtt_conn.c:465    MQTT0: pub ampere/q11dev/debug/log @ 0 (117) -> 0
13:19:13 ampere/q11dev/debug/log apq11dev-543204516334 2186 1790680746.541 2|shos_mqtt_conn.c:465    MQTT0: pub ampere/q11dev/debug/log @ 0 (117) -> 0
13:19:13 ampere/q11dev/debug/log apq11dev-543204516334 2187 1790680746.545 2|shos_mqtt_conn.c:465    MQTT0: pub ampere/q11dev/debug/log @ 0 (117) -> 0
13:19:13 ampere/q11dev/debug/log apq11dev-543204516334 2188 1790680746.549 2|shos_mqtt_conn.c:465    MQTT0: pub ampere/q11dev/debug/log @ 0 (117) -> 0
13:19:13 ampere/q11dev/debug/log apq11dev-543204516334 2189 1790680746.598 2|shos_mqtt_conn.c:465    MQTT0: pub ampere/q11dev/debug/log @ 0 (117) -> 0
13:19:13 ampere/q11dev/debug/log apq11dev-543204516334 2190 1790680746.602 2|shos_mqtt_conn.c:465    MQTT0: pub ampere/q11dev/debug/log @ 0 (117) -> 0
13:19:13 ampere/q11dev/debug/log apq11dev-543204516334 2191 1790680746.607 2|shos_mqtt_conn.c:465    MQTT0: pub ampere/q11dev/debug/log @ 0 (117) -> 0
13:19:13 ampere/q11dev/debug/log apq11dev-543204516334 2192 1790680746.611 2|shos_mqtt_conn.c:465    MQTT0: pub ampere/q11dev/debug/log @ 0 (117) -> 0
13:19:13 ampere/q11dev/debug/log apq11dev-543204516334 2193 1790680746.659 2|shos_mqtt_conn.c:465    MQTT0: pub ampere/q11dev/debug/log @ 0 (117) -> 0
13:19:13 ampere/q11dev/debug/log apq11dev-543204516334 2194 1790680746.664 2|shos_mqtt_conn.c:465    MQTT0: pub ampere/q11dev/debug/log @ 0 (117) -> 0
13:19:13 ampere/q11dev/debug/log apq11dev-543204516334 2195 1790680746.669 2|shos_mqtt_conn.c:465    MQTT0: pub ampere/q11dev/debug/log @ 0 (117) -> 0
13:19:13 ampere/q11dev/debug/log apq11dev-543204516334 2196 1790680746.673 2|shos_mqtt_conn.c:465    MQTT0: pub ampere/q11dev/debug/log @ 0 (117) -> 0
13:19:13 ampere/q11dev/debug/log apq11dev-543204516334 2197 1790680746.782 2|shos_mqtt_conn.c:465    MQTT0: pub ampere/q11dev/debug/log @ 0 (117) -> 0
13:19:13 ampere/q11dev/debug/log apq11dev-543204516334 2198 1790680746.786 2|shos_mqtt_conn.c:465    MQTT0: pub ampere/q11dev/debug/log @ 0 (117) -> 0
13:19:13 ampere/q11dev/debug/log apq11dev-543204516334 2199 1790680746.790 2|esp32xx_wifi_if.cpp:234 PK check: link 1 gw 1 UC 1094 MC 124 ctr 16/105 ping 0 num_act 0
13:19:13 ampere/q11dev/debug/log apq11dev-543204516334 2200 1790680746.794 2|hos_lwip_eth_if.cpp:513 ws(0x3fcde634): Status: server 0 oper_up 1 link_up 1/1 hf 84860
13:19:13 ampere/q11dev/debug/log apq11dev-543204516334 2201 1790680746.880 2|shos_mqtt_conn.c:465    MQTT0: pub ampere/q11dev/debug/log @ 0 (117) -> 0
13:19:13 ampere/q11dev/debug/log apq11dev-543204516334 2202 1790680746.884 2|shos_mqtt_conn.c:465    MQTT0: pub ampere/q11dev/debug/log @ 0 (117) -> 0
13:19:13 ampere/q11dev/debug/log apq11dev-543204516334 2203 1790680746.888 2|shos_mqtt_conn.c:465    MQTT0: pub ampere/q11dev/debug/log @ 0 (117) -> 0
13:19:13 ampere/q11dev/debug/log apq11dev-543204516334 2204 1790680746.893 2|shos_mqtt_conn.c:465    MQTT0: pub ampere/q11dev/debug/log @ 0 (117) -> 0
13:19:13 ampere/q11dev/debug/log apq11dev-543204516334 2205 1790680746.950 2|shos_mqtt_conn.c:465    MQTT0: pub ampere/q11dev/debug/log @ 0 (117) -> 0
13:19:13 ampere/q11dev/debug/log apq11dev-543204516334 2206 1790680746.955 2|shos_mqtt_conn.c:465    MQTT0: pub ampere/q11dev/debug/log @ 0 (117) -> 0
13:19:13 ampere/q11dev/debug/log apq11dev-543204516334 2207 1790680746.959 2|shos_mqtt_conn.c:465    MQTT0: pub ampere/q11dev/debug/log @ 0 (117) -> 0
13:19:13 ampere/q11dev/debug/log apq11dev-543204516334 2208 1790680746.963 2|shos_mqtt_conn.c:465    MQTT0: pub ampere/q11dev/debug/log @ 0 (117) -> 0
13:19:13 ampere/q11dev/debug/log apq11dev-543204516334 2209 1790680747.017 2|shos_mqtt_conn.c:465    MQTT0: pub ampere/q11dev/debug/log @ 0 (117) -> 0
13:19:13 ampere/q11dev/debug/log apq11dev-543204516334 2210 1790680747.021 2|shos_mqtt_conn.c:465    MQTT0: pub ampere/q11dev/debug/log @ 0 (117) -> 0
13:19:13 ampere/q11dev/debug/log apq11dev-543204516334 2211 1790680747.025 2|shos_mqtt_conn.c:465    MQTT0: pub ampere/q11dev/debug/log @ 0 (117) -> 0
13:19:14 ampere/q11dev/debug/log apq11dev-543204516334 2212 1790680747.030 2|shos_mqtt_conn.c:465    MQTT0: pub ampere/q11dev/debug/log @ 0 (117) -> 0
13:19:14 ampere/q11dev/debug/log apq11dev-543204516334 2213 1790680747.079 2|shos_mqtt_conn.c:465    MQTT0: pub ampere/q11dev/debug/log @ 0 (132) -> 0
13:19:14 ampere/q11dev/debug/log apq11dev-543204516334 2214 1790680747.083 2|shos_mqtt_conn.c:465    MQTT0: pub ampere/q11dev/debug/log @ 0 (131) -> 0
13:19:14 ampere/q11dev/debug/log apq11dev-543204516334 2215 1790680747.088 2|shos_mqtt_conn.c:465    MQTT0: pub ampere/q11dev/debug/log @ 0 (117) -> 0
13:19:14 ampere/q11dev/debug/log apq11dev-543204516334 2216 1790680747.092 2|shos_mqtt_conn.c:465    MQTT0: pub ampere/q11dev/debug/log @ 0 (117) -> 0
13:19:14 ampere/q11dev/debug/log apq11dev-543204516334 2217 1790680747.173 2|shos_mqtt_conn.c:465    MQTT0: pub ampere/q11dev/debug/log @ 0 (117) -> 0
13:19:14 ampere/q11dev/debug/log apq11dev-543204516334 2218 1790680747.177 2|shos_mqtt_conn.c:465    MQTT0: pub ampere/q11dev/debug/log @ 0 (117) -> 0
13:19:14 ampere/q11dev/debug/log apq11dev-543204516334 2219 1790680747.181 2|shos_mqtt_conn.c:465    MQTT0: pub ampere/q11dev/debug/log @ 0 (117) -> 0
13:19:14 ampere/q11dev/debug/log apq11dev-543204516334 2220 1790680747.186 2|shos_mqtt_conn.c:465    MQTT0: pub ampere/q11dev/debug/log @ 0 (117) -> 0
13:19:14 ampere/q11dev/debug/log apq11dev-543204516334 2221 1790680747.239 2|shos_mqtt_conn.c:465    MQTT0: pub ampere/q11dev/debug/log @ 0 (117) -> 0
13:19:14 ampere/q11dev/debug/log apq11dev-543204516334 2222 1790680747.243 2|shos_mqtt_conn.c:465    MQTT0: pub ampere/q11dev/debug/log @ 0 (117) -> 0
13:19:14 ampere/q11dev/debug/log apq11dev-543204516334 2223 1790680747.248 2|shos_mqtt_conn.c:465    MQTT0: pub ampere/q11dev/debug/log @ 0 (117) -> 0
13:19:14 ampere/q11dev/debug/log apq11dev-543204516334 2224 1790680747.253 2|shos_mqtt_conn.c:465    MQTT0: pub ampere/q11dev/debug/log @ 0 (117) -> 0
13:19:14 ampere/q11dev/debug/log apq11dev-543204516334 2225 1790680747.310 2|shos_mqtt_conn.c:465    MQTT0: pub ampere/q11dev/debug/log @ 0 (117) -> 0
13:19:14 ampere/q11dev/debug/log apq11dev-543204516334 2226 1790680747.314 2|shos_mqtt_conn.c:465    MQTT0: pub ampere/q11dev/debug/log @ 0 (117) -> 0
13:19:14 ampere/q11dev/debug/log apq11dev-543204516334 2227 1790680747.318 2|shos_mqtt_conn.c:465    MQTT0: pub ampere/q11dev/debug/log @ 0 (117) -> 0
13:19:14 ampere/q11dev/debug/log apq11dev-543204516334 2228 1790680747.323 2|shos_mqtt_conn.c:465    MQTT0: pub ampere/q11dev/debug/log @ 0 (117) -> 0
13:19:14 ampere/q11dev/debug/log apq11dev-543204516334 2229 1790680747.371 2|shos_mqtt_conn.c:465    MQTT0: pub ampere/q11dev/debug/log @ 0 (117) -> 0
13:19:14 ampere/q11dev/debug/log apq11dev-543204516334 2230 1790680747.375 2|shos_mqtt_conn.c:465    MQTT0: pub ampere/q11dev/debug/log @ 0 (117) -> 0
13:19:14 ampere/q11dev/debug/log apq11dev-543204516334 2231 1790680747.379 2|shos_mqtt_conn.c:465    MQTT0: pub ampere/q11dev/debug/log @ 0 (117) -> 0
13:19:14 ampere/q11dev/debug/log apq11dev-543204516334 2232 1790680747.384 2|shos_mqtt_conn.c:465    MQTT0: pub ampere/q11dev/debug/log @ 0 (117) -> 0
13:19:14 ampere/q11dev/debug/log apq11dev-543204516334 2233 1790680747.443 2|shos_mqtt_conn.c:465    MQTT0: pub ampere/q11dev/debug/log @ 0 (117) -> 0
13:19:14 ampere/q11dev/debug/log apq11dev-543204516334 2234 1790680747.448 2|shos_mqtt_conn.c:465    MQTT0: pub ampere/q11dev/debug/log @ 0 (117) -> 0
13:19:14 ampere/q11dev/debug/log apq11dev-543204516334 2235 1790680747.452 2|shos_mqtt_conn.c:465    MQTT0: pub ampere/q11dev/debug/log @ 0 (117) -> 0
13:19:14 ampere/q11dev/debug/log apq11dev-543204516334 2236 1790680747.456 2|shos_mqtt_conn.c:465    MQTT0: pub ampere/q11dev/debug/log @ 0 (117) -> 0
13:19:14 ampere/q11dev/debug/log apq11dev-543204516334 2237 1790680747.513 2|shos_mqtt_conn.c:465    MQTT0: pub ampere/q11dev/debug/log @ 0 (117) -> 0
13:19:14 ampere/q11dev/debug/log apq11dev-543204516334 2238 1790680747.517 2|shos_mqtt_conn.c:465    MQTT0: pub ampere/q11dev/debug/log @ 0 (117) -> 0
13:19:14 ampere/q11dev/debug/log apq11dev-543204516334 2239 1790680747.521 2|shos_mqtt_conn.c:465    MQTT0: pub ampere/q11dev/debug/log @ 0 (117) -> 0
13:19:14 ampere/q11dev/debug/log apq11dev-543204516334 2240 1790680747.525 2|shos_mqtt_conn.c:465    MQTT0: pub ampere/q11dev/debug/log @ 0 (117) -> 0
13:19:14 ampere/q11dev/debug/log apq11dev-543204516334 2241 1790680747.576 2|shos_mqtt_conn.c:465    MQTT0: pub ampere/q11dev/debug/log @ 0 (117) -> 0
13:19:14 ampere/q11dev/debug/log apq11dev-543204516334 2242 1790680747.580 2|shos_mqtt_conn.c:465    MQTT0: pub ampere/q11dev/debug/log @ 0 (117) -> 0
13:19:14 ampere/q11dev/debug/log apq11dev-543204516334 2243 1790680747.584 2|shos_mqtt_conn.c:465    MQTT0: pub ampere/q11dev/debug/log @ 0 (117) -> 0
13:19:14 ampere/q11dev/debug/log apq11dev-543204516334 2244 1790680747.589 2|shos_mqtt_conn.c:465    MQTT0: pub ampere/q11dev/debug/log @ 0 (117) -> 0
13:19:14 ampere/q11dev/debug/log apq11dev-543204516334 2245 1790680747.649 2|shos_mqtt_conn.c:465    MQTT0: pub ampere/q11dev/debug/log @ 0 (117) -> 0
13:19:14 ampere/q11dev/debug/log apq11dev-543204516334 2246 1790680747.653 2|shos_mqtt_conn.c:465    MQTT0: pub ampere/q11dev/debug/log @ 0 (117) -> 0
13:19:15 ampere/q11dev/debug/log apq11dev-543204516334 2247 1790680747.658 2|shos_mqtt_conn.c:465    MQTT0: pub ampere/q11dev/debug/log @ 0 (117) -> 0
13:19:15 ampere/q11dev/debug/log apq11dev-543204516334 2248 1790680747.663 2|shos_mqtt_conn.c:465    MQTT0: pub ampere/q11dev/debug/log @ 0 (117) -> 0
13:19:15 ampere/q11dev/debug/log apq11dev-543204516334 2249 1790680747.724 2|shos_mqtt_conn.c:465    MQTT0: pub ampere/q11dev/debug/log @ 0 (117) -> 0
13:19:15 ampere/q11dev/debug/log apq11dev-543204516334 2250 1790680747.728 2|shos_mqtt_conn.c:465    MQTT0: pub ampere/q11dev/debug/log @ 0 (117) -> 0
13:19:15 ampere/q11dev/debug/log apq11dev-543204516334 2251 1790680747.732 2|shos_mqtt_conn.c:465    MQTT0: pub ampere/q11dev/debug/log @ 0 (117) -> 0
13:19:15 ampere/q11dev/debug/log apq11dev-543204516334 2252 1790680747.736 2|shos_mqtt_conn.c:465    MQTT0: pub ampere/q11dev/debug/log @ 0 (117) -> 0
13:19:15 ampere/q11dev/debug/log apq11dev-543204516334 2253 1790680747.807 2|shos_mqtt_conn.c:465    MQTT0: pub ampere/q11dev/debug/log @ 0 (117) -> 0
13:19:15 ampere/q11dev/debug/log apq11dev-543204516334 2254 1790680747.812 2|shos_mqtt_conn.c:465    MQTT0: pub ampere/q11dev/debug/log @ 0 (117) -> 0
13:19:15 ampere/q11dev/debug/log apq11dev-543204516334 2255 1790680747.817 2|shos_mqtt_conn.c:465    MQTT0: pub ampere/q11dev/debug/log @ 0 (117) -> 0
13:19:15 ampere/q11dev/debug/log apq11dev-543204516334 2256 1790680747.821 2|shos_mqtt_conn.c:465    MQTT0: pub ampere/q11dev/debug/log @ 0 (117) -> 0
13:19:15 ampere/q11dev/debug/log apq11dev-543204516334 2257 1790680747.897 2|shos_mqtt_conn.c:465    MQTT0: pub ampere/q11dev/debug/log @ 0 (117) -> 0
13:19:15 ampere/q11dev/debug/log apq11dev-543204516334 2258 1790680747.901 2|shos_mqtt_conn.c:465    MQTT0: pub ampere/q11dev/debug/log @ 0 (117) -> 0
13:19:15 ampere/q11dev/debug/log apq11dev-543204516334 2259 1790680747.905 2|shos_mqtt_conn.c:465    MQTT0: pub ampere/q11dev/debug/log @ 0 (117) -> 0
13:19:15 ampere/q11dev/debug/log apq11dev-543204516334 2260 1790680747.910 2|shos_mqtt_conn.c:465    MQTT0: pub ampere/q11dev/debug/log @ 0 (117) -> 0
13:19:15 ampere/q11dev/debug/log apq11dev-543204516334 2261 1790680747.961 2|shos_mqtt_conn.c:465    MQTT0: pub ampere/q11dev/debug/log @ 0 (117) -> 0
13:19:15 ampere/q11dev/debug/log apq11dev-543204516334 2262 1790680747.966 2|shos_mqtt_conn.c:465    MQTT0: pub ampere/q11dev/debug/log @ 0 (117) -> 0
13:19:15 ampere/q11dev/debug/log apq11dev-543204516334 2263 1790680747.971 2|shos_mqtt_conn.c:465    MQTT0: pub ampere/q11dev/debug/log @ 0 (117) -> 0
13:19:15 ampere/q11dev/debug/log apq11dev-543204516334 2264 1790680747.976 2|shos_mqtt_conn.c:465    MQTT0: pub ampere/q11dev/debug/log @ 0 (117) -> 0
13:19:15 ampere/q11dev/debug/log apq11dev-543204516334 2265 1790680748.023 2|shos_mqtt_conn.c:465    MQTT0: pub ampere/q11dev/debug/log @ 0 (117) -> 0
13:19:15 ampere/q11dev/debug/log apq11dev-543204516334 2266 1790680748.028 2|shos_mqtt_conn.c:465    MQTT0: pub ampere/q11dev/debug/log @ 0 (117) -> 0
13:19:15 ampere/q11dev/debug/log apq11dev-543204516334 2267 1790680748.032 2|shos_mqtt_conn.c:465    MQTT0: pub ampere/q11dev/debug/log @ 0 (117) -> 0
13:19:15 ampere/q11dev/debug/log apq11dev-543204516334 2268 1790680748.036 2|shos_mqtt_conn.c:465    MQTT0: pub ampere/q11dev/debug/log @ 0 (117) -> 0
13:19:15 ampere/q11dev/debug/log apq11dev-543204516334 2269 1790680748.084 2|shos_mqtt_conn.c:465    MQTT0: pub ampere/q11dev/debug/log @ 0 (117) -> 0
13:19:15 ampere/q11dev/debug/log apq11dev-543204516334 2270 1790680748.088 2|shos_mqtt_conn.c:465    MQTT0: pub ampere/q11dev/debug/log @ 0 (117) -> 0
13:19:15 ampere/q11dev/debug/log apq11dev-543204516334 2271 1790680748.092 2|shos_mqtt_conn.c:465    MQTT0: pub ampere/q11dev/debug/log @ 0 (117) -> 0
13:19:15 ampere/q11dev/debug/log apq11dev-543204516334 2272 1790680748.096 2|shos_mqtt_conn.c:465    MQTT0: pub ampere/q11dev/debug/log @ 0 (117) -> 0
13:19:15 ampere/q11dev/debug/log apq11dev-543204516334 2273 1790680748.176 2|shos_mqtt_conn.c:465    MQTT0: pub ampere/q11dev/debug/log @ 0 (117) -> 0
13:19:15 ampere/q11dev/debug/log apq11dev-543204516334 2274 1790680748.180 2|shos_mqtt_conn.c:465    MQTT0: pub ampere/q11dev/debug/log @ 0 (117) -> 0
13:19:15 ampere/q11dev/debug/log apq11dev-543204516334 2275 1790680748.184 2|shos_mqtt_conn.c:465    MQTT0: pub ampere/q11dev/debug/log @ 0 (117) -> 0
13:19:15 ampere/q11dev/debug/log apq11dev-543204516334 2276 1790680748.188 2|shos_mqtt_conn.c:465    MQTT0: pub ampere/q11dev/debug/log @ 0 (117) -> 0
13:19:15 ampere/q11dev/debug/log apq11dev-543204516334 2277 1790680748.261 2|shos_mqtt_conn.c:465    MQTT0: pub ampere/q11dev/debug/log @ 0 (117) -> 0
13:19:15 ampere/q11dev/debug/log apq11dev-543204516334 2278 1790680748.266 2|shos_mqtt_conn.c:465    MQTT0: pub ampere/q11dev/debug/log @ 0 (117) -> 0
13:19:15 ampere/q11dev/debug/log apq11dev-543204516334 2279 1790680748.270 2|shos_mqtt_conn.c:465    MQTT0: pub ampere/q11dev/debug/log @ 0 (117) -> 0
13:19:15 ampere/q11dev/debug/log apq11dev-543204516334 2280 1790680748.275 2|shos_mqtt_conn.c:465    MQTT0: pub ampere/q11dev/debug/log @ 0 (117) -> 0
13:19:15 ampere/q11dev/debug/log apq11dev-543204516334 2281 1790680748.328 2|shos_mqtt_conn.c:465    MQTT0: pub ampere/q11dev/debug/log @ 0 (117) -> 0
13:19:15 ampere/q11dev/debug/log apq11dev-543204516334 2282 1790680748.332 2|shos_mqtt_conn.c:465    MQTT0: pub ampere/q11dev/debug/log @ 0 (117) -> 0
13:19:16 ampere/q11dev/debug/log apq11dev-543204516334 2283 1790680748.336 2|shos_mqtt_conn.c:465    MQTT0: pub ampere/q11dev/debug/log @ 0 (117) -> 0
13:19:16 ampere/q11dev/debug/log apq11dev-543204516334 2284 1790680748.340 2|shos_mqtt_conn.c:465    MQTT0: pub ampere/q11dev/debug/log @ 0 (117) -> 0
13:19:16 ampere/q11dev/debug/log apq11dev-543204516334 2285 1790680748.389 2|shos_mqtt_conn.c:465    MQTT0: pub ampere/q11dev/debug/log @ 0 (117) -> 0
13:19:16 ampere/q11dev/debug/log apq11dev-543204516334 2286 1790680748.393 2|shos_mqtt_conn.c:465    MQTT0: pub ampere/q11dev/debug/log @ 0 (117) -> 0
13:19:16 ampere/q11dev/debug/log apq11dev-543204516334 2287 1790680748.397 2|shos_mqtt_conn.c:465    MQTT0: pub ampere/q11dev/debug/log @ 0 (117) -> 0
13:19:16 ampere/q11dev/debug/log apq11dev-543204516334 2288 1790680748.401 2|shos_mqtt_conn.c:465    MQTT0: pub ampere/q11dev/debug/log @ 0 (117) -> 0
13:19:16 ampere/q11dev/debug/log apq11dev-543204516334 2289 1790680748.449 2|shos_mqtt_conn.c:465    MQTT0: pub ampere/q11dev/debug/log @ 0 (117) -> 0
13:19:16 ampere/q11dev/debug/log apq11dev-543204516334 2290 1790680748.454 2|shos_mqtt_conn.c:465    MQTT0: pub ampere/q11dev/debug/log @ 0 (117) -> 0
13:19:16 ampere/q11dev/debug/log apq11dev-543204516334 2291 1790680748.458 2|shos_mqtt_conn.c:465    MQTT0: pub ampere/q11dev/debug/log @ 0 (117) -> 0
13:19:16 ampere/q11dev/debug/log apq11dev-543204516334 2292 1790680748.462 2|shos_mqtt_conn.c:465    MQTT0: pub ampere/q11dev/debug/log @ 0 (117) -> 0
13:19:16 ampere/q11dev/debug/log apq11dev-543204516334 2293 1790680748.533 2|shos_mqtt_conn.c:465    MQTT0: pub ampere/q11dev/debug/log @ 0 (117) -> 0
13:19:16 ampere/q11dev/debug/log apq11dev-543204516334 2294 1790680748.538 2|shos_mqtt_conn.c:465    MQTT0: pub ampere/q11dev/debug/log @ 0 (117) -> 0
13:19:16 ampere/q11dev/debug/log apq11dev-543204516334 2295 1790680748.542 2|shos_mqtt_conn.c:465    MQTT0: pub ampere/q11dev/debug/log @ 0 (117) -> 0
13:19:16 ampere/q11dev/debug/log apq11dev-543204516334 2296 1790680748.546 2|shos_mqtt_conn.c:465    MQTT0: pub ampere/q11dev/debug/log @ 0 (117) -> 0
13:19:16 ampere/q11dev/debug/log apq11dev-543204516334 2297 1790680748.611 2|shos_mqtt_conn.c:465    MQTT0: pub ampere/q11dev/debug/log @ 0 (117) -> 0
13:19:16 ampere/q11dev/debug/log apq11dev-543204516334 2298 1790680748.615 2|shos_mqtt_conn.c:465    MQTT0: pub ampere/q11dev/debug/log @ 0 (117) -> 0
13:19:16 ampere/q11dev/debug/log apq11dev-543204516334 2299 1790680748.619 2|shos_mqtt_conn.c:465    MQTT0: pub ampere/q11dev/debug/log @ 0 (117) -> 0
13:19:16 ampere/q11dev/debug/log apq11dev-543204516334 2300 1790680748.623 2|shos_mqtt_conn.c:465    MQTT0: pub ampere/q11dev/debug/log @ 0 (117) -> 0
13:19:16 ampere/q11dev/debug/log apq11dev-543204516334 2301 1790680748.704 2|shos_mqtt_conn.c:465    MQTT0: pub ampere/q11dev/debug/log @ 0 (117) -> 0
13:19:16 ampere/q11dev/debug/log apq11dev-543204516334 2302 1790680748.708 2|shos_mqtt_conn.c:465    MQTT0: pub ampere/q11dev/debug/log @ 0 (117) -> 0
13:19:16 ampere/q11dev/debug/log apq11dev-543204516334 2303 1790680748.712 2|shos_mqtt_conn.c:465    MQTT0: pub ampere/q11dev/debug/log @ 0 (117) -> 0
13:19:16 ampere/q11dev/debug/log apq11dev-543204516334 2304 1790680748.717 2|shos_mqtt_conn.c:465    MQTT0: pub ampere/q11dev/debug/log @ 0 (117) -> 0
13:19:16 ampere/q11dev/debug/log apq11dev-543204516334 2305 1790680748.797 2|shos_mqtt_conn.c:465    MQTT0: pub ampere/q11dev/debug/log @ 0 (117) -> 0
13:19:16 ampere/q11dev/debug/log apq11dev-543204516334 2306 1790680748.802 2|shos_mqtt_conn.c:465    MQTT0: pub ampere/q11dev/debug/log @ 0 (117) -> 0
13:19:16 ampere/q11dev/debug/log apq11dev-543204516334 2307 1790680748.806 2|shos_mqtt_conn.c:465    MQTT0: pub ampere/q11dev/debug/log @ 0 (117) -> 0
13:19:16 ampere/q11dev/debug/log apq11dev-543204516334 2308 1790680748.810 2|esp32xx_wifi_if.cpp:234 PK check: link 1 gw 1 UC 1150 MC 130 ctr 16/105 ping 0 num_act 0
13:19:16 ampere/q11dev/debug/log apq11dev-543204516334 2309 1790680748.888 2|shos_mqtt_conn.c:465    MQTT0: pub ampere/q11dev/debug/log @ 0 (117) -> 0
13:19:16 ampere/q11dev/debug/log apq11dev-543204516334 2310 1790680748.892 2|shos_mqtt_conn.c:465    MQTT0: pub ampere/q11dev/debug/log @ 0 (117) -> 0
13:19:16 ampere/q11dev/debug/log apq11dev-543204516334 2311 1790680748.896 2|shos_mqtt_conn.c:465    MQTT0: pub ampere/q11dev/debug/log @ 0 (117) -> 0
13:19:16 ampere/q11dev/debug/log apq11dev-543204516334 2312 1790680748.901 2|shos_mqtt_conn.c:465    MQTT0: pub ampere/q11dev/debug/log @ 0 (117) -> 0
13:19:16 ampere/q11dev/debug/log apq11dev-543204516334 2313 1790680748.954 2|shos_mqtt_conn.c:465    MQTT0: pub ampere/q11dev/debug/log @ 0 (117) -> 0
13:19:16 ampere/q11dev/debug/log apq11dev-543204516334 2314 1790680748.958 2|shos_mqtt_conn.c:465    MQTT0: pub ampere/q11dev/debug/log @ 0 (117) -> 0
13:19:16 ampere/q11dev/debug/log apq11dev-543204516334 2315 1790680748.962 2|shos_mqtt_conn.c:465    MQTT0: pub ampere/q11dev/debug/log @ 0 (117) -> 0
13:19:16 ampere/q11dev/debug/log apq11dev-543204516334 2316 1790680748.966 2|shos_mqtt_conn.c:465    MQTT0: pub ampere/q11dev/debug/log @ 0 (117) -> 0
13:19:16 ampere/q11dev/debug/log apq11dev-543204516334 2317 1790680749.038 2|shos_mqtt_conn.c:465    MQTT0: pub ampere/q11dev/debug/log @ 0 (117) -> 0
13:19:16 ampere/q11dev/debug/log apq11dev-543204516334 2318 1790680749.042 2|shos_mqtt_conn.c:465    MQTT0: pub ampere/q11dev/debug/log @ 0 (117) -> 0
13:19:17 ampere/q11dev/debug/log apq11dev-543204516334 2319 1790680749.046 2|shos_mqtt_conn.c:465    MQTT0: pub ampere/q11dev/debug/log @ 0 (117) -> 0
13:19:17 ampere/q11dev/debug/log apq11dev-543204516334 2320 1790680749.050 2|shos_mqtt_conn.c:465    MQTT0: pub ampere/q11dev/debug/log @ 0 (117) -> 0
13:19:17 ampere/q11dev/debug/log apq11dev-543204516334 2321 1790680749.119 2|shos_mqtt_conn.c:465    MQTT0: pub ampere/q11dev/debug/log @ 0 (117) -> 0
13:19:17 ampere/q11dev/debug/log apq11dev-543204516334 2322 1790680749.123 2|shos_mqtt_conn.c:465    MQTT0: pub ampere/q11dev/debug/log @ 0 (132) -> 0
13:19:17 ampere/q11dev/debug/log apq11dev-543204516334 2323 1790680749.127 2|shos_mqtt_conn.c:465    MQTT0: pub ampere/q11dev/debug/log @ 0 (117) -> 0
13:19:17 ampere/q11dev/debug/log apq11dev-543204516334 2324 1790680749.131 2|shos_mqtt_conn.c:465    MQTT0: pub ampere/q11dev/debug/log @ 0 (117) -> 0
13:19:17 ampere/q11dev/debug/log apq11dev-543204516334 2325 1790680749.183 2|shos_mqtt_conn.c:465    MQTT0: pub ampere/q11dev/debug/log @ 0 (117) -> 0
13:19:17 ampere/q11dev/debug/log apq11dev-543204516334 2326 1790680749.187 2|shos_mqtt_conn.c:465    MQTT0: pub ampere/q11dev/debug/log @ 0 (117) -> 0
13:19:17 ampere/q11dev/debug/log apq11dev-543204516334 2327 1790680749.191 2|shos_mqtt_conn.c:465    MQTT0: pub ampere/q11dev/debug/log @ 0 (117) -> 0
13:19:17 ampere/q11dev/debug/log apq11dev-543204516334 2328 1790680749.196 2|shos_mqtt_conn.c:465    MQTT0: pub ampere/q11dev/debug/log @ 0 (117) -> 0
13:19:17 ampere/q11dev/debug/log apq11dev-543204516334 2329 1790680749.256 2|shos_mqtt_conn.c:465    MQTT0: pub ampere/q11dev/debug/log @ 0 (117) -> 0
13:19:17 ampere/q11dev/debug/log apq11dev-543204516334 2330 1790680749.260 2|shos_mqtt_conn.c:465    MQTT0: pub ampere/q11dev/debug/log @ 0 (117) -> 0
13:19:17 ampere/q11dev/debug/log apq11dev-543204516334 2331 1790680749.264 2|shos_mqtt_conn.c:465    MQTT0: pub ampere/q11dev/debug/log @ 0 (117) -> 0
13:19:17 ampere/q11dev/debug/log apq11dev-543204516334 2332 1790680749.268 2|shos_mqtt_conn.c:465    MQTT0: pub ampere/q11dev/debug/log @ 0 (117) -> 0
13:19:17 ampere/q11dev/debug/log apq11dev-543204516334 2333 1790680749.329 2|shos_mqtt_conn.c:465    MQTT0: pub ampere/q11dev/debug/log @ 0 (117) -> 0
13:19:17 ampere/q11dev/debug/log apq11dev-543204516334 2334 1790680749.333 2|shos_mqtt_conn.c:465    MQTT0: pub ampere/q11dev/debug/log @ 0 (117) -> 0
13:19:17 ampere/q11dev/debug/log apq11dev-543204516334 2335 1790680749.337 2|shos_mqtt_conn.c:465    MQTT0: pub ampere/q11dev/debug/log @ 0 (117) -> 0
13:19:17 ampere/q11dev/debug/log apq11dev-543204516334 2336 1790680749.341 2|shos_mqtt_conn.c:465    MQTT0: pub ampere/q11dev/debug/log @ 0 (117) -> 0
13:19:17 ampere/q11dev/debug/log apq11dev-543204516334 2337 1790680749.390 2|shos_mqtt_conn.c:465    MQTT0: pub ampere/q11dev/debug/log @ 0 (117) -> 0
13:19:17 ampere/q11dev/debug/log apq11dev-543204516334 2338 1790680749.394 2|shos_mqtt_conn.c:465    MQTT0: pub ampere/q11dev/debug/log @ 0 (117) -> 0
13:19:17 ampere/q11dev/debug/log apq11dev-543204516334 2339 1790680749.398 2|shos_mqtt_conn.c:465    MQTT0: pub ampere/q11dev/debug/log @ 0 (117) -> 0
13:19:17 ampere/q11dev/debug/log apq11dev-543204516334 2340 1790680749.402 2|shos_mqtt_conn.c:465    MQTT0: pub ampere/q11dev/debug/log @ 0 (117) -> 0
13:19:17 ampere/q11dev/debug/log apq11dev-543204516334 2341 1790680749.451 2|shos_mqtt_conn.c:465    MQTT0: pub ampere/q11dev/debug/log @ 0 (117) -> 0
13:19:17 ampere/q11dev/debug/log apq11dev-543204516334 2342 1790680749.455 2|shos_mqtt_conn.c:465    MQTT0: pub ampere/q11dev/debug/log @ 0 (117) -> 0
13:19:17 ampere/q11dev/debug/log apq11dev-543204516334 2343 1790680749.459 2|shos_mqtt_conn.c:465    MQTT0: pub ampere/q11dev/debug/log @ 0 (117) -> 0
13:19:17 ampere/q11dev/debug/log apq11dev-543204516334 2344 1790680749.463 2|shos_mqtt_conn.c:465    MQTT0: pub ampere/q11dev/debug/log @ 0 (117) -> 0
13:19:17 ampere/q11dev/debug/log apq11dev-543204516334 2345 1790680749.511 2|shos_mqtt_conn.c:465    MQTT0: pub ampere/q11dev/debug/log @ 0 (117) -> 0
13:19:17 ampere/q11dev/debug/log apq11dev-543204516334 2346 1790680749.516 2|shos_mqtt_conn.c:465    MQTT0: pub ampere/q11dev/debug/log @ 0 (117) -> 0
13:19:17 ampere/q11dev/debug/log apq11dev-543204516334 2347 1790680749.520 2|shos_mqtt_conn.c:465    MQTT0: pub ampere/q11dev/debug/log @ 0 (117) -> 0
13:19:17 ampere/q11dev/debug/log apq11dev-543204516334 2348 1790680749.524 2|shos_mqtt_conn.c:465    MQTT0: pub ampere/q11dev/debug/log @ 0 (117) -> 0
13:19:17 ampere/q11dev/debug/log apq11dev-543204516334 2349 1790680749.573 2|shos_mqtt_conn.c:465    MQTT0: pub ampere/q11dev/debug/log @ 0 (117) -> 0
13:19:17 ampere/q11dev/debug/log apq11dev-543204516334 2350 1790680749.577 2|shos_mqtt_conn.c:465    MQTT0: pub ampere/q11dev/debug/log @ 0 (117) -> 0
13:19:17 ampere/q11dev/debug/log apq11dev-543204516334 2351 1790680749.582 2|shos_mqtt_conn.c:465    MQTT0: pub ampere/q11dev/debug/log @ 0 (117) -> 0
13:19:17 ampere/q11dev/debug/log apq11dev-543204516334 2352 1790680749.586 2|shos_mqtt_conn.c:465    MQTT0: pub ampere/q11dev/debug/log @ 0 (117) -> 0
13:19:17 ampere/q11dev/debug/log apq11dev-543204516334 2353 1790680749.634 2|shos_mqtt_conn.c:465    MQTT0: pub ampere/q11dev/debug/log @ 0 (117) -> 0
13:19:17 ampere/q11dev/debug/log apq11dev-543204516334 2354 1790680749.638 2|shos_mqtt_conn.c:465    MQTT0: pub ampere/q11dev/debug/log @ 0 (117) -> 0
13:19:18 ampere/q11dev/debug/log apq11dev-543204516334 2355 1790680749.642 2|shos_mqtt_conn.c:465    MQTT0: pub ampere/q11dev/debug/log @ 0 (117) -> 0
13:19:18 ampere/q11dev/debug/log apq11dev-543204516334 2356 1790680749.646 2|shos_mqtt_conn.c:465    MQTT0: pub ampere/q11dev/debug/log @ 0 (117) -> 0
13:19:18 ampere/q11dev/debug/log apq11dev-543204516334 2357 1790680749.695 2|shos_mqtt_conn.c:465    MQTT0: pub ampere/q11dev/debug/log @ 0 (117) -> 0
13:19:18 ampere/q11dev/debug/log apq11dev-543204516334 2358 1790680749.699 2|shos_mqtt_conn.c:465    MQTT0: pub ampere/q11dev/debug/log @ 0 (117) -> 0
13:19:18 ampere/q11dev/debug/log apq11dev-543204516334 2359 1790680749.703 2|shos_mqtt_conn.c:465    MQTT0: pub ampere/q11dev/debug/log @ 0 (117) -> 0
13:19:18 ampere/q11dev/debug/log apq11dev-543204516334 2360 1790680749.708 2|shos_mqtt_conn.c:465    MQTT0: pub ampere/q11dev/debug/log @ 0 (117) -> 0
13:19:18 ampere/q11dev/debug/log apq11dev-543204516334 2361 1790680749.756 2|shos_mqtt_conn.c:465    MQTT0: pub ampere/q11dev/debug/log @ 0 (117) -> 0
13:19:18 ampere/q11dev/debug/log apq11dev-543204516334 2362 1790680749.760 2|shos_mqtt_conn.c:465    MQTT0: pub ampere/q11dev/debug/log @ 0 (117) -> 0
13:19:18 ampere/q11dev/debug/log apq11dev-543204516334 2363 1790680749.765 2|shos_mqtt_conn.c:465    MQTT0: pub ampere/q11dev/debug/log @ 0 (117) -> 0
13:19:18 ampere/q11dev/debug/log apq11dev-543204516334 2364 1790680749.769 2|shos_mqtt_conn.c:465    MQTT0: pub ampere/q11dev/debug/log @ 0 (117) -> 0
13:19:18 ampere/q11dev/debug/log apq11dev-543204516334 2365 1790680749.817 2|shos_mqtt_conn.c:465    MQTT0: pub ampere/q11dev/debug/log @ 0 (117) -> 0
13:19:18 ampere/q11dev/debug/log apq11dev-543204516334 2366 1790680749.822 2|shos_mqtt_conn.c:465    MQTT0: pub ampere/q11dev/debug/log @ 0 (117) -> 0
13:19:18 ampere/q11dev/debug/log apq11dev-543204516334 2367 1790680749.826 2|shos_mqtt_conn.c:465    MQTT0: pub ampere/q11dev/debug/log @ 0 (117) -> 0
13:19:18 ampere/q11dev/debug/log apq11dev-543204516334 2368 1790680749.831 2|shos_mqtt_conn.c:465    MQTT0: pub ampere/q11dev/debug/log @ 0 (117) -> 0
13:19:18 ampere/q11dev/debug/log apq11dev-543204516334 2369 1790680749.879 2|shos_mqtt_conn.c:465    MQTT0: pub ampere/q11dev/debug/log @ 0 (117) -> 0
13:19:18 ampere/q11dev/debug/log apq11dev-543204516334 2370 1790680749.883 2|shos_mqtt_conn.c:465    MQTT0: pub ampere/q11dev/debug/log @ 0 (117) -> 0
13:19:18 ampere/q11dev/debug/log apq11dev-543204516334 2371 1790680749.888 2|shos_mqtt_conn.c:465    MQTT0: pub ampere/q11dev/debug/log @ 0 (117) -> 0
13:19:18 ampere/q11dev/debug/log apq11dev-543204516334 2372 1790680749.892 2|shos_mqtt_conn.c:465    MQTT0: pub ampere/q11dev/debug/log @ 0 (117) -> 0
13:19:18 ampere/q11dev/debug/log apq11dev-543204516334 2373 1790680749.940 2|shos_mqtt_conn.c:465    MQTT0: pub ampere/q11dev/debug/log @ 0 (117) -> 0
13:19:18 ampere/q11dev/debug/log apq11dev-543204516334 2374 1790680749.944 2|shos_mqtt_conn.c:465    MQTT0: pub ampere/q11dev/debug/log @ 0 (117) -> 0
13:19:18 ampere/q11dev/debug/log apq11dev-543204516334 2375 1790680749.948 2|shos_mqtt_conn.c:465    MQTT0: pub ampere/q11dev/debug/log @ 0 (117) -> 0
13:19:18 ampere/q11dev/debug/log apq11dev-543204516334 2376 1790680749.952 2|shos_mqtt_conn.c:465    MQTT0: pub ampere/q11dev/debug/log @ 0 (117) -> 0
13:19:18 ampere/q11dev/debug/log apq11dev-543204516334 2377 1790680750.001 2|shos_mqtt_conn.c:465    MQTT0: pub ampere/q11dev/debug/log @ 0 (117) -> 0
13:19:18 ampere/q11dev/debug/log apq11dev-543204516334 2378 1790680750.006 2|shos_mqtt_conn.c:465    MQTT0: pub ampere/q11dev/debug/log @ 0 (117) -> 0
13:19:18 ampere/q11dev/debug/log apq11dev-543204516334 2379 1790680750.011 2|shos_mqtt_conn.c:465    MQTT0: pub ampere/q11dev/debug/log @ 0 (117) -> 0
13:19:18 ampere/q11dev/debug/log apq11dev-543204516334 2380 1790680750.015 2|shos_mqtt_conn.c:465    MQTT0: pub ampere/q11dev/debug/log @ 0 (117) -> 0
13:19:18 ampere/q11dev/debug/log apq11dev-543204516334 2381 1790680750.063 2|shos_mqtt_conn.c:465    MQTT0: pub ampere/q11dev/debug/log @ 0 (117) -> 0
13:19:18 ampere/q11dev/debug/log apq11dev-543204516334 2382 1790680750.067 2|shos_mqtt_conn.c:465    MQTT0: pub ampere/q11dev/debug/log @ 0 (117) -> 0
13:19:18 ampere/q11dev/debug/log apq11dev-543204516334 2383 1790680750.071 2|shos_mqtt_conn.c:465    MQTT0: pub ampere/q11dev/debug/log @ 0 (117) -> 0
13:19:18 ampere/q11dev/debug/log apq11dev-543204516334 2384 1790680750.076 2|shos_mqtt_conn.c:465    MQTT0: pub ampere/q11dev/debug/log @ 0 (117) -> 0
13:19:18 ampere/q11dev/debug/log apq11dev-543204516334 2385 1790680750.124 2|shos_mqtt_conn.c:465    MQTT0: pub ampere/q11dev/debug/log @ 0 (117) -> 0
13:19:18 ampere/q11dev/debug/log apq11dev-543204516334 2386 1790680750.128 2|shos_mqtt_conn.c:465    MQTT0: pub ampere/q11dev/debug/log @ 0 (117) -> 0
13:19:18 ampere/q11dev/debug/log apq11dev-543204516334 2387 1790680750.132 2|shos_mqtt_conn.c:465    MQTT0: pub ampere/q11dev/debug/log @ 0 (117) -> 0
13:19:18 ampere/q11dev/debug/log apq11dev-543204516334 2388 1790680750.136 2|shos_mqtt_conn.c:465    MQTT0: pub ampere/q11dev/debug/log @ 0 (117) -> 0
13:19:18 ampere/q11dev/debug/log apq11dev-543204516334 2389 1790680750.185 2|shos_mqtt_conn.c:465    MQTT0: pub ampere/q11dev/debug/log @ 0 (117) -> 0
13:19:19 ampere/q11dev/debug/log apq11dev-543204516334 2390 1790680750.189 2|shos_mqtt_conn.c:465    MQTT0: pub ampere/q11dev/debug/log @ 0 (117) -> 0
13:19:19 ampere/q11dev/debug/log apq11dev-543204516334 2391 1790680750.193 2|shos_mqtt_conn.c:465    MQTT0: pub ampere/q11dev/debug/log @ 0 (117) -> 0
13:19:19 ampere/q11dev/debug/log apq11dev-543204516334 2392 1790680750.197 2|shos_mqtt_conn.c:465    MQTT0: pub ampere/q11dev/debug/log @ 0 (117) -> 0
13:19:19 ampere/q11dev/debug/log apq11dev-543204516334 2393 1790680750.257 2|shos_mqtt_conn.c:465    MQTT0: pub ampere/q11dev/debug/log @ 0 (117) -> 0
13:19:19 ampere/q11dev/debug/log apq11dev-543204516334 2394 1790680750.261 2|shos_mqtt_conn.c:465    MQTT0: pub ampere/q11dev/debug/log @ 0 (117) -> 0
13:19:19 ampere/q11dev/debug/log apq11dev-543204516334 2395 1790680750.265 2|shos_mqtt_conn.c:465    MQTT0: pub ampere/q11dev/debug/log @ 0 (117) -> 0
13:19:19 ampere/q11dev/debug/log apq11dev-543204516334 2396 1790680750.269 2|shos_mqtt_conn.c:465    MQTT0: pub ampere/q11dev/debug/log @ 0 (117) -> 0
13:19:19 ampere/q11dev/debug/log apq11dev-543204516334 2397 1790680750.329 2|shos_mqtt_conn.c:465    MQTT0: pub ampere/q11dev/debug/log @ 0 (117) -> 0
13:19:19 ampere/q11dev/debug/log apq11dev-543204516334 2398 1790680750.333 2|shos_mqtt_conn.c:465    MQTT0: pub ampere/q11dev/debug/log @ 0 (117) -> 0
13:19:19 ampere/q11dev/debug/log apq11dev-543204516334 2399 1790680750.338 2|shos_mqtt_conn.c:465    MQTT0: pub ampere/q11dev/debug/log @ 0 (117) -> 0
13:19:19 ampere/q11dev/debug/log apq11dev-543204516334 2400 1790680750.342 2|shos_mqtt_conn.c:465    MQTT0: pub ampere/q11dev/debug/log @ 0 (117) -> 0
13:19:19 ampere/q11dev/debug/log apq11dev-543204516334 2401 1790680750.390 2|shos_mqtt_conn.c:465    MQTT0: pub ampere/q11dev/debug/log @ 0 (117) -> 0
13:19:19 ampere/q11dev/debug/log apq11dev-543204516334 2402 1790680750.394 2|shos_mqtt_conn.c:465    MQTT0: pub ampere/q11dev/debug/log @ 0 (117) -> 0
13:19:19 ampere/q11dev/debug/log apq11dev-543204516334 2403 1790680750.398 2|shos_mqtt_conn.c:465    MQTT0: pub ampere/q11dev/debug/log @ 0 (117) -> 0
13:19:19 ampere/q11dev/debug/log apq11dev-543204516334 2404 1790680750.402 2|shos_mqtt_conn.c:465    MQTT0: pub ampere/q11dev/debug/log @ 0 (117) -> 0
13:19:19 ampere/q11dev/debug/log apq11dev-543204516334 2405 1790680750.451 2|shos_mqtt_conn.c:465    MQTT0: pub ampere/q11dev/debug/log @ 0 (117) -> 0
13:19:19 ampere/q11dev/debug/log apq11dev-543204516334 2406 1790680750.455 2|shos_mqtt_conn.c:465    MQTT0: pub ampere/q11dev/debug/log @ 0 (117) -> 0
13:19:19 ampere/q11dev/debug/log apq11dev-543204516334 2407 1790680750.460 2|shos_mqtt_conn.c:465    MQTT0: pub ampere/q11dev/debug/log @ 0 (117) -> 0
13:19:19 ampere/q11dev/debug/log apq11dev-543204516334 2408 1790680750.465 2|shos_mqtt_conn.c:465    MQTT0: pub ampere/q11dev/debug/log @ 0 (117) -> 0
13:19:19 ampere/q11dev/debug/log apq11dev-543204516334 2409 1790680750.513 2|shos_mqtt_conn.c:465    MQTT0: pub ampere/q11dev/debug/log @ 0 (117) -> 0
13:19:19 ampere/q11dev/debug/log apq11dev-543204516334 2410 1790680750.518 2|shos_mqtt_conn.c:465    MQTT0: pub ampere/q11dev/debug/log @ 0 (117) -> 0
13:19:19 ampere/q11dev/debug/log apq11dev-543204516334 2411 1790680750.522 2|shos_mqtt_conn.c:465    MQTT0: pub ampere/q11dev/debug/log @ 0 (117) -> 0
13:19:19 ampere/q11dev/debug/log apq11dev-543204516334 2412 1790680750.526 2|shos_mqtt_conn.c:465    MQTT0: pub ampere/q11dev/debug/log @ 0 (117) -> 0
13:19:19 ampere/q11dev/debug/log apq11dev-543204516334 2413 1790680750.588 2|shos_mqtt_conn.c:465    MQTT0: pub ampere/q11dev/debug/log @ 0 (117) -> 0
13:19:19 ampere/q11dev/debug/log apq11dev-543204516334 2414 1790680750.592 2|shos_mqtt_conn.c:465    MQTT0: pub ampere/q11dev/debug/log @ 0 (117) -> 0
13:19:19 ampere/q11dev/debug/log apq11dev-543204516334 2415 1790680750.596 2|shos_mqtt_conn.c:465    MQTT0: pub ampere/q11dev/debug/log @ 0 (117) -> 0
13:19:19 ampere/q11dev/debug/log apq11dev-543204516334 2416 1790680750.600 2|shos_mqtt_conn.c:465    MQTT0: pub ampere/q11dev/debug/log @ 0 (117) -> 0
13:19:19 ampere/q11dev/debug/log apq11dev-543204516334 2417 1790680750.649 2|shos_mqtt_conn.c:465    MQTT0: pub ampere/q11dev/debug/log @ 0 (117) -> 0
13:19:19 ampere/q11dev/debug/log apq11dev-543204516334 2418 1790680750.653 2|shos_mqtt_conn.c:465    MQTT0: pub ampere/q11dev/debug/log @ 0 (117) -> 0
13:19:19 ampere/q11dev/debug/log apq11dev-543204516334 2419 1790680750.657 2|shos_mqtt_conn.c:465    MQTT0: pub ampere/q11dev/debug/log @ 0 (117) -> 0
13:19:19 ampere/q11dev/debug/log apq11dev-543204516334 2420 1790680750.661 2|shos_mqtt_conn.c:465    MQTT0: pub ampere/q11dev/debug/log @ 0 (117) -> 0
13:19:19 ampere/q11dev/debug/log apq11dev-543204516334 2421 1790680750.721 2|shos_mqtt_conn.c:465    MQTT0: pub ampere/q11dev/debug/log @ 0 (117) -> 0
13:19:19 ampere/q11dev/debug/log apq11dev-543204516334 2422 1790680750.725 2|shos_mqtt_conn.c:465    MQTT0: pub ampere/q11dev/debug/log @ 0 (117) -> 0
13:19:20 ampere/q11dev/debug/log apq11dev-543204516334 2423 1790680750.729 2|shos_mqtt_conn.c:465    MQTT0: pub ampere/q11dev/debug/log @ 0 (117) -> 0
13:19:20 ampere/q11dev/debug/log apq11dev-543204516334 2424 1790680750.733 2|shos_mqtt_conn.c:465    MQTT0: pub ampere/q11dev/debug/log @ 0 (117) -> 0
13:19:20 ampere/q11dev/debug/log apq11dev-543204516334 2425 1790680750.782 2|shos_mqtt_conn.c:465    MQTT0: pub ampere/q11dev/debug/log @ 0 (117) -> 0
13:19:20 ampere/q11dev/debug/log apq11dev-543204516334 2426 1790680750.786 2|shos_mqtt_conn.c:465    MQTT0: pub ampere/q11dev/debug/log @ 0 (117) -> 0
13:19:20 ampere/q11dev/debug/log apq11dev-543204516334 2427 1790680750.790 2|shos_mqtt_conn.c:465    MQTT0: pub ampere/q11dev/debug/log @ 0 (117) -> 0
13:19:20 ampere/q11dev/debug/log apq11dev-543204516334 2428 1790680750.794 2|shos_mqtt_conn.c:465    MQTT0: pub ampere/q11dev/debug/log @ 0 (117) -> 0
13:19:20 ampere/q11dev/debug/log apq11dev-543204516334 2429 1790680750.924 2|shos_mqtt_conn.c:465    MQTT0: pub ampere/q11dev/debug/log @ 0 (117) -> 0
13:19:20 ampere/q11dev/debug/log apq11dev-543204516334 2430 1790680750.929 2|shos_mqtt_conn.c:465    MQTT0: pub ampere/q11dev/debug/log @ 0 (117) -> 0
13:19:20 ampere/q11dev/debug/log apq11dev-543204516334 2431 1790680750.933 2|shos_mqtt_conn.c:465    MQTT0: pub ampere/q11dev/debug/log @ 0 (117) -> 0
13:19:20 ampere/q11dev/debug/log apq11dev-543204516334 2432 1790680750.938 2|shos_mqtt_conn.c:465    MQTT0: pub ampere/q11dev/debug/log @ 0 (117) -> 0
13:19:20 ampere/q11dev/debug/log apq11dev-543204516334 2433 1790680750.942 2|shos_mqtt_conn.c:465    MQTT0: pub ampere/q11dev/debug/log @ 0 (117) -> -1
13:19:20 ampere/q11dev/debug/log apq11dev-543204516334 2434 1790680750.955 2|shos_mqtt_conn.c:465    MQTT0: pub ampere/q11dev/debug/log @ 0 (117) -> -1
13:19:20 ampere/q11dev/debug/log apq11dev-543204516334 2435 1790680750.998 2|shos_mqtt_conn.c:465    MQTT0: pub ampere/q11dev/debug/log @ 0 (117) -> 0
13:19:20 ampere/q11dev/debug/log apq11dev-543204516334 2436 1790680751.002 2|shos_mqtt_conn.c:465    MQTT0: pub ampere/q11dev/debug/log @ 0 (117) -> 0
13:19:20 ampere/q11dev/debug/log apq11dev-543204516334 2437 1790680751.006 2|shos_mqtt_conn.c:465    MQTT0: pub ampere/q11dev/debug/log @ 0 (117) -> 0
13:19:20 ampere/q11dev/debug/log apq11dev-543204516334 2438 1790680751.011 2|shos_mqtt_conn.c:465    MQTT0: pub ampere/q11dev/debug/log @ 0 (117) -> 0
13:19:20 ampere/q11dev/debug/log apq11dev-543204516334 2439 1790680751.015 2|shos_mqtt_conn.c:465    MQTT0: pub ampere/q11dev/debug/log @ 0 (117) -> -1
13:19:20 ampere/q11dev/debug/log apq11dev-543204516334 2440 1790680751.060 2|shos_mqtt_conn.c:465    MQTT0: pub ampere/q11dev/debug/log @ 0 (117) -> 0
13:19:20 ampere/q11dev/debug/log apq11dev-543204516334 2441 1790680751.064 2|shos_mqtt_conn.c:465    MQTT0: pub ampere/q11dev/debug/log @ 0 (117) -> 0
13:19:20 ampere/q11dev/debug/log apq11dev-543204516334 2442 1790680751.068 2|shos_mqtt_conn.c:465    MQTT0: pub ampere/q11dev/debug/log @ 0 (117) -> 0
13:19:20 ampere/q11dev/debug/log apq11dev-543204516334 2443 1790680751.072 2|shos_mqtt_conn.c:465    MQTT0: pub ampere/q11dev/debug/log @ 0 (117) -> 0
13:19:20 ampere/q11dev/debug/log apq11dev-543204516334 2444 1790680751.076 2|shos_mqtt_conn.c:465    MQTT0: pub ampere/q11dev/debug/log @ 0 (117) -> -1
13:19:20 ampere/q11dev/debug/log apq11dev-543204516334 2445 1790680751.121 2|shos_mqtt_conn.c:465    MQTT0: pub ampere/q11dev/debug/log @ 0 (117) -> 0
13:19:20 ampere/q11dev/debug/log apq11dev-543204516334 2446 1790680751.125 2|shos_mqtt_conn.c:465    MQTT0: pub ampere/q11dev/debug/log @ 0 (117) -> 0
13:19:20 ampere/q11dev/debug/log apq11dev-543204516334 2447 1790680751.129 2|shos_mqtt_conn.c:465    MQTT0: pub ampere/q11dev/debug/log @ 0 (118) -> 0
13:19:20 ampere/q11dev/debug/log apq11dev-543204516334 2448 1790680751.133 2|shos_mqtt_conn.c:465    MQTT0: pub ampere/q11dev/debug/log @ 0 (118) -> 0
13:19:20 ampere/q11dev/debug/log apq11dev-543204516334 2449 1790680751.181 2|shos_mqtt_conn.c:465    MQTT0: pub ampere/q11dev/debug/log @ 0 (117) -> 0
13:19:20 ampere/q11dev/debug/log apq11dev-543204516334 2450 1790680751.185 2|shos_mqtt_conn.c:465    MQTT0: pub ampere/q11dev/debug/log @ 0 (117) -> 0
13:19:20 ampere/q11dev/debug/log apq11dev-543204516334 2451 1790680751.189 2|shos_mqtt_conn.c:465    MQTT0: pub ampere/q11dev/debug/log @ 0 (117) -> 0
13:19:20 ampere/q11dev/debug/log apq11dev-543204516334 2452 1790680751.193 2|shos_mqtt_conn.c:465    MQTT0: pub ampere/q11dev/debug/log @ 0 (117) -> 0
13:19:20 ampere/q11dev/debug/log apq11dev-543204516334 2453 1790680751.254 2|shos_mqtt_conn.c:465    MQTT0: pub ampere/q11dev/debug/log @ 0 (118) -> 0
13:19:20 ampere/q11dev/debug/log apq11dev-543204516334 2454 1790680751.258 2|shos_mqtt_conn.c:465    MQTT0: pub ampere/q11dev/debug/log @ 0 (117) -> 0
13:19:20 ampere/q11dev/debug/log apq11dev-543204516334 2455 1790680751.262 2|shos_mqtt_conn.c:465    MQTT0: pub ampere/q11dev/debug/log @ 0 (117) -> 0
13:19:20 ampere/q11dev/debug/log apq11dev-543204516334 2456 1790680751.267 2|shos_mqtt_conn.c:465    MQTT0: pub ampere/q11dev/debug/log @ 0 (117) -> 0
13:19:20 ampere/q11dev/debug/log apq11dev-543204516334 2457 1790680751.315 2|shos_mqtt_conn.c:465    MQTT0: pub ampere/q11dev/debug/log @ 0 (117) -> 0
13:19:20 ampere/q11dev/debug/log apq11dev-543204516334 2458 1790680751.319 2|shos_mqtt_conn.c:465    MQTT0: pub ampere/q11dev/debug/log @ 0 (118) -> 0
13:19:21 ampere/q11dev/debug/log apq11dev-543204516334 2459 1790680751.324 2|shos_mqtt_conn.c:465    MQTT0: pub ampere/q11dev/debug/log @ 0 (117) -> 0
13:19:21 ampere/q11dev/debug/log apq11dev-543204516334 2460 1790680751.328 2|shos_mqtt_conn.c:465    MQTT0: pub ampere/q11dev/debug/log @ 0 (117) -> 0
13:19:21 ampere/q11dev/debug/log apq11dev-543204516334 2461 1790680751.376 2|shos_mqtt_conn.c:465    MQTT0: pub ampere/q11dev/debug/log @ 0 (117) -> 0
13:19:21 ampere/q11dev/debug/log apq11dev-543204516334 2462 1790680751.380 2|shos_mqtt_conn.c:465    MQTT0: pub ampere/q11dev/debug/log @ 0 (117) -> 0
13:19:21 ampere/q11dev/debug/log apq11dev-543204516334 2463 1790680751.385 2|shos_mqtt_conn.c:465    MQTT0: pub ampere/q11dev/debug/log @ 0 (117) -> 0
13:19:21 ampere/q11dev/debug/log apq11dev-543204516334 2464 1790680751.390 2|shos_mqtt_conn.c:465    MQTT0: pub ampere/q11dev/debug/log @ 0 (117) -> 0
13:19:21 ampere/q11dev/debug/log apq11dev-543204516334 2465 1790680751.439 2|shos_mqtt_conn.c:465    MQTT0: pub ampere/q11dev/debug/log @ 0 (117) -> 0
13:19:21 ampere/q11dev/debug/log apq11dev-543204516334 2466 1790680751.443 2|shos_mqtt_conn.c:465    MQTT0: pub ampere/q11dev/debug/log @ 0 (117) -> 0
13:19:21 ampere/q11dev/debug/log apq11dev-543204516334 2467 1790680751.448 2|shos_mqtt_conn.c:465    MQTT0: pub ampere/q11dev/debug/log @ 0 (117) -> 0
13:19:21 ampere/q11dev/debug/log apq11dev-543204516334 2468 1790680751.452 2|shos_mqtt_conn.c:465    MQTT0: pub ampere/q11dev/debug/log @ 0 (117) -> 0
13:19:21 ampere/q11dev/debug/log apq11dev-543204516334 2469 1790680751.499 2|shos_mqtt_conn.c:465    MQTT0: pub ampere/q11dev/debug/log @ 0 (117) -> 0
13:19:21 ampere/q11dev/debug/log apq11dev-543204516334 2470 1790680751.503 2|shos_mqtt_conn.c:465    MQTT0: pub ampere/q11dev/debug/log @ 0 (117) -> 0
13:19:21 ampere/q11dev/debug/log apq11dev-543204516334 2471 1790680751.508 2|shos_mqtt_conn.c:465    MQTT0: pub ampere/q11dev/debug/log @ 0 (117) -> 0
13:19:21 ampere/q11dev/debug/log apq11dev-543204516334 2472 1790680751.512 2|shos_mqtt_conn.c:465    MQTT0: pub ampere/q11dev/debug/log @ 0 (117) -> 0
13:19:21 ampere/q11dev/debug/log apq11dev-543204516334 2473 1790680751.560 2|shos_mqtt_conn.c:465    MQTT0: pub ampere/q11dev/debug/log @ 0 (117) -> 0
13:19:21 ampere/q11dev/debug/log apq11dev-543204516334 2474 1790680751.564 2|shos_mqtt_conn.c:465    MQTT0: pub ampere/q11dev/debug/log @ 0 (117) -> 0
13:19:21 ampere/q11dev/debug/log apq11dev-543204516334 2475 1790680751.568 2|shos_mqtt_conn.c:465    MQTT0: pub ampere/q11dev/debug/log @ 0 (117) -> 0
13:19:21 ampere/q11dev/debug/log apq11dev-543204516334 2476 1790680751.572 2|shos_mqtt_conn.c:465    MQTT0: pub ampere/q11dev/debug/log @ 0 (117) -> 0
13:19:21 ampere/q11dev/debug/log apq11dev-543204516334 2477 1790680751.632 2|shos_mqtt_conn.c:465    MQTT0: pub ampere/q11dev/debug/log @ 0 (117) -> 0
13:19:21 ampere/q11dev/debug/log apq11dev-543204516334 2478 1790680751.636 2|shos_mqtt_conn.c:465    MQTT0: pub ampere/q11dev/debug/log @ 0 (117) -> 0
13:19:21 ampere/q11dev/debug/log apq11dev-543204516334 2479 1790680751.640 2|shos_mqtt_conn.c:465    MQTT0: pub ampere/q11dev/debug/log @ 0 (117) -> 0
13:19:21 ampere/q11dev/debug/log apq11dev-543204516334 2480 1790680751.644 2|shos_mqtt_conn.c:465    MQTT0: pub ampere/q11dev/debug/log @ 0 (117) -> 0
13:19:21 ampere/q11dev/debug/log apq11dev-543204516334 2481 1790680751.731 2|shos_mqtt_conn.c:465    MQTT0: pub ampere/q11dev/debug/log @ 0 (117) -> 0
13:19:21 ampere/q11dev/debug/log apq11dev-543204516334 2482 1790680751.735 2|shos_mqtt_conn.c:465    MQTT0: pub ampere/q11dev/debug/log @ 0 (117) -> 0
13:19:21 ampere/q11dev/debug/log apq11dev-543204516334 2483 1790680751.739 2|shos_mqtt_conn.c:465    MQTT0: pub ampere/q11dev/debug/log @ 0 (117) -> 0
13:19:21 ampere/q11dev/debug/log apq11dev-543204516334 2484 1790680751.744 2|shos_mqtt_conn.c:465    MQTT0: pub ampere/q11dev/debug/log @ 0 (117) -> 0
13:19:21 ampere/q11dev/debug/log apq11dev-543204516334 2485 1790680751.817 2|shos_mqtt_conn.c:465    MQTT0: pub ampere/q11dev/debug/log @ 0 (117) -> 0
13:19:21 ampere/q11dev/debug/log apq11dev-543204516334 2486 1790680751.821 2|shos_mqtt_conn.c:465    MQTT0: pub ampere/q11dev/debug/log @ 0 (117) -> 0
13:19:21 ampere/q11dev/debug/log apq11dev-543204516334 2487 1790680751.825 2|shos_mqtt_conn.c:465    MQTT0: pub ampere/q11dev/debug/log @ 0 (117) -> 0
13:19:21 ampere/q11dev/debug/log apq11dev-543204516334 2488 1790680751.830 2|shos_mqtt_conn.c:465    MQTT0: pub ampere/q11dev/debug/log @ 0 (117) -> 0
13:19:21 ampere/q11dev/debug/log apq11dev-543204516334 2489 1790680751.882 2|shos_mqtt_conn.c:465    MQTT0: pub ampere/q11dev/debug/log @ 0 (117) -> 0
13:19:21 ampere/q11dev/debug/log apq11dev-543204516334 2490 1790680751.886 2|shos_mqtt_conn.c:465    MQTT0: pub ampere/q11dev/debug/log @ 0 (117) -> 0
13:19:21 ampere/q11dev/debug/log apq11dev-543204516334 2491 1790680751.890 2|shos_mqtt_conn.c:465    MQTT0: pub ampere/q11dev/debug/log @ 0 (117) -> 0
13:19:21 ampere/q11dev/debug/log apq11dev-543204516334 2492 1790680751.894 2|shos_mqtt_conn.c:465    MQTT0: pub ampere/q11dev/debug/log @ 0 (117) -> 0
13:19:21 ampere/q11dev/debug/log apq11dev-543204516334 2493 1790680751.954 2|shos_mqtt_conn.c:465    MQTT0: pub ampere/q11dev/debug/log @ 0 (117) -> 0
13:19:22 ampere/q11dev/debug/log apq11dev-543204516334 2494 1790680751.958 2|shos_mqtt_conn.c:465    MQTT0: pub ampere/q11dev/debug/log @ 0 (117) -> 0
13:19:22 ampere/q11dev/debug/log apq11dev-543204516334 2495 1790680751.962 2|shos_mqtt_conn.c:465    MQTT0: pub ampere/q11dev/debug/log @ 0 (117) -> 0
13:19:22 ampere/q11dev/debug/log apq11dev-543204516334 2496 1790680751.967 2|shos_mqtt_conn.c:465    MQTT0: pub ampere/q11dev/debug/log @ 0 (117) -> 0
13:19:22 ampere/q11dev/debug/log apq11dev-543204516334 2497 1790680752.016 2|shos_mqtt_conn.c:465    MQTT0: pub ampere/q11dev/debug/log @ 0 (117) -> 0
13:19:22 ampere/q11dev/debug/log apq11dev-543204516334 2498 1790680752.020 2|shos_mqtt_conn.c:465    MQTT0: pub ampere/q11dev/debug/log @ 0 (117) -> 0
13:19:22 ampere/q11dev/debug/log apq11dev-543204516334 2499 1790680752.025 2|shos_mqtt_conn.c:465    MQTT0: pub ampere/q11dev/debug/log @ 0 (117) -> 0
13:19:22 ampere/q11dev/debug/log apq11dev-543204516334 2500 1790680752.029 2|shos_mqtt_conn.c:465    MQTT0: pub ampere/q11dev/debug/log @ 0 (117) -> 0
13:19:22 ampere/q11dev/debug/log apq11dev-543204516334 2501 1790680752.089 2|shos_mqtt_conn.c:465    MQTT0: pub ampere/q11dev/debug/log @ 0 (117) -> 0
13:19:22 ampere/q11dev/debug/log apq11dev-543204516334 2502 1790680752.093 2|shos_mqtt_conn.c:465    MQTT0: pub ampere/q11dev/debug/log @ 0 (117) -> 0
13:19:22 ampere/q11dev/debug/log apq11dev-543204516334 2503 1790680752.097 2|shos_mqtt_conn.c:465    MQTT0: pub ampere/q11dev/debug/log @ 0 (117) -> 0
13:19:22 ampere/q11dev/debug/log apq11dev-543204516334 2504 1790680752.101 2|shos_mqtt_conn.c:465    MQTT0: pub ampere/q11dev/debug/log @ 0 (117) -> 0
13:19:22 ampere/q11dev/debug/log apq11dev-543204516334 2505 1790680752.160 2|shos_mqtt_conn.c:465    MQTT0: pub ampere/q11dev/debug/log @ 0 (117) -> 0
13:19:22 ampere/q11dev/debug/log apq11dev-543204516334 2506 1790680752.165 2|shos_mqtt_conn.c:465    MQTT0: pub ampere/q11dev/debug/log @ 0 (117) -> 0
13:19:22 ampere/q11dev/debug/log apq11dev-543204516334 2507 1790680752.169 2|shos_mqtt_conn.c:465    MQTT0: pub ampere/q11dev/debug/log @ 0 (117) -> 0
13:19:22 ampere/q11dev/debug/log apq11dev-543204516334 2508 1790680752.173 2|shos_mqtt_conn.c:465    MQTT0: pub ampere/q11dev/debug/log @ 0 (117) -> 0
13:19:22 ampere/q11dev/debug/log apq11dev-543204516334 2509 1790680752.234 2|shos_mqtt_conn.c:465    MQTT0: pub ampere/q11dev/debug/log @ 0 (117) -> 0
13:19:22 ampere/q11dev/debug/log apq11dev-543204516334 2510 1790680752.239 2|shos_mqtt_conn.c:465    MQTT0: pub ampere/q11dev/debug/log @ 0 (117) -> 0
13:19:22 ampere/q11dev/debug/log apq11dev-543204516334 2511 1790680752.243 2|shos_mqtt_conn.c:465    MQTT0: pub ampere/q11dev/debug/log @ 0 (117) -> 0
13:19:22 ampere/q11dev/debug/log apq11dev-543204516334 2512 1790680752.248 2|shos_mqtt_conn.c:465    MQTT0: pub ampere/q11dev/debug/log @ 0 (117) -> 0
13:19:22 ampere/q11dev/debug/log apq11dev-543204516334 2513 1790680752.303 2|shos_mqtt_conn.c:465    MQTT0: pub ampere/q11dev/debug/log @ 0 (117) -> 0
13:19:22 ampere/q11dev/debug/log apq11dev-543204516334 2514 1790680752.307 2|shos_mqtt_conn.c:465    MQTT0: pub ampere/q11dev/debug/log @ 0 (117) -> 0
13:19:22 ampere/q11dev/debug/log apq11dev-543204516334 2515 1790680752.311 2|shos_mqtt_conn.c:465    MQTT0: pub ampere/q11dev/debug/log @ 0 (117) -> 0
13:19:22 ampere/q11dev/debug/log apq11dev-543204516334 2516 1790680752.316 2|shos_mqtt_conn.c:465    MQTT0: pub ampere/q11dev/debug/log @ 0 (117) -> 0
13:19:22 ampere/q11dev/debug/log apq11dev-543204516334 2517 1790680752.368 2|shos_mqtt_conn.c:465    MQTT0: pub ampere/q11dev/debug/log @ 0 (117) -> 0
13:19:22 ampere/q11dev/debug/log apq11dev-543204516334 2518 1790680752.372 2|shos_mqtt_conn.c:465    MQTT0: pub ampere/q11dev/debug/log @ 0 (117) -> 0
13:19:22 ampere/q11dev/debug/log apq11dev-543204516334 2519 1790680752.376 2|shos_mqtt_conn.c:465    MQTT0: pub ampere/q11dev/debug/log @ 0 (117) -> 0
13:19:22 ampere/q11dev/debug/log apq11dev-543204516334 2520 1790680752.380 2|shos_mqtt_conn.c:465    MQTT0: pub ampere/q11dev/debug/log @ 0 (117) -> 0
13:19:22 ampere/q11dev/debug/log apq11dev-543204516334 2521 1790680752.460 2|shos_mqtt_conn.c:465    MQTT0: pub ampere/q11dev/debug/log @ 0 (117) -> 0
13:19:22 ampere/q11dev/debug/log apq11dev-543204516334 2522 1790680752.465 2|shos_mqtt_conn.c:465    MQTT0: pub ampere/q11dev/debug/log @ 0 (117) -> 0
13:19:22 ampere/q11dev/debug/log apq11dev-543204516334 2523 1790680752.469 2|shos_mqtt_conn.c:465    MQTT0: pub ampere/q11dev/debug/log @ 0 (117) -> 0
13:19:22 ampere/q11dev/debug/log apq11dev-543204516334 2524 1790680752.473 2|shos_mqtt_conn.c:465    MQTT0: pub ampere/q11dev/debug/log @ 0 (117) -> 0
13:19:22 ampere/q11dev/debug/log apq11dev-543204516334 2525 1790680752.525 2|shos_mqtt_conn.c:465    MQTT0: pub ampere/q11dev/debug/log @ 0 (117) -> 0
13:19:23 ampere/q11dev/debug/log apq11dev-543204516334 2526 1790680752.530 2|shos_mqtt_conn.c:465    MQTT0: pub ampere/q11dev/debug/log @ 0 (117) -> 0
13:19:23 ampere/q11dev/debug/log apq11dev-543204516334 2527 1790680752.534 2|shos_mqtt_conn.c:465    MQTT0: pub ampere/q11dev/debug/log @ 0 (117) -> 0
13:19:23 ampere/q11dev/debug/log apq11dev-543204516334 2528 1790680752.538 2|shos_mqtt_conn.c:465    MQTT0: pub ampere/q11dev/debug/log @ 0 (117) -> 0
13:19:23 ampere/q11dev/debug/log apq11dev-543204516334 2529 1790680752.586 2|shos_mqtt_conn.c:465    MQTT0: pub ampere/q11dev/debug/log @ 0 (117) -> 0
13:19:23 ampere/q11dev/debug/log apq11dev-543204516334 2530 1790680752.590 2|shos_mqtt_conn.c:465    MQTT0: pub ampere/q11dev/debug/log @ 0 (117) -> 0
13:19:23 ampere/q11dev/debug/log apq11dev-543204516334 2531 1790680752.594 2|shos_mqtt_conn.c:465    MQTT0: pub ampere/q11dev/debug/log @ 0 (117) -> 0
13:19:23 ampere/q11dev/debug/log apq11dev-543204516334 2532 1790680752.598 2|shos_mqtt_conn.c:465    MQTT0: pub ampere/q11dev/debug/log @ 0 (117) -> 0
13:19:23 ampere/q11dev/debug/log apq11dev-543204516334 2533 1790680752.659 2|shos_mqtt_conn.c:465    MQTT0: pub ampere/q11dev/debug/log @ 0 (117) -> 0
13:19:23 ampere/q11dev/debug/log apq11dev-543204516334 2534 1790680752.663 2|shos_mqtt_conn.c:465    MQTT0: pub ampere/q11dev/debug/log @ 0 (117) -> 0
13:19:23 ampere/q11dev/debug/log apq11dev-543204516334 2535 1790680752.669 2|shos_mqtt_conn.c:465    MQTT0: pub ampere/q11dev/debug/log @ 0 (117) -> 0
13:19:23 ampere/q11dev/debug/log apq11dev-543204516334 2536 1790680752.674 2|shos_mqtt_conn.c:465    MQTT0: pub ampere/q11dev/debug/log @ 0 (117) -> 0
13:19:23 ampere/q11dev/debug/log apq11dev-543204516334 2537 1790680752.721 2|shos_mqtt_conn.c:465    MQTT0: pub ampere/q11dev/debug/log @ 0 (117) -> 0
13:19:23 ampere/q11dev/debug/log apq11dev-543204516334 2538 1790680752.725 2|shos_mqtt_conn.c:465    MQTT0: pub ampere/q11dev/debug/log @ 0 (117) -> 0
13:19:23 ampere/q11dev/debug/log apq11dev-543204516334 2539 1790680752.729 2|shos_mqtt_conn.c:465    MQTT0: pub ampere/q11dev/debug/log @ 0 (117) -> 0
13:19:23 ampere/q11dev/debug/log apq11dev-543204516334 2540 1790680752.734 2|shos_mqtt_conn.c:465    MQTT0: pub ampere/q11dev/debug/log @ 0 (117) -> 0
13:19:23 ampere/q11dev/debug/log apq11dev-543204516334 2541 1790680752.781 2|shos_mqtt_conn.c:465    MQTT0: pub ampere/q11dev/debug/log @ 0 (117) -> 0
13:19:23 ampere/q11dev/debug/log apq11dev-543204516334 2542 1790680752.786 2|shos_mqtt_conn.c:465    MQTT0: pub ampere/q11dev/debug/log @ 0 (117) -> 0
13:19:23 ampere/q11dev/debug/log apq11dev-543204516334 2543 1790680752.790 2|shos_mqtt_conn.c:465    MQTT0: pub ampere/q11dev/debug/log @ 0 (117) -> 0
13:19:23 ampere/q11dev/debug/log apq11dev-543204516334 2544 1790680752.794 2|shos_mqtt_conn.c:465    MQTT0: pub ampere/q11dev/debug/log @ 0 (117) -> 0
13:19:23 ampere/q11dev/debug/log apq11dev-543204516334 2545 1790680752.887 2|shos_mqtt_conn.c:465    MQTT0: pub ampere/q11dev/debug/log @ 0 (117) -> 0
13:19:23 ampere/q11dev/debug/log apq11dev-543204516334 2546 1790680752.892 2|shos_mqtt_conn.c:465    MQTT0: pub ampere/q11dev/debug/log @ 0 (117) -> 0
13:19:23 ampere/q11dev/debug/log apq11dev-543204516334 2547 1790680752.896 2|shos_mqtt_conn.c:465    MQTT0: pub ampere/q11dev/debug/log @ 0 (117) -> 0
13:19:23 ampere/q11dev/debug/log apq11dev-543204516334 2548 1790680752.900 2|shos_mqtt_conn.c:465    MQTT0: pub ampere/q11dev/debug/log @ 0 (117) -> 0
13:19:23 ampere/q11dev/debug/log apq11dev-543204516334 2549 1790680752.962 2|shos_mqtt_conn.c:465    MQTT0: pub ampere/q11dev/debug/log @ 0 (117) -> 0
13:19:23 ampere/q11dev/debug/log apq11dev-543204516334 2550 1790680752.966 2|shos_mqtt_conn.c:465    MQTT0: pub ampere/q11dev/debug/log @ 0 (117) -> 0
13:19:23 ampere/q11dev/debug/log apq11dev-543204516334 2551 1790680752.970 2|shos_mqtt_conn.c:465    MQTT0: pub ampere/q11dev/debug/log @ 0 (117) -> 0
13:19:23 ampere/q11dev/debug/log apq11dev-543204516334 2552 1790680752.974 2|shos_mqtt_conn.c:465    MQTT0: pub ampere/q11dev/debug/log @ 0 (117) -> 0
13:19:23 ampere/q11dev/debug/log apq11dev-543204516334 2553 1790680753.023 2|shos_mqtt_conn.c:465    MQTT0: pub ampere/q11dev/debug/log @ 0 (117) -> 0
13:19:23 ampere/q11dev/debug/log apq11dev-543204516334 2554 1790680753.027 2|shos_mqtt_conn.c:465    MQTT0: pub ampere/q11dev/debug/log @ 0 (117) -> 0
13:19:23 ampere/q11dev/debug/log apq11dev-543204516334 2555 1790680753.031 2|shos_mqtt_conn.c:465    MQTT0: pub ampere/q11dev/debug/log @ 0 (117) -> 0
13:19:23 ampere/q11dev/debug/log apq11dev-543204516334 2556 1790680753.035 2|shos_mqtt_conn.c:465    MQTT0: pub ampere/q11dev/debug/log @ 0 (117) -> 0
13:19:23 ampere/q11dev/debug/log apq11dev-543204516334 2557 1790680753.083 2|shos_mqtt_conn.c:465    MQTT0: pub ampere/q11dev/debug/log @ 0 (117) -> 0
13:19:23 ampere/q11dev/debug/log apq11dev-543204516334 2558 1790680753.087 2|shos_mqtt_conn.c:465    MQTT0: pub ampere/q11dev/debug/log @ 0 (117) -> 0
13:19:24 ampere/q11dev/debug/log apq11dev-543204516334 2559 1790680753.091 2|shos_mqtt_conn.c:465    MQTT0: pub ampere/q11dev/debug/log @ 0 (117) -> 0
13:19:24 ampere/q11dev/debug/log apq11dev-543204516334 2560 1790680753.095 2|shos_mqtt_conn.c:465    MQTT0: pub ampere/q11dev/debug/log @ 0 (117) -> 0
13:19:24 ampere/q11dev/debug/log apq11dev-543204516334 2561 1790680753.156 2|shos_mqtt_conn.c:465    MQTT0: pub ampere/q11dev/debug/log @ 0 (117) -> 0
13:19:24 ampere/q11dev/debug/log apq11dev-543204516334 2562 1790680753.160 2|shos_mqtt_conn.c:465    MQTT0: pub ampere/q11dev/debug/log @ 0 (117) -> 0
13:19:24 ampere/q11dev/debug/log apq11dev-543204516334 2563 1790680753.165 2|shos_mqtt_conn.c:465    MQTT0: pub ampere/q11dev/debug/log @ 0 (117) -> 0
13:19:24 ampere/q11dev/debug/log apq11dev-543204516334 2564 1790680753.169 2|shos_mqtt_conn.c:465    MQTT0: pub ampere/q11dev/debug/log @ 0 (117) -> 0
13:19:24 ampere/q11dev/debug/log apq11dev-543204516334 2565 1790680753.229 2|shos_mqtt_conn.c:465    MQTT0: pub ampere/q11dev/debug/log @ 0 (117) -> 0
13:19:24 ampere/q11dev/debug/log apq11dev-543204516334 2566 1790680753.234 2|shos_mqtt_conn.c:465    MQTT0: pub ampere/q11dev/debug/log @ 0 (117) -> 0
13:19:24 ampere/q11dev/debug/log apq11dev-543204516334 2567 1790680753.238 2|shos_mqtt_conn.c:465    MQTT0: pub ampere/q11dev/debug/log @ 0 (117) -> 0
13:19:24 ampere/q11dev/debug/log apq11dev-543204516334 2568 1790680753.242 2|shos_mqtt_conn.c:465    MQTT0: pub ampere/q11dev/debug/log @ 0 (117) -> 0
13:19:24 ampere/q11dev/debug/log apq11dev-543204516334 2569 1790680753.305 2|shos_mqtt_conn.c:465    MQTT0: pub ampere/q11dev/debug/log @ 0 (117) -> 0
13:19:24 ampere/q11dev/debug/log apq11dev-543204516334 2570 1790680753.309 2|shos_mqtt_conn.c:465    MQTT0: pub ampere/q11dev/debug/log @ 0 (117) -> 0
13:19:24 ampere/q11dev/debug/log apq11dev-543204516334 2571 1790680753.313 2|shos_mqtt_conn.c:465    MQTT0: pub ampere/q11dev/debug/log @ 0 (117) -> 0
13:19:24 ampere/q11dev/debug/log apq11dev-543204516334 2572 1790680753.317 2|shos_mqtt_conn.c:465    MQTT0: pub ampere/q11dev/debug/log @ 0 (117) -> 0
13:19:24 ampere/q11dev/debug/log apq11dev-543204516334 2573 1790680753.378 2|shos_mqtt_conn.c:465    MQTT0: pub ampere/q11dev/debug/log @ 0 (117) -> 0
13:19:24 ampere/q11dev/debug/log apq11dev-543204516334 2574 1790680753.382 2|shos_mqtt_conn.c:465    MQTT0: pub ampere/q11dev/debug/log @ 0 (117) -> 0
13:19:24 ampere/q11dev/debug/log apq11dev-543204516334 2575 1790680753.386 2|shos_mqtt_conn.c:465    MQTT0: pub ampere/q11dev/debug/log @ 0 (117) -> 0
13:19:24 ampere/q11dev/debug/log apq11dev-543204516334 2576 1790680753.390 2|shos_mqtt_conn.c:465    MQTT0: pub ampere/q11dev/debug/log @ 0 (117) -> 0
13:19:24 ampere/q11dev/debug/log apq11dev-543204516334 2577 1790680753.450 2|shos_mqtt_conn.c:465    MQTT0: pub ampere/q11dev/debug/log @ 0 (117) -> 0
13:19:24 ampere/q11dev/debug/log apq11dev-543204516334 2578 1790680753.454 2|shos_mqtt_conn.c:465    MQTT0: pub ampere/q11dev/debug/log @ 0 (117) -> 0
13:19:24 ampere/q11dev/debug/log apq11dev-543204516334 2579 1790680753.458 2|shos_mqtt_conn.c:465    MQTT0: pub ampere/q11dev/debug/log @ 0 (117) -> 0
13:19:24 ampere/q11dev/debug/log apq11dev-543204516334 2580 1790680753.462 2|shos_mqtt_conn.c:465    MQTT0: pub ampere/q11dev/debug/log @ 0 (117) -> 0
13:19:24 ampere/q11dev/debug/log apq11dev-543204516334 2581 1790680753.511 2|shos_mqtt_conn.c:465    MQTT0: pub ampere/q11dev/debug/log @ 0 (117) -> 0
13:19:24 ampere/q11dev/debug/log apq11dev-543204516334 2582 1790680753.515 2|shos_mqtt_conn.c:465    MQTT0: pub ampere/q11dev/debug/log @ 0 (117) -> 0
13:19:24 ampere/q11dev/debug/log apq11dev-543204516334 2583 1790680753.519 2|shos_mqtt_conn.c:465    MQTT0: pub ampere/q11dev/debug/log @ 0 (117) -> 0
13:19:24 ampere/q11dev/debug/log apq11dev-543204516334 2584 1790680753.523 2|shos_mqtt_conn.c:465    MQTT0: pub ampere/q11dev/debug/log @ 0 (117) -> 0
13:19:24 ampere/q11dev/debug/log apq11dev-543204516334 2585 1790680753.583 2|shos_mqtt_conn.c:465    MQTT0: pub ampere/q11dev/debug/log @ 0 (117) -> 0
13:19:24 ampere/q11dev/debug/log apq11dev-543204516334 2586 1790680753.587 2|shos_mqtt_conn.c:465    MQTT0: pub ampere/q11dev/debug/log @ 0 (117) -> 0
13:19:24 ampere/q11dev/debug/log apq11dev-543204516334 2587 1790680753.592 2|shos_mqtt_conn.c:465    MQTT0: pub ampere/q11dev/debug/log @ 0 (117) -> 0
13:19:24 ampere/q11dev/debug/log apq11dev-543204516334 2588 1790680753.596 2|shos_mqtt_conn.c:465    MQTT0: pub ampere/q11dev/debug/log @ 0 (117) -> 0
13:19:24 ampere/q11dev/debug/log apq11dev-543204516334 2589 1790680753.656 2|shos_mqtt_conn.c:465    MQTT0: pub ampere/q11dev/debug/log @ 0 (117) -> 0
13:19:24 ampere/q11dev/debug/log apq11dev-543204516334 2590 1790680753.660 2|shos_mqtt_conn.c:465    MQTT0: pub ampere/q11dev/debug/log @ 0 (117) -> 0
13:19:24 ampere/q11dev/debug/log apq11dev-543204516334 2591 1790680753.665 2|shos_mqtt_conn.c:465    MQTT0: pub ampere/q11dev/debug/log @ 0 (117) -> 0
13:19:24 ampere/q11dev/debug/log apq11dev-543204516334 2592 1790680753.669 2|shos_mqtt_conn.c:465    MQTT0: pub ampere/q11dev/debug/log @ 0 (117) -> 0
13:19:25 ampere/q11dev/debug/log apq11dev-543204516334 2593 1790680753.717 2|shos_mqtt_conn.c:465    MQTT0: pub ampere/q11dev/debug/log @ 0 (117) -> 0
13:19:25 ampere/q11dev/debug/log apq11dev-543204516334 2594 1790680753.722 2|shos_mqtt_conn.c:465    MQTT0: pub ampere/q11dev/debug/log @ 0 (117) -> 0
13:19:25 ampere/q11dev/debug/log apq11dev-543204516334 2595 1790680753.727 2|shos_mqtt_conn.c:465    MQTT0: pub ampere/q11dev/debug/log @ 0 (117) -> 0
13:19:25 ampere/q11dev/debug/log apq11dev-543204516334 2596 1790680753.732 2|shos_mqtt_conn.c:465    MQTT0: pub ampere/q11dev/debug/log @ 0 (117) -> 0
13:19:25 ampere/q11dev/debug/log apq11dev-543204516334 2597 1790680753.780 2|shos_mqtt_conn.c:465    MQTT0: pub ampere/q11dev/debug/log @ 0 (117) -> 0
13:19:25 ampere/q11dev/debug/log apq11dev-543204516334 2598 1790680753.784 2|shos_mqtt_conn.c:465    MQTT0: pub ampere/q11dev/debug/log @ 0 (117) -> 0
13:19:25 ampere/q11dev/debug/log apq11dev-543204516334 2599 1790680753.788 2|shos_mqtt_conn.c:465    MQTT0: pub ampere/q11dev/debug/log @ 0 (117) -> 0
13:19:25 ampere/q11dev/debug/log apq11dev-543204516334 2600 1790680753.793 2|shos_mqtt_conn.c:465    MQTT0: pub ampere/q11dev/debug/log @ 0 (117) -> 0
13:19:25 ampere/q11dev/debug/log apq11dev-543204516334 2601 1790680753.840 2|shos_mqtt_conn.c:465    MQTT0: pub ampere/q11dev/debug/log @ 0 (117) -> 0
13:19:25 ampere/q11dev/debug/log apq11dev-543204516334 2602 1790680753.844 2|shos_mqtt_conn.c:465    MQTT0: pub ampere/q11dev/debug/log @ 0 (117) -> 0
13:19:25 ampere/q11dev/debug/log apq11dev-543204516334 2603 1790680753.848 2|shos_mqtt_conn.c:465    MQTT0: pub ampere/q11dev/debug/log @ 0 (117) -> 0
13:19:25 ampere/q11dev/debug/log apq11dev-543204516334 2604 1790680753.852 2|shos_mqtt_conn.c:465    MQTT0: pub ampere/q11dev/debug/log @ 0 (117) -> 0
13:19:25 ampere/q11dev/debug/log apq11dev-543204516334 2605 1790680753.913 2|shos_mqtt_conn.c:465    MQTT0: pub ampere/q11dev/debug/log @ 0 (117) -> 0
13:19:25 ampere/q11dev/debug/log apq11dev-543204516334 2606 1790680753.917 2|shos_mqtt_conn.c:465    MQTT0: pub ampere/q11dev/debug/log @ 0 (117) -> 0
13:19:25 ampere/q11dev/debug/log apq11dev-543204516334 2607 1790680753.921 2|shos_mqtt_conn.c:465    MQTT0: pub ampere/q11dev/debug/log @ 0 (117) -> 0
13:19:25 ampere/q11dev/debug/log apq11dev-543204516334 2608 1790680753.925 2|shos_mqtt_conn.c:465    MQTT0: pub ampere/q11dev/debug/log @ 0 (117) -> 0
13:19:25 ampere/q11dev/debug/log apq11dev-543204516334 2609 1790680753.973 2|shos_mqtt_conn.c:465    MQTT0: pub ampere/q11dev/debug/log @ 0 (117) -> 0
13:19:25 ampere/q11dev/debug/log apq11dev-543204516334 2610 1790680753.977 2|shos_mqtt_conn.c:465    MQTT0: pub ampere/q11dev/debug/log @ 0 (117) -> 0
13:19:25 ampere/q11dev/debug/log apq11dev-543204516334 2611 1790680753.981 2|shos_mqtt_conn.c:465    MQTT0: pub ampere/q11dev/debug/log @ 0 (117) -> 0
13:19:25 ampere/q11dev/debug/log apq11dev-543204516334 2612 1790680753.985 2|shos_mqtt_conn.c:465    MQTT0: pub ampere/q11dev/debug/log @ 0 (117) -> 0
13:19:25 ampere/q11dev/debug/log apq11dev-543204516334 2613 1790680754.045 2|shos_mqtt_conn.c:465    MQTT0: pub ampere/q11dev/debug/log @ 0 (117) -> 0
13:19:25 ampere/q11dev/debug/log apq11dev-543204516334 2614 1790680754.049 2|shos_mqtt_conn.c:465    MQTT0: pub ampere/q11dev/debug/log @ 0 (117) -> 0
13:19:25 ampere/q11dev/debug/log apq11dev-543204516334 2615 1790680754.053 2|shos_mqtt_conn.c:465    MQTT0: pub ampere/q11dev/debug/log @ 0 (117) -> 0
13:19:25 ampere/q11dev/debug/log apq11dev-543204516334 2616 1790680754.057 2|shos_mqtt_conn.c:465    MQTT0: pub ampere/q11dev/debug/log @ 0 (117) -> 0
13:19:25 ampere/q11dev/debug/log apq11dev-543204516334 2617 1790680754.135 2|shos_mqtt_conn.c:465    MQTT0: pub ampere/q11dev/debug/log @ 0 (117) -> 0
13:19:25 ampere/q11dev/debug/log apq11dev-543204516334 2618 1790680754.139 2|shos_mqtt_conn.c:465    MQTT0: pub ampere/q11dev/debug/log @ 0 (117) -> 0
13:19:25 ampere/q11dev/debug/log apq11dev-543204516334 2619 1790680754.143 2|shos_mqtt_conn.c:465    MQTT0: pub ampere/q11dev/debug/log @ 0 (117) -> 0
13:19:25 ampere/q11dev/debug/log apq11dev-543204516334 2620 1790680754.148 2|shos_mqtt_conn.c:465    MQTT0: pub ampere/q11dev/debug/log @ 0 (117) -> 0
13:19:25 ampere/q11dev/debug/log apq11dev-543204516334 2621 1790680754.199 2|shos_mqtt_conn.c:465    MQTT0: pub ampere/q11dev/debug/log @ 0 (117) -> 0
13:19:25 ampere/q11dev/debug/log apq11dev-543204516334 2622 1790680754.203 2|shos_mqtt_conn.c:465    MQTT0: pub ampere/q11dev/debug/log @ 0 (117) -> 0
13:19:25 ampere/q11dev/debug/log apq11dev-543204516334 2623 1790680754.207 2|shos_mqtt_conn.c:465    MQTT0: pub ampere/q11dev/debug/log @ 0 (117) -> 0
13:19:25 ampere/q11dev/debug/log apq11dev-543204516334 2624 1790680754.211 2|shos_mqtt_conn.c:465    MQTT0: pub ampere/q11dev/debug/log @ 0 (117) -> 0
13:19:25 ampere/q11dev/debug/log apq11dev-543204516334 2625 1790680754.367 2|shos_mqtt_conn.c:465    MQTT0: pub ampere/q11dev/debug/log @ 0 (117) -> 0
13:19:25 ampere/q11dev/debug/log apq11dev-543204516334 2626 1790680754.371 2|shos_mqtt_conn.c:465    MQTT0: pub ampere/q11dev/debug/log @ 0 (117) -> 0
13:19:25 ampere/q11dev/debug/log apq11dev-543204516334 2627 1790680754.376 2|shos_mqtt_conn.c:465    MQTT0: pub ampere/q11dev/debug/log @ 0 (117) -> 0
13:19:26 ampere/q11dev/debug/log apq11dev-543204516334 2628 1790680754.380 2|shos_mqtt_conn.c:465    MQTT0: pub ampere/q11dev/debug/log @ 0 (117) -> 0
13:19:26 ampere/q11dev/debug/log apq11dev-543204516334 2629 1790680754.427 2|shos_mqtt_conn.c:465    MQTT0: pub ampere/q11dev/debug/log @ 0 (117) -> 0
13:19:26 ampere/q11dev/debug/log apq11dev-543204516334 2630 1790680754.431 2|shos_mqtt_conn.c:465    MQTT0: pub ampere/q11dev/debug/log @ 0 (117) -> 0
13:19:26 ampere/q11dev/debug/log apq11dev-543204516334 2631 1790680754.436 2|shos_mqtt_conn.c:465    MQTT0: pub ampere/q11dev/debug/log @ 0 (117) -> 0
13:19:26 ampere/q11dev/debug/log apq11dev-543204516334 2632 1790680754.440 2|shos_mqtt_conn.c:465    MQTT0: pub ampere/q11dev/debug/log @ 0 (117) -> 0
13:19:26 ampere/q11dev/debug/log apq11dev-543204516334 2633 1790680754.488 2|shos_mqtt_conn.c:465    MQTT0: pub ampere/q11dev/debug/log @ 0 (117) -> 0
13:19:26 ampere/q11dev/debug/log apq11dev-543204516334 2634 1790680754.492 2|shos_mqtt_conn.c:465    MQTT0: pub ampere/q11dev/debug/log @ 0 (117) -> 0
13:19:26 ampere/q11dev/debug/log apq11dev-543204516334 2635 1790680754.497 2|shos_mqtt_conn.c:465    MQTT0: pub ampere/q11dev/debug/log @ 0 (117) -> 0
13:19:26 ampere/q11dev/debug/log apq11dev-543204516334 2636 1790680754.502 2|shos_mqtt_conn.c:465    MQTT0: pub ampere/q11dev/debug/log @ 0 (117) -> 0
13:19:26 ampere/q11dev/debug/log apq11dev-543204516334 2637 1790680754.551 2|shos_mqtt_conn.c:465    MQTT0: pub ampere/q11dev/debug/log @ 0 (117) -> 0
13:19:26 ampere/q11dev/debug/log apq11dev-543204516334 2638 1790680754.555 2|shos_mqtt_conn.c:465    MQTT0: pub ampere/q11dev/debug/log @ 0 (117) -> 0
13:19:26 ampere/q11dev/debug/log apq11dev-543204516334 2639 1790680754.560 2|shos_mqtt_conn.c:465    MQTT0: pub ampere/q11dev/debug/log @ 0 (117) -> 0
13:19:26 ampere/q11dev/debug/log apq11dev-543204516334 2640 1790680754.564 2|shos_mqtt_conn.c:465    MQTT0: pub ampere/q11dev/debug/log @ 0 (117) -> 0
13:19:26 ampere/q11dev/debug/log apq11dev-543204516334 2641 1790680754.612 2|shos_mqtt_conn.c:465    MQTT0: pub ampere/q11dev/debug/log @ 0 (117) -> 0
13:19:26 ampere/q11dev/debug/log apq11dev-543204516334 2642 1790680754.617 2|shos_mqtt_conn.c:465    MQTT0: pub ampere/q11dev/debug/log @ 0 (117) -> 0
13:19:26 ampere/q11dev/debug/log apq11dev-543204516334 2643 1790680754.621 2|shos_mqtt_conn.c:465    MQTT0: pub ampere/q11dev/debug/log @ 0 (117) -> 0
13:19:26 ampere/q11dev/debug/log apq11dev-543204516334 2644 1790680754.625 2|shos_mqtt_conn.c:465    MQTT0: pub ampere/q11dev/debug/log @ 0 (117) -> 0
13:19:26 ampere/q11dev/debug/log apq11dev-543204516334 2645 1790680754.674 2|shos_mqtt_conn.c:465    MQTT0: pub ampere/q11dev/debug/log @ 0 (117) -> 0
13:19:26 ampere/q11dev/debug/log apq11dev-543204516334 2646 1790680754.678 2|shos_mqtt_conn.c:465    MQTT0: pub ampere/q11dev/debug/log @ 0 (117) -> 0
13:19:26 ampere/q11dev/debug/log apq11dev-543204516334 2647 1790680754.683 2|shos_mqtt_conn.c:465    MQTT0: pub ampere/q11dev/debug/log @ 0 (117) -> 0
13:19:26 ampere/q11dev/debug/log apq11dev-543204516334 2648 1790680754.687 2|shos_mqtt_conn.c:465    MQTT0: pub ampere/q11dev/debug/log @ 0 (117) -> 0
13:19:26 ampere/q11dev/debug/log apq11dev-543204516334 2649 1790680754.735 2|shos_mqtt_conn.c:465    MQTT0: pub ampere/q11dev/debug/log @ 0 (117) -> 0
13:19:26 ampere/q11dev/debug/log apq11dev-543204516334 2650 1790680754.739 2|shos_mqtt_conn.c:465    MQTT0: pub ampere/q11dev/debug/log @ 0 (117) -> 0
13:19:26 ampere/q11dev/debug/log apq11dev-543204516334 2651 1790680754.743 2|shos_mqtt_conn.c:465    MQTT0: pub ampere/q11dev/debug/log @ 0 (117) -> 0
13:19:26 ampere/q11dev/debug/log apq11dev-543204516334 2652 1790680754.747 2|shos_mqtt_conn.c:465    MQTT0: pub ampere/q11dev/debug/log @ 0 (117) -> 0
13:19:26 ampere/q11dev/debug/log apq11dev-543204516334 2653 1790680754.795 2|shos_mqtt_conn.c:465    MQTT0: pub ampere/q11dev/debug/log @ 0 (117) -> 0
13:19:26 ampere/q11dev/debug/log apq11dev-543204516334 2654 1790680754.800 2|shos_mqtt_conn.c:465    MQTT0: pub ampere/q11dev/debug/log @ 0 (117) -> 0
13:19:26 ampere/q11dev/debug/log apq11dev-543204516334 2655 1790680754.805 2|shos_mqtt_conn.c:465    MQTT0: pub ampere/q11dev/debug/log @ 0 (117) -> 0
13:19:26 ampere/q11dev/debug/log apq11dev-543204516334 2656 1790680754.810 2|shos_mqtt_conn.c:465    MQTT0: pub ampere/q11dev/debug/log @ 0 (117) -> 0
13:19:26 ampere/q11dev/debug/log apq11dev-543204516334 2657 1790680754.875 2|shos_mqtt_conn.c:465    MQTT0: pub ampere/q11dev/debug/log @ 0 (117) -> 0
13:19:26 ampere/q11dev/debug/log apq11dev-543204516334 2658 1790680754.879 2|shos_mqtt_conn.c:465    MQTT0: pub ampere/q11dev/debug/log @ 0 (117) -> 0
13:19:26 ampere/q11dev/debug/log apq11dev-543204516334 2659 1790680754.883 2|shos_mqtt_conn.c:465    MQTT0: pub ampere/q11dev/debug/log @ 0 (117) -> 0
13:19:26 ampere/q11dev/debug/log apq11dev-543204516334 2660 1790680754.887 2|esp32xx_wifi_if.cpp:234 PK check: link 1 gw 1 UC 1326 MC 141 ctr 16/105 ping 0 num_act 0
13:19:26 ampere/q11dev/debug/log apq11dev-543204516334 2661 1790680754.943 2|shos_mqtt_conn.c:465    MQTT0: pub ampere/q11dev/debug/log @ 0 (117) -> 0
13:19:26 ampere/q11dev/debug/log apq11dev-543204516334 2662 1790680754.947 2|shos_mqtt_conn.c:465    MQTT0: pub ampere/q11dev/debug/log @ 0 (117) -> 0
13:19:27 ampere/q11dev/debug/log apq11dev-543204516334 2663 1790680754.951 2|shos_mqtt_conn.c:465    MQTT0: pub ampere/q11dev/debug/log @ 0 (117) -> 0
13:19:27 ampere/q11dev/debug/log apq11dev-543204516334 2664 1790680754.956 2|shos_mqtt_conn.c:465    MQTT0: pub ampere/q11dev/debug/log @ 0 (117) -> 0
13:19:27 ampere/q11dev/debug/log apq11dev-543204516334 2665 1790680755.005 2|shos_mqtt_conn.c:465    MQTT0: pub ampere/q11dev/debug/log @ 0 (117) -> 0
13:19:27 ampere/q11dev/debug/log apq11dev-543204516334 2666 1790680755.009 2|shos_mqtt_conn.c:465    MQTT0: pub ampere/q11dev/debug/log @ 0 (117) -> 0
13:19:27 ampere/q11dev/debug/log apq11dev-543204516334 2667 1790680755.013 2|shos_mqtt_conn.c:465    MQTT0: pub ampere/q11dev/debug/log @ 0 (117) -> 0
13:19:27 ampere/q11dev/debug/log apq11dev-543204516334 2668 1790680755.017 2|shos_mqtt_conn.c:465    MQTT0: pub ampere/q11dev/debug/log @ 0 (117) -> 0
13:19:27 ampere/q11dev/debug/log apq11dev-543204516334 2669 1790680755.065 2|shos_mqtt_conn.c:465    MQTT0: pub ampere/q11dev/debug/log @ 0 (117) -> 0
13:19:27 ampere/q11dev/debug/log apq11dev-543204516334 2670 1790680755.069 2|shos_mqtt_conn.c:465    MQTT0: pub ampere/q11dev/debug/log @ 0 (117) -> 0
13:19:27 ampere/q11dev/debug/log apq11dev-543204516334 2671 1790680755.073 2|shos_mqtt_conn.c:465    MQTT0: pub ampere/q11dev/debug/log @ 0 (117) -> 0
13:19:27 ampere/q11dev/debug/log apq11dev-543204516334 2672 1790680755.078 2|shos_mqtt_conn.c:465    MQTT0: pub ampere/q11dev/debug/log @ 0 (117) -> 0
13:19:27 ampere/q11dev/debug/log apq11dev-543204516334 2673 1790680755.126 2|shos_mqtt_conn.c:465    MQTT0: pub ampere/q11dev/debug/log @ 0 (117) -> 0
13:19:27 ampere/q11dev/debug/log apq11dev-543204516334 2674 1790680755.131 2|shos_mqtt_conn.c:465    MQTT0: pub ampere/q11dev/debug/log @ 0 (132) -> 0
13:19:27 ampere/q11dev/debug/log apq11dev-543204516334 2675 1790680755.135 2|shos_mqtt_conn.c:465    MQTT0: pub ampere/q11dev/debug/log @ 0 (117) -> 0
13:19:27 ampere/q11dev/debug/log apq11dev-543204516334 2676 1790680755.139 2|shos_mqtt_conn.c:465    MQTT0: pub ampere/q11dev/debug/log @ 0 (117) -> 0
13:19:27 ampere/q11dev/debug/log apq11dev-543204516334 2677 1790680755.199 2|shos_mqtt_conn.c:465    MQTT0: pub ampere/q11dev/debug/log @ 0 (117) -> 0
13:19:27 ampere/q11dev/debug/log apq11dev-543204516334 2678 1790680755.203 2|shos_mqtt_conn.c:465    MQTT0: pub ampere/q11dev/debug/log @ 0 (117) -> 0
13:19:27 ampere/q11dev/debug/log apq11dev-543204516334 2679 1790680755.207 2|shos_mqtt_conn.c:465    MQTT0: pub ampere/q11dev/debug/log @ 0 (117) -> 0
13:19:27 ampere/q11dev/debug/log apq11dev-543204516334 2680 1790680755.211 2|shos_mqtt_conn.c:465    MQTT0: pub ampere/q11dev/debug/log @ 0 (117) -> 0
13:19:27 ampere/q11dev/debug/log apq11dev-543204516334 2681 1790680755.273 2|shos_mqtt_conn.c:465    MQTT0: pub ampere/q11dev/debug/log @ 0 (117) -> 0
13:19:27 ampere/q11dev/debug/log apq11dev-543204516334 2682 1790680755.277 2|shos_mqtt_conn.c:465    MQTT0: pub ampere/q11dev/debug/log @ 0 (117) -> 0
13:19:27 ampere/q11dev/debug/log apq11dev-543204516334 2683 1790680755.281 2|shos_mqtt_conn.c:465    MQTT0: pub ampere/q11dev/debug/log @ 0 (117) -> 0
13:19:27 ampere/q11dev/debug/log apq11dev-543204516334 2684 1790680755.285 2|shos_mqtt_conn.c:465    MQTT0: pub ampere/q11dev/debug/log @ 0 (117) -> 0
13:19:27 ampere/q11dev/debug/log apq11dev-543204516334 2685 1790680755.333 2|shos_mqtt_conn.c:465    MQTT0: pub ampere/q11dev/debug/log @ 0 (117) -> 0
13:19:27 ampere/q11dev/debug/log apq11dev-543204516334 2686 1790680755.337 2|shos_mqtt_conn.c:465    MQTT0: pub ampere/q11dev/debug/log @ 0 (117) -> 0
13:19:27 ampere/q11dev/debug/log apq11dev-543204516334 2687 1790680755.341 2|shos_mqtt_conn.c:465    MQTT0: pub ampere/q11dev/debug/log @ 0 (117) -> 0
13:19:27 ampere/q11dev/debug/log apq11dev-543204516334 2688 1790680755.346 2|shos_mqtt_conn.c:465    MQTT0: pub ampere/q11dev/debug/log @ 0 (117) -> 0
13:19:27 ampere/q11dev/debug/log apq11dev-543204516334 2689 1790680755.393 2|shos_mqtt_conn.c:465    MQTT0: pub ampere/q11dev/debug/log @ 0 (117) -> 0
13:19:27 ampere/q11dev/debug/log apq11dev-543204516334 2690 1790680755.397 2|shos_mqtt_conn.c:465    MQTT0: pub ampere/q11dev/debug/log @ 0 (117) -> 0
13:19:27 ampere/q11dev/debug/log apq11dev-543204516334 2691 1790680755.401 2|shos_mqtt_conn.c:465    MQTT0: pub ampere/q11dev/debug/log @ 0 (117) -> 0
13:19:27 ampere/q11dev/debug/log apq11dev-543204516334 2692 1790680755.405 2|shos_mqtt_conn.c:465    MQTT0: pub ampere/q11dev/debug/log @ 0 (117) -> 0
13:19:27 ampere/q11dev/debug/log apq11dev-543204516334 2693 1790680755.456 2|shos_mqtt_conn.c:465    MQTT0: pub ampere/q11dev/debug/log @ 0 (117) -> 0
13:19:27 ampere/q11dev/debug/log apq11dev-543204516334 2694 1790680755.460 2|shos_mqtt_conn.c:465    MQTT0: pub ampere/q11dev/debug/log @ 0 (117) -> 0
13:19:27 ampere/q11dev/debug/log apq11dev-543204516334 2695 1790680755.464 2|shos_mqtt_conn.c:465    MQTT0: pub ampere/q11dev/debug/log @ 0 (117) -> 0
13:19:27 ampere/q11dev/debug/log apq11dev-543204516334 2696 1790680755.468 2|shos_mqtt_conn.c:465    MQTT0: pub ampere/q11dev/debug/log @ 0 (117) -> 0
13:19:28 ampere/q11dev/debug/log apq11dev-543204516334 2697 1790680755.526 2|shos_mqtt_conn.c:465    MQTT0: pub ampere/q11dev/debug/log @ 0 (117) -> 0
13:19:28 ampere/q11dev/debug/log apq11dev-543204516334 2698 1790680755.530 2|shos_mqtt_conn.c:465    MQTT0: pub ampere/q11dev/debug/log @ 0 (117) -> 0
13:19:28 ampere/q11dev/debug/log apq11dev-543204516334 2699 1790680755.534 2|shos_mqtt_conn.c:465    MQTT0: pub ampere/q11dev/debug/log @ 0 (117) -> 0
13:19:28 ampere/q11dev/debug/log apq11dev-543204516334 2700 1790680755.539 2|shos_mqtt_conn.c:465    MQTT0: pub ampere/q11dev/debug/log @ 0 (117) -> 0
13:19:28 ampere/q11dev/debug/log apq11dev-543204516334 2701 1790680755.594 2|shos_mqtt_conn.c:465    MQTT0: pub ampere/q11dev/debug/log @ 0 (117) -> 0
13:19:28 ampere/q11dev/debug/log apq11dev-543204516334 2702 1790680755.598 2|shos_mqtt_conn.c:465    MQTT0: pub ampere/q11dev/debug/log @ 0 (117) -> 0
13:19:28 ampere/q11dev/debug/log apq11dev-543204516334 2703 1790680755.602 2|shos_mqtt_conn.c:465    MQTT0: pub ampere/q11dev/debug/log @ 0 (117) -> 0
13:19:28 ampere/q11dev/debug/log apq11dev-543204516334 2704 1790680755.606 2|shos_mqtt_conn.c:465    MQTT0: pub ampere/q11dev/debug/log @ 0 (117) -> 0
13:19:28 ampere/q11dev/debug/log apq11dev-543204516334 2705 1790680755.671 2|shos_mqtt_conn.c:465    MQTT0: pub ampere/q11dev/debug/log @ 0 (117) -> 0
13:19:28 ampere/q11dev/debug/log apq11dev-543204516334 2706 1790680755.675 2|shos_mqtt_conn.c:465    MQTT0: pub ampere/q11dev/debug/log @ 0 (117) -> 0
13:19:28 ampere/q11dev/debug/log apq11dev-543204516334 2707 1790680755.679 2|shos_mqtt_conn.c:465    MQTT0: pub ampere/q11dev/debug/log @ 0 (117) -> 0
13:19:28 ampere/q11dev/debug/log apq11dev-543204516334 2708 1790680755.683 2|shos_mqtt_conn.c:465    MQTT0: pub ampere/q11dev/debug/log @ 0 (117) -> 0
13:19:28 ampere/q11dev/debug/log apq11dev-543204516334 2709 1790680755.738 2|shos_mqtt_conn.c:465    MQTT0: pub ampere/q11dev/debug/log @ 0 (117) -> 0
13:19:28 ampere/q11dev/debug/log apq11dev-543204516334 2710 1790680755.742 2|shos_mqtt_conn.c:465    MQTT0: pub ampere/q11dev/debug/log @ 0 (117) -> 0
13:19:28 ampere/q11dev/debug/log apq11dev-543204516334 2711 1790680755.746 2|shos_mqtt_conn.c:465    MQTT0: pub ampere/q11dev/debug/log @ 0 (117) -> 0
13:19:28 ampere/q11dev/debug/log apq11dev-543204516334 2712 1790680755.750 2|shos_mqtt_conn.c:465    MQTT0: pub ampere/q11dev/debug/log @ 0 (117) -> 0
13:19:28 ampere/q11dev/debug/log apq11dev-543204516334 2713 1790680755.800 2|shos_mqtt_conn.c:465    MQTT0: pub ampere/q11dev/debug/log @ 0 (117) -> 0
13:19:28 ampere/q11dev/debug/log apq11dev-543204516334 2714 1790680755.803 2|shos_mqtt_conn.c:465    MQTT0: pub ampere/q11dev/debug/log @ 0 (117) -> 0
13:19:28 ampere/q11dev/debug/log apq11dev-543204516334 2715 1790680755.808 2|shos_mqtt_conn.c:465    MQTT0: pub ampere/q11dev/debug/log @ 0 (117) -> 0
13:19:28 ampere/q11dev/debug/log apq11dev-543204516334 2716 1790680755.812 2|shos_mqtt_conn.c:465    MQTT0: pub ampere/q11dev/debug/log @ 0 (117) -> 0
13:19:28 ampere/q11dev/debug/log apq11dev-543204516334 2717 1790680755.860 2|shos_mqtt_conn.c:465    MQTT0: pub ampere/q11dev/debug/log @ 0 (117) -> 0
13:19:28 ampere/q11dev/debug/log apq11dev-543204516334 2718 1790680755.864 2|shos_mqtt_conn.c:465    MQTT0: pub ampere/q11dev/debug/log @ 0 (117) -> 0
13:19:28 ampere/q11dev/debug/log apq11dev-543204516334 2719 1790680755.869 2|shos_mqtt_conn.c:465    MQTT0: pub ampere/q11dev/debug/log @ 0 (117) -> 0
13:19:28 ampere/q11dev/debug/log apq11dev-543204516334 2720 1790680755.873 2|shos_mqtt_conn.c:465    MQTT0: pub ampere/q11dev/debug/log @ 0 (117) -> 0
13:19:28 ampere/q11dev/debug/log apq11dev-543204516334 2721 1790680755.922 2|shos_mqtt_conn.c:465    MQTT0: pub ampere/q11dev/debug/log @ 0 (117) -> 0
13:19:28 ampere/q11dev/debug/log apq11dev-543204516334 2722 1790680755.926 2|shos_mqtt_conn.c:465    MQTT0: pub ampere/q11dev/debug/log @ 0 (117) -> 0
13:19:28 ampere/q11dev/debug/log apq11dev-543204516334 2723 1790680755.930 2|shos_mqtt_conn.c:465    MQTT0: pub ampere/q11dev/debug/log @ 0 (117) -> 0
13:19:28 ampere/q11dev/debug/log apq11dev-543204516334 2724 1790680755.935 2|shos_mqtt_conn.c:465    MQTT0: pub ampere/q11dev/debug/log @ 0 (117) -> 0
13:19:28 ampere/q11dev/debug/log apq11dev-543204516334 2725 1790680755.982 2|shos_mqtt_conn.c:465    MQTT0: pub ampere/q11dev/debug/log @ 0 (117) -> 0
13:19:28 ampere/q11dev/debug/log apq11dev-543204516334 2726 1790680755.986 2|shos_mqtt_conn.c:465    MQTT0: pub ampere/q11dev/debug/log @ 0 (117) -> 0
13:19:28 ampere/q11dev/debug/log apq11dev-543204516334 2727 1790680755.990 2|shos_mqtt_conn.c:465    MQTT0: pub ampere/q11dev/debug/log @ 0 (117) -> 0
13:19:28 ampere/q11dev/debug/log apq11dev-543204516334 2728 1790680755.995 2|shos_mqtt_conn.c:465    MQTT0: pub ampere/q11dev/debug/log @ 0 (117) -> 0
13:19:29 ampere/q11dev/debug/log apq11dev-543204516334 2729 1790680756.043 2|shos_mqtt_conn.c:465    MQTT0: pub ampere/q11dev/debug/log @ 0 (117) -> 0
13:19:29 ampere/q11dev/debug/log apq11dev-543204516334 2730 1790680756.047 2|shos_mqtt_conn.c:465    MQTT0: pub ampere/q11dev/debug/log @ 0 (117) -> 0
13:19:29 ampere/q11dev/debug/log apq11dev-543204516334 2731 1790680756.052 2|shos_mqtt_conn.c:465    MQTT0: pub ampere/q11dev/debug/log @ 0 (117) -> 0
13:19:29 ampere/q11dev/debug/log apq11dev-543204516334 2732 1790680756.056 2|shos_mqtt_conn.c:465    MQTT0: pub ampere/q11dev/debug/log @ 0 (117) -> 0
13:19:29 ampere/q11dev/debug/log apq11dev-543204516334 2733 1790680756.104 2|shos_mqtt_conn.c:465    MQTT0: pub ampere/q11dev/debug/log @ 0 (117) -> 0
13:19:29 ampere/q11dev/debug/log apq11dev-543204516334 2734 1790680756.108 2|shos_mqtt_conn.c:465    MQTT0: pub ampere/q11dev/debug/log @ 0 (117) -> 0
13:19:29 ampere/q11dev/debug/log apq11dev-543204516334 2735 1790680756.112 2|shos_mqtt_conn.c:465    MQTT0: pub ampere/q11dev/debug/log @ 0 (117) -> 0
13:19:29 ampere/q11dev/debug/log apq11dev-543204516334 2736 1790680756.117 2|shos_mqtt_conn.c:465    MQTT0: pub ampere/q11dev/debug/log @ 0 (117) -> 0
13:19:29 ampere/q11dev/debug/log apq11dev-543204516334 2737 1790680756.165 2|shos_mqtt_conn.c:465    MQTT0: pub ampere/q11dev/debug/log @ 0 (117) -> 0
13:19:29 ampere/q11dev/debug/log apq11dev-543204516334 2738 1790680756.169 2|shos_mqtt_conn.c:465    MQTT0: pub ampere/q11dev/debug/log @ 0 (117) -> 0
13:19:29 ampere/q11dev/debug/log apq11dev-543204516334 2739 1790680756.173 2|shos_mqtt_conn.c:465    MQTT0: pub ampere/q11dev/debug/log @ 0 (117) -> 0
13:19:29 ampere/q11dev/debug/log apq11dev-543204516334 2740 1790680756.177 2|shos_mqtt_conn.c:465    MQTT0: pub ampere/q11dev/debug/log @ 0 (117) -> 0
13:19:29 ampere/q11dev/debug/log apq11dev-543204516334 2741 1790680756.226 2|shos_mqtt_conn.c:465    MQTT0: pub ampere/q11dev/debug/log @ 0 (117) -> 0
13:19:29 ampere/q11dev/debug/log apq11dev-543204516334 2742 1790680756.230 2|shos_mqtt_conn.c:465    MQTT0: pub ampere/q11dev/debug/log @ 0 (117) -> 0
13:19:29 ampere/q11dev/debug/log apq11dev-543204516334 2743 1790680756.234 2|shos_mqtt_conn.c:465    MQTT0: pub ampere/q11dev/debug/log @ 0 (117) -> 0
13:19:29 ampere/q11dev/debug/log apq11dev-543204516334 2744 1790680756.238 2|shos_mqtt_conn.c:465    MQTT0: pub ampere/q11dev/debug/log @ 0 (117) -> 0
13:19:29 ampere/q11dev/debug/log apq11dev-543204516334 2745 1790680756.287 2|shos_mqtt_conn.c:465    MQTT0: pub ampere/q11dev/debug/log @ 0 (117) -> 0
13:19:29 ampere/q11dev/debug/log apq11dev-543204516334 2746 1790680756.291 2|shos_mqtt_conn.c:465    MQTT0: pub ampere/q11dev/debug/log @ 0 (117) -> 0
13:19:29 ampere/q11dev/debug/log apq11dev-543204516334 2747 1790680756.295 2|shos_mqtt_conn.c:465    MQTT0: pub ampere/q11dev/debug/log @ 0 (117) -> 0
13:19:29 ampere/q11dev/debug/log apq11dev-543204516334 2748 1790680756.299 2|shos_mqtt_conn.c:465    MQTT0: pub ampere/q11dev/debug/log @ 0 (117) -> 0
13:19:29 ampere/q11dev/debug/log apq11dev-543204516334 2749 1790680756.369 2|shos_mqtt_conn.c:465    MQTT0: pub ampere/q11dev/debug/log @ 0 (117) -> 0
13:19:29 ampere/q11dev/debug/log apq11dev-543204516334 2750 1790680756.373 2|shos_mqtt_conn.c:465    MQTT0: pub ampere/q11dev/debug/log @ 0 (117) -> 0
13:19:29 ampere/q11dev/debug/log apq11dev-543204516334 2751 1790680756.377 2|shos_mqtt_conn.c:465    MQTT0: pub ampere/q11dev/debug/log @ 0 (117) -> 0
13:19:29 ampere/q11dev/debug/log apq11dev-543204516334 2752 1790680756.382 2|shos_mqtt_conn.c:465    MQTT0: pub ampere/q11dev/debug/log @ 0 (117) -> 0
13:19:29 ampere/q11dev/debug/log apq11dev-543204516334 2753 1790680756.433 2|shos_mqtt_conn.c:465    MQTT0: pub ampere/q11dev/debug/log @ 0 (117) -> 0
13:19:29 ampere/q11dev/debug/log apq11dev-543204516334 2754 1790680756.437 2|shos_mqtt_conn.c:465    MQTT0: pub ampere/q11dev/debug/log @ 0 (117) -> 0
13:19:29 ampere/q11dev/debug/log apq11dev-543204516334 2755 1790680756.441 2|shos_mqtt_conn.c:465    MQTT0: pub ampere/q11dev/debug/log @ 0 (117) -> 0
13:19:29 ampere/q11dev/debug/log apq11dev-543204516334 2756 1790680756.445 2|shos_mqtt_conn.c:465    MQTT0: pub ampere/q11dev/debug/log @ 0 (117) -> 0
13:19:29 ampere/q11dev/debug/log apq11dev-543204516334 2757 1790680756.493 2|shos_mqtt_conn.c:465    MQTT0: pub ampere/q11dev/debug/log @ 0 (117) -> 0
13:19:29 ampere/q11dev/debug/log apq11dev-543204516334 2758 1790680756.497 2|shos_mqtt_conn.c:465    MQTT0: pub ampere/q11dev/debug/log @ 0 (117) -> 0
13:19:29 ampere/q11dev/debug/log apq11dev-543204516334 2759 1790680756.501 2|shos_mqtt_conn.c:465    MQTT0: pub ampere/q11dev/debug/log @ 0 (117) -> 0
13:19:29 ampere/q11dev/debug/log apq11dev-543204516334 2760 1790680756.507 2|shos_mqtt_conn.c:465    MQTT0: pub ampere/q11dev/debug/log @ 0 (117) -> 0
13:19:29 ampere/q11dev/debug/log apq11dev-543204516334 2761 1790680756.555 2|shos_mqtt_conn.c:465    MQTT0: pub ampere/q11dev/debug/log @ 0 (117) -> 0
13:19:29 ampere/q11dev/debug/log apq11dev-543204516334 2762 1790680756.560 2|shos_mqtt_conn.c:465    MQTT0: pub ampere/q11dev/debug/log @ 0 (117) -> 0
13:19:30 ampere/q11dev/debug/log apq11dev-543204516334 2763 1790680756.564 2|shos_mqtt_conn.c:465    MQTT0: pub ampere/q11dev/debug/log @ 0 (117) -> 0
13:19:30 ampere/q11dev/debug/log apq11dev-543204516334 2764 1790680756.568 2|shos_mqtt_conn.c:465    MQTT0: pub ampere/q11dev/debug/log @ 0 (117) -> 0
13:19:30 ampere/q11dev/debug/log apq11dev-543204516334 2765 1790680756.625 2|shos_mqtt_conn.c:465    MQTT0: pub ampere/q11dev/debug/log @ 0 (117) -> 0
13:19:30 ampere/q11dev/debug/log apq11dev-543204516334 2766 1790680756.629 2|shos_mqtt_conn.c:465    MQTT0: pub ampere/q11dev/debug/log @ 0 (117) -> 0
13:19:30 ampere/q11dev/debug/log apq11dev-543204516334 2767 1790680756.633 2|shos_mqtt_conn.c:465    MQTT0: pub ampere/q11dev/debug/log @ 0 (117) -> 0
13:19:30 ampere/q11dev/debug/log apq11dev-543204516334 2768 1790680756.637 2|shos_mqtt_conn.c:465    MQTT0: pub ampere/q11dev/debug/log @ 0 (117) -> 0
13:19:30 ampere/q11dev/debug/log apq11dev-543204516334 2769 1790680756.740 2|shos_mqtt_conn.c:465    MQTT0: pub ampere/q11dev/debug/log @ 0 (117) -> 0
13:19:30 ampere/q11dev/debug/log apq11dev-543204516334 2770 1790680756.745 2|shos_mqtt_conn.c:465    MQTT0: pub ampere/q11dev/debug/log @ 0 (117) -> 0
13:19:30 ampere/q11dev/debug/log apq11dev-543204516334 2771 1790680756.749 2|shos_mqtt_conn.c:465    MQTT0: pub ampere/q11dev/debug/log @ 0 (117) -> 0
13:19:30 ampere/q11dev/debug/log apq11dev-543204516334 2772 1790680756.753 2|shos_mqtt_conn.c:465    MQTT0: pub ampere/q11dev/debug/log @ 0 (117) -> 0
13:19:30 ampere/q11dev/debug/log apq11dev-543204516334 2773 1790680756.801 2|shos_mqtt_conn.c:465    MQTT0: pub ampere/q11dev/debug/log @ 0 (117) -> 0
13:19:30 ampere/q11dev/debug/log apq11dev-543204516334 2774 1790680756.805 2|shos_mqtt_conn.c:465    MQTT0: pub ampere/q11dev/debug/log @ 0 (117) -> 0
13:19:30 ampere/q11dev/debug/log apq11dev-543204516334 2775 1790680756.809 2|shos_mqtt_conn.c:465    MQTT0: pub ampere/q11dev/debug/log @ 0 (117) -> 0
13:19:30 ampere/q11dev/debug/log apq11dev-543204516334 2776 1790680756.813 2|shos_mqtt_conn.c:465    MQTT0: pub ampere/q11dev/debug/log @ 0 (117) -> 0
13:19:30 ampere/q11dev/debug/log apq11dev-543204516334 2777 1790680756.862 2|shos_mqtt_conn.c:465    MQTT0: pub ampere/q11dev/debug/log @ 0 (117) -> 0
13:19:30 ampere/q11dev/debug/log apq11dev-543204516334 2778 1790680756.867 2|shos_mqtt_conn.c:465    MQTT0: pub ampere/q11dev/debug/log @ 0 (117) -> 0
13:19:30 ampere/q11dev/debug/log apq11dev-543204516334 2779 1790680756.871 2|shos_mqtt_conn.c:465    MQTT0: pub ampere/q11dev/debug/log @ 0 (117) -> 0
13:19:30 ampere/q11dev/debug/log apq11dev-543204516334 2780 1790680756.875 2|shos_mqtt_conn.c:465    MQTT0: pub ampere/q11dev/debug/log @ 0 (117) -> 0
13:19:30 ampere/q11dev/debug/log apq11dev-543204516334 2781 1790680756.940 2|esp32xx_wifi_if.cpp:234 PK check: link 1 gw 1 UC 1388 MC 144 ctr 16/105 ping 0 num_act 0
13:19:30 ampere/q11dev/debug/log apq11dev-543204516334 2782 1790680756.944 2|hos_lwip_eth_if.cpp:513 ws(0x3fcde634): Status: server 0 oper_up 1 link_up 1/1 hf 82340
13:19:30 ampere/q11dev/debug/log apq11dev-543204516334 2783 1790680756.948 2|shos_mqtt_conn.c:465    MQTT0: pub ampere/q11dev/debug/log @ 0 (117) -> 0
13:19:30 ampere/q11dev/debug/log apq11dev-543204516334 2784 1790680756.953 2|shos_mqtt_conn.c:465    MQTT0: pub ampere/q11dev/debug/log @ 0 (117) -> 0
13:19:30 ampere/q11dev/debug/log apq11dev-543204516334 2785 1790680757.009 2|shos_mqtt_conn.c:465    MQTT0: pub ampere/q11dev/debug/log @ 0 (117) -> 0
13:19:30 ampere/q11dev/debug/log apq11dev-543204516334 2786 1790680757.013 2|shos_mqtt_conn.c:465    MQTT0: pub ampere/q11dev/debug/log @ 0 (117) -> 0
13:19:30 ampere/q11dev/debug/log apq11dev-543204516334 2787 1790680757.017 2|shos_mqtt_conn.c:465    MQTT0: pub ampere/q11dev/debug/log @ 0 (117) -> 0
13:19:30 ampere/q11dev/debug/log apq11dev-543204516334 2788 1790680757.022 2|shos_mqtt_conn.c:465    MQTT0: pub ampere/q11dev/debug/log @ 0 (117) -> 0
13:19:30 ampere/q11dev/debug/log apq11dev-543204516334 2789 1790680757.069 2|shos_mqtt_conn.c:465    MQTT0: pub ampere/q11dev/debug/log @ 0 (117) -> 0
13:19:30 ampere/q11dev/debug/log apq11dev-543204516334 2790 1790680757.074 2|shos_mqtt_conn.c:465    MQTT0: pub ampere/q11dev/debug/log @ 0 (117) -> 0
13:19:30 ampere/q11dev/debug/log apq11dev-543204516334 2791 1790680757.078 2|shos_mqtt_conn.c:465    MQTT0: pub ampere/q11dev/debug/log @ 0 (117) -> 0
13:19:30 ampere/q11dev/debug/log apq11dev-543204516334 2792 1790680757.082 2|shos_mqtt_conn.c:465    MQTT0: pub ampere/q11dev/debug/log @ 0 (117) -> 0
13:19:30 ampere/q11dev/debug/log apq11dev-543204516334 2793 1790680757.142 2|shos_mqtt_conn.c:465    MQTT0: pub ampere/q11dev/debug/log @ 0 (117) -> 0
13:19:30 ampere/q11dev/debug/log apq11dev-543204516334 2794 1790680757.147 2|shos_mqtt_conn.c:465    MQTT0: pub ampere/q11dev/debug/log @ 0 (117) -> 0
13:19:30 ampere/q11dev/debug/log apq11dev-543204516334 2795 1790680757.151 2|shos_mqtt_conn.c:465    MQTT0: pub ampere/q11dev/debug/log @ 0 (132) -> 0
13:19:30 ampere/q11dev/debug/log apq11dev-543204516334 2796 1790680757.155 2|shos_mqtt_conn.c:465    MQTT0: pub ampere/q11dev/debug/log @ 0 (131) -> 0
13:19:30 ampere/q11dev/debug/log apq11dev-543204516334 2797 1790680757.287 2|shos_mqtt_conn.c:465    MQTT0: pub ampere/q11dev/debug/log @ 0 (117) -> 0
13:19:30 ampere/q11dev/debug/log apq11dev-543204516334 2798 1790680757.292 2|shos_mqtt_conn.c:465    MQTT0: pub ampere/q11dev/debug/log @ 0 (117) -> 0
13:19:31 ampere/q11dev/debug/log apq11dev-543204516334 2799 1790680757.297 2|shos_mqtt_conn.c:465    MQTT0: pub ampere/q11dev/debug/log @ 0 (117) -> 0
13:19:31 ampere/q11dev/debug/log apq11dev-543204516334 2800 1790680757.301 2|shos_mqtt_conn.c:465    MQTT0: pub ampere/q11dev/debug/log @ 0 (117) -> 0
13:19:31 ampere/q11dev/debug/log apq11dev-543204516334 2801 1790680757.356 2|shos_mqtt_conn.c:465    MQTT0: pub ampere/q11dev/debug/log @ 0 (117) -> 0
13:19:31 ampere/q11dev/debug/log apq11dev-543204516334 2802 1790680757.360 2|shos_mqtt_conn.c:465    MQTT0: pub ampere/q11dev/debug/log @ 0 (117) -> 0
13:19:31 ampere/q11dev/debug/log apq11dev-543204516334 2803 1790680757.364 2|shos_mqtt_conn.c:465    MQTT0: pub ampere/q11dev/debug/log @ 0 (117) -> 0
13:19:31 ampere/q11dev/debug/log apq11dev-543204516334 2804 1790680757.369 2|shos_mqtt_conn.c:465    MQTT0: pub ampere/q11dev/debug/log @ 0 (117) -> 0
13:19:31 ampere/q11dev/debug/log apq11dev-543204516334 2805 1790680757.415 2|shos_mqtt_conn.c:465    MQTT0: pub ampere/q11dev/debug/log @ 0 (117) -> 0
13:19:31 ampere/q11dev/debug/log apq11dev-543204516334 2806 1790680757.420 2|shos_mqtt_conn.c:465    MQTT0: pub ampere/q11dev/debug/log @ 0 (117) -> 0
13:19:31 ampere/q11dev/debug/log apq11dev-543204516334 2807 1790680757.424 2|shos_mqtt_conn.c:465    MQTT0: pub ampere/q11dev/debug/log @ 0 (117) -> 0
13:19:31 ampere/q11dev/debug/log apq11dev-543204516334 2808 1790680757.428 2|shos_mqtt_conn.c:465    MQTT0: pub ampere/q11dev/debug/log @ 0 (117) -> 0
13:19:31 ampere/q11dev/debug/log apq11dev-543204516334 2809 1790680757.477 2|shos_mqtt_conn.c:465    MQTT0: pub ampere/q11dev/debug/log @ 0 (117) -> 0
13:19:31 ampere/q11dev/debug/log apq11dev-543204516334 2810 1790680757.481 2|shos_mqtt_conn.c:465    MQTT0: pub ampere/q11dev/debug/log @ 0 (117) -> 0
13:19:31 ampere/q11dev/debug/log apq11dev-543204516334 2811 1790680757.485 2|shos_mqtt_conn.c:465    MQTT0: pub ampere/q11dev/debug/log @ 0 (117) -> 0
13:19:31 ampere/q11dev/debug/log apq11dev-543204516334 2812 1790680757.489 2|shos_mqtt_conn.c:465    MQTT0: pub ampere/q11dev/debug/log @ 0 (117) -> 0
13:19:31 ampere/q11dev/debug/log apq11dev-543204516334 2813 1790680757.549 2|shos_mqtt_conn.c:465    MQTT0: pub ampere/q11dev/debug/log @ 0 (117) -> 0
13:19:31 ampere/q11dev/debug/log apq11dev-543204516334 2814 1790680757.553 2|shos_mqtt_conn.c:465    MQTT0: pub ampere/q11dev/debug/log @ 0 (117) -> 0
13:19:31 ampere/q11dev/debug/log apq11dev-543204516334 2815 1790680757.558 2|shos_mqtt_conn.c:465    MQTT0: pub ampere/q11dev/debug/log @ 0 (117) -> 0
13:19:31 ampere/q11dev/debug/log apq11dev-543204516334 2816 1790680757.562 2|shos_mqtt_conn.c:465    MQTT0: pub ampere/q11dev/debug/log @ 0 (117) -> 0
13:19:31 ampere/q11dev/debug/log apq11dev-543204516334 2817 1790680757.610 2|shos_mqtt_conn.c:465    MQTT0: pub ampere/q11dev/debug/log @ 0 (117) -> 0
13:19:31 ampere/q11dev/debug/log apq11dev-543204516334 2818 1790680757.614 2|shos_mqtt_conn.c:465    MQTT0: pub ampere/q11dev/debug/log @ 0 (117) -> 0
13:19:31 ampere/q11dev/debug/log apq11dev-543204516334 2819 1790680757.618 2|shos_mqtt_conn.c:465    MQTT0: pub ampere/q11dev/debug/log @ 0 (117) -> 0
13:19:31 ampere/q11dev/debug/log apq11dev-543204516334 2820 1790680757.622 2|shos_mqtt_conn.c:465    MQTT0: pub ampere/q11dev/debug/log @ 0 (117) -> 0
13:19:31 ampere/q11dev/debug/log apq11dev-543204516334 2821 1790680757.690 2|shos_mqtt_conn.c:465    MQTT0: pub ampere/q11dev/debug/log @ 0 (117) -> 0
13:19:31 ampere/q11dev/debug/log apq11dev-543204516334 2822 1790680757.694 2|shos_mqtt_conn.c:465    MQTT0: pub ampere/q11dev/debug/log @ 0 (117) -> 0
13:19:31 ampere/q11dev/debug/log apq11dev-543204516334 2823 1790680757.699 2|shos_mqtt_conn.c:465    MQTT0: pub ampere/q11dev/debug/log @ 0 (117) -> 0
13:19:31 ampere/q11dev/debug/log apq11dev-543204516334 2824 1790680757.704 2|shos_mqtt_conn.c:465    MQTT0: pub ampere/q11dev/debug/log @ 0 (117) -> 0
13:19:31 ampere/q11dev/debug/log apq11dev-543204516334 2825 1790680757.763 2|shos_mqtt_conn.c:465    MQTT0: pub ampere/q11dev/debug/log @ 0 (117) -> 0
13:19:31 ampere/q11dev/debug/log apq11dev-543204516334 2826 1790680757.767 2|shos_mqtt_conn.c:465    MQTT0: pub ampere/q11dev/debug/log @ 0 (117) -> 0
13:19:31 ampere/q11dev/debug/log apq11dev-543204516334 2827 1790680757.771 2|shos_mqtt_conn.c:465    MQTT0: pub ampere/q11dev/debug/log @ 0 (117) -> 0
13:19:31 ampere/q11dev/debug/log apq11dev-543204516334 2828 1790680757.776 2|shos_mqtt_conn.c:465    MQTT0: pub ampere/q11dev/debug/log @ 0 (117) -> 0
13:19:31 ampere/q11dev/debug/log apq11dev-543204516334 2829 1790680757.827 2|shos_mqtt_conn.c:465    MQTT0: pub ampere/q11dev/debug/log @ 0 (117) -> 0
13:19:31 ampere/q11dev/debug/log apq11dev-543204516334 2830 1790680757.831 2|shos_mqtt_conn.c:465    MQTT0: pub ampere/q11dev/debug/log @ 0 (117) -> 0
13:19:31 ampere/q11dev/debug/log apq11dev-543204516334 2831 1790680757.835 2|shos_mqtt_conn.c:465    MQTT0: pub ampere/q11dev/debug/log @ 0 (117) -> 0
13:19:31 ampere/q11dev/debug/log apq11dev-543204516334 2832 1790680757.839 2|shos_mqtt_conn.c:465    MQTT0: pub ampere/q11dev/debug/log @ 0 (117) -> 0
13:19:32 ampere/q11dev/debug/log apq11dev-543204516334 2833 1790680757.898 2|shos_mqtt_conn.c:465    MQTT0: pub ampere/q11dev/debug/log @ 0 (117) -> 0
13:19:32 ampere/q11dev/debug/log apq11dev-543204516334 2834 1790680757.903 2|shos_mqtt_conn.c:465    MQTT0: pub ampere/q11dev/debug/log @ 0 (117) -> 0
13:19:32 ampere/q11dev/debug/log apq11dev-543204516334 2835 1790680757.908 2|shos_mqtt_conn.c:465    MQTT0: pub ampere/q11dev/debug/log @ 0 (117) -> 0
13:19:32 ampere/q11dev/debug/log apq11dev-543204516334 2836 1790680757.913 2|shos_mqtt_conn.c:465    MQTT0: pub ampere/q11dev/debug/log @ 0 (117) -> 0
13:19:32 ampere/q11dev/debug/log apq11dev-543204516334 2837 1790680757.995 2|shos_mqtt_conn.c:465    MQTT0: pub ampere/q11dev/debug/log @ 0 (117) -> 0
13:19:32 ampere/q11dev/debug/log apq11dev-543204516334 2838 1790680757.999 2|shos_mqtt_conn.c:465    MQTT0: pub ampere/q11dev/debug/log @ 0 (117) -> 0
13:19:32 ampere/q11dev/debug/log apq11dev-543204516334 2839 1790680758.003 2|shos_mqtt_conn.c:465    MQTT0: pub ampere/q11dev/debug/log @ 0 (117) -> 0
13:19:32 ampere/q11dev/debug/log apq11dev-543204516334 2840 1790680758.007 2|shos_mqtt_conn.c:465    MQTT0: pub ampere/q11dev/debug/log @ 0 (117) -> 0
13:19:32 ampere/q11dev/debug/log apq11dev-543204516334 2841 1790680758.059 2|shos_mqtt_conn.c:465    MQTT0: pub ampere/q11dev/debug/log @ 0 (117) -> 0
13:19:32 ampere/q11dev/debug/log apq11dev-543204516334 2842 1790680758.064 2|shos_mqtt_conn.c:465    MQTT0: pub ampere/q11dev/debug/log @ 0 (117) -> 0
13:19:32 ampere/q11dev/debug/log apq11dev-543204516334 2843 1790680758.068 2|shos_mqtt_conn.c:465    MQTT0: pub ampere/q11dev/debug/log @ 0 (117) -> 0
13:19:32 ampere/q11dev/debug/log apq11dev-543204516334 2844 1790680758.073 2|shos_mqtt_conn.c:465    MQTT0: pub ampere/q11dev/debug/log @ 0 (117) -> 0
13:19:32 ampere/q11dev/debug/log apq11dev-543204516334 2845 1790680758.121 2|shos_mqtt_conn.c:465    MQTT0: pub ampere/q11dev/debug/log @ 0 (117) -> 0
13:19:32 ampere/q11dev/debug/log apq11dev-543204516334 2846 1790680758.125 2|shos_mqtt_conn.c:465    MQTT0: pub ampere/q11dev/debug/log @ 0 (117) -> 0
13:19:32 ampere/q11dev/debug/log apq11dev-543204516334 2847 1790680758.128 2|shos_mqtt_conn.c:465    MQTT0: pub ampere/q11dev/debug/log @ 0 (117) -> 0
13:19:32 ampere/q11dev/debug/log apq11dev-543204516334 2848 1790680758.132 2|shos_mqtt_conn.c:465    MQTT0: pub ampere/q11dev/debug/log @ 0 (117) -> 0
13:19:32 ampere/q11dev/debug/log apq11dev-543204516334 2849 1790680758.192 2|shos_mqtt_conn.c:465    MQTT0: pub ampere/q11dev/debug/log @ 0 (117) -> 0
13:19:32 ampere/q11dev/debug/log apq11dev-543204516334 2850 1790680758.196 2|shos_mqtt_conn.c:465    MQTT0: pub ampere/q11dev/debug/log @ 0 (117) -> 0
13:19:32 ampere/q11dev/debug/log apq11dev-543204516334 2851 1790680758.200 2|shos_mqtt_conn.c:465    MQTT0: pub ampere/q11dev/debug/log @ 0 (117) -> 0
13:19:32 ampere/q11dev/debug/log apq11dev-543204516334 2852 1790680758.204 2|shos_mqtt_conn.c:465    MQTT0: pub ampere/q11dev/debug/log @ 0 (117) -> 0
13:19:32 ampere/q11dev/debug/log apq11dev-543204516334 2853 1790680758.265 2|shos_mqtt_conn.c:465    MQTT0: pub ampere/q11dev/debug/log @ 0 (117) -> 0
13:19:32 ampere/q11dev/debug/log apq11dev-543204516334 2854 1790680758.269 2|shos_mqtt_conn.c:465    MQTT0: pub ampere/q11dev/debug/log @ 0 (117) -> 0
13:19:32 ampere/q11dev/debug/log apq11dev-543204516334 2855 1790680758.273 2|shos_mqtt_conn.c:465    MQTT0: pub ampere/q11dev/debug/log @ 0 (117) -> 0
13:19:32 ampere/q11dev/debug/log apq11dev-543204516334 2856 1790680758.277 2|shos_mqtt_conn.c:465    MQTT0: pub ampere/q11dev/debug/log @ 0 (117) -> 0
13:19:32 ampere/q11dev/debug/log apq11dev-543204516334 2857 1790680758.325 2|shos_mqtt_conn.c:465    MQTT0: pub ampere/q11dev/debug/log @ 0 (117) -> 0
13:19:32 ampere/q11dev/debug/log apq11dev-543204516334 2858 1790680758.329 2|shos_mqtt_conn.c:465    MQTT0: pub ampere/q11dev/debug/log @ 0 (117) -> 0
13:19:32 ampere/q11dev/debug/log apq11dev-543204516334 2859 1790680758.333 2|shos_mqtt_conn.c:465    MQTT0: pub ampere/q11dev/debug/log @ 0 (117) -> 0
13:19:32 ampere/q11dev/debug/log apq11dev-543204516334 2860 1790680758.338 2|shos_mqtt_conn.c:465    MQTT0: pub ampere/q11dev/debug/log @ 0 (117) -> 0
13:19:32 ampere/q11dev/debug/log apq11dev-543204516334 2861 1790680758.385 2|shos_mqtt_conn.c:465    MQTT0: pub ampere/q11dev/debug/log @ 0 (117) -> 0
13:19:32 ampere/q11dev/debug/log apq11dev-543204516334 2862 1790680758.390 2|shos_mqtt_conn.c:465    MQTT0: pub ampere/q11dev/debug/log @ 0 (117) -> 0
13:19:32 ampere/q11dev/debug/log apq11dev-543204516334 2863 1790680758.394 2|shos_mqtt_conn.c:465    MQTT0: pub ampere/q11dev/debug/log @ 0 (117) -> 0
13:19:32 ampere/q11dev/debug/log apq11dev-543204516334 2864 1790680758.398 2|shos_mqtt_conn.c:465    MQTT0: pub ampere/q11dev/debug/log @ 0 (117) -> 0
13:19:32 ampere/q11dev/debug/log apq11dev-543204516334 2865 1790680758.446 2|shos_mqtt_conn.c:465    MQTT0: pub ampere/q11dev/debug/log @ 0 (117) -> 0
13:19:32 ampere/q11dev/debug/log apq11dev-543204516334 2866 1790680758.450 2|shos_mqtt_conn.c:465    MQTT0: pub ampere/q11dev/debug/log @ 0 (117) -> 0
13:19:33 ampere/q11dev/debug/log apq11dev-543204516334 2867 1790680758.455 2|shos_mqtt_conn.c:465    MQTT0: pub ampere/q11dev/debug/log @ 0 (117) -> 0
13:19:33 ampere/q11dev/debug/log apq11dev-543204516334 2868 1790680758.459 2|shos_mqtt_conn.c:465    MQTT0: pub ampere/q11dev/debug/log @ 0 (117) -> 0
13:19:33 ampere/q11dev/debug/log apq11dev-543204516334 2869 1790680758.507 2|shos_mqtt_conn.c:465    MQTT0: pub ampere/q11dev/debug/log @ 0 (117) -> 0
13:19:33 ampere/q11dev/debug/log apq11dev-543204516334 2870 1790680758.511 2|shos_mqtt_conn.c:465    MQTT0: pub ampere/q11dev/debug/log @ 0 (117) -> 0
13:19:33 ampere/q11dev/debug/log apq11dev-543204516334 2871 1790680758.515 2|shos_mqtt_conn.c:465    MQTT0: pub ampere/q11dev/debug/log @ 0 (117) -> 0
13:19:33 ampere/q11dev/debug/log apq11dev-543204516334 2872 1790680758.521 2|shos_mqtt_conn.c:465    MQTT0: pub ampere/q11dev/debug/log @ 0 (117) -> 0
13:19:33 ampere/q11dev/debug/log apq11dev-543204516334 2873 1790680758.569 2|shos_mqtt_conn.c:465    MQTT0: pub ampere/q11dev/debug/log @ 0 (117) -> 0
13:19:33 ampere/q11dev/debug/log apq11dev-543204516334 2874 1790680758.573 2|shos_mqtt_conn.c:465    MQTT0: pub ampere/q11dev/debug/log @ 0 (117) -> 0
13:19:33 ampere/q11dev/debug/log apq11dev-543204516334 2875 1790680758.577 2|shos_mqtt_conn.c:465    MQTT0: pub ampere/q11dev/debug/log @ 0 (117) -> 0
13:19:33 ampere/q11dev/debug/log apq11dev-543204516334 2876 1790680758.582 2|shos_mqtt_conn.c:465    MQTT0: pub ampere/q11dev/debug/log @ 0 (117) -> 0
13:19:33 ampere/q11dev/debug/log apq11dev-543204516334 2877 1790680758.629 2|shos_mqtt_conn.c:465    MQTT0: pub ampere/q11dev/debug/log @ 0 (117) -> 0
13:19:33 ampere/q11dev/debug/log apq11dev-543204516334 2878 1790680758.633 2|shos_mqtt_conn.c:465    MQTT0: pub ampere/q11dev/debug/log @ 0 (117) -> 0
13:19:33 ampere/q11dev/debug/log apq11dev-543204516334 2879 1790680758.638 2|shos_mqtt_conn.c:465    MQTT0: pub ampere/q11dev/debug/log @ 0 (117) -> 0
13:19:33 ampere/q11dev/debug/log apq11dev-543204516334 2880 1790680758.642 2|shos_mqtt_conn.c:465    MQTT0: pub ampere/q11dev/debug/log @ 0 (117) -> 0
13:19:33 ampere/q11dev/debug/log apq11dev-543204516334 2881 1790680758.689 2|shos_mqtt_conn.c:465    MQTT0: pub ampere/q11dev/debug/log @ 0 (117) -> 0
13:19:33 ampere/q11dev/debug/log apq11dev-543204516334 2882 1790680758.695 2|shos_mqtt_conn.c:465    MQTT0: pub ampere/q11dev/debug/log @ 0 (117) -> 0
13:19:33 ampere/q11dev/debug/log apq11dev-543204516334 2883 1790680758.699 2|shos_mqtt_conn.c:465    MQTT0: pub ampere/q11dev/debug/log @ 0 (117) -> 0
13:19:33 ampere/q11dev/debug/log apq11dev-543204516334 2884 1790680758.703 2|shos_mqtt_conn.c:465    MQTT0: pub ampere/q11dev/debug/log @ 0 (117) -> 0
13:19:33 ampere/q11dev/debug/log apq11dev-543204516334 2885 1790680758.763 2|shos_mqtt_conn.c:465    MQTT0: pub ampere/q11dev/debug/log @ 0 (117) -> 0
13:19:33 ampere/q11dev/debug/log apq11dev-543204516334 2886 1790680758.767 2|shos_mqtt_conn.c:465    MQTT0: pub ampere/q11dev/debug/log @ 0 (117) -> 0
13:19:33 ampere/q11dev/debug/log apq11dev-543204516334 2887 1790680758.771 2|shos_mqtt_conn.c:465    MQTT0: pub ampere/q11dev/debug/log @ 0 (117) -> 0
13:19:33 ampere/q11dev/debug/log apq11dev-543204516334 2888 1790680758.775 2|shos_mqtt_conn.c:465    MQTT0: pub ampere/q11dev/debug/log @ 0 (117) -> 0
13:19:33 ampere/q11dev/debug/log apq11dev-543204516334 2889 1790680758.822 2|shos_mqtt_conn.c:465    MQTT0: pub ampere/q11dev/debug/log @ 0 (117) -> 0
13:19:33 ampere/q11dev/debug/log apq11dev-543204516334 2890 1790680758.828 2|shos_mqtt_conn.c:465    MQTT0: pub ampere/q11dev/debug/log @ 0 (117) -> 0
13:19:33 ampere/q11dev/debug/log apq11dev-543204516334 2891 1790680758.832 2|shos_mqtt_conn.c:465    MQTT0: pub ampere/q11dev/debug/log @ 0 (117) -> 0
13:19:33 ampere/q11dev/debug/log apq11dev-543204516334 2892 1790680758.836 2|shos_mqtt_conn.c:465    MQTT0: pub ampere/q11dev/debug/log @ 0 (117) -> 0
13:19:33 ampere/q11dev/debug/log apq11dev-543204516334 2893 1790680758.885 2|shos_mqtt_conn.c:465    MQTT0: pub ampere/q11dev/debug/log @ 0 (117) -> 0
13:19:33 ampere/q11dev/debug/log apq11dev-543204516334 2894 1790680758.889 2|shos_mqtt_conn.c:465    MQTT0: pub ampere/q11dev/debug/log @ 0 (117) -> 0
13:19:33 ampere/q11dev/debug/log apq11dev-543204516334 2895 1790680758.893 2|shos_mqtt_conn.c:465    MQTT0: pub ampere/q11dev/debug/log @ 0 (117) -> 0
13:19:33 ampere/q11dev/debug/log apq11dev-543204516334 2896 1790680758.897 2|shos_mqtt_conn.c:465    MQTT0: pub ampere/q11dev/debug/log @ 0 (117) -> 0
13:19:33 ampere/q11dev/debug/log apq11dev-543204516334 2897 1790680759.027 2|shos_mqtt_conn.c:465    MQTT0: pub ampere/q11dev/debug/log @ 0 (117) -> 0
13:19:33 ampere/q11dev/debug/log apq11dev-543204516334 2898 1790680759.031 2|shos_mqtt_conn.c:465    MQTT0: pub ampere/q11dev/debug/log @ 0 (117) -> 0
13:19:33 ampere/q11dev/debug/log apq11dev-543204516334 2899 1790680759.035 2|shos_mqtt_conn.c:465    MQTT0: pub ampere/q11dev/debug/log @ 0 (117) -> 0
13:19:33 ampere/q11dev/debug/log apq11dev-543204516334 2900 1790680759.039 2|shos_mqtt_conn.c:465    MQTT0: pub ampere/q11dev/debug/log @ 0 (117) -> 0
13:19:34 ampere/q11dev/debug/log apq11dev-543204516334 2901 1790680759.044 2|shos_mqtt_conn.c:465    MQTT0: pub ampere/q11dev/debug/log @ 0 (117) -> -1
13:19:34 ampere/q11dev/debug/log apq11dev-543204516334 2902 1790680759.088 2|shos_mqtt_conn.c:465    MQTT0: pub ampere/q11dev/debug/log @ 0 (117) -> 0
13:19:34 ampere/q11dev/debug/log apq11dev-543204516334 2903 1790680759.092 2|shos_mqtt_conn.c:465    MQTT0: pub ampere/q11dev/debug/log @ 0 (117) -> 0
13:19:34 ampere/q11dev/debug/log apq11dev-543204516334 2904 1790680759.096 2|shos_mqtt_conn.c:465    MQTT0: pub ampere/q11dev/debug/log @ 0 (117) -> 0
13:19:34 ampere/q11dev/debug/log apq11dev-543204516334 2905 1790680759.100 2|shos_mqtt_conn.c:465    MQTT0: pub ampere/q11dev/debug/log @ 0 (117) -> 0
13:19:34 ampere/q11dev/debug/log apq11dev-543204516334 2906 1790680759.104 2|shos_mqtt_conn.c:465    MQTT0: pub ampere/q11dev/debug/log @ 0 (117) -> -1
13:19:34 ampere/q11dev/debug/log apq11dev-543204516334 2907 1790680759.118 2|shos_mqtt_conn.c:465    MQTT0: pub ampere/q11dev/debug/log @ 0 (117) -> -1
13:19:34 ampere/q11dev/debug/log apq11dev-543204516334 2908 1790680759.162 2|shos_mqtt_conn.c:465    MQTT0: pub ampere/q11dev/debug/log @ 0 (117) -> 0
13:19:34 ampere/q11dev/debug/log apq11dev-543204516334 2909 1790680759.167 2|shos_mqtt_conn.c:465    MQTT0: pub ampere/q11dev/debug/log @ 0 (117) -> 0
13:19:34 ampere/q11dev/debug/log apq11dev-543204516334 2910 1790680759.172 2|shos_mqtt_conn.c:465    MQTT0: pub ampere/q11dev/debug/log @ 0 (117) -> 0
13:19:34 ampere/q11dev/debug/log apq11dev-543204516334 2911 1790680759.176 2|shos_mqtt_conn.c:465    MQTT0: pub ampere/q11dev/debug/log @ 0 (117) -> 0
13:19:34 ampere/q11dev/debug/log apq11dev-543204516334 2912 1790680759.180 2|shos_mqtt_conn.c:465    MQTT0: pub ampere/q11dev/debug/log @ 0 (117) -> -1
13:19:34 ampere/q11dev/debug/log apq11dev-543204516334 2913 1790680759.225 2|shos_mqtt_conn.c:465    MQTT0: pub ampere/q11dev/debug/log @ 0 (117) -> 0
13:19:34 ampere/q11dev/debug/log apq11dev-543204516334 2914 1790680759.229 2|shos_mqtt_conn.c:465    MQTT0: pub ampere/q11dev/debug/log @ 0 (117) -> 0
13:19:34 ampere/q11dev/debug/log apq11dev-543204516334 2915 1790680759.233 2|shos_mqtt_conn.c:465    MQTT0: pub ampere/q11dev/debug/log @ 0 (118) -> 0
13:19:34 ampere/q11dev/debug/log apq11dev-543204516334 2916 1790680759.237 2|shos_mqtt_conn.c:465    MQTT0: pub ampere/q11dev/debug/log @ 0 (117) -> 0
13:19:34 ampere/q11dev/debug/log apq11dev-543204516334 2917 1790680759.292 2|shos_mqtt_conn.c:465    MQTT0: pub ampere/q11dev/debug/log @ 0 (117) -> 0
13:19:34 ampere/q11dev/debug/log apq11dev-543204516334 2918 1790680759.296 2|shos_mqtt_conn.c:465    MQTT0: pub ampere/q11dev/debug/log @ 0 (117) -> 0
13:19:34 ampere/q11dev/debug/log apq11dev-543204516334 2919 1790680759.300 2|shos_mqtt_conn.c:465    MQTT0: pub ampere/q11dev/debug/log @ 0 (117) -> 0
13:19:34 ampere/q11dev/debug/log apq11dev-543204516334 2920 1790680759.304 2|shos_mqtt_conn.c:465    MQTT0: pub ampere/q11dev/debug/log @ 0 (118) -> 0
13:19:34 ampere/q11dev/debug/log apq11dev-543204516334 2921 1790680759.364 2|shos_mqtt_conn.c:465    MQTT0: pub ampere/q11dev/debug/log @ 0 (118) -> 0
13:19:34 ampere/q11dev/debug/log apq11dev-543204516334 2922 1790680759.368 2|shos_mqtt_conn.c:465    MQTT0: pub ampere/q11dev/debug/log @ 0 (117) -> 0
13:19:34 ampere/q11dev/debug/log apq11dev-543204516334 2923 1790680759.372 2|shos_mqtt_conn.c:465    MQTT0: pub ampere/q11dev/debug/log @ 0 (117) -> 0
13:19:34 ampere/q11dev/debug/log apq11dev-543204516334 2924 1790680759.376 2|shos_mqtt_conn.c:465    MQTT0: pub ampere/q11dev/debug/log @ 0 (117) -> 0
13:19:34 ampere/q11dev/debug/log apq11dev-543204516334 2925 1790680759.427 2|shos_mqtt_conn.c:465    MQTT0: pub ampere/q11dev/debug/log @ 0 (117) -> 0
13:19:34 ampere/q11dev/debug/log apq11dev-543204516334 2926 1790680759.432 2|shos_mqtt_conn.c:465    MQTT0: pub ampere/q11dev/debug/log @ 0 (118) -> 0
13:19:34 ampere/q11dev/debug/log apq11dev-543204516334 2927 1790680759.436 2|shos_mqtt_conn.c:465    MQTT0: pub ampere/q11dev/debug/log @ 0 (117) -> 0
13:19:34 ampere/q11dev/debug/log apq11dev-543204516334 2928 1790680759.440 2|shos_mqtt_conn.c:465    MQTT0: pub ampere/q11dev/debug/log @ 0 (117) -> 0
13:19:34 ampere/q11dev/debug/log apq11dev-543204516334 2929 1790680759.489 2|shos_mqtt_conn.c:465    MQTT0: pub ampere/q11dev/debug/log @ 0 (117) -> 0
13:19:34 ampere/q11dev/debug/log apq11dev-543204516334 2930 1790680759.493 2|shos_mqtt_conn.c:465    MQTT0: pub ampere/q11dev/debug/log @ 0 (117) -> 0
13:19:34 ampere/q11dev/debug/log apq11dev-543204516334 2931 1790680759.497 2|shos_mqtt_conn.c:465    MQTT0: pub ampere/q11dev/debug/log @ 0 (117) -> 0
13:19:34 ampere/q11dev/debug/log apq11dev-543204516334 2932 1790680759.501 2|shos_mqtt_conn.c:465    MQTT0: pub ampere/q11dev/debug/log @ 0 (117) -> 0
13:19:34 ampere/q11dev/debug/log apq11dev-543204516334 2933 1790680759.562 2|shos_mqtt_conn.c:465    MQTT0: pub ampere/q11dev/debug/log @ 0 (117) -> 0
13:19:34 ampere/q11dev/debug/log apq11dev-543204516334 2934 1790680759.566 2|shos_mqtt_conn.c:465    MQTT0: pub ampere/q11dev/debug/log @ 0 (117) -> 0
13:19:34 ampere/q11dev/debug/log apq11dev-543204516334 2935 1790680759.570 2|shos_mqtt_conn.c:465    MQTT0: pub ampere/q11dev/debug/log @ 0 (117) -> 0
13:19:34 ampere/q11dev/debug/log apq11dev-543204516334 2936 1790680759.574 2|shos_mqtt_conn.c:465    MQTT0: pub ampere/q11dev/debug/log @ 0 (117) -> 0
13:19:35 ampere/q11dev/debug/log apq11dev-543204516334 2937 1790680759.634 2|shos_mqtt_conn.c:465    MQTT0: pub ampere/q11dev/debug/log @ 0 (117) -> 0
13:19:35 ampere/q11dev/debug/log apq11dev-543204516334 2938 1790680759.639 2|shos_mqtt_conn.c:465    MQTT0: pub ampere/q11dev/debug/log @ 0 (117) -> 0
13:19:35 ampere/q11dev/debug/log apq11dev-543204516334 2939 1790680759.644 2|shos_mqtt_conn.c:465    MQTT0: pub ampere/q11dev/debug/log @ 0 (117) -> 0
13:19:35 ampere/q11dev/debug/log apq11dev-543204516334 2940 1790680759.648 2|shos_mqtt_conn.c:465    MQTT0: pub ampere/q11dev/debug/log @ 0 (117) -> 0
13:19:35 ampere/q11dev/debug/log apq11dev-543204516334 2941 1790680759.708 2|shos_mqtt_conn.c:465    MQTT0: pub ampere/q11dev/debug/log @ 0 (117) -> 0
13:19:35 ampere/q11dev/debug/log apq11dev-543204516334 2942 1790680759.712 2|shos_mqtt_conn.c:465    MQTT0: pub ampere/q11dev/debug/log @ 0 (117) -> 0
13:19:35 ampere/q11dev/debug/log apq11dev-543204516334 2943 1790680759.716 2|shos_mqtt_conn.c:465    MQTT0: pub ampere/q11dev/debug/log @ 0 (117) -> 0
13:19:35 ampere/q11dev/debug/log apq11dev-543204516334 2944 1790680759.720 2|shos_mqtt_conn.c:465    MQTT0: pub ampere/q11dev/debug/log @ 0 (117) -> 0
13:19:35 ampere/q11dev/debug/log apq11dev-543204516334 2945 1790680759.810 2|shos_mqtt_conn.c:465    MQTT0: pub ampere/q11dev/debug/log @ 0 (117) -> 0
13:19:35 ampere/q11dev/debug/log apq11dev-543204516334 2946 1790680759.814 2|shos_mqtt_conn.c:465    MQTT0: pub ampere/q11dev/debug/log @ 0 (117) -> 0
13:19:35 ampere/q11dev/debug/log apq11dev-543204516334 2947 1790680759.818 2|shos_mqtt_conn.c:465    MQTT0: pub ampere/q11dev/debug/log @ 0 (117) -> 0
13:19:35 ampere/q11dev/debug/log apq11dev-543204516334 2948 1790680759.822 2|shos_mqtt_conn.c:465    MQTT0: pub ampere/q11dev/debug/log @ 0 (117) -> 0
13:19:35 ampere/q11dev/debug/log apq11dev-543204516334 2949 1790680759.875 2|shos_mqtt_conn.c:465    MQTT0: pub ampere/q11dev/debug/log @ 0 (117) -> 0
13:19:35 ampere/q11dev/debug/log apq11dev-543204516334 2950 1790680759.879 2|shos_mqtt_conn.c:465    MQTT0: pub ampere/q11dev/debug/log @ 0 (117) -> 0
13:19:35 ampere/q11dev/debug/log apq11dev-543204516334 2951 1790680759.884 2|shos_mqtt_conn.c:465    MQTT0: pub ampere/q11dev/debug/log @ 0 (117) -> 0
13:19:35 ampere/q11dev/debug/log apq11dev-543204516334 2952 1790680759.888 2|shos_mqtt_conn.c:465    MQTT0: pub ampere/q11dev/debug/log @ 0 (117) -> 0
13:19:35 ampere/q11dev/debug/log apq11dev-543204516334 2953 1790680759.936 2|shos_mqtt_conn.c:465    MQTT0: pub ampere/q11dev/debug/log @ 0 (117) -> 0
13:19:35 ampere/q11dev/debug/log apq11dev-543204516334 2954 1790680759.940 2|shos_mqtt_conn.c:465    MQTT0: pub ampere/q11dev/debug/log @ 0 (117) -> 0
13:19:35 ampere/q11dev/debug/log apq11dev-543204516334 2955 1790680759.944 2|shos_mqtt_conn.c:465    MQTT0: pub ampere/q11dev/debug/log @ 0 (117) -> 0
13:19:35 ampere/q11dev/debug/log apq11dev-543204516334 2956 1790680759.948 2|shos_mqtt_conn.c:465    MQTT0: pub ampere/q11dev/debug/log @ 0 (117) -> 0
13:19:35 ampere/q11dev/debug/log apq11dev-543204516334 2957 1790680760.012 2|shos_mqtt_conn.c:465    MQTT0: pub ampere/q11dev/debug/log @ 0 (117) -> 0
13:19:35 ampere/q11dev/debug/log apq11dev-543204516334 2958 1790680760.016 2|shos_mqtt_conn.c:465    MQTT0: pub ampere/q11dev/debug/log @ 0 (117) -> 0
13:19:35 ampere/q11dev/debug/log apq11dev-543204516334 2959 1790680760.020 2|shos_mqtt_conn.c:465    MQTT0: pub ampere/q11dev/debug/log @ 0 (117) -> 0
13:19:35 ampere/q11dev/debug/log apq11dev-543204516334 2960 1790680760.025 2|shos_mqtt_conn.c:465    MQTT0: pub ampere/q11dev/debug/log @ 0 (117) -> 0
13:19:35 ampere/q11dev/debug/log apq11dev-543204516334 2961 1790680760.073 2|shos_mqtt_conn.c:465    MQTT0: pub ampere/q11dev/debug/log @ 0 (117) -> 0
13:19:35 ampere/q11dev/debug/log apq11dev-543204516334 2962 1790680760.077 2|shos_mqtt_conn.c:465    MQTT0: pub ampere/q11dev/debug/log @ 0 (117) -> 0
13:19:35 ampere/q11dev/debug/log apq11dev-543204516334 2963 1790680760.081 2|shos_mqtt_conn.c:465    MQTT0: pub ampere/q11dev/debug/log @ 0 (117) -> 0
13:19:35 ampere/q11dev/debug/log apq11dev-543204516334 2964 1790680760.085 2|shos_mqtt_conn.c:465    MQTT0: pub ampere/q11dev/debug/log @ 0 (117) -> 0
13:19:35 ampere/q11dev/debug/log apq11dev-543204516334 2965 1790680760.134 2|shos_mqtt_conn.c:465    MQTT0: pub ampere/q11dev/debug/log @ 0 (117) -> 0
13:19:35 ampere/q11dev/debug/log apq11dev-543204516334 2966 1790680760.138 2|shos_mqtt_conn.c:465    MQTT0: pub ampere/q11dev/debug/log @ 0 (117) -> 0
13:19:35 ampere/q11dev/debug/log apq11dev-543204516334 2967 1790680760.142 2|shos_mqtt_conn.c:465    MQTT0: pub ampere/q11dev/debug/log @ 0 (117) -> 0
13:19:35 ampere/q11dev/debug/log apq11dev-543204516334 2968 1790680760.146 2|shos_mqtt_conn.c:465    MQTT0: pub ampere/q11dev/debug/log @ 0 (117) -> 0
13:19:35 ampere/q11dev/debug/log apq11dev-543204516334 2969 1790680760.194 2|shos_mqtt_conn.c:465    MQTT0: pub ampere/q11dev/debug/log @ 0 (117) -> 0
13:19:35 ampere/q11dev/debug/log apq11dev-543204516334 2970 1790680760.198 2|shos_mqtt_conn.c:465    MQTT0: pub ampere/q11dev/debug/log @ 0 (117) -> 0
13:19:35 ampere/q11dev/debug/log apq11dev-543204516334 2971 1790680760.202 2|shos_mqtt_conn.c:465    MQTT0: pub ampere/q11dev/debug/log @ 0 (117) -> 0
13:19:35 ampere/q11dev/debug/log apq11dev-543204516334 2972 1790680760.206 2|shos_mqtt_conn.c:465    MQTT0: pub ampere/q11dev/debug/log @ 0 (117) -> 0
13:19:36 ampere/q11dev/debug/log apq11dev-543204516334 2973 1790680760.278 2|shos_mqtt_conn.c:465    MQTT0: pub ampere/q11dev/debug/log @ 0 (117) -> 0
13:19:36 ampere/q11dev/debug/log apq11dev-543204516334 2974 1790680760.282 2|shos_mqtt_conn.c:465    MQTT0: pub ampere/q11dev/debug/log @ 0 (117) -> 0
13:19:36 ampere/q11dev/debug/log apq11dev-543204516334 2975 1790680760.286 2|shos_mqtt_conn.c:465    MQTT0: pub ampere/q11dev/debug/log @ 0 (117) -> 0
13:19:36 ampere/q11dev/debug/log apq11dev-543204516334 2976 1790680760.290 2|shos_mqtt_conn.c:465    MQTT0: pub ampere/q11dev/debug/log @ 0 (117) -> 0
13:19:36 ampere/q11dev/debug/log apq11dev-543204516334 2977 1790680760.341 2|shos_mqtt_conn.c:465    MQTT0: pub ampere/q11dev/debug/log @ 0 (117) -> 0
13:19:36 ampere/q11dev/debug/log apq11dev-543204516334 2978 1790680760.345 2|shos_mqtt_conn.c:465    MQTT0: pub ampere/q11dev/debug/log @ 0 (117) -> 0
13:19:36 ampere/q11dev/debug/log apq11dev-543204516334 2979 1790680760.349 2|shos_mqtt_conn.c:465    MQTT0: pub ampere/q11dev/debug/log @ 0 (117) -> 0
13:19:36 ampere/q11dev/debug/log apq11dev-543204516334 2980 1790680760.354 2|shos_mqtt_conn.c:465    MQTT0: pub ampere/q11dev/debug/log @ 0 (117) -> 0
13:19:36 ampere/q11dev/debug/log apq11dev-543204516334 2981 1790680760.402 2|shos_mqtt_conn.c:465    MQTT0: pub ampere/q11dev/debug/log @ 0 (117) -> 0
13:19:36 ampere/q11dev/debug/log apq11dev-543204516334 2982 1790680760.406 2|shos_mqtt_conn.c:465    MQTT0: pub ampere/q11dev/debug/log @ 0 (117) -> 0
13:19:36 ampere/q11dev/debug/log apq11dev-543204516334 2983 1790680760.411 2|shos_mqtt_conn.c:465    MQTT0: pub ampere/q11dev/debug/log @ 0 (117) -> 0
13:19:36 ampere/q11dev/debug/log apq11dev-543204516334 2984 1790680760.416 2|shos_mqtt_conn.c:465    MQTT0: pub ampere/q11dev/debug/log @ 0 (117) -> 0
13:19:36 ampere/q11dev/debug/log apq11dev-543204516334 2985 1790680760.464 2|shos_mqtt_conn.c:465    MQTT0: pub ampere/q11dev/debug/log @ 0 (117) -> 0
13:19:36 ampere/q11dev/debug/log apq11dev-543204516334 2986 1790680760.468 2|shos_mqtt_conn.c:465    MQTT0: pub ampere/q11dev/debug/log @ 0 (117) -> 0
13:19:36 ampere/q11dev/debug/log apq11dev-543204516334 2987 1790680760.473 2|shos_mqtt_conn.c:465    MQTT0: pub ampere/q11dev/debug/log @ 0 (117) -> 0
13:19:36 ampere/q11dev/debug/log apq11dev-543204516334 2988 1790680760.477 2|shos_mqtt_conn.c:465    MQTT0: pub ampere/q11dev/debug/log @ 0 (117) -> 0
13:19:36 ampere/q11dev/debug/log apq11dev-543204516334 2989 1790680760.550 2|shos_mqtt_conn.c:465    MQTT0: pub ampere/q11dev/debug/log @ 0 (117) -> 0
13:19:36 ampere/q11dev/debug/log apq11dev-543204516334 2990 1790680760.555 2|shos_mqtt_conn.c:465    MQTT0: pub ampere/q11dev/debug/log @ 0 (117) -> 0
13:19:36 ampere/q11dev/debug/log apq11dev-543204516334 2991 1790680760.559 2|shos_mqtt_conn.c:465    MQTT0: pub ampere/q11dev/debug/log @ 0 (117) -> 0
13:19:36 ampere/q11dev/debug/log apq11dev-543204516334 2992 1790680760.565 2|shos_mqtt_conn.c:465    MQTT0: pub ampere/q11dev/debug/log @ 0 (117) -> 0
13:19:36 ampere/q11dev/debug/log apq11dev-543204516334 2993 1790680760.632 2|shos_mqtt_conn.c:465    MQTT0: pub ampere/q11dev/debug/log @ 0 (117) -> 0
13:19:36 ampere/q11dev/debug/log apq11dev-543204516334 2994 1790680760.636 2|shos_mqtt_conn.c:465    MQTT0: pub ampere/q11dev/debug/log @ 0 (117) -> 0
13:19:36 ampere/q11dev/debug/log apq11dev-543204516334 2995 1790680760.640 2|shos_mqtt_conn.c:465    MQTT0: pub ampere/q11dev/debug/log @ 0 (117) -> 0
13:19:36 ampere/q11dev/debug/log apq11dev-543204516334 2996 1790680760.644 2|shos_mqtt_conn.c:465    MQTT0: pub ampere/q11dev/debug/log @ 0 (117) -> 0
13:19:36 ampere/q11dev/debug/log apq11dev-543204516334 2997 1790680760.727 2|shos_mqtt_conn.c:465    MQTT0: pub ampere/q11dev/debug/log @ 0 (117) -> 0
13:19:36 ampere/q11dev/debug/log apq11dev-543204516334 2998 1790680760.731 2|shos_mqtt_conn.c:465    MQTT0: pub ampere/q11dev/debug/log @ 0 (117) -> 0
13:19:36 ampere/q11dev/debug/log apq11dev-543204516334 2999 1790680760.735 2|shos_mqtt_conn.c:465    MQTT0: pub ampere/q11dev/debug/log @ 0 (117) -> 0
13:19:36 ampere/q11dev/debug/log apq11dev-543204516334 3000 1790680760.739 2|shos_mqtt_conn.c:465    MQTT0: pub ampere/q11dev/debug/log @ 0 (117) -> 0
13:19:36 ampere/q11dev/debug/log apq11dev-543204516334 3001 1790680760.810 2|shos_mqtt_conn.c:465    MQTT0: pub ampere/q11dev/debug/log @ 0 (117) -> 0
13:19:36 ampere/q11dev/debug/log apq11dev-543204516334 3002 1790680760.814 2|shos_mqtt_conn.c:465    MQTT0: pub ampere/q11dev/debug/log @ 0 (117) -> 0
13:19:36 ampere/q11dev/debug/log apq11dev-543204516334 3003 1790680760.819 2|shos_mqtt_conn.c:465    MQTT0: pub ampere/q11dev/debug/log @ 0 (117) -> 0
13:19:36 ampere/q11dev/debug/log apq11dev-543204516334 3004 1790680760.823 2|shos_mqtt_conn.c:465    MQTT0: pub ampere/q11dev/debug/log @ 0 (117) -> 0
13:19:36 ampere/q11dev/debug/log apq11dev-543204516334 3005 1790680760.875 2|shos_mqtt_conn.c:465    MQTT0: pub ampere/q11dev/debug/log @ 0 (117) -> 0
13:19:36 ampere/q11dev/debug/log apq11dev-543204516334 3006 1790680760.879 2|shos_mqtt_conn.c:465    MQTT0: pub ampere/q11dev/debug/log @ 0 (117) -> 0
13:19:36 ampere/q11dev/debug/log apq11dev-543204516334 3007 1790680760.883 2|shos_mqtt_conn.c:465    MQTT0: pub ampere/q11dev/debug/log @ 0 (117) -> 0
13:19:37 ampere/q11dev/debug/log apq11dev-543204516334 3008 1790680760.887 2|shos_mqtt_conn.c:465    MQTT0: pub ampere/q11dev/debug/log @ 0 (117) -> 0
13:19:37 ampere/q11dev/debug/log apq11dev-543204516334 3009 1790680760.952 2|shos_mqtt_conn.c:465    MQTT0: pub ampere/q11dev/debug/log @ 0 (117) -> 0
13:19:37 ampere/q11dev/debug/log apq11dev-543204516334 3010 1790680760.956 2|shos_mqtt_conn.c:465    MQTT0: pub ampere/q11dev/debug/log @ 0 (117) -> 0
13:19:37 ampere/q11dev/debug/log apq11dev-543204516334 3011 1790680760.960 2|shos_mqtt_conn.c:465    MQTT0: pub ampere/q11dev/debug/log @ 0 (117) -> 0
13:19:37 ampere/q11dev/debug/log apq11dev-543204516334 3012 1790680760.965 2|shos_mqtt_conn.c:465    MQTT0: pub ampere/q11dev/debug/log @ 0 (117) -> 0
13:19:37 ampere/q11dev/debug/log apq11dev-543204516334 3013 1790680761.030 2|shos_mqtt_conn.c:465    MQTT0: pub ampere/q11dev/debug/log @ 0 (117) -> 0
13:19:37 ampere/q11dev/debug/log apq11dev-543204516334 3014 1790680761.034 2|shos_mqtt_conn.c:465    MQTT0: pub ampere/q11dev/debug/log @ 0 (117) -> 0
13:19:37 ampere/q11dev/debug/log apq11dev-543204516334 3015 1790680761.038 2|shos_mqtt_conn.c:465    MQTT0: pub ampere/q11dev/debug/log @ 0 (117) -> 0
13:19:37 ampere/q11dev/debug/log apq11dev-543204516334 3016 1790680761.042 2|shos_mqtt_conn.c:465    MQTT0: pub ampere/q11dev/debug/log @ 0 (117) -> 0
13:19:37 ampere/q11dev/debug/log apq11dev-543204516334 3017 1790680761.101 2|shos_mqtt_conn.c:465    MQTT0: pub ampere/q11dev/debug/log @ 0 (117) -> 0
13:19:37 ampere/q11dev/debug/log apq11dev-543204516334 3018 1790680761.105 2|shos_mqtt_conn.c:465    MQTT0: pub ampere/q11dev/debug/log @ 0 (117) -> 0
13:19:37 ampere/q11dev/debug/log apq11dev-543204516334 3019 1790680761.109 2|shos_mqtt_conn.c:465    MQTT0: pub ampere/q11dev/debug/log @ 0 (117) -> 0
13:19:37 ampere/q11dev/debug/log apq11dev-543204516334 3020 1790680761.113 2|shos_mqtt_conn.c:465    MQTT0: pub ampere/q11dev/debug/log @ 0 (117) -> 0
13:19:37 ampere/q11dev/debug/log apq11dev-543204516334 3021 1790680761.172 2|shos_mqtt_conn.c:465    MQTT0: pub ampere/q11dev/debug/log @ 0 (117) -> 0
13:19:37 ampere/q11dev/debug/log apq11dev-543204516334 3022 1790680761.176 2|shos_mqtt_conn.c:465    MQTT0: pub ampere/q11dev/debug/log @ 0 (117) -> 0
13:19:37 ampere/q11dev/debug/log apq11dev-543204516334 3023 1790680761.182 2|shos_mqtt_conn.c:465    MQTT0: pub ampere/q11dev/debug/log @ 0 (117) -> 0
13:19:37 ampere/q11dev/debug/log apq11dev-543204516334 3024 1790680761.186 2|shos_mqtt_conn.c:465    MQTT0: pub ampere/q11dev/debug/log @ 0 (117) -> 0
13:19:37 ampere/q11dev/debug/log apq11dev-543204516334 3025 1790680761.237 2|shos_mqtt_conn.c:465    MQTT0: pub ampere/q11dev/debug/log @ 0 (117) -> 0
13:19:37 ampere/q11dev/debug/log apq11dev-543204516334 3026 1790680761.242 2|shos_mqtt_conn.c:465    MQTT0: pub ampere/q11dev/debug/log @ 0 (117) -> 0
13:19:37 ampere/q11dev/debug/log apq11dev-543204516334 3027 1790680761.245 2|shos_mqtt_conn.c:465    MQTT0: pub ampere/q11dev/debug/log @ 0 (117) -> 0
13:19:37 ampere/q11dev/debug/log apq11dev-543204516334 3028 1790680761.250 2|shos_mqtt_conn.c:465    MQTT0: pub ampere/q11dev/debug/log @ 0 (117) -> 0
13:19:37 ampere/q11dev/debug/log apq11dev-543204516334 3029 1790680761.298 2|shos_mqtt_conn.c:465    MQTT0: pub ampere/q11dev/debug/log @ 0 (117) -> 0
13:19:37 ampere/q11dev/debug/log apq11dev-543204516334 3030 1790680761.302 2|shos_mqtt_conn.c:465    MQTT0: pub ampere/q11dev/debug/log @ 0 (117) -> 0
13:19:37 ampere/q11dev/debug/log apq11dev-543204516334 3031 1790680761.306 2|shos_mqtt_conn.c:465    MQTT0: pub ampere/q11dev/debug/log @ 0 (117) -> 0
13:19:37 ampere/q11dev/debug/log apq11dev-543204516334 3032 1790680761.310 2|shos_mqtt_conn.c:465    MQTT0: pub ampere/q11dev/debug/log @ 0 (117) -> 0
13:19:37 ampere/q11dev/debug/log apq11dev-543204516334 3033 1790680761.372 2|shos_mqtt_conn.c:465    MQTT0: pub ampere/q11dev/debug/log @ 0 (117) -> 0
13:19:37 ampere/q11dev/debug/log apq11dev-543204516334 3034 1790680761.376 2|shos_mqtt_conn.c:465    MQTT0: pub ampere/q11dev/debug/log @ 0 (117) -> 0
13:19:37 ampere/q11dev/debug/log apq11dev-543204516334 3035 1790680761.380 2|shos_mqtt_conn.c:465    MQTT0: pub ampere/q11dev/debug/log @ 0 (117) -> 0
13:19:37 ampere/q11dev/debug/log apq11dev-543204516334 3036 1790680761.384 2|shos_mqtt_conn.c:465    MQTT0: pub ampere/q11dev/debug/log @ 0 (117) -> 0
13:19:37 ampere/q11dev/debug/log apq11dev-543204516334 3037 1790680761.432 2|shos_mqtt_conn.c:465    MQTT0: pub ampere/q11dev/debug/log @ 0 (117) -> 0
13:19:37 ampere/q11dev/debug/log apq11dev-543204516334 3038 1790680761.436 2|shos_mqtt_conn.c:465    MQTT0: pub ampere/q11dev/debug/log @ 0 (117) -> 0
13:19:37 ampere/q11dev/debug/log apq11dev-543204516334 3039 1790680761.441 2|shos_mqtt_conn.c:465    MQTT0: pub ampere/q11dev/debug/log @ 0 (117) -> 0
13:19:37 ampere/q11dev/debug/log apq11dev-543204516334 3040 1790680761.445 2|shos_mqtt_conn.c:465    MQTT0: pub ampere/q11dev/debug/log @ 0 (117) -> 0
13:19:37 ampere/q11dev/debug/log apq11dev-543204516334 3041 1790680761.493 2|shos_mqtt_conn.c:465    MQTT0: pub ampere/q11dev/debug/log @ 0 (117) -> 0
13:19:37 ampere/q11dev/debug/log apq11dev-543204516334 3042 1790680761.497 2|shos_mqtt_conn.c:465    MQTT0: pub ampere/q11dev/debug/log @ 0 (117) -> 0
13:19:38 ampere/q11dev/debug/log apq11dev-543204516334 3043 1790680761.502 2|shos_mqtt_conn.c:465    MQTT0: pub ampere/q11dev/debug/log @ 0 (117) -> 0
13:19:38 ampere/q11dev/debug/log apq11dev-543204516334 3044 1790680761.506 2|shos_mqtt_conn.c:465    MQTT0: pub ampere/q11dev/debug/log @ 0 (117) -> 0
13:19:38 ampere/q11dev/debug/log apq11dev-543204516334 3045 1790680761.566 2|shos_mqtt_conn.c:465    MQTT0: pub ampere/q11dev/debug/log @ 0 (117) -> 0
13:19:38 ampere/q11dev/debug/log apq11dev-543204516334 3046 1790680761.570 2|shos_mqtt_conn.c:465    MQTT0: pub ampere/q11dev/debug/log @ 0 (117) -> 0
13:19:38 ampere/q11dev/debug/log apq11dev-543204516334 3047 1790680761.574 2|shos_mqtt_conn.c:465    MQTT0: pub ampere/q11dev/debug/log @ 0 (117) -> 0
13:19:38 ampere/q11dev/debug/log apq11dev-543204516334 3048 1790680761.579 2|shos_mqtt_conn.c:465    MQTT0: pub ampere/q11dev/debug/log @ 0 (117) -> 0
13:19:38 ampere/q11dev/debug/log apq11dev-543204516334 3049 1790680761.627 2|shos_mqtt_conn.c:465    MQTT0: pub ampere/q11dev/debug/log @ 0 (117) -> 0
13:19:38 ampere/q11dev/debug/log apq11dev-543204516334 3050 1790680761.633 2|shos_mqtt_conn.c:465    MQTT0: pub ampere/q11dev/debug/log @ 0 (117) -> 0
13:19:38 ampere/q11dev/debug/log apq11dev-543204516334 3051 1790680761.637 2|shos_mqtt_conn.c:465    MQTT0: pub ampere/q11dev/debug/log @ 0 (117) -> 0
13:19:38 ampere/q11dev/debug/log apq11dev-543204516334 3052 1790680761.641 2|shos_mqtt_conn.c:465    MQTT0: pub ampere/q11dev/debug/log @ 0 (117) -> 0
13:19:38 ampere/q11dev/debug/log apq11dev-543204516334 3053 1790680761.712 2|shos_mqtt_conn.c:465    MQTT0: pub ampere/q11dev/debug/log @ 0 (117) -> 0
13:19:38 ampere/q11dev/debug/log apq11dev-543204516334 3054 1790680761.716 2|shos_mqtt_conn.c:465    MQTT0: pub ampere/q11dev/debug/log @ 0 (117) -> 0
13:19:38 ampere/q11dev/debug/log apq11dev-543204516334 3055 1790680761.720 2|shos_mqtt_conn.c:465    MQTT0: pub ampere/q11dev/debug/log @ 0 (117) -> 0
13:19:38 ampere/q11dev/debug/log apq11dev-543204516334 3056 1790680761.725 2|shos_mqtt_conn.c:465    MQTT0: pub ampere/q11dev/debug/log @ 0 (117) -> 0
13:19:38 ampere/q11dev/debug/log apq11dev-543204516334 3057 1790680761.776 2|shos_mqtt_conn.c:465    MQTT0: pub ampere/q11dev/debug/log @ 0 (117) -> 0
13:19:38 ampere/q11dev/debug/log apq11dev-543204516334 3058 1790680761.780 2|shos_mqtt_conn.c:465    MQTT0: pub ampere/q11dev/debug/log @ 0 (117) -> 0
13:19:38 ampere/q11dev/debug/log apq11dev-543204516334 3059 1790680761.784 2|shos_mqtt_conn.c:465    MQTT0: pub ampere/q11dev/debug/log @ 0 (117) -> 0
13:19:38 ampere/q11dev/debug/log apq11dev-543204516334 3060 1790680761.789 2|shos_mqtt_conn.c:465    MQTT0: pub ampere/q11dev/debug/log @ 0 (117) -> 0
13:19:38 ampere/q11dev/debug/log apq11dev-543204516334 3061 1790680761.838 2|shos_mqtt_conn.c:465    MQTT0: pub ampere/q11dev/debug/log @ 0 (117) -> 0
13:19:38 ampere/q11dev/debug/log apq11dev-543204516334 3062 1790680761.842 2|shos_mqtt_conn.c:465    MQTT0: pub ampere/q11dev/debug/log @ 0 (117) -> 0
13:19:38 ampere/q11dev/debug/log apq11dev-543204516334 3063 1790680761.846 2|shos_mqtt_conn.c:465    MQTT0: pub ampere/q11dev/debug/log @ 0 (117) -> 0
13:19:38 ampere/q11dev/debug/log apq11dev-543204516334 3064 1790680761.851 2|shos_mqtt_conn.c:465    MQTT0: pub ampere/q11dev/debug/log @ 0 (117) -> 0
13:19:38 ampere/q11dev/debug/log apq11dev-543204516334 3065 1790680761.899 2|shos_mqtt_conn.c:465    MQTT0: pub ampere/q11dev/debug/log @ 0 (117) -> 0
13:19:38 ampere/q11dev/debug/log apq11dev-543204516334 3066 1790680761.903 2|shos_mqtt_conn.c:465    MQTT0: pub ampere/q11dev/debug/log @ 0 (117) -> 0
13:19:38 ampere/q11dev/debug/log apq11dev-543204516334 3067 1790680761.907 2|shos_mqtt_conn.c:465    MQTT0: pub ampere/q11dev/debug/log @ 0 (117) -> 0
13:19:38 ampere/q11dev/debug/log apq11dev-543204516334 3068 1790680761.911 2|shos_mqtt_conn.c:465    MQTT0: pub ampere/q11dev/debug/log @ 0 (117) -> 0
13:19:38 ampere/q11dev/debug/log apq11dev-543204516334 3069 1790680761.971 2|shos_mqtt_conn.c:465    MQTT0: pub ampere/q11dev/debug/log @ 0 (117) -> 0
13:19:38 ampere/q11dev/debug/log apq11dev-543204516334 3070 1790680761.975 2|shos_mqtt_conn.c:465    MQTT0: pub ampere/q11dev/debug/log @ 0 (117) -> 0
13:19:38 ampere/q11dev/debug/log apq11dev-543204516334 3071 1790680761.979 2|shos_mqtt_conn.c:465    MQTT0: pub ampere/q11dev/debug/log @ 0 (117) -> 0
13:19:38 ampere/q11dev/debug/log apq11dev-543204516334 3072 1790680761.983 2|shos_mqtt_conn.c:465    MQTT0: pub ampere/q11dev/debug/log @ 0 (117) -> 0
13:19:38 ampere/q11dev/debug/log apq11dev-543204516334 3073 1790680762.032 2|shos_mqtt_conn.c:465    MQTT0: pub ampere/q11dev/debug/log @ 0 (117) -> 0
13:19:38 ampere/q11dev/debug/log apq11dev-543204516334 3074 1790680762.036 2|shos_mqtt_conn.c:465    MQTT0: pub ampere/q11dev/debug/log @ 0 (117) -> 0
13:19:38 ampere/q11dev/debug/log apq11dev-543204516334 3075 1790680762.041 2|shos_mqtt_conn.c:465    MQTT0: pub ampere/q11dev/debug/log @ 0 (117) -> 0
13:19:38 ampere/q11dev/debug/log apq11dev-543204516334 3076 1790680762.045 2|shos_mqtt_conn.c:465    MQTT0: pub ampere/q11dev/debug/log @ 0 (117) -> 0
13:19:38 ampere/q11dev/debug/log apq11dev-543204516334 3077 1790680762.093 2|shos_mqtt_conn.c:465    MQTT0: pub ampere/q11dev/debug/log @ 0 (117) -> 0
13:19:38 ampere/q11dev/debug/log apq11dev-543204516334 3078 1790680762.099 2|shos_mqtt_conn.c:465    MQTT0: pub ampere/q11dev/debug/log @ 0 (117) -> 0
13:19:39 ampere/q11dev/debug/log apq11dev-543204516334 3079 1790680762.103 2|shos_mqtt_conn.c:465    MQTT0: pub ampere/q11dev/debug/log @ 0 (117) -> 0
13:19:39 ampere/q11dev/debug/log apq11dev-543204516334 3080 1790680762.107 2|shos_mqtt_conn.c:465    MQTT0: pub ampere/q11dev/debug/log @ 0 (117) -> 0
13:19:39 ampere/q11dev/debug/log apq11dev-543204516334 3081 1790680762.167 2|shos_mqtt_conn.c:465    MQTT0: pub ampere/q11dev/debug/log @ 0 (117) -> 0
13:19:39 ampere/q11dev/debug/log apq11dev-543204516334 3082 1790680762.171 2|shos_mqtt_conn.c:465    MQTT0: pub ampere/q11dev/debug/log @ 0 (117) -> 0
13:19:39 ampere/q11dev/debug/log apq11dev-543204516334 3083 1790680762.175 2|shos_mqtt_conn.c:465    MQTT0: pub ampere/q11dev/debug/log @ 0 (117) -> 0
13:19:39 ampere/q11dev/debug/log apq11dev-543204516334 3084 1790680762.179 2|shos_mqtt_conn.c:465    MQTT0: pub ampere/q11dev/debug/log @ 0 (117) -> 0
13:19:39 ampere/q11dev/debug/log apq11dev-543204516334 3085 1790680762.239 2|shos_mqtt_conn.c:465    MQTT0: pub ampere/q11dev/debug/log @ 0 (117) -> 0
13:19:39 ampere/q11dev/debug/log apq11dev-543204516334 3086 1790680762.243 2|shos_mqtt_conn.c:465    MQTT0: pub ampere/q11dev/debug/log @ 0 (117) -> 0
13:19:39 ampere/q11dev/debug/log apq11dev-543204516334 3087 1790680762.247 2|shos_mqtt_conn.c:465    MQTT0: pub ampere/q11dev/debug/log @ 0 (117) -> 0
13:19:39 ampere/q11dev/debug/log apq11dev-543204516334 3088 1790680762.252 2|shos_mqtt_conn.c:465    MQTT0: pub ampere/q11dev/debug/log @ 0 (117) -> 0
13:19:39 ampere/q11dev/debug/log apq11dev-543204516334 3089 1790680762.301 2|shos_mqtt_conn.c:465    MQTT0: pub ampere/q11dev/debug/log @ 0 (117) -> 0
13:19:39 ampere/q11dev/debug/log apq11dev-543204516334 3090 1790680762.305 2|shos_mqtt_conn.c:465    MQTT0: pub ampere/q11dev/debug/log @ 0 (117) -> 0
13:19:39 ampere/q11dev/debug/log apq11dev-543204516334 3091 1790680762.309 2|shos_mqtt_conn.c:465    MQTT0: pub ampere/q11dev/debug/log @ 0 (117) -> 0
13:19:39 ampere/q11dev/debug/log apq11dev-543204516334 3092 1790680762.313 2|shos_mqtt_conn.c:465    MQTT0: pub ampere/q11dev/debug/log @ 0 (117) -> 0
13:19:39 ampere/q11dev/debug/log apq11dev-543204516334 3093 1790680762.361 2|shos_mqtt_conn.c:465    MQTT0: pub ampere/q11dev/debug/log @ 0 (117) -> 0
13:19:39 ampere/q11dev/debug/log apq11dev-543204516334 3094 1790680762.365 2|shos_mqtt_conn.c:465    MQTT0: pub ampere/q11dev/debug/log @ 0 (117) -> 0
13:19:39 ampere/q11dev/debug/log apq11dev-543204516334 3095 1790680762.369 2|shos_mqtt_conn.c:465    MQTT0: pub ampere/q11dev/debug/log @ 0 (117) -> 0
13:19:39 ampere/q11dev/debug/log apq11dev-543204516334 3096 1790680762.373 2|shos_mqtt_conn.c:465    MQTT0: pub ampere/q11dev/debug/log @ 0 (117) -> 0
13:19:39 ampere/q11dev/debug/log apq11dev-543204516334 3097 1790680762.422 2|shos_mqtt_conn.c:465    MQTT0: pub ampere/q11dev/debug/log @ 0 (117) -> 0
13:19:39 ampere/q11dev/debug/log apq11dev-543204516334 3098 1790680762.426 2|shos_mqtt_conn.c:465    MQTT0: pub ampere/q11dev/debug/log @ 0 (117) -> 0
13:19:39 ampere/q11dev/debug/log apq11dev-543204516334 3099 1790680762.430 2|shos_mqtt_conn.c:465    MQTT0: pub ampere/q11dev/debug/log @ 0 (117) -> 0
13:19:39 ampere/q11dev/debug/log apq11dev-543204516334 3100 1790680762.434 2|shos_mqtt_conn.c:465    MQTT0: pub ampere/q11dev/debug/log @ 0 (117) -> 0
13:19:39 ampere/q11dev/debug/log apq11dev-543204516334 3101 1790680762.494 2|shos_mqtt_conn.c:465    MQTT0: pub ampere/q11dev/debug/log @ 0 (117) -> 0
13:19:39 ampere/q11dev/debug/log apq11dev-543204516334 3102 1790680762.498 2|shos_mqtt_conn.c:465    MQTT0: pub ampere/q11dev/debug/log @ 0 (117) -> 0
13:19:39 ampere/q11dev/debug/log apq11dev-543204516334 3103 1790680762.502 2|shos_mqtt_conn.c:465    MQTT0: pub ampere/q11dev/debug/log @ 0 (117) -> 0
13:19:39 ampere/q11dev/debug/log apq11dev-543204516334 3104 1790680762.507 2|shos_mqtt_conn.c:465    MQTT0: pub ampere/q11dev/debug/log @ 0 (117) -> 0
13:19:39 ampere/q11dev/debug/log apq11dev-543204516334 3105 1790680762.555 2|shos_mqtt_conn.c:465    MQTT0: pub ampere/q11dev/debug/log @ 0 (117) -> 0
13:19:39 ampere/q11dev/debug/log apq11dev-543204516334 3106 1790680762.560 2|shos_mqtt_conn.c:465    MQTT0: pub ampere/q11dev/debug/log @ 0 (117) -> 0
13:19:39 ampere/q11dev/debug/log apq11dev-543204516334 3107 1790680762.565 2|shos_mqtt_conn.c:465    MQTT0: pub ampere/q11dev/debug/log @ 0 (117) -> 0
13:19:39 ampere/q11dev/debug/log apq11dev-543204516334 3108 1790680762.569 2|shos_mqtt_conn.c:465    MQTT0: pub ampere/q11dev/debug/log @ 0 (117) -> 0
13:19:39 ampere/q11dev/debug/log apq11dev-543204516334 3109 1790680762.617 2|shos_mqtt_conn.c:465    MQTT0: pub ampere/q11dev/debug/log @ 0 (117) -> 0
13:19:39 ampere/q11dev/debug/log apq11dev-543204516334 3110 1790680762.621 2|shos_mqtt_conn.c:465    MQTT0: pub ampere/q11dev/debug/log @ 0 (117) -> 0
