13:18:28 I y_notifications.cpp:168 Status change of text:200: {"value":"L1 230.3 V 0.0 A 0.00 kW | L2 230.6 V 0.0 A 0.00 kW | L3 231.4 V 0.0 A 0.00 kW"}
13:18:30 I shelly_script.cpp:204   script:1 5.9% CPU utilization
13:18:30 I y_notifications.cpp:168 Status change of text:200: {"value":"L1 229.6 V 0.0 A 0.00 kW | L2 230.1 V 0.0 A 0.00 kW | L3 231.1 V 0.0 A 0.00 kW"}
13:18:32 I y_notifications.cpp:168 Status change of text:200: {"value":"L1 230.0 V 0.0 A 0.00 kW | L2 230.1 V 0.0 A 0.00 kW | L3 230.8 V 0.0 A 0.00 kW"}
13:18:34 I y_notifications.cpp:168 Status change of text:200: {"value":"L1 229.8 V 0.0 A 0.00 kW | L2 230.1 V 0.0 A 0.00 kW | L3 230.9 V 0.0 A 0.00 kW"}
13:18:36 I y_notifications.cpp:168 Status change of text:200: {"value":"L1 230.4 V 0.0 A 0.00 kW | L2 230.3 V 0.0 A 0.00 kW | L3 231.2 V 0.0 A 0.00 kW"}
13:18:38 I y_notifications.cpp:168 Status change of text:200: {"value":"L1 229.8 V 0.0 A 0.00 kW | L2 230.8 V 0.0 A 0.00 kW | L3 230.8 V 0.0 A 0.00 kW"}
13:18:40 I shelly_script.cpp:204   script:1 5.9% CPU utilization
13:18:40 I y_notifications.cpp:168 Status change of text:200: {"value":"L1 230.0 V 0.0 A 0.00 kW | L2 230.3 V 0.0 A 0.00 kW | L3 230.5 V 0.0 A 0.00 kW"}
13:18:42 I y_notifications.cpp:168 Status change of text:200: {"value":"L1 229.9 V 0.0 A 0.00 kW | L2 230.8 V 0.0 A 0.00 kW | L3 230.9 V 0.0 A 0.00 kW"}
13:18:44 I y_notifications.cpp:168 Status change of text:200: {"value":"L1 230.2 V 0.0 A 0.00 kW | L2 230.7 V 0.0 A 0.00 kW | L3 230.7 V 0.0 A 0.00 kW"}
13:18:46 I y_notifications.cpp:168 Status change of text:200: {"value":"L1 230.0 V 0.0 A 0.00 kW | L2 230.8 V 0.0 A 0.00 kW | L3 231.1 V 0.0 A 0.00 kW"}
13:18:48 I y_notifications.cpp:168 Status change of text:200: {"value":"L1 230.1 V 0.0 A 0.00 kW | L2 230.9 V 0.0 A 0.00 kW | L3 230.6 V 0.0 A 0.00 kW"}
13:18:50 I y_notifications.cpp:168 Status change of text:200: {"value":"L1 230.4 V 0.0 A 0.00 kW | L2 230.0 V 0.0 A 0.00 kW | L3 230.9 V 0.0 A 0.00 kW"}
13:18:52 I shelly_script.cpp:204   script:1 5.9% CPU utilization
13:18:52 I y_notifications.cpp:168 Status change of text:200: {"value":"L1 230.4 V 0.0 A 0.00 kW | L2 230.0 V 0.0 A 0.00 kW | L3 231.4 V 0.0 A 0.00 kW"}
13:18:54 I y_notifications.cpp:168 Status change of text:200: {"value":"L1 229.6 V 0.0 A 0.00 kW | L2 230.4 V 0.0 A 0.00 kW | L3 230.9 V 0.0 A 0.00 kW"}
13:18:56 I y_notifications.cpp:168 Status change of text:200: {"value":"L1 230.1 V 0.0 A 0.00 kW | L2 230.8 V 0.0 A 0.00 kW | L3 230.6 V 0.0 A 0.00 kW"}
13:18:58 I y_notifications.cpp:168 Status change of text:200: {"value":"L1 229.8 V 0.0 A 0.00 kW | L2 230.4 V 0.0 A 0.00 kW | L3 230.9 V 0.0 A 0.00 kW"}
13:19:00 I y_notifications.cpp:168 Status change of text:200: {"value":"L1 229.8 V 0.0 A 0.00 kW | L2 230.5 V 0.0 A 0.00 kW | L3 230.9 V 0.0 A 0.00 kW"}
13:19:02 I y_notifications.cpp:168 Status change of text:200: {"value":"L1 229.8 V 0.0 A 0.00 kW | L2 230.7 V 0.0 A 0.00 kW | L3 230.9 V 0.0 A 0.00 kW"}
13:19:04 I shelly_script.cpp:204   script:1 5.9% CPU utilization
13:19:04 I y_notifications.cpp:168 Status change of text:200: {"value":"L1 230.0 V 0.0 A 0.00 kW | L2 230.3 V 0.0 A 0.00 kW | L3 230.7 V 0.0 A 0.00 kW"}
13:19:06 I y_notifications.cpp:168 Status change of text:200: {"value":"L1 229.8 V 0.0 A 0.00 kW | L2 230.3 V 0.0 A 0.00 kW | L3 230.5 V 0.0 A 0.00 kW"}
13:19:08 I y_notifications.cpp:168 Status change of text:200: {"value":"L1 229.5 V 0.0 A 0.00 kW | L2 230.9 V 0.0 A 0.00 kW | L3 231.2 V 0.0 A 0.00 kW"}
13:19:10 I y_notifications.cpp:168 Status change of text:200: {"value":"L1 229.9 V 0.0 A 0.00 kW | L2 230.1 V 0.0 A 0.00 kW | L3 231.3 V 0.0 A 0.00 kW"}
13:19:12 I y_notifications.cpp:168 Status change of text:200: {"value":"L1 230.4 V 0.0 A 0.00 kW | L2 230.5 V 0.0 A 0.00 kW | L3 230.9 V 0.0 A 0.00 kW"}
13:19:14 I y_notifications.cpp:168 Status change of text:200: {"value":"L1 230.3 V 0.0 A 0.00 kW | L2 230.7 V 0.0 A 0.00 kW | L3 230.9 V 0.0 A 0.00 kW"}
13:19:16 I shelly_script.cpp:204   script:1 5.9% CPU utilization
13:19:16 I y_notifications.cpp:168 Status change of text:200: {"value":"L1 230.1 V 0.0 A 0.00 kW | L2 230.7 V 0.0 A 0.00 kW | L3 230.5 V 0.0 A 0.00 kW"}
13:19:18 I y_notifications.cpp:168 Status change of text:200: {"value":"L1 230.2 V 0.0 A 0.00 kW | L2 230.4 V 0.0 A 0.00 kW | L3 231.4 V 0.0 A 0.00 kW"}
13:19:20 I y_notifications.cpp:168 Status change of text:200: {"value":"L1 229.9 V 0.0 A 0.00 kW | L2 230.5 V 0.0 A 0.00 kW | L3 230.9 V 0.0 A 0.00 kW"}
13:19:22 I y_notifications.cpp:168 Status change of text:200: {"value":"L1 230.2 V 0.0 A 0.00 kW | L2 230.9 V 0.0 A 0.00 kW | L3 230.9 V 0.0 A 0.00 kW"}
13:19:24 I y_notifications.cpp:168 Status change of text:200: {"value":"L1 230.4 V 0.0 A 0.00 kW | L2 230.7 V 0.0 A 0.00 kW | L3 231.4 V 0.0 A 0.00 kW"}
13:19:26 I shelly_script.cpp:204   script:1 5.9% CPU utilization
13:19:26 I y_notifications.cpp:168 Status change of text:200: {"value":"L1 230.5 V 0.0 A 0.00 kW | L2 230.4 V 0.0 A 0.00 kW | L3 231.0 V 0.0 A 0.00 kW"}
13:19:28 I y_notifications.cpp:168 Status change of text:200: {"value":"L1 230.4 V 0.0 A 0.00 kW | L2 230.1 V 0.0 A 0.00 kW | L3 230.5 V 0.0 A 0.00 kW"}
13:19:30 I y_notifications.cpp:168 Status change of text:200: {"value":"L1 230.5 V 0.0 A 0.00 kW | L2 230.8 V 0.0 A 0.00 kW | L3 230.9 V 0.0 A 0.00 kW"}
13:19:32 I y_notifications.cpp:168 Status change of text:200: {"value":"L1 229.9 V 0.0 A 0.00 kW | L2 230.8 V 0.0 A 0.00 kW | L3 230.5 V 0.0 A 0.00 kW"}
13:19:34 I y_notifications.cpp:168 Status change of text:200: {"value":"L1 230.4 V 0.0 A 0.00 kW | L2 230.5 V 0.0 A 0.00 kW | L3 231.1 V 0.0 A 0.00 kW"}
13:19:36 I y_notifications.cpp:168 Status change of text:200: {"value":"L1 230.3 V 0.0 A 0.00 kW | L2 230.3 V 0.0 A 0.00 kW | L3 231.4 V 0.0 A 0.00 kW"}
13:19:38 I shelly_script.cpp:204   script:1 5.9% CPU utilization
13:19:38 I y_notifications.cpp:168 Status change of text:200: {"value":"L1 229.9 V 0.0 A 0.00 kW | L2 230.5 V 0.0 A 0.00 kW | L3 230.9 V 0.0 A 0.00 kW"}
13:19:40 I y_notifications.cpp:168 Status change of text:200: {"value":"L1 230.1 V 0.0 A 0.00 kW | L2 230.2 V 0.0 A 0.00 kW | L3 230.9 V 0.0 A 0.00 kW"}
13:19:42 I y_notifications.cpp:168 Status change of text:200: {"value":"L1 230.4 V 0.0 A 0.00 kW | L2 230.2 V 0.0 A 0.00 kW | L3 230.6 V 0.0 A 0.00 kW"}
13:19:44 I shos_time.cpp:65        Setting time from SNTP (1790248784.504 delta +0.714)
13:19:44 I shelly_sys.cpp:339      Time set to 1740.463700 from 1
13:19:44 I y_notifications.cpp:168 Status change of sys: {"last_sync_ts":1790248784}
13:19:44 I y_notifications.cpp:168 Status change of sys: {"time":"13:19","unixtime":1790248784}
13:19:44 I y_notifications.cpp:168 Status change of text:200: {"value":"L1 230.2 V 0.0 A 0.00 kW | L2 230.1 V 0.0 A 0.00 kW | L3 230.7 V 0.0 A 0.00 kW"}
13:19:46 I y_notifications.cpp:168 Status change of text:200: {"value":"L1 230.5 V 0.0 A 0.00 kW | L2 230.8 V 0.0 A 0.00 kW | L3 231.2 V 0.0 A 0.00 kW"}
13:19:48 I shelly_script.cpp:204   script:1 5.9% CPU utilization
13:19:48 I y_notifications.cpp:168 Status change of text:200: {"value":"L1 229.6 V 0.0 A 0.00 kW | L2 230.3 V 0.0 A 0.00 kW | L3 230.8 V 0.0 A 0.00 kW"}
13:19:50 I y_notifications.cpp:168 Status change of text:200: {"value":"L1 229.7 V 0.0 A 0.00 kW | L2 230.7 V 0.0 A 0.00 kW | L3 231.3 V 0.0 A 0.00 kW"}
13:19:52 I y_notifications.cpp:168 Status change of text:200: {"value":"L1 230.2 V 0.0 A 0.00 kW | L2 230.3 V 0.0 A 0.00 kW | L3 230.8 V 0.0 A 0.00 kW"}
13:19:54 I y_notifications.cpp:168 Status change of text:200: {"value":"L1 230.2 V 0.0 A 0.00 kW | L2 230.1 V 0.0 A 0.00 kW | L3 230.8 V 0.0 A 0.00 kW"}
13:19:56 I y_notifications.cpp:168 Status change of text:200: {"value":"L1 229.5 V 0.0 A 0.00 kW | L2 230.5 V 0.0 A 0.00 kW | L3 230.6 V 0.0 A 0.00 kW"}
13:19:58 I shelly_script.cpp:204   script:1 5.9% CPU utilization
13:19:58 I y_notifications.cpp:168 Status change of text:200: {"value":"L1 229.7 V 0.0 A 0.00 kW | L2 230.7 V 0.0 A 0.00 kW | L3 230.7 V 0.0 A 0.00 kW"}
13:20:00 I y_notifications.cpp:168 Status change of text:200: {"value":"L1 229.9 V 0.0 A 0.00 kW | L2 230.3 V 0.0 A 0.00 kW | L3 231.1 V 0.0 A 0.00 kW"}
13:20:02 I y_notifications.cpp:168 Status change of text:200: {"value":"L1 230.4 V 0.0 A 0.00 kW | L2 230.1 V 0.0 A 0.00 kW | L3 230.7 V 0.0 A 0.00 kW"}
13:20:04 I y_notifications.cpp:168 Status change of text:200: {"value":"L1 230.3 V 0.0 A 0.00 kW | L2 230.3 V 0.0 A 0.00 kW | L3 230.8 V 0.0 A 0.00 kW"}
13:20:06 I y_notifications.cpp:168 Status change of text:200: {"value":"L1 229.9 V 0.0 A 0.00 kW | L2 230.4 V 0.0 A 0.00 kW | L3 231.1 V 0.0 A 0.00 kW"}
13:20:08 I y_notifications.cpp:168 Status change of text:200: {"value":"L1 229.9 V 0.0 A 0.00 kW | L2 230.7 V 0.0 A 0.00 kW | L3 231.5 V 0.0 A 0.00 kW"}
13:20:10 I shelly_script.cpp:204   script:1 5.9% CPU utilization
13:20:10 I y_notifications.cpp:168 Status change of text:200: {"value":"L1 230.1 V 0.0 A 0.00 kW | L2 230.8 V 0.0 A 0.00 kW | L3 231.1 V 0.0 A 0.00 kW"}
13:20:12 I y_notifications.cpp:168 Status change of text:200: {"value":"L1 230.3 V 0.0 A 0.00 kW | L2 230.9 V 0.0 A 0.00 kW | L3 230.9 V 0.0 A 0.00 kW"}
13:20:14 I y_notifications.cpp:168 Status change of text:200: {"value":"L1 230.2 V 0.0 A 0.00 kW | L2 230.9 V 0.0 A 0.00 kW | L3 231.2 V 0.0 A 0.00 kW"}
13:20:16 I y_notifications.cpp:168 Status change of text:200: {"value":"L1 229.9 V 0.0 A 0.00 kW | L2 230.0 V 0.0 A 0.00 kW | L3 230.8 V 0.0 A 0.00 kW"}
13:20:18 I y_notifications.cpp:168 Status change of text:200: {"value":"L1 229.6 V 0.0 A 0.00 kW | L2 230.2 V 0.0 A 0.00 kW | L3 231.3 V 0.0 A 0.00 kW"}
13:20:20 I shelly_script.cpp:204   script:1 5.9% CPU utilization
13:20:20 I y_notifications.cpp:168 Status change of text:200: {"value":"L1 230.4 V 0.0 A 0.00 kW | L2 230.1 V 0.0 A 0.00 kW | L3 230.7 V 0.0 A 0.00 kW"}
13:20:22 I y_notifications.cpp:168 Status change of text:200: {"value":"L1 230.3 V 0.0 A 0.00 kW | L2 230.1 V 0.0 A 0.00 kW | L3 231.3 V 0.0 A 0.00 kW"}
13:20:24 I y_notifications.cpp:168 Status change of text:200: {"value":"L1 229.6 V 0.0 A 0.00 kW | L2 230.8 V 0.0 A 0.00 kW | L3 230.6 V 0.0 A 0.00 kW"}
13:20:26 I y_notifications.cpp:168 Status change of text:200: {"value":"L1 230.0 V 0.0 A 0.00 kW | L2 230.4 V 0.0 A 0.00 kW | L3 231.1 V 0.0 A 0.00 kW"}
13:20:28 I y_notifications.cpp:168 Status change of text:200: {"value":"L1 230.2 V 0.0 A 0.00 kW | L2 230.6 V 0.0 A 0.00 kW | L3 230.6 V 0.0 A 0.00 kW"}
13:20:30 I y_notifications.cpp:168 Status change of text:200: {"value":"L1 230.4 V 0.0 A 0.00 kW | L2 230.9 V 0.0 A 0.00 kW | L3 230.8 V 0.0 A 0.00 kW"}
13:20:32 I shelly_script.cpp:204   script:1 5.9% CPU utilization
13:20:32 I y_notifications.cpp:168 Status change of text:200: {"value":"L1 230.1 V 0.0 A 0.00 kW | L2 230.4 V 0.0 A 0.00 kW | L3 231.4 V 0.0 A 0.00 kW"}
13:20:34 I y_notifications.cpp:168 Status change of text:200: {"value":"L1 229.7 V 0.0 A 0.00 kW | L2 230.9 V 0.0 A 0.00 kW | L3 230.9 V 0.0 A 0.00 kW"}
13:20:36 I y_notifications.cpp:168 Status change of text:200: {"value":"L1 230.2 V 0.0 A 0.00 kW | L2 230.5 V 0.0 A 0.00 kW | L3 230.9 V 0.0 A 0.00 kW"}
13:20:38 I y_notifications.cpp:168 Status change of text:200: {"value":"L1 230.5 V 0.0 A 0.00 kW | L2 230.2 V 0.0 A 0.00 kW | L3 230.8 V 0.0 A 0.00 kW"}
13:20:40 I y_notifications.cpp:168 Status change of text:200: {"value":"L1 230.3 V 0.0 A 0.00 kW | L2 230.2 V 0.0 A 0.00 kW | L3 230.7 V 0.0 A 0.00 kW"}
13:20:42 I shelly_script.cpp:204   script:1 5.9% CPU utilization
13:20:42 I y_notifications.cpp:168 Status change of text:200: {"value":"L1 230.5 V 0.0 A 0.00 kW | L2 230.8 V 0.0 A 0.00 kW | L3 231.4 V 0.0 A 0.00 kW"}
13:20:44 I y_notifications.cpp:168 Status change of text:200: {"value":"L1 229.6 V 0.0 A 0.00 kW | L2 230.5 V 0.0 A 0.00 kW | L3 230.6 V 0.0 A 0.00 kW"}
13:20:46 I y_notifications.cpp:168 Status change of text:200: {"value":"L1 229.8 V 0.0 A 0.00 kW | L2 230.7 V 0.0 A 0.00 kW | L3 230.7 V 0.0 A 0.00 kW"}
13:20:48 I y_notifications.cpp:168 Status change of text:200: {"value":"L1 229.5 V 0.0 A 0.00 kW | L2 230.3 V 0.0 A 0.00 kW | L3 231.1 V 0.0 A 0.00 kW"}
13:20:50 I y_notifications.cpp:168 Status change of text:200: {"value":"L1 230.3 V 0.0 A 0.00 kW | L2 230.4 V 0.0 A 0.00 kW | L3 230.8 V 0.0 A 0.00 kW"}
13:20:52 I y_notifications.cpp:168 Status change of text:200: {"value":"L1 229.7 V 0.0 A 0.00 kW | L2 230.7 V 0.0 A 0.00 kW | L3 230.8 V 0.0 A 0.00 kW"}
13:20:54 I shelly_script.cpp:204   script:1 5.9% CPU utilization
13:20:54 I y_notifications.cpp:168 Status change of text:200: {"value":"L1 229.8 V 0.0 A 0.00 kW | L2 230.1 V 0.0 A 0.00 kW | L3 230.9 V 0.0 A 0.00 kW"}
13:20:56 I y_notifications.cpp:168 Status change of text:200: {"value":"L1 229.9 V 0.0 A 0.00 kW | L2 230.3 V 0.0 A 0.00 kW | L3 230.5 V 0.0 A 0.00 kW"}
13:20:58 I y_notifications.cpp:168 Status change of text:200: {"value":"L1 229.9 V 0.0 A 0.00 kW | L2 230.7 V 0.0 A 0.00 kW | L3 231.0 V 0.0 A 0.00 kW"}
13:21:00 I y_notifications.cpp:168 Status change of text:200: {"value":"L1 229.5 V 0.0 A 0.00 kW | L2 230.5 V 0.0 A 0.00 kW | L3 230.6 V 0.0 A 0.00 kW"}
13:21:02 I y_notifications.cpp:168 Status change of text:200: {"value":"L1 229.8 V 0.0 A 0.00 kW | L2 230.7 V 0.0 A 0.00 kW | L3 230.7 V 0.0 A 0.00 kW"}
13:21:04 I shelly_script.cpp:204   script:1 5.9% CPU utilization
13:21:04 I y_notifications.cpp:168 Status change of text:200: {"value":"L1 230.2 V 0.0 A 0.00 kW | L2 230.7 V 0.0 A 0.00 kW | L3 230.9 V 0.0 A 0.00 kW"}
13:21:06 I y_notifications.cpp:168 Status change of text:200: {"value":"L1 229.7 V 0.0 A 0.00 kW | L2 230.9 V 0.0 A 0.00 kW | L3 230.5 V 0.0 A 0.00 kW"}
13:21:08 I y_notifications.cpp:168 Status change of text:200: {"value":"L1 230.0 V 0.0 A 0.00 kW | L2 230.8 V 0.0 A 0.00 kW | L3 231.4 V 0.0 A 0.00 kW"}
13:21:10 I y_notifications.cpp:168 Status change of text:200: {"value":"L1 230.2 V 0.0 A 0.00 kW | L2 230.3 V 0.0 A 0.00 kW | L3 230.7 V 0.0 A 0.00 kW"}
13:21:12 I y_notifications.cpp:168 Status change of text:200: {"value":"L1 230.4 V 0.0 A 0.00 kW | L2 230.6 V 0.0 A 0.00 kW | L3 231.1 V 0.0 A 0.00 kW"}
13:21:14 I y_notifications.cpp:168 Status change of text:200: {"value":"L1 229.6 V 0.0 A 0.00 kW | L2 230.4 V 0.0 A 0.00 kW | L3 230.6 V 0.0 A 0.00 kW"}
13:21:16 I shelly_script.cpp:204   script:1 5.9% CPU utilization
13:21:16 I y_notifications.cpp:168 Status change of text:200: {"value":"L1 230.4 V 0.0 A 0.00 kW | L2 230.9 V 0.0 A 0.00 kW | L3 230.9 V 0.0 A 0.00 kW"}
13:21:18 I y_notifications.cpp:168 Status change of text:200: {"value":"L1 230.1 V 0.0 A 0.00 kW | L2 230.9 V 0.0 A 0.00 kW | L3 230.9 V 0.0 A 0.00 kW"}
13:21:20 I y_notifications.cpp:168 Status change of text:200: {"value":"L1 230.1 V 0.0 A 0.00 kW | L2 230.1 V 0.0 A 0.00 kW | L3 231.2 V 0.0 A 0.00 kW"}
13:21:22 I y_notifications.cpp:168 Status change of text:200: {"value":"L1 230.4 V 0.0 A 0.00 kW | L2 230.2 V 0.0 A 0.00 kW | L3 230.9 V 0.0 A 0.00 kW"}
13:21:24 I y_notifications.cpp:168 Status change of text:200: {"value":"L1 229.8 V 0.0 A 0.00 kW | L2 230.3 V 0.0 A 0.00 kW | L3 231.3 V 0.0 A 0.00 kW"}
13:21:26 I y_notifications.cpp:168 Status change of text:200: {"value":"L1 229.7 V 0.0 A 0.00 kW | L2 230.9 V 0.0 A 0.00 kW | L3 230.9 V 0.0 A 0.00 kW"}
13:21:28 I shelly_script.cpp:204   script:1 5.9% CPU utilization
13:21:28 I y_notifications.cpp:168 Status change of text:200: {"value":"L1 230.3 V 0.0 A 0.00 kW | L2 230.9 V 0.0 A 0.00 kW | L3 231.4 V 0.0 A 0.00 kW"}
13:21:30 I y_notifications.cpp:168 Status change of text:200: {"value":"L1 230.1 V 0.0 A 0.00 kW | L2 230.3 V 0.0 A 0.00 kW | L3 230.8 V 0.0 A 0.00 kW"}
13:21:32 I y_notifications.cpp:168 Status change of text:200: {"value":"L1 229.9 V 0.0 A 0.00 kW | L2 230.7 V 0.0 A 0.00 kW | L3 231.5 V 0.0 A 0.00 kW"}
13:21:34 I y_notifications.cpp:168 Status change of text:200: {"value":"L1 230.2 V 0.0 A 0.00 kW | L2 230.5 V 0.0 A 0.00 kW | L3 230.9 V 0.0 A 0.00 kW"}
13:21:36 I y_notifications.cpp:168 Status change of text:200: {"value":"L1 229.9 V 0.0 A 0.00 kW | L2 230.7 V 0.0 A 0.00 kW | L3 231.1 V 0.0 A 0.00 kW"}
13:21:38 I y_notifications.cpp:168 Status change of text:200: {"value":"L1 229.8 V 0.0 A 0.00 kW | L2 230.6 V 0.0 A 0.00 kW | L3 231.1 V 0.0 A 0.00 kW"}
13:21:40 I shelly_script.cpp:204   script:1 5.9% CPU utilization
13:21:40 I y_notifications.cpp:168 Status change of text:200: {"value":"L1 230.0 V 0.0 A 0.00 kW | L2 230.0 V 0.0 A 0.00 kW | L3 231.1 V 0.0 A 0.00 kW"}
13:21:42 I y_notifications.cpp:168 Status change of text:200: {"value":"L1 230.4 V 0.0 A 0.00 kW | L2 230.6 V 0.0 A 0.00 kW | L3 231.1 V 0.0 A 0.00 kW"}
13:21:44 I y_notifications.cpp:168 Status change of text:200: {"value":"L1 229.7 V 0.0 A 0.00 kW | L2 230.8 V 0.0 A 0.00 kW | L3 230.9 V 0.0 A 0.00 kW"}
13:21:46 I y_notifications.cpp:168 Status change of text:200: {"value":"L1 229.7 V 0.0 A 0.00 kW | L2 230.8 V 0.0 A 0.00 kW | L3 231.2 V 0.0 A 0.00 kW"}
13:21:48 I y_notifications.cpp:168 Status change of text:200: {"value":"L1 229.9 V 0.0 A 0.00 kW | L2 230.3 V 0.0 A 0.00 kW | L3 230.6 V 0.0 A 0.00 kW"}
13:21:50 I shelly_script.cpp:204   script:1 5.9% CPU utilization
13:21:50 I y_notifications.cpp:168 Status change of text:200: {"value":"L1 230.2 V 0.0 A 0.00 kW | L2 230.5 V 0.0 A 0.00 kW | L3 231.3 V 0.0 A 0.00 kW"}
13:21:52 I y_notifications.cpp:168 Status change of text:200: {"value":"L1 229.8 V 0.0 A 0.00 kW | L2 230.1 V 0.0 A 0.00 kW | L3 231.3 V 0.0 A 0.00 kW"}
13:21:54 I y_notifications.cpp:168 Status change of text:200: {"value":"L1 230.1 V 0.0 A 0.00 kW | L2 230.7 V 0.0 A 0.00 kW | L3 230.6 V 0.0 A 0.00 kW"}
13:21:56 I y_notifications.cpp:168 Status change of text:200: {"value":"L1 230.3 V 0.0 A 0.00 kW | L2 230.9 V 0.0 A 0.00 kW | L3 230.6 V 0.0 A 0.00 kW"}
13:21:58 I y_notifications.cpp:168 Status change of text:200: {"value":"L1 230.3 V 0.0 A 0.00 kW | L2 230.0 V 0.0 A 0.00 kW | L3 231.0 V 0.0 A 0.00 kW"}
13:22:00 I y_notifications.cpp:168 Status change of text:200: {"value":"L1 230.0 V 0.0 A 0.00 kW | L2 230.9 V 0.0 A 0.00 kW | L3 230.7 V 0.0 A 0.00 kW"}
13:22:02 I shelly_script.cpp:204   script:1 5.9% CPU utilization
13:22:02 I y_notifications.cpp:168 Status change of text:200: {"value":"L1 230.3 V 0.0 A 0.00 kW | L2 230.9 V 0.0 A 0.00 kW | L3 231.5 V 0.0 A 0.00 kW"}
13:22:04 I y_notifications.cpp:168 Status change of text:200: {"value":"L1 230.3 V 0.0 A 0.00 kW | L2 230.2 V 0.0 A 0.00 kW | L3 230.5 V 0.0 A 0.00 kW"}
13:22:06 I y_notifications.cpp:168 Status change of text:200: {"value":"L1 229.9 V 0.0 A 0.00 kW | L2 230.1 V 0.0 A 0.00 kW | L3 230.5 V 0.0 A 0.00 kW"}
13:22:08 I y_notifications.cpp:168 Status change of text:200: {"value":"L1 230.5 V 0.0 A 0.00 kW | L2 230.7 V 0.0 A 0.00 kW | L3 230.8 V 0.0 A 0.00 kW"}
13:22:10 I y_notifications.cpp:168 Status change of text:200: {"value":"L1 230.1 V 0.0 A 0.00 kW | L2 230.2 V 0.0 A 0.00 kW | L3 230.8 V 0.0 A 0.00 kW"}
13:22:12 I y_notifications.cpp:168 Status change of text:200: {"value":"L1 230.3 V 0.0 A 0.00 kW | L2 230.4 V 0.0 A 0.00 kW | L3 231.3 V 0.0 A 0.00 kW"}
13:22:14 I shelly_script.cpp:204   script:1 5.9% CPU utilization
13:22:14 I y_notifications.cpp:168 Status change of text:200: {"value":"L1 230.3 V 0.0 A 0.00 kW | L2 230.1 V 0.0 A 0.00 kW | L3 231.3 V 0.0 A 0.00 kW"}
13:22:16 I y_notifications.cpp:168 Status change of text:200: {"value":"L1 230.4 V 0.0 A 0.00 kW | L2 230.5 V 0.0 A 0.00 kW | L3 231.0 V 0.0 A 0.00 kW"}
13:22:18 I y_notifications.cpp:168 Status change of text:200: {"value":"L1 229.9 V 0.0 A 0.00 kW | L2 230.4 V 0.0 A 0.00 kW | L3 230.9 V 0.0 A 0.00 kW"}
13:22:20 I y_notifications.cpp:168 Status change of text:200: {"value":"L1 230.2 V 0.0 A 0.00 kW | L2 230.5 V 0.0 A 0.00 kW | L3 230.8 V 0.0 A 0.00 kW"}
13:22:22 I y_notifications.cpp:168 Status change of text:200: {"value":"L1 229.7 V 0.0 A 0.00 kW | L2 230.4 V 0.0 A 0.00 kW | L3 230.7 V 0.0 A 0.00 kW"}
13:22:24 I y_notifications.cpp:168 Status change of text:200: {"value":"L1 229.6 V 0.0 A 0.00 kW | L2 230.2 V 0.0 A 0.00 kW | L3 230.5 V 0.0 A 0.00 kW"}
13:22:26 I shelly_script.cpp:204   script:1 5.9% CPU utilization
13:22:26 I y_notifications.cpp:168 Status change of text:200: {"value":"L1 229.8 V 0.0 A 0.00 kW | L2 230.5 V 0.0 A 0.00 kW | L3 230.8 V 0.0 A 0.00 kW"}
13:22:28 I y_notifications.cpp:168 Status change of text:200: {"value":"L1 229.7 V 0.0 A 0.00 kW | L2 230.9 V 0.0 A 0.00 kW | L3 230.8 V 0.0 A 0.00 kW"}
13:22:30 I y_notifications.cpp:168 Status change of text:200: {"value":"L1 229.6 V 0.0 A 0.00 kW | L2 230.4 V 0.0 A 0.00 kW | L3 231.4 V 0.0 A 0.00 kW"}
13:22:32 I y_notifications.cpp:168 Status change of text:200: {"value":"L1 229.8 V 0.0 A 0.00 kW | L2 230.5 V 0.0 A 0.00 kW | L3 231.1 V 0.0 A 0.00 kW"}
13:22:34 I y_notifications.cpp:168 Status change of text:200: {"value":"L1 230.0 V 0.0 A 0.00 kW | L2 230.3 V 0.0 A 0.00 kW | L3 230.8 V 0.0 A 0.00 kW"}
13:22:36 I shelly_script.cpp:204   script:1 5.9% CPU utilization
13:22:36 I y_notifications.cpp:168 Status change of text:200: {"value":"L1 230.3 V 0.0 A 0.00 kW | L2 230.4 V 0.0 A 0.00 kW | L3 230.8 V 0.0 A 0.00 kW"}
13:22:38 I y_notifications.cpp:168 Status change of text:200: {"value":"L1 229.9 V 0.0 A 0.00 kW | L2 230.0 V 0.0 A 0.00 kW | L3 231.4 V 0.0 A 0.00 kW"}
13:22:40 I y_notifications.cpp:168 Status change of text:200: {"value":"L1 230.1 V 0.0 A 0.00 kW | L2 230.8 V 0.0 A 0.00 kW | L3 230.7 V 0.0 A 0.00 kW"}
13:22:42 I y_notifications.cpp:168 Status change of text:200: {"value":"L1 229.7 V 0.0 A 0.00 kW | L2 230.1 V 0.0 A 0.00 kW | L3 230.5 V 0.0 A 0.00 kW"}
13:22:44 I y_notifications.cpp:168 Status change of text:200: {"value":"L1 230.4 V 0.0 A 0.00 kW | L2 230.2 V 0.0 A 0.00 kW | L3 230.9 V 0.0 A 0.00 kW"}
13:22:46 I y_notifications.cpp:168 Status change of text:200: {"value":"L1 230.4 V 0.0 A 0.00 kW | L2 230.2 V 0.0 A 0.00 kW | L3 230.6 V 0.0 A 0.00 kW"}
13:22:48 I shelly_script.cpp:204   script:1 5.9% CPU utilization
13:22:48 I y_notifications.cpp:168 Status change of text:200: {"value":"L1 229.5 V 0.0 A 0.00 kW | L2 230.7 V 0.0 A 0.00 kW | L3 230.5 V 0.0 A 0.00 kW"}
13:22:50 I y_notifications.cpp:168 Status change of text:200: {"value":"L1 230.1 V 0.0 A 0.00 kW | L2 230.4 V 0.0 A 0.00 kW | L3 230.9 V 0.0 A 0.00 kW"}
13:22:52 I y_notifications.cpp:168 Status change of text:200: {"value":"L1 230.2 V 0.0 A 0.00 kW | L2 230.3 V 0.0 A 0.00 kW | L3 230.8 V 0.0 A 0.00 kW"}
13:22:54 I y_notifications.cpp:168 Status change of text:200: {"value":"L1 229.7 V 0.0 A 0.00 kW | L2 230.6 V 0.0 A 0.00 kW | L3 230.6 V 0.0 A 0.00 kW"}
13:22:56 I y_notifications.cpp:168 Status change of text:200: {"value":"L1 230.2 V 0.0 A 0.00 kW | L2 230.2 V 0.0 A 0.00 kW | L3 230.9 V 0.0 A 0.00 kW"}
13:22:58 I shelly_script.cpp:204   script:1 5.9% CPU utilization
13:22:58 I y_notifications.cpp:168 Status change of text:200: {"value":"L1 230.2 V 0.0 A 0.00 kW | L2 230.2 V 0.0 A 0.00 kW | L3 230.7 V 0.0 A 0.00 kW"}
13:23:00 I y_notifications.cpp:168 Status change of text:200: {"value":"L1 229.5 V 0.0 A 0.00 kW | L2 230.5 V 0.0 A 0.00 kW | L3 230.6 V 0.0 A 0.00 kW"}
13:23:02 I y_notifications.cpp:168 Status change of text:200: {"value":"L1 229.6 V 0.0 A 0.00 kW | L2 230.7 V 0.0 A 0.00 kW | L3 230.9 V 0.0 A 0.00 kW"}
13:23:04 I y_notifications.cpp:168 Status change of text:200: {"value":"L1 230.4 V 0.0 A 0.00 kW | L2 230.6 V 0.0 A 0.00 kW | L3 231.0 V 0.0 A 0.00 kW"}
13:23:06 I y_notifications.cpp:168 Status change of text:200: {"value":"L1 230.2 V 0.0 A 0.00 kW | L2 230.3 V 0.0 A 0.00 kW | L3 231.1 V 0.0 A 0.00 kW"}
13:23:08 I y_notifications.cpp:168 Status change of text:200: {"value":"L1 230.3 V 0.0 A 0.00 kW | L2 230.5 V 0.0 A 0.00 kW | L3 230.5 V 0.0 A 0.00 kW"}
13:23:10 I shelly_script.cpp:204   script:1 5.8% CPU utilization
13:23:10 I y_notifications.cpp:168 Status change of text:200: {"value":"L1 230.3 V 0.0 A 0.00 kW | L2 230.1 V 0.0 A 0.00 kW | L3 230.8 V 0.0 A 0.00 kW"}
13:23:12 I y_notifications.cpp:168 Status change of text:200: {"value":"L1 229.9 V 0.0 A 0.00 kW | L2 230.1 V 0.0 A 0.00 kW | L3 230.8 V 0.0 A 0.00 kW"}
13:23:14 I y_notifications.cpp:168 Status change of text:200: {"value":"L1 230.4 V 0.0 A 0.00 kW | L2 230.5 V 0.0 A 0.00 kW | L3 231.0 V 0.0 A 0.00 kW"}
13:23:16 I y_notifications.cpp:168 Status change of text:200: {"value":"L1 229.8 V 0.0 A 0.00 kW | L2 230.5 V 0.0 A 0.00 kW | L3 231.5 V 0.0 A 0.00 kW"}
13:23:18 I y_notifications.cpp:168 Status change of text:200: {"value":"L1 230.4 V 0.0 A 0.00 kW | L2 230.7 V 0.0 A 0.00 kW | L3 230.6 V 0.0 A 0.00 kW"}
13:23:20 I shelly_script.cpp:204   script:1 5.9% CPU utilization
13:23:20 I y_notifications.cpp:168 Status change of text:200: {"value":"L1 229.8 V 0.0 A 0.00 kW | L2 230.8 V 0.0 A 0.00 kW | L3 230.7 V 0.0 A 0.00 kW"}
13:23:22 I y_notifications.cpp:168 Status change of text:200: {"value":"L1 230.1 V 0.0 A 0.00 kW | L2 230.2 V 0.0 A 0.00 kW | L3 230.8 V 0.0 A 0.00 kW"}
13:23:24 I y_notifications.cpp:168 Status change of text:200: {"value":"L1 229.5 V 0.0 A 0.00 kW | L2 230.8 V 0.0 A 0.00 kW | L3 230.9 V 0.0 A 0.00 kW"}
13:23:26 I y_notifications.cpp:168 Status change of text:200: {"value":"L1 229.5 V 0.0 A 0.00 kW | L2 230.6 V 0.0 A 0.00 kW | L3 230.5 V 0.0 A 0.00 kW"}
13:23:28 I y_notifications.cpp:168 Status change of text:200: {"value":"L1 229.9 V 0.0 A 0.00 kW | L2 230.1 V 0.0 A 0.00 kW | L3 231.4 V 0.0 A 0.00 kW"}
13:23:30 I y_notifications.cpp:168 Status change of text:200: {"value":"L1 230.1 V 0.0 A 0.00 kW | L2 230.4 V 0.0 A 0.00 kW | L3 231.3 V 0.0 A 0.00 kW"}
13:23:32 I shelly_script.cpp:204   script:1 5.9% CPU utilization
13:23:32 I y_notifications.cpp:168 Status change of text:200: {"value":"L1 229.8 V 0.0 A 0.00 kW | L2 230.7 V 0.0 A 0.00 kW | L3 230.7 V 0.0 A 0.00 kW"}
13:23:34 I y_notifications.cpp:168 Status change of text:200: {"value":"L1 230.3 V 0.0 A 0.00 kW | L2 230.3 V 0.0 A 0.00 kW | L3 230.9 V 0.0 A 0.00 kW"}
13:23:36 I y_notifications.cpp:168 Status change of text:200: {"value":"L1 229.9 V 0.0 A 0.00 kW | L2 230.9 V 0.0 A 0.00 kW | L3 231.1 V 0.0 A 0.00 kW"}
13:23:38 I y_notifications.cpp:168 Status change of text:200: {"value":"L1 229.7 V 0.0 A 0.00 kW | L2 230.5 V 0.0 A 0.00 kW | L3 231.1 V 0.0 A 0.00 kW"}
13:23:40 I y_notifications.cpp:168 Status change of text:200: {"value":"L1 230.3 V 0.0 A 0.00 kW | L2 230.9 V 0.0 A 0.00 kW | L3 231.3 V 0.0 A 0.00 kW"}
13:23:42 I shelly_script.cpp:204   script:1 5.9% CPU utilization
13:23:42 I y_notifications.cpp:168 Status change of text:200: {"value":"L1 230.2 V 0.0 A 0.00 kW | L2 230.8 V 0.0 A 0.00 kW | L3 230.9 V 0.0 A 0.00 kW"}
13:23:44 I y_notifications.cpp:168 Status change of text:200: {"value":"L1 230.2 V 0.0 A 0.00 kW | L2 230.9 V 0.0 A 0.00 kW | L3 231.2 V 0.0 A 0.00 kW"}
13:23:46 I y_notifications.cpp:168 Status change of text:200: {"value":"L1 229.8 V 0.0 A 0.00 kW | L2 230.9 V 0.0 A 0.00 kW | L3 230.9 V 0.0 A 0.00 kW"}
13:23:48 I y_notifications.cpp:168 Status change of text:200: {"value":"L1 229.9 V 0.0 A 0.00 kW | L2 230.3 V 0.0 A 0.00 kW | L3 230.6 V 0.0 A 0.00 kW"}
13:23:50 I y_notifications.cpp:168 Status change of text:200: {"value":"L1 229.6 V 0.0 A 0.00 kW | L2 230.0 V 0.0 A 0.00 kW | L3 230.8 V 0.0 A 0.00 kW"}
13:23:52 I y_notifications.cpp:168 Status change of text:200: {"value":"L1 230.3 V 0.0 A 0.00 kW | L2 230.1 V 0.0 A 0.00 kW | L3 230.9 V 0.0 A 0.00 kW"}
13:23:54 I shelly_script.cpp:204   script:1 5.9% CPU utilization
13:23:54 I y_notifications.cpp:168 Status change of text:200: {"value":"L1 230.0 V 0.0 A 0.00 kW | L2 230.1 V 0.0 A 0.00 kW | L3 230.8 V 0.0 A 0.00 kW"}
13:23:56 I y_notifications.cpp:168 Status change of text:200: {"value":"L1 229.7 V 0.0 A 0.00 kW | L2 230.9 V 0.0 A 0.00 kW | L3 231.4 V 0.0 A 0.00 kW"}
13:23:58 I y_notifications.cpp:168 Status change of text:200: {"value":"L1 229.6 V 0.0 A 0.00 kW | L2 230.2 V 0.0 A 0.00 kW | L3 230.9 V 0.0 A 0.00 kW"}
13:24:00 I y_notifications.cpp:168 Status change of text:200: {"value":"L1 230.4 V 0.0 A 0.00 kW | L2 230.9 V 0.0 A 0.00 kW | L3 231.2 V 0.0 A 0.00 kW"}
13:24:02 I y_notifications.cpp:168 Status change of text:200: {"value":"L1 230.1 V 0.0 A 0.00 kW | L2 230.8 V 0.0 A 0.00 kW | L3 231.3 V 0.0 A 0.00 kW"}
13:24:04 I y_notifications.cpp:168 Status change of text:200: {"value":"L1 230.1 V 0.0 A 0.00 kW | L2 230.9 V 0.0 A 0.00 kW | L3 230.7 V 0.0 A 0.00 kW"}
13:24:06 I shelly_script.cpp:204   script:1 5.9% CPU utilization
13:24:06 I y_notifications.cpp:168 Status change of text:200: {"value":"L1 230.0 V 0.0 A 0.00 kW | L2 230.7 V 0.0 A 0.00 kW | L3 231.1 V 0.0 A 0.00 kW"}
13:24:08 I y_notifications.cpp:168 Status change of text:200: {"value":"L1 229.5 V 0.0 A 0.00 kW | L2 230.1 V 0.0 A 0.00 kW | L3 231.3 V 0.0 A 0.00 kW"}
13:24:10 I y_notifications.cpp:168 Status change of text:200: {"value":"L1 229.5 V 0.0 A 0.00 kW | L2 230.2 V 0.0 A 0.00 kW | L3 230.7 V 0.0 A 0.00 kW"}
13:24:12 I y_notifications.cpp:168 Status change of text:200: {"value":"L1 230.3 V 0.0 A 0.00 kW | L2 230.0 V 0.0 A 0.00 kW | L3 231.3 V 0.0 A 0.00 kW"}
13:24:14 I y_notifications.cpp:168 Status change of text:200: {"value":"L1 230.1 V 0.0 A 0.00 kW | L2 230.9 V 0.0 A 0.00 kW | L3 230.7 V 0.0 A 0.00 kW"}
13:24:16 I y_notifications.cpp:168 Status change of text:200: {"value":"L1 230.2 V 0.0 A 0.00 kW | L2 230.9 V 0.0 A 0.00 kW | L3 230.8 V 0.0 A 0.00 kW"}
13:24:18 I shelly_script.cpp:204   script:1 5.9% CPU utilization
13:24:18 I y_notifications.cpp:168 Status change of text:200: {"value":"L1 229.9 V 0.0 A 0.00 kW | L2 230.2 V 0.0 A 0.00 kW | L3 230.9 V 0.0 A 0.00 kW"}
13:24:20 I y_notifications.cpp:168 Status change of text:200: {"value":"L1 230.1 V 0.0 A 0.00 kW | L2 230.9 V 0.0 A 0.00 kW | L3 230.9 V 0.0 A 0.00 kW"}
13:24:22 I y_notifications.cpp:168 Status change of text:200: {"value":"L1 229.7 V 0.0 A 0.00 kW | L2 230.9 V 0.0 A 0.00 kW | L3 231.1 V 0.0 A 0.00 kW"}
13:24:24 I y_notifications.cpp:168 Status change of text:200: {"value":"L1 229.6 V 0.0 A 0.00 kW | L2 230.7 V 0.0 A 0.00 kW | L3 230.9 V 0.0 A 0.00 kW"}
13:24:26 I y_notifications.cpp:168 Status change of text:200: {"value":"L1 229.7 V 0.0 A 0.00 kW | L2 230.3 V 0.0 A 0.00 kW | L3 231.1 V 0.0 A 0.00 kW"}
13:24:28 I shelly_script.cpp:204   script:1 5.9% CPU utilization
13:24:28 I y_notifications.cpp:168 Status change of text:200: {"value":"L1 230.3 V 0.0 A 0.00 kW | L2 230.8 V 0.0 A 0.00 kW | L3 230.8 V 0.0 A 0.00 kW"}
13:24:30 I y_notifications.cpp:168 Status change of text:200: {"value":"L1 230.3 V 0.0 A 0.00 kW | L2 230.6 V 0.0 A 0.00 kW | L3 230.9 V 0.0 A 0.00 kW"}
13:24:32 I y_notifications.cpp:168 Status change of text:200: {"value":"L1 230.1 V 0.0 A 0.00 kW | L2 230.9 V 0.0 A 0.00 kW | L3 230.5 V 0.0 A 0.00 kW"}
13:24:34 I y_notifications.cpp:168 Status change of text:200: {"value":"L1 230.1 V 0.0 A 0.00 kW | L2 230.4 V 0.0 A 0.00 kW | L3 230.6 V 0.0 A 0.00 kW"}
13:24:36 I y_notifications.cpp:168 Status change of text:200: {"value":"L1 229.8 V 0.0 A 0.00 kW | L2 230.8 V 0.0 A 0.00 kW | L3 230.9 V 0.0 A 0.00 kW"}
13:24:38 I y_notifications.cpp:168 Status change of text:200: {"value":"L1 229.9 V 0.0 A 0.00 kW | L2 230.4 V 0.0 A 0.00 kW | L3 230.9 V 0.0 A 0.00 kW"}
13:24:40 I shelly_script.cpp:204   script:1 5.9% CPU utilization
13:24:40 I y_notifications.cpp:168 Status change of text:200: {"value":"L1 230.2 V 0.0 A 0.00 kW | L2 230.9 V 0.0 A 0.00 kW | L3 230.8 V 0.0 A 0.00 kW"}
13:24:42 I y_notifications.cpp:168 Status change of text:200: {"value":"L1 229.6 V 0.0 A 0.00 kW | L2 230.7 V 0.0 A 0.00 kW | L3 231.3 V 0.0 A 0.00 kW"}
13:24:44 I y_notifications.cpp:168 Status change of text:200: {"value":"L1 229.7 V 0.0 A 0.00 kW | L2 230.8 V 0.0 A 0.00 kW | L3 231.0 V 0.0 A 0.00 kW"}
13:24:46 I y_notifications.cpp:168 Status change of text:200: {"value":"L1 229.7 V 0.0 A 0.00 kW | L2 230.5 V 0.0 A 0.00 kW | L3 231.1 V 0.0 A 0.00 kW"}
13:24:48 I y_notifications.cpp:168 Status change of text:200: {"value":"L1 230.0 V 0.0 A 0.00 kW | L2 230.7 V 0.0 A 0.00 kW | L3 230.9 V 0.0 A 0.00 kW"}
13:24:50 I y_notifications.cpp:168 Status change of text:200: {"value":"L1 229.9 V 0.0 A 0.00 kW | L2 230.4 V 0.0 A 0.00 kW | L3 230.8 V 0.0 A 0.00 kW"}
13:24:52 I shelly_script.cpp:204   script:1 5.8% CPU utilization
13:24:52 I y_notifications.cpp:168 Status change of text:200: {"value":"L1 229.6 V 0.0 A 0.00 kW | L2 230.7 V 0.0 A 0.00 kW | L3 231.3 V 0.0 A 0.00 kW"}
13:24:54 I y_notifications.cpp:168 Status change of text:200: {"value":"L1 230.3 V 0.0 A 0.00 kW | L2 230.3 V 0.0 A 0.00 kW | L3 230.9 V 0.0 A 0.00 kW"}
13:24:56 I y_notifications.cpp:168 Status change of text:200: {"value":"L1 230.4 V 0.0 A 0.00 kW | L2 230.5 V 0.0 A 0.00 kW | L3 230.5 V 0.0 A 0.00 kW"}
13:24:58 I y_notifications.cpp:168 Status change of text:200: {"value":"L1 230.4 V 0.0 A 0.00 kW | L2 230.0 V 0.0 A 0.00 kW | L3 230.7 V 0.0 A 0.00 kW"}
13:25:00 I y_notifications.cpp:168 Status change of text:200: {"value":"L1 230.2 V 0.0 A 0.00 kW | L2 230.5 V 0.0 A 0.00 kW | L3 230.8 V 0.0 A 0.00 kW"}
13:25:02 I y_notifications.cpp:168 Status change of text:200: {"value":"L1 230.4 V 0.0 A 0.00 kW | L2 230.6 V 0.0 A 0.00 kW | L3 230.6 V 0.0 A 0.00 kW"}
13:25:04 I shelly_script.cpp:204   script:1 5.9% CPU utilization
13:25:04 I y_notifications.cpp:168 Status change of text:200: {"value":"L1 230.0 V 0.0 A 0.00 kW | L2 230.1 V 0.0 A 0.00 kW | L3 231.1 V 0.0 A 0.00 kW"}
13:25:06 I y_notifications.cpp:168 Status change of text:200: {"value":"L1 230.3 V 0.0 A 0.00 kW | L2 230.5 V 0.0 A 0.00 kW | L3 230.9 V 0.0 A 0.00 kW"}
13:25:08 I y_notifications.cpp:168 Status change of text:200: {"value":"L1 229.9 V 0.0 A 0.00 kW | L2 230.9 V 0.0 A 0.00 kW | L3 231.4 V 0.0 A 0.00 kW"}
13:25:10 I y_notifications.cpp:168 Status change of text:200: {"value":"L1 230.4 V 0.0 A 0.00 kW | L2 230.7 V 0.0 A 0.00 kW | L3 231.5 V 0.0 A 0.00 kW"}
13:25:12 I y_notifications.cpp:168 Status change of text:200: {"value":"L1 229.5 V 0.0 A 0.00 kW | L2 230.4 V 0.0 A 0.00 kW | L3 231.4 V 0.0 A 0.00 kW"}
13:25:14 I y_notifications.cpp:168 Status change of text:200: {"value":"L1 230.1 V 0.0 A 0.00 kW | L2 230.5 V 0.0 A 0.00 kW | L3 230.8 V 0.0 A 0.00 kW"}
13:25:16 I shelly_script.cpp:204   script:1 5.8% CPU utilization
13:25:16 I y_notifications.cpp:168 Status change of text:200: {"value":"L1 230.2 V 0.0 A 0.00 kW | L2 230.5 V 0.0 A 0.00 kW | L3 230.9 V 0.0 A 0.00 kW"}
13:25:18 I y_notifications.cpp:168 Status change of text:200: {"value":"L1 230.1 V 0.0 A 0.00 kW | L2 230.3 V 0.0 A 0.00 kW | L3 231.3 V 0.0 A 0.00 kW"}
13:25:20 I y_notifications.cpp:168 Status change of text:200: {"value":"L1 230.1 V 0.0 A 0.00 kW | L2 230.1 V 0.0 A 0.00 kW | L3 230.9 V 0.0 A 0.00 kW"}
13:25:22 I y_notifications.cpp:168 Status change of text:200: {"value":"L1 229.7 V 0.0 A 0.00 kW | L2 230.8 V 0.0 A 0.00 kW | L3 231.3 V 0.0 A 0.00 kW"}
13:25:24 I y_notifications.cpp:168 Status change of text:200: {"value":"L1 230.0 V 0.0 A 0.00 kW | L2 230.2 V 0.0 A 0.00 kW | L3 231.2 V 0.0 A 0.00 kW"}
13:25:26 I y_notifications.cpp:168 Status change of text:200: {"value":"L1 230.1 V 0.0 A 0.00 kW | L2 230.5 V 0.0 A 0.00 kW | L3 231.4 V 0.0 A 0.00 kW"}
13:25:28 I shelly_script.cpp:204   script:1 5.9% CPU utilization
13:25:28 I y_notifications.cpp:168 Status change of text:200: {"value":"L1 230.1 V 0.0 A 0.00 kW | L2 230.6 V 0.0 A 0.00 kW | L3 230.7 V 0.0 A 0.00 kW"}
13:25:30 I y_notifications.cpp:168 Status change of text:200: {"value":"L1 229.5 V 0.0 A 0.00 kW | L2 230.5 V 0.0 A 0.00 kW | L3 231.4 V 0.0 A 0.00 kW"}
13:25:32 I y_notifications.cpp:168 Status change of text:200: {"value":"L1 230.2 V 0.0 A 0.00 kW | L2 230.8 V 0.0 A 0.00 kW | L3 231.1 V 0.0 A 0.00 kW"}
13:25:34 I y_notifications.cpp:168 Status change of text:200: {"value":"L1 230.4 V 0.0 A 0.00 kW | L2 230.5 V 0.0 A 0.00 kW | L3 230.6 V 0.0 A 0.00 kW"}
13:25:36 I y_notifications.cpp:168 Status change of text:200: {"value":"L1 229.8 V 0.0 A 0.00 kW | L2 230.1 V 0.0 A 0.00 kW | L3 230.7 V 0.0 A 0.00 kW"}
13:25:38 I y_notifications.cpp:168 Status change of text:200: {"value":"L1 229.8 V 0.0 A 0.00 kW | L2 230.1 V 0.0 A 0.00 kW | L3 231.5 V 0.0 A 0.00 kW"}
13:25:40 I shelly_script.cpp:204   script:1 5.9% CPU utilization
13:25:40 I y_notifications.cpp:168 Status change of text:200: {"value":"L1 230.4 V 0.0 A 0.00 kW | L2 230.6 V 0.0 A 0.00 kW | L3 231.5 V 0.0 A 0.00 kW"}
13:25:42 I y_notifications.cpp:168 Status change of text:200: {"value":"L1 230.1 V 0.0 A 0.00 kW | L2 230.9 V 0.0 A 0.00 kW | L3 230.9 V 0.0 A 0.00 kW"}
13:25:44 I y_notifications.cpp:168 Status change of text:200: {"value":"L1 230.3 V 0.0 A 0.00 kW | L2 230.4 V 0.0 A 0.00 kW | L3 230.7 V 0.0 A 0.00 kW"}
13:25:46 I y_notifications.cpp:168 Status change of text:200: {"value":"L1 230.2 V 0.0 A 0.00 kW | L2 230.5 V 0.0 A 0.00 kW | L3 231.0 V 0.0 A 0.00 kW"}
13:25:48 I y_notifications.cpp:168 Status change of text:200: {"value":"L1 230.3 V 0.0 A 0.00 kW | L2 230.0 V 0.0 A 0.00 kW | L3 231.2 V 0.0 A 0.00 kW"}
13:25:50 I y_notifications.cpp:168 Status change of text:200: {"value":"L1 230.4 V 0.0 A 0.00 kW | L2 230.5 V 0.0 A 0.00 kW | L3 231.4 V 0.0 A 0.00 kW"}
13:25:52 I shelly_script.cpp:204   script:1 5.9% CPU utilization
13:25:52 I y_notifications.cpp:168 Status change of text:200: {"value":"L1 229.8 V 0.0 A 0.00 kW | L2 230.7 V 0.0 A 0.00 kW | L3 230.8 V 0.0 A 0.00 kW"}
13:25:54 I y_notifications.cpp:168 Status change of text:200: {"value":"L1 229.9 V 0.0 A 0.00 kW | L2 230.7 V 0.0 A 0.00 kW | L3 230.8 V 0.0 A 0.00 kW"}
13:25:56 I y_notifications.cpp:168 Status change of text:200: {"value":"L1 229.7 V 0.0 A 0.00 kW | L2 230.8 V 0.0 A 0.00 kW | L3 231.0 V 0.0 A 0.00 kW"}
13:25:58 I y_notifications.cpp:168 Status change of text:200: {"value":"L1 229.5 V 0.0 A 0.00 kW | L2 230.7 V 0.0 A 0.00 kW | L3 230.8 V 0.0 A 0.00 kW"}
13:26:00 I y_notifications.cpp:168 Status change of text:200: {"value":"L1 230.1 V 0.0 A 0.00 kW | L2 230.3 V 0.0 A 0.00 kW | L3 230.8 V 0.0 A 0.00 kW"}
13:26:02 I shelly_script.cpp:204   script:1 5.9% CPU utilization
13:26:02 I y_notifications.cpp:168 Status change of text:200: {"value":"L1 230.1 V 0.0 A 0.00 kW | L2 230.9 V 0.0 A 0.00 kW | L3 231.1 V 0.0 A 0.00 kW"}
13:26:04 I y_notifications.cpp:168 Status change of text:200: {"value":"L1 229.7 V 0.0 A 0.00 kW | L2 230.9 V 0.0 A 0.00 kW | L3 230.5 V 0.0 A 0.00 kW"}
13:26:06 I y_notifications.cpp:168 Status change of text:200: {"value":"L1 229.9 V 0.0 A 0.00 kW | L2 230.0 V 0.0 A 0.00 kW | L3 231.4 V 0.0 A 0.00 kW"}
13:26:08 I y_notifications.cpp:168 Status change of text:200: {"value":"L1 230.5 V 0.0 A 0.00 kW | L2 230.3 V 0.0 A 0.00 kW | L3 231.2 V 0.0 A 0.00 kW"}
13:26:10 I y_notifications.cpp:168 Status change of text:200: {"value":"L1 230.4 V 0.0 A 0.00 kW | L2 230.7 V 0.0 A 0.00 kW | L3 231.2 V 0.0 A 0.00 kW"}
13:26:12 I y_notifications.cpp:168 Status change of text:200: {"value":"L1 229.9 V 0.0 A 0.00 kW | L2 230.5 V 0.0 A 0.00 kW | L3 230.6 V 0.0 A 0.00 kW"}
13:26:14 I shelly_script.cpp:204   script:1 5.9% CPU utilization
13:26:14 I y_notifications.cpp:168 Status change of text:200: {"value":"L1 230.2 V 0.0 A 0.00 kW | L2 230.8 V 0.0 A 0.00 kW | L3 231.2 V 0.0 A 0.00 kW"}
13:26:16 I y_notifications.cpp:168 Status change of text:200: {"value":"L1 230.1 V 0.0 A 0.00 kW | L2 230.2 V 0.0 A 0.00 kW | L3 230.5 V 0.0 A 0.00 kW"}
13:26:18 I y_notifications.cpp:168 Status change of text:200: {"value":"L1 229.5 V 0.0 A 0.00 kW | L2 230.6 V 0.0 A 0.00 kW | L3 231.4 V 0.0 A 0.00 kW"}
13:26:20 I y_notifications.cpp:168 Status change of text:200: {"value":"L1 230.2 V 0.0 A 0.00 kW | L2 230.9 V 0.0 A 0.00 kW | L3 230.6 V 0.0 A 0.00 kW"}
13:26:22 I y_notifications.cpp:168 Status change of text:200: {"value":"L1 230.2 V 0.0 A 0.00 kW | L2 230.6 V 0.0 A 0.00 kW | L3 231.0 V 0.0 A 0.00 kW"}
13:26:24 I y_notifications.cpp:168 Status change of text:200: {"value":"L1 230.3 V 0.0 A 0.00 kW | L2 230.9 V 0.0 A 0.00 kW | L3 230.7 V 0.0 A 0.00 kW"}
13:26:26 I shelly_script.cpp:204   script:1 5.9% CPU utilization
13:26:26 I y_notifications.cpp:168 Status change of text:200: {"value":"L1 229.9 V 0.0 A 0.00 kW | L2 230.3 V 0.0 A 0.00 kW | L3 231.0 V 0.0 A 0.00 kW"}
13:26:28 I y_notifications.cpp:168 Status change of text:200: {"value":"L1 229.9 V 0.0 A 0.00 kW | L2 230.0 V 0.0 A 0.00 kW | L3 230.9 V 0.0 A 0.00 kW"}
13:26:30 I y_notifications.cpp:168 Status change of text:200: {"value":"L1 229.9 V 0.0 A 0.00 kW | L2 230.3 V 0.0 A 0.00 kW | L3 230.7 V 0.0 A 0.00 kW"}
13:26:32 I y_notifications.cpp:168 Status change of text:200: {"value":"L1 230.1 V 0.0 A 0.00 kW | L2 230.2 V 0.0 A 0.00 kW | L3 230.8 V 0.0 A 0.00 kW"}
13:26:34 I y_notifications.cpp:168 Status change of text:200: {"value":"L1 230.1 V 0.0 A 0.00 kW | L2 230.9 V 0.0 A 0.00 kW | L3 231.4 V 0.0 A 0.00 kW"}
13:26:36 I shelly_script.cpp:204   script:1 5.9% CPU utilization
13:26:36 I y_notifications.cpp:168 Status change of text:200: {"value":"L1 229.9 V 0.0 A 0.00 kW | L2 230.9 V 0.0 A 0.00 kW | L3 231.0 V 0.0 A 0.00 kW"}
13:26:38 I y_notifications.cpp:168 Status change of text:200: {"value":"L1 229.8 V 0.0 A 0.00 kW | L2 230.2 V 0.0 A 0.00 kW | L3 231.2 V 0.0 A 0.00 kW"}
13:26:40 I y_notifications.cpp:168 Status change of text:200: {"value":"L1 230.3 V 0.0 A 0.00 kW | L2 230.6 V 0.0 A 0.00 kW | L3 230.7 V 0.0 A 0.00 kW"}
13:26:42 I y_notifications.cpp:168 Status change of text:200: {"value":"L1 229.5 V 0.0 A 0.00 kW | L2 230.5 V 0.0 A 0.00 kW | L3 230.7 V 0.0 A 0.00 kW"}
13:26:44 I y_notifications.cpp:168 Status change of text:200: {"value":"L1 230.2 V 0.0 A 0.00 kW | L2 230.6 V 0.0 A 0.00 kW | L3 231.4 V 0.0 A 0.00 kW"}
13:26:46 I y_notifications.cpp:168 Status change of text:200: {"value":"L1 229.8 V 0.0 A 0.00 kW | L2 230.8 V 0.0 A 0.00 kW | L3 230.9 V 0.0 A 0.00 kW"}
13:26:48 I shelly_script.cpp:204   script:1 5.9% CPU utilization
13:26:48 I y_notifications.cpp:168 Status change of text:200: {"value":"L1 229.8 V 0.0 A 0.00 kW | L2 230.1 V 0.0 A 0.00 kW | L3 230.6 V 0.0 A 0.00 kW"}
13:26:50 I y_notifications.cpp:168 Status change of text:200: {"value":"L1 229.8 V 0.0 A 0.00 kW | L2 230.3 V 0.0 A 0.00 kW | L3 230.6 V 0.0 A 0.00 kW"}
13:26:52 I y_notifications.cpp:168 Status change of text:200: {"value":"L1 230.2 V 0.0 A 0.00 kW | L2 230.1 V 0.0 A 0.00 kW | L3 231.2 V 0.0 A 0.00 kW"}
13:26:54 I y_notifications.cpp:168 Status change of text:200: {"value":"L1 229.9 V 0.0 A 0.00 kW | L2 230.6 V 0.0 A 0.00 kW | L3 231.0 V 0.0 A 0.00 kW"}
13:26:56 I y_notifications.cpp:168 Status change of text:200: {"value":"L1 229.6 V 0.0 A 0.00 kW | L2 230.1 V 0.0 A 0.00 kW | L3 230.9 V 0.0 A 0.00 kW"}
13:26:58 I shelly_script.cpp:204   script:1 5.9% CPU utilization
13:26:58 I y_notifications.cpp:168 Status change of text:200: {"value":"L1 230.0 V 0.0 A 0.00 kW | L2 230.7 V 0.0 A 0.00 kW | L3 230.7 V 0.0 A 0.00 kW"}
13:27:00 I y_notifications.cpp:168 Status change of text:200: {"value":"L1 230.1 V 0.0 A 0.00 kW | L2 230.4 V 0.0 A 0.00 kW | L3 230.5 V 0.0 A 0.00 kW"}
13:27:02 I y_notifications.cpp:168 Status change of text:200: {"value":"L1 230.4 V 0.0 A 0.00 kW | L2 230.3 V 0.0 A 0.00 kW | L3 231.4 V 0.0 A 0.00 kW"}
13:27:04 I y_notifications.cpp:168 Status change of text:200: {"value":"L1 229.9 V 0.0 A 0.00 kW | L2 230.9 V 0.0 A 0.00 kW | L3 230.5 V 0.0 A 0.00 kW"}
13:27:06 I y_notifications.cpp:168 Status change of text:200: {"value":"L1 229.9 V 0.0 A 0.00 kW | L2 230.6 V 0.0 A 0.00 kW | L3 231.3 V 0.0 A 0.00 kW"}
13:27:08 I y_notifications.cpp:168 Status change of text:200: {"value":"L1 229.6 V 0.0 A 0.00 kW | L2 230.8 V 0.0 A 0.00 kW | L3 231.3 V 0.0 A 0.00 kW"}
13:27:10 I shelly_script.cpp:204   script:1 5.9% CPU utilization
13:27:10 I y_notifications.cpp:168 Status change of text:200: {"value":"L1 230.3 V 0.0 A 0.00 kW | L2 230.1 V 0.0 A 0.00 kW | L3 231.4 V 0.0 A 0.00 kW"}
13:27:12 I y_notifications.cpp:168 Status change of text:200: {"value":"L1 230.2 V 0.0 A 0.00 kW | L2 230.3 V 0.0 A 0.00 kW | L3 231.3 V 0.0 A 0.00 kW"}
13:27:14 I y_notifications.cpp:168 Status change of text:200: {"value":"L1 230.1 V 0.0 A 0.00 kW | L2 230.5 V 0.0 A 0.00 kW | L3 230.7 V 0.0 A 0.00 kW"}
13:27:16 I y_notifications.cpp:168 Status change of text:200: {"value":"L1 230.4 V 0.0 A 0.00 kW | L2 230.3 V 0.0 A 0.00 kW | L3 230.7 V 0.0 A 0.00 kW"}
13:27:18 I y_notifications.cpp:168 Status change of text:200: {"value":"L1 230.3 V 0.0 A 0.00 kW | L2 230.8 V 0.0 A 0.00 kW | L3 231.0 V 0.0 A 0.00 kW"}
13:27:20 I shelly_script.cpp:204   script:1 5.8% CPU utilization
13:27:20 I y_notifications.cpp:168 Status change of text:200: {"value":"L1 230.1 V 0.0 A 0.00 kW | L2 230.5 V 0.0 A 0.00 kW | L3 230.6 V 0.0 A 0.00 kW"}
13:27:22 I y_notifications.cpp:168 Status change of text:200: {"value":"L1 229.5 V 0.0 A 0.00 kW | L2 230.4 V 0.0 A 0.00 kW | L3 230.6 V 0.0 A 0.00 kW"}
13:27:24 I y_notifications.cpp:168 Status change of text:200: {"value":"L1 229.5 V 0.0 A 0.00 kW | L2 230.9 V 0.0 A 0.00 kW | L3 230.9 V 0.0 A 0.00 kW"}
13:27:26 I y_notifications.cpp:168 Status change of text:200: {"value":"L1 230.5 V 0.0 A 0.00 kW | L2 230.5 V 0.0 A 0.00 kW | L3 230.9 V 0.0 A 0.00 kW"}
13:27:28 I y_notifications.cpp:168 Status change of text:200: {"value":"L1 229.9 V 0.0 A 0.00 kW | L2 230.8 V 0.0 A 0.00 kW | L3 231.2 V 0.0 A 0.00 kW"}
13:27:30 I y_notifications.cpp:168 Status change of text:200: {"value":"L1 230.4 V 0.0 A 0.00 kW | L2 230.2 V 0.0 A 0.00 kW | L3 231.3 V 0.0 A 0.00 kW"}
13:27:32 I shelly_script.cpp:204   script:1 5.9% CPU utilization
13:27:32 I y_notifications.cpp:168 Status change of text:200: {"value":"L1 230.2 V 0.0 A 0.00 kW | L2 230.3 V 0.0 A 0.00 kW | L3 230.8 V 0.0 A 0.00 kW"}
13:27:34 I y_notifications.cpp:168 Status change of text:200: {"value":"L1 230.4 V 0.0 A 0.00 kW | L2 230.2 V 0.0 A 0.00 kW | L3 231.2 V 0.0 A 0.00 kW"}
13:27:36 I y_notifications.cpp:168 Status change of text:200: {"value":"L1 229.9 V 0.0 A 0.00 kW | L2 230.1 V 0.0 A 0.00 kW | L3 231.2 V 0.0 A 0.00 kW"}
13:27:38 I y_notifications.cpp:168 Status change of text:200: {"value":"L1 230.3 V 0.0 A 0.00 kW | L2 230.4 V 0.0 A 0.00 kW | L3 231.4 V 0.0 A 0.00 kW"}
13:27:40 I y_notifications.cpp:168 Status change of text:200: {"value":"L1 229.8 V 0.0 A 0.00 kW | L2 230.4 V 0.0 A 0.00 kW | L3 231.1 V 0.0 A 0.00 kW"}
13:27:42 I shelly_script.cpp:204   script:1 5.9% CPU utilization
13:27:42 I y_notifications.cpp:168 Status change of text:200: {"value":"L1 230.2 V 0.0 A 0.00 kW | L2 230.7 V 0.0 A 0.00 kW | L3 231.3 V 0.0 A 0.00 kW"}
13:27:44 I y_notifications.cpp:168 Status change of text:200: {"value":"L1 230.5 V 0.0 A 0.00 kW | L2 230.1 V 0.0 A 0.00 kW | L3 231.5 V 0.0 A 0.00 kW"}
13:27:46 I y_notifications.cpp:168 Status change of text:200: {"value":"L1 229.6 V 0.0 A 0.00 kW | L2 230.8 V 0.0 A 0.00 kW | L3 231.4 V 0.0 A 0.00 kW"}
13:27:48 I y_notifications.cpp:168 Status change of text:200: {"value":"L1 229.8 V 0.0 A 0.00 kW | L2 230.9 V 0.0 A 0.00 kW | L3 231.4 V 0.0 A 0.00 kW"}
13:27:50 I y_notifications.cpp:168 Status change of text:200: {"value":"L1 229.5 V 0.0 A 0.00 kW | L2 230.2 V 0.0 A 0.00 kW | L3 230.7 V 0.0 A 0.00 kW"}
13:27:52 I y_notifications.cpp:168 Status change of text:200: {"value":"L1 229.6 V 0.0 A 0.00 kW | L2 230.3 V 0.0 A 0.00 kW | L3 231.0 V 0.0 A 0.00 kW"}
13:27:54 I shelly_script.cpp:204   script:1 5.9% CPU utilization
13:27:54 I y_notifications.cpp:168 Status change of text:200: {"value":"L1 230.4 V 0.0 A 0.00 kW | L2 230.2 V 0.0 A 0.00 kW | L3 230.6 V 0.0 A 0.00 kW"}
13:27:56 I y_notifications.cpp:168 Status change of text:200: {"value":"L1 229.7 V 0.0 A 0.00 kW | L2 230.2 V 0.0 A 0.00 kW | L3 230.6 V 0.0 A 0.00 kW"}
13:27:58 I y_notifications.cpp:168 Status change of text:200: {"value":"L1 230.2 V 0.0 A 0.00 kW | L2 230.8 V 0.0 A 0.00 kW | L3 230.8 V 0.0 A 0.00 kW"}
13:28:00 I y_notifications.cpp:168 Status change of text:200: {"value":"L1 230.4 V 0.0 A 0.00 kW | L2 230.6 V 0.0 A 0.00 kW | L3 231.3 V 0.0 A 0.00 kW"}
13:28:02 I y_notifications.cpp:168 Status change of text:200: {"value":"L1 229.6 V 0.0 A 0.00 kW | L2 230.8 V 0.0 A 0.00 kW | L3 231.5 V 0.0 A 0.00 kW"}
13:28:04 I y_notifications.cpp:168 Status change of text:200: {"value":"L1 230.1 V 0.0 A 0.00 kW | L2 230.7 V 0.0 A 0.00 kW | L3 231.5 V 0.0 A 0.00 kW"}
13:28:06 I shelly_script.cpp:204   script:1 5.9% CPU utilization
13:28:06 I y_notifications.cpp:168 Status change of text:200: {"value":"L1 230.1 V 0.0 A 0.00 kW | L2 230.9 V 0.0 A 0.00 kW | L3 231.1 V 0.0 A 0.00 kW"}
13:28:08 I y_notifications.cpp:168 Status change of text:200: {"value":"L1 230.4 V 0.0 A 0.00 kW | L2 230.0 V 0.0 A 0.00 kW | L3 230.8 V 0.0 A 0.00 kW"}
13:28:10 I y_notifications.cpp:168 Status change of text:200: {"value":"L1 230.3 V 0.0 A 0.00 kW | L2 230.5 V 0.0 A 0.00 kW | L3 230.9 V 0.0 A 0.00 kW"}
13:28:12 I y_notifications.cpp:168 Status change of text:200: {"value":"L1 229.7 V 0.0 A 0.00 kW | L2 230.8 V 0.0 A 0.00 kW | L3 230.7 V 0.0 A 0.00 kW"}
13:28:14 I y_notifications.cpp:168 Status change of text:200: {"value":"L1 230.1 V 0.0 A 0.00 kW | L2 230.9 V 0.0 A 0.00 kW | L3 230.7 V 0.0 A 0.00 kW"}
13:28:16 I shelly_script.cpp:204   script:1 5.9% CPU utilization
13:28:16 I y_notifications.cpp:168 Status change of text:200: {"value":"L1 230.1 V 0.0 A 0.00 kW | L2 230.5 V 0.0 A 0.00 kW | L3 230.5 V 0.0 A 0.00 kW"}
13:28:18 I y_notifications.cpp:168 Status change of text:200: {"value":"L1 229.9 V 0.0 A 0.00 kW | L2 230.5 V 0.0 A 0.00 kW | L3 231.2 V 0.0 A 0.00 kW"}
13:28:20 I y_notifications.cpp:168 Status change of text:200: {"value":"L1 229.5 V 0.0 A 0.00 kW | L2 230.6 V 0.0 A 0.00 kW | L3 231.4 V 0.0 A 0.00 kW"}
13:28:22 I y_notifications.cpp:168 Status change of text:200: {"value":"L1 230.3 V 0.0 A 0.00 kW | L2 230.5 V 0.0 A 0.00 kW | L3 230.6 V 0.0 A 0.00 kW"}
13:28:24 I y_notifications.cpp:168 Status change of text:200: {"value":"L1 229.6 V 0.0 A 0.00 kW | L2 230.8 V 0.0 A 0.00 kW | L3 230.9 V 0.0 A 0.00 kW"}
13:28:26 I y_notifications.cpp:168 Status change of text:200: {"value":"L1 230.1 V 0.0 A 0.00 kW | L2 230.0 V 0.0 A 0.00 kW | L3 231.5 V 0.0 A 0.00 kW"}
13:28:28 I shelly_script.cpp:204   script:1 5.9% CPU utilization
13:28:28 I y_notifications.cpp:168 Status change of text:200: {"value":"L1 229.9 V 0.0 A 0.00 kW | L2 230.8 V 0.0 A 0.00 kW | L3 231.1 V 0.0 A 0.00 kW"}
13:28:30 I y_notifications.cpp:168 Status change of text:200: {"value":"L1 230.4 V 0.0 A 0.00 kW | L2 230.8 V 0.0 A 0.00 kW | L3 231.4 V 0.0 A 0.00 kW"}
13:28:32 I y_notifications.cpp:168 Status change of text:200: {"value":"L1 229.8 V 0.0 A 0.00 kW | L2 230.9 V 0.0 A 0.00 kW | L3 230.8 V 0.0 A 0.00 kW"}
13:28:34 I y_notifications.cpp:168 Status change of text:200: {"value":"L1 229.6 V 0.0 A 0.00 kW | L2 230.7 V 0.0 A 0.00 kW | L3 230.6 V 0.0 A 0.00 kW"}
13:28:36 I y_notifications.cpp:168 Status change of text:200: {"value":"L1 230.3 V 0.0 A 0.00 kW | L2 230.4 V 0.0 A 0.00 kW | L3 231.4 V 0.0 A 0.00 kW"}
13:28:38 I shelly_script.cpp:204   script:1 5.9% CPU utilization
13:28:38 I y_notifications.cpp:168 Status change of text:200: {"value":"L1 230.2 V 0.0 A 0.00 kW | L2 230.2 V 0.0 A 0.00 kW | L3 230.6 V 0.0 A 0.00 kW"}
13:28:40 I y_notifications.cpp:168 Status change of text:200: {"value":"L1 229.9 V 0.0 A 0.00 kW | L2 230.6 V 0.0 A 0.00 kW | L3 231.2 V 0.0 A 0.00 kW"}
13:28:42 I y_notifications.cpp:168 Status change of text:200: {"value":"L1 230.4 V 0.0 A 0.00 kW | L2 230.0 V 0.0 A 0.00 kW | L3 230.8 V 0.0 A 0.00 kW"}
13:28:44 I y_notifications.cpp:168 Status change of text:200: {"value":"L1 230.4 V 0.0 A 0.00 kW | L2 230.1 V 0.0 A 0.00 kW | L3 231.2 V 0.0 A 0.00 kW"}
13:28:46 I y_notifications.cpp:168 Status change of text:200: {"value":"L1 230.2 V 0.0 A 0.00 kW | L2 230.8 V 0.0 A 0.00 kW | L3 230.9 V 0.0 A 0.00 kW"}
13:28:48 I shelly_script.cpp:204   script:1 5.9% CPU utilization
13:28:48 I y_notifications.cpp:168 Status change of text:200: {"value":"L1 230.0 V 0.0 A 0.00 kW | L2 230.4 V 0.0 A 0.00 kW | L3 231.3 V 0.0 A 0.00 kW"}
13:28:50 I y_notifications.cpp:168 Status change of text:200: {"value":"L1 230.4 V 0.0 A 0.00 kW | L2 230.2 V 0.0 A 0.00 kW | L3 230.9 V 0.0 A 0.00 kW"}
13:28:52 I y_notifications.cpp:168 Status change of text:200: {"value":"L1 230.5 V 0.0 A 0.00 kW | L2 230.3 V 0.0 A 0.00 kW | L3 230.6 V 0.0 A 0.00 kW"}
13:28:54 I y_notifications.cpp:168 Status change of text:200: {"value":"L1 230.4 V 0.0 A 0.00 kW | L2 230.2 V 0.0 A 0.00 kW | L3 231.4 V 0.0 A 0.00 kW"}
13:28:56 I y_notifications.cpp:168 Status change of text:200: {"value":"L1 229.6 V 0.0 A 0.00 kW | L2 230.9 V 0.0 A 0.00 kW | L3 231.1 V 0.0 A 0.00 kW"}
13:28:58 I y_notifications.cpp:168 Status change of text:200: {"value":"L1 230.2 V 0.0 A 0.00 kW | L2 230.8 V 0.0 A 0.00 kW | L3 231.1 V 0.0 A 0.00 kW"}
13:29:00 I shelly_script.cpp:204   script:1 5.8% CPU utilization
13:29:00 I y_notifications.cpp:168 Status change of text:200: {"value":"L1 229.9 V 0.0 A 0.00 kW | L2 230.1 V 0.0 A 0.00 kW | L3 231.3 V 0.0 A 0.00 kW"}
13:29:02 I y_notifications.cpp:168 Status change of text:200: {"value":"L1 229.8 V 0.0 A 0.00 kW | L2 230.8 V 0.0 A 0.00 kW | L3 231.5 V 0.0 A 0.00 kW"}
13:29:04 I y_notifications.cpp:168 Status change of text:200: {"value":"L1 229.9 V 0.0 A 0.00 kW | L2 230.9 V 0.0 A 0.00 kW | L3 231.2 V 0.0 A 0.00 kW"}
13:29:06 I y_notifications.cpp:168 Status change of text:200: {"value":"L1 229.5 V 0.0 A 0.00 kW | L2 230.6 V 0.0 A 0.00 kW | L3 231.0 V 0.0 A 0.00 kW"}
13:29:08 I y_notifications.cpp:168 Status change of text:200: {"value":"L1 230.1 V 0.0 A 0.00 kW | L2 230.8 V 0.0 A 0.00 kW | L3 230.5 V 0.0 A 0.00 kW"}
13:29:10 I shelly_script.cpp:204   script:1 5.9% CPU utilization
13:29:10 I y_notifications.cpp:168 Status change of text:200: {"value":"L1 229.9 V 0.0 A 0.00 kW | L2 230.8 V 0.0 A 0.00 kW | L3 231.5 V 0.0 A 0.00 kW"}
13:29:12 I y_notifications.cpp:168 Status change of text:200: {"value":"L1 230.1 V 0.0 A 0.00 kW | L2 230.3 V 0.0 A 0.00 kW | L3 231.0 V 0.0 A 0.00 kW"}
13:29:14 I y_notifications.cpp:168 Status change of text:200: {"value":"L1 230.5 V 0.0 A 0.00 kW | L2 230.2 V 0.0 A 0.00 kW | L3 231.2 V 0.0 A 0.00 kW"}
13:29:16 I y_notifications.cpp:168 Status change of text:200: {"value":"L1 230.2 V 0.0 A 0.00 kW | L2 230.6 V 0.0 A 0.00 kW | L3 231.4 V 0.0 A 0.00 kW"}
13:29:18 I y_notifications.cpp:168 Status change of text:200: {"value":"L1 230.2 V 0.0 A 0.00 kW | L2 230.7 V 0.0 A 0.00 kW | L3 230.9 V 0.0 A 0.00 kW"}
13:29:20 I y_notifications.cpp:168 Status change of text:200: {"value":"L1 230.4 V 0.0 A 0.00 kW | L2 230.2 V 0.0 A 0.00 kW | L3 231.2 V 0.0 A 0.00 kW"}
13:29:22 I shelly_script.cpp:204   script:1 5.9% CPU utilization
13:29:22 I y_notifications.cpp:168 Status change of text:200: {"value":"L1 230.4 V 0.0 A 0.00 kW | L2 230.7 V 0.0 A 0.00 kW | L3 231.2 V 0.0 A 0.00 kW"}
13:29:24 I y_notifications.cpp:168 Status change of text:200: {"value":"L1 230.4 V 0.0 A 0.00 kW | L2 230.5 V 0.0 A 0.00 kW | L3 230.8 V 0.0 A 0.00 kW"}
13:29:26 I y_notifications.cpp:168 Status change of text:200: {"value":"L1 229.6 V 0.0 A 0.00 kW | L2 230.6 V 0.0 A 0.00 kW | L3 231.1 V 0.0 A 0.00 kW"}
13:29:28 I y_notifications.cpp:168 Status change of text:200: {"value":"L1 229.7 V 0.0 A 0.00 kW | L2 230.6 V 0.0 A 0.00 kW | L3 231.1 V 0.0 A 0.00 kW"}
13:29:30 I y_notifications.cpp:168 Status change of text:200: {"value":"L1 229.6 V 0.0 A 0.00 kW | L2 230.5 V 0.0 A 0.00 kW | L3 230.9 V 0.0 A 0.00 kW"}
13:29:32 I shelly_script.cpp:204   script:1 5.9% CPU utilization
13:29:32 I y_notifications.cpp:168 Status change of text:200: {"value":"L1 229.5 V 0.0 A 0.00 kW | L2 230.4 V 0.0 A 0.00 kW | L3 230.8 V 0.0 A 0.00 kW"}
13:29:34 I y_notifications.cpp:168 Status change of text:200: {"value":"L1 230.2 V 0.0 A 0.00 kW | L2 230.3 V 0.0 A 0.00 kW | L3 230.8 V 0.0 A 0.00 kW"}
13:29:36 I y_notifications.cpp:168 Status change of text:200: {"value":"L1 229.7 V 0.0 A 0.00 kW | L2 230.9 V 0.0 A 0.00 kW | L3 230.6 V 0.0 A 0.00 kW"}
13:29:38 I y_notifications.cpp:168 Status change of text:200: {"value":"L1 230.3 V 0.0 A 0.00 kW | L2 230.0 V 0.0 A 0.00 kW | L3 230.7 V 0.0 A 0.00 kW"}
13:29:40 I y_notifications.cpp:168 Status change of text:200: {"value":"L1 229.7 V 0.0 A 0.00 kW | L2 230.5 V 0.0 A 0.00 kW | L3 231.3 V 0.0 A 0.00 kW"}
13:29:42 I shelly_script.cpp:204   script:1 5.9% CPU utilization
13:29:42 I y_notifications.cpp:168 Status change of text:200: {"value":"L1 229.6 V 0.0 A 0.00 kW | L2 230.9 V 0.0 A 0.00 kW | L3 230.9 V 0.0 A 0.00 kW"}
13:29:44 I y_notifications.cpp:168 Status change of text:200: {"value":"L1 230.2 V 0.0 A 0.00 kW | L2 230.2 V 0.0 A 0.00 kW | L3 230.8 V 0.0 A 0.00 kW"}
13:29:46 I y_notifications.cpp:168 Status change of text:200: {"value":"L1 229.9 V 0.0 A 0.00 kW | L2 230.6 V 0.0 A 0.00 kW | L3 231.4 V 0.0 A 0.00 kW"}
13:29:48 I y_notifications.cpp:168 Status change of text:200: {"value":"L1 229.7 V 0.0 A 0.00 kW | L2 230.4 V 0.0 A 0.00 kW | L3 230.9 V 0.0 A 0.00 kW"}
13:29:50 I y_notifications.cpp:168 Status change of text:200: {"value":"L1 229.9 V 0.0 A 0.00 kW | L2 230.5 V 0.0 A 0.00 kW | L3 230.5 V 0.0 A 0.00 kW"}
13:29:52 I shelly_script.cpp:204   script:1 5.9% CPU utilization
13:29:52 I y_notifications.cpp:168 Status change of text:200: {"value":"L1 229.9 V 0.0 A 0.00 kW | L2 230.6 V 0.0 A 0.00 kW | L3 230.9 V 0.0 A 0.00 kW"}
13:29:54 I y_notifications.cpp:168 Status change of text:200: {"value":"L1 230.3 V 0.0 A 0.00 kW | L2 230.9 V 0.0 A 0.00 kW | L3 231.1 V 0.0 A 0.00 kW"}
13:29:56 I y_notifications.cpp:168 Status change of text:200: {"value":"L1 230.4 V 0.0 A 0.00 kW | L2 230.6 V 0.0 A 0.00 kW | L3 231.4 V 0.0 A 0.00 kW"}
13:29:58 I y_notifications.cpp:168 Status change of text:200: {"value":"L1 230.3 V 0.0 A 0.00 kW | L2 230.5 V 0.0 A 0.00 kW | L3 230.8 V 0.0 A 0.00 kW"}
13:30:00 I y_notifications.cpp:168 Status change of text:200: {"value":"L1 229.9 V 0.0 A 0.00 kW | L2 230.6 V 0.0 A 0.00 kW | L3 230.8 V 0.0 A 0.00 kW"}
13:30:02 I shelly_script.cpp:204   script:1 5.9% CPU utilization
13:30:02 I y_notifications.cpp:168 Status change of text:200: {"value":"L1 230.3 V 0.0 A 0.00 kW | L2 230.8 V 0.0 A 0.00 kW | L3 230.7 V 0.0 A 0.00 kW"}
13:30:04 I y_notifications.cpp:168 Status change of text:200: {"value":"L1 229.9 V 0.0 A 0.00 kW | L2 230.1 V 0.0 A 0.00 kW | L3 231.5 V 0.0 A 0.00 kW"}
13:30:06 I y_notifications.cpp:168 Status change of text:200: {"value":"L1 229.9 V 0.0 A 0.00 kW | L2 230.4 V 0.0 A 0.00 kW | L3 231.4 V 0.0 A 0.00 kW"}
13:30:08 I y_notifications.cpp:168 Status change of text:200: {"value":"L1 230.4 V 0.0 A 0.00 kW | L2 230.4 V 0.0 A 0.00 kW | L3 231.5 V 0.0 A 0.00 kW"}
13:30:10 I y_notifications.cpp:168 Status change of text:200: {"value":"L1 229.5 V 0.0 A 0.00 kW | L2 230.8 V 0.0 A 0.00 kW | L3 231.3 V 0.0 A 0.00 kW"}
13:30:12 I shelly_script.cpp:204   script:1 5.9% CPU utilization
13:30:12 I y_notifications.cpp:168 Status change of text:200: {"value":"L1 230.2 V 0.0 A 0.00 kW | L2 230.8 V 0.0 A 0.00 kW | L3 231.3 V 0.0 A 0.00 kW"}
13:30:14 I y_notifications.cpp:168 Status change of text:200: {"value":"L1 229.8 V 0.0 A 0.00 kW | L2 230.9 V 0.0 A 0.00 kW | L3 231.3 V 0.0 A 0.00 kW"}
13:30:16 I y_notifications.cpp:168 Status change of text:200: {"value":"L1 229.9 V 0.0 A 0.00 kW | L2 230.7 V 0.0 A 0.00 kW | L3 230.8 V 0.0 A 0.00 kW"}
13:30:18 I y_notifications.cpp:168 Status change of text:200: {"value":"L1 229.9 V 0.0 A 0.00 kW | L2 230.6 V 0.0 A 0.00 kW | L3 230.7 V 0.0 A 0.00 kW"}
13:30:20 I y_notifications.cpp:168 Status change of text:200: {"value":"L1 229.9 V 0.0 A 0.00 kW | L2 230.0 V 0.0 A 0.00 kW | L3 230.6 V 0.0 A 0.00 kW"}
13:30:22 I y_notifications.cpp:168 Status change of text:200: {"value":"L1 230.4 V 0.0 A 0.00 kW | L2 230.5 V 0.0 A 0.00 kW | L3 230.8 V 0.0 A 0.00 kW"}
13:30:24 I shelly_script.cpp:204   script:1 5.9% CPU utilization
13:30:24 I y_notifications.cpp:168 Status change of text:200: {"value":"L1 230.0 V 0.0 A 0.00 kW | L2 230.9 V 0.0 A 0.00 kW | L3 231.2 V 0.0 A 0.00 kW"}
13:30:26 I y_notifications.cpp:168 Status change of text:200: {"value":"L1 230.2 V 0.0 A 0.00 kW | L2 230.9 V 0.0 A 0.00 kW | L3 231.3 V 0.0 A 0.00 kW"}
13:30:28 I y_notifications.cpp:168 Status change of text:200: {"value":"L1 230.4 V 0.0 A 0.00 kW | L2 230.5 V 0.0 A 0.00 kW | L3 231.2 V 0.0 A 0.00 kW"}
13:30:30 I y_notifications.cpp:168 Status change of text:200: {"value":"L1 229.6 V 0.0 A 0.00 kW | L2 230.4 V 0.0 A 0.00 kW | L3 231.3 V 0.0 A 0.00 kW"}
13:30:32 I y_notifications.cpp:168 Status change of text:200: {"value":"L1 230.1 V 0.0 A 0.00 kW | L2 230.1 V 0.0 A 0.00 kW | L3 231.5 V 0.0 A 0.00 kW"}
13:30:34 I y_notifications.cpp:168 Status change of text:200: {"value":"L1 229.8 V 0.0 A 0.00 kW | L2 230.9 V 0.0 A 0.00 kW | L3 231.1 V 0.0 A 0.00 kW"}
13:30:36 I shelly_script.cpp:204   script:1 5.9% CPU utilization
13:30:36 I y_notifications.cpp:168 Status change of text:200: {"value":"L1 229.9 V 0.0 A 0.00 kW | L2 230.4 V 0.0 A 0.00 kW | L3 230.6 V 0.0 A 0.00 kW"}
13:30:38 I y_notifications.cpp:168 Status change of text:200: {"value":"L1 230.2 V 0.0 A 0.00 kW | L2 230.7 V 0.0 A 0.00 kW | L3 230.5 V 0.0 A 0.00 kW"}
13:30:40 I y_notifications.cpp:168 Status change of text:200: {"value":"L1 229.5 V 0.0 A 0.00 kW | L2 230.6 V 0.0 A 0.00 kW | L3 231.4 V 0.0 A 0.00 kW"}
13:30:42 I y_notifications.cpp:168 Status change of text:200: {"value":"L1 230.3 V 0.0 A 0.00 kW | L2 230.2 V 0.0 A 0.00 kW | L3 230.9 V 0.0 A 0.00 kW"}
13:30:44 I y_notifications.cpp:168 Status change of text:200: {"value":"L1 230.3 V 0.0 A 0.00 kW | L2 230.9 V 0.0 A 0.00 kW | L3 230.6 V 0.0 A 0.00 kW"}
13:30:46 I shelly_script.cpp:204   script:1 5.9% CPU utilization
13:30:46 I y_notifications.cpp:168 Status change of text:200: {"value":"L1 230.5 V 0.0 A 0.00 kW | L2 230.0 V 0.0 A 0.00 kW | L3 230.8 V 0.0 A 0.00 kW"}
13:30:48 I y_notifications.cpp:168 Status change of text:200: {"value":"L1 229.9 V 0.0 A 0.00 kW | L2 230.7 V 0.0 A 0.00 kW | L3 230.9 V 0.0 A 0.00 kW"}
13:30:50 I y_notifications.cpp:168 Status change of text:200: {"value":"L1 229.9 V 0.0 A 0.00 kW | L2 230.5 V 0.0 A 0.00 kW | L3 231.1 V 0.0 A 0.00 kW"}
13:30:52 I y_notifications.cpp:168 Status change of text:200: {"value":"L1 230.2 V 0.0 A 0.00 kW | L2 230.0 V 0.0 A 0.00 kW | L3 230.6 V 0.0 A 0.00 kW"}
13:30:54 I y_notifications.cpp:168 Status change of text:200: {"value":"L1 230.2 V 0.0 A 0.00 kW | L2 230.9 V 0.0 A 0.00 kW | L3 231.1 V 0.0 A 0.00 kW"}
13:30:56 I y_notifications.cpp:168 Status change of text:200: {"value":"L1 229.7 V 0.0 A 0.00 kW | L2 230.2 V 0.0 A 0.00 kW | L3 231.3 V 0.0 A 0.00 kW"}
13:30:58 I shelly_script.cpp:204   script:1 5.9% CPU utilization
13:30:58 I y_notifications.cpp:168 Status change of text:200: {"value":"L1 229.9 V 0.0 A 0.00 kW | L2 230.8 V 0.0 A 0.00 kW | L3 230.6 V 0.0 A 0.00 kW"}
13:31:00 I y_notifications.cpp:168 Status change of text:200: {"value":"L1 229.5 V 0.0 A 0.00 kW | L2 230.3 V 0.0 A 0.00 kW | L3 231.3 V 0.0 A 0.00 kW"}
13:31:02 I y_notifications.cpp:168 Status change of text:200: {"value":"L1 230.2 V 0.0 A 0.00 kW | L2 230.3 V 0.0 A 0.00 kW | L3 231.2 V 0.0 A 0.00 kW"}
13:31:04 I y_notifications.cpp:168 Status change of text:200: {"value":"L1 229.5 V 0.0 A 0.00 kW | L2 230.9 V 0.0 A 0.00 kW | L3 231.1 V 0.0 A 0.00 kW"}
13:31:06 I y_notifications.cpp:168 Status change of text:200: {"value":"L1 229.9 V 0.0 A 0.00 kW | L2 230.9 V 0.0 A 0.00 kW | L3 231.4 V 0.0 A 0.00 kW"}
13:31:08 I shelly_script.cpp:204   script:1 5.9% CPU utilization
13:31:08 I y_notifications.cpp:168 Status change of text:200: {"value":"L1 230.0 V 0.0 A 0.00 kW | L2 230.5 V 0.0 A 0.00 kW | L3 231.4 V 0.0 A 0.00 kW"}
13:31:10 I y_notifications.cpp:168 Status change of text:200: {"value":"L1 229.5 V 0.0 A 0.00 kW | L2 230.3 V 0.0 A 0.00 kW | L3 230.8 V 0.0 A 0.00 kW"}
13:31:12 I y_notifications.cpp:168 Status change of text:200: {"value":"L1 229.7 V 0.0 A 0.00 kW | L2 230.9 V 0.0 A 0.00 kW | L3 231.0 V 0.0 A 0.00 kW"}
13:31:14 I y_notifications.cpp:168 Status change of text:200: {"value":"L1 230.1 V 0.0 A 0.00 kW | L2 230.4 V 0.0 A 0.00 kW | L3 231.2 V 0.0 A 0.00 kW"}
13:31:16 I y_notifications.cpp:168 Status change of text:200: {"value":"L1 230.5 V 0.0 A 0.00 kW | L2 230.9 V 0.0 A 0.00 kW | L3 230.8 V 0.0 A 0.00 kW"}
13:31:18 I y_notifications.cpp:168 Status change of text:200: {"value":"L1 230.4 V 0.0 A 0.00 kW | L2 230.8 V 0.0 A 0.00 kW | L3 231.2 V 0.0 A 0.00 kW"}
13:31:20 I shelly_script.cpp:204   script:1 5.9% CPU utilization
13:31:20 I y_notifications.cpp:168 Status change of text:200: {"value":"L1 230.2 V 0.0 A 0.00 kW | L2 230.2 V 0.0 A 0.00 kW | L3 230.7 V 0.0 A 0.00 kW"}
13:31:22 I y_notifications.cpp:168 Status change of text:200: {"value":"L1 229.9 V 0.0 A 0.00 kW | L2 230.4 V 0.0 A 0.00 kW | L3 231.3 V 0.0 A 0.00 kW"}
13:31:24 I y_notifications.cpp:168 Status change of text:200: {"value":"L1 230.2 V 0.0 A 0.00 kW | L2 230.5 V 0.0 A 0.00 kW | L3 231.2 V 0.0 A 0.00 kW"}
13:31:26 I y_notifications.cpp:168 Status change of text:200: {"value":"L1 230.0 V 0.0 A 0.00 kW | L2 230.7 V 0.0 A 0.00 kW | L3 231.3 V 0.0 A 0.00 kW"}
13:31:28 I y_notifications.cpp:168 Status change of text:200: {"value":"L1 229.6 V 0.0 A 0.00 kW | L2 230.3 V 0.0 A 0.00 kW | L3 231.2 V 0.0 A 0.00 kW"}
13:31:30 I y_notifications.cpp:168 Status change of text:200: {"value":"L1 229.6 V 0.0 A 0.00 kW | L2 230.9 V 0.0 A 0.00 kW | L3 230.7 V 0.0 A 0.00 kW"}
13:31:32 I shelly_script.cpp:204   script:1 5.9% CPU utilization
13:31:32 I y_notifications.cpp:168 Status change of text:200: {"value":"L1 230.3 V 0.0 A 0.00 kW | L2 230.9 V 0.0 A 0.00 kW | L3 231.1 V 0.0 A 0.00 kW"}
13:31:34 I y_notifications.cpp:168 Status change of text:200: {"value":"L1 230.1 V 0.0 A 0.00 kW | L2 230.8 V 0.0 A 0.00 kW | L3 230.9 V 0.0 A 0.00 kW"}
13:31:36 I y_notifications.cpp:168 Status change of text:200: {"value":"L1 229.6 V 0.0 A 0.00 kW | L2 230.6 V 0.0 A 0.00 kW | L3 231.3 V 0.0 A 0.00 kW"}
13:31:38 I y_notifications.cpp:168 Status change of text:200: {"value":"L1 230.2 V 0.0 A 0.00 kW | L2 230.7 V 0.0 A 0.00 kW | L3 231.3 V 0.0 A 0.00 kW"}
13:31:40 I y_notifications.cpp:168 Status change of text:200: {"value":"L1 229.8 V 0.0 A 0.00 kW | L2 230.7 V 0.0 A 0.00 kW | L3 231.0 V 0.0 A 0.00 kW"}
13:31:42 I shelly_script.cpp:204   script:1 5.9% CPU utilization
13:31:42 I y_notifications.cpp:168 Status change of text:200: {"value":"L1 230.2 V 0.0 A 0.00 kW | L2 230.7 V 0.0 A 0.00 kW | L3 230.9 V 0.0 A 0.00 kW"}
13:31:44 I y_notifications.cpp:168 Status change of text:200: {"value":"L1 229.8 V 0.0 A 0.00 kW | L2 230.9 V 0.0 A 0.00 kW | L3 230.6 V 0.0 A 0.00 kW"}
13:31:46 I y_notifications.cpp:168 Status change of text:200: {"value":"L1 230.3 V 0.0 A 0.00 kW | L2 230.9 V 0.0 A 0.00 kW | L3 230.7 V 0.0 A 0.00 kW"}
13:31:48 I y_notifications.cpp:168 Status change of text:200: {"value":"L1 229.6 V 0.0 A 0.00 kW | L2 230.7 V 0.0 A 0.00 kW | L3 231.2 V 0.0 A 0.00 kW"}
13:31:50 I y_notifications.cpp:168 Status change of text:200: {"value":"L1 230.2 V 0.0 A 0.00 kW | L2 230.2 V 0.0 A 0.00 kW | L3 230.6 V 0.0 A 0.00 kW"}
13:31:52 I y_notifications.cpp:168 Status change of text:200: {"value":"L1 229.6 V 0.0 A 0.00 kW | L2 230.4 V 0.0 A 0.00 kW | L3 230.7 V 0.0 A 0.00 kW"}
13:31:54 I shelly_script.cpp:204   script:1 5.9% CPU utilization
13:31:54 I y_notifications.cpp:168 Status change of text:200: {"value":"L1 229.9 V 0.0 A 0.00 kW | L2 230.5 V 0.0 A 0.00 kW | L3 230.9 V 0.0 A 0.00 kW"}
13:31:56 I y_notifications.cpp:168 Status change of text:200: {"value":"L1 230.4 V 0.0 A 0.00 kW | L2 230.4 V 0.0 A 0.00 kW | L3 231.4 V 0.0 A 0.00 kW"}
13:31:58 I y_notifications.cpp:168 Status change of text:200: {"value":"L1 230.4 V 0.0 A 0.00 kW | L2 230.4 V 0.0 A 0.00 kW | L3 230.6 V 0.0 A 0.00 kW"}
13:32:00 I y_notifications.cpp:168 Status change of text:200: {"value":"L1 229.9 V 0.0 A 0.00 kW | L2 230.7 V 0.0 A 0.00 kW | L3 230.7 V 0.0 A 0.00 kW"}
13:32:02 I y_notifications.cpp:168 Status change of text:200: {"value":"L1 229.7 V 0.0 A 0.00 kW | L2 230.9 V 0.0 A 0.00 kW | L3 230.8 V 0.0 A 0.00 kW"}
13:32:04 I y_notifications.cpp:168 Status change of text:200: {"value":"L1 230.5 V 0.0 A 0.00 kW | L2 230.4 V 0.0 A 0.00 kW | L3 231.4 V 0.0 A 0.00 kW"}
13:32:06 I shelly_script.cpp:204   script:1 5.9% CPU utilization
13:32:06 I y_notifications.cpp:168 Status change of text:200: {"value":"L1 230.3 V 0.0 A 0.00 kW | L2 230.2 V 0.0 A 0.00 kW | L3 231.3 V 0.0 A 0.00 kW"}
13:32:08 I y_notifications.cpp:168 Status change of text:200: {"value":"L1 230.1 V 0.0 A 0.00 kW | L2 230.4 V 0.0 A 0.00 kW | L3 231.2 V 0.0 A 0.00 kW"}
13:32:10 I y_notifications.cpp:168 Status change of text:200: {"value":"L1 230.2 V 0.0 A 0.00 kW | L2 230.9 V 0.0 A 0.00 kW | L3 230.8 V 0.0 A 0.00 kW"}
13:32:12 I y_notifications.cpp:168 Status change of text:200: {"value":"L1 230.2 V 0.0 A 0.00 kW | L2 230.2 V 0.0 A 0.00 kW | L3 231.2 V 0.0 A 0.00 kW"}
13:32:14 I y_notifications.cpp:168 Status change of text:200: {"value":"L1 229.6 V 0.0 A 0.00 kW | L2 230.5 V 0.0 A 0.00 kW | L3 231.3 V 0.0 A 0.00 kW"}
13:32:16 I shelly_script.cpp:204   script:1 5.9% CPU utilization
13:32:16 I y_notifications.cpp:168 Status change of text:200: {"value":"L1 230.1 V 0.0 A 0.00 kW | L2 230.5 V 0.0 A 0.00 kW | L3 230.7 V 0.0 A 0.00 kW"}
13:32:18 I y_notifications.cpp:168 Status change of text:200: {"value":"L1 229.5 V 0.0 A 0.00 kW | L2 230.7 V 0.0 A 0.00 kW | L3 231.4 V 0.0 A 0.00 kW"}
13:32:20 I y_notifications.cpp:168 Status change of text:200: {"value":"L1 229.9 V 0.0 A 0.00 kW | L2 230.3 V 0.0 A 0.00 kW | L3 230.8 V 0.0 A 0.00 kW"}
13:32:22 I y_notifications.cpp:168 Status change of text:200: {"value":"L1 230.3 V 0.0 A 0.00 kW | L2 230.0 V 0.0 A 0.00 kW | L3 231.4 V 0.0 A 0.00 kW"}
13:32:24 I y_notifications.cpp:168 Status change of text:200: {"value":"L1 230.2 V 0.0 A 0.00 kW | L2 230.7 V 0.0 A 0.00 kW | L3 230.9 V 0.0 A 0.00 kW"}
13:32:26 I shelly_script.cpp:204   script:1 5.9% CPU utilization
13:32:26 I y_notifications.cpp:168 Status change of text:200: {"value":"L1 230.1 V 0.0 A 0.00 kW | L2 230.1 V 0.0 A 0.00 kW | L3 230.7 V 0.0 A 0.00 kW"}
13:32:28 I y_notifications.cpp:168 Status change of text:200: {"value":"L1 230.0 V 0.0 A 0.00 kW | L2 230.5 V 0.0 A 0.00 kW | L3 231.2 V 0.0 A 0.00 kW"}
13:32:30 I y_notifications.cpp:168 Status change of text:200: {"value":"L1 230.4 V 0.0 A 0.00 kW | L2 230.5 V 0.0 A 0.00 kW | L3 231.4 V 0.0 A 0.00 kW"}
13:32:32 I y_notifications.cpp:168 Status change of text:200: {"value":"L1 229.6 V 0.0 A 0.00 kW | L2 230.9 V 0.0 A 0.00 kW | L3 231.1 V 0.0 A 0.00 kW"}
13:32:34 I y_notifications.cpp:168 Status change of text:200: {"value":"L1 230.1 V 0.0 A 0.00 kW | L2 230.1 V 0.0 A 0.00 kW | L3 230.7 V 0.0 A 0.00 kW"}
13:32:36 I y_notifications.cpp:168 Status change of text:200: {"value":"L1 229.9 V 0.0 A 0.00 kW | L2 230.3 V 0.0 A 0.00 kW | L3 231.1 V 0.0 A 0.00 kW"}
13:32:38 I shelly_script.cpp:204   script:1 5.9% CPU utilization
13:32:38 I y_notifications.cpp:168 Status change of text:200: {"value":"L1 230.4 V 0.0 A 0.00 kW | L2 230.8 V 0.0 A 0.00 kW | L3 230.9 V 0.0 A 0.00 kW"}
13:32:40 I y_notifications.cpp:168 Status change of text:200: {"value":"L1 230.3 V 0.0 A 0.00 kW | L2 230.1 V 0.0 A 0.00 kW | L3 231.3 V 0.0 A 0.00 kW"}
13:32:42 I y_notifications.cpp:168 Status change of text:200: {"value":"L1 229.8 V 0.0 A 0.00 kW | L2 230.1 V 0.0 A 0.00 kW | L3 231.4 V 0.0 A 0.00 kW"}
13:32:44 I y_notifications.cpp:168 Status change of text:200: {"value":"L1 229.7 V 0.0 A 0.00 kW | L2 230.5 V 0.0 A 0.00 kW | L3 231.2 V 0.0 A 0.00 kW"}
13:32:46 I y_notifications.cpp:168 Status change of text:200: {"value":"L1 229.6 V 0.0 A 0.00 kW | L2 230.2 V 0.0 A 0.00 kW | L3 231.3 V 0.0 A 0.00 kW"}
13:32:48 I shelly_script.cpp:204   script:1 5.8% CPU utilization
13:32:48 I y_notifications.cpp:168 Status change of text:200: {"value":"L1 230.2 V 0.0 A 0.00 kW | L2 230.6 V 0.0 A 0.00 kW | L3 231.4 V 0.0 A 0.00 kW"}
13:32:50 I y_notifications.cpp:168 Status change of text:200: {"value":"L1 230.3 V 0.0 A 0.00 kW | L2 230.5 V 0.0 A 0.00 kW | L3 230.6 V 0.0 A 0.00 kW"}
13:32:52 I y_notifications.cpp:168 Status change of text:200: {"value":"L1 230.5 V 0.0 A 0.00 kW | L2 230.4 V 0.0 A 0.00 kW | L3 231.4 V 0.0 A 0.00 kW"}
13:32:54 I y_notifications.cpp:168 Status change of text:200: {"value":"L1 230.3 V 0.0 A 0.00 kW | L2 230.7 V 0.0 A 0.00 kW | L3 230.5 V 0.0 A 0.00 kW"}
13:32:56 I y_notifications.cpp:168 Status change of text:200: {"value":"L1 229.9 V 0.0 A 0.00 kW | L2 230.8 V 0.0 A 0.00 kW | L3 231.1 V 0.0 A 0.00 kW"}
13:32:58 I shelly_script.cpp:204   script:1 5.9% CPU utilization
13:32:58 I y_notifications.cpp:168 Status change of text:200: {"value":"L1 229.8 V 0.0 A 0.00 kW | L2 230.6 V 0.0 A 0.00 kW | L3 231.1 V 0.0 A 0.00 kW"}
13:33:00 I y_notifications.cpp:168 Status change of text:200: {"value":"L1 229.8 V 0.0 A 0.00 kW | L2 230.6 V 0.0 A 0.00 kW | L3 230.9 V 0.0 A 0.00 kW"}
13:33:02 I y_notifications.cpp:168 Status change of text:200: {"value":"L1 230.2 V 0.0 A 0.00 kW | L2 230.9 V 0.0 A 0.00 kW | L3 231.4 V 0.0 A 0.00 kW"}
13:33:04 I y_notifications.cpp:168 Status change of text:200: {"value":"L1 230.2 V 0.0 A 0.00 kW | L2 230.8 V 0.0 A 0.00 kW | L3 230.5 V 0.0 A 0.00 kW"}
13:33:06 I y_notifications.cpp:168 Status change of text:200: {"value":"L1 229.8 V 0.0 A 0.00 kW | L2 230.6 V 0.0 A 0.00 kW | L3 230.7 V 0.0 A 0.00 kW"}
13:33:08 I y_notifications.cpp:168 Status change of text:200: {"value":"L1 229.6 V 0.0 A 0.00 kW | L2 230.2 V 0.0 A 0.00 kW | L3 231.4 V 0.0 A 0.00 kW"}
13:33:10 I shelly_script.cpp:204   script:1 5.9% CPU utilization
13:33:10 I y_notifications.cpp:168 Status change of text:200: {"value":"L1 229.5 V 0.0 A 0.00 kW | L2 230.5 V 0.0 A 0.00 kW | L3 230.5 V 0.0 A 0.00 kW"}
13:33:12 I y_notifications.cpp:168 Status change of text:200: {"value":"L1 230.2 V 0.0 A 0.00 kW | L2 230.0 V 0.0 A 0.00 kW | L3 231.2 V 0.0 A 0.00 kW"}
13:33:14 I y_notifications.cpp:168 Status change of text:200: {"value":"L1 230.2 V 0.0 A 0.00 kW | L2 230.9 V 0.0 A 0.00 kW | L3 231.1 V 0.0 A 0.00 kW"}
13:33:16 I y_notifications.cpp:168 Status change of text:200: {"value":"L1 229.6 V 0.0 A 0.00 kW | L2 230.1 V 0.0 A 0.00 kW | L3 230.9 V 0.0 A 0.00 kW"}
13:33:18 I y_notifications.cpp:168 Status change of text:200: {"value":"L1 229.8 V 0.0 A 0.00 kW | L2 230.2 V 0.0 A 0.00 kW | L3 231.1 V 0.0 A 0.00 kW"}
13:33:20 I shelly_script.cpp:204   script:1 5.9% CPU utilization
13:33:20 I y_notifications.cpp:168 Status change of text:200: {"value":"L1 229.6 V 0.0 A 0.00 kW | L2 230.0 V 0.0 A 0.00 kW | L3 231.2 V 0.0 A 0.00 kW"}
13:33:22 I y_notifications.cpp:168 Status change of text:200: {"value":"L1 230.5 V 0.0 A 0.00 kW | L2 230.2 V 0.0 A 0.00 kW | L3 230.6 V 0.0 A 0.00 kW"}
13:33:24 I y_notifications.cpp:168 Status change of text:200: {"value":"L1 230.4 V 0.0 A 0.00 kW | L2 230.5 V 0.0 A 0.00 kW | L3 231.4 V 0.0 A 0.00 kW"}
13:33:26 I y_notifications.cpp:168 Status change of text:200: {"value":"L1 230.4 V 0.0 A 0.00 kW | L2 230.3 V 0.0 A 0.00 kW | L3 231.3 V 0.0 A 0.00 kW"}
13:33:28 I y_notifications.cpp:168 Status change of text:200: {"value":"L1 230.5 V 0.0 A 0.00 kW | L2 230.9 V 0.0 A 0.00 kW | L3 230.5 V 0.0 A 0.00 kW"}
13:33:30 I shelly_script.cpp:204   script:1 5.9% CPU utilization
13:33:30 I y_notifications.cpp:168 Status change of text:200: {"value":"L1 229.6 V 0.0 A 0.00 kW | L2 230.9 V 0.0 A 0.00 kW | L3 230.9 V 0.0 A 0.00 kW"}
13:33:32 I y_notifications.cpp:168 Status change of text:200: {"value":"L1 230.1 V 0.0 A 0.00 kW | L2 230.3 V 0.0 A 0.00 kW | L3 231.2 V 0.0 A 0.00 kW"}
13:33:34 I y_notifications.cpp:168 Status change of text:200: {"value":"L1 229.5 V 0.0 A 0.00 kW | L2 230.6 V 0.0 A 0.00 kW | L3 231.2 V 0.0 A 0.00 kW"}
13:33:36 I y_notifications.cpp:168 Status change of text:200: {"value":"L1 229.5 V 0.0 A 0.00 kW | L2 230.4 V 0.0 A 0.00 kW | L3 230.8 V 0.0 A 0.00 kW"}
13:33:38 I y_notifications.cpp:168 Status change of text:200: {"value":"L1 230.5 V 0.0 A 0.00 kW | L2 230.4 V 0.0 A 0.00 kW | L3 230.9 V 0.0 A 0.00 kW"}
13:33:40 I y_notifications.cpp:168 Status change of text:200: {"value":"L1 230.4 V 0.0 A 0.00 kW | L2 230.1 V 0.0 A 0.00 kW | L3 230.9 V 0.0 A 0.00 kW"}
13:33:42 I shelly_script.cpp:204   script:1 5.9% CPU utilization
13:33:42 I y_notifications.cpp:168 Status change of text:200: {"value":"L1 230.0 V 0.0 A 0.00 kW | L2 230.2 V 0.0 A 0.00 kW | L3 230.7 V 0.0 A 0.00 kW"}
13:33:44 I y_notifications.cpp:168 Status change of text:200: {"value":"L1 229.9 V 0.0 A 0.00 kW | L2 230.9 V 0.0 A 0.00 kW | L3 230.6 V 0.0 A 0.00 kW"}
13:33:46 I y_notifications.cpp:168 Status change of text:200: {"value":"L1 230.2 V 0.0 A 0.00 kW | L2 230.9 V 0.0 A 0.00 kW | L3 230.9 V 0.0 A 0.00 kW"}
13:33:48 I y_notifications.cpp:168 Status change of text:200: {"value":"L1 230.2 V 0.0 A 0.00 kW | L2 230.2 V 0.0 A 0.00 kW | L3 231.4 V 0.0 A 0.00 kW"}
13:33:50 I y_notifications.cpp:168 Status change of text:200: {"value":"L1 230.4 V 0.0 A 0.00 kW | L2 230.6 V 0.0 A 0.00 kW | L3 230.9 V 0.0 A 0.00 kW"}
13:33:52 I shelly_script.cpp:204   script:1 5.9% CPU utilization
13:33:52 I y_notifications.cpp:168 Status change of text:200: {"value":"L1 229.9 V 0.0 A 0.00 kW | L2 230.3 V 0.0 A 0.00 kW | L3 230.8 V 0.0 A 0.00 kW"}
13:33:54 I y_notifications.cpp:168 Status change of text:200: {"value":"L1 229.5 V 0.0 A 0.00 kW | L2 230.5 V 0.0 A 0.00 kW | L3 231.2 V 0.0 A 0.00 kW"}
13:33:56 I y_notifications.cpp:168 Status change of text:200: {"value":"L1 230.0 V 0.0 A 0.00 kW | L2 230.5 V 0.0 A 0.00 kW | L3 230.7 V 0.0 A 0.00 kW"}
13:33:58 I y_notifications.cpp:168 Status change of text:200: {"value":"L1 230.4 V 0.0 A 0.00 kW | L2 230.9 V 0.0 A 0.00 kW | L3 231.4 V 0.0 A 0.00 kW"}
13:34:00 I y_notifications.cpp:168 Status change of text:200: {"value":"L1 229.6 V 0.0 A 0.00 kW | L2 230.0 V 0.0 A 0.00 kW | L3 230.9 V 0.0 A 0.00 kW"}
13:34:02 I y_notifications.cpp:168 Status change of text:200: {"value":"L1 229.9 V 0.0 A 0.00 kW | L2 230.9 V 0.0 A 0.00 kW | L3 230.8 V 0.0 A 0.00 kW"}
13:34:04 I shelly_script.cpp:204   script:1 5.9% CPU utilization
13:34:04 I y_notifications.cpp:168 Status change of text:200: {"value":"L1 229.9 V 0.0 A 0.00 kW | L2 230.3 V 0.0 A 0.00 kW | L3 230.8 V 0.0 A 0.00 kW"}
13:34:06 I y_notifications.cpp:168 Status change of text:200: {"value":"L1 229.9 V 0.0 A 0.00 kW | L2 230.7 V 0.0 A 0.00 kW | L3 231.4 V 0.0 A 0.00 kW"}
13:34:08 I y_notifications.cpp:168 Status change of text:200: {"value":"L1 230.4 V 0.0 A 0.00 kW | L2 230.9 V 0.0 A 0.00 kW | L3 230.7 V 0.0 A 0.00 kW"}
13:34:10 I y_notifications.cpp:168 Status change of text:200: {"value":"L1 230.4 V 0.0 A 0.00 kW | L2 230.9 V 0.0 A 0.00 kW | L3 231.2 V 0.0 A 0.00 kW"}
13:34:12 I y_notifications.cpp:168 Status change of text:200: {"value":"L1 230.2 V 0.0 A 0.00 kW | L2 230.6 V 0.0 A 0.00 kW | L3 231.2 V 0.0 A 0.00 kW"}
13:34:14 I shelly_script.cpp:204   script:1 5.9% CPU utilization
13:34:14 I y_notifications.cpp:168 Status change of text:200: {"value":"L1 230.3 V 0.0 A 0.00 kW | L2 230.9 V 0.0 A 0.00 kW | L3 230.5 V 0.0 A 0.00 kW"}
13:34:16 I y_notifications.cpp:168 Status change of text:200: {"value":"L1 230.0 V 0.0 A 0.00 kW | L2 230.6 V 0.0 A 0.00 kW | L3 230.9 V 0.0 A 0.00 kW"}
13:34:18 I y_notifications.cpp:168 Status change of text:200: {"value":"L1 229.8 V 0.0 A 0.00 kW | L2 230.6 V 0.0 A 0.00 kW | L3 230.6 V 0.0 A 0.00 kW"}
13:34:20 I y_notifications.cpp:168 Status change of text:200: {"value":"L1 230.3 V 0.0 A 0.00 kW | L2 230.8 V 0.0 A 0.00 kW | L3 231.5 V 0.0 A 0.00 kW"}
13:34:22 I y_notifications.cpp:168 Status change of text:200: {"value":"L1 229.6 V 0.0 A 0.00 kW | L2 230.4 V 0.0 A 0.00 kW | L3 231.4 V 0.0 A 0.00 kW"}
13:34:24 I shelly_script.cpp:204   script:1 5.9% CPU utilization
13:34:24 I y_notifications.cpp:168 Status change of text:200: {"value":"L1 229.9 V 0.0 A 0.00 kW | L2 230.9 V 0.0 A 0.00 kW | L3 231.1 V 0.0 A 0.00 kW"}
13:34:26 I y_notifications.cpp:168 Status change of text:200: {"value":"L1 230.4 V 0.0 A 0.00 kW | L2 230.7 V 0.0 A 0.00 kW | L3 230.8 V 0.0 A 0.00 kW"}
13:34:28 I y_notifications.cpp:168 Status change of text:200: {"value":"L1 230.1 V 0.0 A 0.00 kW | L2 230.5 V 0.0 A 0.00 kW | L3 230.8 V 0.0 A 0.00 kW"}
13:34:30 I y_notifications.cpp:168 Status change of text:200: {"value":"L1 229.7 V 0.0 A 0.00 kW | L2 230.9 V 0.0 A 0.00 kW | L3 231.2 V 0.0 A 0.00 kW"}
13:34:32 I y_notifications.cpp:168 Status change of text:200: {"value":"L1 229.6 V 0.0 A 0.00 kW | L2 230.6 V 0.0 A 0.00 kW | L3 230.9 V 0.0 A 0.00 kW"}
13:34:34 I shelly_script.cpp:204   script:1 5.9% CPU utilization
13:34:34 I y_notifications.cpp:168 Status change of text:200: {"value":"L1 230.2 V 0.0 A 0.00 kW | L2 230.4 V 0.0 A 0.00 kW | L3 230.8 V 0.0 A 0.00 kW"}
13:34:36 I y_notifications.cpp:168 Status change of text:200: {"value":"L1 230.3 V 0.0 A 0.00 kW | L2 230.6 V 0.0 A 0.00 kW | L3 230.6 V 0.0 A 0.00 kW"}
13:34:38 I y_notifications.cpp:168 Status change of text:200: {"value":"L1 230.2 V 0.0 A 0.00 kW | L2 230.7 V 0.0 A 0.00 kW | L3 230.8 V 0.0 A 0.00 kW"}
13:34:40 I y_notifications.cpp:168 Status change of text:200: {"value":"L1 229.9 V 0.0 A 0.00 kW | L2 230.4 V 0.0 A 0.00 kW | L3 230.9 V 0.0 A 0.00 kW"}
13:34:42 I y_notifications.cpp:168 Status change of text:200: {"value":"L1 229.9 V 0.0 A 0.00 kW | L2 230.9 V 0.0 A 0.00 kW | L3 230.6 V 0.0 A 0.00 kW"}
13:34:44 I y_notifications.cpp:168 Status change of text:200: {"value":"L1 230.3 V 0.0 A 0.00 kW | L2 230.9 V 0.0 A 0.00 kW | L3 231.2 V 0.0 A 0.00 kW"}
13:34:46 I shelly_script.cpp:204   script:1 5.9% CPU utilization
13:34:46 I y_notifications.cpp:168 Status change of text:200: {"value":"L1 230.3 V 0.0 A 0.00 kW | L2 230.3 V 0.0 A 0.00 kW | L3 230.8 V 0.0 A 0.00 kW"}
13:34:48 I y_notifications.cpp:168 Status change of text:200: {"value":"L1 229.9 V 0.0 A 0.00 kW | L2 230.6 V 0.0 A 0.00 kW | L3 231.3 V 0.0 A 0.00 kW"}
13:34:50 I y_notifications.cpp:168 Status change of text:200: {"value":"L1 229.9 V 0.0 A 0.00 kW | L2 230.6 V 0.0 A 0.00 kW | L3 230.7 V 0.0 A 0.00 kW"}
13:34:52 I y_notifications.cpp:168 Status change of text:200: {"value":"L1 230.3 V 0.0 A 0.00 kW | L2 230.4 V 0.0 A 0.00 kW | L3 230.8 V 0.0 A 0.00 kW"}
13:34:54 I y_notifications.cpp:168 Status change of text:200: {"value":"L1 229.8 V 0.0 A 0.00 kW | L2 230.8 V 0.0 A 0.00 kW | L3 231.0 V 0.0 A 0.00 kW"}
13:34:56 I shelly_script.cpp:204   script:1 5.9% CPU utilization
13:34:56 I y_notifications.cpp:168 Status change of text:200: {"value":"L1 229.6 V 0.0 A 0.00 kW | L2 230.5 V 0.0 A 0.00 kW | L3 230.9 V 0.0 A 0.00 kW"}
13:34:58 I y_notifications.cpp:168 Status change of text:200: {"value":"L1 229.5 V 0.0 A 0.00 kW | L2 230.8 V 0.0 A 0.00 kW | L3 230.8 V 0.0 A 0.00 kW"}
13:35:00 I y_notifications.cpp:168 Status change of text:200: {"value":"L1 230.0 V 0.0 A 0.00 kW | L2 230.4 V 0.0 A 0.00 kW | L3 231.3 V 0.0 A 0.00 kW"}
13:35:02 I y_notifications.cpp:168 Status change of text:200: {"value":"L1 230.3 V 0.0 A 0.00 kW | L2 230.8 V 0.0 A 0.00 kW | L3 231.0 V 0.0 A 0.00 kW"}
13:35:04 I y_notifications.cpp:168 Status change of text:200: {"value":"L1 230.2 V 0.0 A 0.00 kW | L2 230.9 V 0.0 A 0.00 kW | L3 230.8 V 0.0 A 0.00 kW"}
13:35:06 I y_notifications.cpp:168 Status change of text:200: {"value":"L1 230.3 V 0.0 A 0.00 kW | L2 230.2 V 0.0 A 0.00 kW | L3 231.1 V 0.0 A 0.00 kW"}
13:35:08 I shelly_script.cpp:204   script:1 5.9% CPU utilization
13:35:08 I y_notifications.cpp:168 Status change of text:200: {"value":"L1 230.2 V 0.0 A 0.00 kW | L2 230.1 V 0.0 A 0.00 kW | L3 231.2 V 0.0 A 0.00 kW"}
13:35:10 I y_notifications.cpp:168 Status change of text:200: {"value":"L1 229.8 V 0.0 A 0.00 kW | L2 230.2 V 0.0 A 0.00 kW | L3 230.9 V 0.0 A 0.00 kW"}
13:35:12 I y_notifications.cpp:168 Status change of text:200: {"value":"L1 230.2 V 0.0 A 0.00 kW | L2 230.5 V 0.0 A 0.00 kW | L3 231.0 V 0.0 A 0.00 kW"}
13:35:14 I y_notifications.cpp:168 Status change of text:200: {"value":"L1 229.9 V 0.0 A 0.00 kW | L2 230.6 V 0.0 A 0.00 kW | L3 230.7 V 0.0 A 0.00 kW"}
13:35:16 I y_notifications.cpp:168 Status change of text:200: {"value":"L1 230.3 V 0.0 A 0.00 kW | L2 230.7 V 0.0 A 0.00 kW | L3 230.8 V 0.0 A 0.00 kW"}
13:35:18 I y_notifications.cpp:168 Status change of text:200: {"value":"L1 229.6 V 0.0 A 0.00 kW | L2 230.8 V 0.0 A 0.00 kW | L3 231.4 V 0.0 A 0.00 kW"}
13:35:20 I shelly_script.cpp:204   script:1 5.9% CPU utilization
13:35:20 I y_notifications.cpp:168 Status change of text:200: {"value":"L1 230.2 V 0.0 A 0.00 kW | L2 230.9 V 0.0 A 0.00 kW | L3 231.3 V 0.0 A 0.00 kW"}
13:35:22 I y_notifications.cpp:168 Status change of text:200: {"value":"L1 229.8 V 0.0 A 0.00 kW | L2 230.8 V 0.0 A 0.00 kW | L3 230.9 V 0.0 A 0.00 kW"}
13:35:24 I y_notifications.cpp:168 Status change of text:200: {"value":"L1 230.5 V 0.0 A 0.00 kW | L2 230.0 V 0.0 A 0.00 kW | L3 231.1 V 0.0 A 0.00 kW"}
13:35:26 I y_notifications.cpp:168 Status change of text:200: {"value":"L1 229.8 V 0.0 A 0.00 kW | L2 230.9 V 0.0 A 0.00 kW | L3 230.9 V 0.0 A 0.00 kW"}
13:35:28 I y_notifications.cpp:168 Status change of text:200: {"value":"L1 229.8 V 0.0 A 0.00 kW | L2 230.9 V 0.0 A 0.00 kW | L3 231.3 V 0.0 A 0.00 kW"}
13:35:30 I shelly_script.cpp:204   script:1 5.9% CPU utilization
13:35:30 I y_notifications.cpp:168 Status change of text:200: {"value":"L1 230.4 V 0.0 A 0.00 kW | L2 230.4 V 0.0 A 0.00 kW | L3 230.9 V 0.0 A 0.00 kW"}
13:35:32 I y_notifications.cpp:168 Status change of text:200: {"value":"L1 230.5 V 0.0 A 0.00 kW | L2 230.2 V 0.0 A 0.00 kW | L3 231.1 V 0.0 A 0.00 kW"}
13:35:34 I y_notifications.cpp:168 Status change of text:200: {"value":"L1 230.2 V 0.0 A 0.00 kW | L2 230.7 V 0.0 A 0.00 kW | L3 231.4 V 0.0 A 0.00 kW"}
13:35:36 I y_notifications.cpp:168 Status change of text:200: {"value":"L1 229.6 V 0.0 A 0.00 kW | L2 230.9 V 0.0 A 0.00 kW | L3 231.5 V 0.0 A 0.00 kW"}
13:35:38 I y_notifications.cpp:168 Status change of text:200: {"value":"L1 229.6 V 0.0 A 0.00 kW | L2 230.5 V 0.0 A 0.00 kW | L3 230.9 V 0.0 A 0.00 kW"}
13:35:40 I y_notifications.cpp:168 Status change of text:200: {"value":"L1 229.6 V 0.0 A 0.00 kW | L2 230.1 V 0.0 A 0.00 kW | L3 231.4 V 0.0 A 0.00 kW"}
13:35:42 I shelly_script.cpp:204   script:1 5.9% CPU utilization
13:35:42 I y_notifications.cpp:168 Status change of text:200: {"value":"L1 230.2 V 0.0 A 0.00 kW | L2 230.3 V 0.0 A 0.00 kW | L3 230.5 V 0.0 A 0.00 kW"}
13:35:44 I y_notifications.cpp:168 Status change of text:200: {"value":"L1 229.9 V 0.0 A 0.00 kW | L2 230.7 V 0.0 A 0.00 kW | L3 231.4 V 0.0 A 0.00 kW"}
13:35:46 I y_notifications.cpp:168 Status change of text:200: {"value":"L1 230.0 V 0.0 A 0.00 kW | L2 230.5 V 0.0 A 0.00 kW | L3 231.5 V 0.0 A 0.00 kW"}
13:35:48 I y_notifications.cpp:168 Status change of text:200: {"value":"L1 230.1 V 0.0 A 0.00 kW | L2 230.8 V 0.0 A 0.00 kW | L3 231.3 V 0.0 A 0.00 kW"}
13:35:50 I y_notifications.cpp:168 Status change of text:200: {"value":"L1 229.6 V 0.0 A 0.00 kW | L2 230.8 V 0.0 A 0.00 kW | L3 230.6 V 0.0 A 0.00 kW"}
13:35:52 I y_notifications.cpp:168 Status change of text:200: {"value":"L1 230.1 V 0.0 A 0.00 kW | L2 230.9 V 0.0 A 0.00 kW | L3 230.8 V 0.0 A 0.00 kW"}
13:35:54 I shelly_script.cpp:204   script:1 5.8% CPU utilization
13:35:54 I y_notifications.cpp:168 Status change of text:200: {"value":"L1 230.4 V 0.0 A 0.00 kW | L2 230.6 V 0.0 A 0.00 kW | L3 230.9 V 0.0 A 0.00 kW"}
13:35:56 I y_notifications.cpp:168 Status change of text:200: {"value":"L1 230.3 V 0.0 A 0.00 kW | L2 230.9 V 0.0 A 0.00 kW | L3 231.1 V 0.0 A 0.00 kW"}
13:35:58 I y_notifications.cpp:168 Status change of text:200: {"value":"L1 230.0 V 0.0 A 0.00 kW | L2 230.2 V 0.0 A 0.00 kW | L3 230.9 V 0.0 A 0.00 kW"}
13:36:00 I y_notifications.cpp:168 Status change of text:200: {"value":"L1 229.9 V 0.0 A 0.00 kW | L2 230.3 V 0.0 A 0.00 kW | L3 231.2 V 0.0 A 0.00 kW"}
13:36:02 I y_notifications.cpp:168 Status change of text:200: {"value":"L1 230.1 V 0.0 A 0.00 kW | L2 230.8 V 0.0 A 0.00 kW | L3 230.7 V 0.0 A 0.00 kW"}
13:36:04 I shelly_script.cpp:204   script:1 5.9% CPU utilization
13:36:04 I y_notifications.cpp:168 Status change of text:200: {"value":"L1 230.4 V 0.0 A 0.00 kW | L2 230.4 V 0.0 A 0.00 kW | L3 231.1 V 0.0 A 0.00 kW"}
13:36:06 I y_notifications.cpp:168 Status change of text:200: {"value":"L1 230.4 V 0.0 A 0.00 kW | L2 230.7 V 0.0 A 0.00 kW | L3 231.2 V 0.0 A 0.00 kW"}
13:36:08 I y_notifications.cpp:168 Status change of text:200: {"value":"L1 230.1 V 0.0 A 0.00 kW | L2 230.8 V 0.0 A 0.00 kW | L3 231.4 V 0.0 A 0.00 kW"}
13:36:10 I y_notifications.cpp:168 Status change of text:200: {"value":"L1 229.8 V 0.0 A 0.00 kW | L2 230.6 V 0.0 A 0.00 kW | L3 230.8 V 0.0 A 0.00 kW"}
13:36:12 I y_notifications.cpp:168 Status change of text:200: {"value":"L1 229.8 V 0.0 A 0.00 kW | L2 230.8 V 0.0 A 0.00 kW | L3 230.6 V 0.0 A 0.00 kW"}
13:36:14 I shelly_script.cpp:204   script:1 5.9% CPU utilization
13:36:14 I y_notifications.cpp:168 Status change of text:200: {"value":"L1 230.1 V 0.0 A 0.00 kW | L2 230.3 V 0.0 A 0.00 kW | L3 230.9 V 0.0 A 0.00 kW"}
13:36:16 I y_notifications.cpp:168 Status change of text:200: {"value":"L1 230.4 V 0.0 A 0.00 kW | L2 230.1 V 0.0 A 0.00 kW | L3 230.9 V 0.0 A 0.00 kW"}
13:36:18 I y_notifications.cpp:168 Status change of text:200: {"value":"L1 230.1 V 0.0 A 0.00 kW | L2 230.7 V 0.0 A 0.00 kW | L3 230.5 V 0.0 A 0.00 kW"}
13:36:20 I y_notifications.cpp:168 Status change of text:200: {"value":"L1 229.6 V 0.0 A 0.00 kW | L2 230.1 V 0.0 A 0.00 kW | L3 230.8 V 0.0 A 0.00 kW"}
13:36:22 I y_notifications.cpp:168 Status change of text:200: {"value":"L1 229.7 V 0.0 A 0.00 kW | L2 230.5 V 0.0 A 0.00 kW | L3 230.5 V 0.0 A 0.00 kW"}
13:36:24 I y_notifications.cpp:168 Status change of text:200: {"value":"L1 230.2 V 0.0 A 0.00 kW | L2 230.9 V 0.0 A 0.00 kW | L3 231.2 V 0.0 A 0.00 kW"}
13:36:26 I shelly_script.cpp:204   script:1 5.9% CPU utilization
13:36:26 I y_notifications.cpp:168 Status change of text:200: {"value":"L1 230.3 V 0.0 A 0.00 kW | L2 230.5 V 0.0 A 0.00 kW | L3 231.1 V 0.0 A 0.00 kW"}
13:36:28 I y_notifications.cpp:168 Status change of text:200: {"value":"L1 229.9 V 0.0 A 0.00 kW | L2 230.5 V 0.0 A 0.00 kW | L3 231.1 V 0.0 A 0.00 kW"}
13:36:30 I y_notifications.cpp:168 Status change of text:200: {"value":"L1 229.9 V 0.0 A 0.00 kW | L2 230.6 V 0.0 A 0.00 kW | L3 231.2 V 0.0 A 0.00 kW"}
13:36:32 I y_notifications.cpp:168 Status change of text:200: {"value":"L1 229.9 V 0.0 A 0.00 kW | L2 230.9 V 0.0 A 0.00 kW | L3 230.7 V 0.0 A 0.00 kW"}
13:36:34 I y_notifications.cpp:168 Status change of text:200: {"value":"L1 230.2 V 0.0 A 0.00 kW | L2 230.7 V 0.0 A 0.00 kW | L3 230.8 V 0.0 A 0.00 kW"}
13:36:36 I shelly_script.cpp:204   script:1 5.9% CPU utilization
13:36:36 I y_notifications.cpp:168 Status change of text:200: {"value":"L1 229.5 V 0.0 A 0.00 kW | L2 230.3 V 0.0 A 0.00 kW | L3 231.5 V 0.0 A 0.00 kW"}
13:36:38 I y_notifications.cpp:168 Status change of text:200: {"value":"L1 230.0 V 0.0 A 0.00 kW | L2 230.9 V 0.0 A 0.00 kW | L3 231.5 V 0.0 A 0.00 kW"}
13:36:40 I y_notifications.cpp:168 Status change of text:200: {"value":"L1 230.1 V 0.0 A 0.00 kW | L2 230.5 V 0.0 A 0.00 kW | L3 231.1 V 0.0 A 0.00 kW"}
13:36:42 I y_notifications.cpp:168 Status change of text:200: {"value":"L1 230.1 V 0.0 A 0.00 kW | L2 230.6 V 0.0 A 0.00 kW | L3 231.0 V 0.0 A 0.00 kW"}
13:36:44 I y_notifications.cpp:168 Status change of text:200: {"value":"L1 229.8 V 0.0 A 0.00 kW | L2 230.2 V 0.0 A 0.00 kW | L3 231.3 V 0.0 A 0.00 kW"}
13:36:46 I shelly_script.cpp:204   script:1 5.9% CPU utilization
13:36:46 I y_notifications.cpp:168 Status change of text:200: {"value":"L1 230.2 V 0.0 A 0.00 kW | L2 230.4 V 0.0 A 0.00 kW | L3 231.1 V 0.0 A 0.00 kW"}
13:36:48 I y_notifications.cpp:168 Status change of text:200: {"value":"L1 230.4 V 0.0 A 0.00 kW | L2 230.9 V 0.0 A 0.00 kW | L3 230.7 V 0.0 A 0.00 kW"}
13:36:50 I y_notifications.cpp:168 Status change of text:200: {"value":"L1 229.6 V 0.0 A 0.00 kW | L2 230.4 V 0.0 A 0.00 kW | L3 231.0 V 0.0 A 0.00 kW"}
13:36:52 I y_notifications.cpp:168 Status change of text:200: {"value":"L1 229.8 V 0.0 A 0.00 kW | L2 230.1 V 0.0 A 0.00 kW | L3 230.9 V 0.0 A 0.00 kW"}
13:36:54 I y_notifications.cpp:168 Status change of text:200: {"value":"L1 230.0 V 0.0 A 0.00 kW | L2 230.7 V 0.0 A 0.00 kW | L3 231.5 V 0.0 A 0.00 kW"}
13:36:56 I y_notifications.cpp:168 Status change of text:200: {"value":"L1 229.6 V 0.0 A 0.00 kW | L2 230.7 V 0.0 A 0.00 kW | L3 231.4 V 0.0 A 0.00 kW"}
13:36:58 I shelly_script.cpp:204   script:1 5.9% CPU utilization
13:36:58 I y_notifications.cpp:168 Status change of text:200: {"value":"L1 229.7 V 0.0 A 0.00 kW | L2 230.9 V 0.0 A 0.00 kW | L3 230.9 V 0.0 A 0.00 kW"}
13:37:00 I y_notifications.cpp:168 Status change of text:200: {"value":"L1 229.7 V 0.0 A 0.00 kW | L2 230.1 V 0.0 A 0.00 kW | L3 231.0 V 0.0 A 0.00 kW"}
13:37:02 I y_notifications.cpp:168 Status change of text:200: {"value":"L1 230.4 V 0.0 A 0.00 kW | L2 230.4 V 0.0 A 0.00 kW | L3 231.4 V 0.0 A 0.00 kW"}
13:37:04 I y_notifications.cpp:168 Status change of text:200: {"value":"L1 229.7 V 0.0 A 0.00 kW | L2 230.6 V 0.0 A 0.00 kW | L3 230.7 V 0.0 A 0.00 kW"}
13:37:06 I y_notifications.cpp:168 Status change of text:200: {"value":"L1 230.3 V 0.0 A 0.00 kW | L2 230.9 V 0.0 A 0.00 kW | L3 230.9 V 0.0 A 0.00 kW"}
13:37:08 I y_notifications.cpp:168 Status change of text:200: {"value":"L1 230.2 V 0.0 A 0.00 kW | L2 230.3 V 0.0 A 0.00 kW | L3 230.6 V 0.0 A 0.00 kW"}
13:37:10 I shelly_script.cpp:204   script:1 5.9% CPU utilization
13:37:10 I y_notifications.cpp:168 Status change of text:200: {"value":"L1 229.7 V 0.0 A 0.00 kW | L2 230.4 V 0.0 A 0.00 kW | L3 230.9 V 0.0 A 0.00 kW"}
13:37:12 I y_notifications.cpp:168 Status change of text:200: {"value":"L1 229.6 V 0.0 A 0.00 kW | L2 230.4 V 0.0 A 0.00 kW | L3 231.1 V 0.0 A 0.00 kW"}
13:37:14 I y_notifications.cpp:168 Status change of text:200: {"value":"L1 230.3 V 0.0 A 0.00 kW | L2 230.4 V 0.0 A 0.00 kW | L3 230.8 V 0.0 A 0.00 kW"}
13:37:16 I y_notifications.cpp:168 Status change of text:200: {"value":"L1 230.5 V 0.0 A 0.00 kW | L2 230.9 V 0.0 A 0.00 kW | L3 230.6 V 0.0 A 0.00 kW"}
13:37:18 I y_notifications.cpp:168 Status change of text:200: {"value":"L1 229.6 V 0.0 A 0.00 kW | L2 230.8 V 0.0 A 0.00 kW | L3 230.7 V 0.0 A 0.00 kW"}
13:37:20 I shelly_script.cpp:204   script:1 5.9% CPU utilization
13:37:20 I y_notifications.cpp:168 Status change of text:200: {"value":"L1 229.9 V 0.0 A 0.00 kW | L2 230.4 V 0.0 A 0.00 kW | L3 230.9 V 0.0 A 0.00 kW"}
13:37:22 I y_notifications.cpp:168 Status change of text:200: {"value":"L1 229.7 V 0.0 A 0.00 kW | L2 230.0 V 0.0 A 0.00 kW | L3 231.3 V 0.0 A 0.00 kW"}
13:37:24 I y_notifications.cpp:168 Status change of text:200: {"value":"L1 230.4 V 0.0 A 0.00 kW | L2 230.7 V 0.0 A 0.00 kW | L3 230.5 V 0.0 A 0.00 kW"}
13:37:26 I y_notifications.cpp:168 Status change of text:200: {"value":"L1 229.8 V 0.0 A 0.00 kW | L2 230.9 V 0.0 A 0.00 kW | L3 231.4 V 0.0 A 0.00 kW"}
13:37:28 I y_notifications.cpp:168 Status change of text:200: {"value":"L1 230.2 V 0.0 A 0.00 kW | L2 230.8 V 0.0 A 0.00 kW | L3 230.8 V 0.0 A 0.00 kW"}
13:37:30 I y_notifications.cpp:168 Status change of text:200: {"value":"L1 230.1 V 0.0 A 0.00 kW | L2 230.9 V 0.0 A 0.00 kW | L3 231.1 V 0.0 A 0.00 kW"}
13:37:32 I shelly_script.cpp:204   script:1 5.9% CPU utilization
13:37:32 I y_notifications.cpp:168 Status change of text:200: {"value":"L1 229.6 V 0.0 A 0.00 kW | L2 230.0 V 0.0 A 0.00 kW | L3 230.8 V 0.0 A 0.00 kW"}
13:37:34 I y_notifications.cpp:168 Status change of text:200: {"value":"L1 230.2 V 0.0 A 0.00 kW | L2 230.9 V 0.0 A 0.00 kW | L3 231.3 V 0.0 A 0.00 kW"}
13:37:36 I y_notifications.cpp:168 Status change of text:200: {"value":"L1 229.9 V 0.0 A 0.00 kW | L2 230.4 V 0.0 A 0.00 kW | L3 230.9 V 0.0 A 0.00 kW"}
13:37:38 I y_notifications.cpp:168 Status change of text:200: {"value":"L1 229.6 V 0.0 A 0.00 kW | L2 230.7 V 0.0 A 0.00 kW | L3 230.8 V 0.0 A 0.00 kW"}
13:37:40 I y_notifications.cpp:168 Status change of text:200: {"value":"L1 230.0 V 0.0 A 0.00 kW | L2 230.2 V 0.0 A 0.00 kW | L3 231.0 V 0.0 A 0.00 kW"}
13:37:42 I shelly_script.cpp:204   script:1 5.9% CPU utilization
13:37:42 I y_notifications.cpp:168 Status change of text:200: {"value":"L1 230.1 V 0.0 A 0.00 kW | L2 230.5 V 0.0 A 0.00 kW | L3 231.2 V 0.0 A 0.00 kW"}
13:37:44 I y_notifications.cpp:168 Status change of text:200: {"value":"L1 229.9 V 0.0 A 0.00 kW | L2 230.9 V 0.0 A 0.00 kW | L3 231.2 V 0.0 A 0.00 kW"}
13:37:46 I y_notifications.cpp:168 Status change of text:200: {"value":"L1 229.9 V 0.0 A 0.00 kW | L2 230.1 V 0.0 A 0.00 kW | L3 231.3 V 0.0 A 0.00 kW"}
13:37:48 I y_notifications.cpp:168 Status change of text:200: {"value":"L1 230.3 V 0.0 A 0.00 kW | L2 230.3 V 0.0 A 0.00 kW | L3 230.6 V 0.0 A 0.00 kW"}
13:37:50 I y_notifications.cpp:168 Status change of text:200: {"value":"L1 229.5 V 0.0 A 0.00 kW | L2 230.1 V 0.0 A 0.00 kW | L3 230.8 V 0.0 A 0.00 kW"}
13:37:52 I shelly_script.cpp:204   script:1 5.9% CPU utilization
13:37:52 I y_notifications.cpp:168 Status change of text:200: {"value":"L1 230.2 V 0.0 A 0.00 kW | L2 230.6 V 0.0 A 0.00 kW | L3 230.5 V 0.0 A 0.00 kW"}
13:37:54 I y_notifications.cpp:168 Status change of text:200: {"value":"L1 229.5 V 0.0 A 0.00 kW | L2 230.0 V 0.0 A 0.00 kW | L3 230.7 V 0.0 A 0.00 kW"}
13:37:56 I y_notifications.cpp:168 Status change of text:200: {"value":"L1 230.3 V 0.0 A 0.00 kW | L2 230.4 V 0.0 A 0.00 kW | L3 230.9 V 0.0 A 0.00 kW"}
13:37:58 I y_notifications.cpp:168 Status change of text:200: {"value":"L1 229.8 V 0.0 A 0.00 kW | L2 230.1 V 0.0 A 0.00 kW | L3 230.9 V 0.0 A 0.00 kW"}
13:38:00 I y_notifications.cpp:168 Status change of text:200: {"value":"L1 229.9 V 0.0 A 0.00 kW | L2 230.4 V 0.0 A 0.00 kW | L3 231.3 V 0.0 A 0.00 kW"}
13:38:02 I y_notifications.cpp:168 Status change of text:200: {"value":"L1 230.1 V 0.0 A 0.00 kW | L2 230.4 V 0.0 A 0.00 kW | L3 231.3 V 0.0 A 0.00 kW"}
13:38:04 I shelly_script.cpp:204   script:1 5.9% CPU utilization
13:38:04 I y_notifications.cpp:168 Status change of text:200: {"value":"L1 230.1 V 0.0 A 0.00 kW | L2 230.1 V 0.0 A 0.00 kW | L3 230.9 V 0.0 A 0.00 kW"}
13:38:06 I y_notifications.cpp:168 Status change of text:200: {"value":"L1 230.3 V 0.0 A 0.00 kW | L2 230.7 V 0.0 A 0.00 kW | L3 230.6 V 0.0 A 0.00 kW"}
13:38:08 I y_notifications.cpp:168 Status change of text:200: {"value":"L1 229.7 V 0.0 A 0.00 kW | L2 230.8 V 0.0 A 0.00 kW | L3 230.5 V 0.0 A 0.00 kW"}
13:38:10 I y_notifications.cpp:168 Status change of text:200: {"value":"L1 229.9 V 0.0 A 0.00 kW | L2 230.4 V 0.0 A 0.00 kW | L3 231.0 V 0.0 A 0.00 kW"}
13:38:12 I y_notifications.cpp:168 Status change of text:200: {"value":"L1 230.4 V 0.0 A 0.00 kW | L2 230.9 V 0.0 A 0.00 kW | L3 230.6 V 0.0 A 0.00 kW"}
13:38:14 I shelly_script.cpp:204   script:1 5.9% CPU utilization
13:38:14 I y_notifications.cpp:168 Status change of text:200: {"value":"L1 229.9 V 0.0 A 0.00 kW | L2 230.3 V 0.0 A 0.00 kW | L3 231.4 V 0.0 A 0.00 kW"}
13:38:16 I y_notifications.cpp:168 Status change of text:200: {"value":"L1 229.8 V 0.0 A 0.00 kW | L2 230.1 V 0.0 A 0.00 kW | L3 231.3 V 0.0 A 0.00 kW"}
13:38:18 I y_notifications.cpp:168 Status change of text:200: {"value":"L1 229.8 V 0.0 A 0.00 kW | L2 230.9 V 0.0 A 0.00 kW | L3 231.0 V 0.0 A 0.00 kW"}
13:38:20 I y_notifications.cpp:168 Status change of text:200: {"value":"L1 229.7 V 0.0 A 0.00 kW | L2 230.7 V 0.0 A 0.00 kW | L3 231.1 V 0.0 A 0.00 kW"}
13:38:22 I y_notifications.cpp:168 Status change of text:200: {"value":"L1 229.5 V 0.0 A 0.00 kW | L2 230.2 V 0.0 A 0.00 kW | L3 230.8 V 0.0 A 0.00 kW"}
13:38:24 I y_notifications.cpp:168 Status change of text:200: {"value":"L1 229.8 V 0.0 A 0.00 kW | L2 230.6 V 0.0 A 0.00 kW | L3 231.3 V 0.0 A 0.00 kW"}
13:38:26 I shelly_script.cpp:204   script:1 5.9% CPU utilization
13:38:26 I y_notifications.cpp:168 Status change of text:200: {"value":"L1 230.3 V 0.0 A 0.00 kW | L2 230.2 V 0.0 A 0.00 kW | L3 231.1 V 0.0 A 0.00 kW"}
13:38:28 I y_notifications.cpp:168 Status change of text:200: {"value":"L1 230.2 V 0.0 A 0.00 kW | L2 230.6 V 0.0 A 0.00 kW | L3 231.1 V 0.0 A 0.00 kW"}
13:38:30 I y_notifications.cpp:168 Status change of text:200: {"value":"L1 229.5 V 0.0 A 0.00 kW | L2 230.4 V 0.0 A 0.00 kW | L3 231.2 V 0.0 A 0.00 kW"}
13:38:32 I y_notifications.cpp:168 Status change of text:200: {"value":"L1 229.6 V 0.0 A 0.00 kW | L2 230.4 V 0.0 A 0.00 kW | L3 230.9 V 0.0 A 0.00 kW"}
13:38:34 I y_notifications.cpp:168 Status change of text:200: {"value":"L1 229.9 V 0.0 A 0.00 kW | L2 230.8 V 0.0 A 0.00 kW | L3 231.4 V 0.0 A 0.00 kW"}
13:38:36 I shelly_script.cpp:204   script:1 5.9% CPU utilization
13:38:36 I y_notifications.cpp:168 Status change of text:200: {"value":"L1 229.9 V 0.0 A 0.00 kW | L2 230.4 V 0.0 A 0.00 kW | L3 231.3 V 0.0 A 0.00 kW"}
13:38:38 I y_notifications.cpp:168 Status change of text:200: {"value":"L1 229.7 V 0.0 A 0.00 kW | L2 230.4 V 0.0 A 0.00 kW | L3 231.1 V 0.0 A 0.00 kW"}
13:38:40 I y_notifications.cpp:168 Status change of text:200: {"value":"L1 230.4 V 0.0 A 0.00 kW | L2 230.1 V 0.0 A 0.00 kW | L3 230.6 V 0.0 A 0.00 kW"}
13:38:42 I y_notifications.cpp:168 Status change of text:200: {"value":"L1 229.9 V 0.0 A 0.00 kW | L2 230.9 V 0.0 A 0.00 kW | L3 231.3 V 0.0 A 0.00 kW"}
13:38:44 I y_notifications.cpp:168 Status change of text:200: {"value":"L1 229.9 V 0.0 A 0.00 kW | L2 230.9 V 0.0 A 0.00 kW | L3 231.2 V 0.0 A 0.00 kW"}
13:38:46 I y_notifications.cpp:168 Status change of text:200: {"value":"L1 230.0 V 0.0 A 0.00 kW | L2 230.8 V 0.0 A 0.00 kW | L3 231.4 V 0.0 A 0.00 kW"}
13:38:48 I shelly_script.cpp:204   script:1 5.9% CPU utilization
13:38:48 I y_notifications.cpp:168 Status change of text:200: {"value":"L1 230.4 V 0.0 A 0.00 kW | L2 230.6 V 0.0 A 0.00 kW | L3 231.2 V 0.0 A 0.00 kW"}
13:38:50 I y_notifications.cpp:168 Status change of text:200: {"value":"L1 229.8 V 0.0 A 0.00 kW | L2 230.6 V 0.0 A 0.00 kW | L3 230.9 V 0.0 A 0.00 kW"}
13:38:52 I y_notifications.cpp:168 Status change of text:200: {"value":"L1 229.9 V 0.0 A 0.00 kW | L2 230.0 V 0.0 A 0.00 kW | L3 231.2 V 0.0 A 0.00 kW"}
13:38:54 I y_notifications.cpp:168 Status change of text:200: {"value":"L1 229.9 V 0.0 A 0.00 kW | L2 230.9 V 0.0 A 0.00 kW | L3 230.7 V 0.0 A 0.00 kW"}
13:38:56 I y_notifications.cpp:168 Status change of text:200: {"value":"L1 230.3 V 0.0 A 0.00 kW | L2 230.0 V 0.0 A 0.00 kW | L3 230.9 V 0.0 A 0.00 kW"}
13:38:58 I shelly_script.cpp:204   script:1 5.9% CPU utilization
13:38:58 I y_notifications.cpp:168 Status change of text:200: {"value":"L1 230.4 V 0.0 A 0.00 kW | L2 230.1 V 0.0 A 0.00 kW | L3 231.2 V 0.0 A 0.00 kW"}
13:39:00 I y_notifications.cpp:168 Status change of text:200: {"value":"L1 230.4 V 0.0 A 0.00 kW | L2 230.4 V 0.0 A 0.00 kW | L3 231.2 V 0.0 A 0.00 kW"}
13:39:02 I y_notifications.cpp:168 Status change of text:200: {"value":"L1 229.9 V 0.0 A 0.00 kW | L2 230.9 V 0.0 A 0.00 kW | L3 230.9 V 0.0 A 0.00 kW"}
13:39:04 I y_notifications.cpp:168 Status change of text:200: {"value":"L1 230.2 V 0.0 A 0.00 kW | L2 230.1 V 0.0 A 0.00 kW | L3 231.1 V 0.0 A 0.00 kW"}
13:39:06 I y_notifications.cpp:168 Status change of text:200: {"value":"L1 230.5 V 0.0 A 0.00 kW | L2 230.4 V 0.0 A 0.00 kW | L3 231.0 V 0.0 A 0.00 kW"}
13:39:08 I shelly_script.cpp:204   script:1 5.9% CPU utilization
13:39:08 I y_notifications.cpp:168 Status change of text:200: {"value":"L1 230.3 V 0.0 A 0.00 kW | L2 230.4 V 0.0 A 0.00 kW | L3 231.4 V 0.0 A 0.00 kW"}
13:39:10 I y_notifications.cpp:168 Status change of text:200: {"value":"L1 230.5 V 0.0 A 0.00 kW | L2 230.8 V 0.0 A 0.00 kW | L3 231.4 V 0.0 A 0.00 kW"}
13:39:12 I y_notifications.cpp:168 Status change of text:200: {"value":"L1 230.3 V 0.0 A 0.00 kW | L2 230.4 V 0.0 A 0.00 kW | L3 230.5 V 0.0 A 0.00 kW"}
13:39:14 I y_notifications.cpp:168 Status change of text:200: {"value":"L1 230.2 V 0.0 A 0.00 kW | L2 230.8 V 0.0 A 0.00 kW | L3 230.6 V 0.0 A 0.00 kW"}
13:39:16 I y_notifications.cpp:168 Status change of text:200: {"value":"L1 230.5 V 0.0 A 0.00 kW | L2 230.2 V 0.0 A 0.00 kW | L3 231.3 V 0.0 A 0.00 kW"}
13:39:18 I y_notifications.cpp:168 Status change of text:200: {"value":"L1 229.9 V 0.0 A 0.00 kW | L2 230.4 V 0.0 A 0.00 kW | L3 231.5 V 0.0 A 0.00 kW"}
13:39:20 I shelly_script.cpp:204   script:1 5.9% CPU utilization
13:39:20 I y_notifications.cpp:168 Status change of text:200: {"value":"L1 229.5 V 0.0 A 0.00 kW | L2 230.8 V 0.0 A 0.00 kW | L3 231.0 V 0.0 A 0.00 kW"}
13:39:22 I y_notifications.cpp:168 Status change of text:200: {"value":"L1 230.3 V 0.0 A 0.00 kW | L2 230.3 V 0.0 A 0.00 kW | L3 230.8 V 0.0 A 0.00 kW"}
13:39:24 I y_notifications.cpp:168 Status change of text:200: {"value":"L1 229.7 V 0.0 A 0.00 kW | L2 230.9 V 0.0 A 0.00 kW | L3 231.2 V 0.0 A 0.00 kW"}
13:39:26 I y_notifications.cpp:168 Status change of text:200: {"value":"L1 230.3 V 0.0 A 0.00 kW | L2 230.6 V 0.0 A 0.00 kW | L3 231.3 V 0.0 A 0.00 kW"}
13:39:28 I y_notifications.cpp:168 Status change of text:200: {"value":"L1 230.1 V 0.0 A 0.00 kW | L2 230.6 V 0.0 A 0.00 kW | L3 231.2 V 0.0 A 0.00 kW"}
13:39:30 I y_notifications.cpp:168 Status change of text:200: {"value":"L1 230.3 V 0.0 A 0.00 kW | L2 230.2 V 0.0 A 0.00 kW | L3 231.1 V 0.0 A 0.00 kW"}
13:39:32 I shelly_script.cpp:204   script:1 5.9% CPU utilization
13:39:32 I y_notifications.cpp:168 Status change of text:200: {"value":"L1 230.3 V 0.0 A 0.00 kW | L2 230.9 V 0.0 A 0.00 kW | L3 231.2 V 0.0 A 0.00 kW"}
13:39:34 I y_notifications.cpp:168 Status change of text:200: {"value":"L1 230.4 V 0.0 A 0.00 kW | L2 230.4 V 0.0 A 0.00 kW | L3 231.3 V 0.0 A 0.00 kW"}
13:39:36 I y_notifications.cpp:168 Status change of text:200: {"value":"L1 230.1 V 0.0 A 0.00 kW | L2 230.1 V 0.0 A 0.00 kW | L3 230.8 V 0.0 A 0.00 kW"}
13:39:38 I y_notifications.cpp:168 Status change of text:200: {"value":"L1 229.9 V 0.0 A 0.00 kW | L2 230.2 V 0.0 A 0.00 kW | L3 231.5 V 0.0 A 0.00 kW"}
13:39:40 I y_notifications.cpp:168 Status change of text:200: {"value":"L1 230.1 V 0.0 A 0.00 kW | L2 230.6 V 0.0 A 0.00 kW | L3 230.8 V 0.0 A 0.00 kW"}
13:39:42 I shelly_script.cpp:204   script:1 5.9% CPU utilization
13:39:42 I y_notifications.cpp:168 Status change of text:200: {"value":"L1 229.7 V 0.0 A 0.00 kW | L2 230.7 V 0.0 A 0.00 kW | L3 231.2 V 0.0 A 0.00 kW"}
13:39:44 I y_notifications.cpp:168 Status change of text:200: {"value":"L1 229.8 V 0.0 A 0.00 kW | L2 230.8 V 0.0 A 0.00 kW | L3 231.0 V 0.0 A 0.00 kW"}
13:39:46 I y_notifications.cpp:168 Status change of text:200: {"value":"L1 229.7 V 0.0 A 0.00 kW | L2 230.3 V 0.0 A 0.00 kW | L3 230.6 V 0.0 A 0.00 kW"}
13:39:48 I y_notifications.cpp:168 Status change of text:200: {"value":"L1 230.4 V 0.0 A 0.00 kW | L2 230.0 V 0.0 A 0.00 kW | L3 230.7 V 0.0 A 0.00 kW"}
13:39:50 I y_notifications.cpp:168 Status change of text:200: {"value":"L1 230.3 V 0.0 A 0.00 kW | L2 230.2 V 0.0 A 0.00 kW | L3 230.9 V 0.0 A 0.00 kW"}
13:39:52 I y_notifications.cpp:168 Status change of text:200: {"value":"L1 229.7 V 0.0 A 0.00 kW | L2 230.5 V 0.0 A 0.00 kW | L3 230.8 V 0.0 A 0.00 kW"}
13:39:54 I shelly_script.cpp:204   script:1 5.8% CPU utilization
13:39:54 I y_notifications.cpp:168 Status change of text:200: {"value":"L1 229.8 V 0.0 A 0.00 kW | L2 230.5 V 0.0 A 0.00 kW | L3 230.7 V 0.0 A 0.00 kW"}
13:39:56 I y_notifications.cpp:168 Status change of text:200: {"value":"L1 229.8 V 0.0 A 0.00 kW | L2 230.6 V 0.0 A 0.00 kW | L3 230.9 V 0.0 A 0.00 kW"}
13:39:58 I y_notifications.cpp:168 Status change of text:200: {"value":"L1 230.3 V 0.0 A 0.00 kW | L2 230.8 V 0.0 A 0.00 kW | L3 230.6 V 0.0 A 0.00 kW"}
13:40:00 I y_notifications.cpp:168 Status change of text:200: {"value":"L1 230.4 V 0.0 A 0.00 kW | L2 230.4 V 0.0 A 0.00 kW | L3 230.7 V 0.0 A 0.00 kW"}
13:40:02 I y_notifications.cpp:168 Status change of text:200: {"value":"L1 229.8 V 0.0 A 0.00 kW | L2 230.2 V 0.0 A 0.00 kW | L3 231.2 V 0.0 A 0.00 kW"}
13:40:04 I y_notifications.cpp:168 Status change of text:200: {"value":"L1 229.6 V 0.0 A 0.00 kW | L2 230.7 V 0.0 A 0.00 kW | L3 230.8 V 0.0 A 0.00 kW"}
13:40:06 I shelly_script.cpp:204   script:1 5.9% CPU utilization
13:40:06 I y_notifications.cpp:168 Status change of text:200: {"value":"L1 230.3 V 0.0 A 0.00 kW | L2 230.9 V 0.0 A 0.00 kW | L3 230.7 V 0.0 A 0.00 kW"}
13:40:08 I y_notifications.cpp:168 Status change of text:200: {"value":"L1 230.2 V 0.0 A 0.00 kW | L2 230.9 V 0.0 A 0.00 kW | L3 230.9 V 0.0 A 0.00 kW"}
13:40:10 I y_notifications.cpp:168 Status change of text:200: {"value":"L1 229.7 V 0.0 A 0.00 kW | L2 230.9 V 0.0 A 0.00 kW | L3 231.3 V 0.0 A 0.00 kW"}
13:40:12 I y_notifications.cpp:168 Status change of text:200: {"value":"L1 229.8 V 0.0 A 0.00 kW | L2 230.3 V 0.0 A 0.00 kW | L3 231.3 V 0.0 A 0.00 kW"}
13:40:14 I y_notifications.cpp:168 Status change of text:200: {"value":"L1 230.4 V 0.0 A 0.00 kW | L2 230.4 V 0.0 A 0.00 kW | L3 231.2 V 0.0 A 0.00 kW"}
13:40:16 I shelly_script.cpp:204   script:1 5.9% CPU utilization
13:40:16 I y_notifications.cpp:168 Status change of text:200: {"value":"L1 229.7 V 0.0 A 0.00 kW | L2 230.3 V 0.0 A 0.00 kW | L3 230.7 V 0.0 A 0.00 kW"}
13:40:18 I y_notifications.cpp:168 Status change of text:200: {"value":"L1 230.1 V 0.0 A 0.00 kW | L2 230.6 V 0.0 A 0.00 kW | L3 231.1 V 0.0 A 0.00 kW"}
13:40:20 I y_notifications.cpp:168 Status change of text:200: {"value":"L1 229.5 V 0.0 A 0.00 kW | L2 230.4 V 0.0 A 0.00 kW | L3 231.2 V 0.0 A 0.00 kW"}
13:40:22 I y_notifications.cpp:168 Status change of text:200: {"value":"L1 230.3 V 0.0 A 0.00 kW | L2 230.2 V 0.0 A 0.00 kW | L3 230.7 V 0.0 A 0.00 kW"}
13:40:24 I y_notifications.cpp:168 Status change of text:200: {"value":"L1 230.3 V 0.0 A 0.00 kW | L2 230.8 V 0.0 A 0.00 kW | L3 230.9 V 0.0 A 0.00 kW"}
13:40:26 I y_notifications.cpp:168 Status change of text:200: {"value":"L1 229.8 V 0.0 A 0.00 kW | L2 230.8 V 0.0 A 0.00 kW | L3 231.0 V 0.0 A 0.00 kW"}
13:40:28 I shelly_script.cpp:204   script:1 5.9% CPU utilization
13:40:28 I y_notifications.cpp:168 Status change of text:200: {"value":"L1 229.8 V 0.0 A 0.00 kW | L2 230.9 V 0.0 A 0.00 kW | L3 231.3 V 0.0 A 0.00 kW"}
13:40:30 I y_notifications.cpp:168 Status change of text:200: {"value":"L1 230.3 V 0.0 A 0.00 kW | L2 230.5 V 0.0 A 0.00 kW | L3 230.9 V 0.0 A 0.00 kW"}
13:40:32 I y_notifications.cpp:168 Status change of text:200: {"value":"L1 229.9 V 0.0 A 0.00 kW | L2 230.5 V 0.0 A 0.00 kW | L3 230.9 V 0.0 A 0.00 kW"}
13:40:34 I y_notifications.cpp:168 Status change of text:200: {"value":"L1 229.8 V 0.0 A 0.00 kW | L2 230.8 V 0.0 A 0.00 kW | L3 230.7 V 0.0 A 0.00 kW"}
13:40:36 I y_notifications.cpp:168 Status change of text:200: {"value":"L1 230.1 V 0.0 A 0.00 kW | L2 230.2 V 0.0 A 0.00 kW | L3 230.9 V 0.0 A 0.00 kW"}
13:40:38 I y_notifications.cpp:168 Status change of text:200: {"value":"L1 229.8 V 0.0 A 0.00 kW | L2 230.8 V 0.0 A 0.00 kW | L3 230.7 V 0.0 A 0.00 kW"}
13:40:40 I shelly_script.cpp:204   script:1 5.9% CPU utilization
13:40:40 I y_notifications.cpp:168 Status change of text:200: {"value":"L1 230.2 V 0.0 A 0.00 kW | L2 230.6 V 0.0 A 0.00 kW | L3 231.4 V 0.0 A 0.00 kW"}
13:40:42 I y_notifications.cpp:168 Status change of text:200: {"value":"L1 229.6 V 0.0 A 0.00 kW | L2 230.9 V 0.0 A 0.00 kW | L3 231.2 V 0.0 A 0.00 kW"}
13:40:44 I y_notifications.cpp:168 Status change of text:200: {"value":"L1 229.8 V 0.0 A 0.00 kW | L2 230.2 V 0.0 A 0.00 kW | L3 231.1 V 0.0 A 0.00 kW"}
13:40:46 I y_notifications.cpp:168 Status change of text:200: {"value":"L1 229.8 V 0.0 A 0.00 kW | L2 230.6 V 0.0 A 0.00 kW | L3 230.6 V 0.0 A 0.00 kW"}
13:40:48 I y_notifications.cpp:168 Status change of text:200: {"value":"L1 229.6 V 0.0 A 0.00 kW | L2 230.1 V 0.0 A 0.00 kW | L3 230.7 V 0.0 A 0.00 kW"}
13:40:50 I y_notifications.cpp:168 Status change of text:200: {"value":"L1 229.8 V 0.0 A 0.00 kW | L2 230.5 V 0.0 A 0.00 kW | L3 231.2 V 0.0 A 0.00 kW"}
13:40:52 I shelly_script.cpp:204   script:1 5.9% CPU utilization
13:40:52 I y_notifications.cpp:168 Status change of text:200: {"value":"L1 229.6 V 0.0 A 0.00 kW | L2 230.5 V 0.0 A 0.00 kW | L3 230.9 V 0.0 A 0.00 kW"}
13:40:54 I y_notifications.cpp:168 Status change of text:200: {"value":"L1 229.5 V 0.0 A 0.00 kW | L2 230.3 V 0.0 A 0.00 kW | L3 231.3 V 0.0 A 0.00 kW"}
13:40:56 I y_notifications.cpp:168 Status change of text:200: {"value":"L1 230.4 V 0.0 A 0.00 kW | L2 230.1 V 0.0 A 0.00 kW | L3 230.6 V 0.0 A 0.00 kW"}
13:40:58 I y_notifications.cpp:168 Status change of text:200: {"value":"L1 229.7 V 0.0 A 0.00 kW | L2 230.0 V 0.0 A 0.00 kW | L3 230.9 V 0.0 A 0.00 kW"}
13:41:00 I y_notifications.cpp:168 Status change of text:200: {"value":"L1 230.5 V 0.0 A 0.00 kW | L2 230.0 V 0.0 A 0.00 kW | L3 231.3 V 0.0 A 0.00 kW"}
13:41:02 I shelly_script.cpp:204   script:1 5.9% CPU utilization
13:41:02 I y_notifications.cpp:168 Status change of text:200: {"value":"L1 229.7 V 0.0 A 0.00 kW | L2 230.4 V 0.0 A 0.00 kW | L3 231.2 V 0.0 A 0.00 kW"}
13:41:04 I y_notifications.cpp:168 Status change of text:200: {"value":"L1 229.7 V 0.0 A 0.00 kW | L2 230.4 V 0.0 A 0.00 kW | L3 230.8 V 0.0 A 0.00 kW"}
13:41:06 I y_notifications.cpp:168 Status change of text:200: {"value":"L1 229.8 V 0.0 A 0.00 kW | L2 230.6 V 0.0 A 0.00 kW | L3 230.9 V 0.0 A 0.00 kW"}
13:41:08 I y_notifications.cpp:168 Status change of text:200: {"value":"L1 230.3 V 0.0 A 0.00 kW | L2 230.9 V 0.0 A 0.00 kW | L3 230.9 V 0.0 A 0.00 kW"}
13:41:10 I y_notifications.cpp:168 Status change of text:200: {"value":"L1 230.4 V 0.0 A 0.00 kW | L2 230.9 V 0.0 A 0.00 kW | L3 231.3 V 0.0 A 0.00 kW"}
13:41:12 I y_notifications.cpp:168 Status change of text:200: {"value":"L1 229.7 V 0.0 A 0.00 kW | L2 230.8 V 0.0 A 0.00 kW | L3 230.9 V 0.0 A 0.00 kW"}
13:41:14 I shelly_script.cpp:204   script:1 5.9% CPU utilization
13:41:14 I y_notifications.cpp:168 Status change of text:200: {"value":"L1 229.7 V 0.0 A 0.00 kW | L2 230.7 V 0.0 A 0.00 kW | L3 231.3 V 0.0 A 0.00 kW"}
13:41:16 I y_notifications.cpp:168 Status change of text:200: {"value":"L1 229.8 V 0.0 A 0.00 kW | L2 230.4 V 0.0 A 0.00 kW | L3 230.7 V 0.0 A 0.00 kW"}
13:41:20 I y_notifications.cpp:168 Status change of text:200: {"value":"L1 230.2 V 0.0 A 0.00 kW | L2 230.4 V 0.0 A 0.00 kW | L3 231.3 V 0.0 A 0.00 kW"}
13:41:22 I y_notifications.cpp:168 Status change of text:200: {"value":"L1 230.0 V 0.0 A 0.00 kW | L2 230.1 V 0.0 A 0.00 kW | L3 230.7 V 0.0 A 0.00 kW"}
13:41:24 I y_notifications.cpp:168 Status change of text:200: {"value":"L1 229.9 V 0.0 A 0.00 kW | L2 230.3 V 0.0 A 0.00 kW | L3 231.5 V 0.0 A 0.00 kW"}
13:41:26 I shelly_script.cpp:204   script:1 5.9% CPU utilization
13:41:26 I y_notifications.cpp:168 Status change of text:200: {"value":"L1 230.5 V 0.0 A 0.00 kW | L2 230.8 V 0.0 A 0.00 kW | L3 230.7 V 0.0 A 0.00 kW"}
13:41:28 I y_notifications.cpp:168 Status change of text:200: {"value":"L1 230.2 V 0.0 A 0.00 kW | L2 230.1 V 0.0 A 0.00 kW | L3 230.9 V 0.0 A 0.00 kW"}
13:41:30 I y_notifications.cpp:168 Status change of text:200: {"value":"L1 230.2 V 0.0 A 0.00 kW | L2 230.3 V 0.0 A 0.00 kW | L3 230.7 V 0.0 A 0.00 kW"}
13:41:32 I y_notifications.cpp:168 Status change of text:200: {"value":"L1 230.4 V 0.0 A 0.00 kW | L2 230.7 V 0.0 A 0.00 kW | L3 230.7 V 0.0 A 0.00 kW"}
13:41:34 I y_notifications.cpp:168 Status change of text:200: {"value":"L1 230.4 V 0.0 A 0.00 kW | L2 230.7 V 0.0 A 0.00 kW | L3 230.8 V 0.0 A 0.00 kW"}
13:41:36 I shelly_script.cpp:204   script:1 5.9% CPU utilization
13:41:36 I y_notifications.cpp:168 Status change of text:200: {"value":"L1 229.9 V 0.0 A 0.00 kW | L2 230.5 V 0.0 A 0.00 kW | L3 231.3 V 0.0 A 0.00 kW"}
13:41:38 I y_notifications.cpp:168 Status change of text:200: {"value":"L1 229.8 V 0.0 A 0.00 kW | L2 230.2 V 0.0 A 0.00 kW | L3 230.9 V 0.0 A 0.00 kW"}
13:41:40 I y_notifications.cpp:168 Status change of text:200: {"value":"L1 229.9 V 0.0 A 0.00 kW | L2 230.0 V 0.0 A 0.00 kW | L3 231.1 V 0.0 A 0.00 kW"}
13:41:42 I y_notifications.cpp:168 Status change of text:200: {"value":"L1 230.0 V 0.0 A 0.00 kW | L2 230.8 V 0.0 A 0.00 kW | L3 230.9 V 0.0 A 0.00 kW"}
13:41:44 I y_notifications.cpp:168 Status change of text:200: {"value":"L1 230.5 V 0.0 A 0.00 kW | L2 230.5 V 0.0 A 0.00 kW | L3 230.7 V 0.0 A 0.00 kW"}
13:41:46 I y_notifications.cpp:168 Status change of text:200: {"value":"L1 229.7 V 0.0 A 0.00 kW | L2 230.7 V 0.0 A 0.00 kW | L3 230.8 V 0.0 A 0.00 kW"}
13:41:48 I shelly_script.cpp:204   script:1 5.8% CPU utilization
13:41:48 I y_notifications.cpp:168 Status change of text:200: {"value":"L1 229.5 V 0.0 A 0.00 kW | L2 230.9 V 0.0 A 0.00 kW | L3 231.3 V 0.0 A 0.00 kW"}
13:41:50 I y_notifications.cpp:168 Status change of text:200: {"value":"L1 230.1 V 0.0 A 0.00 kW | L2 230.7 V 0.0 A 0.00 kW | L3 230.8 V 0.0 A 0.00 kW"}
13:41:52 I y_notifications.cpp:168 Status change of text:200: {"value":"L1 229.5 V 0.0 A 0.00 kW | L2 230.7 V 0.0 A 0.00 kW | L3 231.1 V 0.0 A 0.00 kW"}
13:41:54 I y_notifications.cpp:168 Status change of text:200: {"value":"L1 229.5 V 0.0 A 0.00 kW | L2 230.7 V 0.0 A 0.00 kW | L3 230.8 V 0.0 A 0.00 kW"}
13:41:56 I y_notifications.cpp:168 Status change of text:200: {"value":"L1 230.3 V 0.0 A 0.00 kW | L2 230.2 V 0.0 A 0.00 kW | L3 230.8 V 0.0 A 0.00 kW"}
13:41:58 I y_notifications.cpp:168 Status change of text:200: {"value":"L1 230.3 V 0.0 A 0.00 kW | L2 230.1 V 0.0 A 0.00 kW | L3 230.9 V 0.0 A 0.00 kW"}
13:42:00 I shelly_script.cpp:204   script:1 5.9% CPU utilization
13:42:00 I y_notifications.cpp:168 Status change of text:200: {"value":"L1 229.9 V 0.0 A 0.00 kW | L2 230.6 V 0.0 A 0.00 kW | L3 230.8 V 0.0 A 0.00 kW"}
13:42:02 I y_notifications.cpp:168 Status change of text:200: {"value":"L1 229.8 V 0.0 A 0.00 kW | L2 230.9 V 0.0 A 0.00 kW | L3 231.1 V 0.0 A 0.00 kW"}
13:42:04 I y_notifications.cpp:168 Status change of text:200: {"value":"L1 230.2 V 0.0 A 0.00 kW | L2 230.2 V 0.0 A 0.00 kW | L3 230.8 V 0.0 A 0.00 kW"}
13:42:06 I y_notifications.cpp:168 Status change of text:200: {"value":"L1 229.5 V 0.0 A 0.00 kW | L2 230.9 V 0.0 A 0.00 kW | L3 231.0 V 0.0 A 0.00 kW"}
13:42:08 I y_notifications.cpp:168 Status change of text:200: {"value":"L1 229.9 V 0.0 A 0.00 kW | L2 230.0 V 0.0 A 0.00 kW | L3 231.4 V 0.0 A 0.00 kW"}
13:42:10 I shelly_script.cpp:204   script:1 5.9% CPU utilization
13:42:10 I y_notifications.cpp:168 Status change of text:200: {"value":"L1 229.7 V 0.0 A 0.00 kW | L2 230.9 V 0.0 A 0.00 kW | L3 230.9 V 0.0 A 0.00 kW"}
13:42:12 I y_notifications.cpp:168 Status change of text:200: {"value":"L1 230.5 V 0.0 A 0.00 kW | L2 230.5 V 0.0 A 0.00 kW | L3 230.7 V 0.0 A 0.00 kW"}
13:42:14 I y_notifications.cpp:168 Status change of text:200: {"value":"L1 229.6 V 0.0 A 0.00 kW | L2 230.9 V 0.0 A 0.00 kW | L3 231.3 V 0.0 A 0.00 kW"}
13:42:16 I y_notifications.cpp:168 Status change of text:200: {"value":"L1 230.5 V 0.0 A 0.00 kW | L2 230.2 V 0.0 A 0.00 kW | L3 230.6 V 0.0 A 0.00 kW"}
13:42:18 I y_notifications.cpp:168 Status change of text:200: {"value":"L1 229.6 V 0.0 A 0.00 kW | L2 230.8 V 0.0 A 0.00 kW | L3 230.8 V 0.0 A 0.00 kW"}
13:42:20 I shelly_script.cpp:204   script:1 5.9% CPU utilization
13:42:20 I y_notifications.cpp:168 Status change of text:200: {"value":"L1 229.5 V 0.0 A 0.00 kW | L2 230.2 V 0.0 A 0.00 kW | L3 231.2 V 0.0 A 0.00 kW"}
13:42:22 I y_notifications.cpp:168 Status change of text:200: {"value":"L1 230.2 V 0.0 A 0.00 kW | L2 230.5 V 0.0 A 0.00 kW | L3 231.1 V 0.0 A 0.00 kW"}
13:42:24 I y_notifications.cpp:168 Status change of text:200: {"value":"L1 229.6 V 0.0 A 0.00 kW | L2 230.6 V 0.0 A 0.00 kW | L3 231.5 V 0.0 A 0.00 kW"}
13:42:26 I y_notifications.cpp:168 Status change of text:200: {"value":"L1 230.2 V 0.0 A 0.00 kW | L2 230.3 V 0.0 A 0.00 kW | L3 231.1 V 0.0 A 0.00 kW"}
13:42:28 I y_notifications.cpp:168 Status change of text:200: {"value":"L1 230.1 V 0.0 A 0.00 kW | L2 230.1 V 0.0 A 0.00 kW | L3 230.9 V 0.0 A 0.00 kW"}
13:42:30 I shelly_script.cpp:204   script:1 5.9% CPU utilization
13:42:30 I y_notifications.cpp:168 Status change of text:200: {"value":"L1 230.5 V 0.0 A 0.00 kW | L2 230.3 V 0.0 A 0.00 kW | L3 230.5 V 0.0 A 0.00 kW"}
13:42:32 I y_notifications.cpp:168 Status change of text:200: {"value":"L1 230.1 V 0.0 A 0.00 kW | L2 230.4 V 0.0 A 0.00 kW | L3 230.5 V 0.0 A 0.00 kW"}
13:42:34 I y_notifications.cpp:168 Status change of text:200: {"value":"L1 230.1 V 0.0 A 0.00 kW | L2 230.9 V 0.0 A 0.00 kW | L3 231.0 V 0.0 A 0.00 kW"}
13:42:36 I y_notifications.cpp:168 Status change of text:200: {"value":"L1 229.9 V 0.0 A 0.00 kW | L2 230.4 V 0.0 A 0.00 kW | L3 231.3 V 0.0 A 0.00 kW"}
13:42:38 I y_notifications.cpp:168 Status change of text:200: {"value":"L1 230.3 V 0.0 A 0.00 kW | L2 230.1 V 0.0 A 0.00 kW | L3 231.3 V 0.0 A 0.00 kW"}
13:42:40 I y_notifications.cpp:168 Status change of text:200: {"value":"L1 229.9 V 0.0 A 0.00 kW | L2 230.1 V 0.0 A 0.00 kW | L3 230.7 V 0.0 A 0.00 kW"}
13:42:42 I shelly_script.cpp:204   script:1 5.9% CPU utilization
13:42:42 I y_notifications.cpp:168 Status change of text:200: {"value":"L1 229.8 V 0.0 A 0.00 kW | L2 230.0 V 0.0 A 0.00 kW | L3 231.3 V 0.0 A 0.00 kW"}
13:42:44 I y_notifications.cpp:168 Status change of text:200: {"value":"L1 229.8 V 0.0 A 0.00 kW | L2 230.2 V 0.0 A 0.00 kW | L3 230.9 V 0.0 A 0.00 kW"}
13:42:46 I y_notifications.cpp:168 Status change of text:200: {"value":"L1 230.4 V 0.0 A 0.00 kW | L2 230.1 V 0.0 A 0.00 kW | L3 231.1 V 0.0 A 0.00 kW"}
13:42:48 I y_notifications.cpp:168 Status change of text:200: {"value":"L1 229.7 V 0.0 A 0.00 kW | L2 230.5 V 0.0 A 0.00 kW | L3 231.5 V 0.0 A 0.00 kW"}
13:42:50 I y_notifications.cpp:168 Status change of text:200: {"value":"L1 230.2 V 0.0 A 0.00 kW | L2 230.3 V 0.0 A 0.00 kW | L3 231.2 V 0.0 A 0.00 kW"}
13:42:52 I y_notifications.cpp:168 Status change of text:200: {"value":"L1 229.6 V 0.0 A 0.00 kW | L2 230.5 V 0.0 A 0.00 kW | L3 230.6 V 0.0 A 0.00 kW"}
13:42:54 I shelly_script.cpp:204   script:1 5.9% CPU utilization
13:42:54 I y_notifications.cpp:168 Status change of text:200: {"value":"L1 229.8 V 0.0 A 0.00 kW | L2 230.9 V 0.0 A 0.00 kW | L3 231.3 V 0.0 A 0.00 kW"}
13:42:56 I y_notifications.cpp:168 Status change of text:200: {"value":"L1 229.9 V 0.0 A 0.00 kW | L2 230.9 V 0.0 A 0.00 kW | L3 230.7 V 0.0 A 0.00 kW"}
13:42:58 I y_notifications.cpp:168 Status change of text:200: {"value":"L1 229.8 V 0.0 A 0.00 kW | L2 230.8 V 0.0 A 0.00 kW | L3 230.9 V 0.0 A 0.00 kW"}
13:43:00 I y_notifications.cpp:168 Status change of text:200: {"value":"L1 230.1 V 0.0 A 0.00 kW | L2 230.0 V 0.0 A 0.00 kW | L3 231.3 V 0.0 A 0.00 kW"}
13:43:02 I y_notifications.cpp:168 Status change of text:200: {"value":"L1 229.9 V 0.0 A 0.00 kW | L2 230.8 V 0.0 A 0.00 kW | L3 231.2 V 0.0 A 0.00 kW"}
13:43:04 I shelly_script.cpp:204   script:1 5.9% CPU utilization
13:43:04 I y_notifications.cpp:168 Status change of text:200: {"value":"L1 229.8 V 0.0 A 0.00 kW | L2 230.3 V 0.0 A 0.00 kW | L3 230.8 V 0.0 A 0.00 kW"}
13:43:06 I y_notifications.cpp:168 Status change of text:200: {"value":"L1 229.6 V 0.0 A 0.00 kW | L2 230.7 V 0.0 A 0.00 kW | L3 230.7 V 0.0 A 0.00 kW"}
13:43:08 I y_notifications.cpp:168 Status change of text:200: {"value":"L1 230.1 V 0.0 A 0.00 kW | L2 230.3 V 0.0 A 0.00 kW | L3 231.5 V 0.0 A 0.00 kW"}
13:43:10 I y_notifications.cpp:168 Status change of text:200: {"value":"L1 230.5 V 0.0 A 0.00 kW | L2 230.8 V 0.0 A 0.00 kW | L3 230.6 V 0.0 A 0.00 kW"}
13:43:12 I y_notifications.cpp:168 Status change of text:200: {"value":"L1 230.4 V 0.0 A 0.00 kW | L2 230.4 V 0.0 A 0.00 kW | L3 230.9 V 0.0 A 0.00 kW"}
13:43:14 I y_notifications.cpp:168 Status change of text:200: {"value":"L1 230.2 V 0.0 A 0.00 kW | L2 230.8 V 0.0 A 0.00 kW | L3 231.3 V 0.0 A 0.00 kW"}
13:43:16 I shelly_script.cpp:204   script:1 5.9% CPU utilization
13:43:16 I y_notifications.cpp:168 Status change of text:200: {"value":"L1 230.3 V 0.0 A 0.00 kW | L2 230.4 V 0.0 A 0.00 kW | L3 231.2 V 0.0 A 0.00 kW"}
13:43:18 I y_notifications.cpp:168 Status change of text:200: {"value":"L1 230.4 V 0.0 A 0.00 kW | L2 230.9 V 0.0 A 0.00 kW | L3 231.2 V 0.0 A 0.00 kW"}
13:43:20 I y_notifications.cpp:168 Status change of text:200: {"value":"L1 230.1 V 0.0 A 0.00 kW | L2 230.6 V 0.0 A 0.00 kW | L3 230.6 V 0.0 A 0.00 kW"}
13:43:22 I y_notifications.cpp:168 Status change of text:200: {"value":"L1 229.8 V 0.0 A 0.00 kW | L2 230.4 V 0.0 A 0.00 kW | L3 230.7 V 0.0 A 0.00 kW"}
13:43:24 I y_notifications.cpp:168 Status change of text:200: {"value":"L1 230.2 V 0.0 A 0.00 kW | L2 230.4 V 0.0 A 0.00 kW | L3 231.2 V 0.0 A 0.00 kW"}
13:43:26 I shelly_script.cpp:204   script:1 5.9% CPU utilization
13:43:26 I y_notifications.cpp:168 Status change of text:200: {"value":"L1 229.7 V 0.0 A 0.00 kW | L2 230.5 V 0.0 A 0.00 kW | L3 230.8 V 0.0 A 0.00 kW"}
13:43:28 I y_notifications.cpp:168 Status change of text:200: {"value":"L1 229.9 V 0.0 A 0.00 kW | L2 230.8 V 0.0 A 0.00 kW | L3 230.7 V 0.0 A 0.00 kW"}
13:43:30 I y_notifications.cpp:168 Status change of text:200: {"value":"L1 230.3 V 0.0 A 0.00 kW | L2 230.3 V 0.0 A 0.00 kW | L3 231.2 V 0.0 A 0.00 kW"}
13:43:32 I y_notifications.cpp:168 Status change of text:200: {"value":"L1 229.9 V 0.0 A 0.00 kW | L2 230.4 V 0.0 A 0.00 kW | L3 230.6 V 0.0 A 0.00 kW"}
13:43:34 I y_notifications.cpp:168 Status change of text:200: {"value":"L1 230.4 V 0.0 A 0.00 kW | L2 230.6 V 0.0 A 0.00 kW | L3 231.1 V 0.0 A 0.00 kW"}
13:43:36 I y_notifications.cpp:168 Status change of text:200: {"value":"L1 229.9 V 0.0 A 0.00 kW | L2 230.2 V 0.0 A 0.00 kW | L3 230.8 V 0.0 A 0.00 kW"}
13:43:38 I shelly_script.cpp:204   script:1 5.9% CPU utilization
13:43:38 I y_notifications.cpp:168 Status change of text:200: {"value":"L1 229.6 V 0.0 A 0.00 kW | L2 230.3 V 0.0 A 0.00 kW | L3 231.2 V 0.0 A 0.00 kW"}
13:43:40 I y_notifications.cpp:168 Status change of text:200: {"value":"L1 230.3 V 0.0 A 0.00 kW | L2 230.4 V 0.0 A 0.00 kW | L3 230.9 V 0.0 A 0.00 kW"}
13:43:42 I y_notifications.cpp:168 Status change of text:200: {"value":"L1 229.7 V 0.0 A 0.00 kW | L2 230.9 V 0.0 A 0.00 kW | L3 230.9 V 0.0 A 0.00 kW"}
13:43:44 I y_notifications.cpp:168 Status change of text:200: {"value":"L1 230.3 V 0.0 A 0.00 kW | L2 230.1 V 0.0 A 0.00 kW | L3 231.1 V 0.0 A 0.00 kW"}
13:43:46 I y_notifications.cpp:168 Status change of text:200: {"value":"L1 230.0 V 0.0 A 0.00 kW | L2 230.4 V 0.0 A 0.00 kW | L3 231.0 V 0.0 A 0.00 kW"}
13:43:48 I shelly_script.cpp:204   script:1 5.9% CPU utilization
13:43:48 I y_notifications.cpp:168 Status change of text:200: {"value":"L1 229.9 V 0.0 A 0.00 kW | L2 230.7 V 0.0 A 0.00 kW | L3 231.1 V 0.0 A 0.00 kW"}
13:43:50 I y_notifications.cpp:168 Status change of text:200: {"value":"L1 230.1 V 0.0 A 0.00 kW | L2 230.7 V 0.0 A 0.00 kW | L3 231.1 V 0.0 A 0.00 kW"}
13:43:52 I y_notifications.cpp:168 Status change of text:200: {"value":"L1 229.9 V 0.0 A 0.00 kW | L2 230.5 V 0.0 A 0.00 kW | L3 231.4 V 0.0 A 0.00 kW"}
13:43:54 I y_notifications.cpp:168 Status change of text:200: {"value":"L1 230.0 V 0.0 A 0.00 kW | L2 230.4 V 0.0 A 0.00 kW | L3 230.8 V 0.0 A 0.00 kW"}
13:43:56 I y_notifications.cpp:168 Status change of text:200: {"value":"L1 230.0 V 0.0 A 0.00 kW | L2 230.0 V 0.0 A 0.00 kW | L3 231.1 V 0.0 A 0.00 kW"}
13:43:58 I shelly_script.cpp:204   script:1 5.9% CPU utilization
13:43:58 I y_notifications.cpp:168 Status change of text:200: {"value":"L1 229.7 V 0.0 A 0.00 kW | L2 230.4 V 0.0 A 0.00 kW | L3 230.5 V 0.0 A 0.00 kW"}
13:44:00 I y_notifications.cpp:168 Status change of text:200: {"value":"L1 230.3 V 0.0 A 0.00 kW | L2 230.2 V 0.0 A 0.00 kW | L3 230.6 V 0.0 A 0.00 kW"}
13:44:02 I y_notifications.cpp:168 Status change of text:200: {"value":"L1 230.5 V 0.0 A 0.00 kW | L2 230.1 V 0.0 A 0.00 kW | L3 231.1 V 0.0 A 0.00 kW"}
13:44:04 I y_notifications.cpp:168 Status change of text:200: {"value":"L1 229.6 V 0.0 A 0.00 kW | L2 230.4 V 0.0 A 0.00 kW | L3 231.1 V 0.0 A 0.00 kW"}
13:44:06 I y_notifications.cpp:168 Status change of text:200: {"value":"L1 230.4 V 0.0 A 0.00 kW | L2 230.6 V 0.0 A 0.00 kW | L3 231.2 V 0.0 A 0.00 kW"}
13:44:08 I y_notifications.cpp:168 Status change of text:200: {"value":"L1 229.8 V 0.0 A 0.00 kW | L2 230.7 V 0.0 A 0.00 kW | L3 231.1 V 0.0 A 0.00 kW"}
13:44:10 I shelly_script.cpp:204   script:1 5.9% CPU utilization
13:44:10 I y_notifications.cpp:168 Status change of text:200: {"value":"L1 229.9 V 0.0 A 0.00 kW | L2 230.3 V 0.0 A 0.00 kW | L3 231.3 V 0.0 A 0.00 kW"}
13:44:12 I y_notifications.cpp:168 Status change of text:200: {"value":"L1 230.2 V 0.0 A 0.00 kW | L2 230.4 V 0.0 A 0.00 kW | L3 231.3 V 0.0 A 0.00 kW"}
13:44:14 I y_notifications.cpp:168 Status change of text:200: {"value":"L1 230.2 V 0.0 A 0.00 kW | L2 230.0 V 0.0 A 0.00 kW | L3 230.6 V 0.0 A 0.00 kW"}
13:44:16 I y_notifications.cpp:168 Status change of text:200: {"value":"L1 229.6 V 0.0 A 0.00 kW | L2 230.4 V 0.0 A 0.00 kW | L3 231.2 V 0.0 A 0.00 kW"}
13:44:18 I y_notifications.cpp:168 Status change of text:200: {"value":"L1 230.4 V 0.0 A 0.00 kW | L2 230.7 V 0.0 A 0.00 kW | L3 231.5 V 0.0 A 0.00 kW"}
13:44:20 I y_notifications.cpp:168 Status change of text:200: {"value":"L1 230.1 V 0.0 A 0.00 kW | L2 230.0 V 0.0 A 0.00 kW | L3 230.9 V 0.0 A 0.00 kW"}
13:44:22 I shelly_script.cpp:204   script:1 5.9% CPU utilization
13:44:22 I y_notifications.cpp:168 Status change of text:200: {"value":"L1 230.2 V 0.0 A 0.00 kW | L2 230.2 V 0.0 A 0.00 kW | L3 230.6 V 0.0 A 0.00 kW"}
13:44:24 I y_notifications.cpp:168 Status change of text:200: {"value":"L1 229.5 V 0.0 A 0.00 kW | L2 230.8 V 0.0 A 0.00 kW | L3 230.9 V 0.0 A 0.00 kW"}
13:44:26 I y_notifications.cpp:168 Status change of text:200: {"value":"L1 229.6 V 0.0 A 0.00 kW | L2 230.7 V 0.0 A 0.00 kW | L3 231.5 V 0.0 A 0.00 kW"}
13:44:28 I y_notifications.cpp:168 Status change of text:200: {"value":"L1 230.2 V 0.0 A 0.00 kW | L2 230.6 V 0.0 A 0.00 kW | L3 230.7 V 0.0 A 0.00 kW"}
13:44:30 I y_notifications.cpp:168 Status change of text:200: {"value":"L1 229.7 V 0.0 A 0.00 kW | L2 230.5 V 0.0 A 0.00 kW | L3 230.8 V 0.0 A 0.00 kW"}
13:44:32 I shelly_script.cpp:204   script:1 5.9% CPU utilization
13:44:32 I y_notifications.cpp:168 Status change of text:200: {"value":"L1 229.6 V 0.0 A 0.00 kW | L2 230.1 V 0.0 A 0.00 kW | L3 230.8 V 0.0 A 0.00 kW"}
13:44:34 I y_notifications.cpp:168 Status change of text:200: {"value":"L1 229.7 V 0.0 A 0.00 kW | L2 230.5 V 0.0 A 0.00 kW | L3 231.2 V 0.0 A 0.00 kW"}
13:44:36 I y_notifications.cpp:168 Status change of text:200: {"value":"L1 230.2 V 0.0 A 0.00 kW | L2 230.9 V 0.0 A 0.00 kW | L3 230.8 V 0.0 A 0.00 kW"}
13:44:38 I y_notifications.cpp:168 Status change of text:200: {"value":"L1 230.3 V 0.0 A 0.00 kW | L2 230.7 V 0.0 A 0.00 kW | L3 231.5 V 0.0 A 0.00 kW"}
13:44:40 I y_notifications.cpp:168 Status change of text:200: {"value":"L1 229.8 V 0.0 A 0.00 kW | L2 230.7 V 0.0 A 0.00 kW | L3 230.9 V 0.0 A 0.00 kW"}
13:44:42 I y_notifications.cpp:168 Status change of text:200: {"value":"L1 229.6 V 0.0 A 0.00 kW | L2 230.7 V 0.0 A 0.00 kW | L3 231.4 V 0.0 A 0.00 kW"}
13:44:44 I shelly_script.cpp:204   script:1 5.9% CPU utilization
13:44:44 I y_notifications.cpp:168 Status change of text:200: {"value":"L1 230.1 V 0.0 A 0.00 kW | L2 230.8 V 0.0 A 0.00 kW | L3 230.6 V 0.0 A 0.00 kW"}
13:44:46 I y_notifications.cpp:168 Status change of text:200: {"value":"L1 229.5 V 0.0 A 0.00 kW | L2 230.9 V 0.0 A 0.00 kW | L3 230.9 V 0.0 A 0.00 kW"}
13:44:48 I y_notifications.cpp:168 Status change of text:200: {"value":"L1 230.4 V 0.0 A 0.00 kW | L2 230.7 V 0.0 A 0.00 kW | L3 231.4 V 0.0 A 0.00 kW"}
13:44:50 I y_notifications.cpp:168 Status change of text:200: {"value":"L1 230.4 V 0.0 A 0.00 kW | L2 230.6 V 0.0 A 0.00 kW | L3 230.7 V 0.0 A 0.00 kW"}
13:44:52 I y_notifications.cpp:168 Status change of text:200: {"value":"L1 229.9 V 0.0 A 0.00 kW | L2 230.2 V 0.0 A 0.00 kW | L3 231.1 V 0.0 A 0.00 kW"}
13:44:54 I y_notifications.cpp:168 Status change of text:200: {"value":"L1 230.3 V 0.0 A 0.00 kW | L2 230.6 V 0.0 A 0.00 kW | L3 231.4 V 0.0 A 0.00 kW"}
13:44:56 I shelly_script.cpp:204   script:1 5.8% CPU utilization
13:44:56 I y_notifications.cpp:168 Status change of text:200: {"value":"L1 229.8 V 0.0 A 0.00 kW | L2 230.8 V 0.0 A 0.00 kW | L3 230.7 V 0.0 A 0.00 kW"}
13:44:58 I y_notifications.cpp:168 Status change of text:200: {"value":"L1 229.8 V 0.0 A 0.00 kW | L2 230.3 V 0.0 A 0.00 kW | L3 230.9 V 0.0 A 0.00 kW"}
13:45:00 I y_notifications.cpp:168 Status change of text:200: {"value":"L1 230.3 V 0.0 A 0.00 kW | L2 230.7 V 0.0 A 0.00 kW | L3 230.8 V 0.0 A 0.00 kW"}
13:45:02 I y_notifications.cpp:168 Status change of text:200: {"value":"L1 230.1 V 0.0 A 0.00 kW | L2 230.1 V 0.0 A 0.00 kW | L3 231.4 V 0.0 A 0.00 kW"}
13:45:04 I y_notifications.cpp:168 Status change of text:200: {"value":"L1 230.3 V 0.0 A 0.00 kW | L2 230.5 V 0.0 A 0.00 kW | L3 230.9 V 0.0 A 0.00 kW"}
13:45:06 I shelly_script.cpp:204   script:1 5.9% CPU utilization
13:45:06 I y_notifications.cpp:168 Status change of text:200: {"value":"L1 230.2 V 0.0 A 0.00 kW | L2 230.1 V 0.0 A 0.00 kW | L3 231.2 V 0.0 A 0.00 kW"}
13:45:08 I y_notifications.cpp:168 Status change of text:200: {"value":"L1 229.8 V 0.0 A 0.00 kW | L2 230.9 V 0.0 A 0.00 kW | L3 230.9 V 0.0 A 0.00 kW"}
13:45:10 I y_notifications.cpp:168 Status change of text:200: {"value":"L1 230.0 V 0.0 A 0.00 kW | L2 230.9 V 0.0 A 0.00 kW | L3 231.5 V 0.0 A 0.00 kW"}
13:45:12 I y_notifications.cpp:168 Status change of text:200: {"value":"L1 230.4 V 0.0 A 0.00 kW | L2 230.1 V 0.0 A 0.00 kW | L3 231.1 V 0.0 A 0.00 kW"}
13:45:14 I y_notifications.cpp:168 Status change of text:200: {"value":"L1 229.8 V 0.0 A 0.00 kW | L2 230.4 V 0.0 A 0.00 kW | L3 231.2 V 0.0 A 0.00 kW"}
13:45:16 I shelly_script.cpp:204   script:1 5.9% CPU utilization
13:45:16 I y_notifications.cpp:168 Status change of text:200: {"value":"L1 230.3 V 0.0 A 0.00 kW | L2 230.3 V 0.0 A 0.00 kW | L3 230.8 V 0.0 A 0.00 kW"}
13:45:18 I y_notifications.cpp:168 Status change of text:200: {"value":"L1 229.5 V 0.0 A 0.00 kW | L2 230.3 V 0.0 A 0.00 kW | L3 231.1 V 0.0 A 0.00 kW"}
13:45:20 I y_notifications.cpp:168 Status change of text:200: {"value":"L1 230.3 V 0.0 A 0.00 kW | L2 230.6 V 0.0 A 0.00 kW | L3 230.8 V 0.0 A 0.00 kW"}
13:45:22 I y_notifications.cpp:168 Status change of text:200: {"value":"L1 229.9 V 0.0 A 0.00 kW | L2 230.1 V 0.0 A 0.00 kW | L3 230.6 V 0.0 A 0.00 kW"}
13:45:24 I y_notifications.cpp:168 Status change of text:200: {"value":"L1 229.5 V 0.0 A 0.00 kW | L2 230.2 V 0.0 A 0.00 kW | L3 230.9 V 0.0 A 0.00 kW"}
13:45:26 I y_notifications.cpp:168 Status change of text:200: {"value":"L1 229.9 V 0.0 A 0.00 kW | L2 230.5 V 0.0 A 0.00 kW | L3 231.3 V 0.0 A 0.00 kW"}
13:45:28 I shelly_script.cpp:204   script:1 5.9% CPU utilization
13:45:28 I y_notifications.cpp:168 Status change of text:200: {"value":"L1 230.1 V 0.0 A 0.00 kW | L2 230.7 V 0.0 A 0.00 kW | L3 230.9 V 0.0 A 0.00 kW"}
13:45:30 I y_notifications.cpp:168 Status change of text:200: {"value":"L1 229.9 V 0.0 A 0.00 kW | L2 230.5 V 0.0 A 0.00 kW | L3 231.2 V 0.0 A 0.00 kW"}
13:45:32 I y_notifications.cpp:168 Status change of text:200: {"value":"L1 230.4 V 0.0 A 0.00 kW | L2 230.9 V 0.0 A 0.00 kW | L3 231.4 V 0.0 A 0.00 kW"}
13:45:34 I y_notifications.cpp:168 Status change of text:200: {"value":"L1 230.4 V 0.0 A 0.00 kW | L2 230.1 V 0.0 A 0.00 kW | L3 230.9 V 0.0 A 0.00 kW"}
13:45:36 I y_notifications.cpp:168 Status change of text:200: {"value":"L1 230.3 V 0.0 A 0.00 kW | L2 230.4 V 0.0 A 0.00 kW | L3 231.3 V 0.0 A 0.00 kW"}
13:45:38 I y_notifications.cpp:168 Status change of text:200: {"value":"L1 229.9 V 0.0 A 0.00 kW | L2 230.5 V 0.0 A 0.00 kW | L3 231.3 V 0.0 A 0.00 kW"}
13:45:40 I shelly_script.cpp:204   script:1 5.9% CPU utilization
13:45:40 I y_notifications.cpp:168 Status change of text:200: {"value":"L1 230.4 V 0.0 A 0.00 kW | L2 230.7 V 0.0 A 0.00 kW | L3 231.4 V 0.0 A 0.00 kW"}
13:45:42 I y_notifications.cpp:168 Status change of text:200: {"value":"L1 229.6 V 0.0 A 0.00 kW | L2 230.6 V 0.0 A 0.00 kW | L3 231.3 V 0.0 A 0.00 kW"}
13:45:44 I y_notifications.cpp:168 Status change of text:200: {"value":"L1 229.9 V 0.0 A 0.00 kW | L2 230.9 V 0.0 A 0.00 kW | L3 230.8 V 0.0 A 0.00 kW"}
13:45:46 I y_notifications.cpp:168 Status change of text:200: {"value":"L1 230.5 V 0.0 A 0.00 kW | L2 230.7 V 0.0 A 0.00 kW | L3 230.7 V 0.0 A 0.00 kW"}
13:45:48 I y_notifications.cpp:168 Status change of text:200: {"value":"L1 229.8 V 0.0 A 0.00 kW | L2 230.7 V 0.0 A 0.00 kW | L3 231.3 V 0.0 A 0.00 kW"}
13:45:50 I y_notifications.cpp:168 Status change of text:200: {"value":"L1 229.7 V 0.0 A 0.00 kW | L2 230.4 V 0.0 A 0.00 kW | L3 230.6 V 0.0 A 0.00 kW"}
13:45:52 I shelly_script.cpp:204   script:1 5.9% CPU utilization
13:45:52 I y_notifications.cpp:168 Status change of text:200: {"value":"L1 230.3 V 0.0 A 0.00 kW | L2 230.5 V 0.0 A 0.00 kW | L3 231.5 V 0.0 A 0.00 kW"}
13:45:54 I y_notifications.cpp:168 Status change of text:200: {"value":"L1 229.7 V 0.0 A 0.00 kW | L2 230.5 V 0.0 A 0.00 kW | L3 230.9 V 0.0 A 0.00 kW"}
13:45:56 I y_notifications.cpp:168 Status change of text:200: {"value":"L1 229.8 V 0.0 A 0.00 kW | L2 230.4 V 0.0 A 0.00 kW | L3 231.2 V 0.0 A 0.00 kW"}
13:45:58 I y_notifications.cpp:168 Status change of text:200: {"value":"L1 230.0 V 0.0 A 0.00 kW | L2 230.2 V 0.0 A 0.00 kW | L3 230.7 V 0.0 A 0.00 kW"}
13:46:00 I y_notifications.cpp:168 Status change of text:200: {"value":"L1 230.2 V 0.0 A 0.00 kW | L2 230.6 V 0.0 A 0.00 kW | L3 230.7 V 0.0 A 0.00 kW"}
13:46:02 I shelly_script.cpp:204   script:1 5.8% CPU utilization
13:46:02 I y_notifications.cpp:168 Status change of text:200: {"value":"L1 229.9 V 0.0 A 0.00 kW | L2 230.8 V 0.0 A 0.00 kW | L3 230.8 V 0.0 A 0.00 kW"}
13:46:04 I y_notifications.cpp:168 Status change of text:200: {"value":"L1 230.1 V 0.0 A 0.00 kW | L2 230.2 V 0.0 A 0.00 kW | L3 230.9 V 0.0 A 0.00 kW"}
13:46:06 I y_notifications.cpp:168 Status change of text:200: {"value":"L1 230.3 V 0.0 A 0.00 kW | L2 230.6 V 0.0 A 0.00 kW | L3 231.1 V 0.0 A 0.00 kW"}
13:46:08 I y_notifications.cpp:168 Status change of text:200: {"value":"L1 230.4 V 0.0 A 0.00 kW | L2 230.4 V 0.0 A 0.00 kW | L3 231.0 V 0.0 A 0.00 kW"}
13:46:10 I y_notifications.cpp:168 Status change of text:200: {"value":"L1 229.9 V 0.0 A 0.00 kW | L2 230.2 V 0.0 A 0.00 kW | L3 231.0 V 0.0 A 0.00 kW"}
13:46:12 I y_notifications.cpp:168 Status change of text:200: {"value":"L1 230.3 V 0.0 A 0.00 kW | L2 230.8 V 0.0 A 0.00 kW | L3 230.9 V 0.0 A 0.00 kW"}
13:46:14 I shelly_script.cpp:204   script:1 5.9% CPU utilization
13:46:14 I y_notifications.cpp:168 Status change of text:200: {"value":"L1 230.4 V 0.0 A 0.00 kW | L2 230.6 V 0.0 A 0.00 kW | L3 231.1 V 0.0 A 0.00 kW"}
13:46:16 I y_notifications.cpp:168 Status change of text:200: {"value":"L1 229.8 V 0.0 A 0.00 kW | L2 230.1 V 0.0 A 0.00 kW | L3 230.7 V 0.0 A 0.00 kW"}
13:46:18 I y_notifications.cpp:168 Status change of text:200: {"value":"L1 230.3 V 0.0 A 0.00 kW | L2 230.4 V 0.0 A 0.00 kW | L3 231.3 V 0.0 A 0.00 kW"}
13:46:20 I y_notifications.cpp:168 Status change of text:200: {"value":"L1 230.3 V 0.0 A 0.00 kW | L2 230.5 V 0.0 A 0.00 kW | L3 230.6 V 0.0 A 0.00 kW"}
13:46:22 I y_notifications.cpp:168 Status change of text:200: {"value":"L1 230.1 V 0.0 A 0.00 kW | L2 230.5 V 0.0 A 0.00 kW | L3 231.1 V 0.0 A 0.00 kW"}
13:46:24 I shelly_script.cpp:204   script:1 5.9% CPU utilization
13:46:24 I y_notifications.cpp:168 Status change of text:200: {"value":"L1 229.7 V 0.0 A 0.00 kW | L2 230.5 V 0.0 A 0.00 kW | L3 230.9 V 0.0 A 0.00 kW"}
13:46:26 I y_notifications.cpp:168 Status change of text:200: {"value":"L1 229.9 V 0.0 A 0.00 kW | L2 230.1 V 0.0 A 0.00 kW | L3 230.8 V 0.0 A 0.00 kW"}
13:46:28 I y_notifications.cpp:168 Status change of text:200: {"value":"L1 229.9 V 0.0 A 0.00 kW | L2 230.7 V 0.0 A 0.00 kW | L3 230.6 V 0.0 A 0.00 kW"}
13:46:30 I y_notifications.cpp:168 Status change of text:200: {"value":"L1 230.1 V 0.0 A 0.00 kW | L2 230.8 V 0.0 A 0.00 kW | L3 230.8 V 0.0 A 0.00 kW"}
13:46:32 I y_notifications.cpp:168 Status change of text:200: {"value":"L1 230.4 V 0.0 A 0.00 kW | L2 230.3 V 0.0 A 0.00 kW | L3 230.7 V 0.0 A 0.00 kW"}
13:46:34 I shelly_script.cpp:204   script:1 5.9% CPU utilization
13:46:34 I y_notifications.cpp:168 Status change of text:200: {"value":"L1 230.3 V 0.0 A 0.00 kW | L2 230.3 V 0.0 A 0.00 kW | L3 230.9 V 0.0 A 0.00 kW"}
13:46:38 I y_notifications.cpp:168 Status change of text:200: {"value":"L1 229.5 V 0.0 A 0.00 kW | L2 230.8 V 0.0 A 0.00 kW | L3 230.7 V 0.0 A 0.00 kW"}
13:46:40 I y_notifications.cpp:168 Status change of text:200: {"value":"L1 230.2 V 0.0 A 0.00 kW | L2 230.6 V 0.0 A 0.00 kW | L3 230.8 V 0.0 A 0.00 kW"}
13:46:42 I y_notifications.cpp:168 Status change of text:200: {"value":"L1 229.9 V 0.0 A 0.00 kW | L2 230.3 V 0.0 A 0.00 kW | L3 230.7 V 0.0 A 0.00 kW"}
13:46:44 I y_notifications.cpp:168 Status change of text:200: {"value":"L1 230.3 V 0.0 A 0.00 kW | L2 230.5 V 0.0 A 0.00 kW | L3 231.3 V 0.0 A 0.00 kW"}
13:46:46 I shelly_script.cpp:204   script:1 5.9% CPU utilization
13:46:46 I y_notifications.cpp:168 Status change of text:200: {"value":"L1 229.6 V 0.0 A 0.00 kW | L2 230.5 V 0.0 A 0.00 kW | L3 231.5 V 0.0 A 0.00 kW"}
13:46:48 I y_notifications.cpp:168 Status change of text:200: {"value":"L1 229.7 V 0.0 A 0.00 kW | L2 230.6 V 0.0 A 0.00 kW | L3 231.4 V 0.0 A 0.00 kW"}
13:46:50 I y_notifications.cpp:168 Status change of text:200: {"value":"L1 229.6 V 0.0 A 0.00 kW | L2 230.2 V 0.0 A 0.00 kW | L3 231.4 V 0.0 A 0.00 kW"}
13:46:52 I y_notifications.cpp:168 Status change of text:200: {"value":"L1 229.7 V 0.0 A 0.00 kW | L2 230.8 V 0.0 A 0.00 kW | L3 231.1 V 0.0 A 0.00 kW"}
13:46:54 I y_notifications.cpp:168 Status change of text:200: {"value":"L1 230.3 V 0.0 A 0.00 kW | L2 230.4 V 0.0 A 0.00 kW | L3 230.9 V 0.0 A 0.00 kW"}
13:46:56 I y_notifications.cpp:168 Status change of text:200: {"value":"L1 229.8 V 0.0 A 0.00 kW | L2 230.6 V 0.0 A 0.00 kW | L3 231.1 V 0.0 A 0.00 kW"}
13:46:58 I shelly_script.cpp:204   script:1 5.9% CPU utilization
13:46:58 I y_notifications.cpp:168 Status change of text:200: {"value":"L1 229.5 V 0.0 A 0.00 kW | L2 230.9 V 0.0 A 0.00 kW | L3 231.1 V 0.0 A 0.00 kW"}
13:47:00 I y_notifications.cpp:168 Status change of text:200: {"value":"L1 229.9 V 0.0 A 0.00 kW | L2 230.8 V 0.0 A 0.00 kW | L3 231.2 V 0.0 A 0.00 kW"}
13:47:02 I y_notifications.cpp:168 Status change of text:200: {"value":"L1 229.5 V 0.0 A 0.00 kW | L2 230.9 V 0.0 A 0.00 kW | L3 231.4 V 0.0 A 0.00 kW"}
13:47:04 I y_notifications.cpp:168 Status change of text:200: {"value":"L1 230.4 V 0.0 A 0.00 kW | L2 230.7 V 0.0 A 0.00 kW | L3 231.3 V 0.0 A 0.00 kW"}
13:47:06 I y_notifications.cpp:168 Status change of text:200: {"value":"L1 230.0 V 0.0 A 0.00 kW | L2 230.1 V 0.0 A 0.00 kW | L3 230.6 V 0.0 A 0.00 kW"}
13:47:08 I y_notifications.cpp:168 Status change of text:200: {"value":"L1 230.0 V 0.0 A 0.00 kW | L2 230.6 V 0.0 A 0.00 kW | L3 231.4 V 0.0 A 0.00 kW"}
13:47:10 I shelly_script.cpp:204   script:1 5.9% CPU utilization
13:47:10 I y_notifications.cpp:168 Status change of text:200: {"value":"L1 230.3 V 0.0 A 0.00 kW | L2 230.7 V 0.0 A 0.00 kW | L3 230.8 V 0.0 A 0.00 kW"}
13:47:12 I y_notifications.cpp:168 Status change of text:200: {"value":"L1 230.2 V 0.0 A 0.00 kW | L2 230.4 V 0.0 A 0.00 kW | L3 231.5 V 0.0 A 0.00 kW"}
13:47:14 I y_notifications.cpp:168 Status change of text:200: {"value":"L1 230.4 V 0.0 A 0.00 kW | L2 230.9 V 0.0 A 0.00 kW | L3 231.3 V 0.0 A 0.00 kW"}
13:47:16 I y_notifications.cpp:168 Status change of text:200: {"value":"L1 230.1 V 0.0 A 0.00 kW | L2 230.7 V 0.0 A 0.00 kW | L3 231.4 V 0.0 A 0.00 kW"}
13:47:18 I y_notifications.cpp:168 Status change of text:200: {"value":"L1 230.2 V 0.0 A 0.00 kW | L2 230.7 V 0.0 A 0.00 kW | L3 230.8 V 0.0 A 0.00 kW"}
13:47:20 I y_notifications.cpp:168 Status change of text:200: {"value":"L1 229.8 V 0.0 A 0.00 kW | L2 230.1 V 0.0 A 0.00 kW | L3 230.7 V 0.0 A 0.00 kW"}
13:47:22 I shelly_script.cpp:204   script:1 5.8% CPU utilization
13:47:22 I y_notifications.cpp:168 Status change of text:200: {"value":"L1 229.9 V 0.0 A 0.00 kW | L2 230.9 V 0.0 A 0.00 kW | L3 231.0 V 0.0 A 0.00 kW"}
13:47:24 I y_notifications.cpp:168 Status change of text:200: {"value":"L1 230.1 V 0.0 A 0.00 kW | L2 230.2 V 0.0 A 0.00 kW | L3 230.9 V 0.0 A 0.00 kW"}
13:47:26 I y_notifications.cpp:168 Status change of text:200: {"value":"L1 230.3 V 0.0 A 0.00 kW | L2 230.8 V 0.0 A 0.00 kW | L3 231.2 V 0.0 A 0.00 kW"}
13:47:28 I y_notifications.cpp:168 Status change of text:200: {"value":"L1 229.7 V 0.0 A 0.00 kW | L2 230.3 V 0.0 A 0.00 kW | L3 230.7 V 0.0 A 0.00 kW"}
13:47:30 I y_notifications.cpp:168 Status change of text:200: {"value":"L1 229.5 V 0.0 A 0.00 kW | L2 230.0 V 0.0 A 0.00 kW | L3 231.4 V 0.0 A 0.00 kW"}
13:47:32 I shelly_script.cpp:204   script:1 5.9% CPU utilization
13:47:32 I y_notifications.cpp:168 Status change of text:200: {"value":"L1 229.9 V 0.0 A 0.00 kW | L2 230.9 V 0.0 A 0.00 kW | L3 231.5 V 0.0 A 0.00 kW"}
13:47:34 I y_notifications.cpp:168 Status change of text:200: {"value":"L1 230.1 V 0.0 A 0.00 kW | L2 230.5 V 0.0 A 0.00 kW | L3 230.9 V 0.0 A 0.00 kW"}
13:47:36 I y_notifications.cpp:168 Status change of text:200: {"value":"L1 230.2 V 0.0 A 0.00 kW | L2 230.1 V 0.0 A 0.00 kW | L3 231.1 V 0.0 A 0.00 kW"}
13:47:38 I y_notifications.cpp:168 Status change of text:200: {"value":"L1 230.2 V 0.0 A 0.00 kW | L2 230.7 V 0.0 A 0.00 kW | L3 230.6 V 0.0 A 0.00 kW"}
13:47:40 I y_notifications.cpp:168 Status change of text:200: {"value":"L1 229.9 V 0.0 A 0.00 kW | L2 230.2 V 0.0 A 0.00 kW | L3 230.9 V 0.0 A 0.00 kW"}
13:47:42 I shelly_script.cpp:204   script:1 5.9% CPU utilization
13:47:42 I y_notifications.cpp:168 Status change of text:200: {"value":"L1 229.7 V 0.0 A 0.00 kW | L2 230.3 V 0.0 A 0.00 kW | L3 231.1 V 0.0 A 0.00 kW"}
13:47:44 I y_notifications.cpp:168 Status change of text:200: {"value":"L1 230.1 V 0.0 A 0.00 kW | L2 230.9 V 0.0 A 0.00 kW | L3 231.3 V 0.0 A 0.00 kW"}
13:47:46 I y_notifications.cpp:168 Status change of text:200: {"value":"L1 230.0 V 0.0 A 0.00 kW | L2 230.4 V 0.0 A 0.00 kW | L3 230.5 V 0.0 A 0.00 kW"}
13:47:48 I y_notifications.cpp:168 Status change of text:200: {"value":"L1 230.2 V 0.0 A 0.00 kW | L2 230.2 V 0.0 A 0.00 kW | L3 230.6 V 0.0 A 0.00 kW"}
13:47:50 I y_notifications.cpp:168 Status change of text:200: {"value":"L1 230.4 V 0.0 A 0.00 kW | L2 230.1 V 0.0 A 0.00 kW | L3 230.9 V 0.0 A 0.00 kW"}
13:47:52 I y_notifications.cpp:168 Status change of text:200: {"value":"L1 230.5 V 0.0 A 0.00 kW | L2 230.7 V 0.0 A 0.00 kW | L3 230.9 V 0.0 A 0.00 kW"}
13:47:54 I shelly_script.cpp:204   script:1 5.9% CPU utilization
13:47:54 I y_notifications.cpp:168 Status change of text:200: {"value":"L1 229.9 V 0.0 A 0.00 kW | L2 230.4 V 0.0 A 0.00 kW | L3 231.2 V 0.0 A 0.00 kW"}
13:47:56 I y_notifications.cpp:168 Status change of text:200: {"value":"L1 230.4 V 0.0 A 0.00 kW | L2 230.8 V 0.0 A 0.00 kW | L3 231.1 V 0.0 A 0.00 kW"}
13:47:58 I y_notifications.cpp:168 Status change of text:200: {"value":"L1 230.0 V 0.0 A 0.00 kW | L2 230.9 V 0.0 A 0.00 kW | L3 231.2 V 0.0 A 0.00 kW"}
13:48:00 I y_notifications.cpp:168 Status change of text:200: {"value":"L1 230.2 V 0.0 A 0.00 kW | L2 230.4 V 0.0 A 0.00 kW | L3 230.8 V 0.0 A 0.00 kW"}
13:48:02 I y_notifications.cpp:168 Status change of text:200: {"value":"L1 229.9 V 0.0 A 0.00 kW | L2 230.5 V 0.0 A 0.00 kW | L3 230.6 V 0.0 A 0.00 kW"}
13:48:04 I shelly_script.cpp:204   script:1 5.9% CPU utilization
13:48:04 I y_notifications.cpp:168 Status change of text:200: {"value":"L1 229.8 V 0.0 A 0.00 kW | L2 230.7 V 0.0 A 0.00 kW | L3 231.2 V 0.0 A 0.00 kW"}
13:48:06 I y_notifications.cpp:168 Status change of text:200: {"value":"L1 230.4 V 0.0 A 0.00 kW | L2 230.8 V 0.0 A 0.00 kW | L3 230.9 V 0.0 A 0.00 kW"}
13:48:08 I y_notifications.cpp:168 Status change of text:200: {"value":"L1 229.8 V 0.0 A 0.00 kW | L2 230.9 V 0.0 A 0.00 kW | L3 230.8 V 0.0 A 0.00 kW"}
13:48:10 I y_notifications.cpp:168 Status change of text:200: {"value":"L1 229.8 V 0.0 A 0.00 kW | L2 230.9 V 0.0 A 0.00 kW | L3 230.6 V 0.0 A 0.00 kW"}
13:48:12 I y_notifications.cpp:168 Status change of text:200: {"value":"L1 229.6 V 0.0 A 0.00 kW | L2 230.0 V 0.0 A 0.00 kW | L3 231.2 V 0.0 A 0.00 kW"}
13:48:14 I y_notifications.cpp:168 Status change of text:200: {"value":"L1 229.7 V 0.0 A 0.00 kW | L2 230.8 V 0.0 A 0.00 kW | L3 230.8 V 0.0 A 0.00 kW"}
13:48:16 I shelly_script.cpp:204   script:1 5.8% CPU utilization
13:48:16 I y_notifications.cpp:168 Status change of text:200: {"value":"L1 229.6 V 0.0 A 0.00 kW | L2 230.2 V 0.0 A 0.00 kW | L3 231.0 V 0.0 A 0.00 kW"}
13:48:18 I y_notifications.cpp:168 Status change of text:200: {"value":"L1 230.2 V 0.0 A 0.00 kW | L2 230.4 V 0.0 A 0.00 kW | L3 231.3 V 0.0 A 0.00 kW"}
13:48:20 I y_notifications.cpp:168 Status change of text:200: {"value":"L1 230.1 V 0.0 A 0.00 kW | L2 230.7 V 0.0 A 0.00 kW | L3 230.9 V 0.0 A 0.00 kW"}
13:48:22 I y_notifications.cpp:168 Status change of text:200: {"value":"L1 229.5 V 0.0 A 0.00 kW | L2 230.5 V 0.0 A 0.00 kW | L3 231.1 V 0.0 A 0.00 kW"}
13:48:24 I y_notifications.cpp:168 Status change of text:200: {"value":"L1 229.9 V 0.0 A 0.00 kW | L2 230.2 V 0.0 A 0.00 kW | L3 230.5 V 0.0 A 0.00 kW"}
13:48:26 I shelly_script.cpp:204   script:1 5.9% CPU utilization
13:48:26 I y_notifications.cpp:168 Status change of text:200: {"value":"L1 229.7 V 0.0 A 0.00 kW | L2 230.9 V 0.0 A 0.00 kW | L3 230.7 V 0.0 A 0.00 kW"}
13:48:28 I y_notifications.cpp:168 Status change of text:200: {"value":"L1 230.4 V 0.0 A 0.00 kW | L2 230.5 V 0.0 A 0.00 kW | L3 231.3 V 0.0 A 0.00 kW"}
13:48:30 I y_notifications.cpp:168 Status change of text:200: {"value":"L1 230.2 V 0.0 A 0.00 kW | L2 230.6 V 0.0 A 0.00 kW | L3 231.5 V 0.0 A 0.00 kW"}
13:48:32 I y_notifications.cpp:168 Status change of text:200: {"value":"L1 229.8 V 0.0 A 0.00 kW | L2 230.8 V 0.0 A 0.00 kW | L3 231.4 V 0.0 A 0.00 kW"}
13:48:34 I y_notifications.cpp:168 Status change of text:200: {"value":"L1 229.9 V 0.0 A 0.00 kW | L2 230.1 V 0.0 A 0.00 kW | L3 231.0 V 0.0 A 0.00 kW"}
13:48:36 I y_notifications.cpp:168 Status change of text:200: {"value":"L1 230.2 V 0.0 A 0.00 kW | L2 230.5 V 0.0 A 0.00 kW | L3 230.7 V 0.0 A 0.00 kW"}
13:48:38 I shelly_script.cpp:204   script:1 5.9% CPU utilization
13:48:38 I y_notifications.cpp:168 Status change of text:200: {"value":"L1 230.3 V 0.0 A 0.00 kW | L2 230.7 V 0.0 A 0.00 kW | L3 230.7 V 0.0 A 0.00 kW"}
13:48:40 I y_notifications.cpp:168 Status change of text:200: {"value":"L1 230.1 V 0.0 A 0.00 kW | L2 230.4 V 0.0 A 0.00 kW | L3 230.7 V 0.0 A 0.00 kW"}
13:48:42 I y_notifications.cpp:168 Status change of text:200: {"value":"L1 230.4 V 0.0 A 0.00 kW | L2 230.9 V 0.0 A 0.00 kW | L3 231.2 V 0.0 A 0.00 kW"}
13:48:42 I shos_time.cpp:65        Setting time from SNTP (1790250522.799 delta +0.020)
13:48:42 I shelly_sys.cpp:339      Time set to 3478.739129 from 1
13:48:42 I y_notifications.cpp:168 Status change of sys: {"last_sync_ts":1790250522}
13:48:42 I y_notifications.cpp:168 Status change of sys: {"time":"13:48","unixtime":1790250522}
13:48:44 I y_notifications.cpp:168 Status change of text:200: {"value":"L1 229.8 V 0.0 A 0.00 kW | L2 230.8 V 0.0 A 0.00 kW | L3 231.0 V 0.0 A 0.00 kW"}
13:48:46 I y_notifications.cpp:168 Status change of text:200: {"value":"L1 229.7 V 0.0 A 0.00 kW | L2 230.4 V 0.0 A 0.00 kW | L3 230.7 V 0.0 A 0.00 kW"}
13:48:48 I y_notifications.cpp:168 Status change of text:200: {"value":"L1 229.6 V 0.0 A 0.00 kW | L2 230.7 V 0.0 A 0.00 kW | L3 230.8 V 0.0 A 0.00 kW"}
13:48:50 I shelly_script.cpp:204   script:1 5.9% CPU utilization
13:48:50 I y_notifications.cpp:168 Status change of text:200: {"value":"L1 230.1 V 0.0 A 0.00 kW | L2 230.8 V 0.0 A 0.00 kW | L3 230.6 V 0.0 A 0.00 kW"}
13:48:52 I y_notifications.cpp:168 Status change of text:200: {"value":"L1 229.8 V 0.0 A 0.00 kW | L2 230.0 V 0.0 A 0.00 kW | L3 230.8 V 0.0 A 0.00 kW"}
13:48:54 I y_notifications.cpp:168 Status change of text:200: {"value":"L1 229.5 V 0.0 A 0.00 kW | L2 230.3 V 0.0 A 0.00 kW | L3 231.2 V 0.0 A 0.00 kW"}
13:48:56 I y_notifications.cpp:168 Status change of text:200: {"value":"L1 230.3 V 0.0 A 0.00 kW | L2 230.8 V 0.0 A 0.00 kW | L3 231.3 V 0.0 A 0.00 kW"}
13:48:58 I y_notifications.cpp:168 Status change of text:200: {"value":"L1 230.1 V 0.0 A 0.00 kW | L2 230.9 V 0.0 A 0.00 kW | L3 231.3 V 0.0 A 0.00 kW"}
13:49:00 I y_notifications.cpp:168 Status change of text:200: {"value":"L1 230.0 V 0.0 A 0.00 kW | L2 230.2 V 0.0 A 0.00 kW | L3 230.5 V 0.0 A 0.00 kW"}
13:49:02 I shelly_script.cpp:204   script:1 5.9% CPU utilization
13:49:02 I y_notifications.cpp:168 Status change of text:200: {"value":"L1 229.8 V 0.0 A 0.00 kW | L2 230.4 V 0.0 A 0.00 kW | L3 230.7 V 0.0 A 0.00 kW"}
13:49:04 I y_notifications.cpp:168 Status change of text:200: {"value":"L1 230.0 V 0.0 A 0.00 kW | L2 230.1 V 0.0 A 0.00 kW | L3 230.5 V 0.0 A 0.00 kW"}
13:49:06 I y_notifications.cpp:168 Status change of text:200: {"value":"L1 230.4 V 0.0 A 0.00 kW | L2 230.8 V 0.0 A 0.00 kW | L3 230.9 V 0.0 A 0.00 kW"}
13:49:08 I y_notifications.cpp:168 Status change of text:200: {"value":"L1 229.7 V 0.0 A 0.00 kW | L2 230.1 V 0.0 A 0.00 kW | L3 231.3 V 0.0 A 0.00 kW"}
13:49:10 I y_notifications.cpp:168 Status change of text:200: {"value":"L1 230.3 V 0.0 A 0.00 kW | L2 230.9 V 0.0 A 0.00 kW | L3 231.3 V 0.0 A 0.00 kW"}
13:49:12 I shelly_script.cpp:204   script:1 5.9% CPU utilization
13:49:12 I y_notifications.cpp:168 Status change of text:200: {"value":"L1 229.9 V 0.0 A 0.00 kW | L2 230.0 V 0.0 A 0.00 kW | L3 230.6 V 0.0 A 0.00 kW"}
13:49:14 I y_notifications.cpp:168 Status change of text:200: {"value":"L1 230.2 V 0.0 A 0.00 kW | L2 230.3 V 0.0 A 0.00 kW | L3 230.7 V 0.0 A 0.00 kW"}
13:49:16 I y_notifications.cpp:168 Status change of text:200: {"value":"L1 229.9 V 0.0 A 0.00 kW | L2 230.6 V 0.0 A 0.00 kW | L3 230.5 V 0.0 A 0.00 kW"}
13:49:18 I y_notifications.cpp:168 Status change of text:200: {"value":"L1 229.8 V 0.0 A 0.00 kW | L2 230.1 V 0.0 A 0.00 kW | L3 231.2 V 0.0 A 0.00 kW"}
13:49:20 I y_notifications.cpp:168 Status change of text:200: {"value":"L1 230.4 V 0.0 A 0.00 kW | L2 230.8 V 0.0 A 0.00 kW | L3 231.4 V 0.0 A 0.00 kW"}
13:49:22 I shelly_script.cpp:204   script:1 5.9% CPU utilization
13:49:22 I y_notifications.cpp:168 Status change of text:200: {"value":"L1 230.2 V 0.0 A 0.00 kW | L2 230.3 V 0.0 A 0.00 kW | L3 231.2 V 0.0 A 0.00 kW"}
13:49:24 I y_notifications.cpp:168 Status change of text:200: {"value":"L1 229.7 V 0.0 A 0.00 kW | L2 230.1 V 0.0 A 0.00 kW | L3 230.6 V 0.0 A 0.00 kW"}
13:49:26 I y_notifications.cpp:168 Status change of text:200: {"value":"L1 230.2 V 0.0 A 0.00 kW | L2 230.5 V 0.0 A 0.00 kW | L3 231.3 V 0.0 A 0.00 kW"}
13:49:28 I y_notifications.cpp:168 Status change of text:200: {"value":"L1 229.8 V 0.0 A 0.00 kW | L2 230.6 V 0.0 A 0.00 kW | L3 231.2 V 0.0 A 0.00 kW"}
13:49:30 I y_notifications.cpp:168 Status change of text:200: {"value":"L1 230.1 V 0.0 A 0.00 kW | L2 230.7 V 0.0 A 0.00 kW | L3 231.4 V 0.0 A 0.00 kW"}
13:49:32 I y_notifications.cpp:168 Status change of text:200: {"value":"L1 229.8 V 0.0 A 0.00 kW | L2 230.1 V 0.0 A 0.00 kW | L3 230.8 V 0.0 A 0.00 kW"}
13:49:34 I shelly_script.cpp:204   script:1 5.9% CPU utilization
13:49:34 I y_notifications.cpp:168 Status change of text:200: {"value":"L1 230.1 V 0.0 A 0.00 kW | L2 230.9 V 0.0 A 0.00 kW | L3 230.7 V 0.0 A 0.00 kW"}
13:49:36 I y_notifications.cpp:168 Status change of text:200: {"value":"L1 229.5 V 0.0 A 0.00 kW | L2 230.3 V 0.0 A 0.00 kW | L3 230.6 V 0.0 A 0.00 kW"}
13:49:38 I y_notifications.cpp:168 Status change of text:200: {"value":"L1 229.5 V 0.0 A 0.00 kW | L2 230.4 V 0.0 A 0.00 kW | L3 231.5 V 0.0 A 0.00 kW"}
13:49:40 I y_notifications.cpp:168 Status change of text:200: {"value":"L1 229.7 V 0.0 A 0.00 kW | L2 230.9 V 0.0 A 0.00 kW | L3 231.1 V 0.0 A 0.00 kW"}
13:49:42 I y_notifications.cpp:168 Status change of text:200: {"value":"L1 230.1 V 0.0 A 0.00 kW | L2 230.6 V 0.0 A 0.00 kW | L3 230.6 V 0.0 A 0.00 kW"}
13:49:44 I y_notifications.cpp:168 Status change of text:200: {"value":"L1 229.5 V 0.0 A 0.00 kW | L2 230.2 V 0.0 A 0.00 kW | L3 230.8 V 0.0 A 0.00 kW"}
13:49:46 I shelly_script.cpp:204   script:1 5.9% CPU utilization
13:49:46 I y_notifications.cpp:168 Status change of text:200: {"value":"L1 230.5 V 0.0 A 0.00 kW | L2 230.0 V 0.0 A 0.00 kW | L3 230.7 V 0.0 A 0.00 kW"}
13:49:48 I y_notifications.cpp:168 Status change of text:200: {"value":"L1 229.9 V 0.0 A 0.00 kW | L2 230.6 V 0.0 A 0.00 kW | L3 230.8 V 0.0 A 0.00 kW"}
13:49:50 I y_notifications.cpp:168 Status change of text:200: {"value":"L1 230.1 V 0.0 A 0.00 kW | L2 230.8 V 0.0 A 0.00 kW | L3 230.5 V 0.0 A 0.00 kW"}
13:49:52 I y_notifications.cpp:168 Status change of text:200: {"value":"L1 229.9 V 0.0 A 0.00 kW | L2 230.3 V 0.0 A 0.00 kW | L3 230.6 V 0.0 A 0.00 kW"}
13:49:54 I y_notifications.cpp:168 Status change of text:200: {"value":"L1 230.1 V 0.0 A 0.00 kW | L2 230.2 V 0.0 A 0.00 kW | L3 230.6 V 0.0 A 0.00 kW"}
13:49:56 I shelly_script.cpp:204   script:1 5.9% CPU utilization
13:49:56 I y_notifications.cpp:168 Status change of text:200: {"value":"L1 229.7 V 0.0 A 0.00 kW | L2 230.9 V 0.0 A 0.00 kW | L3 230.9 V 0.0 A 0.00 kW"}
13:49:58 I y_notifications.cpp:168 Status change of text:200: {"value":"L1 230.2 V 0.0 A 0.00 kW | L2 230.9 V 0.0 A 0.00 kW | L3 230.9 V 0.0 A 0.00 kW"}
13:50:00 I y_notifications.cpp:168 Status change of text:200: {"value":"L1 230.0 V 0.0 A 0.00 kW | L2 230.9 V 0.0 A 0.00 kW | L3 230.9 V 0.0 A 0.00 kW"}
13:50:02 I y_notifications.cpp:168 Status change of text:200: {"value":"L1 229.9 V 0.0 A 0.00 kW | L2 230.6 V 0.0 A 0.00 kW | L3 231.5 V 0.0 A 0.00 kW"}
13:50:04 I y_notifications.cpp:168 Status change of text:200: {"value":"L1 230.1 V 0.0 A 0.00 kW | L2 230.1 V 0.0 A 0.00 kW | L3 230.9 V 0.0 A 0.00 kW"}
13:50:06 I y_notifications.cpp:168 Status change of text:200: {"value":"L1 230.1 V 0.0 A 0.00 kW | L2 230.9 V 0.0 A 0.00 kW | L3 231.3 V 0.0 A 0.00 kW"}
13:50:08 I shelly_script.cpp:204   script:1 5.9% CPU utilization
13:50:08 I y_notifications.cpp:168 Status change of text:200: {"value":"L1 230.0 V 0.0 A 0.00 kW | L2 230.2 V 0.0 A 0.00 kW | L3 231.2 V 0.0 A 0.00 kW"}
13:50:10 I y_notifications.cpp:168 Status change of text:200: {"value":"L1 229.9 V 0.0 A 0.00 kW | L2 230.9 V 0.0 A 0.00 kW | L3 231.2 V 0.0 A 0.00 kW"}
13:50:12 I y_notifications.cpp:168 Status change of text:200: {"value":"L1 229.6 V 0.0 A 0.00 kW | L2 230.4 V 0.0 A 0.00 kW | L3 230.9 V 0.0 A 0.00 kW"}
13:50:14 I y_notifications.cpp:168 Status change of text:200: {"value":"L1 230.2 V 0.0 A 0.00 kW | L2 230.3 V 0.0 A 0.00 kW | L3 231.5 V 0.0 A 0.00 kW"}
13:50:16 I y_notifications.cpp:168 Status change of text:200: {"value":"L1 230.5 V 0.0 A 0.00 kW | L2 230.7 V 0.0 A 0.00 kW | L3 231.2 V 0.0 A 0.00 kW"}
13:50:18 I shelly_script.cpp:204   script:1 5.9% CPU utilization
13:50:18 I y_notifications.cpp:168 Status change of text:200: {"value":"L1 230.3 V 0.0 A 0.00 kW | L2 230.6 V 0.0 A 0.00 kW | L3 230.8 V 0.0 A 0.00 kW"}
13:50:20 I y_notifications.cpp:168 Status change of text:200: {"value":"L1 230.2 V 0.0 A 0.00 kW | L2 230.4 V 0.0 A 0.00 kW | L3 231.5 V 0.0 A 0.00 kW"}
13:50:22 I y_notifications.cpp:168 Status change of text:200: {"value":"L1 230.3 V 0.0 A 0.00 kW | L2 230.2 V 0.0 A 0.00 kW | L3 230.5 V 0.0 A 0.00 kW"}
13:50:24 I y_notifications.cpp:168 Status change of text:200: {"value":"L1 230.1 V 0.0 A 0.00 kW | L2 230.9 V 0.0 A 0.00 kW | L3 231.0 V 0.0 A 0.00 kW"}
13:50:26 I y_notifications.cpp:168 Status change of text:200: {"value":"L1 230.1 V 0.0 A 0.00 kW | L2 230.5 V 0.0 A 0.00 kW | L3 231.4 V 0.0 A 0.00 kW"}
13:50:28 I y_notifications.cpp:168 Status change of text:200: {"value":"L1 229.8 V 0.0 A 0.00 kW | L2 230.3 V 0.0 A 0.00 kW | L3 230.7 V 0.0 A 0.00 kW"}
13:50:30 I shelly_script.cpp:204   script:1 5.9% CPU utilization
13:50:30 I y_notifications.cpp:168 Status change of text:200: {"value":"L1 230.4 V 0.0 A 0.00 kW | L2 230.3 V 0.0 A 0.00 kW | L3 231.3 V 0.0 A 0.00 kW"}
13:50:32 I y_notifications.cpp:168 Status change of text:200: {"value":"L1 230.4 V 0.0 A 0.00 kW | L2 230.2 V 0.0 A 0.00 kW | L3 230.6 V 0.0 A 0.00 kW"}
13:50:34 I y_notifications.cpp:168 Status change of text:200: {"value":"L1 230.0 V 0.0 A 0.00 kW | L2 230.3 V 0.0 A 0.00 kW | L3 230.9 V 0.0 A 0.00 kW"}
13:50:36 I y_notifications.cpp:168 Status change of text:200: {"value":"L1 229.7 V 0.0 A 0.00 kW | L2 230.2 V 0.0 A 0.00 kW | L3 231.4 V 0.0 A 0.00 kW"}
13:50:38 I y_notifications.cpp:168 Status change of text:200: {"value":"L1 230.3 V 0.0 A 0.00 kW | L2 230.2 V 0.0 A 0.00 kW | L3 231.1 V 0.0 A 0.00 kW"}
13:50:40 I shelly_script.cpp:204   script:1 5.9% CPU utilization
13:50:40 I y_notifications.cpp:168 Status change of text:200: {"value":"L1 229.8 V 0.0 A 0.00 kW | L2 230.4 V 0.0 A 0.00 kW | L3 230.8 V 0.0 A 0.00 kW"}
13:50:42 I y_notifications.cpp:168 Status change of text:200: {"value":"L1 229.6 V 0.0 A 0.00 kW | L2 230.3 V 0.0 A 0.00 kW | L3 231.4 V 0.0 A 0.00 kW"}
13:50:44 I y_notifications.cpp:168 Status change of text:200: {"value":"L1 230.0 V 0.0 A 0.00 kW | L2 230.4 V 0.0 A 0.00 kW | L3 231.2 V 0.0 A 0.00 kW"}
13:50:46 I y_notifications.cpp:168 Status change of text:200: {"value":"L1 230.3 V 0.0 A 0.00 kW | L2 230.2 V 0.0 A 0.00 kW | L3 231.4 V 0.0 A 0.00 kW"}
13:50:48 I y_notifications.cpp:168 Status change of text:200: {"value":"L1 230.4 V 0.0 A 0.00 kW | L2 230.5 V 0.0 A 0.00 kW | L3 231.3 V 0.0 A 0.00 kW"}
13:50:50 I shelly_script.cpp:204   script:1 5.9% CPU utilization
13:50:50 I y_notifications.cpp:168 Status change of text:200: {"value":"L1 230.1 V 0.0 A 0.00 kW | L2 230.5 V 0.0 A 0.00 kW | L3 230.6 V 0.0 A 0.00 kW"}
13:50:52 I y_notifications.cpp:168 Status change of text:200: {"value":"L1 229.5 V 0.0 A 0.00 kW | L2 230.4 V 0.0 A 0.00 kW | L3 231.5 V 0.0 A 0.00 kW"}
13:50:54 I y_notifications.cpp:168 Status change of text:200: {"value":"L1 229.5 V 0.0 A 0.00 kW | L2 230.9 V 0.0 A 0.00 kW | L3 231.0 V 0.0 A 0.00 kW"}
13:50:56 I y_notifications.cpp:168 Status change of text:200: {"value":"L1 230.5 V 0.0 A 0.00 kW | L2 230.8 V 0.0 A 0.00 kW | L3 230.9 V 0.0 A 0.00 kW"}
13:50:58 I y_notifications.cpp:168 Status change of text:200: {"value":"L1 230.3 V 0.0 A 0.00 kW | L2 230.9 V 0.0 A 0.00 kW | L3 230.6 V 0.0 A 0.00 kW"}
13:51:00 I shelly_script.cpp:204   script:1 5.9% CPU utilization
13:51:00 I y_notifications.cpp:168 Status change of text:200: {"value":"L1 230.4 V 0.0 A 0.00 kW | L2 230.6 V 0.0 A 0.00 kW | L3 231.2 V 0.0 A 0.00 kW"}
13:51:02 I y_notifications.cpp:168 Status change of text:200: {"value":"L1 229.8 V 0.0 A 0.00 kW | L2 230.3 V 0.0 A 0.00 kW | L3 231.2 V 0.0 A 0.00 kW"}
13:51:04 I y_notifications.cpp:168 Status change of text:200: {"value":"L1 229.7 V 0.0 A 0.00 kW | L2 230.9 V 0.0 A 0.00 kW | L3 230.7 V 0.0 A 0.00 kW"}
13:51:06 I y_notifications.cpp:168 Status change of text:200: {"value":"L1 229.6 V 0.0 A 0.00 kW | L2 230.3 V 0.0 A 0.00 kW | L3 230.9 V 0.0 A 0.00 kW"}
13:51:08 I y_notifications.cpp:168 Status change of text:200: {"value":"L1 229.8 V 0.0 A 0.00 kW | L2 230.9 V 0.0 A 0.00 kW | L3 230.5 V 0.0 A 0.00 kW"}
13:51:10 I y_notifications.cpp:168 Status change of text:200: {"value":"L1 230.2 V 0.0 A 0.00 kW | L2 230.2 V 0.0 A 0.00 kW | L3 230.7 V 0.0 A 0.00 kW"}
13:51:12 I shelly_script.cpp:204   script:1 5.9% CPU utilization
13:51:12 I y_notifications.cpp:168 Status change of text:200: {"value":"L1 230.3 V 0.0 A 0.00 kW | L2 230.8 V 0.0 A 0.00 kW | L3 230.6 V 0.0 A 0.00 kW"}
13:51:14 I y_notifications.cpp:168 Status change of text:200: {"value":"L1 230.2 V 0.0 A 0.00 kW | L2 230.1 V 0.0 A 0.00 kW | L3 230.8 V 0.0 A 0.00 kW"}
13:51:16 I y_notifications.cpp:168 Status change of text:200: {"value":"L1 229.9 V 0.0 A 0.00 kW | L2 230.5 V 0.0 A 0.00 kW | L3 230.8 V 0.0 A 0.00 kW"}
13:51:18 I y_notifications.cpp:168 Status change of text:200: {"value":"L1 230.0 V 0.0 A 0.00 kW | L2 230.1 V 0.0 A 0.00 kW | L3 230.7 V 0.0 A 0.00 kW"}
13:51:20 I y_notifications.cpp:168 Status change of text:200: {"value":"L1 230.2 V 0.0 A 0.00 kW | L2 230.5 V 0.0 A 0.00 kW | L3 230.7 V 0.0 A 0.00 kW"}
13:51:22 I y_notifications.cpp:168 Status change of text:200: {"value":"L1 229.7 V 0.0 A 0.00 kW | L2 230.8 V 0.0 A 0.00 kW | L3 230.7 V 0.0 A 0.00 kW"}
13:51:24 I shelly_script.cpp:204   script:1 5.9% CPU utilization
13:51:24 I y_notifications.cpp:168 Status change of text:200: {"value":"L1 229.7 V 0.0 A 0.00 kW | L2 230.2 V 0.0 A 0.00 kW | L3 230.9 V 0.0 A 0.00 kW"}
13:51:26 I y_notifications.cpp:168 Status change of text:200: {"value":"L1 229.7 V 0.0 A 0.00 kW | L2 230.9 V 0.0 A 0.00 kW | L3 231.1 V 0.0 A 0.00 kW"}
13:51:28 I y_notifications.cpp:168 Status change of text:200: {"value":"L1 229.7 V 0.0 A 0.00 kW | L2 230.3 V 0.0 A 0.00 kW | L3 230.8 V 0.0 A 0.00 kW"}
13:51:30 I y_notifications.cpp:168 Status change of text:200: {"value":"L1 229.8 V 0.0 A 0.00 kW | L2 230.4 V 0.0 A 0.00 kW | L3 231.3 V 0.0 A 0.00 kW"}
13:51:32 I y_notifications.cpp:168 Status change of text:200: {"value":"L1 230.5 V 0.0 A 0.00 kW | L2 230.9 V 0.0 A 0.00 kW | L3 231.4 V 0.0 A 0.00 kW"}
13:51:34 I shelly_script.cpp:204   script:1 5.9% CPU utilization
13:51:34 I y_notifications.cpp:168 Status change of text:200: {"value":"L1 229.5 V 0.0 A 0.00 kW | L2 230.1 V 0.0 A 0.00 kW | L3 231.4 V 0.0 A 0.00 kW"}
13:51:36 I y_notifications.cpp:168 Status change of text:200: {"value":"L1 229.7 V 0.0 A 0.00 kW | L2 230.3 V 0.0 A 0.00 kW | L3 231.0 V 0.0 A 0.00 kW"}
13:51:38 I y_notifications.cpp:168 Status change of text:200: {"value":"L1 230.4 V 0.0 A 0.00 kW | L2 230.5 V 0.0 A 0.00 kW | L3 231.5 V 0.0 A 0.00 kW"}
13:51:40 I y_notifications.cpp:168 Status change of text:200: {"value":"L1 230.2 V 0.0 A 0.00 kW | L2 230.5 V 0.0 A 0.00 kW | L3 230.8 V 0.0 A 0.00 kW"}
13:51:42 I y_notifications.cpp:168 Status change of text:200: {"value":"L1 230.2 V 0.0 A 0.00 kW | L2 230.2 V 0.0 A 0.00 kW | L3 231.2 V 0.0 A 0.00 kW"}
13:51:44 I y_notifications.cpp:168 Status change of text:200: {"value":"L1 230.1 V 0.0 A 0.00 kW | L2 230.2 V 0.0 A 0.00 kW | L3 230.6 V 0.0 A 0.00 kW"}
13:51:46 I shelly_script.cpp:204   script:1 5.9% CPU utilization
13:51:46 I y_notifications.cpp:168 Status change of text:200: {"value":"L1 230.3 V 0.0 A 0.00 kW | L2 230.8 V 0.0 A 0.00 kW | L3 230.6 V 0.0 A 0.00 kW"}
13:51:48 I y_notifications.cpp:168 Status change of text:200: {"value":"L1 229.8 V 0.0 A 0.00 kW | L2 230.8 V 0.0 A 0.00 kW | L3 230.9 V 0.0 A 0.00 kW"}
13:51:50 I y_notifications.cpp:168 Status change of text:200: {"value":"L1 229.7 V 0.0 A 0.00 kW | L2 230.1 V 0.0 A 0.00 kW | L3 230.9 V 0.0 A 0.00 kW"}
13:51:52 I y_notifications.cpp:168 Status change of text:200: {"value":"L1 229.7 V 0.0 A 0.00 kW | L2 230.1 V 0.0 A 0.00 kW | L3 231.4 V 0.0 A 0.00 kW"}
13:51:54 I y_notifications.cpp:168 Status change of text:200: {"value":"L1 229.8 V 0.0 A 0.00 kW | L2 230.3 V 0.0 A 0.00 kW | L3 231.2 V 0.0 A 0.00 kW"}
13:51:56 I y_notifications.cpp:168 Status change of text:200: {"value":"L1 229.9 V 0.0 A 0.00 kW | L2 230.0 V 0.0 A 0.00 kW | L3 230.6 V 0.0 A 0.00 kW"}
13:51:58 I shelly_script.cpp:204   script:1 5.9% CPU utilization
13:51:58 I y_notifications.cpp:168 Status change of text:200: {"value":"L1 229.9 V 0.0 A 0.00 kW | L2 230.9 V 0.0 A 0.00 kW | L3 231.4 V 0.0 A 0.00 kW"}
13:52:00 I y_notifications.cpp:168 Status change of text:200: {"value":"L1 230.3 V 0.0 A 0.00 kW | L2 230.8 V 0.0 A 0.00 kW | L3 230.7 V 0.0 A 0.00 kW"}
13:52:02 I y_notifications.cpp:168 Status change of text:200: {"value":"L1 229.9 V 0.0 A 0.00 kW | L2 230.8 V 0.0 A 0.00 kW | L3 231.3 V 0.0 A 0.00 kW"}
13:52:04 I y_notifications.cpp:168 Status change of text:200: {"value":"L1 229.8 V 0.0 A 0.00 kW | L2 230.2 V 0.0 A 0.00 kW | L3 231.2 V 0.0 A 0.00 kW"}
13:52:06 I y_notifications.cpp:168 Status change of text:200: {"value":"L1 230.0 V 0.0 A 0.00 kW | L2 230.7 V 0.0 A 0.00 kW | L3 230.6 V 0.0 A 0.00 kW"}
13:52:08 I shelly_script.cpp:204   script:1 5.9% CPU utilization
13:52:08 I y_notifications.cpp:168 Status change of text:200: {"value":"L1 229.6 V 0.0 A 0.00 kW | L2 230.9 V 0.0 A 0.00 kW | L3 231.3 V 0.0 A 0.00 kW"}
13:52:10 I y_notifications.cpp:168 Status change of text:200: {"value":"L1 230.1 V 0.0 A 0.00 kW | L2 230.5 V 0.0 A 0.00 kW | L3 230.8 V 0.0 A 0.00 kW"}
13:52:12 I y_notifications.cpp:168 Status change of text:200: {"value":"L1 229.7 V 0.0 A 0.00 kW | L2 230.3 V 0.0 A 0.00 kW | L3 231.3 V 0.0 A 0.00 kW"}
13:52:14 I y_notifications.cpp:168 Status change of text:200: {"value":"L1 230.2 V 0.0 A 0.00 kW | L2 230.6 V 0.0 A 0.00 kW | L3 231.2 V 0.0 A 0.00 kW"}
13:52:16 I y_notifications.cpp:168 Status change of text:200: {"value":"L1 230.3 V 0.0 A 0.00 kW | L2 230.0 V 0.0 A 0.00 kW | L3 230.6 V 0.0 A 0.00 kW"}
13:52:18 I y_notifications.cpp:168 Status change of text:200: {"value":"L1 230.3 V 0.0 A 0.00 kW | L2 230.6 V 0.0 A 0.00 kW | L3 230.5 V 0.0 A 0.00 kW"}
13:52:20 I shelly_script.cpp:204   script:1 5.9% CPU utilization
13:52:20 I y_notifications.cpp:168 Status change of text:200: {"value":"L1 230.1 V 0.0 A 0.00 kW | L2 230.0 V 0.0 A 0.00 kW | L3 231.3 V 0.0 A 0.00 kW"}
13:52:22 I y_notifications.cpp:168 Status change of text:200: {"value":"L1 229.8 V 0.0 A 0.00 kW | L2 230.4 V 0.0 A 0.00 kW | L3 230.7 V 0.0 A 0.00 kW"}
13:52:24 I y_notifications.cpp:168 Status change of text:200: {"value":"L1 229.6 V 0.0 A 0.00 kW | L2 230.4 V 0.0 A 0.00 kW | L3 230.9 V 0.0 A 0.00 kW"}
13:52:26 I y_notifications.cpp:168 Status change of text:200: {"value":"L1 230.2 V 0.0 A 0.00 kW | L2 230.3 V 0.0 A 0.00 kW | L3 231.1 V 0.0 A 0.00 kW"}
13:52:28 I y_notifications.cpp:168 Status change of text:200: {"value":"L1 230.1 V 0.0 A 0.00 kW | L2 230.6 V 0.0 A 0.00 kW | L3 230.9 V 0.0 A 0.00 kW"}
13:52:30 I shelly_script.cpp:204   script:1 5.9% CPU utilization
13:52:30 I y_notifications.cpp:168 Status change of text:200: {"value":"L1 229.8 V 0.0 A 0.00 kW | L2 230.4 V 0.0 A 0.00 kW | L3 231.1 V 0.0 A 0.00 kW"}
13:52:32 I y_notifications.cpp:168 Status change of text:200: {"value":"L1 230.3 V 0.0 A 0.00 kW | L2 230.4 V 0.0 A 0.00 kW | L3 230.9 V 0.0 A 0.00 kW"}
13:52:34 I y_notifications.cpp:168 Status change of text:200: {"value":"L1 229.5 V 0.0 A 0.00 kW | L2 230.8 V 0.0 A 0.00 kW | L3 230.7 V 0.0 A 0.00 kW"}
13:52:36 I y_notifications.cpp:168 Status change of text:200: {"value":"L1 230.0 V 0.0 A 0.00 kW | L2 230.9 V 0.0 A 0.00 kW | L3 231.4 V 0.0 A 0.00 kW"}
13:52:38 I y_notifications.cpp:168 Status change of text:200: {"value":"L1 229.5 V 0.0 A 0.00 kW | L2 230.9 V 0.0 A 0.00 kW | L3 230.9 V 0.0 A 0.00 kW"}
13:52:40 I y_notifications.cpp:168 Status change of text:200: {"value":"L1 229.8 V 0.0 A 0.00 kW | L2 230.8 V 0.0 A 0.00 kW | L3 231.4 V 0.0 A 0.00 kW"}
13:52:42 I shelly_script.cpp:204   script:1 5.9% CPU utilization
13:52:42 I y_notifications.cpp:168 Status change of text:200: {"value":"L1 230.4 V 0.0 A 0.00 kW | L2 230.9 V 0.0 A 0.00 kW | L3 231.2 V 0.0 A 0.00 kW"}
13:52:44 I y_notifications.cpp:168 Status change of text:200: {"value":"L1 229.6 V 0.0 A 0.00 kW | L2 230.0 V 0.0 A 0.00 kW | L3 230.7 V 0.0 A 0.00 kW"}
13:52:46 I y_notifications.cpp:168 Status change of text:200: {"value":"L1 229.9 V 0.0 A 0.00 kW | L2 230.2 V 0.0 A 0.00 kW | L3 231.4 V 0.0 A 0.00 kW"}
13:52:48 I y_notifications.cpp:168 Status change of text:200: {"value":"L1 230.3 V 0.0 A 0.00 kW | L2 230.2 V 0.0 A 0.00 kW | L3 230.8 V 0.0 A 0.00 kW"}
13:52:50 I y_notifications.cpp:168 Status change of text:200: {"value":"L1 230.5 V 0.0 A 0.00 kW | L2 230.5 V 0.0 A 0.00 kW | L3 231.3 V 0.0 A 0.00 kW"}
13:52:52 I shelly_script.cpp:204   script:1 5.9% CPU utilization
13:52:52 I y_notifications.cpp:168 Status change of text:200: {"value":"L1 229.5 V 0.0 A 0.00 kW | L2 230.0 V 0.0 A 0.00 kW | L3 230.5 V 0.0 A 0.00 kW"}
13:52:54 I y_notifications.cpp:168 Status change of text:200: {"value":"L1 229.5 V 0.0 A 0.00 kW | L2 230.9 V 0.0 A 0.00 kW | L3 231.0 V 0.0 A 0.00 kW"}
13:52:56 I y_notifications.cpp:168 Status change of text:200: {"value":"L1 229.7 V 0.0 A 0.00 kW | L2 230.4 V 0.0 A 0.00 kW | L3 230.9 V 0.0 A 0.00 kW"}
13:52:58 I y_notifications.cpp:168 Status change of text:200: {"value":"L1 230.4 V 0.0 A 0.00 kW | L2 230.2 V 0.0 A 0.00 kW | L3 230.9 V 0.0 A 0.00 kW"}
13:53:00 I y_notifications.cpp:168 Status change of text:200: {"value":"L1 230.3 V 0.0 A 0.00 kW | L2 230.2 V 0.0 A 0.00 kW | L3 230.6 V 0.0 A 0.00 kW"}
13:53:02 I y_notifications.cpp:168 Status change of text:200: {"value":"L1 229.9 V 0.0 A 0.00 kW | L2 230.6 V 0.0 A 0.00 kW | L3 230.9 V 0.0 A 0.00 kW"}
13:53:04 I shelly_script.cpp:204   script:1 5.9% CPU utilization
13:53:04 I y_notifications.cpp:168 Status change of text:200: {"value":"L1 230.0 V 0.0 A 0.00 kW | L2 230.9 V 0.0 A 0.00 kW | L3 230.8 V 0.0 A 0.00 kW"}
13:53:06 I y_notifications.cpp:168 Status change of text:200: {"value":"L1 229.9 V 0.0 A 0.00 kW | L2 230.4 V 0.0 A 0.00 kW | L3 231.2 V 0.0 A 0.00 kW"}
13:53:08 I y_notifications.cpp:168 Status change of text:200: {"value":"L1 230.4 V 0.0 A 0.00 kW | L2 230.0 V 0.0 A 0.00 kW | L3 230.6 V 0.0 A 0.00 kW"}
13:53:10 I y_notifications.cpp:168 Status change of text:200: {"value":"L1 230.0 V 0.0 A 0.00 kW | L2 230.1 V 0.0 A 0.00 kW | L3 231.2 V 0.0 A 0.00 kW"}
13:53:12 I y_notifications.cpp:168 Status change of text:200: {"value":"L1 230.3 V 0.0 A 0.00 kW | L2 230.7 V 0.0 A 0.00 kW | L3 231.2 V 0.0 A 0.00 kW"}
13:53:14 I y_notifications.cpp:168 Status change of text:200: {"value":"L1 230.4 V 0.0 A 0.00 kW | L2 230.7 V 0.0 A 0.00 kW | L3 230.8 V 0.0 A 0.00 kW"}
13:53:16 I shelly_script.cpp:204   script:1 5.9% CPU utilization
13:53:16 I y_notifications.cpp:168 Status change of text:200: {"value":"L1 229.9 V 0.0 A 0.00 kW | L2 230.5 V 0.0 A 0.00 kW | L3 231.5 V 0.0 A 0.00 kW"}
13:53:18 I y_notifications.cpp:168 Status change of text:200: {"value":"L1 229.9 V 0.0 A 0.00 kW | L2 230.2 V 0.0 A 0.00 kW | L3 230.7 V 0.0 A 0.00 kW"}
13:53:20 I y_notifications.cpp:168 Status change of text:200: {"value":"L1 230.5 V 0.0 A 0.00 kW | L2 230.8 V 0.0 A 0.00 kW | L3 230.8 V 0.0 A 0.00 kW"}
13:53:22 I y_notifications.cpp:168 Status change of text:200: {"value":"L1 230.0 V 0.0 A 0.00 kW | L2 230.5 V 0.0 A 0.00 kW | L3 230.9 V 0.0 A 0.00 kW"}
13:53:24 I y_notifications.cpp:168 Status change of text:200: {"value":"L1 229.9 V 0.0 A 0.00 kW | L2 230.9 V 0.0 A 0.00 kW | L3 230.9 V 0.0 A 0.00 kW"}
13:53:26 I y_notifications.cpp:168 Status change of text:200: {"value":"L1 230.3 V 0.0 A 0.00 kW | L2 230.1 V 0.0 A 0.00 kW | L3 231.4 V 0.0 A 0.00 kW"}
13:53:28 I shelly_script.cpp:204   script:1 5.9% CPU utilization
13:53:28 I y_notifications.cpp:168 Status change of text:200: {"value":"L1 230.0 V 0.0 A 0.00 kW | L2 230.9 V 0.0 A 0.00 kW | L3 231.5 V 0.0 A 0.00 kW"}
13:53:30 I y_notifications.cpp:168 Status change of text:200: {"value":"L1 229.5 V 0.0 A 0.00 kW | L2 230.5 V 0.0 A 0.00 kW | L3 230.9 V 0.0 A 0.00 kW"}
13:53:32 I y_notifications.cpp:168 Status change of text:200: {"value":"L1 230.3 V 0.0 A 0.00 kW | L2 230.5 V 0.0 A 0.00 kW | L3 231.4 V 0.0 A 0.00 kW"}
13:53:34 I y_notifications.cpp:168 Status change of text:200: {"value":"L1 230.1 V 0.0 A 0.00 kW | L2 230.4 V 0.0 A 0.00 kW | L3 231.3 V 0.0 A 0.00 kW"}
13:53:36 I y_notifications.cpp:168 Status change of text:200: {"value":"L1 229.6 V 0.0 A 0.00 kW | L2 230.8 V 0.0 A 0.00 kW | L3 231.2 V 0.0 A 0.00 kW"}
13:53:38 I y_notifications.cpp:168 Status change of text:200: {"value":"L1 229.8 V 0.0 A 0.00 kW | L2 230.7 V 0.0 A 0.00 kW | L3 231.3 V 0.0 A 0.00 kW"}
13:53:40 I shelly_script.cpp:204   script:1 5.9% CPU utilization
13:53:40 I y_notifications.cpp:168 Status change of text:200: {"value":"L1 229.9 V 0.0 A 0.00 kW | L2 230.5 V 0.0 A 0.00 kW | L3 231.4 V 0.0 A 0.00 kW"}
13:53:42 I y_notifications.cpp:168 Status change of text:200: {"value":"L1 229.7 V 0.0 A 0.00 kW | L2 230.9 V 0.0 A 0.00 kW | L3 230.7 V 0.0 A 0.00 kW"}
13:53:44 I y_notifications.cpp:168 Status change of text:200: {"value":"L1 230.3 V 0.0 A 0.00 kW | L2 230.0 V 0.0 A 0.00 kW | L3 231.2 V 0.0 A 0.00 kW"}
13:53:46 I y_notifications.cpp:168 Status change of text:200: {"value":"L1 230.4 V 0.0 A 0.00 kW | L2 230.5 V 0.0 A 0.00 kW | L3 230.6 V 0.0 A 0.00 kW"}
13:53:48 I y_notifications.cpp:168 Status change of text:200: {"value":"L1 229.8 V 0.0 A 0.00 kW | L2 230.6 V 0.0 A 0.00 kW | L3 231.5 V 0.0 A 0.00 kW"}
13:53:50 I shelly_script.cpp:204   script:1 5.9% CPU utilization
13:53:50 I y_notifications.cpp:168 Status change of text:200: {"value":"L1 229.9 V 0.0 A 0.00 kW | L2 230.8 V 0.0 A 0.00 kW | L3 230.7 V 0.0 A 0.00 kW"}
13:53:52 I y_notifications.cpp:168 Status change of text:200: {"value":"L1 229.6 V 0.0 A 0.00 kW | L2 230.7 V 0.0 A 0.00 kW | L3 230.7 V 0.0 A 0.00 kW"}
13:53:54 I y_notifications.cpp:168 Status change of text:200: {"value":"L1 230.3 V 0.0 A 0.00 kW | L2 230.9 V 0.0 A 0.00 kW | L3 230.6 V 0.0 A 0.00 kW"}
13:53:56 I y_notifications.cpp:168 Status change of text:200: {"value":"L1 230.1 V 0.0 A 0.00 kW | L2 230.5 V 0.0 A 0.00 kW | L3 230.8 V 0.0 A 0.00 kW"}
13:53:58 I y_notifications.cpp:168 Status change of text:200: {"value":"L1 229.5 V 0.0 A 0.00 kW | L2 230.6 V 0.0 A 0.00 kW | L3 230.7 V 0.0 A 0.00 kW"}
13:54:00 I y_notifications.cpp:168 Status change of text:200: {"value":"L1 230.4 V 0.0 A 0.00 kW | L2 230.3 V 0.0 A 0.00 kW | L3 230.7 V 0.0 A 0.00 kW"}
13:54:02 I shelly_script.cpp:204   script:1 5.9% CPU utilization
13:54:02 I y_notifications.cpp:168 Status change of text:200: {"value":"L1 229.8 V 0.0 A 0.00 kW | L2 230.7 V 0.0 A 0.00 kW | L3 230.6 V 0.0 A 0.00 kW"}
13:54:04 I y_notifications.cpp:168 Status change of text:200: {"value":"L1 230.5 V 0.0 A 0.00 kW | L2 230.0 V 0.0 A 0.00 kW | L3 230.8 V 0.0 A 0.00 kW"}
13:54:06 I y_notifications.cpp:168 Status change of text:200: {"value":"L1 229.5 V 0.0 A 0.00 kW | L2 230.0 V 0.0 A 0.00 kW | L3 230.9 V 0.0 A 0.00 kW"}
13:54:08 I y_notifications.cpp:168 Status change of text:200: {"value":"L1 229.9 V 0.0 A 0.00 kW | L2 230.4 V 0.0 A 0.00 kW | L3 230.7 V 0.0 A 0.00 kW"}
13:54:10 I y_notifications.cpp:168 Status change of text:200: {"value":"L1 229.9 V 0.0 A 0.00 kW | L2 230.4 V 0.0 A 0.00 kW | L3 230.8 V 0.0 A 0.00 kW"}
13:54:12 I y_notifications.cpp:168 Status change of text:200: {"value":"L1 229.9 V 0.0 A 0.00 kW | L2 230.3 V 0.0 A 0.00 kW | L3 231.3 V 0.0 A 0.00 kW"}
13:54:14 I shelly_script.cpp:204   script:1 5.9% CPU utilization
13:54:14 I y_notifications.cpp:168 Status change of text:200: {"value":"L1 230.1 V 0.0 A 0.00 kW | L2 230.9 V 0.0 A 0.00 kW | L3 231.1 V 0.0 A 0.00 kW"}
13:54:16 I y_notifications.cpp:168 Status change of text:200: {"value":"L1 229.8 V 0.0 A 0.00 kW | L2 230.3 V 0.0 A 0.00 kW | L3 231.1 V 0.0 A 0.00 kW"}
13:54:18 I y_notifications.cpp:168 Status change of text:200: {"value":"L1 229.8 V 0.0 A 0.00 kW | L2 230.8 V 0.0 A 0.00 kW | L3 231.2 V 0.0 A 0.00 kW"}
13:54:20 I y_notifications.cpp:168 Status change of text:200: {"value":"L1 230.5 V 0.0 A 0.00 kW | L2 230.7 V 0.0 A 0.00 kW | L3 230.6 V 0.0 A 0.00 kW"}
13:54:22 I y_notifications.cpp:168 Status change of text:200: {"value":"L1 230.4 V 0.0 A 0.00 kW | L2 230.0 V 0.0 A 0.00 kW | L3 230.8 V 0.0 A 0.00 kW"}
13:54:24 I y_notifications.cpp:168 Status change of text:200: {"value":"L1 229.6 V 0.0 A 0.00 kW | L2 230.8 V 0.0 A 0.00 kW | L3 230.9 V 0.0 A 0.00 kW"}
13:54:26 I shelly_script.cpp:204   script:1 5.9% CPU utilization
13:54:26 I y_notifications.cpp:168 Status change of text:200: {"value":"L1 230.4 V 0.0 A 0.00 kW | L2 230.9 V 0.0 A 0.00 kW | L3 230.6 V 0.0 A 0.00 kW"}
13:54:28 I y_notifications.cpp:168 Status change of text:200: {"value":"L1 230.0 V 0.0 A 0.00 kW | L2 230.5 V 0.0 A 0.00 kW | L3 230.7 V 0.0 A 0.00 kW"}
13:54:28 W y_notifications.cpp:122 ch type=WS_in info=from 192.168.0.57:59773 via ws0 has no DST
13:54:30 I y_notifications.cpp:168 Status change of text:200: {"value":"L1 230.3 V 0.0 A 0.00 kW | L2 230.1 V 0.0 A 0.00 kW | L3 231.1 V 0.0 A 0.00 kW"}
13:54:30 W y_notifications.cpp:122 ch type=WS_in info=from 192.168.0.57:59773 via ws0 has no DST
13:54:32 I y_notifications.cpp:168 Status change of text:200: {"value":"L1 229.9 V 0.0 A 0.00 kW | L2 230.5 V 0.0 A 0.00 kW | L3 230.8 V 0.0 A 0.00 kW"}
13:54:32 W y_notifications.cpp:122 ch type=WS_in info=from 192.168.0.57:59773 via ws0 has no DST
13:54:32 I shos_rpc_inst.c:241     RPC.Ping [27@web-1790247367824] via WS_in from 192.168.0.57:59773 via ws0
13:54:32 I shos_rpc_inst.c:241     Shelly.GetDeviceInfo [28@web-1790247367824] via WS_in from 192.168.0.57:59773 via ws0
13:54:32 I shos_rpc_inst.c:241     Shelly.GetComponents [29@web-1790247367824] via WS_in from 192.168.0.57:59773 via ws0
13:54:32 I shos_rpc_inst.c:241     Shelly.GetComponents [30@web-1790247367824] via WS_in from 192.168.0.57:59773 via ws0
13:54:33 I shos_rpc_inst.c:241     Shelly.GetComponents [31@web-1790247367824] via WS_in from 192.168.0.57:59773 via ws0
13:54:33 I shos_rpc_inst.c:241     Shelly.GetComponents [32@web-1790247367824] via WS_in from 192.168.0.57:59773 via ws0
13:54:33 I shos_rpc_inst.c:241     Schedule.List [33@web-1790247367824] via WS_in from 192.168.0.57:59773 via ws0
13:54:33 I shos_rpc_inst.c:241     Webhook.List [34@web-1790247367824] via WS_in from 192.168.0.57:59773 via ws0
13:54:33 I shos_rpc_inst.c:241     KVS.GetMany [35@web-1790247367824] via WS_in from 192.168.0.57:59773 via ws0
13:54:33 I shos_rpc_inst.c:241     Schedule.List [36@web-1790247367824] via WS_in from 192.168.0.57:59773 via ws0
13:54:33 I shos_rpc_inst.c:241     BLE.ListPairedDevices [37@web-1790247367824] via WS_in from 192.168.0.57:59773 via ws0
13:54:33 I shos_rpc_inst.c:241     Script.GetCode [38@web-1790247367824] via WS_in from 192.168.0.57:59773 via ws0
13:54:33 I lly_scripts_rpc.cpp:372 Sending "script_1.js"
13:54:33 I shos_rpc_inst.c:241     Webhook.ListAllSupported [39@web-1790247367824] via WS_in from 192.168.0.57:59773 via ws0
13:54:33 I shos_rpc_inst.c:241     Shelly.ListMethods [40@web-1790247367824] via WS_in from 192.168.0.57:59773 via ws0
13:54:34 I shos_rpc_inst.c:241     Script.GetCode [41@web-1790247367824] via WS_in from 192.168.0.57:59773 via ws0
13:54:34 I y_notifications.cpp:168 Status change of text:200: {"value":"L1 229.7 V 0.0 A 0.00 kW | L2 230.3 V 0.0 A 0.00 kW | L3 230.8 V 0.0 A 0.00 kW"}
13:54:34 I shos_rpc_inst.c:241     Webhook.ListAllSupported [42@web-1790247367824] via WS_in from 192.168.0.57:59773 via ws0
13:54:34 I shos_rpc_inst.c:241     Script.GetCode [43@web-1790247367824] via WS_in from 192.168.0.57:59773 via ws0
13:54:34 I shos_rpc_inst.c:241     Script.GetCode [44@web-1790247367824] via WS_in from 192.168.0.57:59773 via ws0
13:54:34 I shos_rpc_inst.c:241     Script.GetCode [45@web-1790247367824] via WS_in from 192.168.0.57:59773 via ws0
13:54:34 I shos_rpc_inst.c:241     Script.GetCode [46@web-1790247367824] via WS_in from 192.168.0.57:59773 via ws0
13:54:36 I shelly_script.cpp:204   script:1 5.9% CPU utilization
13:54:36 I y_notifications.cpp:168 Status change of text:200: {"value":"L1 230.0 V 0.0 A 0.00 kW | L2 230.4 V 0.0 A 0.00 kW | L3 231.5 V 0.0 A 0.00 kW"}
13:54:38 I y_notifications.cpp:168 Status change of text:200: {"value":"L1 229.5 V 0.0 A 0.00 kW | L2 230.7 V 0.0 A 0.00 kW | L3 230.8 V 0.0 A 0.00 kW"}
13:54:40 I y_notifications.cpp:168 Status change of text:200: {"value":"L1 229.8 V 0.0 A 0.00 kW | L2 230.8 V 0.0 A 0.00 kW | L3 230.5 V 0.0 A 0.00 kW"}
13:54:42 I y_notifications.cpp:168 Status change of text:200: {"value":"L1 230.0 V 0.0 A 0.00 kW | L2 230.9 V 0.0 A 0.00 kW | L3 231.4 V 0.0 A 0.00 kW"}
13:54:44 I y_notifications.cpp:168 Status change of text:200: {"value":"L1 229.5 V 0.0 A 0.00 kW | L2 230.7 V 0.0 A 0.00 kW | L3 230.8 V 0.0 A 0.00 kW"}
13:54:46 I y_notifications.cpp:168 Status change of text:200: {"value":"L1 230.0 V 0.0 A 0.00 kW | L2 230.0 V 0.0 A 0.00 kW | L3 230.7 V 0.0 A 0.00 kW"}
13:54:48 I shelly_script.cpp:204   script:1 5.9% CPU utilization
13:54:48 I y_notifications.cpp:168 Status change of text:200: {"value":"L1 230.5 V 0.0 A 0.00 kW | L2 230.2 V 0.0 A 0.00 kW | L3 231.1 V 0.0 A 0.00 kW"}
13:54:50 I y_notifications.cpp:168 Status change of text:200: {"value":"L1 230.1 V 0.0 A 0.00 kW | L2 230.4 V 0.0 A 0.00 kW | L3 230.7 V 0.0 A 0.00 kW"}
13:54:52 I y_notifications.cpp:168 Status change of text:200: {"value":"L1 229.8 V 0.0 A 0.00 kW | L2 230.1 V 0.0 A 0.00 kW | L3 230.6 V 0.0 A 0.00 kW"}
13:54:54 I y_notifications.cpp:168 Status change of text:200: {"value":"L1 230.4 V 0.0 A 0.00 kW | L2 230.6 V 0.0 A 0.00 kW | L3 231.0 V 0.0 A 0.00 kW"}
13:54:56 I y_notifications.cpp:168 Status change of text:200: {"value":"L1 230.1 V 0.0 A 0.00 kW | L2 230.6 V 0.0 A 0.00 kW | L3 230.6 V 0.0 A 0.00 kW"}
13:54:58 I y_notifications.cpp:168 Status change of text:200: {"value":"L1 230.5 V 0.0 A 0.00 kW | L2 230.4 V 0.0 A 0.00 kW | L3 230.5 V 0.0 A 0.00 kW"}
13:55:00 I shelly_script.cpp:204   script:1 5.9% CPU utilization
13:55:00 I y_notifications.cpp:168 Status change of text:200: {"value":"L1 230.3 V 0.0 A 0.00 kW | L2 230.1 V 0.0 A 0.00 kW | L3 231.1 V 0.0 A 0.00 kW"}
13:55:02 I y_notifications.cpp:168 Status change of text:200: {"value":"L1 229.6 V 0.0 A 0.00 kW | L2 230.3 V 0.0 A 0.00 kW | L3 230.8 V 0.0 A 0.00 kW"}
13:55:04 I y_notifications.cpp:168 Status change of text:200: {"value":"L1 229.7 V 0.0 A 0.00 kW | L2 230.9 V 0.0 A 0.00 kW | L3 230.6 V 0.0 A 0.00 kW"}
13:55:06 I y_notifications.cpp:168 Status change of text:200: {"value":"L1 229.7 V 0.0 A 0.00 kW | L2 230.4 V 0.0 A 0.00 kW | L3 231.3 V 0.0 A 0.00 kW"}
13:55:08 I y_notifications.cpp:168 Status change of text:200: {"value":"L1 229.8 V 0.0 A 0.00 kW | L2 230.6 V 0.0 A 0.00 kW | L3 231.2 V 0.0 A 0.00 kW"}
13:55:10 I y_notifications.cpp:168 Status change of text:200: {"value":"L1 230.1 V 0.0 A 0.00 kW | L2 230.5 V 0.0 A 0.00 kW | L3 230.9 V 0.0 A 0.00 kW"}
13:55:12 I shelly_script.cpp:204   script:1 5.9% CPU utilization
13:55:12 I y_notifications.cpp:168 Status change of text:200: {"value":"L1 230.5 V 0.0 A 0.00 kW | L2 230.6 V 0.0 A 0.00 kW | L3 231.0 V 0.0 A 0.00 kW"}
13:55:14 I y_notifications.cpp:168 Status change of text:200: {"value":"L1 230.3 V 0.0 A 0.00 kW | L2 230.5 V 0.0 A 0.00 kW | L3 231.4 V 0.0 A 0.00 kW"}
13:55:16 I y_notifications.cpp:168 Status change of text:200: {"value":"L1 230.5 V 0.0 A 0.00 kW | L2 230.9 V 0.0 A 0.00 kW | L3 231.3 V 0.0 A 0.00 kW"}
13:55:18 I y_notifications.cpp:168 Status change of text:200: {"value":"L1 230.4 V 0.0 A 0.00 kW | L2 230.6 V 0.0 A 0.00 kW | L3 231.3 V 0.0 A 0.00 kW"}
13:55:20 I y_notifications.cpp:168 Status change of text:200: {"value":"L1 229.5 V 0.0 A 0.00 kW | L2 230.1 V 0.0 A 0.00 kW | L3 231.4 V 0.0 A 0.00 kW"}
13:55:22 I y_notifications.cpp:168 Status change of text:200: {"value":"L1 229.8 V 0.0 A 0.00 kW | L2 230.6 V 0.0 A 0.00 kW | L3 230.6 V 0.0 A 0.00 kW"}
13:55:24 I shelly_script.cpp:204   script:1 5.9% CPU utilization
13:55:24 I y_notifications.cpp:168 Status change of text:200: {"value":"L1 229.6 V 0.0 A 0.00 kW | L2 230.4 V 0.0 A 0.00 kW | L3 230.9 V 0.0 A 0.00 kW"}
13:55:26 I y_notifications.cpp:168 Status change of text:200: {"value":"L1 230.0 V 0.0 A 0.00 kW | L2 230.3 V 0.0 A 0.00 kW | L3 230.6 V 0.0 A 0.00 kW"}
13:55:28 I y_notifications.cpp:168 Status change of text:200: {"value":"L1 229.8 V 0.0 A 0.00 kW | L2 230.4 V 0.0 A 0.00 kW | L3 231.2 V 0.0 A 0.00 kW"}
13:55:30 I y_notifications.cpp:168 Status change of text:200: {"value":"L1 229.9 V 0.0 A 0.00 kW | L2 230.4 V 0.0 A 0.00 kW | L3 231.0 V 0.0 A 0.00 kW"}
13:55:32 I y_notifications.cpp:168 Status change of text:200: {"value":"L1 229.6 V 0.0 A 0.00 kW | L2 230.5 V 0.0 A 0.00 kW | L3 230.6 V 0.0 A 0.00 kW"}
13:55:34 I y_notifications.cpp:168 Status change of text:200: {"value":"L1 229.7 V 0.0 A 0.00 kW | L2 230.9 V 0.0 A 0.00 kW | L3 231.4 V 0.0 A 0.00 kW"}
13:55:36 I shelly_script.cpp:204   script:1 5.9% CPU utilization
13:55:36 I y_notifications.cpp:168 Status change of text:200: {"value":"L1 229.9 V 0.0 A 0.00 kW | L2 230.7 V 0.0 A 0.00 kW | L3 230.8 V 0.0 A 0.00 kW"}
13:55:38 I y_notifications.cpp:168 Status change of text:200: {"value":"L1 229.7 V 0.0 A 0.00 kW | L2 230.8 V 0.0 A 0.00 kW | L3 230.9 V 0.0 A 0.00 kW"}
13:55:40 I y_notifications.cpp:168 Status change of text:200: {"value":"L1 230.2 V 0.0 A 0.00 kW | L2 230.7 V 0.0 A 0.00 kW | L3 230.9 V 0.0 A 0.00 kW"}
13:55:42 I y_notifications.cpp:168 Status change of text:200: {"value":"L1 229.8 V 0.0 A 0.00 kW | L2 230.6 V 0.0 A 0.00 kW | L3 231.2 V 0.0 A 0.00 kW"}
13:55:44 I y_notifications.cpp:168 Status change of text:200: {"value":"L1 229.9 V 0.0 A 0.00 kW | L2 230.9 V 0.0 A 0.00 kW | L3 230.7 V 0.0 A 0.00 kW"}
13:55:46 I shelly_script.cpp:204   script:1 5.9% CPU utilization
13:55:46 I y_notifications.cpp:168 Status change of text:200: {"value":"L1 229.5 V 0.0 A 0.00 kW | L2 230.1 V 0.0 A 0.00 kW | L3 230.9 V 0.0 A 0.00 kW"}
13:55:48 I y_notifications.cpp:168 Status change of text:200: {"value":"L1 229.7 V 0.0 A 0.00 kW | L2 230.4 V 0.0 A 0.00 kW | L3 230.8 V 0.0 A 0.00 kW"}
13:55:50 I y_notifications.cpp:168 Status change of text:200: {"value":"L1 229.7 V 0.0 A 0.00 kW | L2 230.7 V 0.0 A 0.00 kW | L3 230.9 V 0.0 A 0.00 kW"}
13:55:52 I y_notifications.cpp:168 Status change of text:200: {"value":"L1 229.5 V 0.0 A 0.00 kW | L2 230.8 V 0.0 A 0.00 kW | L3 230.7 V 0.0 A 0.00 kW"}
13:55:54 I y_notifications.cpp:168 Status change of text:200: {"value":"L1 229.7 V 0.0 A 0.00 kW | L2 230.8 V 0.0 A 0.00 kW | L3 230.9 V 0.0 A 0.00 kW"}
13:55:56 I y_notifications.cpp:168 Status change of text:200: {"value":"L1 229.9 V 0.0 A 0.00 kW | L2 230.4 V 0.0 A 0.00 kW | L3 231.4 V 0.0 A 0.00 kW"}
13:55:58 I shelly_script.cpp:204   script:1 5.9% CPU utilization
13:55:58 I y_notifications.cpp:168 Status change of text:200: {"value":"L1 229.9 V 0.0 A 0.00 kW | L2 230.4 V 0.0 A 0.00 kW | L3 231.0 V 0.0 A 0.00 kW"}
13:56:00 I y_notifications.cpp:168 Status change of text:200: {"value":"L1 229.7 V 0.0 A 0.00 kW | L2 230.5 V 0.0 A 0.00 kW | L3 231.1 V 0.0 A 0.00 kW"}
13:56:02 I y_notifications.cpp:168 Status change of text:200: {"value":"L1 229.8 V 0.0 A 0.00 kW | L2 230.9 V 0.0 A 0.00 kW | L3 231.0 V 0.0 A 0.00 kW"}
13:56:04 I y_notifications.cpp:168 Status change of text:200: {"value":"L1 230.2 V 0.0 A 0.00 kW | L2 230.8 V 0.0 A 0.00 kW | L3 230.9 V 0.0 A 0.00 kW"}
13:56:06 I y_notifications.cpp:168 Status change of text:200: {"value":"L1 230.2 V 0.0 A 0.00 kW | L2 230.9 V 0.0 A 0.00 kW | L3 230.9 V 0.0 A 0.00 kW"}
13:56:08 I y_notifications.cpp:168 Status change of text:200: {"value":"L1 229.8 V 0.0 A 0.00 kW | L2 230.8 V 0.0 A 0.00 kW | L3 230.9 V 0.0 A 0.00 kW"}
13:56:10 I shelly_script.cpp:204   script:1 5.9% CPU utilization
13:56:10 I y_notifications.cpp:168 Status change of text:200: {"value":"L1 230.2 V 0.0 A 0.00 kW | L2 230.9 V 0.0 A 0.00 kW | L3 231.3 V 0.0 A 0.00 kW"}
13:56:12 I y_notifications.cpp:168 Status change of text:200: {"value":"L1 230.2 V 0.0 A 0.00 kW | L2 230.9 V 0.0 A 0.00 kW | L3 231.1 V 0.0 A 0.00 kW"}
13:56:14 I y_notifications.cpp:168 Status change of text:200: {"value":"L1 229.9 V 0.0 A 0.00 kW | L2 230.4 V 0.0 A 0.00 kW | L3 230.8 V 0.0 A 0.00 kW"}
13:56:16 I y_notifications.cpp:168 Status change of text:200: {"value":"L1 229.8 V 0.0 A 0.00 kW | L2 230.4 V 0.0 A 0.00 kW | L3 230.9 V 0.0 A 0.00 kW"}
13:56:18 I y_notifications.cpp:168 Status change of text:200: {"value":"L1 229.5 V 0.0 A 0.00 kW | L2 230.6 V 0.0 A 0.00 kW | L3 230.9 V 0.0 A 0.00 kW"}
13:56:20 I shelly_script.cpp:204   script:1 5.9% CPU utilization
13:56:20 I y_notifications.cpp:168 Status change of text:200: {"value":"L1 230.3 V 0.0 A 0.00 kW | L2 230.2 V 0.0 A 0.00 kW | L3 230.5 V 0.0 A 0.00 kW"}
13:56:22 I y_notifications.cpp:168 Status change of text:200: {"value":"L1 229.6 V 0.0 A 0.00 kW | L2 230.9 V 0.0 A 0.00 kW | L3 231.4 V 0.0 A 0.00 kW"}
13:56:24 I y_notifications.cpp:168 Status change of text:200: {"value":"L1 229.5 V 0.0 A 0.00 kW | L2 230.7 V 0.0 A 0.00 kW | L3 231.1 V 0.0 A 0.00 kW"}
13:56:26 I y_notifications.cpp:168 Status change of text:200: {"value":"L1 229.6 V 0.0 A 0.00 kW | L2 230.2 V 0.0 A 0.00 kW | L3 230.9 V 0.0 A 0.00 kW"}
13:56:28 I y_notifications.cpp:168 Status change of text:200: {"value":"L1 230.3 V 0.0 A 0.00 kW | L2 230.1 V 0.0 A 0.00 kW | L3 230.7 V 0.0 A 0.00 kW"}
13:56:30 I y_notifications.cpp:168 Status change of text:200: {"value":"L1 230.0 V 0.0 A 0.00 kW | L2 230.7 V 0.0 A 0.00 kW | L3 230.8 V 0.0 A 0.00 kW"}
13:56:32 I shelly_script.cpp:204   script:1 5.9% CPU utilization
13:56:32 I y_notifications.cpp:168 Status change of text:200: {"value":"L1 230.2 V 0.0 A 0.00 kW | L2 230.2 V 0.0 A 0.00 kW | L3 231.5 V 0.0 A 0.00 kW"}
13:56:34 I y_notifications.cpp:168 Status change of text:200: {"value":"L1 229.9 V 0.0 A 0.00 kW | L2 230.8 V 0.0 A 0.00 kW | L3 231.1 V 0.0 A 0.00 kW"}
13:56:36 I y_notifications.cpp:168 Status change of text:200: {"value":"L1 230.4 V 0.0 A 0.00 kW | L2 230.3 V 0.0 A 0.00 kW | L3 231.3 V 0.0 A 0.00 kW"}
13:56:38 I y_notifications.cpp:168 Status change of text:200: {"value":"L1 229.9 V 0.0 A 0.00 kW | L2 230.4 V 0.0 A 0.00 kW | L3 231.5 V 0.0 A 0.00 kW"}
13:56:40 I y_notifications.cpp:168 Status change of text:200: {"value":"L1 230.5 V 0.0 A 0.00 kW | L2 230.9 V 0.0 A 0.00 kW | L3 230.9 V 0.0 A 0.00 kW"}
13:56:42 I y_notifications.cpp:168 Status change of text:200: {"value":"L1 229.6 V 0.0 A 0.00 kW | L2 230.7 V 0.0 A 0.00 kW | L3 230.5 V 0.0 A 0.00 kW"}
13:56:44 I shelly_script.cpp:204   script:1 5.9% CPU utilization
13:56:44 I y_notifications.cpp:168 Status change of text:200: {"value":"L1 230.4 V 0.0 A 0.00 kW | L2 230.4 V 0.0 A 0.00 kW | L3 231.4 V 0.0 A 0.00 kW"}
13:56:46 I y_notifications.cpp:168 Status change of text:200: {"value":"L1 230.1 V 0.0 A 0.00 kW | L2 230.3 V 0.0 A 0.00 kW | L3 230.9 V 0.0 A 0.00 kW"}
13:56:48 I y_notifications.cpp:168 Status change of text:200: {"value":"L1 229.9 V 0.0 A 0.00 kW | L2 230.5 V 0.0 A 0.00 kW | L3 231.1 V 0.0 A 0.00 kW"}
13:56:50 I y_notifications.cpp:168 Status change of text:200: {"value":"L1 229.9 V 0.0 A 0.00 kW | L2 230.6 V 0.0 A 0.00 kW | L3 230.7 V 0.0 A 0.00 kW"}
13:56:52 I y_notifications.cpp:168 Status change of text:200: {"value":"L1 230.3 V 0.0 A 0.00 kW | L2 230.9 V 0.0 A 0.00 kW | L3 231.2 V 0.0 A 0.00 kW"}
13:56:54 I shelly_script.cpp:204   script:1 5.9% CPU utilization
13:56:54 I y_notifications.cpp:168 Status change of text:200: {"value":"L1 230.4 V 0.0 A 0.00 kW | L2 230.0 V 0.0 A 0.00 kW | L3 231.4 V 0.0 A 0.00 kW"}
13:56:56 I y_notifications.cpp:168 Status change of text:200: {"value":"L1 230.4 V 0.0 A 0.00 kW | L2 230.4 V 0.0 A 0.00 kW | L3 230.9 V 0.0 A 0.00 kW"}
13:56:58 I y_notifications.cpp:168 Status change of text:200: {"value":"L1 229.8 V 0.0 A 0.00 kW | L2 230.5 V 0.0 A 0.00 kW | L3 231.4 V 0.0 A 0.00 kW"}
13:57:00 I y_notifications.cpp:168 Status change of text:200: {"value":"L1 229.7 V 0.0 A 0.00 kW | L2 230.2 V 0.0 A 0.00 kW | L3 230.9 V 0.0 A 0.00 kW"}
13:57:02 I y_notifications.cpp:168 Status change of text:200: {"value":"L1 229.9 V 0.0 A 0.00 kW | L2 230.6 V 0.0 A 0.00 kW | L3 231.1 V 0.0 A 0.00 kW"}
13:57:04 I y_notifications.cpp:168 Status change of text:200: {"value":"L1 230.5 V 0.0 A 0.00 kW | L2 230.9 V 0.0 A 0.00 kW | L3 231.4 V 0.0 A 0.00 kW"}
13:57:06 I shelly_script.cpp:204   script:1 5.9% CPU utilization
13:57:06 I y_notifications.cpp:168 Status change of text:200: {"value":"L1 230.3 V 0.0 A 0.00 kW | L2 230.5 V 0.0 A 0.00 kW | L3 230.7 V 0.0 A 0.00 kW"}
13:57:08 I y_notifications.cpp:168 Status change of text:200: {"value":"L1 230.3 V 0.0 A 0.00 kW | L2 230.2 V 0.0 A 0.00 kW | L3 231.3 V 0.0 A 0.00 kW"}
13:57:10 I y_notifications.cpp:168 Status change of text:200: {"value":"L1 230.1 V 0.0 A 0.00 kW | L2 230.9 V 0.0 A 0.00 kW | L3 231.2 V 0.0 A 0.00 kW"}
13:57:12 I y_notifications.cpp:168 Status change of text:200: {"value":"L1 229.9 V 0.0 A 0.00 kW | L2 230.9 V 0.0 A 0.00 kW | L3 230.9 V 0.0 A 0.00 kW"}
13:57:14 I y_notifications.cpp:168 Status change of text:200: {"value":"L1 230.5 V 0.0 A 0.00 kW | L2 230.9 V 0.0 A 0.00 kW | L3 230.9 V 0.0 A 0.00 kW"}
13:57:16 I shelly_script.cpp:204   script:1 5.9% CPU utilization
13:57:16 I y_notifications.cpp:168 Status change of text:200: {"value":"L1 230.3 V 0.0 A 0.00 kW | L2 230.3 V 0.0 A 0.00 kW | L3 231.3 V 0.0 A 0.00 kW"}
13:57:18 I y_notifications.cpp:168 Status change of text:200: {"value":"L1 230.4 V 0.0 A 0.00 kW | L2 230.9 V 0.0 A 0.00 kW | L3 231.4 V 0.0 A 0.00 kW"}
13:57:20 I y_notifications.cpp:168 Status change of text:200: {"value":"L1 229.9 V 0.0 A 0.00 kW | L2 230.0 V 0.0 A 0.00 kW | L3 231.5 V 0.0 A 0.00 kW"}
13:57:22 I y_notifications.cpp:168 Status change of text:200: {"value":"L1 230.4 V 0.0 A 0.00 kW | L2 230.8 V 0.0 A 0.00 kW | L3 231.0 V 0.0 A 0.00 kW"}
13:57:24 I y_notifications.cpp:168 Status change of text:200: {"value":"L1 230.1 V 0.0 A 0.00 kW | L2 230.7 V 0.0 A 0.00 kW | L3 231.4 V 0.0 A 0.00 kW"}
13:57:26 I shelly_script.cpp:204   script:1 5.9% CPU utilization
13:57:26 I y_notifications.cpp:168 Status change of text:200: {"value":"L1 230.2 V 0.0 A 0.00 kW | L2 230.3 V 0.0 A 0.00 kW | L3 231.2 V 0.0 A 0.00 kW"}
13:57:28 I y_notifications.cpp:168 Status change of text:200: {"value":"L1 229.5 V 0.0 A 0.00 kW | L2 230.9 V 0.0 A 0.00 kW | L3 230.5 V 0.0 A 0.00 kW"}
13:57:30 I y_notifications.cpp:168 Status change of text:200: {"value":"L1 230.4 V 0.0 A 0.00 kW | L2 230.0 V 0.0 A 0.00 kW | L3 230.7 V 0.0 A 0.00 kW"}
13:57:32 I y_notifications.cpp:168 Status change of text:200: {"value":"L1 229.6 V 0.0 A 0.00 kW | L2 230.3 V 0.0 A 0.00 kW | L3 230.7 V 0.0 A 0.00 kW"}
13:57:34 I y_notifications.cpp:168 Status change of text:200: {"value":"L1 230.3 V 0.0 A 0.00 kW | L2 230.9 V 0.0 A 0.00 kW | L3 230.6 V 0.0 A 0.00 kW"}
13:57:36 I y_notifications.cpp:168 Status change of text:200: {"value":"L1 229.7 V 0.0 A 0.00 kW | L2 230.5 V 0.0 A 0.00 kW | L3 230.7 V 0.0 A 0.00 kW"}
13:57:38 I shelly_script.cpp:204   script:1 5.9% CPU utilization
13:57:38 I y_notifications.cpp:168 Status change of text:200: {"value":"L1 230.3 V 0.0 A 0.00 kW | L2 230.3 V 0.0 A 0.00 kW | L3 231.4 V 0.0 A 0.00 kW"}
13:57:40 I y_notifications.cpp:168 Status change of text:200: {"value":"L1 229.9 V 0.0 A 0.00 kW | L2 230.8 V 0.0 A 0.00 kW | L3 230.7 V 0.0 A 0.00 kW"}
13:57:42 I y_notifications.cpp:168 Status change of text:200: {"value":"L1 229.9 V 0.0 A 0.00 kW | L2 230.6 V 0.0 A 0.00 kW | L3 230.9 V 0.0 A 0.00 kW"}
13:57:44 I y_notifications.cpp:168 Status change of text:200: {"value":"L1 229.8 V 0.0 A 0.00 kW | L2 230.1 V 0.0 A 0.00 kW | L3 230.7 V 0.0 A 0.00 kW"}
13:57:46 I y_notifications.cpp:168 Status change of text:200: {"value":"L1 230.3 V 0.0 A 0.00 kW | L2 230.1 V 0.0 A 0.00 kW | L3 231.5 V 0.0 A 0.00 kW"}
13:57:48 I y_notifications.cpp:168 Status change of text:200: {"value":"L1 230.2 V 0.0 A 0.00 kW | L2 230.4 V 0.0 A 0.00 kW | L3 231.2 V 0.0 A 0.00 kW"}
13:57:50 I shelly_script.cpp:204   script:1 5.9% CPU utilization
13:57:50 I y_notifications.cpp:168 Status change of text:200: {"value":"L1 230.0 V 0.0 A 0.00 kW | L2 230.4 V 0.0 A 0.00 kW | L3 230.7 V 0.0 A 0.00 kW"}
13:57:52 I y_notifications.cpp:168 Status change of text:200: {"value":"L1 230.3 V 0.0 A 0.00 kW | L2 230.6 V 0.0 A 0.00 kW | L3 230.7 V 0.0 A 0.00 kW"}
13:57:54 I y_notifications.cpp:168 Status change of text:200: {"value":"L1 230.0 V 0.0 A 0.00 kW | L2 230.9 V 0.0 A 0.00 kW | L3 231.5 V 0.0 A 0.00 kW"}
13:57:56 I y_notifications.cpp:168 Status change of text:200: {"value":"L1 230.5 V 0.0 A 0.00 kW | L2 230.7 V 0.0 A 0.00 kW | L3 230.5 V 0.0 A 0.00 kW"}
13:57:58 I y_notifications.cpp:168 Status change of text:200: {"value":"L1 230.2 V 0.0 A 0.00 kW | L2 230.9 V 0.0 A 0.00 kW | L3 230.9 V 0.0 A 0.00 kW"}
13:58:00 I y_notifications.cpp:168 Status change of text:200: {"value":"L1 230.0 V 0.0 A 0.00 kW | L2 230.7 V 0.0 A 0.00 kW | L3 230.5 V 0.0 A 0.00 kW"}
13:58:02 I shelly_script.cpp:204   script:1 5.9% CPU utilization
13:58:02 I y_notifications.cpp:168 Status change of text:200: {"value":"L1 229.6 V 0.0 A 0.00 kW | L2 230.7 V 0.0 A 0.00 kW | L3 231.3 V 0.0 A 0.00 kW"}
13:58:04 I y_notifications.cpp:168 Status change of text:200: {"value":"L1 230.5 V 0.0 A 0.00 kW | L2 230.5 V 0.0 A 0.00 kW | L3 231.1 V 0.0 A 0.00 kW"}
13:58:06 I y_notifications.cpp:168 Status change of text:200: {"value":"L1 229.7 V 0.0 A 0.00 kW | L2 230.1 V 0.0 A 0.00 kW | L3 231.2 V 0.0 A 0.00 kW"}
13:58:08 I y_notifications.cpp:168 Status change of text:200: {"value":"L1 229.9 V 0.0 A 0.00 kW | L2 230.9 V 0.0 A 0.00 kW | L3 230.9 V 0.0 A 0.00 kW"}
13:58:10 I y_notifications.cpp:168 Status change of text:200: {"value":"L1 230.2 V 0.0 A 0.00 kW | L2 230.4 V 0.0 A 0.00 kW | L3 230.9 V 0.0 A 0.00 kW"}
13:58:12 I shelly_script.cpp:204   script:1 5.9% CPU utilization
13:58:12 I y_notifications.cpp:168 Status change of text:200: {"value":"L1 229.9 V 0.0 A 0.00 kW | L2 230.9 V 0.0 A 0.00 kW | L3 231.1 V 0.0 A 0.00 kW"}
13:58:14 I y_notifications.cpp:168 Status change of text:200: {"value":"L1 230.3 V 0.0 A 0.00 kW | L2 230.2 V 0.0 A 0.00 kW | L3 231.1 V 0.0 A 0.00 kW"}
13:58:16 I y_notifications.cpp:168 Status change of text:200: {"value":"L1 230.1 V 0.0 A 0.00 kW | L2 230.3 V 0.0 A 0.00 kW | L3 230.6 V 0.0 A 0.00 kW"}
13:58:18 I y_notifications.cpp:168 Status change of text:200: {"value":"L1 230.4 V 0.0 A 0.00 kW | L2 230.6 V 0.0 A 0.00 kW | L3 230.9 V 0.0 A 0.00 kW"}
13:58:20 I y_notifications.cpp:168 Status change of text:200: {"value":"L1 230.2 V 0.0 A 0.00 kW | L2 230.4 V 0.0 A 0.00 kW | L3 231.0 V 0.0 A 0.00 kW"}
13:58:22 I y_notifications.cpp:168 Status change of text:200: {"value":"L1 230.1 V 0.0 A 0.00 kW | L2 230.2 V 0.0 A 0.00 kW | L3 230.5 V 0.0 A 0.00 kW"}
13:58:24 I shelly_script.cpp:204   script:1 5.9% CPU utilization
13:58:24 I y_notifications.cpp:168 Status change of text:200: {"value":"L1 229.5 V 0.0 A 0.00 kW | L2 230.5 V 0.0 A 0.00 kW | L3 231.1 V 0.0 A 0.00 kW"}
13:58:26 I y_notifications.cpp:168 Status change of text:200: {"value":"L1 230.1 V 0.0 A 0.00 kW | L2 230.9 V 0.0 A 0.00 kW | L3 230.7 V 0.0 A 0.00 kW"}
13:58:28 I y_notifications.cpp:168 Status change of text:200: {"value":"L1 229.5 V 0.0 A 0.00 kW | L2 230.7 V 0.0 A 0.00 kW | L3 231.3 V 0.0 A 0.00 kW"}
13:58:30 I y_notifications.cpp:168 Status change of text:200: {"value":"L1 230.2 V 0.0 A 0.00 kW | L2 230.5 V 0.0 A 0.00 kW | L3 231.4 V 0.0 A 0.00 kW"}
13:58:32 I y_notifications.cpp:168 Status change of text:200: {"value":"L1 230.4 V 0.0 A 0.00 kW | L2 230.6 V 0.0 A 0.00 kW | L3 230.9 V 0.0 A 0.00 kW"}
13:58:34 I y_notifications.cpp:168 Status change of text:200: {"value":"L1 230.2 V 0.0 A 0.00 kW | L2 230.9 V 0.0 A 0.00 kW | L3 230.7 V 0.0 A 0.00 kW"}
13:58:36 I shelly_script.cpp:204   script:1 5.9% CPU utilization
13:58:36 I y_notifications.cpp:168 Status change of text:200: {"value":"L1 229.7 V 0.0 A 0.00 kW | L2 230.9 V 0.0 A 0.00 kW | L3 231.4 V 0.0 A 0.00 kW"}
13:58:38 I y_notifications.cpp:168 Status change of text:200: {"value":"L1 229.7 V 0.0 A 0.00 kW | L2 230.2 V 0.0 A 0.00 kW | L3 231.3 V 0.0 A 0.00 kW"}
13:58:40 I y_notifications.cpp:168 Status change of text:200: {"value":"L1 230.0 V 0.0 A 0.00 kW | L2 230.8 V 0.0 A 0.00 kW | L3 230.9 V 0.0 A 0.00 kW"}
13:58:42 I y_notifications.cpp:168 Status change of text:200: {"value":"L1 229.8 V 0.0 A 0.00 kW | L2 230.9 V 0.0 A 0.00 kW | L3 230.8 V 0.0 A 0.00 kW"}
13:58:44 I y_notifications.cpp:168 Status change of text:200: {"value":"L1 230.4 V 0.0 A 0.00 kW | L2 230.9 V 0.0 A 0.00 kW | L3 230.7 V 0.0 A 0.00 kW"}
13:58:46 I y_notifications.cpp:168 Status change of text:200: {"value":"L1 230.0 V 0.0 A 0.00 kW | L2 230.7 V 0.0 A 0.00 kW | L3 230.7 V 0.0 A 0.00 kW"}
13:58:48 I shelly_script.cpp:204   script:1 5.9% CPU utilization
13:58:48 I y_notifications.cpp:168 Status change of text:200: {"value":"L1 230.3 V 0.0 A 0.00 kW | L2 230.1 V 0.0 A 0.00 kW | L3 231.1 V 0.0 A 0.00 kW"}
13:58:50 I y_notifications.cpp:168 Status change of text:200: {"value":"L1 229.5 V 0.0 A 0.00 kW | L2 230.9 V 0.0 A 0.00 kW | L3 231.4 V 0.0 A 0.00 kW"}
13:58:52 I y_notifications.cpp:168 Status change of text:200: {"value":"L1 229.6 V 0.0 A 0.00 kW | L2 230.7 V 0.0 A 0.00 kW | L3 230.9 V 0.0 A 0.00 kW"}
13:58:54 I y_notifications.cpp:168 Status change of text:200: {"value":"L1 230.0 V 0.0 A 0.00 kW | L2 230.9 V 0.0 A 0.00 kW | L3 230.7 V 0.0 A 0.00 kW"}
13:58:56 I y_notifications.cpp:168 Status change of text:200: {"value":"L1 229.9 V 0.0 A 0.00 kW | L2 230.5 V 0.0 A 0.00 kW | L3 230.9 V 0.0 A 0.00 kW"}
13:58:58 I shelly_script.cpp:204   script:1 5.9% CPU utilization
13:58:58 I y_notifications.cpp:168 Status change of text:200: {"value":"L1 230.5 V 0.0 A 0.00 kW | L2 230.5 V 0.0 A 0.00 kW | L3 230.9 V 0.0 A 0.00 kW"}
13:59:00 I y_notifications.cpp:168 Status change of text:200: {"value":"L1 230.0 V 0.0 A 0.00 kW | L2 230.8 V 0.0 A 0.00 kW | L3 230.8 V 0.0 A 0.00 kW"}
13:59:02 I y_notifications.cpp:168 Status change of text:200: {"value":"L1 229.6 V 0.0 A 0.00 kW | L2 230.4 V 0.0 A 0.00 kW | L3 230.6 V 0.0 A 0.00 kW"}
13:59:04 I y_notifications.cpp:168 Status change of text:200: {"value":"L1 229.8 V 0.0 A 0.00 kW | L2 230.9 V 0.0 A 0.00 kW | L3 230.6 V 0.0 A 0.00 kW"}
13:59:06 I y_notifications.cpp:168 Status change of text:200: {"value":"L1 229.6 V 0.0 A 0.00 kW | L2 230.7 V 0.0 A 0.00 kW | L3 231.2 V 0.0 A 0.00 kW"}
13:59:08 I shelly_script.cpp:204   script:1 5.9% CPU utilization
13:59:08 I y_notifications.cpp:168 Status change of text:200: {"value":"L1 230.4 V 0.0 A 0.00 kW | L2 230.8 V 0.0 A 0.00 kW | L3 231.2 V 0.0 A 0.00 kW"}
13:59:10 I y_notifications.cpp:168 Status change of text:200: {"value":"L1 230.5 V 0.0 A 0.00 kW | L2 230.2 V 0.0 A 0.00 kW | L3 230.8 V 0.0 A 0.00 kW"}
13:59:12 I y_notifications.cpp:168 Status change of text:200: {"value":"L1 230.2 V 0.0 A 0.00 kW | L2 230.1 V 0.0 A 0.00 kW | L3 230.7 V 0.0 A 0.00 kW"}
13:59:14 I y_notifications.cpp:168 Status change of text:200: {"value":"L1 230.2 V 0.0 A 0.00 kW | L2 230.4 V 0.0 A 0.00 kW | L3 230.6 V 0.0 A 0.00 kW"}
13:59:16 I y_notifications.cpp:168 Status change of text:200: {"value":"L1 230.2 V 0.0 A 0.00 kW | L2 230.3 V 0.0 A 0.00 kW | L3 231.1 V 0.0 A 0.00 kW"}
13:59:18 I y_notifications.cpp:168 Status change of text:200: {"value":"L1 229.6 V 0.0 A 0.00 kW | L2 230.5 V 0.0 A 0.00 kW | L3 231.4 V 0.0 A 0.00 kW"}
13:59:20 I shelly_script.cpp:204   script:1 5.9% CPU utilization
13:59:20 I y_notifications.cpp:168 Status change of text:200: {"value":"L1 229.9 V 0.0 A 0.00 kW | L2 230.0 V 0.0 A 0.00 kW | L3 230.8 V 0.0 A 0.00 kW"}
13:59:22 I y_notifications.cpp:168 Status change of text:200: {"value":"L1 229.6 V 0.0 A 0.00 kW | L2 230.7 V 0.0 A 0.00 kW | L3 230.9 V 0.0 A 0.00 kW"}
13:59:24 I y_notifications.cpp:168 Status change of text:200: {"value":"L1 229.8 V 0.0 A 0.00 kW | L2 230.1 V 0.0 A 0.00 kW | L3 230.6 V 0.0 A 0.00 kW"}
13:59:26 I y_notifications.cpp:168 Status change of text:200: {"value":"L1 229.9 V 0.0 A 0.00 kW | L2 230.0 V 0.0 A 0.00 kW | L3 230.6 V 0.0 A 0.00 kW"}
13:59:28 I y_notifications.cpp:168 Status change of text:200: {"value":"L1 229.7 V 0.0 A 0.00 kW | L2 230.8 V 0.0 A 0.00 kW | L3 230.7 V 0.0 A 0.00 kW"}
13:59:30 I y_notifications.cpp:168 Status change of text:200: {"value":"L1 230.4 V 0.0 A 0.00 kW | L2 230.5 V 0.0 A 0.00 kW | L3 231.1 V 0.0 A 0.00 kW"}
13:59:32 I shelly_script.cpp:204   script:1 5.9% CPU utilization
13:59:32 I y_notifications.cpp:168 Status change of text:200: {"value":"L1 229.6 V 0.0 A 0.00 kW | L2 230.9 V 0.0 A 0.00 kW | L3 231.1 V 0.0 A 0.00 kW"}
13:59:34 I y_notifications.cpp:168 Status change of text:200: {"value":"L1 229.7 V 0.0 A 0.00 kW | L2 230.4 V 0.0 A 0.00 kW | L3 231.1 V 0.0 A 0.00 kW"}
13:59:36 I y_notifications.cpp:168 Status change of text:200: {"value":"L1 229.5 V 0.0 A 0.00 kW | L2 230.2 V 0.0 A 0.00 kW | L3 231.5 V 0.0 A 0.00 kW"}
13:59:38 I y_notifications.cpp:168 Status change of text:200: {"value":"L1 230.0 V 0.0 A 0.00 kW | L2 230.8 V 0.0 A 0.00 kW | L3 230.7 V 0.0 A 0.00 kW"}
13:59:40 I y_notifications.cpp:168 Status change of text:200: {"value":"L1 230.5 V 0.0 A 0.00 kW | L2 230.4 V 0.0 A 0.00 kW | L3 231.1 V 0.0 A 0.00 kW"}
13:59:42 I y_notifications.cpp:168 Status change of text:200: {"value":"L1 229.7 V 0.0 A 0.00 kW | L2 230.6 V 0.0 A 0.00 kW | L3 231.4 V 0.0 A 0.00 kW"}
13:59:44 I shelly_script.cpp:204   script:1 5.9% CPU utilization
13:59:44 I y_notifications.cpp:168 Status change of text:200: {"value":"L1 230.4 V 0.0 A 0.00 kW | L2 230.1 V 0.0 A 0.00 kW | L3 230.8 V 0.0 A 0.00 kW"}
13:59:46 I y_notifications.cpp:168 Status change of text:200: {"value":"L1 229.9 V 0.0 A 0.00 kW | L2 230.2 V 0.0 A 0.00 kW | L3 231.3 V 0.0 A 0.00 kW"}
13:59:48 I y_notifications.cpp:168 Status change of text:200: {"value":"L1 229.8 V 0.0 A 0.00 kW | L2 230.6 V 0.0 A 0.00 kW | L3 230.8 V 0.0 A 0.00 kW"}
13:59:50 I y_notifications.cpp:168 Status change of text:200: {"value":"L1 229.6 V 0.0 A 0.00 kW | L2 230.5 V 0.0 A 0.00 kW | L3 230.9 V 0.0 A 0.00 kW"}
13:59:52 I y_notifications.cpp:168 Status change of text:200: {"value":"L1 229.7 V 0.0 A 0.00 kW | L2 230.5 V 0.0 A 0.00 kW | L3 231.2 V 0.0 A 0.00 kW"}
13:59:54 I shelly_script.cpp:204   script:1 5.9% CPU utilization
13:59:54 I y_notifications.cpp:168 Status change of text:200: {"value":"L1 229.8 V 0.0 A 0.00 kW | L2 230.5 V 0.0 A 0.00 kW | L3 230.6 V 0.0 A 0.00 kW"}
13:59:56 I y_notifications.cpp:168 Status change of text:200: {"value":"L1 229.5 V 0.0 A 0.00 kW | L2 230.8 V 0.0 A 0.00 kW | L3 231.2 V 0.0 A 0.00 kW"}
13:59:58 I y_notifications.cpp:168 Status change of text:200: {"value":"L1 229.9 V 0.0 A 0.00 kW | L2 230.2 V 0.0 A 0.00 kW | L3 230.8 V 0.0 A 0.00 kW"}
14:00:00 I y_notifications.cpp:168 Status change of text:200: {"value":"L1 229.6 V 0.0 A 0.00 kW | L2 230.3 V 0.0 A 0.00 kW | L3 230.8 V 0.0 A 0.00 kW"}
14:00:02 I y_notifications.cpp:168 Status change of text:200: {"value":"L1 230.5 V 0.0 A 0.00 kW | L2 230.5 V 0.0 A 0.00 kW | L3 231.0 V 0.0 A 0.00 kW"}
14:00:04 I y_notifications.cpp:168 Status change of text:200: {"value":"L1 229.6 V 0.0 A 0.00 kW | L2 230.3 V 0.0 A 0.00 kW | L3 230.6 V 0.0 A 0.00 kW"}
14:00:06 I shelly_script.cpp:204   script:1 5.9% CPU utilization
14:00:06 I y_notifications.cpp:168 Status change of text:200: {"value":"L1 229.6 V 0.0 A 0.00 kW | L2 230.1 V 0.0 A 0.00 kW | L3 230.9 V 0.0 A 0.00 kW"}
14:00:08 I y_notifications.cpp:168 Status change of text:200: {"value":"L1 230.1 V 0.0 A 0.00 kW | L2 230.1 V 0.0 A 0.00 kW | L3 230.5 V 0.0 A 0.00 kW"}
14:00:10 I y_notifications.cpp:168 Status change of text:200: {"value":"L1 229.9 V 0.0 A 0.00 kW | L2 230.3 V 0.0 A 0.00 kW | L3 231.0 V 0.0 A 0.00 kW"}
14:00:12 I y_notifications.cpp:168 Status change of text:200: {"value":"L1 230.0 V 0.0 A 0.00 kW | L2 230.5 V 0.0 A 0.00 kW | L3 231.1 V 0.0 A 0.00 kW"}
14:00:14 I y_notifications.cpp:168 Status change of text:200: {"value":"L1 229.6 V 0.0 A 0.00 kW | L2 230.0 V 0.0 A 0.00 kW | L3 230.9 V 0.0 A 0.00 kW"}
14:00:16 I shelly_script.cpp:204   script:1 5.9% CPU utilization
14:00:16 I y_notifications.cpp:168 Status change of text:200: {"value":"L1 230.3 V 0.0 A 0.00 kW | L2 230.8 V 0.0 A 0.00 kW | L3 230.7 V 0.0 A 0.00 kW"}
14:00:18 I y_notifications.cpp:168 Status change of text:200: {"value":"L1 230.2 V 0.0 A 0.00 kW | L2 230.3 V 0.0 A 0.00 kW | L3 231.3 V 0.0 A 0.00 kW"}
14:00:20 I y_notifications.cpp:168 Status change of text:200: {"value":"L1 229.7 V 0.0 A 0.00 kW | L2 230.2 V 0.0 A 0.00 kW | L3 231.1 V 0.0 A 0.00 kW"}
14:00:22 I y_notifications.cpp:168 Status change of text:200: {"value":"L1 230.4 V 0.0 A 0.00 kW | L2 230.5 V 0.0 A 0.00 kW | L3 231.4 V 0.0 A 0.00 kW"}
14:00:24 I y_notifications.cpp:168 Status change of text:200: {"value":"L1 229.9 V 0.0 A 0.00 kW | L2 230.2 V 0.0 A 0.00 kW | L3 230.9 V 0.0 A 0.00 kW"}
14:00:26 I y_notifications.cpp:168 Status change of text:200: {"value":"L1 229.9 V 0.0 A 0.00 kW | L2 230.6 V 0.0 A 0.00 kW | L3 231.2 V 0.0 A 0.00 kW"}
14:00:28 I shelly_script.cpp:204   script:1 5.9% CPU utilization
14:00:28 I y_notifications.cpp:168 Status change of text:200: {"value":"L1 230.3 V 0.0 A 0.00 kW | L2 230.9 V 0.0 A 0.00 kW | L3 231.3 V 0.0 A 0.00 kW"}
14:00:30 I y_notifications.cpp:168 Status change of text:200: {"value":"L1 230.4 V 0.0 A 0.00 kW | L2 230.8 V 0.0 A 0.00 kW | L3 231.1 V 0.0 A 0.00 kW"}
14:00:32 I y_notifications.cpp:168 Status change of text:200: {"value":"L1 230.4 V 0.0 A 0.00 kW | L2 230.7 V 0.0 A 0.00 kW | L3 231.2 V 0.0 A 0.00 kW"}
14:00:34 I y_notifications.cpp:168 Status change of text:200: {"value":"L1 230.5 V 0.0 A 0.00 kW | L2 230.9 V 0.0 A 0.00 kW | L3 231.2 V 0.0 A 0.00 kW"}
14:00:36 I y_notifications.cpp:168 Status change of text:200: {"value":"L1 229.5 V 0.0 A 0.00 kW | L2 230.9 V 0.0 A 0.00 kW | L3 230.7 V 0.0 A 0.00 kW"}
14:00:38 I y_notifications.cpp:168 Status change of text:200: {"value":"L1 230.2 V 0.0 A 0.00 kW | L2 230.4 V 0.0 A 0.00 kW | L3 230.7 V 0.0 A 0.00 kW"}
14:00:40 I shelly_script.cpp:204   script:1 5.9% CPU utilization
14:00:40 I y_notifications.cpp:168 Status change of text:200: {"value":"L1 229.8 V 0.0 A 0.00 kW | L2 230.7 V 0.0 A 0.00 kW | L3 231.2 V 0.0 A 0.00 kW"}
14:00:42 I y_notifications.cpp:168 Status change of text:200: {"value":"L1 230.4 V 0.0 A 0.00 kW | L2 230.4 V 0.0 A 0.00 kW | L3 231.4 V 0.0 A 0.00 kW"}
14:00:44 I y_notifications.cpp:168 Status change of text:200: {"value":"L1 230.5 V 0.0 A 0.00 kW | L2 230.1 V 0.0 A 0.00 kW | L3 230.9 V 0.0 A 0.00 kW"}
14:00:46 I y_notifications.cpp:168 Status change of text:200: {"value":"L1 229.6 V 0.0 A 0.00 kW | L2 230.3 V 0.0 A 0.00 kW | L3 230.9 V 0.0 A 0.00 kW"}
14:00:48 I y_notifications.cpp:168 Status change of text:200: {"value":"L1 230.4 V 0.0 A 0.00 kW | L2 230.1 V 0.0 A 0.00 kW | L3 230.7 V 0.0 A 0.00 kW"}
14:00:50 I y_notifications.cpp:168 Status change of text:200: {"value":"L1 230.2 V 0.0 A 0.00 kW | L2 230.5 V 0.0 A 0.00 kW | L3 230.6 V 0.0 A 0.00 kW"}
14:00:52 I shelly_script.cpp:204   script:1 5.9% CPU utilization
14:00:52 I y_notifications.cpp:168 Status change of text:200: {"value":"L1 230.5 V 0.0 A 0.00 kW | L2 230.6 V 0.0 A 0.00 kW | L3 231.1 V 0.0 A 0.00 kW"}
14:00:54 I y_notifications.cpp:168 Status change of text:200: {"value":"L1 229.9 V 0.0 A 0.00 kW | L2 230.6 V 0.0 A 0.00 kW | L3 231.5 V 0.0 A 0.00 kW"}
14:00:56 I y_notifications.cpp:168 Status change of text:200: {"value":"L1 230.4 V 0.0 A 0.00 kW | L2 230.0 V 0.0 A 0.00 kW | L3 230.6 V 0.0 A 0.00 kW"}
14:00:58 I y_notifications.cpp:168 Status change of text:200: {"value":"L1 229.5 V 0.0 A 0.00 kW | L2 230.2 V 0.0 A 0.00 kW | L3 230.9 V 0.0 A 0.00 kW"}
14:01:00 I y_notifications.cpp:168 Status change of text:200: {"value":"L1 229.7 V 0.0 A 0.00 kW | L2 230.4 V 0.0 A 0.00 kW | L3 231.3 V 0.0 A 0.00 kW"}
14:01:02 I shelly_script.cpp:204   script:1 5.9% CPU utilization
14:01:02 I y_notifications.cpp:168 Status change of text:200: {"value":"L1 229.9 V 0.0 A 0.00 kW | L2 230.2 V 0.0 A 0.00 kW | L3 230.6 V 0.0 A 0.00 kW"}
14:01:04 I y_notifications.cpp:168 Status change of text:200: {"value":"L1 230.4 V 0.0 A 0.00 kW | L2 230.9 V 0.0 A 0.00 kW | L3 231.2 V 0.0 A 0.00 kW"}
14:01:06 I y_notifications.cpp:168 Status change of text:200: {"value":"L1 230.3 V 0.0 A 0.00 kW | L2 230.6 V 0.0 A 0.00 kW | L3 231.4 V 0.0 A 0.00 kW"}
14:01:08 I y_notifications.cpp:168 Status change of text:200: {"value":"L1 230.4 V 0.0 A 0.00 kW | L2 230.6 V 0.0 A 0.00 kW | L3 230.9 V 0.0 A 0.00 kW"}
14:01:10 I y_notifications.cpp:168 Status change of text:200: {"value":"L1 230.0 V 0.0 A 0.00 kW | L2 230.7 V 0.0 A 0.00 kW | L3 230.7 V 0.0 A 0.00 kW"}
14:01:12 I y_notifications.cpp:168 Status change of text:200: {"value":"L1 230.2 V 0.0 A 0.00 kW | L2 230.6 V 0.0 A 0.00 kW | L3 230.7 V 0.0 A 0.00 kW"}
14:01:14 I shelly_script.cpp:204   script:1 5.9% CPU utilization
14:01:14 I y_notifications.cpp:168 Status change of text:200: {"value":"L1 230.3 V 0.0 A 0.00 kW | L2 230.5 V 0.0 A 0.00 kW | L3 231.0 V 0.0 A 0.00 kW"}
14:01:16 I y_notifications.cpp:168 Status change of text:200: {"value":"L1 229.6 V 0.0 A 0.00 kW | L2 230.0 V 0.0 A 0.00 kW | L3 231.3 V 0.0 A 0.00 kW"}
14:01:18 I y_notifications.cpp:168 Status change of text:200: {"value":"L1 229.6 V 0.0 A 0.00 kW | L2 230.5 V 0.0 A 0.00 kW | L3 230.5 V 0.0 A 0.00 kW"}
14:01:20 I y_notifications.cpp:168 Status change of text:200: {"value":"L1 229.5 V 0.0 A 0.00 kW | L2 230.9 V 0.0 A 0.00 kW | L3 230.8 V 0.0 A 0.00 kW"}
14:01:22 I y_notifications.cpp:168 Status change of text:200: {"value":"L1 229.8 V 0.0 A 0.00 kW | L2 230.7 V 0.0 A 0.00 kW | L3 231.4 V 0.0 A 0.00 kW"}
14:01:24 I y_notifications.cpp:168 Status change of text:200: {"value":"L1 230.1 V 0.0 A 0.00 kW | L2 230.5 V 0.0 A 0.00 kW | L3 231.1 V 0.0 A 0.00 kW"}
14:01:26 I shelly_script.cpp:204   script:1 5.9% CPU utilization
14:01:26 I y_notifications.cpp:168 Status change of text:200: {"value":"L1 230.1 V 0.0 A 0.00 kW | L2 230.1 V 0.0 A 0.00 kW | L3 230.8 V 0.0 A 0.00 kW"}
14:01:28 I y_notifications.cpp:168 Status change of text:200: {"value":"L1 230.1 V 0.0 A 0.00 kW | L2 230.1 V 0.0 A 0.00 kW | L3 231.2 V 0.0 A 0.00 kW"}
14:01:30 I y_notifications.cpp:168 Status change of text:200: {"value":"L1 230.4 V 0.0 A 0.00 kW | L2 230.9 V 0.0 A 0.00 kW | L3 231.0 V 0.0 A 0.00 kW"}
14:01:32 I y_notifications.cpp:168 Status change of text:200: {"value":"L1 230.2 V 0.0 A 0.00 kW | L2 230.4 V 0.0 A 0.00 kW | L3 231.4 V 0.0 A 0.00 kW"}
14:01:34 I y_notifications.cpp:168 Status change of text:200: {"value":"L1 229.6 V 0.0 A 0.00 kW | L2 230.4 V 0.0 A 0.00 kW | L3 230.7 V 0.0 A 0.00 kW"}
14:01:36 I shelly_script.cpp:204   script:1 5.9% CPU utilization
14:01:36 I y_notifications.cpp:168 Status change of text:200: {"value":"L1 229.8 V 0.0 A 0.00 kW | L2 230.9 V 0.0 A 0.00 kW | L3 230.7 V 0.0 A 0.00 kW"}
14:01:38 I y_notifications.cpp:168 Status change of text:200: {"value":"L1 230.4 V 0.0 A 0.00 kW | L2 230.2 V 0.0 A 0.00 kW | L3 230.6 V 0.0 A 0.00 kW"}
14:01:40 I y_notifications.cpp:168 Status change of text:200: {"value":"L1 230.2 V 0.0 A 0.00 kW | L2 230.4 V 0.0 A 0.00 kW | L3 230.9 V 0.0 A 0.00 kW"}
14:01:42 I y_notifications.cpp:168 Status change of text:200: {"value":"L1 230.5 V 0.0 A 0.00 kW | L2 230.6 V 0.0 A 0.00 kW | L3 231.1 V 0.0 A 0.00 kW"}
14:01:44 I y_notifications.cpp:168 Status change of text:200: {"value":"L1 229.6 V 0.0 A 0.00 kW | L2 230.7 V 0.0 A 0.00 kW | L3 231.4 V 0.0 A 0.00 kW"}
14:01:46 I y_notifications.cpp:168 Status change of text:200: {"value":"L1 230.0 V 0.0 A 0.00 kW | L2 230.8 V 0.0 A 0.00 kW | L3 230.8 V 0.0 A 0.00 kW"}
14:01:48 I shelly_script.cpp:204   script:1 5.9% CPU utilization
14:01:48 I y_notifications.cpp:168 Status change of text:200: {"value":"L1 230.4 V 0.0 A 0.00 kW | L2 230.4 V 0.0 A 0.00 kW | L3 230.6 V 0.0 A 0.00 kW"}
14:01:50 I y_notifications.cpp:168 Status change of text:200: {"value":"L1 229.6 V 0.0 A 0.00 kW | L2 230.2 V 0.0 A 0.00 kW | L3 231.1 V 0.0 A 0.00 kW"}
14:01:52 I y_notifications.cpp:168 Status change of text:200: {"value":"L1 230.5 V 0.0 A 0.00 kW | L2 230.6 V 0.0 A 0.00 kW | L3 230.5 V 0.0 A 0.00 kW"}
14:01:54 I y_notifications.cpp:168 Status change of text:200: {"value":"L1 230.3 V 0.0 A 0.00 kW | L2 230.7 V 0.0 A 0.00 kW | L3 231.4 V 0.0 A 0.00 kW"}
14:01:56 I y_notifications.cpp:168 Status change of text:200: {"value":"L1 230.2 V 0.0 A 0.00 kW | L2 230.7 V 0.0 A 0.00 kW | L3 230.7 V 0.0 A 0.00 kW"}
14:01:58 I shelly_script.cpp:204   script:1 5.9% CPU utilization
14:01:58 I y_notifications.cpp:168 Status change of text:200: {"value":"L1 230.2 V 0.0 A 0.00 kW | L2 230.5 V 0.0 A 0.00 kW | L3 230.6 V 0.0 A 0.00 kW"}
14:02:00 I y_notifications.cpp:168 Status change of text:200: {"value":"L1 229.9 V 0.0 A 0.00 kW | L2 230.4 V 0.0 A 0.00 kW | L3 230.7 V 0.0 A 0.00 kW"}
14:02:02 I y_notifications.cpp:168 Status change of text:200: {"value":"L1 229.6 V 0.0 A 0.00 kW | L2 230.7 V 0.0 A 0.00 kW | L3 231.1 V 0.0 A 0.00 kW"}
14:02:04 I y_notifications.cpp:168 Status change of text:200: {"value":"L1 229.9 V 0.0 A 0.00 kW | L2 230.5 V 0.0 A 0.00 kW | L3 231.3 V 0.0 A 0.00 kW"}
14:02:06 I y_notifications.cpp:168 Status change of text:200: {"value":"L1 230.2 V 0.0 A 0.00 kW | L2 230.9 V 0.0 A 0.00 kW | L3 230.8 V 0.0 A 0.00 kW"}
14:02:08 I shelly_script.cpp:204   script:1 5.9% CPU utilization
14:02:08 I y_notifications.cpp:168 Status change of text:200: {"value":"L1 230.1 V 0.0 A 0.00 kW | L2 230.7 V 0.0 A 0.00 kW | L3 231.4 V 0.0 A 0.00 kW"}
14:02:10 I y_notifications.cpp:168 Status change of text:200: {"value":"L1 230.0 V 0.0 A 0.00 kW | L2 230.3 V 0.0 A 0.00 kW | L3 230.8 V 0.0 A 0.00 kW"}
14:02:12 I y_notifications.cpp:168 Status change of text:200: {"value":"L1 230.4 V 0.0 A 0.00 kW | L2 230.0 V 0.0 A 0.00 kW | L3 230.6 V 0.0 A 0.00 kW"}
14:02:14 I y_notifications.cpp:168 Status change of text:200: {"value":"L1 229.8 V 0.0 A 0.00 kW | L2 230.9 V 0.0 A 0.00 kW | L3 231.2 V 0.0 A 0.00 kW"}
14:02:16 I y_notifications.cpp:168 Status change of text:200: {"value":"L1 229.9 V 0.0 A 0.00 kW | L2 230.5 V 0.0 A 0.00 kW | L3 230.9 V 0.0 A 0.00 kW"}
14:02:18 I y_notifications.cpp:168 Status change of text:200: {"value":"L1 230.3 V 0.0 A 0.00 kW | L2 230.5 V 0.0 A 0.00 kW | L3 231.3 V 0.0 A 0.00 kW"}
14:02:20 I shelly_script.cpp:204   script:1 5.9% CPU utilization
14:02:20 I y_notifications.cpp:168 Status change of text:200: {"value":"L1 229.7 V 0.0 A 0.00 kW | L2 230.6 V 0.0 A 0.00 kW | L3 231.4 V 0.0 A 0.00 kW"}
14:02:22 I y_notifications.cpp:168 Status change of text:200: {"value":"L1 229.6 V 0.0 A 0.00 kW | L2 230.2 V 0.0 A 0.00 kW | L3 230.9 V 0.0 A 0.00 kW"}
14:02:24 I y_notifications.cpp:168 Status change of text:200: {"value":"L1 230.0 V 0.0 A 0.00 kW | L2 230.6 V 0.0 A 0.00 kW | L3 231.3 V 0.0 A 0.00 kW"}
14:02:26 I y_notifications.cpp:168 Status change of text:200: {"value":"L1 229.9 V 0.0 A 0.00 kW | L2 230.5 V 0.0 A 0.00 kW | L3 230.6 V 0.0 A 0.00 kW"}
14:02:28 I y_notifications.cpp:168 Status change of text:200: {"value":"L1 229.8 V 0.0 A 0.00 kW | L2 230.1 V 0.0 A 0.00 kW | L3 230.9 V 0.0 A 0.00 kW"}
14:02:30 I y_notifications.cpp:168 Status change of text:200: {"value":"L1 229.7 V 0.0 A 0.00 kW | L2 230.1 V 0.0 A 0.00 kW | L3 230.6 V 0.0 A 0.00 kW"}
14:02:32 I shelly_script.cpp:204   script:1 5.9% CPU utilization
14:02:32 I y_notifications.cpp:168 Status change of text:200: {"value":"L1 230.4 V 0.0 A 0.00 kW | L2 230.4 V 0.0 A 0.00 kW | L3 230.8 V 0.0 A 0.00 kW"}
14:02:34 I y_notifications.cpp:168 Status change of text:200: {"value":"L1 230.3 V 0.0 A 0.00 kW | L2 230.4 V 0.0 A 0.00 kW | L3 231.3 V 0.0 A 0.00 kW"}
14:02:36 I y_notifications.cpp:168 Status change of text:200: {"value":"L1 230.1 V 0.0 A 0.00 kW | L2 230.2 V 0.0 A 0.00 kW | L3 231.2 V 0.0 A 0.00 kW"}
14:02:38 I y_notifications.cpp:168 Status change of text:200: {"value":"L1 230.2 V 0.0 A 0.00 kW | L2 230.3 V 0.0 A 0.00 kW | L3 231.0 V 0.0 A 0.00 kW"}
14:02:40 I y_notifications.cpp:168 Status change of text:200: {"value":"L1 229.9 V 0.0 A 0.00 kW | L2 230.4 V 0.0 A 0.00 kW | L3 231.0 V 0.0 A 0.00 kW"}
14:02:42 I shelly_script.cpp:204   script:1 5.9% CPU utilization
14:02:42 I y_notifications.cpp:168 Status change of text:200: {"value":"L1 229.9 V 0.0 A 0.00 kW | L2 230.1 V 0.0 A 0.00 kW | L3 230.7 V 0.0 A 0.00 kW"}
14:02:44 I y_notifications.cpp:168 Status change of text:200: {"value":"L1 230.2 V 0.0 A 0.00 kW | L2 230.3 V 0.0 A 0.00 kW | L3 231.5 V 0.0 A 0.00 kW"}
14:02:46 I y_notifications.cpp:168 Status change of text:200: {"value":"L1 229.7 V 0.0 A 0.00 kW | L2 230.8 V 0.0 A 0.00 kW | L3 231.2 V 0.0 A 0.00 kW"}
14:02:48 I y_notifications.cpp:168 Status change of text:200: {"value":"L1 229.9 V 0.0 A 0.00 kW | L2 230.6 V 0.0 A 0.00 kW | L3 231.5 V 0.0 A 0.00 kW"}
14:02:50 I y_notifications.cpp:168 Status change of text:200: {"value":"L1 230.4 V 0.0 A 0.00 kW | L2 230.1 V 0.0 A 0.00 kW | L3 231.1 V 0.0 A 0.00 kW"}
14:02:52 I shelly_script.cpp:204   script:1 5.9% CPU utilization
14:02:52 I y_notifications.cpp:168 Status change of text:200: {"value":"L1 229.6 V 0.0 A 0.00 kW | L2 230.4 V 0.0 A 0.00 kW | L3 230.6 V 0.0 A 0.00 kW"}
14:02:54 I y_notifications.cpp:168 Status change of text:200: {"value":"L1 230.1 V 0.0 A 0.00 kW | L2 230.9 V 0.0 A 0.00 kW | L3 231.1 V 0.0 A 0.00 kW"}
14:02:56 I y_notifications.cpp:168 Status change of text:200: {"value":"L1 229.9 V 0.0 A 0.00 kW | L2 230.1 V 0.0 A 0.00 kW | L3 231.3 V 0.0 A 0.00 kW"}
14:02:58 I y_notifications.cpp:168 Status change of text:200: {"value":"L1 230.3 V 0.0 A 0.00 kW | L2 230.3 V 0.0 A 0.00 kW | L3 230.8 V 0.0 A 0.00 kW"}
14:03:00 I y_notifications.cpp:168 Status change of text:200: {"value":"L1 229.6 V 0.0 A 0.00 kW | L2 230.4 V 0.0 A 0.00 kW | L3 230.9 V 0.0 A 0.00 kW"}
14:03:02 I y_notifications.cpp:168 Status change of text:200: {"value":"L1 229.7 V 0.0 A 0.00 kW | L2 230.1 V 0.0 A 0.00 kW | L3 230.6 V 0.0 A 0.00 kW"}
14:03:04 I shelly_script.cpp:204   script:1 5.9% CPU utilization
14:03:04 I y_notifications.cpp:168 Status change of text:200: {"value":"L1 229.5 V 0.0 A 0.00 kW | L2 230.4 V 0.0 A 0.00 kW | L3 231.3 V 0.0 A 0.00 kW"}
14:03:06 I y_notifications.cpp:168 Status change of text:200: {"value":"L1 230.0 V 0.0 A 0.00 kW | L2 230.1 V 0.0 A 0.00 kW | L3 231.0 V 0.0 A 0.00 kW"}
14:03:08 I y_notifications.cpp:168 Status change of text:200: {"value":"L1 230.1 V 0.0 A 0.00 kW | L2 230.9 V 0.0 A 0.00 kW | L3 231.2 V 0.0 A 0.00 kW"}
14:03:10 I y_notifications.cpp:168 Status change of text:200: {"value":"L1 230.2 V 0.0 A 0.00 kW | L2 230.2 V 0.0 A 0.00 kW | L3 230.7 V 0.0 A 0.00 kW"}
14:03:12 I y_notifications.cpp:168 Status change of text:200: {"value":"L1 230.3 V 0.0 A 0.00 kW | L2 230.4 V 0.0 A 0.00 kW | L3 230.9 V 0.0 A 0.00 kW"}
14:03:14 I y_notifications.cpp:168 Status change of text:200: {"value":"L1 230.4 V 0.0 A 0.00 kW | L2 230.5 V 0.0 A 0.00 kW | L3 231.2 V 0.0 A 0.00 kW"}
14:03:16 I shelly_script.cpp:204   script:1 5.9% CPU utilization
14:03:16 I y_notifications.cpp:168 Status change of text:200: {"value":"L1 230.4 V 0.0 A 0.00 kW | L2 230.1 V 0.0 A 0.00 kW | L3 230.9 V 0.0 A 0.00 kW"}
14:03:18 I y_notifications.cpp:168 Status change of text:200: {"value":"L1 229.8 V 0.0 A 0.00 kW | L2 230.9 V 0.0 A 0.00 kW | L3 230.8 V 0.0 A 0.00 kW"}
14:03:20 I y_notifications.cpp:168 Status change of text:200: {"value":"L1 229.6 V 0.0 A 0.00 kW | L2 230.5 V 0.0 A 0.00 kW | L3 231.4 V 0.0 A 0.00 kW"}
14:03:22 I y_notifications.cpp:168 Status change of text:200: {"value":"L1 230.3 V 0.0 A 0.00 kW | L2 230.9 V 0.0 A 0.00 kW | L3 231.1 V 0.0 A 0.00 kW"}
14:03:24 I y_notifications.cpp:168 Status change of text:200: {"value":"L1 230.0 V 0.0 A 0.00 kW | L2 230.1 V 0.0 A 0.00 kW | L3 230.8 V 0.0 A 0.00 kW"}
14:03:26 I y_notifications.cpp:168 Status change of text:200: {"value":"L1 229.9 V 0.0 A 0.00 kW | L2 230.4 V 0.0 A 0.00 kW | L3 230.9 V 0.0 A 0.00 kW"}
14:03:28 I shelly_script.cpp:204   script:1 5.9% CPU utilization
14:03:28 I y_notifications.cpp:168 Status change of text:200: {"value":"L1 229.9 V 0.0 A 0.00 kW | L2 230.4 V 0.0 A 0.00 kW | L3 231.5 V 0.0 A 0.00 kW"}
14:03:30 I y_notifications.cpp:168 Status change of text:200: {"value":"L1 230.3 V 0.0 A 0.00 kW | L2 230.8 V 0.0 A 0.00 kW | L3 230.8 V 0.0 A 0.00 kW"}
14:03:32 I y_notifications.cpp:168 Status change of text:200: {"value":"L1 229.7 V 0.0 A 0.00 kW | L2 230.1 V 0.0 A 0.00 kW | L3 230.7 V 0.0 A 0.00 kW"}
14:03:34 I y_notifications.cpp:168 Status change of text:200: {"value":"L1 230.1 V 0.0 A 0.00 kW | L2 230.4 V 0.0 A 0.00 kW | L3 230.8 V 0.0 A 0.00 kW"}
14:03:36 I y_notifications.cpp:168 Status change of text:200: {"value":"L1 229.6 V 0.0 A 0.00 kW | L2 230.2 V 0.0 A 0.00 kW | L3 230.8 V 0.0 A 0.00 kW"}
14:03:38 I y_notifications.cpp:168 Status change of text:200: {"value":"L1 230.4 V 0.0 A 0.00 kW | L2 230.4 V 0.0 A 0.00 kW | L3 231.3 V 0.0 A 0.00 kW"}
14:03:40 I shelly_script.cpp:204   script:1 5.9% CPU utilization
14:03:40 I y_notifications.cpp:168 Status change of text:200: {"value":"L1 229.6 V 0.0 A 0.00 kW | L2 230.1 V 0.0 A 0.00 kW | L3 231.0 V 0.0 A 0.00 kW"}
14:03:42 I y_notifications.cpp:168 Status change of text:200: {"value":"L1 230.3 V 0.0 A 0.00 kW | L2 230.6 V 0.0 A 0.00 kW | L3 231.3 V 0.0 A 0.00 kW"}
14:03:44 I y_notifications.cpp:168 Status change of text:200: {"value":"L1 229.9 V 0.0 A 0.00 kW | L2 230.7 V 0.0 A 0.00 kW | L3 230.6 V 0.0 A 0.00 kW"}
14:03:48 I y_notifications.cpp:168 Status change of text:200: {"value":"L1 230.1 V 0.0 A 0.00 kW | L2 230.8 V 0.0 A 0.00 kW | L3 230.9 V 0.0 A 0.00 kW"}
14:03:50 I y_notifications.cpp:168 Status change of text:200: {"value":"L1 230.4 V 0.0 A 0.00 kW | L2 230.4 V 0.0 A 0.00 kW | L3 231.3 V 0.0 A 0.00 kW"}
14:03:52 I shelly_script.cpp:204   script:1 5.9% CPU utilization
14:03:52 I y_notifications.cpp:168 Status change of text:200: {"value":"L1 230.3 V 0.0 A 0.00 kW | L2 230.6 V 0.0 A 0.00 kW | L3 231.2 V 0.0 A 0.00 kW"}
14:03:54 I y_notifications.cpp:168 Status change of text:200: {"value":"L1 229.9 V 0.0 A 0.00 kW | L2 230.3 V 0.0 A 0.00 kW | L3 230.6 V 0.0 A 0.00 kW"}
14:03:56 I y_notifications.cpp:168 Status change of text:200: {"value":"L1 230.0 V 0.0 A 0.00 kW | L2 230.8 V 0.0 A 0.00 kW | L3 230.7 V 0.0 A 0.00 kW"}
14:03:58 I y_notifications.cpp:168 Status change of text:200: {"value":"L1 229.6 V 0.0 A 0.00 kW | L2 230.9 V 0.0 A 0.00 kW | L3 231.2 V 0.0 A 0.00 kW"}
14:04:00 I y_notifications.cpp:168 Status change of text:200: {"value":"L1 230.3 V 0.0 A 0.00 kW | L2 230.4 V 0.0 A 0.00 kW | L3 230.5 V 0.0 A 0.00 kW"}
14:04:02 I y_notifications.cpp:168 Status change of text:200: {"value":"L1 230.3 V 0.0 A 0.00 kW | L2 230.4 V 0.0 A 0.00 kW | L3 230.9 V 0.0 A 0.00 kW"}
14:04:04 I shelly_script.cpp:204   script:1 5.9% CPU utilization
14:04:04 I y_notifications.cpp:168 Status change of text:200: {"value":"L1 229.8 V 0.0 A 0.00 kW | L2 230.6 V 0.0 A 0.00 kW | L3 231.3 V 0.0 A 0.00 kW"}
14:04:06 I y_notifications.cpp:168 Status change of text:200: {"value":"L1 229.6 V 0.0 A 0.00 kW | L2 230.5 V 0.0 A 0.00 kW | L3 230.7 V 0.0 A 0.00 kW"}
14:04:08 I y_notifications.cpp:168 Status change of text:200: {"value":"L1 229.8 V 0.0 A 0.00 kW | L2 230.0 V 0.0 A 0.00 kW | L3 230.7 V 0.0 A 0.00 kW"}
14:04:10 I y_notifications.cpp:168 Status change of text:200: {"value":"L1 230.4 V 0.0 A 0.00 kW | L2 230.5 V 0.0 A 0.00 kW | L3 230.6 V 0.0 A 0.00 kW"}
14:04:12 I y_notifications.cpp:168 Status change of text:200: {"value":"L1 229.6 V 0.0 A 0.00 kW | L2 230.7 V 0.0 A 0.00 kW | L3 231.2 V 0.0 A 0.00 kW"}
14:04:14 I y_notifications.cpp:168 Status change of text:200: {"value":"L1 230.2 V 0.0 A 0.00 kW | L2 230.1 V 0.0 A 0.00 kW | L3 230.9 V 0.0 A 0.00 kW"}
14:04:16 I shelly_script.cpp:204   script:1 5.8% CPU utilization
14:04:16 I y_notifications.cpp:168 Status change of text:200: {"value":"L1 230.3 V 0.0 A 0.00 kW | L2 230.2 V 0.0 A 0.00 kW | L3 230.6 V 0.0 A 0.00 kW"}
14:04:18 I y_notifications.cpp:168 Status change of text:200: {"value":"L1 230.2 V 0.0 A 0.00 kW | L2 230.1 V 0.0 A 0.00 kW | L3 230.9 V 0.0 A 0.00 kW"}
14:04:20 I y_notifications.cpp:168 Status change of text:200: {"value":"L1 229.7 V 0.0 A 0.00 kW | L2 230.4 V 0.0 A 0.00 kW | L3 231.3 V 0.0 A 0.00 kW"}
14:04:22 I y_notifications.cpp:168 Status change of text:200: {"value":"L1 230.3 V 0.0 A 0.00 kW | L2 230.2 V 0.0 A 0.00 kW | L3 231.3 V 0.0 A 0.00 kW"}
14:04:24 I y_notifications.cpp:168 Status change of text:200: {"value":"L1 230.3 V 0.0 A 0.00 kW | L2 230.6 V 0.0 A 0.00 kW | L3 231.3 V 0.0 A 0.00 kW"}
14:04:26 I y_notifications.cpp:168 Status change of text:200: {"value":"L1 230.1 V 0.0 A 0.00 kW | L2 230.8 V 0.0 A 0.00 kW | L3 231.5 V 0.0 A 0.00 kW"}
14:04:28 I shelly_script.cpp:204   script:1 5.9% CPU utilization
14:04:28 I y_notifications.cpp:168 Status change of text:200: {"value":"L1 230.5 V 0.0 A 0.00 kW | L2 230.5 V 0.0 A 0.00 kW | L3 231.3 V 0.0 A 0.00 kW"}
14:04:30 I y_notifications.cpp:168 Status change of text:200: {"value":"L1 230.1 V 0.0 A 0.00 kW | L2 230.9 V 0.0 A 0.00 kW | L3 230.9 V 0.0 A 0.00 kW"}
14:04:32 I y_notifications.cpp:168 Status change of text:200: {"value":"L1 229.8 V 0.0 A 0.00 kW | L2 230.8 V 0.0 A 0.00 kW | L3 231.5 V 0.0 A 0.00 kW"}
14:04:34 I y_notifications.cpp:168 Status change of text:200: {"value":"L1 229.9 V 0.0 A 0.00 kW | L2 230.7 V 0.0 A 0.00 kW | L3 231.5 V 0.0 A 0.00 kW"}
14:04:36 I y_notifications.cpp:168 Status change of text:200: {"value":"L1 229.7 V 0.0 A 0.00 kW | L2 230.4 V 0.0 A 0.00 kW | L3 230.5 V 0.0 A 0.00 kW"}
14:04:38 I shelly_script.cpp:204   script:1 5.9% CPU utilization
14:04:38 I y_notifications.cpp:168 Status change of text:200: {"value":"L1 230.3 V 0.0 A 0.00 kW | L2 230.8 V 0.0 A 0.00 kW | L3 231.1 V 0.0 A 0.00 kW"}
14:04:40 I y_notifications.cpp:168 Status change of text:200: {"value":"L1 229.5 V 0.0 A 0.00 kW | L2 230.4 V 0.0 A 0.00 kW | L3 230.7 V 0.0 A 0.00 kW"}
14:04:42 I y_notifications.cpp:168 Status change of text:200: {"value":"L1 230.1 V 0.0 A 0.00 kW | L2 230.6 V 0.0 A 0.00 kW | L3 231.2 V 0.0 A 0.00 kW"}
14:04:44 I y_notifications.cpp:168 Status change of text:200: {"value":"L1 229.8 V 0.0 A 0.00 kW | L2 230.2 V 0.0 A 0.00 kW | L3 230.7 V 0.0 A 0.00 kW"}
14:04:46 I y_notifications.cpp:168 Status change of text:200: {"value":"L1 229.8 V 0.0 A 0.00 kW | L2 230.4 V 0.0 A 0.00 kW | L3 231.2 V 0.0 A 0.00 kW"}
14:04:48 I y_notifications.cpp:168 Status change of text:200: {"value":"L1 230.1 V 0.0 A 0.00 kW | L2 230.1 V 0.0 A 0.00 kW | L3 231.1 V 0.0 A 0.00 kW"}
14:04:50 I shelly_script.cpp:204   script:1 5.9% CPU utilization
14:04:50 I y_notifications.cpp:168 Status change of text:200: {"value":"L1 229.7 V 0.0 A 0.00 kW | L2 230.0 V 0.0 A 0.00 kW | L3 231.2 V 0.0 A 0.00 kW"}
14:04:52 I y_notifications.cpp:168 Status change of text:200: {"value":"L1 229.7 V 0.0 A 0.00 kW | L2 230.6 V 0.0 A 0.00 kW | L3 230.6 V 0.0 A 0.00 kW"}
14:04:54 I y_notifications.cpp:168 Status change of text:200: {"value":"L1 230.1 V 0.0 A 0.00 kW | L2 230.7 V 0.0 A 0.00 kW | L3 231.3 V 0.0 A 0.00 kW"}
14:04:56 I y_notifications.cpp:168 Status change of text:200: {"value":"L1 229.8 V 0.0 A 0.00 kW | L2 230.8 V 0.0 A 0.00 kW | L3 231.2 V 0.0 A 0.00 kW"}
14:04:58 I y_notifications.cpp:168 Status change of text:200: {"value":"L1 229.6 V 0.0 A 0.00 kW | L2 230.4 V 0.0 A 0.00 kW | L3 231.2 V 0.0 A 0.00 kW"}
14:05:00 I shelly_script.cpp:204   script:1 5.9% CPU utilization
14:05:00 I y_notifications.cpp:168 Status change of text:200: {"value":"L1 230.4 V 0.0 A 0.00 kW | L2 230.9 V 0.0 A 0.00 kW | L3 231.2 V 0.0 A 0.00 kW"}
14:05:02 I y_notifications.cpp:168 Status change of text:200: {"value":"L1 230.4 V 0.0 A 0.00 kW | L2 230.8 V 0.0 A 0.00 kW | L3 230.6 V 0.0 A 0.00 kW"}
14:05:04 I y_notifications.cpp:168 Status change of text:200: {"value":"L1 229.6 V 0.0 A 0.00 kW | L2 230.1 V 0.0 A 0.00 kW | L3 230.9 V 0.0 A 0.00 kW"}
14:05:06 I y_notifications.cpp:168 Status change of text:200: {"value":"L1 229.6 V 0.0 A 0.00 kW | L2 230.6 V 0.0 A 0.00 kW | L3 231.2 V 0.0 A 0.00 kW"}
14:05:08 I y_notifications.cpp:168 Status change of text:200: {"value":"L1 229.9 V 0.0 A 0.00 kW | L2 230.7 V 0.0 A 0.00 kW | L3 230.6 V 0.0 A 0.00 kW"}
14:05:10 I y_notifications.cpp:168 Status change of text:200: {"value":"L1 230.4 V 0.0 A 0.00 kW | L2 230.5 V 0.0 A 0.00 kW | L3 231.5 V 0.0 A 0.00 kW"}
14:05:12 I shelly_script.cpp:204   script:1 5.9% CPU utilization
14:05:12 I y_notifications.cpp:168 Status change of text:200: {"value":"L1 230.3 V 0.0 A 0.00 kW | L2 230.9 V 0.0 A 0.00 kW | L3 230.7 V 0.0 A 0.00 kW"}
14:05:14 I y_notifications.cpp:168 Status change of text:200: {"value":"L1 230.4 V 0.0 A 0.00 kW | L2 230.9 V 0.0 A 0.00 kW | L3 230.8 V 0.0 A 0.00 kW"}
14:05:16 I y_notifications.cpp:168 Status change of text:200: {"value":"L1 230.3 V 0.0 A 0.00 kW | L2 230.9 V 0.0 A 0.00 kW | L3 230.7 V 0.0 A 0.00 kW"}
14:05:18 I y_notifications.cpp:168 Status change of text:200: {"value":"L1 230.3 V 0.0 A 0.00 kW | L2 230.8 V 0.0 A 0.00 kW | L3 230.6 V 0.0 A 0.00 kW"}
14:05:20 I y_notifications.cpp:168 Status change of text:200: {"value":"L1 230.0 V 0.0 A 0.00 kW | L2 230.9 V 0.0 A 0.00 kW | L3 230.8 V 0.0 A 0.00 kW"}
14:05:22 I y_notifications.cpp:168 Status change of text:200: {"value":"L1 229.7 V 0.0 A 0.00 kW | L2 230.6 V 0.0 A 0.00 kW | L3 231.2 V 0.0 A 0.00 kW"}
14:05:24 I shelly_script.cpp:204   script:1 5.9% CPU utilization
14:05:24 I y_notifications.cpp:168 Status change of text:200: {"value":"L1 229.6 V 0.0 A 0.00 kW | L2 230.3 V 0.0 A 0.00 kW | L3 230.6 V 0.0 A 0.00 kW"}
14:05:26 I y_notifications.cpp:168 Status change of text:200: {"value":"L1 229.9 V 0.0 A 0.00 kW | L2 230.5 V 0.0 A 0.00 kW | L3 231.2 V 0.0 A 0.00 kW"}
14:05:28 I y_notifications.cpp:168 Status change of text:200: {"value":"L1 229.9 V 0.0 A 0.00 kW | L2 230.3 V 0.0 A 0.00 kW | L3 231.0 V 0.0 A 0.00 kW"}
14:05:30 I y_notifications.cpp:168 Status change of text:200: {"value":"L1 230.3 V 0.0 A 0.00 kW | L2 230.2 V 0.0 A 0.00 kW | L3 231.2 V 0.0 A 0.00 kW"}
14:05:32 I y_notifications.cpp:168 Status change of text:200: {"value":"L1 229.7 V 0.0 A 0.00 kW | L2 230.3 V 0.0 A 0.00 kW | L3 231.1 V 0.0 A 0.00 kW"}
14:05:34 I shelly_script.cpp:204   script:1 5.8% CPU utilization
14:05:34 I y_notifications.cpp:168 Status change of text:200: {"value":"L1 230.1 V 0.0 A 0.00 kW | L2 230.8 V 0.0 A 0.00 kW | L3 231.2 V 0.0 A 0.00 kW"}
14:05:36 I y_notifications.cpp:168 Status change of text:200: {"value":"L1 229.5 V 0.0 A 0.00 kW | L2 230.7 V 0.0 A 0.00 kW | L3 230.8 V 0.0 A 0.00 kW"}
14:05:38 I y_notifications.cpp:168 Status change of text:200: {"value":"L1 230.4 V 0.0 A 0.00 kW | L2 230.1 V 0.0 A 0.00 kW | L3 230.8 V 0.0 A 0.00 kW"}
14:05:40 I y_notifications.cpp:168 Status change of text:200: {"value":"L1 229.6 V 0.0 A 0.00 kW | L2 230.1 V 0.0 A 0.00 kW | L3 231.4 V 0.0 A 0.00 kW"}
14:05:42 I y_notifications.cpp:168 Status change of text:200: {"value":"L1 229.7 V 0.0 A 0.00 kW | L2 230.9 V 0.0 A 0.00 kW | L3 230.9 V 0.0 A 0.00 kW"}
14:05:44 I y_notifications.cpp:168 Status change of text:200: {"value":"L1 229.9 V 0.0 A 0.00 kW | L2 230.2 V 0.0 A 0.00 kW | L3 231.4 V 0.0 A 0.00 kW"}
14:05:46 I shelly_script.cpp:204   script:1 5.9% CPU utilization
14:05:46 I y_notifications.cpp:168 Status change of text:200: {"value":"L1 230.0 V 0.0 A 0.00 kW | L2 230.3 V 0.0 A 0.00 kW | L3 230.8 V 0.0 A 0.00 kW"}
14:05:48 I y_notifications.cpp:168 Status change of text:200: {"value":"L1 230.3 V 0.0 A 0.00 kW | L2 230.8 V 0.0 A 0.00 kW | L3 230.7 V 0.0 A 0.00 kW"}
14:05:50 I y_notifications.cpp:168 Status change of text:200: {"value":"L1 230.3 V 0.0 A 0.00 kW | L2 230.1 V 0.0 A 0.00 kW | L3 231.5 V 0.0 A 0.00 kW"}
14:05:52 I y_notifications.cpp:168 Status change of text:200: {"value":"L1 229.9 V 0.0 A 0.00 kW | L2 230.6 V 0.0 A 0.00 kW | L3 231.0 V 0.0 A 0.00 kW"}
14:05:54 I y_notifications.cpp:168 Status change of text:200: {"value":"L1 229.8 V 0.0 A 0.00 kW | L2 230.1 V 0.0 A 0.00 kW | L3 230.7 V 0.0 A 0.00 kW"}
14:05:56 I shelly_script.cpp:204   script:1 5.9% CPU utilization
14:05:56 I y_notifications.cpp:168 Status change of text:200: {"value":"L1 230.2 V 0.0 A 0.00 kW | L2 230.4 V 0.0 A 0.00 kW | L3 230.6 V 0.0 A 0.00 kW"}
14:05:58 I y_notifications.cpp:168 Status change of text:200: {"value":"L1 229.9 V 0.0 A 0.00 kW | L2 230.5 V 0.0 A 0.00 kW | L3 231.0 V 0.0 A 0.00 kW"}
14:06:00 I y_notifications.cpp:168 Status change of text:200: {"value":"L1 229.7 V 0.0 A 0.00 kW | L2 230.3 V 0.0 A 0.00 kW | L3 231.1 V 0.0 A 0.00 kW"}
14:06:02 I y_notifications.cpp:168 Status change of text:200: {"value":"L1 230.5 V 0.0 A 0.00 kW | L2 230.3 V 0.0 A 0.00 kW | L3 230.5 V 0.0 A 0.00 kW"}
14:06:04 I y_notifications.cpp:168 Status change of text:200: {"value":"L1 229.5 V 0.0 A 0.00 kW | L2 230.2 V 0.0 A 0.00 kW | L3 231.5 V 0.0 A 0.00 kW"}
14:06:06 I y_notifications.cpp:168 Status change of text:200: {"value":"L1 230.3 V 0.0 A 0.00 kW | L2 230.1 V 0.0 A 0.00 kW | L3 231.2 V 0.0 A 0.00 kW"}
14:06:08 I shelly_script.cpp:204   script:1 5.9% CPU utilization
14:06:08 I y_notifications.cpp:168 Status change of text:200: {"value":"L1 229.9 V 0.0 A 0.00 kW | L2 230.9 V 0.0 A 0.00 kW | L3 230.9 V 0.0 A 0.00 kW"}
14:06:10 I y_notifications.cpp:168 Status change of text:200: {"value":"L1 229.7 V 0.0 A 0.00 kW | L2 230.9 V 0.0 A 0.00 kW | L3 230.6 V 0.0 A 0.00 kW"}
14:06:12 I y_notifications.cpp:168 Status change of text:200: {"value":"L1 230.3 V 0.0 A 0.00 kW | L2 230.1 V 0.0 A 0.00 kW | L3 231.3 V 0.0 A 0.00 kW"}
14:06:14 I y_notifications.cpp:168 Status change of text:200: {"value":"L1 229.6 V 0.0 A 0.00 kW | L2 230.4 V 0.0 A 0.00 kW | L3 231.2 V 0.0 A 0.00 kW"}
14:06:16 I y_notifications.cpp:168 Status change of text:200: {"value":"L1 229.9 V 0.0 A 0.00 kW | L2 230.5 V 0.0 A 0.00 kW | L3 230.5 V 0.0 A 0.00 kW"}
14:06:18 I shelly_script.cpp:204   script:1 5.9% CPU utilization
14:06:18 I y_notifications.cpp:168 Status change of text:200: {"value":"L1 229.7 V 0.0 A 0.00 kW | L2 230.4 V 0.0 A 0.00 kW | L3 231.1 V 0.0 A 0.00 kW"}
14:06:20 I y_notifications.cpp:168 Status change of text:200: {"value":"L1 230.4 V 0.0 A 0.00 kW | L2 230.6 V 0.0 A 0.00 kW | L3 230.6 V 0.0 A 0.00 kW"}
14:06:22 I y_notifications.cpp:168 Status change of text:200: {"value":"L1 230.3 V 0.0 A 0.00 kW | L2 230.3 V 0.0 A 0.00 kW | L3 231.4 V 0.0 A 0.00 kW"}
14:06:24 I y_notifications.cpp:168 Status change of text:200: {"value":"L1 229.8 V 0.0 A 0.00 kW | L2 230.3 V 0.0 A 0.00 kW | L3 231.3 V 0.0 A 0.00 kW"}
14:06:26 I y_notifications.cpp:168 Status change of text:200: {"value":"L1 229.8 V 0.0 A 0.00 kW | L2 230.4 V 0.0 A 0.00 kW | L3 230.7 V 0.0 A 0.00 kW"}
14:06:28 I y_notifications.cpp:168 Status change of text:200: {"value":"L1 230.2 V 0.0 A 0.00 kW | L2 230.3 V 0.0 A 0.00 kW | L3 230.7 V 0.0 A 0.00 kW"}
14:06:30 I shelly_script.cpp:204   script:1 5.9% CPU utilization
14:06:30 I y_notifications.cpp:168 Status change of text:200: {"value":"L1 229.8 V 0.0 A 0.00 kW | L2 230.2 V 0.0 A 0.00 kW | L3 230.9 V 0.0 A 0.00 kW"}
14:06:32 I y_notifications.cpp:168 Status change of text:200: {"value":"L1 229.8 V 0.0 A 0.00 kW | L2 230.7 V 0.0 A 0.00 kW | L3 231.4 V 0.0 A 0.00 kW"}
14:06:34 I y_notifications.cpp:168 Status change of text:200: {"value":"L1 230.4 V 0.0 A 0.00 kW | L2 230.2 V 0.0 A 0.00 kW | L3 230.8 V 0.0 A 0.00 kW"}
14:06:36 I y_notifications.cpp:168 Status change of text:200: {"value":"L1 229.7 V 0.0 A 0.00 kW | L2 230.2 V 0.0 A 0.00 kW | L3 231.3 V 0.0 A 0.00 kW"}
14:06:38 I y_notifications.cpp:168 Status change of text:200: {"value":"L1 229.8 V 0.0 A 0.00 kW | L2 230.3 V 0.0 A 0.00 kW | L3 230.8 V 0.0 A 0.00 kW"}
14:06:40 I shelly_script.cpp:204   script:1 5.9% CPU utilization
14:06:40 I y_notifications.cpp:168 Status change of text:200: {"value":"L1 229.6 V 0.0 A 0.00 kW | L2 230.6 V 0.0 A 0.00 kW | L3 231.5 V 0.0 A 0.00 kW"}
14:06:42 I y_notifications.cpp:168 Status change of text:200: {"value":"L1 229.5 V 0.0 A 0.00 kW | L2 230.1 V 0.0 A 0.00 kW | L3 231.2 V 0.0 A 0.00 kW"}
14:06:44 I y_notifications.cpp:168 Status change of text:200: {"value":"L1 229.9 V 0.0 A 0.00 kW | L2 230.3 V 0.0 A 0.00 kW | L3 231.1 V 0.0 A 0.00 kW"}
14:06:46 I y_notifications.cpp:168 Status change of text:200: {"value":"L1 230.5 V 0.0 A 0.00 kW | L2 230.6 V 0.0 A 0.00 kW | L3 230.9 V 0.0 A 0.00 kW"}
14:06:48 I y_notifications.cpp:168 Status change of text:200: {"value":"L1 229.8 V 0.0 A 0.00 kW | L2 230.3 V 0.0 A 0.00 kW | L3 231.5 V 0.0 A 0.00 kW"}
14:06:50 I y_notifications.cpp:168 Status change of text:200: {"value":"L1 230.3 V 0.0 A 0.00 kW | L2 230.3 V 0.0 A 0.00 kW | L3 231.1 V 0.0 A 0.00 kW"}
14:06:52 I shelly_script.cpp:204   script:1 5.9% CPU utilization
14:06:52 I y_notifications.cpp:168 Status change of text:200: {"value":"L1 229.9 V 0.0 A 0.00 kW | L2 230.1 V 0.0 A 0.00 kW | L3 230.6 V 0.0 A 0.00 kW"}
14:06:54 I y_notifications.cpp:168 Status change of text:200: {"value":"L1 230.3 V 0.0 A 0.00 kW | L2 230.8 V 0.0 A 0.00 kW | L3 230.9 V 0.0 A 0.00 kW"}
14:06:56 I y_notifications.cpp:168 Status change of text:200: {"value":"L1 230.4 V 0.0 A 0.00 kW | L2 230.9 V 0.0 A 0.00 kW | L3 231.2 V 0.0 A 0.00 kW"}
14:06:58 I y_notifications.cpp:168 Status change of text:200: {"value":"L1 230.5 V 0.0 A 0.00 kW | L2 230.6 V 0.0 A 0.00 kW | L3 230.7 V 0.0 A 0.00 kW"}
14:07:00 I y_notifications.cpp:168 Status change of text:200: {"value":"L1 230.4 V 0.0 A 0.00 kW | L2 230.6 V 0.0 A 0.00 kW | L3 230.9 V 0.0 A 0.00 kW"}
14:07:02 I shelly_script.cpp:204   script:1 5.9% CPU utilization
14:07:02 I y_notifications.cpp:168 Status change of text:200: {"value":"L1 229.8 V 0.0 A 0.00 kW | L2 230.3 V 0.0 A 0.00 kW | L3 230.8 V 0.0 A 0.00 kW"}
14:07:04 I y_notifications.cpp:168 Status change of text:200: {"value":"L1 229.5 V 0.0 A 0.00 kW | L2 230.3 V 0.0 A 0.00 kW | L3 231.3 V 0.0 A 0.00 kW"}
14:07:06 I y_notifications.cpp:168 Status change of text:200: {"value":"L1 230.2 V 0.0 A 0.00 kW | L2 230.9 V 0.0 A 0.00 kW | L3 231.3 V 0.0 A 0.00 kW"}
14:07:08 I y_notifications.cpp:168 Status change of text:200: {"value":"L1 230.4 V 0.0 A 0.00 kW | L2 230.1 V 0.0 A 0.00 kW | L3 231.2 V 0.0 A 0.00 kW"}
14:07:10 I y_notifications.cpp:168 Status change of text:200: {"value":"L1 229.9 V 0.0 A 0.00 kW | L2 230.7 V 0.0 A 0.00 kW | L3 231.2 V 0.0 A 0.00 kW"}
14:07:12 I y_notifications.cpp:168 Status change of text:200: {"value":"L1 229.6 V 0.0 A 0.00 kW | L2 230.9 V 0.0 A 0.00 kW | L3 230.6 V 0.0 A 0.00 kW"}
14:07:14 I shelly_script.cpp:204   script:1 5.9% CPU utilization
14:07:14 I y_notifications.cpp:168 Status change of text:200: {"value":"L1 230.2 V 0.0 A 0.00 kW | L2 230.7 V 0.0 A 0.00 kW | L3 231.5 V 0.0 A 0.00 kW"}
14:07:16 I y_notifications.cpp:168 Status change of text:200: {"value":"L1 230.4 V 0.0 A 0.00 kW | L2 230.0 V 0.0 A 0.00 kW | L3 231.5 V 0.0 A 0.00 kW"}
14:07:18 I y_notifications.cpp:168 Status change of text:200: {"value":"L1 230.4 V 0.0 A 0.00 kW | L2 230.4 V 0.0 A 0.00 kW | L3 231.4 V 0.0 A 0.00 kW"}
14:07:20 I y_notifications.cpp:168 Status change of text:200: {"value":"L1 230.2 V 0.0 A 0.00 kW | L2 230.7 V 0.0 A 0.00 kW | L3 231.4 V 0.0 A 0.00 kW"}
14:07:22 I y_notifications.cpp:168 Status change of text:200: {"value":"L1 229.9 V 0.0 A 0.00 kW | L2 230.4 V 0.0 A 0.00 kW | L3 230.9 V 0.0 A 0.00 kW"}
14:07:24 I y_notifications.cpp:168 Status change of text:200: {"value":"L1 230.2 V 0.0 A 0.00 kW | L2 230.6 V 0.0 A 0.00 kW | L3 230.8 V 0.0 A 0.00 kW"}
14:07:26 I shelly_script.cpp:204   script:1 5.8% CPU utilization
14:07:26 I y_notifications.cpp:168 Status change of text:200: {"value":"L1 229.6 V 0.0 A 0.00 kW | L2 230.3 V 0.0 A 0.00 kW | L3 230.8 V 0.0 A 0.00 kW"}
14:07:28 I y_notifications.cpp:168 Status change of text:200: {"value":"L1 230.0 V 0.0 A 0.00 kW | L2 230.1 V 0.0 A 0.00 kW | L3 230.9 V 0.0 A 0.00 kW"}
14:07:30 I y_notifications.cpp:168 Status change of text:200: {"value":"L1 230.0 V 0.0 A 0.00 kW | L2 230.9 V 0.0 A 0.00 kW | L3 230.6 V 0.0 A 0.00 kW"}
14:07:32 I y_notifications.cpp:168 Status change of text:200: {"value":"L1 229.6 V 0.0 A 0.00 kW | L2 230.8 V 0.0 A 0.00 kW | L3 230.6 V 0.0 A 0.00 kW"}
14:07:34 I y_notifications.cpp:168 Status change of text:200: {"value":"L1 229.7 V 0.0 A 0.00 kW | L2 230.8 V 0.0 A 0.00 kW | L3 231.1 V 0.0 A 0.00 kW"}
14:07:36 I y_notifications.cpp:168 Status change of text:200: {"value":"L1 230.5 V 0.0 A 0.00 kW | L2 230.3 V 0.0 A 0.00 kW | L3 231.1 V 0.0 A 0.00 kW"}
14:07:38 I shelly_script.cpp:204   script:1 5.9% CPU utilization
14:07:38 I y_notifications.cpp:168 Status change of text:200: {"value":"L1 230.3 V 0.0 A 0.00 kW | L2 230.1 V 0.0 A 0.00 kW | L3 230.7 V 0.0 A 0.00 kW"}
14:07:40 I y_notifications.cpp:168 Status change of text:200: {"value":"L1 229.9 V 0.0 A 0.00 kW | L2 230.8 V 0.0 A 0.00 kW | L3 230.6 V 0.0 A 0.00 kW"}
14:07:42 I y_notifications.cpp:168 Status change of text:200: {"value":"L1 230.5 V 0.0 A 0.00 kW | L2 230.5 V 0.0 A 0.00 kW | L3 230.5 V 0.0 A 0.00 kW"}
14:07:44 I y_notifications.cpp:168 Status change of text:200: {"value":"L1 229.6 V 0.0 A 0.00 kW | L2 230.7 V 0.0 A 0.00 kW | L3 231.1 V 0.0 A 0.00 kW"}
14:07:46 I y_notifications.cpp:168 Status change of text:200: {"value":"L1 229.5 V 0.0 A 0.00 kW | L2 230.4 V 0.0 A 0.00 kW | L3 231.0 V 0.0 A 0.00 kW"}
14:07:48 I shelly_script.cpp:204   script:1 5.8% CPU utilization
14:07:48 I y_notifications.cpp:168 Status change of text:200: {"value":"L1 230.3 V 0.0 A 0.00 kW | L2 230.2 V 0.0 A 0.00 kW | L3 230.9 V 0.0 A 0.00 kW"}
14:07:50 I y_notifications.cpp:168 Status change of text:200: {"value":"L1 229.5 V 0.0 A 0.00 kW | L2 230.9 V 0.0 A 0.00 kW | L3 231.3 V 0.0 A 0.00 kW"}
14:07:52 I y_notifications.cpp:168 Status change of text:200: {"value":"L1 229.7 V 0.0 A 0.00 kW | L2 230.7 V 0.0 A 0.00 kW | L3 230.9 V 0.0 A 0.00 kW"}
14:07:54 I y_notifications.cpp:168 Status change of text:200: {"value":"L1 230.3 V 0.0 A 0.00 kW | L2 230.3 V 0.0 A 0.00 kW | L3 230.9 V 0.0 A 0.00 kW"}
14:07:56 I y_notifications.cpp:168 Status change of text:200: {"value":"L1 229.7 V 0.0 A 0.00 kW | L2 230.5 V 0.0 A 0.00 kW | L3 231.3 V 0.0 A 0.00 kW"}
14:07:58 I shelly_script.cpp:204   script:1 5.9% CPU utilization
14:07:58 I y_notifications.cpp:168 Status change of text:200: {"value":"L1 229.6 V 0.0 A 0.00 kW | L2 230.4 V 0.0 A 0.00 kW | L3 231.3 V 0.0 A 0.00 kW"}
14:08:00 I y_notifications.cpp:168 Status change of text:200: {"value":"L1 229.8 V 0.0 A 0.00 kW | L2 230.9 V 0.0 A 0.00 kW | L3 231.0 V 0.0 A 0.00 kW"}
14:08:02 I y_notifications.cpp:168 Status change of text:200: {"value":"L1 229.5 V 0.0 A 0.00 kW | L2 230.3 V 0.0 A 0.00 kW | L3 230.8 V 0.0 A 0.00 kW"}
14:08:04 I y_notifications.cpp:168 Status change of text:200: {"value":"L1 229.7 V 0.0 A 0.00 kW | L2 230.9 V 0.0 A 0.00 kW | L3 230.5 V 0.0 A 0.00 kW"}
14:08:06 I y_notifications.cpp:168 Status change of text:200: {"value":"L1 230.0 V 0.0 A 0.00 kW | L2 230.4 V 0.0 A 0.00 kW | L3 231.1 V 0.0 A 0.00 kW"}
14:08:08 I y_notifications.cpp:168 Status change of text:200: {"value":"L1 230.4 V 0.0 A 0.00 kW | L2 230.8 V 0.0 A 0.00 kW | L3 231.3 V 0.0 A 0.00 kW"}
14:08:10 I shelly_script.cpp:204   script:1 5.9% CPU utilization
14:08:10 I y_notifications.cpp:168 Status change of text:200: {"value":"L1 229.7 V 0.0 A 0.00 kW | L2 230.7 V 0.0 A 0.00 kW | L3 231.0 V 0.0 A 0.00 kW"}
14:08:12 I y_notifications.cpp:168 Status change of text:200: {"value":"L1 230.3 V 0.0 A 0.00 kW | L2 230.2 V 0.0 A 0.00 kW | L3 231.1 V 0.0 A 0.00 kW"}
14:08:14 I y_notifications.cpp:168 Status change of text:200: {"value":"L1 230.2 V 0.0 A 0.00 kW | L2 230.9 V 0.0 A 0.00 kW | L3 231.2 V 0.0 A 0.00 kW"}
14:08:16 I y_notifications.cpp:168 Status change of text:200: {"value":"L1 230.3 V 0.0 A 0.00 kW | L2 230.0 V 0.0 A 0.00 kW | L3 230.8 V 0.0 A 0.00 kW"}
14:08:18 I y_notifications.cpp:168 Status change of text:200: {"value":"L1 230.3 V 0.0 A 0.00 kW | L2 230.4 V 0.0 A 0.00 kW | L3 230.6 V 0.0 A 0.00 kW"}
14:08:20 I y_notifications.cpp:168 Status change of text:200: {"value":"L1 229.8 V 0.0 A 0.00 kW | L2 230.1 V 0.0 A 0.00 kW | L3 230.5 V 0.0 A 0.00 kW"}
14:08:22 I shelly_script.cpp:204   script:1 5.9% CPU utilization
14:08:22 I y_notifications.cpp:168 Status change of text:200: {"value":"L1 229.6 V 0.0 A 0.00 kW | L2 230.6 V 0.0 A 0.00 kW | L3 230.5 V 0.0 A 0.00 kW"}
14:08:24 I y_notifications.cpp:168 Status change of text:200: {"value":"L1 229.9 V 0.0 A 0.00 kW | L2 230.1 V 0.0 A 0.00 kW | L3 230.9 V 0.0 A 0.00 kW"}
14:08:26 I y_notifications.cpp:168 Status change of text:200: {"value":"L1 229.6 V 0.0 A 0.00 kW | L2 230.5 V 0.0 A 0.00 kW | L3 230.6 V 0.0 A 0.00 kW"}
14:08:28 I y_notifications.cpp:168 Status change of text:200: {"value":"L1 229.9 V 0.0 A 0.00 kW | L2 230.7 V 0.0 A 0.00 kW | L3 230.9 V 0.0 A 0.00 kW"}
14:08:30 I y_notifications.cpp:168 Status change of text:200: {"value":"L1 229.6 V 0.0 A 0.00 kW | L2 230.4 V 0.0 A 0.00 kW | L3 231.4 V 0.0 A 0.00 kW"}
14:08:32 I shelly_script.cpp:204   script:1 5.9% CPU utilization
14:08:32 I y_notifications.cpp:168 Status change of text:200: {"value":"L1 229.7 V 0.0 A 0.00 kW | L2 230.7 V 0.0 A 0.00 kW | L3 231.0 V 0.0 A 0.00 kW"}
14:08:34 I y_notifications.cpp:168 Status change of text:200: {"value":"L1 230.4 V 0.0 A 0.00 kW | L2 230.8 V 0.0 A 0.00 kW | L3 231.1 V 0.0 A 0.00 kW"}
14:08:36 I y_notifications.cpp:168 Status change of text:200: {"value":"L1 230.3 V 0.0 A 0.00 kW | L2 230.3 V 0.0 A 0.00 kW | L3 230.7 V 0.0 A 0.00 kW"}
14:08:38 I y_notifications.cpp:168 Status change of text:200: {"value":"L1 229.8 V 0.0 A 0.00 kW | L2 230.7 V 0.0 A 0.00 kW | L3 230.6 V 0.0 A 0.00 kW"}
14:08:40 I y_notifications.cpp:168 Status change of text:200: {"value":"L1 229.9 V 0.0 A 0.00 kW | L2 230.4 V 0.0 A 0.00 kW | L3 231.4 V 0.0 A 0.00 kW"}
14:08:42 I y_notifications.cpp:168 Status change of text:200: {"value":"L1 229.9 V 0.0 A 0.00 kW | L2 230.2 V 0.0 A 0.00 kW | L3 231.3 V 0.0 A 0.00 kW"}
14:08:44 I shelly_script.cpp:204   script:1 5.9% CPU utilization
14:08:44 I y_notifications.cpp:168 Status change of text:200: {"value":"L1 230.0 V 0.0 A 0.00 kW | L2 230.4 V 0.0 A 0.00 kW | L3 230.7 V 0.0 A 0.00 kW"}
14:08:46 I y_notifications.cpp:168 Status change of text:200: {"value":"L1 229.6 V 0.0 A 0.00 kW | L2 230.1 V 0.0 A 0.00 kW | L3 231.4 V 0.0 A 0.00 kW"}
14:08:48 I y_notifications.cpp:168 Status change of text:200: {"value":"L1 229.8 V 0.0 A 0.00 kW | L2 230.3 V 0.0 A 0.00 kW | L3 231.3 V 0.0 A 0.00 kW"}
14:08:50 I y_notifications.cpp:168 Status change of text:200: {"value":"L1 229.6 V 0.0 A 0.00 kW | L2 230.2 V 0.0 A 0.00 kW | L3 230.9 V 0.0 A 0.00 kW"}
14:08:52 I y_notifications.cpp:168 Status change of text:200: {"value":"L1 229.8 V 0.0 A 0.00 kW | L2 230.6 V 0.0 A 0.00 kW | L3 231.5 V 0.0 A 0.00 kW"}
14:08:54 I shelly_script.cpp:204   script:1 5.9% CPU utilization
14:08:54 I y_notifications.cpp:168 Status change of text:200: {"value":"L1 229.8 V 0.0 A 0.00 kW | L2 230.7 V 0.0 A 0.00 kW | L3 230.9 V 0.0 A 0.00 kW"}
14:08:56 I y_notifications.cpp:168 Status change of text:200: {"value":"L1 230.3 V 0.0 A 0.00 kW | L2 230.7 V 0.0 A 0.00 kW | L3 230.8 V 0.0 A 0.00 kW"}
14:08:58 I y_notifications.cpp:168 Status change of text:200: {"value":"L1 229.7 V 0.0 A 0.00 kW | L2 230.1 V 0.0 A 0.00 kW | L3 231.4 V 0.0 A 0.00 kW"}
14:09:00 I y_notifications.cpp:168 Status change of text:200: {"value":"L1 230.5 V 0.0 A 0.00 kW | L2 230.2 V 0.0 A 0.00 kW | L3 231.1 V 0.0 A 0.00 kW"}
14:09:02 I y_notifications.cpp:168 Status change of text:200: {"value":"L1 230.4 V 0.0 A 0.00 kW | L2 230.5 V 0.0 A 0.00 kW | L3 231.2 V 0.0 A 0.00 kW"}
14:09:04 I y_notifications.cpp:168 Status change of text:200: {"value":"L1 229.6 V 0.0 A 0.00 kW | L2 230.7 V 0.0 A 0.00 kW | L3 230.9 V 0.0 A 0.00 kW"}
14:09:06 I shelly_script.cpp:204   script:1 5.9% CPU utilization
14:09:06 I y_notifications.cpp:168 Status change of text:200: {"value":"L1 230.4 V 0.0 A 0.00 kW | L2 230.6 V 0.0 A 0.00 kW | L3 230.6 V 0.0 A 0.00 kW"}
14:09:08 I y_notifications.cpp:168 Status change of text:200: {"value":"L1 229.6 V 0.0 A 0.00 kW | L2 230.2 V 0.0 A 0.00 kW | L3 231.2 V 0.0 A 0.00 kW"}
14:09:10 I y_notifications.cpp:168 Status change of text:200: {"value":"L1 229.9 V 0.0 A 0.00 kW | L2 230.2 V 0.0 A 0.00 kW | L3 231.4 V 0.0 A 0.00 kW"}
14:09:12 I y_notifications.cpp:168 Status change of text:200: {"value":"L1 230.1 V 0.0 A 0.00 kW | L2 230.4 V 0.0 A 0.00 kW | L3 231.5 V 0.0 A 0.00 kW"}
14:09:14 I y_notifications.cpp:168 Status change of text:200: {"value":"L1 230.1 V 0.0 A 0.00 kW | L2 230.6 V 0.0 A 0.00 kW | L3 230.8 V 0.0 A 0.00 kW"}
14:09:16 I y_notifications.cpp:168 Status change of text:200: {"value":"L1 230.4 V 0.0 A 0.00 kW | L2 230.5 V 0.0 A 0.00 kW | L3 231.2 V 0.0 A 0.00 kW"}
14:09:18 I shelly_script.cpp:204   script:1 5.9% CPU utilization
14:09:18 I y_notifications.cpp:168 Status change of text:200: {"value":"L1 229.7 V 0.0 A 0.00 kW | L2 230.1 V 0.0 A 0.00 kW | L3 231.3 V 0.0 A 0.00 kW"}
14:09:20 I y_notifications.cpp:168 Status change of text:200: {"value":"L1 230.2 V 0.0 A 0.00 kW | L2 230.0 V 0.0 A 0.00 kW | L3 230.6 V 0.0 A 0.00 kW"}
14:09:22 I y_notifications.cpp:168 Status change of text:200: {"value":"L1 230.1 V 0.0 A 0.00 kW | L2 230.3 V 0.0 A 0.00 kW | L3 231.3 V 0.0 A 0.00 kW"}
14:09:24 I y_notifications.cpp:168 Status change of text:200: {"value":"L1 229.7 V 0.0 A 0.00 kW | L2 230.0 V 0.0 A 0.00 kW | L3 230.6 V 0.0 A 0.00 kW"}
14:09:26 I y_notifications.cpp:168 Status change of text:200: {"value":"L1 230.2 V 0.0 A 0.00 kW | L2 230.3 V 0.0 A 0.00 kW | L3 231.1 V 0.0 A 0.00 kW"}
14:09:28 I y_notifications.cpp:168 Status change of text:200: {"value":"L1 230.4 V 0.0 A 0.00 kW | L2 230.7 V 0.0 A 0.00 kW | L3 230.9 V 0.0 A 0.00 kW"}
14:09:30 I shelly_script.cpp:204   script:1 5.9% CPU utilization
14:09:30 I y_notifications.cpp:168 Status change of text:200: {"value":"L1 229.8 V 0.0 A 0.00 kW | L2 230.2 V 0.0 A 0.00 kW | L3 230.9 V 0.0 A 0.00 kW"}
14:09:32 I y_notifications.cpp:168 Status change of text:200: {"value":"L1 229.9 V 0.0 A 0.00 kW | L2 230.2 V 0.0 A 0.00 kW | L3 230.7 V 0.0 A 0.00 kW"}
14:09:34 I y_notifications.cpp:168 Status change of text:200: {"value":"L1 229.7 V 0.0 A 0.00 kW | L2 230.0 V 0.0 A 0.00 kW | L3 231.0 V 0.0 A 0.00 kW"}
14:09:36 I y_notifications.cpp:168 Status change of text:200: {"value":"L1 230.0 V 0.0 A 0.00 kW | L2 230.3 V 0.0 A 0.00 kW | L3 230.9 V 0.0 A 0.00 kW"}
14:09:38 I y_notifications.cpp:168 Status change of text:200: {"value":"L1 230.0 V 0.0 A 0.00 kW | L2 230.6 V 0.0 A 0.00 kW | L3 230.8 V 0.0 A 0.00 kW"}
14:09:40 I shelly_script.cpp:204   script:1 5.9% CPU utilization
14:09:40 I y_notifications.cpp:168 Status change of text:200: {"value":"L1 229.9 V 0.0 A 0.00 kW | L2 230.4 V 0.0 A 0.00 kW | L3 231.4 V 0.0 A 0.00 kW"}
14:09:42 I y_notifications.cpp:168 Status change of text:200: {"value":"L1 230.2 V 0.0 A 0.00 kW | L2 230.5 V 0.0 A 0.00 kW | L3 230.9 V 0.0 A 0.00 kW"}
14:09:44 I y_notifications.cpp:168 Status change of text:200: {"value":"L1 230.1 V 0.0 A 0.00 kW | L2 230.2 V 0.0 A 0.00 kW | L3 230.6 V 0.0 A 0.00 kW"}
14:09:46 I y_notifications.cpp:168 Status change of text:200: {"value":"L1 229.8 V 0.0 A 0.00 kW | L2 230.7 V 0.0 A 0.00 kW | L3 231.5 V 0.0 A 0.00 kW"}
14:09:48 I y_notifications.cpp:168 Status change of text:200: {"value":"L1 230.2 V 0.0 A 0.00 kW | L2 230.3 V 0.0 A 0.00 kW | L3 231.2 V 0.0 A 0.00 kW"}
14:09:50 I shelly_script.cpp:204   script:1 5.9% CPU utilization
14:09:50 I y_notifications.cpp:168 Status change of text:200: {"value":"L1 229.9 V 0.0 A 0.00 kW | L2 230.6 V 0.0 A 0.00 kW | L3 231.4 V 0.0 A 0.00 kW"}
14:09:52 I y_notifications.cpp:168 Status change of text:200: {"value":"L1 229.8 V 0.0 A 0.00 kW | L2 230.7 V 0.0 A 0.00 kW | L3 230.9 V 0.0 A 0.00 kW"}
14:09:54 I y_notifications.cpp:168 Status change of text:200: {"value":"L1 230.1 V 0.0 A 0.00 kW | L2 230.1 V 0.0 A 0.00 kW | L3 231.5 V 0.0 A 0.00 kW"}
14:09:56 I y_notifications.cpp:168 Status change of text:200: {"value":"L1 229.9 V 0.0 A 0.00 kW | L2 230.6 V 0.0 A 0.00 kW | L3 230.9 V 0.0 A 0.00 kW"}
14:09:58 I y_notifications.cpp:168 Status change of text:200: {"value":"L1 230.1 V 0.0 A 0.00 kW | L2 230.3 V 0.0 A 0.00 kW | L3 230.6 V 0.0 A 0.00 kW"}
14:10:00 I y_notifications.cpp:168 Status change of text:200: {"value":"L1 229.8 V 0.0 A 0.00 kW | L2 230.5 V 0.0 A 0.00 kW | L3 230.7 V 0.0 A 0.00 kW"}
14:10:02 I shelly_script.cpp:204   script:1 5.9% CPU utilization
14:10:02 I y_notifications.cpp:168 Status change of text:200: {"value":"L1 230.0 V 0.0 A 0.00 kW | L2 230.9 V 0.0 A 0.00 kW | L3 231.2 V 0.0 A 0.00 kW"}
14:10:04 I y_notifications.cpp:168 Status change of text:200: {"value":"L1 230.1 V 0.0 A 0.00 kW | L2 230.3 V 0.0 A 0.00 kW | L3 230.7 V 0.0 A 0.00 kW"}
14:10:06 I y_notifications.cpp:168 Status change of text:200: {"value":"L1 230.2 V 0.0 A 0.00 kW | L2 230.2 V 0.0 A 0.00 kW | L3 230.6 V 0.0 A 0.00 kW"}
14:10:08 I y_notifications.cpp:168 Status change of text:200: {"value":"L1 230.1 V 0.0 A 0.00 kW | L2 230.4 V 0.0 A 0.00 kW | L3 231.5 V 0.0 A 0.00 kW"}
14:10:10 I y_notifications.cpp:168 Status change of text:200: {"value":"L1 229.6 V 0.0 A 0.00 kW | L2 230.1 V 0.0 A 0.00 kW | L3 231.2 V 0.0 A 0.00 kW"}
14:10:12 I shelly_script.cpp:204   script:1 5.9% CPU utilization
14:10:12 I y_notifications.cpp:168 Status change of text:200: {"value":"L1 229.6 V 0.0 A 0.00 kW | L2 230.1 V 0.0 A 0.00 kW | L3 231.1 V 0.0 A 0.00 kW"}
14:10:14 I y_notifications.cpp:168 Status change of text:200: {"value":"L1 229.5 V 0.0 A 0.00 kW | L2 230.1 V 0.0 A 0.00 kW | L3 231.3 V 0.0 A 0.00 kW"}
14:10:16 I y_notifications.cpp:168 Status change of text:200: {"value":"L1 230.5 V 0.0 A 0.00 kW | L2 230.5 V 0.0 A 0.00 kW | L3 230.9 V 0.0 A 0.00 kW"}
14:10:18 I y_notifications.cpp:168 Status change of text:200: {"value":"L1 229.9 V 0.0 A 0.00 kW | L2 230.0 V 0.0 A 0.00 kW | L3 230.9 V 0.0 A 0.00 kW"}
14:10:20 I y_notifications.cpp:168 Status change of text:200: {"value":"L1 229.9 V 0.0 A 0.00 kW | L2 230.9 V 0.0 A 0.00 kW | L3 230.6 V 0.0 A 0.00 kW"}
14:10:22 I y_notifications.cpp:168 Status change of text:200: {"value":"L1 229.7 V 0.0 A 0.00 kW | L2 230.8 V 0.0 A 0.00 kW | L3 230.6 V 0.0 A 0.00 kW"}
14:10:24 I shelly_script.cpp:204   script:1 5.9% CPU utilization
14:10:24 I y_notifications.cpp:168 Status change of text:200: {"value":"L1 229.9 V 0.0 A 0.00 kW | L2 230.9 V 0.0 A 0.00 kW | L3 231.3 V 0.0 A 0.00 kW"}
14:10:26 I y_notifications.cpp:168 Status change of text:200: {"value":"L1 229.7 V 0.0 A 0.00 kW | L2 230.8 V 0.0 A 0.00 kW | L3 231.0 V 0.0 A 0.00 kW"}
14:10:28 I y_notifications.cpp:168 Status change of text:200: {"value":"L1 230.3 V 0.0 A 0.00 kW | L2 230.6 V 0.0 A 0.00 kW | L3 231.5 V 0.0 A 0.00 kW"}
14:10:30 I y_notifications.cpp:168 Status change of text:200: {"value":"L1 229.9 V 0.0 A 0.00 kW | L2 230.4 V 0.0 A 0.00 kW | L3 231.0 V 0.0 A 0.00 kW"}
14:10:32 I y_notifications.cpp:168 Status change of text:200: {"value":"L1 229.7 V 0.0 A 0.00 kW | L2 230.4 V 0.0 A 0.00 kW | L3 230.5 V 0.0 A 0.00 kW"}
14:10:34 I y_notifications.cpp:168 Status change of text:200: {"value":"L1 230.2 V 0.0 A 0.00 kW | L2 230.9 V 0.0 A 0.00 kW | L3 231.1 V 0.0 A 0.00 kW"}
14:10:36 I shelly_script.cpp:204   script:1 5.9% CPU utilization
14:10:36 I y_notifications.cpp:168 Status change of text:200: {"value":"L1 230.5 V 0.0 A 0.00 kW | L2 230.4 V 0.0 A 0.00 kW | L3 230.6 V 0.0 A 0.00 kW"}
14:10:38 I y_notifications.cpp:168 Status change of text:200: {"value":"L1 229.6 V 0.0 A 0.00 kW | L2 230.4 V 0.0 A 0.00 kW | L3 231.1 V 0.0 A 0.00 kW"}
14:10:40 I y_notifications.cpp:168 Status change of text:200: {"value":"L1 230.3 V 0.0 A 0.00 kW | L2 230.9 V 0.0 A 0.00 kW | L3 230.6 V 0.0 A 0.00 kW"}
14:10:42 I y_notifications.cpp:168 Status change of text:200: {"value":"L1 229.7 V 0.0 A 0.00 kW | L2 230.0 V 0.0 A 0.00 kW | L3 230.9 V 0.0 A 0.00 kW"}
14:10:44 I y_notifications.cpp:168 Status change of text:200: {"value":"L1 230.2 V 0.0 A 0.00 kW | L2 230.1 V 0.0 A 0.00 kW | L3 230.6 V 0.0 A 0.00 kW"}
14:10:46 I shelly_script.cpp:204   script:1 5.9% CPU utilization
14:10:46 I y_notifications.cpp:168 Status change of text:200: {"value":"L1 229.6 V 0.0 A 0.00 kW | L2 230.1 V 0.0 A 0.00 kW | L3 230.9 V 0.0 A 0.00 kW"}
14:10:48 I y_notifications.cpp:168 Status change of text:200: {"value":"L1 230.2 V 0.0 A 0.00 kW | L2 230.2 V 0.0 A 0.00 kW | L3 230.6 V 0.0 A 0.00 kW"}
14:10:50 I y_notifications.cpp:168 Status change of text:200: {"value":"L1 230.4 V 0.0 A 0.00 kW | L2 230.0 V 0.0 A 0.00 kW | L3 230.9 V 0.0 A 0.00 kW"}
14:10:52 I y_notifications.cpp:168 Status change of text:200: {"value":"L1 230.0 V 0.0 A 0.00 kW | L2 230.8 V 0.0 A 0.00 kW | L3 230.5 V 0.0 A 0.00 kW"}
14:10:54 I y_notifications.cpp:168 Status change of text:200: {"value":"L1 230.1 V 0.0 A 0.00 kW | L2 230.2 V 0.0 A 0.00 kW | L3 230.7 V 0.0 A 0.00 kW"}
14:10:56 I shelly_script.cpp:204   script:1 5.9% CPU utilization
14:10:56 I y_notifications.cpp:168 Status change of text:200: {"value":"L1 230.3 V 0.0 A 0.00 kW | L2 230.4 V 0.0 A 0.00 kW | L3 231.4 V 0.0 A 0.00 kW"}
14:10:58 I y_notifications.cpp:168 Status change of text:200: {"value":"L1 230.4 V 0.0 A 0.00 kW | L2 230.8 V 0.0 A 0.00 kW | L3 231.2 V 0.0 A 0.00 kW"}
14:11:00 I y_notifications.cpp:168 Status change of text:200: {"value":"L1 230.1 V 0.0 A 0.00 kW | L2 230.1 V 0.0 A 0.00 kW | L3 231.1 V 0.0 A 0.00 kW"}
14:11:02 I y_notifications.cpp:168 Status change of text:200: {"value":"L1 230.0 V 0.0 A 0.00 kW | L2 230.1 V 0.0 A 0.00 kW | L3 231.3 V 0.0 A 0.00 kW"}
14:11:04 I y_notifications.cpp:168 Status change of text:200: {"value":"L1 230.5 V 0.0 A 0.00 kW | L2 230.6 V 0.0 A 0.00 kW | L3 231.4 V 0.0 A 0.00 kW"}
14:11:06 I y_notifications.cpp:168 Status change of text:200: {"value":"L1 229.6 V 0.0 A 0.00 kW | L2 230.5 V 0.0 A 0.00 kW | L3 231.1 V 0.0 A 0.00 kW"}
14:11:08 I shelly_script.cpp:204   script:1 5.9% CPU utilization
14:11:08 I y_notifications.cpp:168 Status change of text:200: {"value":"L1 229.6 V 0.0 A 0.00 kW | L2 230.1 V 0.0 A 0.00 kW | L3 231.2 V 0.0 A 0.00 kW"}
14:11:10 I y_notifications.cpp:168 Status change of text:200: {"value":"L1 229.9 V 0.0 A 0.00 kW | L2 230.9 V 0.0 A 0.00 kW | L3 231.0 V 0.0 A 0.00 kW"}
14:11:12 I y_notifications.cpp:168 Status change of text:200: {"value":"L1 229.8 V 0.0 A 0.00 kW | L2 230.4 V 0.0 A 0.00 kW | L3 230.9 V 0.0 A 0.00 kW"}
14:11:14 I y_notifications.cpp:168 Status change of text:200: {"value":"L1 229.5 V 0.0 A 0.00 kW | L2 230.7 V 0.0 A 0.00 kW | L3 230.8 V 0.0 A 0.00 kW"}
14:11:16 I y_notifications.cpp:168 Status change of text:200: {"value":"L1 229.8 V 0.0 A 0.00 kW | L2 230.8 V 0.0 A 0.00 kW | L3 231.4 V 0.0 A 0.00 kW"}
14:11:18 I shelly_script.cpp:204   script:1 5.9% CPU utilization
14:11:18 I y_notifications.cpp:168 Status change of text:200: {"value":"L1 229.9 V 0.0 A 0.00 kW | L2 230.1 V 0.0 A 0.00 kW | L3 230.7 V 0.0 A 0.00 kW"}
14:11:20 I y_notifications.cpp:168 Status change of text:200: {"value":"L1 229.9 V 0.0 A 0.00 kW | L2 230.9 V 0.0 A 0.00 kW | L3 230.8 V 0.0 A 0.00 kW"}
14:11:22 I y_notifications.cpp:168 Status change of text:200: {"value":"L1 229.6 V 0.0 A 0.00 kW | L2 230.7 V 0.0 A 0.00 kW | L3 230.8 V 0.0 A 0.00 kW"}
14:11:24 I y_notifications.cpp:168 Status change of text:200: {"value":"L1 229.6 V 0.0 A 0.00 kW | L2 230.6 V 0.0 A 0.00 kW | L3 230.7 V 0.0 A 0.00 kW"}
14:11:26 I y_notifications.cpp:168 Status change of text:200: {"value":"L1 230.2 V 0.0 A 0.00 kW | L2 230.2 V 0.0 A 0.00 kW | L3 230.7 V 0.0 A 0.00 kW"}
14:11:28 I y_notifications.cpp:168 Status change of text:200: {"value":"L1 229.9 V 0.0 A 0.00 kW | L2 230.9 V 0.0 A 0.00 kW | L3 231.0 V 0.0 A 0.00 kW"}
14:11:30 I shelly_script.cpp:204   script:1 5.9% CPU utilization
14:11:30 I y_notifications.cpp:168 Status change of text:200: {"value":"L1 230.1 V 0.0 A 0.00 kW | L2 230.2 V 0.0 A 0.00 kW | L3 230.6 V 0.0 A 0.00 kW"}
14:11:32 I y_notifications.cpp:168 Status change of text:200: {"value":"L1 230.3 V 0.0 A 0.00 kW | L2 230.0 V 0.0 A 0.00 kW | L3 231.4 V 0.0 A 0.00 kW"}
14:11:34 I y_notifications.cpp:168 Status change of text:200: {"value":"L1 229.7 V 0.0 A 0.00 kW | L2 230.8 V 0.0 A 0.00 kW | L3 230.8 V 0.0 A 0.00 kW"}
14:11:36 I y_notifications.cpp:168 Status change of text:200: {"value":"L1 230.4 V 0.0 A 0.00 kW | L2 230.3 V 0.0 A 0.00 kW | L3 230.6 V 0.0 A 0.00 kW"}
14:11:38 I y_notifications.cpp:168 Status change of text:200: {"value":"L1 230.2 V 0.0 A 0.00 kW | L2 230.8 V 0.0 A 0.00 kW | L3 230.7 V 0.0 A 0.00 kW"}
14:11:40 I shelly_script.cpp:204   script:1 5.9% CPU utilization
14:11:40 I y_notifications.cpp:168 Status change of text:200: {"value":"L1 230.3 V 0.0 A 0.00 kW | L2 230.9 V 0.0 A 0.00 kW | L3 230.8 V 0.0 A 0.00 kW"}
14:11:42 I y_notifications.cpp:168 Status change of text:200: {"value":"L1 229.6 V 0.0 A 0.00 kW | L2 230.9 V 0.0 A 0.00 kW | L3 230.7 V 0.0 A 0.00 kW"}
14:11:44 I y_notifications.cpp:168 Status change of text:200: {"value":"L1 230.3 V 0.0 A 0.00 kW | L2 230.2 V 0.0 A 0.00 kW | L3 231.0 V 0.0 A 0.00 kW"}
14:11:46 I y_notifications.cpp:168 Status change of text:200: {"value":"L1 229.6 V 0.0 A 0.00 kW | L2 230.5 V 0.0 A 0.00 kW | L3 231.3 V 0.0 A 0.00 kW"}
14:11:48 I y_notifications.cpp:168 Status change of text:200: {"value":"L1 229.5 V 0.0 A 0.00 kW | L2 230.3 V 0.0 A 0.00 kW | L3 230.6 V 0.0 A 0.00 kW"}
14:11:50 I y_notifications.cpp:168 Status change of text:200: {"value":"L1 229.8 V 0.0 A 0.00 kW | L2 230.0 V 0.0 A 0.00 kW | L3 230.6 V 0.0 A 0.00 kW"}
14:11:52 I shelly_script.cpp:204   script:1 5.9% CPU utilization
14:11:52 I y_notifications.cpp:168 Status change of text:200: {"value":"L1 230.4 V 0.0 A 0.00 kW | L2 230.9 V 0.0 A 0.00 kW | L3 231.5 V 0.0 A 0.00 kW"}
14:11:54 I y_notifications.cpp:168 Status change of text:200: {"value":"L1 229.6 V 0.0 A 0.00 kW | L2 230.8 V 0.0 A 0.00 kW | L3 230.6 V 0.0 A 0.00 kW"}
14:11:56 I y_notifications.cpp:168 Status change of text:200: {"value":"L1 230.4 V 0.0 A 0.00 kW | L2 230.7 V 0.0 A 0.00 kW | L3 231.0 V 0.0 A 0.00 kW"}
14:11:58 I y_notifications.cpp:168 Status change of text:200: {"value":"L1 230.2 V 0.0 A 0.00 kW | L2 230.8 V 0.0 A 0.00 kW | L3 231.3 V 0.0 A 0.00 kW"}
14:12:00 I y_notifications.cpp:168 Status change of text:200: {"value":"L1 230.4 V 0.0 A 0.00 kW | L2 230.2 V 0.0 A 0.00 kW | L3 231.1 V 0.0 A 0.00 kW"}
14:12:02 I y_notifications.cpp:168 Status change of text:200: {"value":"L1 229.6 V 0.0 A 0.00 kW | L2 230.4 V 0.0 A 0.00 kW | L3 230.5 V 0.0 A 0.00 kW"}
14:12:04 I shelly_script.cpp:204   script:1 5.9% CPU utilization
14:12:04 I y_notifications.cpp:168 Status change of text:200: {"value":"L1 230.5 V 0.0 A 0.00 kW | L2 230.5 V 0.0 A 0.00 kW | L3 231.3 V 0.0 A 0.00 kW"}
14:12:06 I y_notifications.cpp:168 Status change of text:200: {"value":"L1 230.4 V 0.0 A 0.00 kW | L2 230.4 V 0.0 A 0.00 kW | L3 230.9 V 0.0 A 0.00 kW"}
14:12:08 I y_notifications.cpp:168 Status change of text:200: {"value":"L1 230.1 V 0.0 A 0.00 kW | L2 230.9 V 0.0 A 0.00 kW | L3 230.9 V 0.0 A 0.00 kW"}
14:12:10 I y_notifications.cpp:168 Status change of text:200: {"value":"L1 230.4 V 0.0 A 0.00 kW | L2 230.7 V 0.0 A 0.00 kW | L3 231.1 V 0.0 A 0.00 kW"}
14:12:12 I y_notifications.cpp:168 Status change of text:200: {"value":"L1 229.7 V 0.0 A 0.00 kW | L2 230.9 V 0.0 A 0.00 kW | L3 231.4 V 0.0 A 0.00 kW"}
14:12:14 I y_notifications.cpp:168 Status change of text:200: {"value":"L1 230.3 V 0.0 A 0.00 kW | L2 230.9 V 0.0 A 0.00 kW | L3 231.2 V 0.0 A 0.00 kW"}
14:12:16 I shelly_script.cpp:204   script:1 5.9% CPU utilization
14:12:16 I y_notifications.cpp:168 Status change of text:200: {"value":"L1 229.7 V 0.0 A 0.00 kW | L2 230.2 V 0.0 A 0.00 kW | L3 231.4 V 0.0 A 0.00 kW"}
14:12:18 I y_notifications.cpp:168 Status change of text:200: {"value":"L1 230.0 V 0.0 A 0.00 kW | L2 230.8 V 0.0 A 0.00 kW | L3 230.9 V 0.0 A 0.00 kW"}
14:12:20 I y_notifications.cpp:168 Status change of text:200: {"value":"L1 229.6 V 0.0 A 0.00 kW | L2 230.3 V 0.0 A 0.00 kW | L3 230.9 V 0.0 A 0.00 kW"}
14:12:22 I y_notifications.cpp:168 Status change of text:200: {"value":"L1 229.9 V 0.0 A 0.00 kW | L2 230.3 V 0.0 A 0.00 kW | L3 231.1 V 0.0 A 0.00 kW"}
14:12:24 I y_notifications.cpp:168 Status change of text:200: {"value":"L1 230.1 V 0.0 A 0.00 kW | L2 230.7 V 0.0 A 0.00 kW | L3 230.7 V 0.0 A 0.00 kW"}
14:12:26 I shelly_script.cpp:204   script:1 5.9% CPU utilization
14:12:26 I y_notifications.cpp:168 Status change of text:200: {"value":"L1 230.2 V 0.0 A 0.00 kW | L2 230.9 V 0.0 A 0.00 kW | L3 231.1 V 0.0 A 0.00 kW"}
14:12:28 I y_notifications.cpp:168 Status change of text:200: {"value":"L1 230.4 V 0.0 A 0.00 kW | L2 230.3 V 0.0 A 0.00 kW | L3 231.2 V 0.0 A 0.00 kW"}
14:12:30 I y_notifications.cpp:168 Status change of text:200: {"value":"L1 230.5 V 0.0 A 0.00 kW | L2 230.9 V 0.0 A 0.00 kW | L3 231.5 V 0.0 A 0.00 kW"}
14:12:32 I y_notifications.cpp:168 Status change of text:200: {"value":"L1 229.6 V 0.0 A 0.00 kW | L2 230.2 V 0.0 A 0.00 kW | L3 230.6 V 0.0 A 0.00 kW"}
14:12:34 I y_notifications.cpp:168 Status change of text:200: {"value":"L1 230.5 V 0.0 A 0.00 kW | L2 230.2 V 0.0 A 0.00 kW | L3 231.0 V 0.0 A 0.00 kW"}
14:12:36 I y_notifications.cpp:168 Status change of text:200: {"value":"L1 229.7 V 0.0 A 0.00 kW | L2 230.9 V 0.0 A 0.00 kW | L3 231.2 V 0.0 A 0.00 kW"}
14:12:38 I shelly_script.cpp:204   script:1 5.9% CPU utilization
14:12:38 I y_notifications.cpp:168 Status change of text:200: {"value":"L1 230.2 V 0.0 A 0.00 kW | L2 230.3 V 0.0 A 0.00 kW | L3 230.8 V 0.0 A 0.00 kW"}
14:12:40 I y_notifications.cpp:168 Status change of text:200: {"value":"L1 230.4 V 0.0 A 0.00 kW | L2 230.2 V 0.0 A 0.00 kW | L3 231.3 V 0.0 A 0.00 kW"}
14:12:42 I y_notifications.cpp:168 Status change of text:200: {"value":"L1 230.4 V 0.0 A 0.00 kW | L2 230.9 V 0.0 A 0.00 kW | L3 231.4 V 0.0 A 0.00 kW"}
14:12:44 I y_notifications.cpp:168 Status change of text:200: {"value":"L1 230.1 V 0.0 A 0.00 kW | L2 230.5 V 0.0 A 0.00 kW | L3 230.8 V 0.0 A 0.00 kW"}
14:12:46 I y_notifications.cpp:168 Status change of text:200: {"value":"L1 229.9 V 0.0 A 0.00 kW | L2 230.6 V 0.0 A 0.00 kW | L3 231.3 V 0.0 A 0.00 kW"}
14:12:48 I shelly_script.cpp:204   script:1 5.9% CPU utilization
14:12:48 I y_notifications.cpp:168 Status change of text:200: {"value":"L1 229.8 V 0.0 A 0.00 kW | L2 230.9 V 0.0 A 0.00 kW | L3 231.2 V 0.0 A 0.00 kW"}
14:12:50 I y_notifications.cpp:168 Status change of text:200: {"value":"L1 229.9 V 0.0 A 0.00 kW | L2 230.7 V 0.0 A 0.00 kW | L3 231.5 V 0.0 A 0.00 kW"}
14:12:52 I y_notifications.cpp:168 Status change of text:200: {"value":"L1 230.1 V 0.0 A 0.00 kW | L2 230.6 V 0.0 A 0.00 kW | L3 230.8 V 0.0 A 0.00 kW"}
14:12:54 I y_notifications.cpp:168 Status change of text:200: {"value":"L1 230.1 V 0.0 A 0.00 kW | L2 230.3 V 0.0 A 0.00 kW | L3 231.2 V 0.0 A 0.00 kW"}
14:12:56 I y_notifications.cpp:168 Status change of text:200: {"value":"L1 230.3 V 0.0 A 0.00 kW | L2 230.9 V 0.0 A 0.00 kW | L3 230.8 V 0.0 A 0.00 kW"}
14:12:58 I y_notifications.cpp:168 Status change of text:200: {"value":"L1 230.3 V 0.0 A 0.00 kW | L2 230.9 V 0.0 A 0.00 kW | L3 230.6 V 0.0 A 0.00 kW"}
14:13:00 I shelly_script.cpp:204   script:1 5.9% CPU utilization
14:13:00 I y_notifications.cpp:168 Status change of text:200: {"value":"L1 230.4 V 0.0 A 0.00 kW | L2 230.1 V 0.0 A 0.00 kW | L3 231.0 V 0.0 A 0.00 kW"}
14:13:02 I y_notifications.cpp:168 Status change of text:200: {"value":"L1 229.6 V 0.0 A 0.00 kW | L2 230.1 V 0.0 A 0.00 kW | L3 230.7 V 0.0 A 0.00 kW"}
14:13:04 I y_notifications.cpp:168 Status change of text:200: {"value":"L1 230.2 V 0.0 A 0.00 kW | L2 230.4 V 0.0 A 0.00 kW | L3 231.1 V 0.0 A 0.00 kW"}
14:13:06 I y_notifications.cpp:168 Status change of text:200: {"value":"L1 229.8 V 0.0 A 0.00 kW | L2 230.4 V 0.0 A 0.00 kW | L3 231.4 V 0.0 A 0.00 kW"}
14:13:08 I y_notifications.cpp:168 Status change of text:200: {"value":"L1 229.7 V 0.0 A 0.00 kW | L2 230.5 V 0.0 A 0.00 kW | L3 230.8 V 0.0 A 0.00 kW"}
14:13:10 I shelly_script.cpp:204   script:1 5.8% CPU utilization
14:13:10 I y_notifications.cpp:168 Status change of text:200: {"value":"L1 230.4 V 0.0 A 0.00 kW | L2 230.3 V 0.0 A 0.00 kW | L3 231.2 V 0.0 A 0.00 kW"}
14:13:12 I y_notifications.cpp:168 Status change of text:200: {"value":"L1 229.6 V 0.0 A 0.00 kW | L2 230.9 V 0.0 A 0.00 kW | L3 231.4 V 0.0 A 0.00 kW"}
14:13:14 I y_notifications.cpp:168 Status change of text:200: {"value":"L1 230.2 V 0.0 A 0.00 kW | L2 230.4 V 0.0 A 0.00 kW | L3 231.1 V 0.0 A 0.00 kW"}
14:13:16 I y_notifications.cpp:168 Status change of text:200: {"value":"L1 230.1 V 0.0 A 0.00 kW | L2 230.5 V 0.0 A 0.00 kW | L3 230.7 V 0.0 A 0.00 kW"}
14:13:18 I y_notifications.cpp:168 Status change of text:200: {"value":"L1 229.9 V 0.0 A 0.00 kW | L2 230.5 V 0.0 A 0.00 kW | L3 230.7 V 0.0 A 0.00 kW"}
14:13:20 I y_notifications.cpp:168 Status change of text:200: {"value":"L1 229.9 V 0.0 A 0.00 kW | L2 230.7 V 0.0 A 0.00 kW | L3 230.5 V 0.0 A 0.00 kW"}
14:13:22 I shelly_script.cpp:204   script:1 5.9% CPU utilization
14:13:22 I y_notifications.cpp:168 Status change of text:200: {"value":"L1 230.2 V 0.0 A 0.00 kW | L2 230.1 V 0.0 A 0.00 kW | L3 230.9 V 0.0 A 0.00 kW"}
14:13:24 I y_notifications.cpp:168 Status change of text:200: {"value":"L1 229.8 V 0.0 A 0.00 kW | L2 230.8 V 0.0 A 0.00 kW | L3 231.0 V 0.0 A 0.00 kW"}
14:13:26 I y_notifications.cpp:168 Status change of text:200: {"value":"L1 229.8 V 0.0 A 0.00 kW | L2 230.7 V 0.0 A 0.00 kW | L3 231.3 V 0.0 A 0.00 kW"}
14:13:28 I y_notifications.cpp:168 Status change of text:200: {"value":"L1 229.9 V 0.0 A 0.00 kW | L2 230.0 V 0.0 A 0.00 kW | L3 231.1 V 0.0 A 0.00 kW"}
14:13:30 I y_notifications.cpp:168 Status change of text:200: {"value":"L1 229.6 V 0.0 A 0.00 kW | L2 230.8 V 0.0 A 0.00 kW | L3 231.3 V 0.0 A 0.00 kW"}
14:13:32 I y_notifications.cpp:168 Status change of text:200: {"value":"L1 229.9 V 0.0 A 0.00 kW | L2 230.6 V 0.0 A 0.00 kW | L3 230.9 V 0.0 A 0.00 kW"}
14:13:34 I shelly_script.cpp:204   script:1 5.8% CPU utilization
14:13:34 I y_notifications.cpp:168 Status change of text:200: {"value":"L1 230.1 V 0.0 A 0.00 kW | L2 230.9 V 0.0 A 0.00 kW | L3 231.2 V 0.0 A 0.00 kW"}
14:13:36 I y_notifications.cpp:168 Status change of text:200: {"value":"L1 229.9 V 0.0 A 0.00 kW | L2 230.5 V 0.0 A 0.00 kW | L3 230.9 V 0.0 A 0.00 kW"}
14:13:38 I y_notifications.cpp:168 Status change of text:200: {"value":"L1 230.3 V 0.0 A 0.00 kW | L2 230.9 V 0.0 A 0.00 kW | L3 230.6 V 0.0 A 0.00 kW"}
14:13:40 I y_notifications.cpp:168 Status change of text:200: {"value":"L1 230.1 V 0.0 A 0.00 kW | L2 230.7 V 0.0 A 0.00 kW | L3 230.9 V 0.0 A 0.00 kW"}
14:13:42 I y_notifications.cpp:168 Status change of text:200: {"value":"L1 229.6 V 0.0 A 0.00 kW | L2 230.9 V 0.0 A 0.00 kW | L3 231.4 V 0.0 A 0.00 kW"}
14:13:44 I y_notifications.cpp:168 Status change of text:200: {"value":"L1 229.9 V 0.0 A 0.00 kW | L2 230.8 V 0.0 A 0.00 kW | L3 231.0 V 0.0 A 0.00 kW"}
14:13:46 I shelly_script.cpp:204   script:1 5.9% CPU utilization
14:13:46 I y_notifications.cpp:168 Status change of text:200: {"value":"L1 229.9 V 0.0 A 0.00 kW | L2 230.7 V 0.0 A 0.00 kW | L3 231.2 V 0.0 A 0.00 kW"}
14:13:48 I y_notifications.cpp:168 Status change of text:200: {"value":"L1 229.7 V 0.0 A 0.00 kW | L2 230.9 V 0.0 A 0.00 kW | L3 231.1 V 0.0 A 0.00 kW"}
14:13:50 I y_notifications.cpp:168 Status change of text:200: {"value":"L1 230.4 V 0.0 A 0.00 kW | L2 230.2 V 0.0 A 0.00 kW | L3 231.4 V 0.0 A 0.00 kW"}
14:13:52 I y_notifications.cpp:168 Status change of text:200: {"value":"L1 229.9 V 0.0 A 0.00 kW | L2 230.8 V 0.0 A 0.00 kW | L3 230.9 V 0.0 A 0.00 kW"}
14:13:54 I y_notifications.cpp:168 Status change of text:200: {"value":"L1 230.2 V 0.0 A 0.00 kW | L2 230.8 V 0.0 A 0.00 kW | L3 231.2 V 0.0 A 0.00 kW"}
14:13:56 I y_notifications.cpp:168 Status change of text:200: {"value":"L1 229.9 V 0.0 A 0.00 kW | L2 230.0 V 0.0 A 0.00 kW | L3 231.5 V 0.0 A 0.00 kW"}
14:13:58 I shelly_script.cpp:204   script:1 5.9% CPU utilization
14:13:58 I y_notifications.cpp:168 Status change of text:200: {"value":"L1 229.8 V 0.0 A 0.00 kW | L2 230.9 V 0.0 A 0.00 kW | L3 231.3 V 0.0 A 0.00 kW"}
14:14:00 I y_notifications.cpp:168 Status change of text:200: {"value":"L1 230.1 V 0.0 A 0.00 kW | L2 230.6 V 0.0 A 0.00 kW | L3 231.3 V 0.0 A 0.00 kW"}
14:14:02 I y_notifications.cpp:168 Status change of text:200: {"value":"L1 229.9 V 0.0 A 0.00 kW | L2 230.9 V 0.0 A 0.00 kW | L3 231.3 V 0.0 A 0.00 kW"}
14:14:04 I y_notifications.cpp:168 Status change of text:200: {"value":"L1 230.4 V 0.0 A 0.00 kW | L2 230.2 V 0.0 A 0.00 kW | L3 230.6 V 0.0 A 0.00 kW"}
14:14:06 I y_notifications.cpp:168 Status change of text:200: {"value":"L1 229.9 V 0.0 A 0.00 kW | L2 230.6 V 0.0 A 0.00 kW | L3 231.5 V 0.0 A 0.00 kW"}
14:14:08 I y_notifications.cpp:168 Status change of text:200: {"value":"L1 230.3 V 0.0 A 0.00 kW | L2 230.7 V 0.0 A 0.00 kW | L3 231.2 V 0.0 A 0.00 kW"}
14:14:10 I shelly_script.cpp:204   script:1 5.9% CPU utilization
14:14:10 I y_notifications.cpp:168 Status change of text:200: {"value":"L1 229.9 V 0.0 A 0.00 kW | L2 230.8 V 0.0 A 0.00 kW | L3 230.6 V 0.0 A 0.00 kW"}
14:14:12 I y_notifications.cpp:168 Status change of text:200: {"value":"L1 230.5 V 0.0 A 0.00 kW | L2 230.2 V 0.0 A 0.00 kW | L3 230.5 V 0.0 A 0.00 kW"}
14:14:14 I y_notifications.cpp:168 Status change of text:200: {"value":"L1 229.8 V 0.0 A 0.00 kW | L2 230.2 V 0.0 A 0.00 kW | L3 230.6 V 0.0 A 0.00 kW"}
14:14:16 I y_notifications.cpp:168 Status change of text:200: {"value":"L1 229.7 V 0.0 A 0.00 kW | L2 230.6 V 0.0 A 0.00 kW | L3 231.4 V 0.0 A 0.00 kW"}
14:14:18 I y_notifications.cpp:168 Status change of text:200: {"value":"L1 230.4 V 0.0 A 0.00 kW | L2 230.1 V 0.0 A 0.00 kW | L3 230.8 V 0.0 A 0.00 kW"}
14:14:20 I shelly_script.cpp:204   script:1 5.9% CPU utilization
14:14:20 I y_notifications.cpp:168 Status change of text:200: {"value":"L1 229.7 V 0.0 A 0.00 kW | L2 230.9 V 0.0 A 0.00 kW | L3 230.5 V 0.0 A 0.00 kW"}
14:14:22 I y_notifications.cpp:168 Status change of text:200: {"value":"L1 229.6 V 0.0 A 0.00 kW | L2 230.3 V 0.0 A 0.00 kW | L3 231.5 V 0.0 A 0.00 kW"}
14:14:24 I y_notifications.cpp:168 Status change of text:200: {"value":"L1 230.2 V 0.0 A 0.00 kW | L2 230.1 V 0.0 A 0.00 kW | L3 231.2 V 0.0 A 0.00 kW"}
14:14:26 I y_notifications.cpp:168 Status change of text:200: {"value":"L1 230.3 V 0.0 A 0.00 kW | L2 230.9 V 0.0 A 0.00 kW | L3 231.4 V 0.0 A 0.00 kW"}
14:14:28 I y_notifications.cpp:168 Status change of text:200: {"value":"L1 229.9 V 0.0 A 0.00 kW | L2 230.7 V 0.0 A 0.00 kW | L3 231.0 V 0.0 A 0.00 kW"}
14:14:30 I y_notifications.cpp:168 Status change of text:200: {"value":"L1 229.9 V 0.0 A 0.00 kW | L2 230.0 V 0.0 A 0.00 kW | L3 231.2 V 0.0 A 0.00 kW"}
14:14:32 I shelly_script.cpp:204   script:1 5.9% CPU utilization
14:14:32 I y_notifications.cpp:168 Status change of text:200: {"value":"L1 229.6 V 0.0 A 0.00 kW | L2 230.1 V 0.0 A 0.00 kW | L3 230.5 V 0.0 A 0.00 kW"}
14:14:34 I y_notifications.cpp:168 Status change of text:200: {"value":"L1 229.6 V 0.0 A 0.00 kW | L2 230.8 V 0.0 A 0.00 kW | L3 231.1 V 0.0 A 0.00 kW"}
14:14:36 I y_notifications.cpp:168 Status change of text:200: {"value":"L1 229.9 V 0.0 A 0.00 kW | L2 230.4 V 0.0 A 0.00 kW | L3 230.9 V 0.0 A 0.00 kW"}
14:14:38 I y_notifications.cpp:168 Status change of text:200: {"value":"L1 229.8 V 0.0 A 0.00 kW | L2 230.0 V 0.0 A 0.00 kW | L3 231.3 V 0.0 A 0.00 kW"}
14:14:40 I y_notifications.cpp:168 Status change of text:200: {"value":"L1 230.3 V 0.0 A 0.00 kW | L2 230.1 V 0.0 A 0.00 kW | L3 230.5 V 0.0 A 0.00 kW"}
14:14:42 I shelly_script.cpp:204   script:1 5.9% CPU utilization
14:14:42 I y_notifications.cpp:168 Status change of text:200: {"value":"L1 229.8 V 0.0 A 0.00 kW | L2 230.8 V 0.0 A 0.00 kW | L3 231.5 V 0.0 A 0.00 kW"}
14:14:44 I y_notifications.cpp:168 Status change of text:200: {"value":"L1 230.4 V 0.0 A 0.00 kW | L2 230.9 V 0.0 A 0.00 kW | L3 230.7 V 0.0 A 0.00 kW"}
14:14:46 I y_notifications.cpp:168 Status change of text:200: {"value":"L1 229.7 V 0.0 A 0.00 kW | L2 230.1 V 0.0 A 0.00 kW | L3 230.7 V 0.0 A 0.00 kW"}
14:14:48 I y_notifications.cpp:168 Status change of text:200: {"value":"L1 230.1 V 0.0 A 0.00 kW | L2 230.9 V 0.0 A 0.00 kW | L3 231.2 V 0.0 A 0.00 kW"}
14:14:50 I y_notifications.cpp:168 Status change of text:200: {"value":"L1 230.3 V 0.0 A 0.00 kW | L2 230.7 V 0.0 A 0.00 kW | L3 230.7 V 0.0 A 0.00 kW"}
14:14:52 I shelly_script.cpp:204   script:1 5.9% CPU utilization
14:14:52 I y_notifications.cpp:168 Status change of text:200: {"value":"L1 230.1 V 0.0 A 0.00 kW | L2 230.9 V 0.0 A 0.00 kW | L3 231.1 V 0.0 A 0.00 kW"}
14:14:54 I y_notifications.cpp:168 Status change of text:200: {"value":"L1 230.2 V 0.0 A 0.00 kW | L2 230.3 V 0.0 A 0.00 kW | L3 230.8 V 0.0 A 0.00 kW"}
14:14:56 I y_notifications.cpp:168 Status change of text:200: {"value":"L1 230.4 V 0.0 A 0.00 kW | L2 230.3 V 0.0 A 0.00 kW | L3 230.8 V 0.0 A 0.00 kW"}
14:14:58 I y_notifications.cpp:168 Status change of text:200: {"value":"L1 230.4 V 0.0 A 0.00 kW | L2 230.0 V 0.0 A 0.00 kW | L3 231.2 V 0.0 A 0.00 kW"}
14:15:00 I y_notifications.cpp:168 Status change of text:200: {"value":"L1 229.8 V 0.0 A 0.00 kW | L2 230.7 V 0.0 A 0.00 kW | L3 231.4 V 0.0 A 0.00 kW"}
14:15:02 I y_notifications.cpp:168 Status change of text:200: {"value":"L1 229.9 V 0.0 A 0.00 kW | L2 230.5 V 0.0 A 0.00 kW | L3 231.1 V 0.0 A 0.00 kW"}
14:15:04 I shelly_script.cpp:204   script:1 5.9% CPU utilization
14:15:04 I y_notifications.cpp:168 Status change of text:200: {"value":"L1 230.3 V 0.0 A 0.00 kW | L2 230.5 V 0.0 A 0.00 kW | L3 230.6 V 0.0 A 0.00 kW"}
14:15:06 I y_notifications.cpp:168 Status change of text:200: {"value":"L1 229.5 V 0.0 A 0.00 kW | L2 230.2 V 0.0 A 0.00 kW | L3 231.2 V 0.0 A 0.00 kW"}
14:15:08 I y_notifications.cpp:168 Status change of text:200: {"value":"L1 229.8 V 0.0 A 0.00 kW | L2 230.9 V 0.0 A 0.00 kW | L3 230.7 V 0.0 A 0.00 kW"}
14:15:10 I y_notifications.cpp:168 Status change of text:200: {"value":"L1 229.8 V 0.0 A 0.00 kW | L2 230.8 V 0.0 A 0.00 kW | L3 231.4 V 0.0 A 0.00 kW"}
14:15:12 I y_notifications.cpp:168 Status change of text:200: {"value":"L1 229.6 V 0.0 A 0.00 kW | L2 230.4 V 0.0 A 0.00 kW | L3 231.0 V 0.0 A 0.00 kW"}
14:15:14 I y_notifications.cpp:168 Status change of text:200: {"value":"L1 230.3 V 0.0 A 0.00 kW | L2 230.3 V 0.0 A 0.00 kW | L3 231.5 V 0.0 A 0.00 kW"}
14:15:16 I shelly_script.cpp:204   script:1 5.8% CPU utilization
14:15:16 I y_notifications.cpp:168 Status change of text:200: {"value":"L1 229.7 V 0.0 A 0.00 kW | L2 230.9 V 0.0 A 0.00 kW | L3 231.5 V 0.0 A 0.00 kW"}
14:15:18 I y_notifications.cpp:168 Status change of text:200: {"value":"L1 230.1 V 0.0 A 0.00 kW | L2 230.6 V 0.0 A 0.00 kW | L3 231.3 V 0.0 A 0.00 kW"}
14:15:20 I y_notifications.cpp:168 Status change of text:200: {"value":"L1 229.6 V 0.0 A 0.00 kW | L2 230.3 V 0.0 A 0.00 kW | L3 230.5 V 0.0 A 0.00 kW"}
14:15:22 I y_notifications.cpp:168 Status change of text:200: {"value":"L1 230.3 V 0.0 A 0.00 kW | L2 230.5 V 0.0 A 0.00 kW | L3 231.0 V 0.0 A 0.00 kW"}
14:15:24 I y_notifications.cpp:168 Status change of text:200: {"value":"L1 230.1 V 0.0 A 0.00 kW | L2 230.0 V 0.0 A 0.00 kW | L3 230.9 V 0.0 A 0.00 kW"}
14:15:26 I y_notifications.cpp:168 Status change of text:200: {"value":"L1 229.6 V 0.0 A 0.00 kW | L2 230.4 V 0.0 A 0.00 kW | L3 230.7 V 0.0 A 0.00 kW"}
14:15:28 I shelly_script.cpp:204   script:1 5.9% CPU utilization
14:15:28 I y_notifications.cpp:168 Status change of text:200: {"value":"L1 229.5 V 0.0 A 0.00 kW | L2 230.3 V 0.0 A 0.00 kW | L3 231.4 V 0.0 A 0.00 kW"}
14:15:30 I y_notifications.cpp:168 Status change of text:200: {"value":"L1 229.8 V 0.0 A 0.00 kW | L2 230.9 V 0.0 A 0.00 kW | L3 230.7 V 0.0 A 0.00 kW"}
14:15:32 I y_notifications.cpp:168 Status change of text:200: {"value":"L1 229.6 V 0.0 A 0.00 kW | L2 230.3 V 0.0 A 0.00 kW | L3 231.2 V 0.0 A 0.00 kW"}
14:15:34 I y_notifications.cpp:168 Status change of text:200: {"value":"L1 230.3 V 0.0 A 0.00 kW | L2 230.7 V 0.0 A 0.00 kW | L3 231.5 V 0.0 A 0.00 kW"}
14:15:36 I y_notifications.cpp:168 Status change of text:200: {"value":"L1 229.9 V 0.0 A 0.00 kW | L2 230.7 V 0.0 A 0.00 kW | L3 230.8 V 0.0 A 0.00 kW"}
14:15:38 I y_notifications.cpp:168 Status change of text:200: {"value":"L1 229.5 V 0.0 A 0.00 kW | L2 230.2 V 0.0 A 0.00 kW | L3 230.5 V 0.0 A 0.00 kW"}
14:15:40 I shelly_script.cpp:204   script:1 5.8% CPU utilization
14:15:40 I y_notifications.cpp:168 Status change of text:200: {"value":"L1 230.1 V 0.0 A 0.00 kW | L2 230.6 V 0.0 A 0.00 kW | L3 230.9 V 0.0 A 0.00 kW"}
14:15:42 I y_notifications.cpp:168 Status change of text:200: {"value":"L1 229.5 V 0.0 A 0.00 kW | L2 230.2 V 0.0 A 0.00 kW | L3 231.2 V 0.0 A 0.00 kW"}
14:15:44 I y_notifications.cpp:168 Status change of text:200: {"value":"L1 229.7 V 0.0 A 0.00 kW | L2 230.7 V 0.0 A 0.00 kW | L3 230.9 V 0.0 A 0.00 kW"}
14:15:46 I y_notifications.cpp:168 Status change of text:200: {"value":"L1 230.1 V 0.0 A 0.00 kW | L2 230.5 V 0.0 A 0.00 kW | L3 230.9 V 0.0 A 0.00 kW"}
14:15:48 I y_notifications.cpp:168 Status change of text:200: {"value":"L1 229.6 V 0.0 A 0.00 kW | L2 230.7 V 0.0 A 0.00 kW | L3 230.6 V 0.0 A 0.00 kW"}
14:15:50 I y_notifications.cpp:168 Status change of text:200: {"value":"L1 230.4 V 0.0 A 0.00 kW | L2 230.3 V 0.0 A 0.00 kW | L3 230.5 V 0.0 A 0.00 kW"}
14:15:52 I shelly_script.cpp:204   script:1 5.9% CPU utilization
14:15:52 I y_notifications.cpp:168 Status change of text:200: {"value":"L1 229.9 V 0.0 A 0.00 kW | L2 230.9 V 0.0 A 0.00 kW | L3 231.3 V 0.0 A 0.00 kW"}
14:15:54 I y_notifications.cpp:168 Status change of text:200: {"value":"L1 229.7 V 0.0 A 0.00 kW | L2 230.1 V 0.0 A 0.00 kW | L3 231.2 V 0.0 A 0.00 kW"}
14:15:56 I y_notifications.cpp:168 Status change of text:200: {"value":"L1 230.3 V 0.0 A 0.00 kW | L2 230.2 V 0.0 A 0.00 kW | L3 230.7 V 0.0 A 0.00 kW"}
14:15:58 I y_notifications.cpp:168 Status change of text:200: {"value":"L1 229.5 V 0.0 A 0.00 kW | L2 230.4 V 0.0 A 0.00 kW | L3 231.5 V 0.0 A 0.00 kW"}
14:16:00 I y_notifications.cpp:168 Status change of text:200: {"value":"L1 229.6 V 0.0 A 0.00 kW | L2 230.6 V 0.0 A 0.00 kW | L3 231.0 V 0.0 A 0.00 kW"}
14:16:02 I y_notifications.cpp:168 Status change of text:200: {"value":"L1 229.7 V 0.0 A 0.00 kW | L2 230.4 V 0.0 A 0.00 kW | L3 231.5 V 0.0 A 0.00 kW"}
14:16:04 I shelly_script.cpp:204   script:1 5.9% CPU utilization
14:16:04 I y_notifications.cpp:168 Status change of text:200: {"value":"L1 229.5 V 0.0 A 0.00 kW | L2 230.2 V 0.0 A 0.00 kW | L3 231.5 V 0.0 A 0.00 kW"}
14:16:06 I y_notifications.cpp:168 Status change of text:200: {"value":"L1 229.6 V 0.0 A 0.00 kW | L2 230.8 V 0.0 A 0.00 kW | L3 230.6 V 0.0 A 0.00 kW"}
14:16:08 I y_notifications.cpp:168 Status change of text:200: {"value":"L1 229.5 V 0.0 A 0.00 kW | L2 230.0 V 0.0 A 0.00 kW | L3 231.3 V 0.0 A 0.00 kW"}
14:16:10 I y_notifications.cpp:168 Status change of text:200: {"value":"L1 229.6 V 0.0 A 0.00 kW | L2 230.9 V 0.0 A 0.00 kW | L3 231.2 V 0.0 A 0.00 kW"}
14:16:12 I y_notifications.cpp:168 Status change of text:200: {"value":"L1 229.9 V 0.0 A 0.00 kW | L2 230.6 V 0.0 A 0.00 kW | L3 230.9 V 0.0 A 0.00 kW"}
14:16:14 I y_notifications.cpp:168 Status change of text:200: {"value":"L1 229.6 V 0.0 A 0.00 kW | L2 230.6 V 0.0 A 0.00 kW | L3 230.9 V 0.0 A 0.00 kW"}
14:16:16 I shelly_script.cpp:204   script:1 5.9% CPU utilization
14:16:16 I y_notifications.cpp:168 Status change of text:200: {"value":"L1 230.0 V 0.0 A 0.00 kW | L2 230.7 V 0.0 A 0.00 kW | L3 231.1 V 0.0 A 0.00 kW"}
14:16:18 I y_notifications.cpp:168 Status change of text:200: {"value":"L1 230.0 V 0.0 A 0.00 kW | L2 230.3 V 0.0 A 0.00 kW | L3 231.1 V 0.0 A 0.00 kW"}
14:16:20 I y_notifications.cpp:168 Status change of text:200: {"value":"L1 229.9 V 0.0 A 0.00 kW | L2 230.7 V 0.0 A 0.00 kW | L3 231.2 V 0.0 A 0.00 kW"}
14:16:22 I y_notifications.cpp:168 Status change of text:200: {"value":"L1 230.1 V 0.0 A 0.00 kW | L2 230.9 V 0.0 A 0.00 kW | L3 231.1 V 0.0 A 0.00 kW"}
14:16:24 I y_notifications.cpp:168 Status change of text:200: {"value":"L1 230.5 V 0.0 A 0.00 kW | L2 230.5 V 0.0 A 0.00 kW | L3 230.7 V 0.0 A 0.00 kW"}
14:16:26 I y_notifications.cpp:168 Status change of text:200: {"value":"L1 229.5 V 0.0 A 0.00 kW | L2 230.6 V 0.0 A 0.00 kW | L3 231.3 V 0.0 A 0.00 kW"}
14:16:28 I shelly_script.cpp:204   script:1 5.9% CPU utilization
14:16:28 I y_notifications.cpp:168 Status change of text:200: {"value":"L1 230.4 V 0.0 A 0.00 kW | L2 230.3 V 0.0 A 0.00 kW | L3 231.3 V 0.0 A 0.00 kW"}
14:16:30 I y_notifications.cpp:168 Status change of text:200: {"value":"L1 230.3 V 0.0 A 0.00 kW | L2 230.2 V 0.0 A 0.00 kW | L3 230.7 V 0.0 A 0.00 kW"}
14:16:32 I y_notifications.cpp:168 Status change of text:200: {"value":"L1 230.0 V 0.0 A 0.00 kW | L2 230.6 V 0.0 A 0.00 kW | L3 231.1 V 0.0 A 0.00 kW"}
14:16:34 I y_notifications.cpp:168 Status change of text:200: {"value":"L1 229.8 V 0.0 A 0.00 kW | L2 230.3 V 0.0 A 0.00 kW | L3 231.3 V 0.0 A 0.00 kW"}
14:16:36 I y_notifications.cpp:168 Status change of text:200: {"value":"L1 229.7 V 0.0 A 0.00 kW | L2 230.9 V 0.0 A 0.00 kW | L3 231.2 V 0.0 A 0.00 kW"}
14:16:38 I y_notifications.cpp:168 Status change of text:200: {"value":"L1 230.4 V 0.0 A 0.00 kW | L2 230.8 V 0.0 A 0.00 kW | L3 231.1 V 0.0 A 0.00 kW"}
14:16:40 I shelly_script.cpp:204   script:1 5.9% CPU utilization
14:16:40 I y_notifications.cpp:168 Status change of text:200: {"value":"L1 229.9 V 0.0 A 0.00 kW | L2 230.1 V 0.0 A 0.00 kW | L3 231.4 V 0.0 A 0.00 kW"}
14:16:42 I y_notifications.cpp:168 Status change of text:200: {"value":"L1 230.0 V 0.0 A 0.00 kW | L2 230.4 V 0.0 A 0.00 kW | L3 230.8 V 0.0 A 0.00 kW"}
14:16:44 I y_notifications.cpp:168 Status change of text:200: {"value":"L1 230.3 V 0.0 A 0.00 kW | L2 230.1 V 0.0 A 0.00 kW | L3 231.2 V 0.0 A 0.00 kW"}
14:16:46 I y_notifications.cpp:168 Status change of text:200: {"value":"L1 229.9 V 0.0 A 0.00 kW | L2 230.9 V 0.0 A 0.00 kW | L3 231.3 V 0.0 A 0.00 kW"}
14:16:48 I y_notifications.cpp:168 Status change of text:200: {"value":"L1 230.2 V 0.0 A 0.00 kW | L2 230.3 V 0.0 A 0.00 kW | L3 230.5 V 0.0 A 0.00 kW"}
14:16:50 I shelly_script.cpp:204   script:1 5.8% CPU utilization
14:16:50 I y_notifications.cpp:168 Status change of text:200: {"value":"L1 230.1 V 0.0 A 0.00 kW | L2 230.7 V 0.0 A 0.00 kW | L3 230.8 V 0.0 A 0.00 kW"}
14:16:52 I y_notifications.cpp:168 Status change of text:200: {"value":"L1 230.3 V 0.0 A 0.00 kW | L2 230.6 V 0.0 A 0.00 kW | L3 231.3 V 0.0 A 0.00 kW"}
14:16:54 I y_notifications.cpp:168 Status change of text:200: {"value":"L1 229.8 V 0.0 A 0.00 kW | L2 230.5 V 0.0 A 0.00 kW | L3 231.0 V 0.0 A 0.00 kW"}
14:16:56 I y_notifications.cpp:168 Status change of text:200: {"value":"L1 230.4 V 0.0 A 0.00 kW | L2 230.8 V 0.0 A 0.00 kW | L3 230.6 V 0.0 A 0.00 kW"}
14:16:58 I y_notifications.cpp:168 Status change of text:200: {"value":"L1 229.6 V 0.0 A 0.00 kW | L2 230.5 V 0.0 A 0.00 kW | L3 231.3 V 0.0 A 0.00 kW"}
14:17:00 I y_notifications.cpp:168 Status change of text:200: {"value":"L1 229.9 V 0.0 A 0.00 kW | L2 230.9 V 0.0 A 0.00 kW | L3 230.9 V 0.0 A 0.00 kW"}
14:17:02 I shelly_script.cpp:204   script:1 5.9% CPU utilization
14:17:02 I y_notifications.cpp:168 Status change of text:200: {"value":"L1 230.5 V 0.0 A 0.00 kW | L2 230.1 V 0.0 A 0.00 kW | L3 231.4 V 0.0 A 0.00 kW"}
14:17:04 I y_notifications.cpp:168 Status change of text:200: {"value":"L1 230.4 V 0.0 A 0.00 kW | L2 230.9 V 0.0 A 0.00 kW | L3 231.2 V 0.0 A 0.00 kW"}
14:17:06 I y_notifications.cpp:168 Status change of text:200: {"value":"L1 229.5 V 0.0 A 0.00 kW | L2 230.1 V 0.0 A 0.00 kW | L3 230.6 V 0.0 A 0.00 kW"}
14:17:08 I y_notifications.cpp:168 Status change of text:200: {"value":"L1 229.8 V 0.0 A 0.00 kW | L2 230.7 V 0.0 A 0.00 kW | L3 230.5 V 0.0 A 0.00 kW"}
14:17:10 I y_notifications.cpp:168 Status change of text:200: {"value":"L1 229.8 V 0.0 A 0.00 kW | L2 230.2 V 0.0 A 0.00 kW | L3 231.2 V 0.0 A 0.00 kW"}
14:17:12 I shelly_script.cpp:204   script:1 5.9% CPU utilization
14:17:12 I y_notifications.cpp:168 Status change of text:200: {"value":"L1 230.0 V 0.0 A 0.00 kW | L2 230.3 V 0.0 A 0.00 kW | L3 231.4 V 0.0 A 0.00 kW"}
14:17:14 I y_notifications.cpp:168 Status change of text:200: {"value":"L1 229.8 V 0.0 A 0.00 kW | L2 230.9 V 0.0 A 0.00 kW | L3 230.9 V 0.0 A 0.00 kW"}
14:17:16 I y_notifications.cpp:168 Status change of text:200: {"value":"L1 229.9 V 0.0 A 0.00 kW | L2 230.7 V 0.0 A 0.00 kW | L3 231.4 V 0.0 A 0.00 kW"}
14:17:18 I y_notifications.cpp:168 Status change of text:200: {"value":"L1 230.2 V 0.0 A 0.00 kW | L2 230.2 V 0.0 A 0.00 kW | L3 231.4 V 0.0 A 0.00 kW"}
14:17:20 I y_notifications.cpp:168 Status change of text:200: {"value":"L1 230.5 V 0.0 A 0.00 kW | L2 230.2 V 0.0 A 0.00 kW | L3 230.6 V 0.0 A 0.00 kW"}
14:17:22 I y_notifications.cpp:168 Status change of text:200: {"value":"L1 230.2 V 0.0 A 0.00 kW | L2 230.1 V 0.0 A 0.00 kW | L3 230.9 V 0.0 A 0.00 kW"}
14:17:24 I shelly_script.cpp:204   script:1 5.9% CPU utilization
14:17:24 I y_notifications.cpp:168 Status change of text:200: {"value":"L1 229.6 V 0.0 A 0.00 kW | L2 230.5 V 0.0 A 0.00 kW | L3 230.6 V 0.0 A 0.00 kW"}
14:17:26 I y_notifications.cpp:168 Status change of text:200: {"value":"L1 230.4 V 0.0 A 0.00 kW | L2 230.9 V 0.0 A 0.00 kW | L3 230.8 V 0.0 A 0.00 kW"}
14:17:28 I y_notifications.cpp:168 Status change of text:200: {"value":"L1 230.4 V 0.0 A 0.00 kW | L2 230.5 V 0.0 A 0.00 kW | L3 230.6 V 0.0 A 0.00 kW"}
14:17:30 I y_notifications.cpp:168 Status change of text:200: {"value":"L1 229.9 V 0.0 A 0.00 kW | L2 230.4 V 0.0 A 0.00 kW | L3 231.2 V 0.0 A 0.00 kW"}
14:17:32 I y_notifications.cpp:168 Status change of text:200: {"value":"L1 229.6 V 0.0 A 0.00 kW | L2 230.9 V 0.0 A 0.00 kW | L3 231.0 V 0.0 A 0.00 kW"}
14:17:34 I y_notifications.cpp:168 Status change of text:200: {"value":"L1 230.2 V 0.0 A 0.00 kW | L2 230.2 V 0.0 A 0.00 kW | L3 231.4 V 0.0 A 0.00 kW"}
14:17:36 I shelly_script.cpp:204   script:1 5.9% CPU utilization
14:17:36 I y_notifications.cpp:168 Status change of text:200: {"value":"L1 230.5 V 0.0 A 0.00 kW | L2 230.5 V 0.0 A 0.00 kW | L3 230.6 V 0.0 A 0.00 kW"}
14:17:38 I y_notifications.cpp:168 Status change of text:200: {"value":"L1 230.2 V 0.0 A 0.00 kW | L2 230.3 V 0.0 A 0.00 kW | L3 230.6 V 0.0 A 0.00 kW"}
14:17:40 I y_notifications.cpp:168 Status change of text:200: {"value":"L1 229.5 V 0.0 A 0.00 kW | L2 230.9 V 0.0 A 0.00 kW | L3 231.1 V 0.0 A 0.00 kW"}
14:17:42 I y_notifications.cpp:168 Status change of text:200: {"value":"L1 230.0 V 0.0 A 0.00 kW | L2 230.9 V 0.0 A 0.00 kW | L3 231.2 V 0.0 A 0.00 kW"}
14:17:44 I y_notifications.cpp:168 Status change of text:200: {"value":"L1 230.3 V 0.0 A 0.00 kW | L2 230.9 V 0.0 A 0.00 kW | L3 230.5 V 0.0 A 0.00 kW"}
14:17:46 I y_notifications.cpp:168 Status change of text:200: {"value":"L1 230.4 V 0.0 A 0.00 kW | L2 230.1 V 0.0 A 0.00 kW | L3 230.7 V 0.0 A 0.00 kW"}
14:17:48 I shelly_script.cpp:204   script:1 5.9% CPU utilization
14:17:48 I y_notifications.cpp:168 Status change of text:200: {"value":"L1 229.9 V 0.0 A 0.00 kW | L2 230.1 V 0.0 A 0.00 kW | L3 231.1 V 0.0 A 0.00 kW"}
14:17:50 I y_notifications.cpp:168 Status change of text:200: {"value":"L1 229.9 V 0.0 A 0.00 kW | L2 230.4 V 0.0 A 0.00 kW | L3 230.6 V 0.0 A 0.00 kW"}
14:17:52 I y_notifications.cpp:168 Status change of text:200: {"value":"L1 230.3 V 0.0 A 0.00 kW | L2 230.9 V 0.0 A 0.00 kW | L3 231.4 V 0.0 A 0.00 kW"}
14:17:53 I shos_rpc_inst.c:241     RPC.Ping [47@web-1790247367824] via WS_in from 192.168.0.57:59773 via ws0
14:17:54 I y_notifications.cpp:168 Status change of text:200: {"value":"L1 230.0 V 0.0 A 0.00 kW | L2 230.8 V 0.0 A 0.00 kW | L3 231.0 V 0.0 A 0.00 kW"}
14:17:56 I y_notifications.cpp:168 Status change of text:200: {"value":"L1 230.2 V 0.0 A 0.00 kW | L2 230.9 V 0.0 A 0.00 kW | L3 231.4 V 0.0 A 0.00 kW"}
14:17:58 I y_notifications.cpp:168 Status change of text:200: {"value":"L1 229.7 V 0.0 A 0.00 kW | L2 230.7 V 0.0 A 0.00 kW | L3 231.1 V 0.0 A 0.00 kW"}
14:18:00 I shelly_script.cpp:204   script:1 5.9% CPU utilization
14:18:00 I y_notifications.cpp:168 Status change of text:200: {"value":"L1 229.6 V 0.0 A 0.00 kW | L2 230.5 V 0.0 A 0.00 kW | L3 230.8 V 0.0 A 0.00 kW"}
14:18:02 I y_notifications.cpp:168 Status change of text:200: {"value":"L1 230.4 V 0.0 A 0.00 kW | L2 230.6 V 0.0 A 0.00 kW | L3 231.2 V 0.0 A 0.00 kW"}
14:18:04 I y_notifications.cpp:168 Status change of text:200: {"value":"L1 229.9 V 0.0 A 0.00 kW | L2 230.6 V 0.0 A 0.00 kW | L3 230.7 V 0.0 A 0.00 kW"}
14:18:06 I y_notifications.cpp:168 Status change of text:200: {"value":"L1 230.1 V 0.0 A 0.00 kW | L2 230.6 V 0.0 A 0.00 kW | L3 230.9 V 0.0 A 0.00 kW"}
14:18:08 I y_notifications.cpp:168 Status change of text:200: {"value":"L1 229.7 V 0.0 A 0.00 kW | L2 230.6 V 0.0 A 0.00 kW | L3 231.1 V 0.0 A 0.00 kW"}
14:18:10 I shelly_script.cpp:204   script:1 5.9% CPU utilization
14:18:10 I y_notifications.cpp:168 Status change of text:200: {"value":"L1 229.9 V 0.0 A 0.00 kW | L2 230.3 V 0.0 A 0.00 kW | L3 230.9 V 0.0 A 0.00 kW"}
14:18:12 I y_notifications.cpp:168 Status change of text:200: {"value":"L1 230.3 V 0.0 A 0.00 kW | L2 230.4 V 0.0 A 0.00 kW | L3 230.7 V 0.0 A 0.00 kW"}
14:18:14 I y_notifications.cpp:168 Status change of text:200: {"value":"L1 230.5 V 0.0 A 0.00 kW | L2 230.2 V 0.0 A 0.00 kW | L3 230.7 V 0.0 A 0.00 kW"}
14:18:16 I y_notifications.cpp:168 Status change of text:200: {"value":"L1 229.7 V 0.0 A 0.00 kW | L2 230.9 V 0.0 A 0.00 kW | L3 230.6 V 0.0 A 0.00 kW"}
14:18:18 I y_notifications.cpp:168 Status change of text:200: {"value":"L1 229.9 V 0.0 A 0.00 kW | L2 230.2 V 0.0 A 0.00 kW | L3 230.9 V 0.0 A 0.00 kW"}
14:18:20 I y_notifications.cpp:168 Status change of text:200: {"value":"L1 229.9 V 0.0 A 0.00 kW | L2 230.3 V 0.0 A 0.00 kW | L3 230.9 V 0.0 A 0.00 kW"}
14:18:22 I shelly_script.cpp:204   script:1 5.8% CPU utilization
14:18:22 I y_notifications.cpp:168 Status change of text:200: {"value":"L1 229.9 V 0.0 A 0.00 kW | L2 230.7 V 0.0 A 0.00 kW | L3 231.3 V 0.0 A 0.00 kW"}
14:18:24 I y_notifications.cpp:168 Status change of text:200: {"value":"L1 229.7 V 0.0 A 0.00 kW | L2 230.5 V 0.0 A 0.00 kW | L3 230.9 V 0.0 A 0.00 kW"}
14:18:26 I y_notifications.cpp:168 Status change of text:200: {"value":"L1 230.2 V 0.0 A 0.00 kW | L2 230.9 V 0.0 A 0.00 kW | L3 230.7 V 0.0 A 0.00 kW"}
14:18:28 I y_notifications.cpp:168 Status change of text:200: {"value":"L1 230.2 V 0.0 A 0.00 kW | L2 230.2 V 0.0 A 0.00 kW | L3 231.3 V 0.0 A 0.00 kW"}
14:18:30 I y_notifications.cpp:168 Status change of text:200: {"value":"L1 230.2 V 0.0 A 0.00 kW | L2 230.4 V 0.0 A 0.00 kW | L3 231.1 V 0.0 A 0.00 kW"}
14:18:32 I y_notifications.cpp:168 Status change of text:200: {"value":"L1 229.6 V 0.0 A 0.00 kW | L2 230.5 V 0.0 A 0.00 kW | L3 231.1 V 0.0 A 0.00 kW"}
14:18:34 I shelly_script.cpp:204   script:1 5.9% CPU utilization
14:18:34 I y_notifications.cpp:168 Status change of text:200: {"value":"L1 229.9 V 0.0 A 0.00 kW | L2 230.1 V 0.0 A 0.00 kW | L3 231.4 V 0.0 A 0.00 kW"}
14:18:36 I y_notifications.cpp:168 Status change of text:200: {"value":"L1 230.3 V 0.0 A 0.00 kW | L2 230.6 V 0.0 A 0.00 kW | L3 231.1 V 0.0 A 0.00 kW"}
14:18:38 I y_notifications.cpp:168 Status change of text:200: {"value":"L1 230.4 V 0.0 A 0.00 kW | L2 230.8 V 0.0 A 0.00 kW | L3 231.4 V 0.0 A 0.00 kW"}
14:18:40 I y_notifications.cpp:168 Status change of text:200: {"value":"L1 230.0 V 0.0 A 0.00 kW | L2 230.8 V 0.0 A 0.00 kW | L3 230.9 V 0.0 A 0.00 kW"}
14:18:42 I y_notifications.cpp:168 Status change of text:200: {"value":"L1 230.1 V 0.0 A 0.00 kW | L2 230.9 V 0.0 A 0.00 kW | L3 230.6 V 0.0 A 0.00 kW"}
14:18:44 I shelly_script.cpp:204   script:1 5.9% CPU utilization
14:18:44 I y_notifications.cpp:168 Status change of text:200: {"value":"L1 229.9 V 0.0 A 0.00 kW | L2 230.9 V 0.0 A 0.00 kW | L3 231.5 V 0.0 A 0.00 kW"}
14:18:46 I y_notifications.cpp:168 Status change of text:200: {"value":"L1 229.5 V 0.0 A 0.00 kW | L2 230.1 V 0.0 A 0.00 kW | L3 231.2 V 0.0 A 0.00 kW"}
14:18:48 I y_notifications.cpp:168 Status change of text:200: {"value":"L1 229.6 V 0.0 A 0.00 kW | L2 230.1 V 0.0 A 0.00 kW | L3 231.4 V 0.0 A 0.00 kW"}
14:18:50 I y_notifications.cpp:168 Status change of text:200: {"value":"L1 230.2 V 0.0 A 0.00 kW | L2 230.4 V 0.0 A 0.00 kW | L3 231.0 V 0.0 A 0.00 kW"}
14:18:52 I y_notifications.cpp:168 Status change of text:200: {"value":"L1 229.8 V 0.0 A 0.00 kW | L2 230.8 V 0.0 A 0.00 kW | L3 230.5 V 0.0 A 0.00 kW"}
14:18:54 I shelly_script.cpp:204   script:1 5.9% CPU utilization
14:18:54 I y_notifications.cpp:168 Status change of text:200: {"value":"L1 230.1 V 0.0 A 0.00 kW | L2 230.9 V 0.0 A 0.00 kW | L3 230.9 V 0.0 A 0.00 kW"}
14:18:56 I y_notifications.cpp:168 Status change of text:200: {"value":"L1 229.5 V 0.0 A 0.00 kW | L2 230.9 V 0.0 A 0.00 kW | L3 231.2 V 0.0 A 0.00 kW"}
14:18:58 I y_notifications.cpp:168 Status change of text:200: {"value":"L1 230.0 V 0.0 A 0.00 kW | L2 230.9 V 0.0 A 0.00 kW | L3 230.6 V 0.0 A 0.00 kW"}
14:19:00 I y_notifications.cpp:168 Status change of text:200: {"value":"L1 230.5 V 0.0 A 0.00 kW | L2 230.4 V 0.0 A 0.00 kW | L3 230.6 V 0.0 A 0.00 kW"}
14:19:02 I y_notifications.cpp:168 Status change of text:200: {"value":"L1 230.1 V 0.0 A 0.00 kW | L2 230.2 V 0.0 A 0.00 kW | L3 230.7 V 0.0 A 0.00 kW"}
14:19:04 I shelly_script.cpp:204   script:1 5.9% CPU utilization
14:19:04 I y_notifications.cpp:168 Status change of text:200: {"value":"L1 230.1 V 0.0 A 0.00 kW | L2 230.1 V 0.0 A 0.00 kW | L3 230.6 V 0.0 A 0.00 kW"}
14:19:06 I y_notifications.cpp:168 Status change of text:200: {"value":"L1 230.1 V 0.0 A 0.00 kW | L2 230.6 V 0.0 A 0.00 kW | L3 231.1 V 0.0 A 0.00 kW"}
14:19:08 I y_notifications.cpp:168 Status change of text:200: {"value":"L1 230.4 V 0.0 A 0.00 kW | L2 230.2 V 0.0 A 0.00 kW | L3 231.1 V 0.0 A 0.00 kW"}
14:19:10 I y_notifications.cpp:168 Status change of text:200: {"value":"L1 230.1 V 0.0 A 0.00 kW | L2 230.7 V 0.0 A 0.00 kW | L3 231.2 V 0.0 A 0.00 kW"}
14:19:12 I y_notifications.cpp:168 Status change of text:200: {"value":"L1 230.3 V 0.0 A 0.00 kW | L2 230.7 V 0.0 A 0.00 kW | L3 230.9 V 0.0 A 0.00 kW"}
14:19:14 I y_notifications.cpp:168 Status change of text:200: {"value":"L1 230.1 V 0.0 A 0.00 kW | L2 230.2 V 0.0 A 0.00 kW | L3 231.4 V 0.0 A 0.00 kW"}
14:19:16 I shelly_script.cpp:204   script:1 5.9% CPU utilization
14:19:16 I y_notifications.cpp:168 Status change of text:200: {"value":"L1 229.6 V 0.0 A 0.00 kW | L2 230.1 V 0.0 A 0.00 kW | L3 231.3 V 0.0 A 0.00 kW"}
14:19:18 I y_notifications.cpp:168 Status change of text:200: {"value":"L1 230.5 V 0.0 A 0.00 kW | L2 230.8 V 0.0 A 0.00 kW | L3 231.0 V 0.0 A 0.00 kW"}
14:19:20 I y_notifications.cpp:168 Status change of text:200: {"value":"L1 229.9 V 0.0 A 0.00 kW | L2 230.4 V 0.0 A 0.00 kW | L3 230.6 V 0.0 A 0.00 kW"}
14:19:22 I y_notifications.cpp:168 Status change of text:200: {"value":"L1 229.9 V 0.0 A 0.00 kW | L2 230.3 V 0.0 A 0.00 kW | L3 231.3 V 0.0 A 0.00 kW"}
14:19:24 I y_notifications.cpp:168 Status change of text:200: {"value":"L1 230.4 V 0.0 A 0.00 kW | L2 230.9 V 0.0 A 0.00 kW | L3 231.5 V 0.0 A 0.00 kW"}
14:19:26 I y_notifications.cpp:168 Status change of text:200: {"value":"L1 229.8 V 0.0 A 0.00 kW | L2 230.5 V 0.0 A 0.00 kW | L3 230.5 V 0.0 A 0.00 kW"}
14:19:28 I shelly_script.cpp:204   script:1 5.9% CPU utilization
14:19:28 I y_notifications.cpp:168 Status change of text:200: {"value":"L1 230.1 V 0.0 A 0.00 kW | L2 230.1 V 0.0 A 0.00 kW | L3 231.4 V 0.0 A 0.00 kW"}
14:19:30 I y_notifications.cpp:168 Status change of text:200: {"value":"L1 230.4 V 0.0 A 0.00 kW | L2 230.4 V 0.0 A 0.00 kW | L3 231.2 V 0.0 A 0.00 kW"}
14:19:32 I y_notifications.cpp:168 Status change of text:200: {"value":"L1 229.6 V 0.0 A 0.00 kW | L2 230.4 V 0.0 A 0.00 kW | L3 230.8 V 0.0 A 0.00 kW"}
14:19:34 I y_notifications.cpp:168 Status change of text:200: {"value":"L1 230.2 V 0.0 A 0.00 kW | L2 230.8 V 0.0 A 0.00 kW | L3 231.1 V 0.0 A 0.00 kW"}
14:19:36 I shos_time.cpp:65        Setting time from SNTP (1790252376.462 delta +0.021)
14:19:36 I shelly_sys.cpp:339      Time set to 5332.381312 from 1
14:19:36 I y_notifications.cpp:168 Status change of sys: {"last_sync_ts":1790252376}
14:19:36 I y_notifications.cpp:168 Status change of sys: {"time":"14:19","unixtime":1790252376}
14:19:36 I y_notifications.cpp:168 Status change of text:200: {"value":"L1 230.3 V 0.0 A 0.00 kW | L2 230.5 V 0.0 A 0.00 kW | L3 230.6 V 0.0 A 0.00 kW"}
14:19:38 I shelly_script.cpp:204   script:1 5.9% CPU utilization
14:19:38 I y_notifications.cpp:168 Status change of text:200: {"value":"L1 229.8 V 0.0 A 0.00 kW | L2 230.7 V 0.0 A 0.00 kW | L3 230.7 V 0.0 A 0.00 kW"}
14:19:40 I y_notifications.cpp:168 Status change of text:200: {"value":"L1 230.3 V 0.0 A 0.00 kW | L2 230.8 V 0.0 A 0.00 kW | L3 231.2 V 0.0 A 0.00 kW"}
14:19:42 I y_notifications.cpp:168 Status change of text:200: {"value":"L1 229.7 V 0.0 A 0.00 kW | L2 230.4 V 0.0 A 0.00 kW | L3 231.2 V 0.0 A 0.00 kW"}
14:19:44 I y_notifications.cpp:168 Status change of text:200: {"value":"L1 229.7 V 0.0 A 0.00 kW | L2 230.9 V 0.0 A 0.00 kW | L3 231.2 V 0.0 A 0.00 kW"}
14:19:46 I y_notifications.cpp:168 Status change of text:200: {"value":"L1 230.3 V 0.0 A 0.00 kW | L2 230.6 V 0.0 A 0.00 kW | L3 230.8 V 0.0 A 0.00 kW"}
14:19:48 I y_notifications.cpp:168 Status change of text:200: {"value":"L1 229.7 V 0.0 A 0.00 kW | L2 230.9 V 0.0 A 0.00 kW | L3 230.7 V 0.0 A 0.00 kW"}
14:19:50 I shelly_script.cpp:204   script:1 5.9% CPU utilization
14:19:50 I y_notifications.cpp:168 Status change of text:200: {"value":"L1 230.2 V 0.0 A 0.00 kW | L2 230.7 V 0.0 A 0.00 kW | L3 231.4 V 0.0 A 0.00 kW"}
14:19:52 I y_notifications.cpp:168 Status change of text:200: {"value":"L1 230.4 V 0.0 A 0.00 kW | L2 230.3 V 0.0 A 0.00 kW | L3 230.9 V 0.0 A 0.00 kW"}
14:19:54 I y_notifications.cpp:168 Status change of text:200: {"value":"L1 230.1 V 0.0 A 0.00 kW | L2 230.9 V 0.0 A 0.00 kW | L3 230.9 V 0.0 A 0.00 kW"}
14:19:56 I y_notifications.cpp:168 Status change of text:200: {"value":"L1 229.7 V 0.0 A 0.00 kW | L2 230.2 V 0.0 A 0.00 kW | L3 231.3 V 0.0 A 0.00 kW"}
14:19:58 I y_notifications.cpp:168 Status change of text:200: {"value":"L1 230.3 V 0.0 A 0.00 kW | L2 230.5 V 0.0 A 0.00 kW | L3 231.4 V 0.0 A 0.00 kW"}
14:20:00 I shelly_script.cpp:204   script:1 5.9% CPU utilization
14:20:00 I y_notifications.cpp:168 Status change of text:200: {"value":"L1 230.3 V 0.0 A 0.00 kW | L2 230.3 V 0.0 A 0.00 kW | L3 231.4 V 0.0 A 0.00 kW"}
14:20:02 I y_notifications.cpp:168 Status change of text:200: {"value":"L1 229.5 V 0.0 A 0.00 kW | L2 230.3 V 0.0 A 0.00 kW | L3 230.6 V 0.0 A 0.00 kW"}
14:20:04 I y_notifications.cpp:168 Status change of text:200: {"value":"L1 229.5 V 0.0 A 0.00 kW | L2 230.3 V 0.0 A 0.00 kW | L3 231.3 V 0.0 A 0.00 kW"}
14:20:06 I y_notifications.cpp:168 Status change of text:200: {"value":"L1 229.6 V 0.0 A 0.00 kW | L2 230.2 V 0.0 A 0.00 kW | L3 231.3 V 0.0 A 0.00 kW"}
14:20:08 I y_notifications.cpp:168 Status change of text:200: {"value":"L1 230.3 V 0.0 A 0.00 kW | L2 230.2 V 0.0 A 0.00 kW | L3 230.6 V 0.0 A 0.00 kW"}
14:20:10 I shelly_script.cpp:204   script:1 5.9% CPU utilization
14:20:10 I y_notifications.cpp:168 Status change of text:200: {"value":"L1 230.2 V 0.0 A 0.00 kW | L2 230.2 V 0.0 A 0.00 kW | L3 230.8 V 0.0 A 0.00 kW"}
14:20:12 I y_notifications.cpp:168 Status change of text:200: {"value":"L1 230.1 V 0.0 A 0.00 kW | L2 230.1 V 0.0 A 0.00 kW | L3 230.9 V 0.0 A 0.00 kW"}
14:20:14 I y_notifications.cpp:168 Status change of text:200: {"value":"L1 230.5 V 0.0 A 0.00 kW | L2 230.9 V 0.0 A 0.00 kW | L3 230.8 V 0.0 A 0.00 kW"}
14:20:16 I y_notifications.cpp:168 Status change of text:200: {"value":"L1 229.6 V 0.0 A 0.00 kW | L2 230.9 V 0.0 A 0.00 kW | L3 230.8 V 0.0 A 0.00 kW"}
14:20:18 I y_notifications.cpp:168 Status change of text:200: {"value":"L1 229.6 V 0.0 A 0.00 kW | L2 230.3 V 0.0 A 0.00 kW | L3 231.4 V 0.0 A 0.00 kW"}
14:20:20 I y_notifications.cpp:168 Status change of text:200: {"value":"L1 229.9 V 0.0 A 0.00 kW | L2 230.9 V 0.0 A 0.00 kW | L3 231.4 V 0.0 A 0.00 kW"}
14:20:22 I shelly_script.cpp:204   script:1 5.9% CPU utilization
14:20:22 I y_notifications.cpp:168 Status change of text:200: {"value":"L1 229.5 V 0.0 A 0.00 kW | L2 230.1 V 0.0 A 0.00 kW | L3 230.6 V 0.0 A 0.00 kW"}
14:20:24 I y_notifications.cpp:168 Status change of text:200: {"value":"L1 229.9 V 0.0 A 0.00 kW | L2 230.2 V 0.0 A 0.00 kW | L3 230.9 V 0.0 A 0.00 kW"}
14:20:26 I y_notifications.cpp:168 Status change of text:200: {"value":"L1 230.4 V 0.0 A 0.00 kW | L2 230.5 V 0.0 A 0.00 kW | L3 230.8 V 0.0 A 0.00 kW"}
14:20:28 I y_notifications.cpp:168 Status change of text:200: {"value":"L1 230.4 V 0.0 A 0.00 kW | L2 230.9 V 0.0 A 0.00 kW | L3 230.6 V 0.0 A 0.00 kW"}
14:20:30 I y_notifications.cpp:168 Status change of text:200: {"value":"L1 230.3 V 0.0 A 0.00 kW | L2 230.6 V 0.0 A 0.00 kW | L3 230.6 V 0.0 A 0.00 kW"}
14:20:32 I shelly_script.cpp:204   script:1 5.9% CPU utilization
14:20:32 I y_notifications.cpp:168 Status change of text:200: {"value":"L1 229.9 V 0.0 A 0.00 kW | L2 230.0 V 0.0 A 0.00 kW | L3 231.0 V 0.0 A 0.00 kW"}
14:20:34 I y_notifications.cpp:168 Status change of text:200: {"value":"L1 230.1 V 0.0 A 0.00 kW | L2 230.4 V 0.0 A 0.00 kW | L3 231.3 V 0.0 A 0.00 kW"}
14:20:36 I y_notifications.cpp:168 Status change of text:200: {"value":"L1 229.8 V 0.0 A 0.00 kW | L2 230.3 V 0.0 A 0.00 kW | L3 230.5 V 0.0 A 0.00 kW"}
14:20:38 I y_notifications.cpp:168 Status change of text:200: {"value":"L1 230.5 V 0.0 A 0.00 kW | L2 230.7 V 0.0 A 0.00 kW | L3 231.3 V 0.0 A 0.00 kW"}
14:20:40 I y_notifications.cpp:168 Status change of text:200: {"value":"L1 230.1 V 0.0 A 0.00 kW | L2 230.2 V 0.0 A 0.00 kW | L3 231.4 V 0.0 A 0.00 kW"}
14:20:42 I y_notifications.cpp:168 Status change of text:200: {"value":"L1 230.4 V 0.0 A 0.00 kW | L2 230.1 V 0.0 A 0.00 kW | L3 230.9 V 0.0 A 0.00 kW"}
14:20:44 I shelly_script.cpp:204   script:1 5.9% CPU utilization
14:20:44 I y_notifications.cpp:168 Status change of text:200: {"value":"L1 229.6 V 0.0 A 0.00 kW | L2 230.4 V 0.0 A 0.00 kW | L3 230.8 V 0.0 A 0.00 kW"}
14:20:46 I y_notifications.cpp:168 Status change of text:200: {"value":"L1 230.1 V 0.0 A 0.00 kW | L2 230.7 V 0.0 A 0.00 kW | L3 231.3 V 0.0 A 0.00 kW"}
14:20:48 I y_notifications.cpp:168 Status change of text:200: {"value":"L1 229.7 V 0.0 A 0.00 kW | L2 230.4 V 0.0 A 0.00 kW | L3 231.3 V 0.0 A 0.00 kW"}
14:20:50 I y_notifications.cpp:168 Status change of text:200: {"value":"L1 229.9 V 0.0 A 0.00 kW | L2 230.5 V 0.0 A 0.00 kW | L3 230.9 V 0.0 A 0.00 kW"}
14:20:52 I y_notifications.cpp:168 Status change of text:200: {"value":"L1 230.3 V 0.0 A 0.00 kW | L2 230.4 V 0.0 A 0.00 kW | L3 230.9 V 0.0 A 0.00 kW"}
14:20:54 I shelly_script.cpp:204   script:1 5.9% CPU utilization
14:20:54 I y_notifications.cpp:168 Status change of text:200: {"value":"L1 229.7 V 0.0 A 0.00 kW | L2 230.3 V 0.0 A 0.00 kW | L3 231.1 V 0.0 A 0.00 kW"}
14:20:56 I y_notifications.cpp:168 Status change of text:200: {"value":"L1 230.1 V 0.0 A 0.00 kW | L2 230.3 V 0.0 A 0.00 kW | L3 230.7 V 0.0 A 0.00 kW"}
14:20:58 I y_notifications.cpp:168 Status change of text:200: {"value":"L1 230.1 V 0.0 A 0.00 kW | L2 230.8 V 0.0 A 0.00 kW | L3 230.9 V 0.0 A 0.00 kW"}
14:21:00 I y_notifications.cpp:168 Status change of text:200: {"value":"L1 229.6 V 0.0 A 0.00 kW | L2 230.7 V 0.0 A 0.00 kW | L3 230.7 V 0.0 A 0.00 kW"}
14:21:02 I y_notifications.cpp:168 Status change of text:200: {"value":"L1 229.9 V 0.0 A 0.00 kW | L2 230.2 V 0.0 A 0.00 kW | L3 231.1 V 0.0 A 0.00 kW"}
14:21:04 I y_notifications.cpp:168 Status change of text:200: {"value":"L1 229.9 V 0.0 A 0.00 kW | L2 230.9 V 0.0 A 0.00 kW | L3 230.9 V 0.0 A 0.00 kW"}
14:21:06 I shelly_script.cpp:204   script:1 5.9% CPU utilization
14:21:06 I y_notifications.cpp:168 Status change of text:200: {"value":"L1 230.2 V 0.0 A 0.00 kW | L2 230.1 V 0.0 A 0.00 kW | L3 231.3 V 0.0 A 0.00 kW"}
14:21:08 I y_notifications.cpp:168 Status change of text:200: {"value":"L1 230.2 V 0.0 A 0.00 kW | L2 230.6 V 0.0 A 0.00 kW | L3 230.6 V 0.0 A 0.00 kW"}
14:21:10 I y_notifications.cpp:168 Status change of text:200: {"value":"L1 229.9 V 0.0 A 0.00 kW | L2 230.5 V 0.0 A 0.00 kW | L3 231.1 V 0.0 A 0.00 kW"}
14:21:12 I y_notifications.cpp:168 Status change of text:200: {"value":"L1 229.9 V 0.0 A 0.00 kW | L2 230.1 V 0.0 A 0.00 kW | L3 230.6 V 0.0 A 0.00 kW"}
14:21:14 I y_notifications.cpp:168 Status change of text:200: {"value":"L1 229.8 V 0.0 A 0.00 kW | L2 230.2 V 0.0 A 0.00 kW | L3 231.2 V 0.0 A 0.00 kW"}
14:21:16 I shelly_script.cpp:204   script:1 5.9% CPU utilization
14:21:16 I y_notifications.cpp:168 Status change of text:200: {"value":"L1 230.2 V 0.0 A 0.00 kW | L2 230.2 V 0.0 A 0.00 kW | L3 231.5 V 0.0 A 0.00 kW"}
14:21:18 I y_notifications.cpp:168 Status change of text:200: {"value":"L1 229.9 V 0.0 A 0.00 kW | L2 230.5 V 0.0 A 0.00 kW | L3 230.8 V 0.0 A 0.00 kW"}
14:21:20 I y_notifications.cpp:168 Status change of text:200: {"value":"L1 230.1 V 0.0 A 0.00 kW | L2 230.5 V 0.0 A 0.00 kW | L3 231.2 V 0.0 A 0.00 kW"}
14:21:22 I y_notifications.cpp:168 Status change of text:200: {"value":"L1 229.7 V 0.0 A 0.00 kW | L2 230.2 V 0.0 A 0.00 kW | L3 231.0 V 0.0 A 0.00 kW"}
14:21:24 I y_notifications.cpp:168 Status change of text:200: {"value":"L1 229.6 V 0.0 A 0.00 kW | L2 230.1 V 0.0 A 0.00 kW | L3 231.4 V 0.0 A 0.00 kW"}
14:21:26 I shelly_script.cpp:204   script:1 5.9% CPU utilization
14:21:26 I y_notifications.cpp:168 Status change of text:200: {"value":"L1 229.8 V 0.0 A 0.00 kW | L2 230.9 V 0.0 A 0.00 kW | L3 231.1 V 0.0 A 0.00 kW"}
14:21:28 I y_notifications.cpp:168 Status change of text:200: {"value":"L1 230.4 V 0.0 A 0.00 kW | L2 230.9 V 0.0 A 0.00 kW | L3 230.8 V 0.0 A 0.00 kW"}
14:21:30 I y_notifications.cpp:168 Status change of text:200: {"value":"L1 229.9 V 0.0 A 0.00 kW | L2 230.5 V 0.0 A 0.00 kW | L3 230.5 V 0.0 A 0.00 kW"}
14:21:32 I y_notifications.cpp:168 Status change of text:200: {"value":"L1 229.7 V 0.0 A 0.00 kW | L2 230.2 V 0.0 A 0.00 kW | L3 230.9 V 0.0 A 0.00 kW"}
14:21:34 I y_notifications.cpp:168 Status change of text:200: {"value":"L1 230.2 V 0.0 A 0.00 kW | L2 230.5 V 0.0 A 0.00 kW | L3 230.6 V 0.0 A 0.00 kW"}
14:21:36 I shelly_script.cpp:204   script:1 5.9% CPU utilization
14:21:36 I y_notifications.cpp:168 Status change of text:200: {"value":"L1 229.9 V 0.0 A 0.00 kW | L2 230.3 V 0.0 A 0.00 kW | L3 231.1 V 0.0 A 0.00 kW"}
14:21:38 I y_notifications.cpp:168 Status change of text:200: {"value":"L1 230.1 V 0.0 A 0.00 kW | L2 230.9 V 0.0 A 0.00 kW | L3 230.7 V 0.0 A 0.00 kW"}
14:21:40 I y_notifications.cpp:168 Status change of text:200: {"value":"L1 229.9 V 0.0 A 0.00 kW | L2 230.9 V 0.0 A 0.00 kW | L3 231.3 V 0.0 A 0.00 kW"}
14:21:42 I y_notifications.cpp:168 Status change of text:200: {"value":"L1 230.2 V 0.0 A 0.00 kW | L2 230.8 V 0.0 A 0.00 kW | L3 231.5 V 0.0 A 0.00 kW"}
14:21:44 I y_notifications.cpp:168 Status change of text:200: {"value":"L1 230.1 V 0.0 A 0.00 kW | L2 230.1 V 0.0 A 0.00 kW | L3 231.2 V 0.0 A 0.00 kW"}
14:21:46 I y_notifications.cpp:168 Status change of text:200: {"value":"L1 230.3 V 0.0 A 0.00 kW | L2 230.9 V 0.0 A 0.00 kW | L3 231.1 V 0.0 A 0.00 kW"}
14:21:48 I shelly_script.cpp:204   script:1 5.9% CPU utilization
14:21:48 I y_notifications.cpp:168 Status change of text:200: {"value":"L1 229.9 V 0.0 A 0.00 kW | L2 230.6 V 0.0 A 0.00 kW | L3 231.3 V 0.0 A 0.00 kW"}
14:21:50 I y_notifications.cpp:168 Status change of text:200: {"value":"L1 229.7 V 0.0 A 0.00 kW | L2 230.1 V 0.0 A 0.00 kW | L3 231.5 V 0.0 A 0.00 kW"}
14:21:52 I y_notifications.cpp:168 Status change of text:200: {"value":"L1 230.5 V 0.0 A 0.00 kW | L2 230.9 V 0.0 A 0.00 kW | L3 231.1 V 0.0 A 0.00 kW"}
14:21:54 I y_notifications.cpp:168 Status change of text:200: {"value":"L1 229.8 V 0.0 A 0.00 kW | L2 230.0 V 0.0 A 0.00 kW | L3 231.4 V 0.0 A 0.00 kW"}
14:21:56 I y_notifications.cpp:168 Status change of text:200: {"value":"L1 230.2 V 0.0 A 0.00 kW | L2 230.4 V 0.0 A 0.00 kW | L3 231.4 V 0.0 A 0.00 kW"}
14:21:58 I shelly_script.cpp:204   script:1 5.9% CPU utilization
14:21:58 I y_notifications.cpp:168 Status change of text:200: {"value":"L1 229.8 V 0.0 A 0.00 kW | L2 230.6 V 0.0 A 0.00 kW | L3 230.9 V 0.0 A 0.00 kW"}
14:22:00 I y_notifications.cpp:168 Status change of text:200: {"value":"L1 230.3 V 0.0 A 0.00 kW | L2 230.7 V 0.0 A 0.00 kW | L3 231.4 V 0.0 A 0.00 kW"}
14:22:02 I y_notifications.cpp:168 Status change of text:200: {"value":"L1 230.0 V 0.0 A 0.00 kW | L2 230.9 V 0.0 A 0.00 kW | L3 230.6 V 0.0 A 0.00 kW"}
14:22:04 I y_notifications.cpp:168 Status change of text:200: {"value":"L1 229.8 V 0.0 A 0.00 kW | L2 230.5 V 0.0 A 0.00 kW | L3 230.9 V 0.0 A 0.00 kW"}
14:22:06 I y_notifications.cpp:168 Status change of text:200: {"value":"L1 229.9 V 0.0 A 0.00 kW | L2 230.2 V 0.0 A 0.00 kW | L3 231.1 V 0.0 A 0.00 kW"}
14:22:08 I y_notifications.cpp:168 Status change of text:200: {"value":"L1 229.9 V 0.0 A 0.00 kW | L2 230.5 V 0.0 A 0.00 kW | L3 230.9 V 0.0 A 0.00 kW"}
14:22:10 I shelly_script.cpp:204   script:1 5.9% CPU utilization
14:22:10 I y_notifications.cpp:168 Status change of text:200: {"value":"L1 230.1 V 0.0 A 0.00 kW | L2 230.4 V 0.0 A 0.00 kW | L3 231.1 V 0.0 A 0.00 kW"}
14:22:12 I y_notifications.cpp:168 Status change of text:200: {"value":"L1 229.9 V 0.0 A 0.00 kW | L2 230.2 V 0.0 A 0.00 kW | L3 231.1 V 0.0 A 0.00 kW"}
14:22:14 I y_notifications.cpp:168 Status change of text:200: {"value":"L1 230.3 V 0.0 A 0.00 kW | L2 230.6 V 0.0 A 0.00 kW | L3 230.6 V 0.0 A 0.00 kW"}
14:22:16 I y_notifications.cpp:168 Status change of text:200: {"value":"L1 230.1 V 0.0 A 0.00 kW | L2 230.4 V 0.0 A 0.00 kW | L3 231.2 V 0.0 A 0.00 kW"}
14:22:18 I y_notifications.cpp:168 Status change of text:200: {"value":"L1 229.8 V 0.0 A 0.00 kW | L2 230.8 V 0.0 A 0.00 kW | L3 231.1 V 0.0 A 0.00 kW"}
14:22:20 I shelly_script.cpp:204   script:1 5.9% CPU utilization
14:22:20 I y_notifications.cpp:168 Status change of text:200: {"value":"L1 230.5 V 0.0 A 0.00 kW | L2 230.4 V 0.0 A 0.00 kW | L3 230.8 V 0.0 A 0.00 kW"}
14:22:22 I y_notifications.cpp:168 Status change of text:200: {"value":"L1 229.9 V 0.0 A 0.00 kW | L2 230.5 V 0.0 A 0.00 kW | L3 230.9 V 0.0 A 0.00 kW"}
14:22:24 I y_notifications.cpp:168 Status change of text:200: {"value":"L1 229.9 V 0.0 A 0.00 kW | L2 230.0 V 0.0 A 0.00 kW | L3 231.1 V 0.0 A 0.00 kW"}
14:22:26 I y_notifications.cpp:168 Status change of text:200: {"value":"L1 230.1 V 0.0 A 0.00 kW | L2 230.4 V 0.0 A 0.00 kW | L3 230.7 V 0.0 A 0.00 kW"}
14:22:28 I y_notifications.cpp:168 Status change of text:200: {"value":"L1 230.1 V 0.0 A 0.00 kW | L2 230.1 V 0.0 A 0.00 kW | L3 231.2 V 0.0 A 0.00 kW"}
14:22:30 I y_notifications.cpp:168 Status change of text:200: {"value":"L1 230.5 V 0.0 A 0.00 kW | L2 230.2 V 0.0 A 0.00 kW | L3 230.7 V 0.0 A 0.00 kW"}
14:22:32 I shelly_script.cpp:204   script:1 5.9% CPU utilization
14:22:32 I y_notifications.cpp:168 Status change of text:200: {"value":"L1 229.9 V 0.0 A 0.00 kW | L2 230.4 V 0.0 A 0.00 kW | L3 231.3 V 0.0 A 0.00 kW"}
14:22:34 I y_notifications.cpp:168 Status change of text:200: {"value":"L1 229.7 V 0.0 A 0.00 kW | L2 230.9 V 0.0 A 0.00 kW | L3 231.5 V 0.0 A 0.00 kW"}
14:22:36 I y_notifications.cpp:168 Status change of text:200: {"value":"L1 229.5 V 0.0 A 0.00 kW | L2 230.8 V 0.0 A 0.00 kW | L3 231.4 V 0.0 A 0.00 kW"}
14:22:38 I y_notifications.cpp:168 Status change of text:200: {"value":"L1 229.5 V 0.0 A 0.00 kW | L2 230.6 V 0.0 A 0.00 kW | L3 230.6 V 0.0 A 0.00 kW"}
14:22:40 I y_notifications.cpp:168 Status change of text:200: {"value":"L1 229.9 V 0.0 A 0.00 kW | L2 230.2 V 0.0 A 0.00 kW | L3 230.8 V 0.0 A 0.00 kW"}
14:22:42 I y_notifications.cpp:168 Status change of text:200: {"value":"L1 230.2 V 0.0 A 0.00 kW | L2 230.5 V 0.0 A 0.00 kW | L3 230.9 V 0.0 A 0.00 kW"}
14:22:44 I shelly_script.cpp:204   script:1 5.9% CPU utilization
14:22:44 I y_notifications.cpp:168 Status change of text:200: {"value":"L1 230.4 V 0.0 A 0.00 kW | L2 230.2 V 0.0 A 0.00 kW | L3 231.2 V 0.0 A 0.00 kW"}
14:22:46 I y_notifications.cpp:168 Status change of text:200: {"value":"L1 230.5 V 0.0 A 0.00 kW | L2 230.0 V 0.0 A 0.00 kW | L3 231.5 V 0.0 A 0.00 kW"}
14:22:48 I y_notifications.cpp:168 Status change of text:200: {"value":"L1 229.9 V 0.0 A 0.00 kW | L2 230.4 V 0.0 A 0.00 kW | L3 230.6 V 0.0 A 0.00 kW"}
14:22:52 I y_notifications.cpp:168 Status change of text:200: {"value":"L1 229.7 V 0.0 A 0.00 kW | L2 230.4 V 0.0 A 0.00 kW | L3 231.4 V 0.0 A 0.00 kW"}
14:22:54 I shelly_script.cpp:204   script:1 5.9% CPU utilization
14:22:54 I y_notifications.cpp:168 Status change of text:200: {"value":"L1 230.5 V 0.0 A 0.00 kW | L2 230.3 V 0.0 A 0.00 kW | L3 230.9 V 0.0 A 0.00 kW"}
14:22:56 I y_notifications.cpp:168 Status change of text:200: {"value":"L1 229.7 V 0.0 A 0.00 kW | L2 230.6 V 0.0 A 0.00 kW | L3 231.3 V 0.0 A 0.00 kW"}
14:22:58 I y_notifications.cpp:168 Status change of text:200: {"value":"L1 230.4 V 0.0 A 0.00 kW | L2 230.3 V 0.0 A 0.00 kW | L3 230.7 V 0.0 A 0.00 kW"}
14:23:00 I y_notifications.cpp:168 Status change of text:200: {"value":"L1 229.9 V 0.0 A 0.00 kW | L2 230.1 V 0.0 A 0.00 kW | L3 230.5 V 0.0 A 0.00 kW"}
14:23:02 I y_notifications.cpp:168 Status change of text:200: {"value":"L1 230.0 V 0.0 A 0.00 kW | L2 230.0 V 0.0 A 0.00 kW | L3 231.3 V 0.0 A 0.00 kW"}
14:23:04 I y_notifications.cpp:168 Status change of text:200: {"value":"L1 230.0 V 0.0 A 0.00 kW | L2 230.3 V 0.0 A 0.00 kW | L3 231.4 V 0.0 A 0.00 kW"}
14:23:06 I shelly_script.cpp:204   script:1 5.9% CPU utilization
14:23:06 I y_notifications.cpp:168 Status change of text:200: {"value":"L1 230.0 V 0.0 A 0.00 kW | L2 230.7 V 0.0 A 0.00 kW | L3 231.4 V 0.0 A 0.00 kW"}
14:23:08 I y_notifications.cpp:168 Status change of text:200: {"value":"L1 230.2 V 0.0 A 0.00 kW | L2 230.8 V 0.0 A 0.00 kW | L3 231.2 V 0.0 A 0.00 kW"}
14:23:10 I y_notifications.cpp:168 Status change of text:200: {"value":"L1 230.4 V 0.0 A 0.00 kW | L2 230.9 V 0.0 A 0.00 kW | L3 230.9 V 0.0 A 0.00 kW"}
14:23:12 I y_notifications.cpp:168 Status change of text:200: {"value":"L1 230.0 V 0.0 A 0.00 kW | L2 230.7 V 0.0 A 0.00 kW | L3 230.8 V 0.0 A 0.00 kW"}
14:23:14 I y_notifications.cpp:168 Status change of text:200: {"value":"L1 229.9 V 0.0 A 0.00 kW | L2 230.0 V 0.0 A 0.00 kW | L3 231.2 V 0.0 A 0.00 kW"}
14:23:16 I shelly_script.cpp:204   script:1 5.9% CPU utilization
14:23:16 I y_notifications.cpp:168 Status change of text:200: {"value":"L1 229.9 V 0.0 A 0.00 kW | L2 230.5 V 0.0 A 0.00 kW | L3 231.4 V 0.0 A 0.00 kW"}
14:23:18 I y_notifications.cpp:168 Status change of text:200: {"value":"L1 229.9 V 0.0 A 0.00 kW | L2 230.5 V 0.0 A 0.00 kW | L3 231.5 V 0.0 A 0.00 kW"}
14:23:20 I y_notifications.cpp:168 Status change of text:200: {"value":"L1 229.8 V 0.0 A 0.00 kW | L2 230.0 V 0.0 A 0.00 kW | L3 230.6 V 0.0 A 0.00 kW"}
14:23:22 I y_notifications.cpp:168 Status change of text:200: {"value":"L1 230.2 V 0.0 A 0.00 kW | L2 230.1 V 0.0 A 0.00 kW | L3 231.3 V 0.0 A 0.00 kW"}
14:23:24 I y_notifications.cpp:168 Status change of text:200: {"value":"L1 229.7 V 0.0 A 0.00 kW | L2 230.3 V 0.0 A 0.00 kW | L3 230.9 V 0.0 A 0.00 kW"}
14:23:26 I y_notifications.cpp:168 Status change of text:200: {"value":"L1 230.4 V 0.0 A 0.00 kW | L2 230.1 V 0.0 A 0.00 kW | L3 231.1 V 0.0 A 0.00 kW"}
14:23:28 I shelly_script.cpp:204   script:1 5.8% CPU utilization
14:23:28 I y_notifications.cpp:168 Status change of text:200: {"value":"L1 230.1 V 0.0 A 0.00 kW | L2 230.2 V 0.0 A 0.00 kW | L3 231.4 V 0.0 A 0.00 kW"}
14:23:30 I y_notifications.cpp:168 Status change of text:200: {"value":"L1 229.8 V 0.0 A 0.00 kW | L2 230.8 V 0.0 A 0.00 kW | L3 231.1 V 0.0 A 0.00 kW"}
14:23:32 I y_notifications.cpp:168 Status change of text:200: {"value":"L1 229.6 V 0.0 A 0.00 kW | L2 230.7 V 0.0 A 0.00 kW | L3 231.1 V 0.0 A 0.00 kW"}
14:23:34 I y_notifications.cpp:168 Status change of text:200: {"value":"L1 230.5 V 0.0 A 0.00 kW | L2 230.0 V 0.0 A 0.00 kW | L3 230.5 V 0.0 A 0.00 kW"}
14:23:36 I y_notifications.cpp:168 Status change of text:200: {"value":"L1 229.7 V 0.0 A 0.00 kW | L2 230.6 V 0.0 A 0.00 kW | L3 231.5 V 0.0 A 0.00 kW"}
14:23:38 I y_notifications.cpp:168 Status change of text:200: {"value":"L1 230.0 V 0.0 A 0.00 kW | L2 230.6 V 0.0 A 0.00 kW | L3 231.5 V 0.0 A 0.00 kW"}
14:23:40 I shelly_script.cpp:204   script:1 5.9% CPU utilization
14:23:40 I y_notifications.cpp:168 Status change of text:200: {"value":"L1 230.2 V 0.0 A 0.00 kW | L2 230.8 V 0.0 A 0.00 kW | L3 230.9 V 0.0 A 0.00 kW"}
14:23:42 I y_notifications.cpp:168 Status change of text:200: {"value":"L1 230.4 V 0.0 A 0.00 kW | L2 230.1 V 0.0 A 0.00 kW | L3 230.9 V 0.0 A 0.00 kW"}
14:23:44 I y_notifications.cpp:168 Status change of text:200: {"value":"L1 230.0 V 0.0 A 0.00 kW | L2 230.2 V 0.0 A 0.00 kW | L3 230.9 V 0.0 A 0.00 kW"}
14:23:46 I y_notifications.cpp:168 Status change of text:200: {"value":"L1 229.8 V 0.0 A 0.00 kW | L2 230.4 V 0.0 A 0.00 kW | L3 230.6 V 0.0 A 0.00 kW"}
14:23:48 I y_notifications.cpp:168 Status change of text:200: {"value":"L1 230.4 V 0.0 A 0.00 kW | L2 230.4 V 0.0 A 0.00 kW | L3 231.5 V 0.0 A 0.00 kW"}
14:23:50 I y_notifications.cpp:168 Status change of text:200: {"value":"L1 229.9 V 0.0 A 0.00 kW | L2 230.6 V 0.0 A 0.00 kW | L3 231.4 V 0.0 A 0.00 kW"}
14:23:52 I shelly_script.cpp:204   script:1 5.9% CPU utilization
14:23:52 I y_notifications.cpp:168 Status change of text:200: {"value":"L1 229.9 V 0.0 A 0.00 kW | L2 230.4 V 0.0 A 0.00 kW | L3 230.7 V 0.0 A 0.00 kW"}
14:23:54 I y_notifications.cpp:168 Status change of text:200: {"value":"L1 230.0 V 0.0 A 0.00 kW | L2 230.7 V 0.0 A 0.00 kW | L3 230.5 V 0.0 A 0.00 kW"}
14:23:56 I y_notifications.cpp:168 Status change of text:200: {"value":"L1 230.2 V 0.0 A 0.00 kW | L2 230.2 V 0.0 A 0.00 kW | L3 230.7 V 0.0 A 0.00 kW"}
14:23:58 I y_notifications.cpp:168 Status change of text:200: {"value":"L1 230.3 V 0.0 A 0.00 kW | L2 230.2 V 0.0 A 0.00 kW | L3 231.5 V 0.0 A 0.00 kW"}
14:24:00 I y_notifications.cpp:168 Status change of text:200: {"value":"L1 230.4 V 0.0 A 0.00 kW | L2 230.5 V 0.0 A 0.00 kW | L3 231.0 V 0.0 A 0.00 kW"}
14:24:02 I y_notifications.cpp:168 Status change of text:200: {"value":"L1 229.8 V 0.0 A 0.00 kW | L2 230.8 V 0.0 A 0.00 kW | L3 230.5 V 0.0 A 0.00 kW"}
14:24:04 I shelly_script.cpp:204   script:1 5.9% CPU utilization
14:24:04 I y_notifications.cpp:168 Status change of text:200: {"value":"L1 230.2 V 0.0 A 0.00 kW | L2 230.8 V 0.0 A 0.00 kW | L3 230.7 V 0.0 A 0.00 kW"}
14:24:06 I y_notifications.cpp:168 Status change of text:200: {"value":"L1 230.0 V 0.0 A 0.00 kW | L2 230.0 V 0.0 A 0.00 kW | L3 231.2 V 0.0 A 0.00 kW"}
14:24:08 I y_notifications.cpp:168 Status change of text:200: {"value":"L1 229.6 V 0.0 A 0.00 kW | L2 230.6 V 0.0 A 0.00 kW | L3 231.0 V 0.0 A 0.00 kW"}
14:24:10 I y_notifications.cpp:168 Status change of text:200: {"value":"L1 230.2 V 0.0 A 0.00 kW | L2 230.8 V 0.0 A 0.00 kW | L3 230.9 V 0.0 A 0.00 kW"}
14:24:12 I y_notifications.cpp:168 Status change of text:200: {"value":"L1 229.9 V 0.0 A 0.00 kW | L2 230.7 V 0.0 A 0.00 kW | L3 230.8 V 0.0 A 0.00 kW"}
14:24:14 I shelly_script.cpp:204   script:1 5.9% CPU utilization
14:24:14 I y_notifications.cpp:168 Status change of text:200: {"value":"L1 229.8 V 0.0 A 0.00 kW | L2 230.9 V 0.0 A 0.00 kW | L3 230.7 V 0.0 A 0.00 kW"}
14:24:16 I y_notifications.cpp:168 Status change of text:200: {"value":"L1 229.8 V 0.0 A 0.00 kW | L2 230.5 V 0.0 A 0.00 kW | L3 230.8 V 0.0 A 0.00 kW"}
14:24:18 I y_notifications.cpp:168 Status change of text:200: {"value":"L1 229.6 V 0.0 A 0.00 kW | L2 230.7 V 0.0 A 0.00 kW | L3 230.7 V 0.0 A 0.00 kW"}
14:24:20 I y_notifications.cpp:168 Status change of text:200: {"value":"L1 230.4 V 0.0 A 0.00 kW | L2 230.5 V 0.0 A 0.00 kW | L3 230.8 V 0.0 A 0.00 kW"}
14:24:22 I y_notifications.cpp:168 Status change of text:200: {"value":"L1 229.8 V 0.0 A 0.00 kW | L2 230.8 V 0.0 A 0.00 kW | L3 231.2 V 0.0 A 0.00 kW"}
14:24:24 I y_notifications.cpp:168 Status change of text:200: {"value":"L1 229.7 V 0.0 A 0.00 kW | L2 230.5 V 0.0 A 0.00 kW | L3 231.1 V 0.0 A 0.00 kW"}
14:24:26 I shelly_script.cpp:204   script:1 5.9% CPU utilization
14:24:26 I y_notifications.cpp:168 Status change of text:200: {"value":"L1 230.4 V 0.0 A 0.00 kW | L2 230.6 V 0.0 A 0.00 kW | L3 231.0 V 0.0 A 0.00 kW"}
14:24:28 I y_notifications.cpp:168 Status change of text:200: {"value":"L1 230.3 V 0.0 A 0.00 kW | L2 230.1 V 0.0 A 0.00 kW | L3 230.8 V 0.0 A 0.00 kW"}
14:24:30 I y_notifications.cpp:168 Status change of text:200: {"value":"L1 229.8 V 0.0 A 0.00 kW | L2 230.6 V 0.0 A 0.00 kW | L3 230.9 V 0.0 A 0.00 kW"}
14:24:32 I y_notifications.cpp:168 Status change of text:200: {"value":"L1 230.3 V 0.0 A 0.00 kW | L2 230.1 V 0.0 A 0.00 kW | L3 231.1 V 0.0 A 0.00 kW"}
14:24:34 I y_notifications.cpp:168 Status change of text:200: {"value":"L1 230.1 V 0.0 A 0.00 kW | L2 230.3 V 0.0 A 0.00 kW | L3 231.1 V 0.0 A 0.00 kW"}
14:24:36 I y_notifications.cpp:168 Status change of text:200: {"value":"L1 230.1 V 0.0 A 0.00 kW | L2 230.5 V 0.0 A 0.00 kW | L3 230.6 V 0.0 A 0.00 kW"}
14:24:38 I shelly_script.cpp:204   script:1 5.9% CPU utilization
14:24:38 I y_notifications.cpp:168 Status change of text:200: {"value":"L1 229.5 V 0.0 A 0.00 kW | L2 230.3 V 0.0 A 0.00 kW | L3 231.2 V 0.0 A 0.00 kW"}
14:24:40 I y_notifications.cpp:168 Status change of text:200: {"value":"L1 229.9 V 0.0 A 0.00 kW | L2 230.7 V 0.0 A 0.00 kW | L3 231.2 V 0.0 A 0.00 kW"}
14:24:42 I y_notifications.cpp:168 Status change of text:200: {"value":"L1 230.0 V 0.0 A 0.00 kW | L2 230.3 V 0.0 A 0.00 kW | L3 231.4 V 0.0 A 0.00 kW"}
14:24:44 I y_notifications.cpp:168 Status change of text:200: {"value":"L1 229.9 V 0.0 A 0.00 kW | L2 230.5 V 0.0 A 0.00 kW | L3 230.9 V 0.0 A 0.00 kW"}
14:24:46 I y_notifications.cpp:168 Status change of text:200: {"value":"L1 229.6 V 0.0 A 0.00 kW | L2 230.6 V 0.0 A 0.00 kW | L3 231.3 V 0.0 A 0.00 kW"}
14:24:48 I shelly_script.cpp:204   script:1 5.9% CPU utilization
14:24:48 I y_notifications.cpp:168 Status change of text:200: {"value":"L1 230.1 V 0.0 A 0.00 kW | L2 230.9 V 0.0 A 0.00 kW | L3 231.2 V 0.0 A 0.00 kW"}
14:24:50 I y_notifications.cpp:168 Status change of text:200: {"value":"L1 230.5 V 0.0 A 0.00 kW | L2 230.9 V 0.0 A 0.00 kW | L3 230.6 V 0.0 A 0.00 kW"}
14:24:52 I y_notifications.cpp:168 Status change of text:200: {"value":"L1 230.3 V 0.0 A 0.00 kW | L2 230.9 V 0.0 A 0.00 kW | L3 231.2 V 0.0 A 0.00 kW"}
14:24:54 I y_notifications.cpp:168 Status change of text:200: {"value":"L1 230.5 V 0.0 A 0.00 kW | L2 230.8 V 0.0 A 0.00 kW | L3 231.2 V 0.0 A 0.00 kW"}
14:24:56 I y_notifications.cpp:168 Status change of text:200: {"value":"L1 230.1 V 0.0 A 0.00 kW | L2 230.7 V 0.0 A 0.00 kW | L3 230.8 V 0.0 A 0.00 kW"}
14:24:58 I y_notifications.cpp:168 Status change of text:200: {"value":"L1 230.4 V 0.0 A 0.00 kW | L2 230.7 V 0.0 A 0.00 kW | L3 230.9 V 0.0 A 0.00 kW"}
14:25:00 I shelly_script.cpp:204   script:1 5.9% CPU utilization
14:25:00 I y_notifications.cpp:168 Status change of text:200: {"value":"L1 230.0 V 0.0 A 0.00 kW | L2 230.3 V 0.0 A 0.00 kW | L3 231.1 V 0.0 A 0.00 kW"}
14:25:02 I y_notifications.cpp:168 Status change of text:200: {"value":"L1 230.3 V 0.0 A 0.00 kW | L2 230.6 V 0.0 A 0.00 kW | L3 231.1 V 0.0 A 0.00 kW"}
14:25:04 I y_notifications.cpp:168 Status change of text:200: {"value":"L1 230.4 V 0.0 A 0.00 kW | L2 230.5 V 0.0 A 0.00 kW | L3 231.5 V 0.0 A 0.00 kW"}
14:25:06 I y_notifications.cpp:168 Status change of text:200: {"value":"L1 229.8 V 0.0 A 0.00 kW | L2 230.3 V 0.0 A 0.00 kW | L3 231.2 V 0.0 A 0.00 kW"}
14:25:08 I y_notifications.cpp:168 Status change of text:200: {"value":"L1 229.5 V 0.0 A 0.00 kW | L2 230.3 V 0.0 A 0.00 kW | L3 231.3 V 0.0 A 0.00 kW"}
14:25:10 I shelly_script.cpp:204   script:1 5.9% CPU utilization
14:25:10 I y_notifications.cpp:168 Status change of text:200: {"value":"L1 229.5 V 0.0 A 0.00 kW | L2 230.1 V 0.0 A 0.00 kW | L3 231.1 V 0.0 A 0.00 kW"}
14:25:12 I y_notifications.cpp:168 Status change of text:200: {"value":"L1 229.5 V 0.0 A 0.00 kW | L2 230.4 V 0.0 A 0.00 kW | L3 230.8 V 0.0 A 0.00 kW"}
14:25:14 I y_notifications.cpp:168 Status change of text:200: {"value":"L1 230.3 V 0.0 A 0.00 kW | L2 230.9 V 0.0 A 0.00 kW | L3 230.7 V 0.0 A 0.00 kW"}
14:25:16 I y_notifications.cpp:168 Status change of text:200: {"value":"L1 230.0 V 0.0 A 0.00 kW | L2 230.9 V 0.0 A 0.00 kW | L3 230.9 V 0.0 A 0.00 kW"}
14:25:18 I y_notifications.cpp:168 Status change of text:200: {"value":"L1 229.5 V 0.0 A 0.00 kW | L2 230.3 V 0.0 A 0.00 kW | L3 230.8 V 0.0 A 0.00 kW"}
14:25:20 I shelly_script.cpp:204   script:1 5.9% CPU utilization
14:25:20 I y_notifications.cpp:168 Status change of text:200: {"value":"L1 229.7 V 0.0 A 0.00 kW | L2 230.0 V 0.0 A 0.00 kW | L3 230.9 V 0.0 A 0.00 kW"}
14:25:22 I y_notifications.cpp:168 Status change of text:200: {"value":"L1 230.5 V 0.0 A 0.00 kW | L2 230.2 V 0.0 A 0.00 kW | L3 231.0 V 0.0 A 0.00 kW"}
14:25:24 I y_notifications.cpp:168 Status change of text:200: {"value":"L1 229.8 V 0.0 A 0.00 kW | L2 230.8 V 0.0 A 0.00 kW | L3 231.4 V 0.0 A 0.00 kW"}
14:25:26 I y_notifications.cpp:168 Status change of text:200: {"value":"L1 229.6 V 0.0 A 0.00 kW | L2 230.9 V 0.0 A 0.00 kW | L3 231.1 V 0.0 A 0.00 kW"}
14:25:28 I y_notifications.cpp:168 Status change of text:200: {"value":"L1 230.1 V 0.0 A 0.00 kW | L2 230.0 V 0.0 A 0.00 kW | L3 231.4 V 0.0 A 0.00 kW"}
14:25:30 I shelly_script.cpp:204   script:1 5.9% CPU utilization
14:25:30 I y_notifications.cpp:168 Status change of text:200: {"value":"L1 229.8 V 0.0 A 0.00 kW | L2 230.4 V 0.0 A 0.00 kW | L3 231.2 V 0.0 A 0.00 kW"}
14:25:32 I y_notifications.cpp:168 Status change of text:200: {"value":"L1 229.6 V 0.0 A 0.00 kW | L2 230.5 V 0.0 A 0.00 kW | L3 231.5 V 0.0 A 0.00 kW"}
14:25:34 I y_notifications.cpp:168 Status change of text:200: {"value":"L1 230.0 V 0.0 A 0.00 kW | L2 230.9 V 0.0 A 0.00 kW | L3 231.3 V 0.0 A 0.00 kW"}
14:25:36 I y_notifications.cpp:168 Status change of text:200: {"value":"L1 229.9 V 0.0 A 0.00 kW | L2 230.1 V 0.0 A 0.00 kW | L3 230.9 V 0.0 A 0.00 kW"}
14:25:38 I y_notifications.cpp:168 Status change of text:200: {"value":"L1 229.9 V 0.0 A 0.00 kW | L2 230.3 V 0.0 A 0.00 kW | L3 231.1 V 0.0 A 0.00 kW"}
14:25:40 I shelly_script.cpp:204   script:1 6.3% CPU utilization
14:25:40 I y_notifications.cpp:168 Status change of text:200: {"value":"L1 229.8 V 0.0 A 0.00 kW | L2 230.6 V 0.0 A 0.00 kW | L3 230.9 V 0.0 A 0.00 kW"}
14:25:42 I y_notifications.cpp:168 Status change of text:200: {"value":"L1 230.1 V 0.0 A 0.00 kW | L2 230.3 V 0.0 A 0.00 kW | L3 231.3 V 0.0 A 0.00 kW"}
14:25:44 I y_notifications.cpp:168 Status change of text:200: {"value":"L1 229.5 V 0.0 A 0.00 kW | L2 230.8 V 0.0 A 0.00 kW | L3 230.5 V 0.0 A 0.00 kW"}
14:25:46 I y_notifications.cpp:168 Status change of text:200: {"value":"L1 229.6 V 0.0 A 0.00 kW | L2 230.7 V 0.0 A 0.00 kW | L3 231.2 V 0.0 A 0.00 kW"}
14:25:48 I y_notifications.cpp:168 Status change of text:200: {"value":"L1 230.1 V 0.0 A 0.00 kW | L2 230.7 V 0.0 A 0.00 kW | L3 230.8 V 0.0 A 0.00 kW"}
14:25:50 I y_notifications.cpp:168 Status change of text:200: {"value":"L1 229.5 V 0.0 A 0.00 kW | L2 230.3 V 0.0 A 0.00 kW | L3 231.2 V 0.0 A 0.00 kW"}
14:25:52 I shelly_script.cpp:204   script:1 5.9% CPU utilization
14:25:52 I y_notifications.cpp:168 Status change of text:200: {"value":"L1 229.7 V 0.0 A 0.00 kW | L2 230.4 V 0.0 A 0.00 kW | L3 231.1 V 0.0 A 0.00 kW"}
14:25:54 I y_notifications.cpp:168 Status change of text:200: {"value":"L1 230.4 V 0.0 A 0.00 kW | L2 230.3 V 0.0 A 0.00 kW | L3 230.9 V 0.0 A 0.00 kW"}
14:25:56 I y_notifications.cpp:168 Status change of text:200: {"value":"L1 230.5 V 0.0 A 0.00 kW | L2 230.0 V 0.0 A 0.00 kW | L3 230.7 V 0.0 A 0.00 kW"}
14:25:58 I y_notifications.cpp:168 Status change of text:200: {"value":"L1 229.5 V 0.0 A 0.00 kW | L2 230.6 V 0.0 A 0.00 kW | L3 230.9 V 0.0 A 0.00 kW"}
14:26:00 I y_notifications.cpp:168 Status change of text:200: {"value":"L1 230.4 V 0.0 A 0.00 kW | L2 230.7 V 0.0 A 0.00 kW | L3 230.8 V 0.0 A 0.00 kW"}
14:26:02 I y_notifications.cpp:168 Status change of text:200: {"value":"L1 229.6 V 0.0 A 0.00 kW | L2 230.8 V 0.0 A 0.00 kW | L3 231.4 V 0.0 A 0.00 kW"}
14:26:04 I shelly_script.cpp:204   script:1 5.9% CPU utilization
14:26:04 I y_notifications.cpp:168 Status change of text:200: {"value":"L1 229.9 V 0.0 A 0.00 kW | L2 230.1 V 0.0 A 0.00 kW | L3 231.2 V 0.0 A 0.00 kW"}
14:26:06 I y_notifications.cpp:168 Status change of text:200: {"value":"L1 230.1 V 0.0 A 0.00 kW | L2 230.4 V 0.0 A 0.00 kW | L3 231.3 V 0.0 A 0.00 kW"}
14:26:08 I y_notifications.cpp:168 Status change of text:200: {"value":"L1 230.3 V 0.0 A 0.00 kW | L2 230.0 V 0.0 A 0.00 kW | L3 230.9 V 0.0 A 0.00 kW"}
14:26:10 I y_notifications.cpp:168 Status change of text:200: {"value":"L1 230.0 V 0.0 A 0.00 kW | L2 230.0 V 0.0 A 0.00 kW | L3 230.6 V 0.0 A 0.00 kW"}
14:26:12 I y_notifications.cpp:168 Status change of text:200: {"value":"L1 230.3 V 0.0 A 0.00 kW | L2 230.8 V 0.0 A 0.00 kW | L3 231.2 V 0.0 A 0.00 kW"}
14:26:14 I y_notifications.cpp:168 Status change of text:200: {"value":"L1 229.8 V 0.0 A 0.00 kW | L2 230.4 V 0.0 A 0.00 kW | L3 230.7 V 0.0 A 0.00 kW"}
14:26:16 I shelly_script.cpp:204   script:1 5.9% CPU utilization
14:26:16 I y_notifications.cpp:168 Status change of text:200: {"value":"L1 230.2 V 0.0 A 0.00 kW | L2 230.7 V 0.0 A 0.00 kW | L3 230.9 V 0.0 A 0.00 kW"}
14:26:18 I y_notifications.cpp:168 Status change of text:200: {"value":"L1 229.7 V 0.0 A 0.00 kW | L2 230.7 V 0.0 A 0.00 kW | L3 230.8 V 0.0 A 0.00 kW"}
14:26:20 I y_notifications.cpp:168 Status change of text:200: {"value":"L1 230.2 V 0.0 A 0.00 kW | L2 230.0 V 0.0 A 0.00 kW | L3 230.6 V 0.0 A 0.00 kW"}
14:26:22 I y_notifications.cpp:168 Status change of text:200: {"value":"L1 229.7 V 0.0 A 0.00 kW | L2 230.7 V 0.0 A 0.00 kW | L3 230.8 V 0.0 A 0.00 kW"}
14:26:24 I y_notifications.cpp:168 Status change of text:200: {"value":"L1 230.5 V 0.0 A 0.00 kW | L2 230.2 V 0.0 A 0.00 kW | L3 230.7 V 0.0 A 0.00 kW"}
14:26:26 I y_notifications.cpp:168 Status change of text:200: {"value":"L1 230.0 V 0.0 A 0.00 kW | L2 230.9 V 0.0 A 0.00 kW | L3 230.9 V 0.0 A 0.00 kW"}
14:26:28 I shelly_script.cpp:204   script:1 5.9% CPU utilization
14:26:28 I y_notifications.cpp:168 Status change of text:200: {"value":"L1 230.2 V 0.0 A 0.00 kW | L2 230.8 V 0.0 A 0.00 kW | L3 230.9 V 0.0 A 0.00 kW"}
14:26:30 I y_notifications.cpp:168 Status change of text:200: {"value":"L1 230.4 V 0.0 A 0.00 kW | L2 230.9 V 0.0 A 0.00 kW | L3 230.7 V 0.0 A 0.00 kW"}
14:26:32 I y_notifications.cpp:168 Status change of text:200: {"value":"L1 229.9 V 0.0 A 0.00 kW | L2 230.7 V 0.0 A 0.00 kW | L3 230.9 V 0.0 A 0.00 kW"}
14:26:34 I y_notifications.cpp:168 Status change of text:200: {"value":"L1 229.9 V 0.0 A 0.00 kW | L2 230.1 V 0.0 A 0.00 kW | L3 230.8 V 0.0 A 0.00 kW"}
14:26:36 I y_notifications.cpp:168 Status change of text:200: {"value":"L1 230.1 V 0.0 A 0.00 kW | L2 230.5 V 0.0 A 0.00 kW | L3 230.9 V 0.0 A 0.00 kW"}
14:26:38 I shelly_script.cpp:204   script:1 5.9% CPU utilization
14:26:38 I y_notifications.cpp:168 Status change of text:200: {"value":"L1 229.9 V 0.0 A 0.00 kW | L2 230.2 V 0.0 A 0.00 kW | L3 231.0 V 0.0 A 0.00 kW"}
14:26:40 I y_notifications.cpp:168 Status change of text:200: {"value":"L1 229.7 V 0.0 A 0.00 kW | L2 230.9 V 0.0 A 0.00 kW | L3 230.6 V 0.0 A 0.00 kW"}
14:26:42 I y_notifications.cpp:168 Status change of text:200: {"value":"L1 229.8 V 0.0 A 0.00 kW | L2 230.4 V 0.0 A 0.00 kW | L3 231.4 V 0.0 A 0.00 kW"}
14:26:44 I y_notifications.cpp:168 Status change of text:200: {"value":"L1 230.4 V 0.0 A 0.00 kW | L2 230.2 V 0.0 A 0.00 kW | L3 230.9 V 0.0 A 0.00 kW"}
14:26:46 I y_notifications.cpp:168 Status change of text:200: {"value":"L1 230.2 V 0.0 A 0.00 kW | L2 230.4 V 0.0 A 0.00 kW | L3 231.3 V 0.0 A 0.00 kW"}
14:26:48 I y_notifications.cpp:168 Status change of text:200: {"value":"L1 229.9 V 0.0 A 0.00 kW | L2 230.9 V 0.0 A 0.00 kW | L3 230.8 V 0.0 A 0.00 kW"}
14:26:50 I shelly_script.cpp:204   script:1 5.9% CPU utilization
14:26:50 I y_notifications.cpp:168 Status change of text:200: {"value":"L1 230.2 V 0.0 A 0.00 kW | L2 230.5 V 0.0 A 0.00 kW | L3 230.7 V 0.0 A 0.00 kW"}
14:26:52 I y_notifications.cpp:168 Status change of text:200: {"value":"L1 230.3 V 0.0 A 0.00 kW | L2 230.6 V 0.0 A 0.00 kW | L3 230.9 V 0.0 A 0.00 kW"}
14:26:54 I y_notifications.cpp:168 Status change of text:200: {"value":"L1 230.3 V 0.0 A 0.00 kW | L2 230.5 V 0.0 A 0.00 kW | L3 230.9 V 0.0 A 0.00 kW"}
14:26:56 I y_notifications.cpp:168 Status change of text:200: {"value":"L1 229.8 V 0.0 A 0.00 kW | L2 230.6 V 0.0 A 0.00 kW | L3 231.4 V 0.0 A 0.00 kW"}
14:26:58 I y_notifications.cpp:168 Status change of text:200: {"value":"L1 230.2 V 0.0 A 0.00 kW | L2 230.1 V 0.0 A 0.00 kW | L3 231.3 V 0.0 A 0.00 kW"}
14:27:00 I shelly_script.cpp:204   script:1 5.9% CPU utilization
14:27:00 I y_notifications.cpp:168 Status change of text:200: {"value":"L1 229.6 V 0.0 A 0.00 kW | L2 230.9 V 0.0 A 0.00 kW | L3 230.8 V 0.0 A 0.00 kW"}
14:27:02 I y_notifications.cpp:168 Status change of text:200: {"value":"L1 229.9 V 0.0 A 0.00 kW | L2 230.2 V 0.0 A 0.00 kW | L3 230.7 V 0.0 A 0.00 kW"}
14:27:04 I y_notifications.cpp:168 Status change of text:200: {"value":"L1 230.3 V 0.0 A 0.00 kW | L2 230.5 V 0.0 A 0.00 kW | L3 231.2 V 0.0 A 0.00 kW"}
14:27:06 I y_notifications.cpp:168 Status change of text:200: {"value":"L1 229.9 V 0.0 A 0.00 kW | L2 230.8 V 0.0 A 0.00 kW | L3 231.3 V 0.0 A 0.00 kW"}
14:27:08 I y_notifications.cpp:168 Status change of text:200: {"value":"L1 229.9 V 0.0 A 0.00 kW | L2 230.2 V 0.0 A 0.00 kW | L3 230.9 V 0.0 A 0.00 kW"}
14:27:10 I shelly_script.cpp:204   script:1 5.9% CPU utilization
14:27:10 I y_notifications.cpp:168 Status change of text:200: {"value":"L1 230.3 V 0.0 A 0.00 kW | L2 230.9 V 0.0 A 0.00 kW | L3 231.0 V 0.0 A 0.00 kW"}
14:27:12 I y_notifications.cpp:168 Status change of text:200: {"value":"L1 229.5 V 0.0 A 0.00 kW | L2 230.2 V 0.0 A 0.00 kW | L3 231.2 V 0.0 A 0.00 kW"}
14:27:14 I y_notifications.cpp:168 Status change of text:200: {"value":"L1 230.3 V 0.0 A 0.00 kW | L2 230.4 V 0.0 A 0.00 kW | L3 231.3 V 0.0 A 0.00 kW"}
14:27:16 I y_notifications.cpp:168 Status change of text:200: {"value":"L1 230.2 V 0.0 A 0.00 kW | L2 230.3 V 0.0 A 0.00 kW | L3 231.2 V 0.0 A 0.00 kW"}
14:27:18 I y_notifications.cpp:168 Status change of text:200: {"value":"L1 229.9 V 0.0 A 0.00 kW | L2 230.2 V 0.0 A 0.00 kW | L3 231.1 V 0.0 A 0.00 kW"}
14:27:20 I y_notifications.cpp:168 Status change of text:200: {"value":"L1 230.3 V 0.0 A 0.00 kW | L2 230.9 V 0.0 A 0.00 kW | L3 231.2 V 0.0 A 0.00 kW"}
14:27:22 I shelly_script.cpp:204   script:1 5.9% CPU utilization
14:27:22 I y_notifications.cpp:168 Status change of text:200: {"value":"L1 229.7 V 0.0 A 0.00 kW | L2 230.8 V 0.0 A 0.00 kW | L3 231.2 V 0.0 A 0.00 kW"}
14:27:24 I y_notifications.cpp:168 Status change of text:200: {"value":"L1 230.2 V 0.0 A 0.00 kW | L2 230.1 V 0.0 A 0.00 kW | L3 230.8 V 0.0 A 0.00 kW"}
14:27:26 I y_notifications.cpp:168 Status change of text:200: {"value":"L1 230.4 V 0.0 A 0.00 kW | L2 230.8 V 0.0 A 0.00 kW | L3 231.5 V 0.0 A 0.00 kW"}
14:27:28 I y_notifications.cpp:168 Status change of text:200: {"value":"L1 230.1 V 0.0 A 0.00 kW | L2 230.3 V 0.0 A 0.00 kW | L3 231.1 V 0.0 A 0.00 kW"}
14:27:30 I y_notifications.cpp:168 Status change of text:200: {"value":"L1 229.9 V 0.0 A 0.00 kW | L2 230.2 V 0.0 A 0.00 kW | L3 231.1 V 0.0 A 0.00 kW"}
14:27:32 I y_notifications.cpp:168 Status change of text:200: {"value":"L1 230.2 V 0.0 A 0.00 kW | L2 230.9 V 0.0 A 0.00 kW | L3 230.8 V 0.0 A 0.00 kW"}
14:27:34 I shelly_script.cpp:204   script:1 5.9% CPU utilization
14:27:34 I y_notifications.cpp:168 Status change of text:200: {"value":"L1 230.4 V 0.0 A 0.00 kW | L2 230.1 V 0.0 A 0.00 kW | L3 230.8 V 0.0 A 0.00 kW"}
14:27:36 I y_notifications.cpp:168 Status change of text:200: {"value":"L1 229.7 V 0.0 A 0.00 kW | L2 230.7 V 0.0 A 0.00 kW | L3 230.9 V 0.0 A 0.00 kW"}
14:27:38 I y_notifications.cpp:168 Status change of text:200: {"value":"L1 229.9 V 0.0 A 0.00 kW | L2 230.6 V 0.0 A 0.00 kW | L3 231.3 V 0.0 A 0.00 kW"}
14:27:40 I y_notifications.cpp:168 Status change of text:200: {"value":"L1 229.7 V 0.0 A 0.00 kW | L2 230.8 V 0.0 A 0.00 kW | L3 231.1 V 0.0 A 0.00 kW"}
14:27:42 I y_notifications.cpp:168 Status change of text:200: {"value":"L1 230.4 V 0.0 A 0.00 kW | L2 230.2 V 0.0 A 0.00 kW | L3 231.4 V 0.0 A 0.00 kW"}
14:27:44 I shelly_script.cpp:204   script:1 5.9% CPU utilization
14:27:44 I y_notifications.cpp:168 Status change of text:200: {"value":"L1 229.8 V 0.0 A 0.00 kW | L2 230.9 V 0.0 A 0.00 kW | L3 230.8 V 0.0 A 0.00 kW"}
14:27:46 I y_notifications.cpp:168 Status change of text:200: {"value":"L1 229.9 V 0.0 A 0.00 kW | L2 230.2 V 0.0 A 0.00 kW | L3 231.1 V 0.0 A 0.00 kW"}
14:27:48 I y_notifications.cpp:168 Status change of text:200: {"value":"L1 229.9 V 0.0 A 0.00 kW | L2 230.5 V 0.0 A 0.00 kW | L3 230.7 V 0.0 A 0.00 kW"}
14:27:50 I y_notifications.cpp:168 Status change of text:200: {"value":"L1 230.0 V 0.0 A 0.00 kW | L2 230.2 V 0.0 A 0.00 kW | L3 230.6 V 0.0 A 0.00 kW"}
14:27:52 I y_notifications.cpp:168 Status change of text:200: {"value":"L1 230.4 V 0.0 A 0.00 kW | L2 230.0 V 0.0 A 0.00 kW | L3 231.3 V 0.0 A 0.00 kW"}
14:27:54 I shelly_script.cpp:204   script:1 5.9% CPU utilization
14:27:54 I y_notifications.cpp:168 Status change of text:200: {"value":"L1 229.8 V 0.0 A 0.00 kW | L2 230.7 V 0.0 A 0.00 kW | L3 231.4 V 0.0 A 0.00 kW"}
14:27:56 I y_notifications.cpp:168 Status change of text:200: {"value":"L1 229.9 V 0.0 A 0.00 kW | L2 230.7 V 0.0 A 0.00 kW | L3 230.9 V 0.0 A 0.00 kW"}
14:27:58 I y_notifications.cpp:168 Status change of text:200: {"value":"L1 230.2 V 0.0 A 0.00 kW | L2 230.2 V 0.0 A 0.00 kW | L3 231.4 V 0.0 A 0.00 kW"}
14:28:00 I y_notifications.cpp:168 Status change of text:200: {"value":"L1 229.7 V 0.0 A 0.00 kW | L2 230.7 V 0.0 A 0.00 kW | L3 230.9 V 0.0 A 0.00 kW"}
14:28:02 I y_notifications.cpp:168 Status change of text:200: {"value":"L1 229.6 V 0.0 A 0.00 kW | L2 230.0 V 0.0 A 0.00 kW | L3 230.9 V 0.0 A 0.00 kW"}
14:28:04 I shelly_script.cpp:204   script:1 5.9% CPU utilization
14:28:04 I y_notifications.cpp:168 Status change of text:200: {"value":"L1 230.2 V 0.0 A 0.00 kW | L2 230.7 V 0.0 A 0.00 kW | L3 231.1 V 0.0 A 0.00 kW"}
14:28:06 I y_notifications.cpp:168 Status change of text:200: {"value":"L1 230.4 V 0.0 A 0.00 kW | L2 230.2 V 0.0 A 0.00 kW | L3 230.6 V 0.0 A 0.00 kW"}
14:28:08 I y_notifications.cpp:168 Status change of text:200: {"value":"L1 229.9 V 0.0 A 0.00 kW | L2 230.5 V 0.0 A 0.00 kW | L3 231.2 V 0.0 A 0.00 kW"}
14:28:10 I y_notifications.cpp:168 Status change of text:200: {"value":"L1 230.2 V 0.0 A 0.00 kW | L2 230.3 V 0.0 A 0.00 kW | L3 231.0 V 0.0 A 0.00 kW"}
14:28:12 I y_notifications.cpp:168 Status change of text:200: {"value":"L1 229.7 V 0.0 A 0.00 kW | L2 230.6 V 0.0 A 0.00 kW | L3 231.2 V 0.0 A 0.00 kW"}
14:28:14 I y_notifications.cpp:168 Status change of text:200: {"value":"L1 230.5 V 0.0 A 0.00 kW | L2 230.2 V 0.0 A 0.00 kW | L3 231.4 V 0.0 A 0.00 kW"}
14:28:16 I shelly_script.cpp:204   script:1 5.9% CPU utilization
14:28:16 I y_notifications.cpp:168 Status change of text:200: {"value":"L1 229.9 V 0.0 A 0.00 kW | L2 230.3 V 0.0 A 0.00 kW | L3 231.1 V 0.0 A 0.00 kW"}
14:28:18 I y_notifications.cpp:168 Status change of text:200: {"value":"L1 229.5 V 0.0 A 0.00 kW | L2 230.6 V 0.0 A 0.00 kW | L3 231.0 V 0.0 A 0.00 kW"}
14:28:20 I y_notifications.cpp:168 Status change of text:200: {"value":"L1 229.9 V 0.0 A 0.00 kW | L2 230.4 V 0.0 A 0.00 kW | L3 230.9 V 0.0 A 0.00 kW"}
14:28:22 I y_notifications.cpp:168 Status change of text:200: {"value":"L1 230.1 V 0.0 A 0.00 kW | L2 230.1 V 0.0 A 0.00 kW | L3 231.1 V 0.0 A 0.00 kW"}
14:28:24 I y_notifications.cpp:168 Status change of text:200: {"value":"L1 229.8 V 0.0 A 0.00 kW | L2 230.1 V 0.0 A 0.00 kW | L3 230.8 V 0.0 A 0.00 kW"}
14:28:26 I y_notifications.cpp:168 Status change of text:200: {"value":"L1 230.3 V 0.0 A 0.00 kW | L2 230.3 V 0.0 A 0.00 kW | L3 231.1 V 0.0 A 0.00 kW"}
14:28:28 I shelly_script.cpp:204   script:1 5.9% CPU utilization
14:28:28 I y_notifications.cpp:168 Status change of text:200: {"value":"L1 230.2 V 0.0 A 0.00 kW | L2 230.6 V 0.0 A 0.00 kW | L3 230.9 V 0.0 A 0.00 kW"}
14:28:30 I y_notifications.cpp:168 Status change of text:200: {"value":"L1 230.4 V 0.0 A 0.00 kW | L2 230.7 V 0.0 A 0.00 kW | L3 231.1 V 0.0 A 0.00 kW"}
14:28:32 I y_notifications.cpp:168 Status change of text:200: {"value":"L1 230.4 V 0.0 A 0.00 kW | L2 230.3 V 0.0 A 0.00 kW | L3 231.1 V 0.0 A 0.00 kW"}
14:28:34 I y_notifications.cpp:168 Status change of text:200: {"value":"L1 230.1 V 0.0 A 0.00 kW | L2 230.4 V 0.0 A 0.00 kW | L3 231.3 V 0.0 A 0.00 kW"}
14:28:36 I y_notifications.cpp:168 Status change of text:200: {"value":"L1 230.2 V 0.0 A 0.00 kW | L2 230.8 V 0.0 A 0.00 kW | L3 231.1 V 0.0 A 0.00 kW"}
14:28:38 I shelly_script.cpp:204   script:1 5.9% CPU utilization
14:28:38 I y_notifications.cpp:168 Status change of text:200: {"value":"L1 230.1 V 0.0 A 0.00 kW | L2 230.7 V 0.0 A 0.00 kW | L3 230.7 V 0.0 A 0.00 kW"}
14:28:40 I y_notifications.cpp:168 Status change of text:200: {"value":"L1 230.3 V 0.0 A 0.00 kW | L2 230.2 V 0.0 A 0.00 kW | L3 230.8 V 0.0 A 0.00 kW"}
14:28:42 I y_notifications.cpp:168 Status change of text:200: {"value":"L1 229.5 V 0.0 A 0.00 kW | L2 230.5 V 0.0 A 0.00 kW | L3 231.5 V 0.0 A 0.00 kW"}
14:28:44 I y_notifications.cpp:168 Status change of text:200: {"value":"L1 230.2 V 0.0 A 0.00 kW | L2 230.5 V 0.0 A 0.00 kW | L3 231.4 V 0.0 A 0.00 kW"}
14:28:46 I y_notifications.cpp:168 Status change of text:200: {"value":"L1 230.1 V 0.0 A 0.00 kW | L2 230.8 V 0.0 A 0.00 kW | L3 230.9 V 0.0 A 0.00 kW"}
14:28:48 I y_notifications.cpp:168 Status change of text:200: {"value":"L1 229.6 V 0.0 A 0.00 kW | L2 230.3 V 0.0 A 0.00 kW | L3 230.7 V 0.0 A 0.00 kW"}
14:28:50 I shelly_script.cpp:204   script:1 5.9% CPU utilization
14:28:50 I y_notifications.cpp:168 Status change of text:200: {"value":"L1 230.3 V 0.0 A 0.00 kW | L2 230.7 V 0.0 A 0.00 kW | L3 230.6 V 0.0 A 0.00 kW"}
14:28:52 I y_notifications.cpp:168 Status change of text:200: {"value":"L1 230.2 V 0.0 A 0.00 kW | L2 230.5 V 0.0 A 0.00 kW | L3 231.1 V 0.0 A 0.00 kW"}
14:28:54 I y_notifications.cpp:168 Status change of text:200: {"value":"L1 229.6 V 0.0 A 0.00 kW | L2 230.7 V 0.0 A 0.00 kW | L3 230.6 V 0.0 A 0.00 kW"}
14:28:56 I y_notifications.cpp:168 Status change of text:200: {"value":"L1 230.4 V 0.0 A 0.00 kW | L2 230.9 V 0.0 A 0.00 kW | L3 230.8 V 0.0 A 0.00 kW"}
14:28:58 I y_notifications.cpp:168 Status change of text:200: {"value":"L1 229.5 V 0.0 A 0.00 kW | L2 230.3 V 0.0 A 0.00 kW | L3 230.5 V 0.0 A 0.00 kW"}
14:29:00 I y_notifications.cpp:168 Status change of text:200: {"value":"L1 230.1 V 0.0 A 0.00 kW | L2 230.6 V 0.0 A 0.00 kW | L3 231.3 V 0.0 A 0.00 kW"}
14:29:02 I shelly_script.cpp:204   script:1 5.9% CPU utilization
14:29:02 I y_notifications.cpp:168 Status change of text:200: {"value":"L1 229.9 V 0.0 A 0.00 kW | L2 230.4 V 0.0 A 0.00 kW | L3 231.3 V 0.0 A 0.00 kW"}
14:29:04 I y_notifications.cpp:168 Status change of text:200: {"value":"L1 230.4 V 0.0 A 0.00 kW | L2 230.6 V 0.0 A 0.00 kW | L3 231.0 V 0.0 A 0.00 kW"}
14:29:06 I y_notifications.cpp:168 Status change of text:200: {"value":"L1 229.9 V 0.0 A 0.00 kW | L2 230.2 V 0.0 A 0.00 kW | L3 231.5 V 0.0 A 0.00 kW"}
14:29:08 I y_notifications.cpp:168 Status change of text:200: {"value":"L1 230.2 V 0.0 A 0.00 kW | L2 230.9 V 0.0 A 0.00 kW | L3 231.0 V 0.0 A 0.00 kW"}
14:29:10 I y_notifications.cpp:168 Status change of text:200: {"value":"L1 229.9 V 0.0 A 0.00 kW | L2 230.0 V 0.0 A 0.00 kW | L3 231.3 V 0.0 A 0.00 kW"}
14:29:12 I shelly_script.cpp:204   script:1 5.9% CPU utilization
14:29:12 I y_notifications.cpp:168 Status change of text:200: {"value":"L1 229.7 V 0.0 A 0.00 kW | L2 230.9 V 0.0 A 0.00 kW | L3 230.7 V 0.0 A 0.00 kW"}
14:29:14 I y_notifications.cpp:168 Status change of text:200: {"value":"L1 230.1 V 0.0 A 0.00 kW | L2 230.0 V 0.0 A 0.00 kW | L3 230.5 V 0.0 A 0.00 kW"}
14:29:16 I y_notifications.cpp:168 Status change of text:200: {"value":"L1 229.5 V 0.0 A 0.00 kW | L2 230.8 V 0.0 A 0.00 kW | L3 231.3 V 0.0 A 0.00 kW"}
14:29:18 I y_notifications.cpp:168 Status change of text:200: {"value":"L1 230.3 V 0.0 A 0.00 kW | L2 230.1 V 0.0 A 0.00 kW | L3 231.3 V 0.0 A 0.00 kW"}
14:29:20 I y_notifications.cpp:168 Status change of text:200: {"value":"L1 230.2 V 0.0 A 0.00 kW | L2 230.3 V 0.0 A 0.00 kW | L3 231.1 V 0.0 A 0.00 kW"}
14:29:22 I y_notifications.cpp:168 Status change of text:200: {"value":"L1 229.9 V 0.0 A 0.00 kW | L2 230.1 V 0.0 A 0.00 kW | L3 231.3 V 0.0 A 0.00 kW"}
14:29:24 I shelly_script.cpp:204   script:1 5.9% CPU utilization
14:29:24 I y_notifications.cpp:168 Status change of text:200: {"value":"L1 229.7 V 0.0 A 0.00 kW | L2 230.5 V 0.0 A 0.00 kW | L3 231.3 V 0.0 A 0.00 kW"}
14:29:26 I y_notifications.cpp:168 Status change of text:200: {"value":"L1 229.6 V 0.0 A 0.00 kW | L2 230.0 V 0.0 A 0.00 kW | L3 230.9 V 0.0 A 0.00 kW"}
14:29:28 I y_notifications.cpp:168 Status change of text:200: {"value":"L1 229.6 V 0.0 A 0.00 kW | L2 230.8 V 0.0 A 0.00 kW | L3 230.7 V 0.0 A 0.00 kW"}
14:29:30 I y_notifications.cpp:168 Status change of text:200: {"value":"L1 229.9 V 0.0 A 0.00 kW | L2 230.3 V 0.0 A 0.00 kW | L3 231.4 V 0.0 A 0.00 kW"}
14:29:32 I y_notifications.cpp:168 Status change of text:200: {"value":"L1 230.2 V 0.0 A 0.00 kW | L2 230.9 V 0.0 A 0.00 kW | L3 231.3 V 0.0 A 0.00 kW"}
14:29:34 I y_notifications.cpp:168 Status change of text:200: {"value":"L1 230.5 V 0.0 A 0.00 kW | L2 230.1 V 0.0 A 0.00 kW | L3 231.2 V 0.0 A 0.00 kW"}
14:29:36 I shelly_script.cpp:204   script:1 5.9% CPU utilization
14:29:36 I y_notifications.cpp:168 Status change of text:200: {"value":"L1 230.3 V 0.0 A 0.00 kW | L2 230.5 V 0.0 A 0.00 kW | L3 231.1 V 0.0 A 0.00 kW"}
14:29:38 I y_notifications.cpp:168 Status change of text:200: {"value":"L1 230.2 V 0.0 A 0.00 kW | L2 230.9 V 0.0 A 0.00 kW | L3 230.6 V 0.0 A 0.00 kW"}
14:29:40 I y_notifications.cpp:168 Status change of text:200: {"value":"L1 230.3 V 0.0 A 0.00 kW | L2 230.5 V 0.0 A 0.00 kW | L3 231.5 V 0.0 A 0.00 kW"}
14:29:42 I y_notifications.cpp:168 Status change of text:200: {"value":"L1 230.0 V 0.0 A 0.00 kW | L2 230.5 V 0.0 A 0.00 kW | L3 231.2 V 0.0 A 0.00 kW"}
14:29:44 I y_notifications.cpp:168 Status change of text:200: {"value":"L1 230.4 V 0.0 A 0.00 kW | L2 230.4 V 0.0 A 0.00 kW | L3 231.5 V 0.0 A 0.00 kW"}
14:29:46 I shelly_script.cpp:204   script:1 5.9% CPU utilization
14:29:46 I y_notifications.cpp:168 Status change of text:200: {"value":"L1 229.7 V 0.0 A 0.00 kW | L2 230.7 V 0.0 A 0.00 kW | L3 230.9 V 0.0 A 0.00 kW"}
14:29:48 I y_notifications.cpp:168 Status change of text:200: {"value":"L1 230.4 V 0.0 A 0.00 kW | L2 230.1 V 0.0 A 0.00 kW | L3 230.6 V 0.0 A 0.00 kW"}
14:29:50 I y_notifications.cpp:168 Status change of text:200: {"value":"L1 229.8 V 0.0 A 0.00 kW | L2 230.5 V 0.0 A 0.00 kW | L3 230.9 V 0.0 A 0.00 kW"}
14:29:52 I y_notifications.cpp:168 Status change of text:200: {"value":"L1 230.3 V 0.0 A 0.00 kW | L2 230.5 V 0.0 A 0.00 kW | L3 230.6 V 0.0 A 0.00 kW"}
14:29:54 I y_notifications.cpp:168 Status change of text:200: {"value":"L1 230.4 V 0.0 A 0.00 kW | L2 230.2 V 0.0 A 0.00 kW | L3 230.9 V 0.0 A 0.00 kW"}
14:29:56 I y_notifications.cpp:168 Status change of text:200: {"value":"L1 229.9 V 0.0 A 0.00 kW | L2 230.2 V 0.0 A 0.00 kW | L3 230.9 V 0.0 A 0.00 kW"}
14:29:58 I shelly_script.cpp:204   script:1 5.8% CPU utilization
14:29:58 I y_notifications.cpp:168 Status change of text:200: {"value":"L1 230.4 V 0.0 A 0.00 kW | L2 230.5 V 0.0 A 0.00 kW | L3 231.1 V 0.0 A 0.00 kW"}
14:30:00 I y_notifications.cpp:168 Status change of text:200: {"value":"L1 229.6 V 0.0 A 0.00 kW | L2 230.3 V 0.0 A 0.00 kW | L3 231.4 V 0.0 A 0.00 kW"}
14:30:02 I y_notifications.cpp:168 Status change of text:200: {"value":"L1 230.4 V 0.0 A 0.00 kW | L2 230.3 V 0.0 A 0.00 kW | L3 230.6 V 0.0 A 0.00 kW"}
14:30:04 I y_notifications.cpp:168 Status change of text:200: {"value":"L1 230.4 V 0.0 A 0.00 kW | L2 230.1 V 0.0 A 0.00 kW | L3 231.4 V 0.0 A 0.00 kW"}
14:30:06 I y_notifications.cpp:168 Status change of text:200: {"value":"L1 229.7 V 0.0 A 0.00 kW | L2 230.3 V 0.0 A 0.00 kW | L3 231.3 V 0.0 A 0.00 kW"}
14:30:08 I shelly_script.cpp:204   script:1 5.9% CPU utilization
14:30:08 I y_notifications.cpp:168 Status change of text:200: {"value":"L1 229.5 V 0.0 A 0.00 kW | L2 230.5 V 0.0 A 0.00 kW | L3 230.5 V 0.0 A 0.00 kW"}
14:30:10 I y_notifications.cpp:168 Status change of text:200: {"value":"L1 229.7 V 0.0 A 0.00 kW | L2 230.6 V 0.0 A 0.00 kW | L3 230.8 V 0.0 A 0.00 kW"}
14:30:12 I y_notifications.cpp:168 Status change of text:200: {"value":"L1 230.5 V 0.0 A 0.00 kW | L2 230.9 V 0.0 A 0.00 kW | L3 231.1 V 0.0 A 0.00 kW"}
14:30:14 I y_notifications.cpp:168 Status change of text:200: {"value":"L1 230.2 V 0.0 A 0.00 kW | L2 230.9 V 0.0 A 0.00 kW | L3 231.4 V 0.0 A 0.00 kW"}
14:30:16 I y_notifications.cpp:168 Status change of text:200: {"value":"L1 230.2 V 0.0 A 0.00 kW | L2 230.4 V 0.0 A 0.00 kW | L3 231.4 V 0.0 A 0.00 kW"}
14:30:18 I y_notifications.cpp:168 Status change of text:200: {"value":"L1 229.9 V 0.0 A 0.00 kW | L2 230.3 V 0.0 A 0.00 kW | L3 231.4 V 0.0 A 0.00 kW"}
14:30:20 I shelly_script.cpp:204   script:1 5.9% CPU utilization
14:30:20 I y_notifications.cpp:168 Status change of text:200: {"value":"L1 229.9 V 0.0 A 0.00 kW | L2 230.5 V 0.0 A 0.00 kW | L3 231.4 V 0.0 A 0.00 kW"}
14:30:22 I y_notifications.cpp:168 Status change of text:200: {"value":"L1 230.1 V 0.0 A 0.00 kW | L2 230.1 V 0.0 A 0.00 kW | L3 230.7 V 0.0 A 0.00 kW"}
14:30:24 I y_notifications.cpp:168 Status change of text:200: {"value":"L1 230.5 V 0.0 A 0.00 kW | L2 230.7 V 0.0 A 0.00 kW | L3 230.6 V 0.0 A 0.00 kW"}
14:30:26 I y_notifications.cpp:168 Status change of text:200: {"value":"L1 229.6 V 0.0 A 0.00 kW | L2 230.7 V 0.0 A 0.00 kW | L3 231.4 V 0.0 A 0.00 kW"}
14:30:28 I y_notifications.cpp:168 Status change of text:200: {"value":"L1 229.7 V 0.0 A 0.00 kW | L2 230.8 V 0.0 A 0.00 kW | L3 231.2 V 0.0 A 0.00 kW"}
14:30:30 I shelly_script.cpp:204   script:1 5.9% CPU utilization
14:30:30 I y_notifications.cpp:168 Status change of text:200: {"value":"L1 230.5 V 0.0 A 0.00 kW | L2 230.2 V 0.0 A 0.00 kW | L3 230.8 V 0.0 A 0.00 kW"}
14:30:32 I y_notifications.cpp:168 Status change of text:200: {"value":"L1 230.2 V 0.0 A 0.00 kW | L2 230.3 V 0.0 A 0.00 kW | L3 231.4 V 0.0 A 0.00 kW"}
14:30:34 I y_notifications.cpp:168 Status change of text:200: {"value":"L1 230.0 V 0.0 A 0.00 kW | L2 230.8 V 0.0 A 0.00 kW | L3 230.9 V 0.0 A 0.00 kW"}
14:30:38 I y_notifications.cpp:168 Status change of text:200: {"value":"L1 230.1 V 0.0 A 0.00 kW | L2 230.3 V 0.0 A 0.00 kW | L3 230.9 V 0.0 A 0.00 kW"}
14:30:40 I y_notifications.cpp:168 Status change of text:200: {"value":"L1 229.8 V 0.0 A 0.00 kW | L2 230.1 V 0.0 A 0.00 kW | L3 231.2 V 0.0 A 0.00 kW"}
14:30:42 I shelly_script.cpp:204   script:1 5.9% CPU utilization
14:30:42 I y_notifications.cpp:168 Status change of text:200: {"value":"L1 230.2 V 0.0 A 0.00 kW | L2 230.7 V 0.0 A 0.00 kW | L3 230.9 V 0.0 A 0.00 kW"}
14:30:44 I y_notifications.cpp:168 Status change of text:200: {"value":"L1 230.4 V 0.0 A 0.00 kW | L2 230.7 V 0.0 A 0.00 kW | L3 230.9 V 0.0 A 0.00 kW"}
14:30:46 I y_notifications.cpp:168 Status change of text:200: {"value":"L1 229.9 V 0.0 A 0.00 kW | L2 230.2 V 0.0 A 0.00 kW | L3 230.8 V 0.0 A 0.00 kW"}
14:30:48 I y_notifications.cpp:168 Status change of text:200: {"value":"L1 229.6 V 0.0 A 0.00 kW | L2 230.7 V 0.0 A 0.00 kW | L3 230.9 V 0.0 A 0.00 kW"}
14:30:50 I y_notifications.cpp:168 Status change of text:200: {"value":"L1 230.5 V 0.0 A 0.00 kW | L2 230.9 V 0.0 A 0.00 kW | L3 231.3 V 0.0 A 0.00 kW"}
14:30:52 I shelly_script.cpp:204   script:1 5.9% CPU utilization
14:30:52 I y_notifications.cpp:168 Status change of text:200: {"value":"L1 230.3 V 0.0 A 0.00 kW | L2 230.8 V 0.0 A 0.00 kW | L3 230.9 V 0.0 A 0.00 kW"}
14:30:54 I y_notifications.cpp:168 Status change of text:200: {"value":"L1 229.5 V 0.0 A 0.00 kW | L2 230.1 V 0.0 A 0.00 kW | L3 230.7 V 0.0 A 0.00 kW"}
14:30:56 I y_notifications.cpp:168 Status change of text:200: {"value":"L1 230.3 V 0.0 A 0.00 kW | L2 230.3 V 0.0 A 0.00 kW | L3 230.8 V 0.0 A 0.00 kW"}
14:30:58 I y_notifications.cpp:168 Status change of text:200: {"value":"L1 230.5 V 0.0 A 0.00 kW | L2 230.6 V 0.0 A 0.00 kW | L3 231.1 V 0.0 A 0.00 kW"}
14:31:00 I y_notifications.cpp:168 Status change of text:200: {"value":"L1 230.1 V 0.0 A 0.00 kW | L2 230.5 V 0.0 A 0.00 kW | L3 231.4 V 0.0 A 0.00 kW"}
14:31:02 I y_notifications.cpp:168 Status change of text:200: {"value":"L1 229.8 V 0.0 A 0.00 kW | L2 230.2 V 0.0 A 0.00 kW | L3 230.7 V 0.0 A 0.00 kW"}
14:31:04 I shelly_script.cpp:204   script:1 5.9% CPU utilization
14:31:04 I y_notifications.cpp:168 Status change of text:200: {"value":"L1 229.8 V 0.0 A 0.00 kW | L2 230.7 V 0.0 A 0.00 kW | L3 231.4 V 0.0 A 0.00 kW"}
14:31:06 I y_notifications.cpp:168 Status change of text:200: {"value":"L1 230.5 V 0.0 A 0.00 kW | L2 230.1 V 0.0 A 0.00 kW | L3 230.6 V 0.0 A 0.00 kW"}
14:31:08 I y_notifications.cpp:168 Status change of text:200: {"value":"L1 230.2 V 0.0 A 0.00 kW | L2 230.7 V 0.0 A 0.00 kW | L3 231.2 V 0.0 A 0.00 kW"}
14:31:10 I y_notifications.cpp:168 Status change of text:200: {"value":"L1 229.5 V 0.0 A 0.00 kW | L2 230.8 V 0.0 A 0.00 kW | L3 231.3 V 0.0 A 0.00 kW"}
14:31:12 I y_notifications.cpp:168 Status change of text:200: {"value":"L1 229.6 V 0.0 A 0.00 kW | L2 230.1 V 0.0 A 0.00 kW | L3 230.5 V 0.0 A 0.00 kW"}
14:31:14 I y_notifications.cpp:168 Status change of text:200: {"value":"L1 230.1 V 0.0 A 0.00 kW | L2 230.1 V 0.0 A 0.00 kW | L3 230.8 V 0.0 A 0.00 kW"}
14:31:16 I shelly_script.cpp:204   script:1 5.9% CPU utilization
14:31:16 I y_notifications.cpp:168 Status change of text:200: {"value":"L1 230.5 V 0.0 A 0.00 kW | L2 230.3 V 0.0 A 0.00 kW | L3 231.4 V 0.0 A 0.00 kW"}
14:31:18 I y_notifications.cpp:168 Status change of text:200: {"value":"L1 229.6 V 0.0 A 0.00 kW | L2 230.7 V 0.0 A 0.00 kW | L3 231.1 V 0.0 A 0.00 kW"}
14:31:20 I y_notifications.cpp:168 Status change of text:200: {"value":"L1 229.6 V 0.0 A 0.00 kW | L2 230.4 V 0.0 A 0.00 kW | L3 230.7 V 0.0 A 0.00 kW"}
14:31:22 I y_notifications.cpp:168 Status change of text:200: {"value":"L1 230.3 V 0.0 A 0.00 kW | L2 230.5 V 0.0 A 0.00 kW | L3 231.3 V 0.0 A 0.00 kW"}
14:31:24 I y_notifications.cpp:168 Status change of text:200: {"value":"L1 230.3 V 0.0 A 0.00 kW | L2 230.5 V 0.0 A 0.00 kW | L3 231.1 V 0.0 A 0.00 kW"}
14:31:26 I y_notifications.cpp:168 Status change of text:200: {"value":"L1 230.0 V 0.0 A 0.00 kW | L2 230.5 V 0.0 A 0.00 kW | L3 231.4 V 0.0 A 0.00 kW"}
14:31:28 I shelly_script.cpp:204   script:1 5.9% CPU utilization
14:31:28 I y_notifications.cpp:168 Status change of text:200: {"value":"L1 229.9 V 0.0 A 0.00 kW | L2 230.6 V 0.0 A 0.00 kW | L3 231.4 V 0.0 A 0.00 kW"}
14:31:30 I y_notifications.cpp:168 Status change of text:200: {"value":"L1 229.7 V 0.0 A 0.00 kW | L2 230.2 V 0.0 A 0.00 kW | L3 231.4 V 0.0 A 0.00 kW"}
14:31:32 I y_notifications.cpp:168 Status change of text:200: {"value":"L1 230.4 V 0.0 A 0.00 kW | L2 230.8 V 0.0 A 0.00 kW | L3 231.5 V 0.0 A 0.00 kW"}
14:31:34 I y_notifications.cpp:168 Status change of text:200: {"value":"L1 230.3 V 0.0 A 0.00 kW | L2 230.3 V 0.0 A 0.00 kW | L3 230.9 V 0.0 A 0.00 kW"}
14:31:36 I y_notifications.cpp:168 Status change of text:200: {"value":"L1 230.5 V 0.0 A 0.00 kW | L2 230.4 V 0.0 A 0.00 kW | L3 231.3 V 0.0 A 0.00 kW"}
14:31:38 I y_notifications.cpp:168 Status change of text:200: {"value":"L1 230.2 V 0.0 A 0.00 kW | L2 230.9 V 0.0 A 0.00 kW | L3 231.3 V 0.0 A 0.00 kW"}
14:31:40 I shelly_script.cpp:204   script:1 5.9% CPU utilization
14:31:40 I y_notifications.cpp:168 Status change of text:200: {"value":"L1 229.6 V 0.0 A 0.00 kW | L2 230.4 V 0.0 A 0.00 kW | L3 231.4 V 0.0 A 0.00 kW"}
14:31:42 I y_notifications.cpp:168 Status change of text:200: {"value":"L1 229.6 V 0.0 A 0.00 kW | L2 230.5 V 0.0 A 0.00 kW | L3 230.5 V 0.0 A 0.00 kW"}
14:31:44 I y_notifications.cpp:168 Status change of text:200: {"value":"L1 229.5 V 0.0 A 0.00 kW | L2 230.8 V 0.0 A 0.00 kW | L3 230.8 V 0.0 A 0.00 kW"}
14:31:46 I y_notifications.cpp:168 Status change of text:200: {"value":"L1 230.4 V 0.0 A 0.00 kW | L2 230.9 V 0.0 A 0.00 kW | L3 231.1 V 0.0 A 0.00 kW"}
14:31:48 I y_notifications.cpp:168 Status change of text:200: {"value":"L1 229.7 V 0.0 A 0.00 kW | L2 230.2 V 0.0 A 0.00 kW | L3 231.4 V 0.0 A 0.00 kW"}
14:31:50 I shelly_script.cpp:204   script:1 5.9% CPU utilization
14:31:50 I y_notifications.cpp:168 Status change of text:200: {"value":"L1 229.5 V 0.0 A 0.00 kW | L2 230.4 V 0.0 A 0.00 kW | L3 230.9 V 0.0 A 0.00 kW"}
14:31:52 I y_notifications.cpp:168 Status change of text:200: {"value":"L1 229.5 V 0.0 A 0.00 kW | L2 230.8 V 0.0 A 0.00 kW | L3 230.7 V 0.0 A 0.00 kW"}
14:31:54 I y_notifications.cpp:168 Status change of text:200: {"value":"L1 229.9 V 0.0 A 0.00 kW | L2 230.3 V 0.0 A 0.00 kW | L3 231.4 V 0.0 A 0.00 kW"}
14:31:56 I y_notifications.cpp:168 Status change of text:200: {"value":"L1 229.9 V 0.0 A 0.00 kW | L2 230.7 V 0.0 A 0.00 kW | L3 231.0 V 0.0 A 0.00 kW"}
14:31:58 I y_notifications.cpp:168 Status change of text:200: {"value":"L1 229.7 V 0.0 A 0.00 kW | L2 230.9 V 0.0 A 0.00 kW | L3 230.7 V 0.0 A 0.00 kW"}
14:32:00 I y_notifications.cpp:168 Status change of text:200: {"value":"L1 230.3 V 0.0 A 0.00 kW | L2 230.8 V 0.0 A 0.00 kW | L3 231.0 V 0.0 A 0.00 kW"}
14:32:02 I shelly_script.cpp:204   script:1 5.9% CPU utilization
14:32:02 I y_notifications.cpp:168 Status change of text:200: {"value":"L1 230.1 V 0.0 A 0.00 kW | L2 230.8 V 0.0 A 0.00 kW | L3 230.9 V 0.0 A 0.00 kW"}
14:32:04 I y_notifications.cpp:168 Status change of text:200: {"value":"L1 230.1 V 0.0 A 0.00 kW | L2 230.2 V 0.0 A 0.00 kW | L3 231.3 V 0.0 A 0.00 kW"}
14:32:06 I y_notifications.cpp:168 Status change of text:200: {"value":"L1 229.6 V 0.0 A 0.00 kW | L2 230.1 V 0.0 A 0.00 kW | L3 230.6 V 0.0 A 0.00 kW"}
14:32:08 I y_notifications.cpp:168 Status change of text:200: {"value":"L1 229.9 V 0.0 A 0.00 kW | L2 230.4 V 0.0 A 0.00 kW | L3 230.6 V 0.0 A 0.00 kW"}
14:32:10 I y_notifications.cpp:168 Status change of text:200: {"value":"L1 230.0 V 0.0 A 0.00 kW | L2 230.6 V 0.0 A 0.00 kW | L3 230.6 V 0.0 A 0.00 kW"}
14:32:12 I shelly_script.cpp:204   script:1 5.9% CPU utilization
14:32:12 I y_notifications.cpp:168 Status change of text:200: {"value":"L1 230.3 V 0.0 A 0.00 kW | L2 230.9 V 0.0 A 0.00 kW | L3 230.9 V 0.0 A 0.00 kW"}
14:32:14 I y_notifications.cpp:168 Status change of text:200: {"value":"L1 229.5 V 0.0 A 0.00 kW | L2 230.2 V 0.0 A 0.00 kW | L3 230.7 V 0.0 A 0.00 kW"}
14:32:16 I y_notifications.cpp:168 Status change of text:200: {"value":"L1 229.5 V 0.0 A 0.00 kW | L2 230.2 V 0.0 A 0.00 kW | L3 230.8 V 0.0 A 0.00 kW"}
14:32:18 I y_notifications.cpp:168 Status change of text:200: {"value":"L1 229.7 V 0.0 A 0.00 kW | L2 230.4 V 0.0 A 0.00 kW | L3 230.7 V 0.0 A 0.00 kW"}
14:32:20 I y_notifications.cpp:168 Status change of text:200: {"value":"L1 229.7 V 0.0 A 0.00 kW | L2 230.7 V 0.0 A 0.00 kW | L3 231.5 V 0.0 A 0.00 kW"}
14:32:22 I y_notifications.cpp:168 Status change of text:200: {"value":"L1 230.4 V 0.0 A 0.00 kW | L2 230.7 V 0.0 A 0.00 kW | L3 230.7 V 0.0 A 0.00 kW"}
14:32:24 I shelly_script.cpp:204   script:1 5.9% CPU utilization
14:32:24 I y_notifications.cpp:168 Status change of text:200: {"value":"L1 229.7 V 0.0 A 0.00 kW | L2 230.2 V 0.0 A 0.00 kW | L3 230.9 V 0.0 A 0.00 kW"}
14:32:26 I y_notifications.cpp:168 Status change of text:200: {"value":"L1 229.5 V 0.0 A 0.00 kW | L2 230.7 V 0.0 A 0.00 kW | L3 230.8 V 0.0 A 0.00 kW"}
14:32:28 I y_notifications.cpp:168 Status change of text:200: {"value":"L1 230.1 V 0.0 A 0.00 kW | L2 230.0 V 0.0 A 0.00 kW | L3 230.6 V 0.0 A 0.00 kW"}
14:32:30 I y_notifications.cpp:168 Status change of text:200: {"value":"L1 229.8 V 0.0 A 0.00 kW | L2 230.2 V 0.0 A 0.00 kW | L3 230.7 V 0.0 A 0.00 kW"}
14:32:32 I y_notifications.cpp:168 Status change of text:200: {"value":"L1 229.9 V 0.0 A 0.00 kW | L2 230.9 V 0.0 A 0.00 kW | L3 231.0 V 0.0 A 0.00 kW"}
14:32:34 I shelly_script.cpp:204   script:1 5.9% CPU utilization
14:32:34 I y_notifications.cpp:168 Status change of text:200: {"value":"L1 229.7 V 0.0 A 0.00 kW | L2 230.8 V 0.0 A 0.00 kW | L3 231.2 V 0.0 A 0.00 kW"}
14:32:36 I y_notifications.cpp:168 Status change of text:200: {"value":"L1 229.5 V 0.0 A 0.00 kW | L2 230.0 V 0.0 A 0.00 kW | L3 231.5 V 0.0 A 0.00 kW"}
14:32:38 I y_notifications.cpp:168 Status change of text:200: {"value":"L1 229.5 V 0.0 A 0.00 kW | L2 230.8 V 0.0 A 0.00 kW | L3 230.9 V 0.0 A 0.00 kW"}
14:32:40 I y_notifications.cpp:168 Status change of text:200: {"value":"L1 230.4 V 0.0 A 0.00 kW | L2 230.1 V 0.0 A 0.00 kW | L3 231.4 V 0.0 A 0.00 kW"}
14:32:42 I y_notifications.cpp:168 Status change of text:200: {"value":"L1 230.2 V 0.0 A 0.00 kW | L2 230.8 V 0.0 A 0.00 kW | L3 231.1 V 0.0 A 0.00 kW"}
14:32:44 I shelly_script.cpp:204   script:1 5.9% CPU utilization
14:32:44 I y_notifications.cpp:168 Status change of text:200: {"value":"L1 230.4 V 0.0 A 0.00 kW | L2 230.3 V 0.0 A 0.00 kW | L3 230.8 V 0.0 A 0.00 kW"}
14:32:46 I y_notifications.cpp:168 Status change of text:200: {"value":"L1 230.2 V 0.0 A 0.00 kW | L2 230.2 V 0.0 A 0.00 kW | L3 231.4 V 0.0 A 0.00 kW"}
14:32:48 I y_notifications.cpp:168 Status change of text:200: {"value":"L1 230.1 V 0.0 A 0.00 kW | L2 230.5 V 0.0 A 0.00 kW | L3 231.1 V 0.0 A 0.00 kW"}
14:32:50 I y_notifications.cpp:168 Status change of text:200: {"value":"L1 230.2 V 0.0 A 0.00 kW | L2 230.2 V 0.0 A 0.00 kW | L3 230.8 V 0.0 A 0.00 kW"}
14:32:52 I y_notifications.cpp:168 Status change of text:200: {"value":"L1 229.5 V 0.0 A 0.00 kW | L2 230.1 V 0.0 A 0.00 kW | L3 231.5 V 0.0 A 0.00 kW"}
14:32:54 I shelly_script.cpp:204   script:1 5.9% CPU utilization
14:32:54 I y_notifications.cpp:168 Status change of text:200: {"value":"L1 230.2 V 0.0 A 0.00 kW | L2 230.4 V 0.0 A 0.00 kW | L3 230.6 V 0.0 A 0.00 kW"}
14:32:56 I y_notifications.cpp:168 Status change of text:200: {"value":"L1 229.7 V 0.0 A 0.00 kW | L2 230.3 V 0.0 A 0.00 kW | L3 231.1 V 0.0 A 0.00 kW"}
14:32:58 I y_notifications.cpp:168 Status change of text:200: {"value":"L1 230.4 V 0.0 A 0.00 kW | L2 230.2 V 0.0 A 0.00 kW | L3 231.1 V 0.0 A 0.00 kW"}
14:33:00 I y_notifications.cpp:168 Status change of text:200: {"value":"L1 229.9 V 0.0 A 0.00 kW | L2 230.7 V 0.0 A 0.00 kW | L3 231.1 V 0.0 A 0.00 kW"}
14:33:02 I y_notifications.cpp:168 Status change of text:200: {"value":"L1 229.7 V 0.0 A 0.00 kW | L2 230.5 V 0.0 A 0.00 kW | L3 231.3 V 0.0 A 0.00 kW"}
14:33:04 I y_notifications.cpp:168 Status change of text:200: {"value":"L1 229.8 V 0.0 A 0.00 kW | L2 230.9 V 0.0 A 0.00 kW | L3 230.7 V 0.0 A 0.00 kW"}
14:33:06 I shelly_script.cpp:204   script:1 5.9% CPU utilization
14:33:06 I y_notifications.cpp:168 Status change of text:200: {"value":"L1 229.7 V 0.0 A 0.00 kW | L2 230.4 V 0.0 A 0.00 kW | L3 230.6 V 0.0 A 0.00 kW"}
14:33:08 I y_notifications.cpp:168 Status change of text:200: {"value":"L1 230.4 V 0.0 A 0.00 kW | L2 230.8 V 0.0 A 0.00 kW | L3 230.8 V 0.0 A 0.00 kW"}
14:33:10 I y_notifications.cpp:168 Status change of text:200: {"value":"L1 229.8 V 0.0 A 0.00 kW | L2 230.7 V 0.0 A 0.00 kW | L3 230.8 V 0.0 A 0.00 kW"}
14:33:12 I y_notifications.cpp:168 Status change of text:200: {"value":"L1 229.8 V 0.0 A 0.00 kW | L2 230.8 V 0.0 A 0.00 kW | L3 230.7 V 0.0 A 0.00 kW"}
14:33:14 I y_notifications.cpp:168 Status change of text:200: {"value":"L1 230.1 V 0.0 A 0.00 kW | L2 230.2 V 0.0 A 0.00 kW | L3 231.1 V 0.0 A 0.00 kW"}
14:33:16 I shelly_script.cpp:204   script:1 5.9% CPU utilization
14:33:16 I y_notifications.cpp:168 Status change of text:200: {"value":"L1 229.7 V 0.0 A 0.00 kW | L2 230.4 V 0.0 A 0.00 kW | L3 231.2 V 0.0 A 0.00 kW"}
14:33:18 I y_notifications.cpp:168 Status change of text:200: {"value":"L1 229.8 V 0.0 A 0.00 kW | L2 230.9 V 0.0 A 0.00 kW | L3 231.1 V 0.0 A 0.00 kW"}
14:33:20 I y_notifications.cpp:168 Status change of text:200: {"value":"L1 230.0 V 0.0 A 0.00 kW | L2 230.0 V 0.0 A 0.00 kW | L3 231.2 V 0.0 A 0.00 kW"}
14:33:22 I y_notifications.cpp:168 Status change of text:200: {"value":"L1 230.1 V 0.0 A 0.00 kW | L2 230.5 V 0.0 A 0.00 kW | L3 230.5 V 0.0 A 0.00 kW"}
14:33:24 I y_notifications.cpp:168 Status change of text:200: {"value":"L1 229.8 V 0.0 A 0.00 kW | L2 230.1 V 0.0 A 0.00 kW | L3 231.5 V 0.0 A 0.00 kW"}
14:33:26 I y_notifications.cpp:168 Status change of text:200: {"value":"L1 230.4 V 0.0 A 0.00 kW | L2 230.0 V 0.0 A 0.00 kW | L3 231.1 V 0.0 A 0.00 kW"}
14:33:28 I shelly_script.cpp:204   script:1 5.9% CPU utilization
14:33:28 I y_notifications.cpp:168 Status change of text:200: {"value":"L1 230.1 V 0.0 A 0.00 kW | L2 230.5 V 0.0 A 0.00 kW | L3 230.7 V 0.0 A 0.00 kW"}
14:33:30 I y_notifications.cpp:168 Status change of text:200: {"value":"L1 229.7 V 0.0 A 0.00 kW | L2 230.8 V 0.0 A 0.00 kW | L3 231.0 V 0.0 A 0.00 kW"}
14:33:32 I y_notifications.cpp:168 Status change of text:200: {"value":"L1 229.7 V 0.0 A 0.00 kW | L2 230.2 V 0.0 A 0.00 kW | L3 231.2 V 0.0 A 0.00 kW"}
14:33:34 I y_notifications.cpp:168 Status change of text:200: {"value":"L1 230.1 V 0.0 A 0.00 kW | L2 230.3 V 0.0 A 0.00 kW | L3 231.4 V 0.0 A 0.00 kW"}
14:33:36 I y_notifications.cpp:168 Status change of text:200: {"value":"L1 229.7 V 0.0 A 0.00 kW | L2 230.9 V 0.0 A 0.00 kW | L3 230.5 V 0.0 A 0.00 kW"}
14:33:38 I shelly_script.cpp:204   script:1 5.9% CPU utilization
14:33:38 I y_notifications.cpp:168 Status change of text:200: {"value":"L1 230.3 V 0.0 A 0.00 kW | L2 230.2 V 0.0 A 0.00 kW | L3 231.5 V 0.0 A 0.00 kW"}
14:33:40 I y_notifications.cpp:168 Status change of text:200: {"value":"L1 230.5 V 0.0 A 0.00 kW | L2 230.3 V 0.0 A 0.00 kW | L3 230.7 V 0.0 A 0.00 kW"}
14:33:42 I y_notifications.cpp:168 Status change of text:200: {"value":"L1 230.3 V 0.0 A 0.00 kW | L2 230.6 V 0.0 A 0.00 kW | L3 230.9 V 0.0 A 0.00 kW"}
14:33:44 I y_notifications.cpp:168 Status change of text:200: {"value":"L1 230.5 V 0.0 A 0.00 kW | L2 230.3 V 0.0 A 0.00 kW | L3 231.1 V 0.0 A 0.00 kW"}
14:33:46 I y_notifications.cpp:168 Status change of text:200: {"value":"L1 230.4 V 0.0 A 0.00 kW | L2 230.4 V 0.0 A 0.00 kW | L3 230.6 V 0.0 A 0.00 kW"}
14:33:48 I y_notifications.cpp:168 Status change of text:200: {"value":"L1 230.4 V 0.0 A 0.00 kW | L2 230.5 V 0.0 A 0.00 kW | L3 231.2 V 0.0 A 0.00 kW"}
14:33:50 I shelly_script.cpp:204   script:1 5.9% CPU utilization
14:33:50 I y_notifications.cpp:168 Status change of text:200: {"value":"L1 230.2 V 0.0 A 0.00 kW | L2 230.4 V 0.0 A 0.00 kW | L3 230.8 V 0.0 A 0.00 kW"}
14:33:52 I y_notifications.cpp:168 Status change of text:200: {"value":"L1 230.0 V 0.0 A 0.00 kW | L2 230.6 V 0.0 A 0.00 kW | L3 231.3 V 0.0 A 0.00 kW"}
14:33:54 I y_notifications.cpp:168 Status change of text:200: {"value":"L1 229.6 V 0.0 A 0.00 kW | L2 230.3 V 0.0 A 0.00 kW | L3 230.9 V 0.0 A 0.00 kW"}
14:33:56 I y_notifications.cpp:168 Status change of text:200: {"value":"L1 230.5 V 0.0 A 0.00 kW | L2 230.9 V 0.0 A 0.00 kW | L3 230.9 V 0.0 A 0.00 kW"}
14:33:58 I y_notifications.cpp:168 Status change of text:200: {"value":"L1 230.3 V 0.0 A 0.00 kW | L2 230.3 V 0.0 A 0.00 kW | L3 231.3 V 0.0 A 0.00 kW"}
14:34:00 I shelly_script.cpp:204   script:1 5.9% CPU utilization
14:34:00 I y_notifications.cpp:168 Status change of text:200: {"value":"L1 229.9 V 0.0 A 0.00 kW | L2 230.9 V 0.0 A 0.00 kW | L3 230.8 V 0.0 A 0.00 kW"}
14:34:02 I y_notifications.cpp:168 Status change of text:200: {"value":"L1 230.0 V 0.0 A 0.00 kW | L2 230.1 V 0.0 A 0.00 kW | L3 231.3 V 0.0 A 0.00 kW"}
14:34:04 I y_notifications.cpp:168 Status change of text:200: {"value":"L1 229.6 V 0.0 A 0.00 kW | L2 230.2 V 0.0 A 0.00 kW | L3 231.4 V 0.0 A 0.00 kW"}
14:34:06 I y_notifications.cpp:168 Status change of text:200: {"value":"L1 229.6 V 0.0 A 0.00 kW | L2 230.8 V 0.0 A 0.00 kW | L3 230.8 V 0.0 A 0.00 kW"}
14:34:08 I y_notifications.cpp:168 Status change of text:200: {"value":"L1 230.5 V 0.0 A 0.00 kW | L2 230.7 V 0.0 A 0.00 kW | L3 231.2 V 0.0 A 0.00 kW"}
14:34:10 I shelly_script.cpp:204   script:1 5.9% CPU utilization
14:34:10 I y_notifications.cpp:168 Status change of text:200: {"value":"L1 229.8 V 0.0 A 0.00 kW | L2 230.9 V 0.0 A 0.00 kW | L3 231.3 V 0.0 A 0.00 kW"}
14:34:12 I y_notifications.cpp:168 Status change of text:200: {"value":"L1 229.7 V 0.0 A 0.00 kW | L2 230.7 V 0.0 A 0.00 kW | L3 230.7 V 0.0 A 0.00 kW"}
14:34:14 I y_notifications.cpp:168 Status change of text:200: {"value":"L1 230.4 V 0.0 A 0.00 kW | L2 230.5 V 0.0 A 0.00 kW | L3 231.1 V 0.0 A 0.00 kW"}
14:34:16 I y_notifications.cpp:168 Status change of text:200: {"value":"L1 230.3 V 0.0 A 0.00 kW | L2 230.9 V 0.0 A 0.00 kW | L3 230.9 V 0.0 A 0.00 kW"}
14:34:18 I y_notifications.cpp:168 Status change of text:200: {"value":"L1 230.2 V 0.0 A 0.00 kW | L2 230.6 V 0.0 A 0.00 kW | L3 231.3 V 0.0 A 0.00 kW"}
14:34:20 I y_notifications.cpp:168 Status change of text:200: {"value":"L1 230.4 V 0.0 A 0.00 kW | L2 230.1 V 0.0 A 0.00 kW | L3 230.6 V 0.0 A 0.00 kW"}
14:34:22 I shelly_script.cpp:204   script:1 5.8% CPU utilization
14:34:22 I y_notifications.cpp:168 Status change of text:200: {"value":"L1 229.9 V 0.0 A 0.00 kW | L2 230.9 V 0.0 A 0.00 kW | L3 230.8 V 0.0 A 0.00 kW"}
14:34:24 I y_notifications.cpp:168 Status change of text:200: {"value":"L1 230.2 V 0.0 A 0.00 kW | L2 230.6 V 0.0 A 0.00 kW | L3 231.3 V 0.0 A 0.00 kW"}
14:34:26 I y_notifications.cpp:168 Status change of text:200: {"value":"L1 229.9 V 0.0 A 0.00 kW | L2 230.2 V 0.0 A 0.00 kW | L3 230.9 V 0.0 A 0.00 kW"}
14:34:28 I y_notifications.cpp:168 Status change of text:200: {"value":"L1 230.2 V 0.0 A 0.00 kW | L2 230.2 V 0.0 A 0.00 kW | L3 230.6 V 0.0 A 0.00 kW"}
14:34:30 I y_notifications.cpp:168 Status change of text:200: {"value":"L1 229.6 V 0.0 A 0.00 kW | L2 230.9 V 0.0 A 0.00 kW | L3 231.4 V 0.0 A 0.00 kW"}
14:34:32 I y_notifications.cpp:168 Status change of text:200: {"value":"L1 229.7 V 0.0 A 0.00 kW | L2 230.4 V 0.0 A 0.00 kW | L3 230.6 V 0.0 A 0.00 kW"}
14:34:34 I shelly_script.cpp:204   script:1 5.9% CPU utilization
14:34:34 I y_notifications.cpp:168 Status change of text:200: {"value":"L1 229.6 V 0.0 A 0.00 kW | L2 230.5 V 0.0 A 0.00 kW | L3 230.6 V 0.0 A 0.00 kW"}
14:34:36 I y_notifications.cpp:168 Status change of text:200: {"value":"L1 230.5 V 0.0 A 0.00 kW | L2 230.6 V 0.0 A 0.00 kW | L3 230.8 V 0.0 A 0.00 kW"}
14:34:38 I y_notifications.cpp:168 Status change of text:200: {"value":"L1 229.5 V 0.0 A 0.00 kW | L2 230.9 V 0.0 A 0.00 kW | L3 231.2 V 0.0 A 0.00 kW"}
14:34:40 I y_notifications.cpp:168 Status change of text:200: {"value":"L1 230.4 V 0.0 A 0.00 kW | L2 230.5 V 0.0 A 0.00 kW | L3 231.2 V 0.0 A 0.00 kW"}
14:34:42 I y_notifications.cpp:168 Status change of text:200: {"value":"L1 230.4 V 0.0 A 0.00 kW | L2 230.6 V 0.0 A 0.00 kW | L3 230.9 V 0.0 A 0.00 kW"}
14:34:44 I shelly_script.cpp:204   script:1 5.9% CPU utilization
14:34:44 I y_notifications.cpp:168 Status change of text:200: {"value":"L1 230.2 V 0.0 A 0.00 kW | L2 230.9 V 0.0 A 0.00 kW | L3 230.9 V 0.0 A 0.00 kW"}
14:34:46 I y_notifications.cpp:168 Status change of text:200: {"value":"L1 229.6 V 0.0 A 0.00 kW | L2 230.9 V 0.0 A 0.00 kW | L3 230.7 V 0.0 A 0.00 kW"}
14:34:48 I y_notifications.cpp:168 Status change of text:200: {"value":"L1 230.3 V 0.0 A 0.00 kW | L2 230.9 V 0.0 A 0.00 kW | L3 231.3 V 0.0 A 0.00 kW"}
14:34:50 I y_notifications.cpp:168 Status change of text:200: {"value":"L1 230.5 V 0.0 A 0.00 kW | L2 230.9 V 0.0 A 0.00 kW | L3 230.9 V 0.0 A 0.00 kW"}
14:34:52 I y_notifications.cpp:168 Status change of text:200: {"value":"L1 229.7 V 0.0 A 0.00 kW | L2 230.7 V 0.0 A 0.00 kW | L3 231.2 V 0.0 A 0.00 kW"}
14:34:54 I shelly_script.cpp:204   script:1 5.9% CPU utilization
14:34:54 I y_notifications.cpp:168 Status change of text:200: {"value":"L1 229.7 V 0.0 A 0.00 kW | L2 230.4 V 0.0 A 0.00 kW | L3 230.5 V 0.0 A 0.00 kW"}
14:34:56 I y_notifications.cpp:168 Status change of text:200: {"value":"L1 230.1 V 0.0 A 0.00 kW | L2 230.8 V 0.0 A 0.00 kW | L3 231.2 V 0.0 A 0.00 kW"}
14:34:58 I y_notifications.cpp:168 Status change of text:200: {"value":"L1 229.7 V 0.0 A 0.00 kW | L2 230.7 V 0.0 A 0.00 kW | L3 231.2 V 0.0 A 0.00 kW"}
14:35:00 I y_notifications.cpp:168 Status change of text:200: {"value":"L1 230.0 V 0.0 A 0.00 kW | L2 230.9 V 0.0 A 0.00 kW | L3 231.4 V 0.0 A 0.00 kW"}
14:35:02 I y_notifications.cpp:168 Status change of text:200: {"value":"L1 229.9 V 0.0 A 0.00 kW | L2 230.4 V 0.0 A 0.00 kW | L3 231.1 V 0.0 A 0.00 kW"}
14:35:04 I y_notifications.cpp:168 Status change of text:200: {"value":"L1 229.9 V 0.0 A 0.00 kW | L2 230.9 V 0.0 A 0.00 kW | L3 230.6 V 0.0 A 0.00 kW"}
14:35:06 I shelly_script.cpp:204   script:1 5.8% CPU utilization
14:35:06 I y_notifications.cpp:168 Status change of text:200: {"value":"L1 230.3 V 0.0 A 0.00 kW | L2 230.7 V 0.0 A 0.00 kW | L3 230.6 V 0.0 A 0.00 kW"}
14:35:08 I y_notifications.cpp:168 Status change of text:200: {"value":"L1 229.6 V 0.0 A 0.00 kW | L2 230.8 V 0.0 A 0.00 kW | L3 230.7 V 0.0 A 0.00 kW"}
14:35:10 I y_notifications.cpp:168 Status change of text:200: {"value":"L1 230.4 V 0.0 A 0.00 kW | L2 230.2 V 0.0 A 0.00 kW | L3 230.6 V 0.0 A 0.00 kW"}
14:35:12 I y_notifications.cpp:168 Status change of text:200: {"value":"L1 230.0 V 0.0 A 0.00 kW | L2 230.0 V 0.0 A 0.00 kW | L3 230.9 V 0.0 A 0.00 kW"}
14:35:14 I y_notifications.cpp:168 Status change of text:200: {"value":"L1 230.5 V 0.0 A 0.00 kW | L2 230.8 V 0.0 A 0.00 kW | L3 231.4 V 0.0 A 0.00 kW"}
14:35:16 I shelly_script.cpp:204   script:1 5.9% CPU utilization
14:35:16 I y_notifications.cpp:168 Status change of text:200: {"value":"L1 229.6 V 0.0 A 0.00 kW | L2 230.1 V 0.0 A 0.00 kW | L3 231.2 V 0.0 A 0.00 kW"}
14:35:18 I y_notifications.cpp:168 Status change of text:200: {"value":"L1 229.6 V 0.0 A 0.00 kW | L2 230.1 V 0.0 A 0.00 kW | L3 231.0 V 0.0 A 0.00 kW"}
14:35:20 I y_notifications.cpp:168 Status change of text:200: {"value":"L1 229.6 V 0.0 A 0.00 kW | L2 230.9 V 0.0 A 0.00 kW | L3 231.4 V 0.0 A 0.00 kW"}
14:35:22 I y_notifications.cpp:168 Status change of text:200: {"value":"L1 229.9 V 0.0 A 0.00 kW | L2 230.5 V 0.0 A 0.00 kW | L3 231.3 V 0.0 A 0.00 kW"}
14:35:24 I y_notifications.cpp:168 Status change of text:200: {"value":"L1 230.4 V 0.0 A 0.00 kW | L2 230.3 V 0.0 A 0.00 kW | L3 230.5 V 0.0 A 0.00 kW"}
14:35:26 I y_notifications.cpp:168 Status change of text:200: {"value":"L1 230.1 V 0.0 A 0.00 kW | L2 230.5 V 0.0 A 0.00 kW | L3 230.9 V 0.0 A 0.00 kW"}
14:35:28 I shelly_script.cpp:204   script:1 5.9% CPU utilization
14:35:28 I y_notifications.cpp:168 Status change of text:200: {"value":"L1 229.7 V 0.0 A 0.00 kW | L2 230.8 V 0.0 A 0.00 kW | L3 231.3 V 0.0 A 0.00 kW"}
14:35:30 I y_notifications.cpp:168 Status change of text:200: {"value":"L1 230.1 V 0.0 A 0.00 kW | L2 230.3 V 0.0 A 0.00 kW | L3 231.4 V 0.0 A 0.00 kW"}
14:35:32 I y_notifications.cpp:168 Status change of text:200: {"value":"L1 229.9 V 0.0 A 0.00 kW | L2 230.4 V 0.0 A 0.00 kW | L3 230.7 V 0.0 A 0.00 kW"}
14:35:34 I y_notifications.cpp:168 Status change of text:200: {"value":"L1 229.7 V 0.0 A 0.00 kW | L2 230.1 V 0.0 A 0.00 kW | L3 230.9 V 0.0 A 0.00 kW"}
14:35:36 I y_notifications.cpp:168 Status change of text:200: {"value":"L1 230.4 V 0.0 A 0.00 kW | L2 230.4 V 0.0 A 0.00 kW | L3 231.1 V 0.0 A 0.00 kW"}
14:35:38 I y_notifications.cpp:168 Status change of text:200: {"value":"L1 229.6 V 0.0 A 0.00 kW | L2 230.5 V 0.0 A 0.00 kW | L3 230.7 V 0.0 A 0.00 kW"}
14:35:40 I shelly_script.cpp:204   script:1 5.9% CPU utilization
14:35:40 I y_notifications.cpp:168 Status change of text:200: {"value":"L1 229.7 V 0.0 A 0.00 kW | L2 230.4 V 0.0 A 0.00 kW | L3 231.3 V 0.0 A 0.00 kW"}
14:35:42 I y_notifications.cpp:168 Status change of text:200: {"value":"L1 229.7 V 0.0 A 0.00 kW | L2 230.1 V 0.0 A 0.00 kW | L3 230.9 V 0.0 A 0.00 kW"}
14:35:44 I y_notifications.cpp:168 Status change of text:200: {"value":"L1 230.1 V 0.0 A 0.00 kW | L2 230.6 V 0.0 A 0.00 kW | L3 231.1 V 0.0 A 0.00 kW"}
14:35:46 I y_notifications.cpp:168 Status change of text:200: {"value":"L1 229.9 V 0.0 A 0.00 kW | L2 230.8 V 0.0 A 0.00 kW | L3 230.9 V 0.0 A 0.00 kW"}
14:35:48 I y_notifications.cpp:168 Status change of text:200: {"value":"L1 230.4 V 0.0 A 0.00 kW | L2 230.0 V 0.0 A 0.00 kW | L3 231.3 V 0.0 A 0.00 kW"}
14:35:50 I shelly_script.cpp:204   script:1 5.9% CPU utilization
14:35:50 I y_notifications.cpp:168 Status change of text:200: {"value":"L1 229.8 V 0.0 A 0.00 kW | L2 230.7 V 0.0 A 0.00 kW | L3 230.5 V 0.0 A 0.00 kW"}
14:35:52 I y_notifications.cpp:168 Status change of text:200: {"value":"L1 230.1 V 0.0 A 0.00 kW | L2 230.5 V 0.0 A 0.00 kW | L3 231.3 V 0.0 A 0.00 kW"}
14:35:54 I y_notifications.cpp:168 Status change of text:200: {"value":"L1 230.5 V 0.0 A 0.00 kW | L2 230.9 V 0.0 A 0.00 kW | L3 231.0 V 0.0 A 0.00 kW"}
14:35:56 I y_notifications.cpp:168 Status change of text:200: {"value":"L1 230.0 V 0.0 A 0.00 kW | L2 230.0 V 0.0 A 0.00 kW | L3 231.0 V 0.0 A 0.00 kW"}
14:35:58 I y_notifications.cpp:168 Status change of text:200: {"value":"L1 229.7 V 0.0 A 0.00 kW | L2 230.1 V 0.0 A 0.00 kW | L3 231.3 V 0.0 A 0.00 kW"}
14:36:00 I shelly_script.cpp:204   script:1 5.9% CPU utilization
14:36:00 I y_notifications.cpp:168 Status change of text:200: {"value":"L1 229.7 V 0.0 A 0.00 kW | L2 230.9 V 0.0 A 0.00 kW | L3 231.2 V 0.0 A 0.00 kW"}
14:36:02 I y_notifications.cpp:168 Status change of text:200: {"value":"L1 230.1 V 0.0 A 0.00 kW | L2 230.4 V 0.0 A 0.00 kW | L3 230.5 V 0.0 A 0.00 kW"}
14:36:04 I y_notifications.cpp:168 Status change of text:200: {"value":"L1 230.3 V 0.0 A 0.00 kW | L2 230.3 V 0.0 A 0.00 kW | L3 230.5 V 0.0 A 0.00 kW"}
14:36:06 I y_notifications.cpp:168 Status change of text:200: {"value":"L1 229.7 V 0.0 A 0.00 kW | L2 230.1 V 0.0 A 0.00 kW | L3 231.0 V 0.0 A 0.00 kW"}
14:36:08 I y_notifications.cpp:168 Status change of text:200: {"value":"L1 230.4 V 0.0 A 0.00 kW | L2 230.1 V 0.0 A 0.00 kW | L3 230.9 V 0.0 A 0.00 kW"}
14:36:10 I shelly_script.cpp:204   script:1 5.9% CPU utilization
14:36:10 I y_notifications.cpp:168 Status change of text:200: {"value":"L1 230.4 V 0.0 A 0.00 kW | L2 230.8 V 0.0 A 0.00 kW | L3 230.9 V 0.0 A 0.00 kW"}
14:36:12 I y_notifications.cpp:168 Status change of text:200: {"value":"L1 230.1 V 0.0 A 0.00 kW | L2 230.7 V 0.0 A 0.00 kW | L3 231.2 V 0.0 A 0.00 kW"}
14:36:14 I y_notifications.cpp:168 Status change of text:200: {"value":"L1 229.6 V 0.0 A 0.00 kW | L2 230.0 V 0.0 A 0.00 kW | L3 230.7 V 0.0 A 0.00 kW"}
14:36:16 I y_notifications.cpp:168 Status change of text:200: {"value":"L1 230.2 V 0.0 A 0.00 kW | L2 230.0 V 0.0 A 0.00 kW | L3 230.7 V 0.0 A 0.00 kW"}
14:36:18 I y_notifications.cpp:168 Status change of text:200: {"value":"L1 229.5 V 0.0 A 0.00 kW | L2 230.1 V 0.0 A 0.00 kW | L3 231.4 V 0.0 A 0.00 kW"}
14:36:20 I y_notifications.cpp:168 Status change of text:200: {"value":"L1 229.8 V 0.0 A 0.00 kW | L2 230.3 V 0.0 A 0.00 kW | L3 231.1 V 0.0 A 0.00 kW"}
14:36:22 I shelly_script.cpp:204   script:1 5.9% CPU utilization
14:36:22 I y_notifications.cpp:168 Status change of text:200: {"value":"L1 229.5 V 0.0 A 0.00 kW | L2 230.5 V 0.0 A 0.00 kW | L3 231.3 V 0.0 A 0.00 kW"}
14:36:24 I y_notifications.cpp:168 Status change of text:200: {"value":"L1 229.7 V 0.0 A 0.00 kW | L2 230.3 V 0.0 A 0.00 kW | L3 230.7 V 0.0 A 0.00 kW"}
14:36:26 I y_notifications.cpp:168 Status change of text:200: {"value":"L1 230.4 V 0.0 A 0.00 kW | L2 230.6 V 0.0 A 0.00 kW | L3 230.5 V 0.0 A 0.00 kW"}
14:36:28 I y_notifications.cpp:168 Status change of text:200: {"value":"L1 229.7 V 0.0 A 0.00 kW | L2 230.0 V 0.0 A 0.00 kW | L3 231.4 V 0.0 A 0.00 kW"}
14:36:30 I y_notifications.cpp:168 Status change of text:200: {"value":"L1 229.6 V 0.0 A 0.00 kW | L2 230.2 V 0.0 A 0.00 kW | L3 231.1 V 0.0 A 0.00 kW"}
14:36:32 I shelly_script.cpp:204   script:1 5.9% CPU utilization
14:36:32 I y_notifications.cpp:168 Status change of text:200: {"value":"L1 230.4 V 0.0 A 0.00 kW | L2 230.9 V 0.0 A 0.00 kW | L3 231.4 V 0.0 A 0.00 kW"}
14:36:34 I y_notifications.cpp:168 Status change of text:200: {"value":"L1 229.9 V 0.0 A 0.00 kW | L2 230.6 V 0.0 A 0.00 kW | L3 231.2 V 0.0 A 0.00 kW"}
14:36:36 I y_notifications.cpp:168 Status change of text:200: {"value":"L1 230.5 V 0.0 A 0.00 kW | L2 230.9 V 0.0 A 0.00 kW | L3 231.5 V 0.0 A 0.00 kW"}
14:36:38 I y_notifications.cpp:168 Status change of text:200: {"value":"L1 229.7 V 0.0 A 0.00 kW | L2 230.2 V 0.0 A 0.00 kW | L3 231.1 V 0.0 A 0.00 kW"}
14:36:40 I y_notifications.cpp:168 Status change of text:200: {"value":"L1 230.4 V 0.0 A 0.00 kW | L2 230.8 V 0.0 A 0.00 kW | L3 231.2 V 0.0 A 0.00 kW"}
14:36:42 I y_notifications.cpp:168 Status change of text:200: {"value":"L1 229.8 V 0.0 A 0.00 kW | L2 230.8 V 0.0 A 0.00 kW | L3 231.2 V 0.0 A 0.00 kW"}
14:36:44 I shelly_script.cpp:204   script:1 5.9% CPU utilization
14:36:44 I y_notifications.cpp:168 Status change of text:200: {"value":"L1 230.5 V 0.0 A 0.00 kW | L2 230.9 V 0.0 A 0.00 kW | L3 230.8 V 0.0 A 0.00 kW"}
14:36:46 I y_notifications.cpp:168 Status change of text:200: {"value":"L1 229.9 V 0.0 A 0.00 kW | L2 230.0 V 0.0 A 0.00 kW | L3 231.4 V 0.0 A 0.00 kW"}
14:36:48 I y_notifications.cpp:168 Status change of text:200: {"value":"L1 229.7 V 0.0 A 0.00 kW | L2 230.7 V 0.0 A 0.00 kW | L3 231.0 V 0.0 A 0.00 kW"}
14:36:50 I y_notifications.cpp:168 Status change of text:200: {"value":"L1 229.6 V 0.0 A 0.00 kW | L2 230.0 V 0.0 A 0.00 kW | L3 231.1 V 0.0 A 0.00 kW"}
14:36:52 I y_notifications.cpp:168 Status change of text:200: {"value":"L1 230.3 V 0.0 A 0.00 kW | L2 230.2 V 0.0 A 0.00 kW | L3 230.9 V 0.0 A 0.00 kW"}
14:36:54 I y_notifications.cpp:168 Status change of text:200: {"value":"L1 229.8 V 0.0 A 0.00 kW | L2 230.0 V 0.0 A 0.00 kW | L3 231.1 V 0.0 A 0.00 kW"}
14:36:56 I shelly_script.cpp:204   script:1 5.9% CPU utilization
14:36:56 I y_notifications.cpp:168 Status change of text:200: {"value":"L1 229.8 V 0.0 A 0.00 kW | L2 230.8 V 0.0 A 0.00 kW | L3 231.3 V 0.0 A 0.00 kW"}
14:36:58 I y_notifications.cpp:168 Status change of text:200: {"value":"L1 230.3 V 0.0 A 0.00 kW | L2 230.4 V 0.0 A 0.00 kW | L3 231.3 V 0.0 A 0.00 kW"}
14:37:00 I y_notifications.cpp:168 Status change of text:200: {"value":"L1 229.7 V 0.0 A 0.00 kW | L2 230.4 V 0.0 A 0.00 kW | L3 230.8 V 0.0 A 0.00 kW"}
14:37:02 I y_notifications.cpp:168 Status change of text:200: {"value":"L1 230.0 V 0.0 A 0.00 kW | L2 230.5 V 0.0 A 0.00 kW | L3 231.0 V 0.0 A 0.00 kW"}
14:37:04 I y_notifications.cpp:168 Status change of text:200: {"value":"L1 230.1 V 0.0 A 0.00 kW | L2 230.6 V 0.0 A 0.00 kW | L3 231.1 V 0.0 A 0.00 kW"}
14:37:06 I shelly_script.cpp:204   script:1 5.9% CPU utilization
14:37:06 I y_notifications.cpp:168 Status change of text:200: {"value":"L1 229.7 V 0.0 A 0.00 kW | L2 230.4 V 0.0 A 0.00 kW | L3 231.0 V 0.0 A 0.00 kW"}
14:37:08 I y_notifications.cpp:168 Status change of text:200: {"value":"L1 229.8 V 0.0 A 0.00 kW | L2 230.9 V 0.0 A 0.00 kW | L3 230.7 V 0.0 A 0.00 kW"}
14:37:10 I y_notifications.cpp:168 Status change of text:200: {"value":"L1 230.0 V 0.0 A 0.00 kW | L2 230.3 V 0.0 A 0.00 kW | L3 231.2 V 0.0 A 0.00 kW"}
14:37:12 I y_notifications.cpp:168 Status change of text:200: {"value":"L1 230.3 V 0.0 A 0.00 kW | L2 230.3 V 0.0 A 0.00 kW | L3 231.5 V 0.0 A 0.00 kW"}
14:37:14 I y_notifications.cpp:168 Status change of text:200: {"value":"L1 229.8 V 0.0 A 0.00 kW | L2 230.7 V 0.0 A 0.00 kW | L3 230.8 V 0.0 A 0.00 kW"}
14:37:16 I y_notifications.cpp:168 Status change of text:200: {"value":"L1 229.9 V 0.0 A 0.00 kW | L2 230.7 V 0.0 A 0.00 kW | L3 231.2 V 0.0 A 0.00 kW"}
14:37:18 I shelly_script.cpp:204   script:1 5.9% CPU utilization
14:37:18 I y_notifications.cpp:168 Status change of text:200: {"value":"L1 229.9 V 0.0 A 0.00 kW | L2 230.3 V 0.0 A 0.00 kW | L3 231.1 V 0.0 A 0.00 kW"}
14:37:20 I y_notifications.cpp:168 Status change of text:200: {"value":"L1 230.2 V 0.0 A 0.00 kW | L2 230.5 V 0.0 A 0.00 kW | L3 230.7 V 0.0 A 0.00 kW"}
14:37:22 I y_notifications.cpp:168 Status change of text:200: {"value":"L1 229.9 V 0.0 A 0.00 kW | L2 230.2 V 0.0 A 0.00 kW | L3 230.6 V 0.0 A 0.00 kW"}
14:37:24 I y_notifications.cpp:168 Status change of text:200: {"value":"L1 229.9 V 0.0 A 0.00 kW | L2 230.0 V 0.0 A 0.00 kW | L3 231.3 V 0.0 A 0.00 kW"}
14:37:26 I y_notifications.cpp:168 Status change of text:200: {"value":"L1 230.3 V 0.0 A 0.00 kW | L2 230.6 V 0.0 A 0.00 kW | L3 230.6 V 0.0 A 0.00 kW"}
14:37:28 I shelly_script.cpp:204   script:1 5.9% CPU utilization
14:37:28 I y_notifications.cpp:168 Status change of text:200: {"value":"L1 229.6 V 0.0 A 0.00 kW | L2 230.1 V 0.0 A 0.00 kW | L3 231.2 V 0.0 A 0.00 kW"}
14:37:30 I y_notifications.cpp:168 Status change of text:200: {"value":"L1 230.3 V 0.0 A 0.00 kW | L2 230.4 V 0.0 A 0.00 kW | L3 231.2 V 0.0 A 0.00 kW"}
14:37:32 I y_notifications.cpp:168 Status change of text:200: {"value":"L1 229.9 V 0.0 A 0.00 kW | L2 230.1 V 0.0 A 0.00 kW | L3 230.6 V 0.0 A 0.00 kW"}
14:37:34 I y_notifications.cpp:168 Status change of text:200: {"value":"L1 229.9 V 0.0 A 0.00 kW | L2 230.8 V 0.0 A 0.00 kW | L3 231.0 V 0.0 A 0.00 kW"}
14:37:36 I y_notifications.cpp:168 Status change of text:200: {"value":"L1 230.2 V 0.0 A 0.00 kW | L2 230.3 V 0.0 A 0.00 kW | L3 231.5 V 0.0 A 0.00 kW"}
14:37:38 I shelly_script.cpp:204   script:1 5.9% CPU utilization
14:37:38 I y_notifications.cpp:168 Status change of text:200: {"value":"L1 229.7 V 0.0 A 0.00 kW | L2 230.4 V 0.0 A 0.00 kW | L3 230.9 V 0.0 A 0.00 kW"}
14:37:40 I y_notifications.cpp:168 Status change of text:200: {"value":"L1 229.9 V 0.0 A 0.00 kW | L2 230.0 V 0.0 A 0.00 kW | L3 231.1 V 0.0 A 0.00 kW"}
14:37:42 I y_notifications.cpp:168 Status change of text:200: {"value":"L1 230.2 V 0.0 A 0.00 kW | L2 230.7 V 0.0 A 0.00 kW | L3 230.9 V 0.0 A 0.00 kW"}
14:37:44 I y_notifications.cpp:168 Status change of text:200: {"value":"L1 230.3 V 0.0 A 0.00 kW | L2 230.7 V 0.0 A 0.00 kW | L3 231.0 V 0.0 A 0.00 kW"}
14:37:46 I y_notifications.cpp:168 Status change of text:200: {"value":"L1 229.5 V 0.0 A 0.00 kW | L2 230.9 V 0.0 A 0.00 kW | L3 231.5 V 0.0 A 0.00 kW"}
14:37:48 I shelly_script.cpp:204   script:1 5.9% CPU utilization
14:37:48 I y_notifications.cpp:168 Status change of text:200: {"value":"L1 229.5 V 0.0 A 0.00 kW | L2 230.8 V 0.0 A 0.00 kW | L3 230.9 V 0.0 A 0.00 kW"}
14:37:50 I y_notifications.cpp:168 Status change of text:200: {"value":"L1 230.4 V 0.0 A 0.00 kW | L2 230.8 V 0.0 A 0.00 kW | L3 231.1 V 0.0 A 0.00 kW"}
14:37:52 I y_notifications.cpp:168 Status change of text:200: {"value":"L1 229.7 V 0.0 A 0.00 kW | L2 230.1 V 0.0 A 0.00 kW | L3 230.9 V 0.0 A 0.00 kW"}
14:37:54 I y_notifications.cpp:168 Status change of text:200: {"value":"L1 229.9 V 0.0 A 0.00 kW | L2 230.9 V 0.0 A 0.00 kW | L3 231.2 V 0.0 A 0.00 kW"}
14:37:56 I y_notifications.cpp:168 Status change of text:200: {"value":"L1 230.3 V 0.0 A 0.00 kW | L2 230.0 V 0.0 A 0.00 kW | L3 231.3 V 0.0 A 0.00 kW"}
14:37:58 I y_notifications.cpp:168 Status change of text:200: {"value":"L1 230.1 V 0.0 A 0.00 kW | L2 230.4 V 0.0 A 0.00 kW | L3 230.6 V 0.0 A 0.00 kW"}
14:38:00 I shelly_script.cpp:204   script:1 5.9% CPU utilization
14:38:00 I y_notifications.cpp:168 Status change of text:200: {"value":"L1 230.3 V 0.0 A 0.00 kW | L2 230.4 V 0.0 A 0.00 kW | L3 230.8 V 0.0 A 0.00 kW"}
14:38:02 I y_notifications.cpp:168 Status change of text:200: {"value":"L1 229.9 V 0.0 A 0.00 kW | L2 230.7 V 0.0 A 0.00 kW | L3 231.2 V 0.0 A 0.00 kW"}
14:38:04 I y_notifications.cpp:168 Status change of text:200: {"value":"L1 229.5 V 0.0 A 0.00 kW | L2 230.9 V 0.0 A 0.00 kW | L3 231.2 V 0.0 A 0.00 kW"}
14:38:06 I y_notifications.cpp:168 Status change of text:200: {"value":"L1 229.6 V 0.0 A 0.00 kW | L2 230.5 V 0.0 A 0.00 kW | L3 231.4 V 0.0 A 0.00 kW"}
14:38:08 I y_notifications.cpp:168 Status change of text:200: {"value":"L1 230.1 V 0.0 A 0.00 kW | L2 230.9 V 0.0 A 0.00 kW | L3 231.4 V 0.0 A 0.00 kW"}
14:38:10 I y_notifications.cpp:168 Status change of text:200: {"value":"L1 229.6 V 0.0 A 0.00 kW | L2 230.0 V 0.0 A 0.00 kW | L3 230.8 V 0.0 A 0.00 kW"}
14:38:12 I shelly_script.cpp:204   script:1 5.9% CPU utilization
14:38:12 I y_notifications.cpp:168 Status change of text:200: {"value":"L1 229.9 V 0.0 A 0.00 kW | L2 230.3 V 0.0 A 0.00 kW | L3 230.9 V 0.0 A 0.00 kW"}
14:38:14 I y_notifications.cpp:168 Status change of text:200: {"value":"L1 229.6 V 0.0 A 0.00 kW | L2 230.4 V 0.0 A 0.00 kW | L3 230.6 V 0.0 A 0.00 kW"}
14:38:16 I y_notifications.cpp:168 Status change of text:200: {"value":"L1 230.2 V 0.0 A 0.00 kW | L2 230.7 V 0.0 A 0.00 kW | L3 231.5 V 0.0 A 0.00 kW"}
14:38:18 I y_notifications.cpp:168 Status change of text:200: {"value":"L1 229.9 V 0.0 A 0.00 kW | L2 230.7 V 0.0 A 0.00 kW | L3 230.9 V 0.0 A 0.00 kW"}
14:38:20 I y_notifications.cpp:168 Status change of text:200: {"value":"L1 230.1 V 0.0 A 0.00 kW | L2 230.9 V 0.0 A 0.00 kW | L3 230.9 V 0.0 A 0.00 kW"}
14:38:22 I shelly_script.cpp:204   script:1 5.9% CPU utilization
14:38:22 I y_notifications.cpp:168 Status change of text:200: {"value":"L1 229.7 V 0.0 A 0.00 kW | L2 230.6 V 0.0 A 0.00 kW | L3 230.9 V 0.0 A 0.00 kW"}
14:38:24 I y_notifications.cpp:168 Status change of text:200: {"value":"L1 229.5 V 0.0 A 0.00 kW | L2 230.1 V 0.0 A 0.00 kW | L3 231.1 V 0.0 A 0.00 kW"}
14:38:26 I y_notifications.cpp:168 Status change of text:200: {"value":"L1 230.4 V 0.0 A 0.00 kW | L2 230.1 V 0.0 A 0.00 kW | L3 231.2 V 0.0 A 0.00 kW"}
14:38:28 I y_notifications.cpp:168 Status change of text:200: {"value":"L1 229.6 V 0.0 A 0.00 kW | L2 230.7 V 0.0 A 0.00 kW | L3 231.2 V 0.0 A 0.00 kW"}
14:38:30 I y_notifications.cpp:168 Status change of text:200: {"value":"L1 229.6 V 0.0 A 0.00 kW | L2 230.9 V 0.0 A 0.00 kW | L3 231.4 V 0.0 A 0.00 kW"}
14:38:32 I y_notifications.cpp:168 Status change of text:200: {"value":"L1 230.4 V 0.0 A 0.00 kW | L2 230.0 V 0.0 A 0.00 kW | L3 230.5 V 0.0 A 0.00 kW"}
14:38:34 I shelly_script.cpp:204   script:1 5.9% CPU utilization
14:38:34 I y_notifications.cpp:168 Status change of text:200: {"value":"L1 230.2 V 0.0 A 0.00 kW | L2 230.2 V 0.0 A 0.00 kW | L3 230.5 V 0.0 A 0.00 kW"}
14:38:36 I y_notifications.cpp:168 Status change of text:200: {"value":"L1 229.8 V 0.0 A 0.00 kW | L2 230.9 V 0.0 A 0.00 kW | L3 231.5 V 0.0 A 0.00 kW"}
14:38:38 I y_notifications.cpp:168 Status change of text:200: {"value":"L1 230.3 V 0.0 A 0.00 kW | L2 230.5 V 0.0 A 0.00 kW | L3 231.1 V 0.0 A 0.00 kW"}
14:38:40 I y_notifications.cpp:168 Status change of text:200: {"value":"L1 230.2 V 0.0 A 0.00 kW | L2 230.9 V 0.0 A 0.00 kW | L3 230.9 V 0.0 A 0.00 kW"}
14:38:42 I y_notifications.cpp:168 Status change of text:200: {"value":"L1 230.4 V 0.0 A 0.00 kW | L2 230.2 V 0.0 A 0.00 kW | L3 230.9 V 0.0 A 0.00 kW"}
14:38:44 I y_notifications.cpp:168 Status change of text:200: {"value":"L1 229.7 V 0.0 A 0.00 kW | L2 230.6 V 0.0 A 0.00 kW | L3 230.5 V 0.0 A 0.00 kW"}
14:38:46 I shelly_script.cpp:204   script:1 5.8% CPU utilization
14:38:46 I y_notifications.cpp:168 Status change of text:200: {"value":"L1 229.7 V 0.0 A 0.00 kW | L2 230.7 V 0.0 A 0.00 kW | L3 230.7 V 0.0 A 0.00 kW"}
14:38:48 I y_notifications.cpp:168 Status change of text:200: {"value":"L1 229.8 V 0.0 A 0.00 kW | L2 230.7 V 0.0 A 0.00 kW | L3 231.1 V 0.0 A 0.00 kW"}
14:38:50 I y_notifications.cpp:168 Status change of text:200: {"value":"L1 229.8 V 0.0 A 0.00 kW | L2 230.2 V 0.0 A 0.00 kW | L3 230.6 V 0.0 A 0.00 kW"}
14:38:52 I y_notifications.cpp:168 Status change of text:200: {"value":"L1 229.9 V 0.0 A 0.00 kW | L2 230.4 V 0.0 A 0.00 kW | L3 230.6 V 0.0 A 0.00 kW"}
14:38:54 I y_notifications.cpp:168 Status change of text:200: {"value":"L1 230.5 V 0.0 A 0.00 kW | L2 230.8 V 0.0 A 0.00 kW | L3 230.9 V 0.0 A 0.00 kW"}
14:38:56 I shelly_script.cpp:204   script:1 5.9% CPU utilization
14:38:56 I y_notifications.cpp:168 Status change of text:200: {"value":"L1 230.1 V 0.0 A 0.00 kW | L2 230.4 V 0.0 A 0.00 kW | L3 231.3 V 0.0 A 0.00 kW"}
14:38:58 I y_notifications.cpp:168 Status change of text:200: {"value":"L1 229.7 V 0.0 A 0.00 kW | L2 230.9 V 0.0 A 0.00 kW | L3 231.4 V 0.0 A 0.00 kW"}
14:39:00 I y_notifications.cpp:168 Status change of text:200: {"value":"L1 229.6 V 0.0 A 0.00 kW | L2 230.1 V 0.0 A 0.00 kW | L3 230.7 V 0.0 A 0.00 kW"}
14:39:02 I y_notifications.cpp:168 Status change of text:200: {"value":"L1 229.8 V 0.0 A 0.00 kW | L2 230.8 V 0.0 A 0.00 kW | L3 230.7 V 0.0 A 0.00 kW"}
14:39:04 I y_notifications.cpp:168 Status change of text:200: {"value":"L1 229.7 V 0.0 A 0.00 kW | L2 230.4 V 0.0 A 0.00 kW | L3 231.4 V 0.0 A 0.00 kW"}
14:39:06 I y_notifications.cpp:168 Status change of text:200: {"value":"L1 229.6 V 0.0 A 0.00 kW | L2 230.5 V 0.0 A 0.00 kW | L3 231.2 V 0.0 A 0.00 kW"}
14:39:08 I shelly_script.cpp:204   script:1 5.9% CPU utilization
14:39:08 I y_notifications.cpp:168 Status change of text:200: {"value":"L1 229.9 V 0.0 A 0.00 kW | L2 230.6 V 0.0 A 0.00 kW | L3 231.0 V 0.0 A 0.00 kW"}
14:39:10 I y_notifications.cpp:168 Status change of text:200: {"value":"L1 229.8 V 0.0 A 0.00 kW | L2 230.2 V 0.0 A 0.00 kW | L3 231.3 V 0.0 A 0.00 kW"}
14:39:12 I y_notifications.cpp:168 Status change of text:200: {"value":"L1 230.2 V 0.0 A 0.00 kW | L2 230.2 V 0.0 A 0.00 kW | L3 230.8 V 0.0 A 0.00 kW"}
14:39:14 I y_notifications.cpp:168 Status change of text:200: {"value":"L1 230.1 V 0.0 A 0.00 kW | L2 230.6 V 0.0 A 0.00 kW | L3 231.1 V 0.0 A 0.00 kW"}
14:39:16 I y_notifications.cpp:168 Status change of text:200: {"value":"L1 229.7 V 0.0 A 0.00 kW | L2 230.0 V 0.0 A 0.00 kW | L3 231.3 V 0.0 A 0.00 kW"}
14:39:18 I shelly_script.cpp:204   script:1 5.9% CPU utilization
14:39:18 I y_notifications.cpp:168 Status change of text:200: {"value":"L1 230.3 V 0.0 A 0.00 kW | L2 230.9 V 0.0 A 0.00 kW | L3 231.4 V 0.0 A 0.00 kW"}
14:39:20 I y_notifications.cpp:168 Status change of text:200: {"value":"L1 229.9 V 0.0 A 0.00 kW | L2 230.5 V 0.0 A 0.00 kW | L3 230.7 V 0.0 A 0.00 kW"}
14:39:22 I y_notifications.cpp:168 Status change of text:200: {"value":"L1 230.3 V 0.0 A 0.00 kW | L2 230.3 V 0.0 A 0.00 kW | L3 230.6 V 0.0 A 0.00 kW"}
14:39:24 I y_notifications.cpp:168 Status change of text:200: {"value":"L1 229.7 V 0.0 A 0.00 kW | L2 230.8 V 0.0 A 0.00 kW | L3 230.9 V 0.0 A 0.00 kW"}
14:39:26 I y_notifications.cpp:168 Status change of text:200: {"value":"L1 229.6 V 0.0 A 0.00 kW | L2 230.9 V 0.0 A 0.00 kW | L3 231.4 V 0.0 A 0.00 kW"}
14:39:28 I y_notifications.cpp:168 Status change of text:200: {"value":"L1 230.4 V 0.0 A 0.00 kW | L2 230.7 V 0.0 A 0.00 kW | L3 230.9 V 0.0 A 0.00 kW"}
14:39:30 I shelly_script.cpp:204   script:1 5.9% CPU utilization
14:39:30 I y_notifications.cpp:168 Status change of text:200: {"value":"L1 229.8 V 0.0 A 0.00 kW | L2 230.2 V 0.0 A 0.00 kW | L3 230.9 V 0.0 A 0.00 kW"}
14:39:32 I y_notifications.cpp:168 Status change of text:200: {"value":"L1 229.6 V 0.0 A 0.00 kW | L2 230.8 V 0.0 A 0.00 kW | L3 230.8 V 0.0 A 0.00 kW"}
14:39:34 I y_notifications.cpp:168 Status change of text:200: {"value":"L1 230.5 V 0.0 A 0.00 kW | L2 230.4 V 0.0 A 0.00 kW | L3 231.3 V 0.0 A 0.00 kW"}
14:39:36 I y_notifications.cpp:168 Status change of text:200: {"value":"L1 229.7 V 0.0 A 0.00 kW | L2 230.4 V 0.0 A 0.00 kW | L3 230.7 V 0.0 A 0.00 kW"}
14:39:38 I y_notifications.cpp:168 Status change of text:200: {"value":"L1 230.1 V 0.0 A 0.00 kW | L2 230.1 V 0.0 A 0.00 kW | L3 230.5 V 0.0 A 0.00 kW"}
14:39:40 I shelly_script.cpp:204   script:1 5.9% CPU utilization
14:39:40 I y_notifications.cpp:168 Status change of text:200: {"value":"L1 229.5 V 0.0 A 0.00 kW | L2 230.9 V 0.0 A 0.00 kW | L3 231.4 V 0.0 A 0.00 kW"}
14:39:42 I y_notifications.cpp:168 Status change of text:200: {"value":"L1 230.4 V 0.0 A 0.00 kW | L2 230.6 V 0.0 A 0.00 kW | L3 230.9 V 0.0 A 0.00 kW"}
14:39:44 I y_notifications.cpp:168 Status change of text:200: {"value":"L1 229.9 V 0.0 A 0.00 kW | L2 230.6 V 0.0 A 0.00 kW | L3 230.7 V 0.0 A 0.00 kW"}
14:39:46 I y_notifications.cpp:168 Status change of text:200: {"value":"L1 229.9 V 0.0 A 0.00 kW | L2 230.3 V 0.0 A 0.00 kW | L3 231.1 V 0.0 A 0.00 kW"}
14:39:48 I y_notifications.cpp:168 Status change of text:200: {"value":"L1 229.8 V 0.0 A 0.00 kW | L2 230.0 V 0.0 A 0.00 kW | L3 231.3 V 0.0 A 0.00 kW"}
14:39:50 I y_notifications.cpp:168 Status change of text:200: {"value":"L1 230.1 V 0.0 A 0.00 kW | L2 230.5 V 0.0 A 0.00 kW | L3 231.1 V 0.0 A 0.00 kW"}
14:39:52 I shelly_script.cpp:204   script:1 5.9% CPU utilization
14:39:52 I y_notifications.cpp:168 Status change of text:200: {"value":"L1 229.6 V 0.0 A 0.00 kW | L2 230.0 V 0.0 A 0.00 kW | L3 230.9 V 0.0 A 0.00 kW"}
14:39:54 I y_notifications.cpp:168 Status change of text:200: {"value":"L1 229.6 V 0.0 A 0.00 kW | L2 230.5 V 0.0 A 0.00 kW | L3 231.2 V 0.0 A 0.00 kW"}
14:39:56 I y_notifications.cpp:168 Status change of text:200: {"value":"L1 229.6 V 0.0 A 0.00 kW | L2 230.2 V 0.0 A 0.00 kW | L3 231.4 V 0.0 A 0.00 kW"}
14:39:58 I y_notifications.cpp:168 Status change of text:200: {"value":"L1 230.4 V 0.0 A 0.00 kW | L2 230.4 V 0.0 A 0.00 kW | L3 231.4 V 0.0 A 0.00 kW"}
14:40:00 I y_notifications.cpp:168 Status change of text:200: {"value":"L1 229.8 V 0.0 A 0.00 kW | L2 230.5 V 0.0 A 0.00 kW | L3 231.3 V 0.0 A 0.00 kW"}
14:40:02 I y_notifications.cpp:168 Status change of text:200: {"value":"L1 229.6 V 0.0 A 0.00 kW | L2 230.6 V 0.0 A 0.00 kW | L3 230.9 V 0.0 A 0.00 kW"}
14:40:04 I shelly_script.cpp:204   script:1 5.8% CPU utilization
14:40:04 I y_notifications.cpp:168 Status change of text:200: {"value":"L1 230.1 V 0.0 A 0.00 kW | L2 230.9 V 0.0 A 0.00 kW | L3 230.7 V 0.0 A 0.00 kW"}
14:40:06 I y_notifications.cpp:168 Status change of text:200: {"value":"L1 230.0 V 0.0 A 0.00 kW | L2 230.8 V 0.0 A 0.00 kW | L3 230.9 V 0.0 A 0.00 kW"}
14:40:08 I y_notifications.cpp:168 Status change of text:200: {"value":"L1 230.1 V 0.0 A 0.00 kW | L2 230.3 V 0.0 A 0.00 kW | L3 231.3 V 0.0 A 0.00 kW"}
14:40:10 I y_notifications.cpp:168 Status change of text:200: {"value":"L1 229.6 V 0.0 A 0.00 kW | L2 230.5 V 0.0 A 0.00 kW | L3 231.3 V 0.0 A 0.00 kW"}
14:40:12 I y_notifications.cpp:168 Status change of text:200: {"value":"L1 230.1 V 0.0 A 0.00 kW | L2 230.2 V 0.0 A 0.00 kW | L3 230.9 V 0.0 A 0.00 kW"}
14:40:14 I shelly_script.cpp:204   script:1 5.9% CPU utilization
14:40:14 I y_notifications.cpp:168 Status change of text:200: {"value":"L1 229.7 V 0.0 A 0.00 kW | L2 230.4 V 0.0 A 0.00 kW | L3 230.9 V 0.0 A 0.00 kW"}
14:40:16 I y_notifications.cpp:168 Status change of text:200: {"value":"L1 230.3 V 0.0 A 0.00 kW | L2 230.5 V 0.0 A 0.00 kW | L3 230.5 V 0.0 A 0.00 kW"}
14:40:18 I y_notifications.cpp:168 Status change of text:200: {"value":"L1 230.4 V 0.0 A 0.00 kW | L2 230.2 V 0.0 A 0.00 kW | L3 231.2 V 0.0 A 0.00 kW"}
14:40:20 I y_notifications.cpp:168 Status change of text:200: {"value":"L1 230.4 V 0.0 A 0.00 kW | L2 230.5 V 0.0 A 0.00 kW | L3 231.4 V 0.0 A 0.00 kW"}
14:40:22 I y_notifications.cpp:168 Status change of text:200: {"value":"L1 229.6 V 0.0 A 0.00 kW | L2 230.1 V 0.0 A 0.00 kW | L3 231.3 V 0.0 A 0.00 kW"}
14:40:24 I y_notifications.cpp:168 Status change of text:200: {"value":"L1 230.3 V 0.0 A 0.00 kW | L2 230.2 V 0.0 A 0.00 kW | L3 230.9 V 0.0 A 0.00 kW"}
14:40:26 I shelly_script.cpp:204   script:1 5.9% CPU utilization
14:40:26 I y_notifications.cpp:168 Status change of text:200: {"value":"L1 230.1 V 0.0 A 0.00 kW | L2 230.9 V 0.0 A 0.00 kW | L3 231.5 V 0.0 A 0.00 kW"}
14:40:28 I y_notifications.cpp:168 Status change of text:200: {"value":"L1 229.8 V 0.0 A 0.00 kW | L2 230.9 V 0.0 A 0.00 kW | L3 231.5 V 0.0 A 0.00 kW"}
14:40:30 I y_notifications.cpp:168 Status change of text:200: {"value":"L1 230.2 V 0.0 A 0.00 kW | L2 230.9 V 0.0 A 0.00 kW | L3 231.3 V 0.0 A 0.00 kW"}
14:40:32 I y_notifications.cpp:168 Status change of text:200: {"value":"L1 229.8 V 0.0 A 0.00 kW | L2 230.4 V 0.0 A 0.00 kW | L3 231.2 V 0.0 A 0.00 kW"}
14:40:34 I y_notifications.cpp:168 Status change of text:200: {"value":"L1 230.5 V 0.0 A 0.00 kW | L2 230.5 V 0.0 A 0.00 kW | L3 230.9 V 0.0 A 0.00 kW"}
14:40:36 I shelly_script.cpp:204   script:1 5.9% CPU utilization
14:40:36 I y_notifications.cpp:168 Status change of text:200: {"value":"L1 229.7 V 0.0 A 0.00 kW | L2 230.9 V 0.0 A 0.00 kW | L3 230.9 V 0.0 A 0.00 kW"}
14:40:38 I y_notifications.cpp:168 Status change of text:200: {"value":"L1 229.5 V 0.0 A 0.00 kW | L2 230.4 V 0.0 A 0.00 kW | L3 230.8 V 0.0 A 0.00 kW"}
14:40:40 I y_notifications.cpp:168 Status change of text:200: {"value":"L1 229.6 V 0.0 A 0.00 kW | L2 230.5 V 0.0 A 0.00 kW | L3 231.2 V 0.0 A 0.00 kW"}
14:40:42 I y_notifications.cpp:168 Status change of text:200: {"value":"L1 230.1 V 0.0 A 0.00 kW | L2 230.4 V 0.0 A 0.00 kW | L3 230.6 V 0.0 A 0.00 kW"}
14:40:44 I y_notifications.cpp:168 Status change of text:200: {"value":"L1 230.0 V 0.0 A 0.00 kW | L2 230.4 V 0.0 A 0.00 kW | L3 231.3 V 0.0 A 0.00 kW"}
14:40:46 I y_notifications.cpp:168 Status change of text:200: {"value":"L1 230.2 V 0.0 A 0.00 kW | L2 230.6 V 0.0 A 0.00 kW | L3 230.9 V 0.0 A 0.00 kW"}
14:40:48 I shelly_script.cpp:204   script:1 5.9% CPU utilization
14:40:48 I y_notifications.cpp:168 Status change of text:200: {"value":"L1 230.0 V 0.0 A 0.00 kW | L2 230.8 V 0.0 A 0.00 kW | L3 231.5 V 0.0 A 0.00 kW"}
14:40:50 I y_notifications.cpp:168 Status change of text:200: {"value":"L1 230.3 V 0.0 A 0.00 kW | L2 230.6 V 0.0 A 0.00 kW | L3 231.4 V 0.0 A 0.00 kW"}
14:40:52 I y_notifications.cpp:168 Status change of text:200: {"value":"L1 229.9 V 0.0 A 0.00 kW | L2 230.9 V 0.0 A 0.00 kW | L3 230.6 V 0.0 A 0.00 kW"}
14:40:54 I y_notifications.cpp:168 Status change of text:200: {"value":"L1 230.3 V 0.0 A 0.00 kW | L2 230.6 V 0.0 A 0.00 kW | L3 230.9 V 0.0 A 0.00 kW"}
14:40:56 I y_notifications.cpp:168 Status change of text:200: {"value":"L1 230.4 V 0.0 A 0.00 kW | L2 230.1 V 0.0 A 0.00 kW | L3 230.9 V 0.0 A 0.00 kW"}
14:40:58 I shelly_script.cpp:204   script:1 5.9% CPU utilization
14:40:58 I y_notifications.cpp:168 Status change of text:200: {"value":"L1 229.9 V 0.0 A 0.00 kW | L2 230.9 V 0.0 A 0.00 kW | L3 230.7 V 0.0 A 0.00 kW"}
14:41:00 I y_notifications.cpp:168 Status change of text:200: {"value":"L1 230.2 V 0.0 A 0.00 kW | L2 230.2 V 0.0 A 0.00 kW | L3 230.8 V 0.0 A 0.00 kW"}
14:41:02 I y_notifications.cpp:168 Status change of text:200: {"value":"L1 230.2 V 0.0 A 0.00 kW | L2 230.3 V 0.0 A 0.00 kW | L3 230.9 V 0.0 A 0.00 kW"}
14:41:04 I y_notifications.cpp:168 Status change of text:200: {"value":"L1 230.0 V 0.0 A 0.00 kW | L2 230.7 V 0.0 A 0.00 kW | L3 230.9 V 0.0 A 0.00 kW"}
14:41:06 I y_notifications.cpp:168 Status change of text:200: {"value":"L1 230.3 V 0.0 A 0.00 kW | L2 230.1 V 0.0 A 0.00 kW | L3 230.7 V 0.0 A 0.00 kW"}
14:41:08 I y_notifications.cpp:168 Status change of text:200: {"value":"L1 230.2 V 0.0 A 0.00 kW | L2 230.7 V 0.0 A 0.00 kW | L3 230.6 V 0.0 A 0.00 kW"}
14:41:10 I shelly_script.cpp:204   script:1 5.9% CPU utilization
14:41:10 I y_notifications.cpp:168 Status change of text:200: {"value":"L1 230.3 V 0.0 A 0.00 kW | L2 230.1 V 0.0 A 0.00 kW | L3 230.9 V 0.0 A 0.00 kW"}
14:41:12 I y_notifications.cpp:168 Status change of text:200: {"value":"L1 230.1 V 0.0 A 0.00 kW | L2 230.3 V 0.0 A 0.00 kW | L3 231.2 V 0.0 A 0.00 kW"}
14:41:14 I y_notifications.cpp:168 Status change of text:200: {"value":"L1 229.8 V 0.0 A 0.00 kW | L2 230.4 V 0.0 A 0.00 kW | L3 231.2 V 0.0 A 0.00 kW"}
14:41:16 I y_notifications.cpp:168 Status change of text:200: {"value":"L1 229.9 V 0.0 A 0.00 kW | L2 230.2 V 0.0 A 0.00 kW | L3 231.3 V 0.0 A 0.00 kW"}
14:41:18 I y_notifications.cpp:168 Status change of text:200: {"value":"L1 230.4 V 0.0 A 0.00 kW | L2 230.7 V 0.0 A 0.00 kW | L3 231.0 V 0.0 A 0.00 kW"}
14:41:20 I shelly_script.cpp:204   script:1 5.9% CPU utilization
14:41:20 I y_notifications.cpp:168 Status change of text:200: {"value":"L1 230.0 V 0.0 A 0.00 kW | L2 230.9 V 0.0 A 0.00 kW | L3 230.9 V 0.0 A 0.00 kW"}
14:41:22 I y_notifications.cpp:168 Status change of text:200: {"value":"L1 230.1 V 0.0 A 0.00 kW | L2 230.4 V 0.0 A 0.00 kW | L3 231.1 V 0.0 A 0.00 kW"}
14:41:24 I y_notifications.cpp:168 Status change of text:200: {"value":"L1 229.7 V 0.0 A 0.00 kW | L2 230.7 V 0.0 A 0.00 kW | L3 231.0 V 0.0 A 0.00 kW"}
14:41:26 I y_notifications.cpp:168 Status change of text:200: {"value":"L1 230.1 V 0.0 A 0.00 kW | L2 230.5 V 0.0 A 0.00 kW | L3 231.2 V 0.0 A 0.00 kW"}
14:41:28 I y_notifications.cpp:168 Status change of text:200: {"value":"L1 230.2 V 0.0 A 0.00 kW | L2 230.4 V 0.0 A 0.00 kW | L3 230.9 V 0.0 A 0.00 kW"}
14:41:30 I shelly_script.cpp:204   script:1 5.8% CPU utilization
14:41:30 I y_notifications.cpp:168 Status change of text:200: {"value":"L1 229.6 V 0.0 A 0.00 kW | L2 230.7 V 0.0 A 0.00 kW | L3 231.3 V 0.0 A 0.00 kW"}
14:41:32 I y_notifications.cpp:168 Status change of text:200: {"value":"L1 230.2 V 0.0 A 0.00 kW | L2 230.1 V 0.0 A 0.00 kW | L3 230.6 V 0.0 A 0.00 kW"}
14:41:34 I y_notifications.cpp:168 Status change of text:200: {"value":"L1 230.3 V 0.0 A 0.00 kW | L2 230.6 V 0.0 A 0.00 kW | L3 230.9 V 0.0 A 0.00 kW"}
14:41:36 I y_notifications.cpp:168 Status change of text:200: {"value":"L1 230.5 V 0.0 A 0.00 kW | L2 230.9 V 0.0 A 0.00 kW | L3 230.6 V 0.0 A 0.00 kW"}
14:41:38 I y_notifications.cpp:168 Status change of text:200: {"value":"L1 229.9 V 0.0 A 0.00 kW | L2 230.7 V 0.0 A 0.00 kW | L3 230.9 V 0.0 A 0.00 kW"}
14:41:40 I y_notifications.cpp:168 Status change of text:200: {"value":"L1 229.6 V 0.0 A 0.00 kW | L2 230.9 V 0.0 A 0.00 kW | L3 231.1 V 0.0 A 0.00 kW"}
14:41:42 I shelly_script.cpp:204   script:1 5.9% CPU utilization
14:41:42 I y_notifications.cpp:168 Status change of text:200: {"value":"L1 229.6 V 0.0 A 0.00 kW | L2 230.6 V 0.0 A 0.00 kW | L3 231.3 V 0.0 A 0.00 kW"}
14:41:44 I y_notifications.cpp:168 Status change of text:200: {"value":"L1 229.6 V 0.0 A 0.00 kW | L2 230.6 V 0.0 A 0.00 kW | L3 231.4 V 0.0 A 0.00 kW"}
14:41:46 I y_notifications.cpp:168 Status change of text:200: {"value":"L1 229.9 V 0.0 A 0.00 kW | L2 230.0 V 0.0 A 0.00 kW | L3 231.2 V 0.0 A 0.00 kW"}
14:41:48 I y_notifications.cpp:168 Status change of text:200: {"value":"L1 229.5 V 0.0 A 0.00 kW | L2 230.1 V 0.0 A 0.00 kW | L3 231.4 V 0.0 A 0.00 kW"}
14:41:50 I y_notifications.cpp:168 Status change of text:200: {"value":"L1 229.8 V 0.0 A 0.00 kW | L2 230.7 V 0.0 A 0.00 kW | L3 230.7 V 0.0 A 0.00 kW"}
14:41:52 I shelly_script.cpp:204   script:1 5.9% CPU utilization
14:41:52 I y_notifications.cpp:168 Status change of text:200: {"value":"L1 230.3 V 0.0 A 0.00 kW | L2 230.3 V 0.0 A 0.00 kW | L3 231.4 V 0.0 A 0.00 kW"}
14:41:54 I y_notifications.cpp:168 Status change of text:200: {"value":"L1 229.6 V 0.0 A 0.00 kW | L2 230.4 V 0.0 A 0.00 kW | L3 230.8 V 0.0 A 0.00 kW"}
14:41:56 I y_notifications.cpp:168 Status change of text:200: {"value":"L1 229.7 V 0.0 A 0.00 kW | L2 230.9 V 0.0 A 0.00 kW | L3 230.9 V 0.0 A 0.00 kW"}
14:41:58 I y_notifications.cpp:168 Status change of text:200: {"value":"L1 230.0 V 0.0 A 0.00 kW | L2 230.3 V 0.0 A 0.00 kW | L3 231.3 V 0.0 A 0.00 kW"}
14:42:00 I y_notifications.cpp:168 Status change of text:200: {"value":"L1 230.4 V 0.0 A 0.00 kW | L2 230.9 V 0.0 A 0.00 kW | L3 230.7 V 0.0 A 0.00 kW"}
14:42:02 I y_notifications.cpp:168 Status change of text:200: {"value":"L1 229.9 V 0.0 A 0.00 kW | L2 230.4 V 0.0 A 0.00 kW | L3 231.3 V 0.0 A 0.00 kW"}
14:42:04 I shelly_script.cpp:204   script:1 5.9% CPU utilization
14:42:04 I y_notifications.cpp:168 Status change of text:200: {"value":"L1 230.2 V 0.0 A 0.00 kW | L2 230.3 V 0.0 A 0.00 kW | L3 230.9 V 0.0 A 0.00 kW"}
14:42:06 I y_notifications.cpp:168 Status change of text:200: {"value":"L1 229.5 V 0.0 A 0.00 kW | L2 230.9 V 0.0 A 0.00 kW | L3 231.0 V 0.0 A 0.00 kW"}
14:42:08 I y_notifications.cpp:168 Status change of text:200: {"value":"L1 230.4 V 0.0 A 0.00 kW | L2 230.9 V 0.0 A 0.00 kW | L3 231.4 V 0.0 A 0.00 kW"}
14:42:10 I y_notifications.cpp:168 Status change of text:200: {"value":"L1 229.8 V 0.0 A 0.00 kW | L2 230.2 V 0.0 A 0.00 kW | L3 230.7 V 0.0 A 0.00 kW"}
14:42:12 I y_notifications.cpp:168 Status change of text:200: {"value":"L1 230.2 V 0.0 A 0.00 kW | L2 230.1 V 0.0 A 0.00 kW | L3 230.7 V 0.0 A 0.00 kW"}
14:42:14 I y_notifications.cpp:168 Status change of text:200: {"value":"L1 229.8 V 0.0 A 0.00 kW | L2 230.5 V 0.0 A 0.00 kW | L3 231.2 V 0.0 A 0.00 kW"}
14:42:16 I shelly_script.cpp:204   script:1 5.9% CPU utilization
14:42:16 I y_notifications.cpp:168 Status change of text:200: {"value":"L1 230.3 V 0.0 A 0.00 kW | L2 230.8 V 0.0 A 0.00 kW | L3 230.9 V 0.0 A 0.00 kW"}
14:42:18 I y_notifications.cpp:168 Status change of text:200: {"value":"L1 229.8 V 0.0 A 0.00 kW | L2 230.2 V 0.0 A 0.00 kW | L3 231.1 V 0.0 A 0.00 kW"}
14:42:20 I y_notifications.cpp:168 Status change of text:200: {"value":"L1 230.1 V 0.0 A 0.00 kW | L2 230.8 V 0.0 A 0.00 kW | L3 231.0 V 0.0 A 0.00 kW"}
14:42:22 I y_notifications.cpp:168 Status change of text:200: {"value":"L1 230.4 V 0.0 A 0.00 kW | L2 230.1 V 0.0 A 0.00 kW | L3 230.6 V 0.0 A 0.00 kW"}
14:42:24 I y_notifications.cpp:168 Status change of text:200: {"value":"L1 229.6 V 0.0 A 0.00 kW | L2 230.9 V 0.0 A 0.00 kW | L3 231.4 V 0.0 A 0.00 kW"}
14:42:26 I y_notifications.cpp:168 Status change of text:200: {"value":"L1 230.2 V 0.0 A 0.00 kW | L2 230.6 V 0.0 A 0.00 kW | L3 230.7 V 0.0 A 0.00 kW"}
14:42:28 I shelly_script.cpp:204   script:1 5.9% CPU utilization
14:42:28 I y_notifications.cpp:168 Status change of text:200: {"value":"L1 229.8 V 0.0 A 0.00 kW | L2 230.1 V 0.0 A 0.00 kW | L3 230.7 V 0.0 A 0.00 kW"}
14:42:30 I y_notifications.cpp:168 Status change of text:200: {"value":"L1 230.2 V 0.0 A 0.00 kW | L2 230.8 V 0.0 A 0.00 kW | L3 230.8 V 0.0 A 0.00 kW"}
14:42:32 I y_notifications.cpp:168 Status change of text:200: {"value":"L1 230.3 V 0.0 A 0.00 kW | L2 230.7 V 0.0 A 0.00 kW | L3 230.9 V 0.0 A 0.00 kW"}
14:42:34 I y_notifications.cpp:168 Status change of text:200: {"value":"L1 229.9 V 0.0 A 0.00 kW | L2 230.9 V 0.0 A 0.00 kW | L3 231.4 V 0.0 A 0.00 kW"}
14:42:36 I y_notifications.cpp:168 Status change of text:200: {"value":"L1 230.1 V 0.0 A 0.00 kW | L2 230.8 V 0.0 A 0.00 kW | L3 231.1 V 0.0 A 0.00 kW"}
14:42:38 I y_notifications.cpp:168 Status change of text:200: {"value":"L1 230.4 V 0.0 A 0.00 kW | L2 230.7 V 0.0 A 0.00 kW | L3 231.1 V 0.0 A 0.00 kW"}
14:42:40 I shelly_script.cpp:204   script:1 5.9% CPU utilization
14:42:40 I y_notifications.cpp:168 Status change of text:200: {"value":"L1 230.1 V 0.0 A 0.00 kW | L2 230.1 V 0.0 A 0.00 kW | L3 231.4 V 0.0 A 0.00 kW"}
14:42:42 I y_notifications.cpp:168 Status change of text:200: {"value":"L1 229.7 V 0.0 A 0.00 kW | L2 230.5 V 0.0 A 0.00 kW | L3 231.4 V 0.0 A 0.00 kW"}
14:42:44 I y_notifications.cpp:168 Status change of text:200: {"value":"L1 230.4 V 0.0 A 0.00 kW | L2 230.2 V 0.0 A 0.00 kW | L3 230.8 V 0.0 A 0.00 kW"}
14:42:46 I y_notifications.cpp:168 Status change of text:200: {"value":"L1 229.7 V 0.0 A 0.00 kW | L2 230.9 V 0.0 A 0.00 kW | L3 230.7 V 0.0 A 0.00 kW"}
14:42:48 I y_notifications.cpp:168 Status change of text:200: {"value":"L1 229.6 V 0.0 A 0.00 kW | L2 230.6 V 0.0 A 0.00 kW | L3 231.4 V 0.0 A 0.00 kW"}
14:42:50 I shelly_script.cpp:204   script:1 5.9% CPU utilization
14:42:50 I y_notifications.cpp:168 Status change of text:200: {"value":"L1 229.9 V 0.0 A 0.00 kW | L2 230.4 V 0.0 A 0.00 kW | L3 230.8 V 0.0 A 0.00 kW"}
14:42:52 I y_notifications.cpp:168 Status change of text:200: {"value":"L1 230.3 V 0.0 A 0.00 kW | L2 230.8 V 0.0 A 0.00 kW | L3 231.2 V 0.0 A 0.00 kW"}
14:42:54 I y_notifications.cpp:168 Status change of text:200: {"value":"L1 230.5 V 0.0 A 0.00 kW | L2 230.2 V 0.0 A 0.00 kW | L3 231.0 V 0.0 A 0.00 kW"}
14:42:56 I y_notifications.cpp:168 Status change of text:200: {"value":"L1 230.1 V 0.0 A 0.00 kW | L2 230.2 V 0.0 A 0.00 kW | L3 230.9 V 0.0 A 0.00 kW"}
14:42:58 I y_notifications.cpp:168 Status change of text:200: {"value":"L1 229.7 V 0.0 A 0.00 kW | L2 230.9 V 0.0 A 0.00 kW | L3 230.5 V 0.0 A 0.00 kW"}
14:43:00 I shelly_script.cpp:204   script:1 5.9% CPU utilization
14:43:00 I y_notifications.cpp:168 Status change of text:200: {"value":"L1 230.0 V 0.0 A 0.00 kW | L2 230.4 V 0.0 A 0.00 kW | L3 230.9 V 0.0 A 0.00 kW"}
14:43:02 I y_notifications.cpp:168 Status change of text:200: {"value":"L1 229.7 V 0.0 A 0.00 kW | L2 230.7 V 0.0 A 0.00 kW | L3 230.9 V 0.0 A 0.00 kW"}
14:43:04 I y_notifications.cpp:168 Status change of text:200: {"value":"L1 229.6 V 0.0 A 0.00 kW | L2 230.9 V 0.0 A 0.00 kW | L3 230.5 V 0.0 A 0.00 kW"}
14:43:06 I y_notifications.cpp:168 Status change of text:200: {"value":"L1 230.2 V 0.0 A 0.00 kW | L2 230.7 V 0.0 A 0.00 kW | L3 231.4 V 0.0 A 0.00 kW"}
14:43:08 I y_notifications.cpp:168 Status change of text:200: {"value":"L1 229.5 V 0.0 A 0.00 kW | L2 230.9 V 0.0 A 0.00 kW | L3 230.7 V 0.0 A 0.00 kW"}
14:43:10 I y_notifications.cpp:168 Status change of text:200: {"value":"L1 230.0 V 0.0 A 0.00 kW | L2 230.7 V 0.0 A 0.00 kW | L3 231.3 V 0.0 A 0.00 kW"}
14:43:12 I shelly_script.cpp:204   script:1 5.9% CPU utilization
14:43:12 I y_notifications.cpp:168 Status change of text:200: {"value":"L1 230.3 V 0.0 A 0.00 kW | L2 230.6 V 0.0 A 0.00 kW | L3 231.1 V 0.0 A 0.00 kW"}
14:43:14 I y_notifications.cpp:168 Status change of text:200: {"value":"L1 229.7 V 0.0 A 0.00 kW | L2 230.3 V 0.0 A 0.00 kW | L3 231.3 V 0.0 A 0.00 kW"}
14:43:16 I y_notifications.cpp:168 Status change of text:200: {"value":"L1 229.7 V 0.0 A 0.00 kW | L2 230.3 V 0.0 A 0.00 kW | L3 231.4 V 0.0 A 0.00 kW"}
14:43:18 I y_notifications.cpp:168 Status change of text:200: {"value":"L1 229.6 V 0.0 A 0.00 kW | L2 230.1 V 0.0 A 0.00 kW | L3 230.9 V 0.0 A 0.00 kW"}
14:43:20 I y_notifications.cpp:168 Status change of text:200: {"value":"L1 230.4 V 0.0 A 0.00 kW | L2 230.9 V 0.0 A 0.00 kW | L3 231.4 V 0.0 A 0.00 kW"}
14:43:22 I y_notifications.cpp:168 Status change of text:200: {"value":"L1 229.7 V 0.0 A 0.00 kW | L2 230.1 V 0.0 A 0.00 kW | L3 230.9 V 0.0 A 0.00 kW"}
14:43:24 I shelly_script.cpp:204   script:1 5.9% CPU utilization
14:43:24 I y_notifications.cpp:168 Status change of text:200: {"value":"L1 230.1 V 0.0 A 0.00 kW | L2 230.1 V 0.0 A 0.00 kW | L3 230.9 V 0.0 A 0.00 kW"}
14:43:26 I y_notifications.cpp:168 Status change of text:200: {"value":"L1 230.1 V 0.0 A 0.00 kW | L2 230.4 V 0.0 A 0.00 kW | L3 230.9 V 0.0 A 0.00 kW"}
14:43:28 I y_notifications.cpp:168 Status change of text:200: {"value":"L1 230.2 V 0.0 A 0.00 kW | L2 230.4 V 0.0 A 0.00 kW | L3 231.5 V 0.0 A 0.00 kW"}
14:43:30 I y_notifications.cpp:168 Status change of text:200: {"value":"L1 229.6 V 0.0 A 0.00 kW | L2 230.4 V 0.0 A 0.00 kW | L3 230.8 V 0.0 A 0.00 kW"}
14:43:32 I y_notifications.cpp:168 Status change of text:200: {"value":"L1 230.3 V 0.0 A 0.00 kW | L2 230.2 V 0.0 A 0.00 kW | L3 230.9 V 0.0 A 0.00 kW"}
14:43:34 I shelly_script.cpp:204   script:1 5.9% CPU utilization
14:43:34 I y_notifications.cpp:168 Status change of text:200: {"value":"L1 229.6 V 0.0 A 0.00 kW | L2 230.4 V 0.0 A 0.00 kW | L3 230.9 V 0.0 A 0.00 kW"}
14:43:36 I y_notifications.cpp:168 Status change of text:200: {"value":"L1 229.5 V 0.0 A 0.00 kW | L2 230.7 V 0.0 A 0.00 kW | L3 230.8 V 0.0 A 0.00 kW"}
14:43:38 I y_notifications.cpp:168 Status change of text:200: {"value":"L1 229.9 V 0.0 A 0.00 kW | L2 230.9 V 0.0 A 0.00 kW | L3 231.2 V 0.0 A 0.00 kW"}
14:43:40 I y_notifications.cpp:168 Status change of text:200: {"value":"L1 229.5 V 0.0 A 0.00 kW | L2 230.6 V 0.0 A 0.00 kW | L3 231.2 V 0.0 A 0.00 kW"}
14:43:42 I y_notifications.cpp:168 Status change of text:200: {"value":"L1 230.2 V 0.0 A 0.00 kW | L2 230.2 V 0.0 A 0.00 kW | L3 231.4 V 0.0 A 0.00 kW"}
14:43:44 I y_notifications.cpp:168 Status change of text:200: {"value":"L1 230.2 V 0.0 A 0.00 kW | L2 230.1 V 0.0 A 0.00 kW | L3 230.5 V 0.0 A 0.00 kW"}
14:43:46 I shelly_script.cpp:204   script:1 5.9% CPU utilization
14:43:46 I y_notifications.cpp:168 Status change of text:200: {"value":"L1 230.3 V 0.0 A 0.00 kW | L2 230.6 V 0.0 A 0.00 kW | L3 231.5 V 0.0 A 0.00 kW"}
14:43:48 I y_notifications.cpp:168 Status change of text:200: {"value":"L1 230.3 V 0.0 A 0.00 kW | L2 230.8 V 0.0 A 0.00 kW | L3 231.3 V 0.0 A 0.00 kW"}
14:43:50 I y_notifications.cpp:168 Status change of text:200: {"value":"L1 229.6 V 0.0 A 0.00 kW | L2 230.1 V 0.0 A 0.00 kW | L3 230.7 V 0.0 A 0.00 kW"}
14:43:52 I y_notifications.cpp:168 Status change of text:200: {"value":"L1 230.1 V 0.0 A 0.00 kW | L2 230.7 V 0.0 A 0.00 kW | L3 231.1 V 0.0 A 0.00 kW"}
14:43:54 I y_notifications.cpp:168 Status change of text:200: {"value":"L1 230.4 V 0.0 A 0.00 kW | L2 230.6 V 0.0 A 0.00 kW | L3 231.3 V 0.0 A 0.00 kW"}
14:43:56 I shelly_script.cpp:204   script:1 5.9% CPU utilization
14:43:56 I y_notifications.cpp:168 Status change of text:200: {"value":"L1 230.3 V 0.0 A 0.00 kW | L2 230.9 V 0.0 A 0.00 kW | L3 231.1 V 0.0 A 0.00 kW"}
14:43:58 I y_notifications.cpp:168 Status change of text:200: {"value":"L1 230.3 V 0.0 A 0.00 kW | L2 230.9 V 0.0 A 0.00 kW | L3 231.4 V 0.0 A 0.00 kW"}
14:44:00 I y_notifications.cpp:168 Status change of text:200: {"value":"L1 230.4 V 0.0 A 0.00 kW | L2 230.8 V 0.0 A 0.00 kW | L3 230.6 V 0.0 A 0.00 kW"}
14:44:02 I y_notifications.cpp:168 Status change of text:200: {"value":"L1 230.2 V 0.0 A 0.00 kW | L2 230.9 V 0.0 A 0.00 kW | L3 230.7 V 0.0 A 0.00 kW"}
14:44:04 I y_notifications.cpp:168 Status change of text:200: {"value":"L1 229.7 V 0.0 A 0.00 kW | L2 230.8 V 0.0 A 0.00 kW | L3 230.9 V 0.0 A 0.00 kW"}
14:44:06 I y_notifications.cpp:168 Status change of text:200: {"value":"L1 230.2 V 0.0 A 0.00 kW | L2 230.8 V 0.0 A 0.00 kW | L3 230.8 V 0.0 A 0.00 kW"}
14:44:08 I shelly_script.cpp:204   script:1 5.9% CPU utilization
14:44:08 I y_notifications.cpp:168 Status change of text:200: {"value":"L1 230.2 V 0.0 A 0.00 kW | L2 230.3 V 0.0 A 0.00 kW | L3 230.9 V 0.0 A 0.00 kW"}
14:44:10 I y_notifications.cpp:168 Status change of text:200: {"value":"L1 229.8 V 0.0 A 0.00 kW | L2 230.8 V 0.0 A 0.00 kW | L3 231.2 V 0.0 A 0.00 kW"}
14:44:12 I y_notifications.cpp:168 Status change of text:200: {"value":"L1 230.1 V 0.0 A 0.00 kW | L2 230.7 V 0.0 A 0.00 kW | L3 230.5 V 0.0 A 0.00 kW"}
14:44:14 I y_notifications.cpp:168 Status change of text:200: {"value":"L1 229.5 V 0.0 A 0.00 kW | L2 230.9 V 0.0 A 0.00 kW | L3 230.6 V 0.0 A 0.00 kW"}
14:44:16 I y_notifications.cpp:168 Status change of text:200: {"value":"L1 229.7 V 0.0 A 0.00 kW | L2 230.5 V 0.0 A 0.00 kW | L3 231.3 V 0.0 A 0.00 kW"}
14:44:18 I y_notifications.cpp:168 Status change of text:200: {"value":"L1 230.2 V 0.0 A 0.00 kW | L2 230.5 V 0.0 A 0.00 kW | L3 231.3 V 0.0 A 0.00 kW"}
14:44:20 I shelly_script.cpp:204   script:1 5.9% CPU utilization
14:44:20 I y_notifications.cpp:168 Status change of text:200: {"value":"L1 229.9 V 0.0 A 0.00 kW | L2 230.1 V 0.0 A 0.00 kW | L3 230.6 V 0.0 A 0.00 kW"}
14:44:22 I y_notifications.cpp:168 Status change of text:200: {"value":"L1 230.4 V 0.0 A 0.00 kW | L2 230.7 V 0.0 A 0.00 kW | L3 230.7 V 0.0 A 0.00 kW"}
14:44:24 I y_notifications.cpp:168 Status change of text:200: {"value":"L1 230.4 V 0.0 A 0.00 kW | L2 230.7 V 0.0 A 0.00 kW | L3 231.1 V 0.0 A 0.00 kW"}
14:44:26 I y_notifications.cpp:168 Status change of text:200: {"value":"L1 229.9 V 0.0 A 0.00 kW | L2 230.4 V 0.0 A 0.00 kW | L3 230.7 V 0.0 A 0.00 kW"}
14:44:28 I y_notifications.cpp:168 Status change of text:200: {"value":"L1 229.9 V 0.0 A 0.00 kW | L2 230.0 V 0.0 A 0.00 kW | L3 231.3 V 0.0 A 0.00 kW"}
14:44:30 I shelly_script.cpp:204   script:1 5.9% CPU utilization
14:44:30 I y_notifications.cpp:168 Status change of text:200: {"value":"L1 229.5 V 0.0 A 0.00 kW | L2 230.9 V 0.0 A 0.00 kW | L3 230.9 V 0.0 A 0.00 kW"}
14:44:32 I y_notifications.cpp:168 Status change of text:200: {"value":"L1 229.6 V 0.0 A 0.00 kW | L2 230.8 V 0.0 A 0.00 kW | L3 231.5 V 0.0 A 0.00 kW"}
14:44:34 I y_notifications.cpp:168 Status change of text:200: {"value":"L1 229.6 V 0.0 A 0.00 kW | L2 230.8 V 0.0 A 0.00 kW | L3 231.2 V 0.0 A 0.00 kW"}
14:44:36 I y_notifications.cpp:168 Status change of text:200: {"value":"L1 230.3 V 0.0 A 0.00 kW | L2 230.9 V 0.0 A 0.00 kW | L3 231.1 V 0.0 A 0.00 kW"}
14:44:38 I y_notifications.cpp:168 Status change of text:200: {"value":"L1 230.2 V 0.0 A 0.00 kW | L2 230.1 V 0.0 A 0.00 kW | L3 230.8 V 0.0 A 0.00 kW"}
14:44:40 I y_notifications.cpp:168 Status change of text:200: {"value":"L1 229.9 V 0.0 A 0.00 kW | L2 230.1 V 0.0 A 0.00 kW | L3 231.1 V 0.0 A 0.00 kW"}
14:44:42 I shelly_script.cpp:204   script:1 5.9% CPU utilization
14:44:42 I y_notifications.cpp:168 Status change of text:200: {"value":"L1 229.9 V 0.0 A 0.00 kW | L2 230.7 V 0.0 A 0.00 kW | L3 230.5 V 0.0 A 0.00 kW"}
14:44:44 I y_notifications.cpp:168 Status change of text:200: {"value":"L1 229.9 V 0.0 A 0.00 kW | L2 230.7 V 0.0 A 0.00 kW | L3 230.7 V 0.0 A 0.00 kW"}
14:44:46 I y_notifications.cpp:168 Status change of text:200: {"value":"L1 229.6 V 0.0 A 0.00 kW | L2 230.2 V 0.0 A 0.00 kW | L3 231.2 V 0.0 A 0.00 kW"}
14:44:48 I y_notifications.cpp:168 Status change of text:200: {"value":"L1 229.6 V 0.0 A 0.00 kW | L2 230.4 V 0.0 A 0.00 kW | L3 231.2 V 0.0 A 0.00 kW"}
14:44:50 I y_notifications.cpp:168 Status change of text:200: {"value":"L1 229.8 V 0.0 A 0.00 kW | L2 230.7 V 0.0 A 0.00 kW | L3 230.9 V 0.0 A 0.00 kW"}
14:44:52 I shelly_script.cpp:204   script:1 5.9% CPU utilization
14:44:52 I y_notifications.cpp:168 Status change of text:200: {"value":"L1 230.5 V 0.0 A 0.00 kW | L2 230.7 V 0.0 A 0.00 kW | L3 230.9 V 0.0 A 0.00 kW"}
14:44:54 I y_notifications.cpp:168 Status change of text:200: {"value":"L1 230.1 V 0.0 A 0.00 kW | L2 230.1 V 0.0 A 0.00 kW | L3 231.1 V 0.0 A 0.00 kW"}
14:44:56 I y_notifications.cpp:168 Status change of text:200: {"value":"L1 229.7 V 0.0 A 0.00 kW | L2 230.8 V 0.0 A 0.00 kW | L3 230.9 V 0.0 A 0.00 kW"}
14:44:58 I y_notifications.cpp:168 Status change of text:200: {"value":"L1 229.9 V 0.0 A 0.00 kW | L2 230.9 V 0.0 A 0.00 kW | L3 230.9 V 0.0 A 0.00 kW"}
14:45:00 I y_notifications.cpp:168 Status change of text:200: {"value":"L1 230.3 V 0.0 A 0.00 kW | L2 230.2 V 0.0 A 0.00 kW | L3 231.4 V 0.0 A 0.00 kW"}
14:45:02 I shelly_script.cpp:204   script:1 5.9% CPU utilization
14:45:02 I y_notifications.cpp:168 Status change of text:200: {"value":"L1 229.8 V 0.0 A 0.00 kW | L2 230.5 V 0.0 A 0.00 kW | L3 230.9 V 0.0 A 0.00 kW"}
14:45:04 I y_notifications.cpp:168 Status change of text:200: {"value":"L1 230.1 V 0.0 A 0.00 kW | L2 230.9 V 0.0 A 0.00 kW | L3 231.4 V 0.0 A 0.00 kW"}
14:45:06 I y_notifications.cpp:168 Status change of text:200: {"value":"L1 230.2 V 0.0 A 0.00 kW | L2 230.9 V 0.0 A 0.00 kW | L3 230.9 V 0.0 A 0.00 kW"}
14:45:08 I y_notifications.cpp:168 Status change of text:200: {"value":"L1 230.4 V 0.0 A 0.00 kW | L2 230.9 V 0.0 A 0.00 kW | L3 231.2 V 0.0 A 0.00 kW"}
14:45:10 I y_notifications.cpp:168 Status change of text:200: {"value":"L1 229.9 V 0.0 A 0.00 kW | L2 230.1 V 0.0 A 0.00 kW | L3 230.6 V 0.0 A 0.00 kW"}
14:45:12 I y_notifications.cpp:168 Status change of text:200: {"value":"L1 229.9 V 0.0 A 0.00 kW | L2 230.5 V 0.0 A 0.00 kW | L3 230.6 V 0.0 A 0.00 kW"}
14:45:14 I shelly_script.cpp:204   script:1 5.9% CPU utilization
14:45:14 I y_notifications.cpp:168 Status change of text:200: {"value":"L1 230.4 V 0.0 A 0.00 kW | L2 230.0 V 0.0 A 0.00 kW | L3 230.9 V 0.0 A 0.00 kW"}
14:45:16 I y_notifications.cpp:168 Status change of text:200: {"value":"L1 230.5 V 0.0 A 0.00 kW | L2 230.1 V 0.0 A 0.00 kW | L3 230.7 V 0.0 A 0.00 kW"}
14:45:18 I y_notifications.cpp:168 Status change of text:200: {"value":"L1 229.8 V 0.0 A 0.00 kW | L2 230.2 V 0.0 A 0.00 kW | L3 231.5 V 0.0 A 0.00 kW"}
14:45:20 I y_notifications.cpp:168 Status change of text:200: {"value":"L1 230.0 V 0.0 A 0.00 kW | L2 230.6 V 0.0 A 0.00 kW | L3 230.5 V 0.0 A 0.00 kW"}
14:45:22 I y_notifications.cpp:168 Status change of text:200: {"value":"L1 230.5 V 0.0 A 0.00 kW | L2 230.6 V 0.0 A 0.00 kW | L3 231.3 V 0.0 A 0.00 kW"}
14:45:24 I shelly_script.cpp:204   script:1 5.9% CPU utilization
14:45:24 I y_notifications.cpp:168 Status change of text:200: {"value":"L1 230.1 V 0.0 A 0.00 kW | L2 230.9 V 0.0 A 0.00 kW | L3 230.7 V 0.0 A 0.00 kW"}
14:45:26 I y_notifications.cpp:168 Status change of text:200: {"value":"L1 229.6 V 0.0 A 0.00 kW | L2 230.9 V 0.0 A 0.00 kW | L3 230.7 V 0.0 A 0.00 kW"}
14:45:28 I y_notifications.cpp:168 Status change of text:200: {"value":"L1 229.9 V 0.0 A 0.00 kW | L2 230.7 V 0.0 A 0.00 kW | L3 231.1 V 0.0 A 0.00 kW"}
14:45:30 I y_notifications.cpp:168 Status change of text:200: {"value":"L1 230.2 V 0.0 A 0.00 kW | L2 230.7 V 0.0 A 0.00 kW | L3 230.8 V 0.0 A 0.00 kW"}
14:45:32 I y_notifications.cpp:168 Status change of text:200: {"value":"L1 229.9 V 0.0 A 0.00 kW | L2 230.4 V 0.0 A 0.00 kW | L3 230.9 V 0.0 A 0.00 kW"}
14:45:34 I y_notifications.cpp:168 Status change of text:200: {"value":"L1 229.8 V 0.0 A 0.00 kW | L2 230.8 V 0.0 A 0.00 kW | L3 230.9 V 0.0 A 0.00 kW"}
14:45:36 I shelly_script.cpp:204   script:1 5.9% CPU utilization
14:45:36 I y_notifications.cpp:168 Status change of text:200: {"value":"L1 230.4 V 0.0 A 0.00 kW | L2 230.5 V 0.0 A 0.00 kW | L3 231.4 V 0.0 A 0.00 kW"}
14:45:38 I y_notifications.cpp:168 Status change of text:200: {"value":"L1 230.3 V 0.0 A 0.00 kW | L2 230.5 V 0.0 A 0.00 kW | L3 230.8 V 0.0 A 0.00 kW"}
14:45:40 I y_notifications.cpp:168 Status change of text:200: {"value":"L1 229.5 V 0.0 A 0.00 kW | L2 230.8 V 0.0 A 0.00 kW | L3 230.9 V 0.0 A 0.00 kW"}
14:45:42 I y_notifications.cpp:168 Status change of text:200: {"value":"L1 230.2 V 0.0 A 0.00 kW | L2 230.0 V 0.0 A 0.00 kW | L3 230.6 V 0.0 A 0.00 kW"}
14:45:44 I y_notifications.cpp:168 Status change of text:200: {"value":"L1 229.9 V 0.0 A 0.00 kW | L2 230.4 V 0.0 A 0.00 kW | L3 231.3 V 0.0 A 0.00 kW"}
14:45:46 I shelly_script.cpp:204   script:1 5.9% CPU utilization
14:45:46 I y_notifications.cpp:168 Status change of text:200: {"value":"L1 230.3 V 0.0 A 0.00 kW | L2 230.9 V 0.0 A 0.00 kW | L3 231.1 V 0.0 A 0.00 kW"}
14:45:48 I y_notifications.cpp:168 Status change of text:200: {"value":"L1 229.6 V 0.0 A 0.00 kW | L2 230.5 V 0.0 A 0.00 kW | L3 231.1 V 0.0 A 0.00 kW"}
14:45:50 I y_notifications.cpp:168 Status change of text:200: {"value":"L1 230.0 V 0.0 A 0.00 kW | L2 230.6 V 0.0 A 0.00 kW | L3 230.9 V 0.0 A 0.00 kW"}
14:45:52 I y_notifications.cpp:168 Status change of text:200: {"value":"L1 229.8 V 0.0 A 0.00 kW | L2 230.7 V 0.0 A 0.00 kW | L3 230.9 V 0.0 A 0.00 kW"}
14:45:54 I y_notifications.cpp:168 Status change of text:200: {"value":"L1 229.7 V 0.0 A 0.00 kW | L2 230.1 V 0.0 A 0.00 kW | L3 231.4 V 0.0 A 0.00 kW"}
14:45:56 I y_notifications.cpp:168 Status change of text:200: {"value":"L1 229.8 V 0.0 A 0.00 kW | L2 230.1 V 0.0 A 0.00 kW | L3 231.5 V 0.0 A 0.00 kW"}
14:45:58 I shelly_script.cpp:204   script:1 5.9% CPU utilization
14:45:58 I y_notifications.cpp:168 Status change of text:200: {"value":"L1 229.9 V 0.0 A 0.00 kW | L2 230.2 V 0.0 A 0.00 kW | L3 231.5 V 0.0 A 0.00 kW"}
14:46:00 I y_notifications.cpp:168 Status change of text:200: {"value":"L1 230.5 V 0.0 A 0.00 kW | L2 230.4 V 0.0 A 0.00 kW | L3 230.9 V 0.0 A 0.00 kW"}
14:46:02 I y_notifications.cpp:168 Status change of text:200: {"value":"L1 229.7 V 0.0 A 0.00 kW | L2 230.7 V 0.0 A 0.00 kW | L3 231.1 V 0.0 A 0.00 kW"}
14:46:04 I y_notifications.cpp:168 Status change of text:200: {"value":"L1 229.9 V 0.0 A 0.00 kW | L2 230.3 V 0.0 A 0.00 kW | L3 230.5 V 0.0 A 0.00 kW"}
14:46:06 I y_notifications.cpp:168 Status change of text:200: {"value":"L1 230.2 V 0.0 A 0.00 kW | L2 230.2 V 0.0 A 0.00 kW | L3 230.9 V 0.0 A 0.00 kW"}
14:46:08 I shelly_script.cpp:204   script:1 5.9% CPU utilization
14:46:08 I y_notifications.cpp:168 Status change of text:200: {"value":"L1 229.9 V 0.0 A 0.00 kW | L2 230.7 V 0.0 A 0.00 kW | L3 231.3 V 0.0 A 0.00 kW"}
14:46:10 I y_notifications.cpp:168 Status change of text:200: {"value":"L1 230.4 V 0.0 A 0.00 kW | L2 230.0 V 0.0 A 0.00 kW | L3 231.3 V 0.0 A 0.00 kW"}
14:46:12 I y_notifications.cpp:168 Status change of text:200: {"value":"L1 230.2 V 0.0 A 0.00 kW | L2 230.9 V 0.0 A 0.00 kW | L3 231.2 V 0.0 A 0.00 kW"}
14:46:14 I y_notifications.cpp:168 Status change of text:200: {"value":"L1 230.2 V 0.0 A 0.00 kW | L2 230.1 V 0.0 A 0.00 kW | L3 230.5 V 0.0 A 0.00 kW"}
14:46:16 I y_notifications.cpp:168 Status change of text:200: {"value":"L1 229.9 V 0.0 A 0.00 kW | L2 230.0 V 0.0 A 0.00 kW | L3 230.9 V 0.0 A 0.00 kW"}
14:46:18 I y_notifications.cpp:168 Status change of text:200: {"value":"L1 229.5 V 0.0 A 0.00 kW | L2 230.9 V 0.0 A 0.00 kW | L3 231.0 V 0.0 A 0.00 kW"}
14:46:20 I shelly_script.cpp:204   script:1 5.9% CPU utilization
14:46:20 I y_notifications.cpp:168 Status change of text:200: {"value":"L1 230.1 V 0.0 A 0.00 kW | L2 230.3 V 0.0 A 0.00 kW | L3 230.8 V 0.0 A 0.00 kW"}
14:46:22 I y_notifications.cpp:168 Status change of text:200: {"value":"L1 229.9 V 0.0 A 0.00 kW | L2 230.1 V 0.0 A 0.00 kW | L3 230.9 V 0.0 A 0.00 kW"}
14:46:24 I y_notifications.cpp:168 Status change of text:200: {"value":"L1 229.6 V 0.0 A 0.00 kW | L2 230.3 V 0.0 A 0.00 kW | L3 230.9 V 0.0 A 0.00 kW"}
14:46:26 I y_notifications.cpp:168 Status change of text:200: {"value":"L1 230.2 V 0.0 A 0.00 kW | L2 230.9 V 0.0 A 0.00 kW | L3 230.7 V 0.0 A 0.00 kW"}
14:46:28 I y_notifications.cpp:168 Status change of text:200: {"value":"L1 229.6 V 0.0 A 0.00 kW | L2 230.7 V 0.0 A 0.00 kW | L3 230.5 V 0.0 A 0.00 kW"}
14:46:30 I y_notifications.cpp:168 Status change of text:200: {"value":"L1 230.4 V 0.0 A 0.00 kW | L2 230.6 V 0.0 A 0.00 kW | L3 230.7 V 0.0 A 0.00 kW"}
14:46:32 I shelly_script.cpp:204   script:1 5.9% CPU utilization
14:46:32 I y_notifications.cpp:168 Status change of text:200: {"value":"L1 230.2 V 0.0 A 0.00 kW | L2 230.9 V 0.0 A 0.00 kW | L3 230.6 V 0.0 A 0.00 kW"}
14:46:34 I y_notifications.cpp:168 Status change of text:200: {"value":"L1 230.4 V 0.0 A 0.00 kW | L2 230.2 V 0.0 A 0.00 kW | L3 230.9 V 0.0 A 0.00 kW"}
14:46:36 I y_notifications.cpp:168 Status change of text:200: {"value":"L1 229.8 V 0.0 A 0.00 kW | L2 230.4 V 0.0 A 0.00 kW | L3 230.7 V 0.0 A 0.00 kW"}
14:46:38 I y_notifications.cpp:168 Status change of text:200: {"value":"L1 230.4 V 0.0 A 0.00 kW | L2 230.8 V 0.0 A 0.00 kW | L3 230.7 V 0.0 A 0.00 kW"}
14:46:40 I y_notifications.cpp:168 Status change of text:200: {"value":"L1 229.7 V 0.0 A 0.00 kW | L2 230.6 V 0.0 A 0.00 kW | L3 230.6 V 0.0 A 0.00 kW"}
14:46:42 I shelly_script.cpp:204   script:1 5.9% CPU utilization
14:46:42 I y_notifications.cpp:168 Status change of text:200: {"value":"L1 230.2 V 0.0 A 0.00 kW | L2 230.6 V 0.0 A 0.00 kW | L3 230.5 V 0.0 A 0.00 kW"}
14:46:44 I y_notifications.cpp:168 Status change of text:200: {"value":"L1 229.7 V 0.0 A 0.00 kW | L2 230.8 V 0.0 A 0.00 kW | L3 231.5 V 0.0 A 0.00 kW"}
14:46:46 I y_notifications.cpp:168 Status change of text:200: {"value":"L1 229.7 V 0.0 A 0.00 kW | L2 230.4 V 0.0 A 0.00 kW | L3 231.3 V 0.0 A 0.00 kW"}
14:46:48 I y_notifications.cpp:168 Status change of text:200: {"value":"L1 230.4 V 0.0 A 0.00 kW | L2 230.4 V 0.0 A 0.00 kW | L3 231.4 V 0.0 A 0.00 kW"}
14:46:50 I y_notifications.cpp:168 Status change of text:200: {"value":"L1 229.6 V 0.0 A 0.00 kW | L2 230.7 V 0.0 A 0.00 kW | L3 231.3 V 0.0 A 0.00 kW"}
14:46:52 I y_notifications.cpp:168 Status change of text:200: {"value":"L1 230.4 V 0.0 A 0.00 kW | L2 230.7 V 0.0 A 0.00 kW | L3 230.6 V 0.0 A 0.00 kW"}
14:46:52 W y_notifications.cpp:122 ch type=WS_in info=from 192.168.0.57:57826 via ws0 has no DST
14:46:54 I shelly_script.cpp:204   script:1 5.9% CPU utilization
14:46:54 I y_notifications.cpp:168 Status change of text:200: {"value":"L1 230.5 V 0.0 A 0.00 kW | L2 230.6 V 0.0 A 0.00 kW | L3 231.3 V 0.0 A 0.00 kW"}
14:46:54 W y_notifications.cpp:122 ch type=WS_in info=from 192.168.0.57:57826 via ws0 has no DST
14:46:56 I y_notifications.cpp:168 Status change of text:200: {"value":"L1 229.7 V 0.0 A 0.00 kW | L2 230.7 V 0.0 A 0.00 kW | L3 231.4 V 0.0 A 0.00 kW"}
14:46:56 W y_notifications.cpp:122 ch type=WS_in info=from 192.168.0.57:57826 via ws0 has no DST
14:46:58 I y_notifications.cpp:168 Status change of text:200: {"value":"L1 230.5 V 0.0 A 0.00 kW | L2 230.9 V 0.0 A 0.00 kW | L3 231.2 V 0.0 A 0.00 kW"}
14:46:58 W y_notifications.cpp:122 ch type=WS_in info=from 192.168.0.57:57826 via ws0 has no DST
14:46:58 W shos_rpc_inst.c:372     0x3fcb5880: duplicate id 'web-1790247367824'
14:46:58 I shos_rpc_inst.c:241     RPC.Ping [50@web-1790247367824] via WS_in from 192.168.0.57:57826 via ws0
14:46:58 W shos_rpc_inst.c:372     0x3fcb5880: duplicate id 'web-1790247367824'
14:46:58 I shos_rpc_inst.c:241     Shelly.GetDeviceInfo [51@web-1790247367824] via WS_in from 192.168.0.57:57826 via ws0
14:46:58 W shos_rpc_inst.c:372     0x3fcb5880: duplicate id 'web-1790247367824'
14:46:58 I shos_rpc_inst.c:241     Shelly.GetComponents [52@web-1790247367824] via WS_in from 192.168.0.57:57826 via ws0
14:46:58 I shos_init.cpp:109       New min heap free: 71992
14:46:58 W shos_rpc_inst.c:372     0x3fcb5880: duplicate id 'web-1790247367824'
14:46:58 I shos_rpc_inst.c:241     Shelly.GetComponents [53@web-1790247367824] via WS_in from 192.168.0.57:57826 via ws0
14:46:58 W shos_rpc_inst.c:372     0x3fcb5880: duplicate id 'web-1790247367824'
14:46:58 I shos_rpc_inst.c:241     Shelly.GetComponents [54@web-1790247367824] via WS_in from 192.168.0.57:57826 via ws0
14:46:58 W shos_rpc_inst.c:372     0x3fcb5880: duplicate id 'web-1790247367824'
14:46:58 I shos_rpc_inst.c:241     Shelly.GetComponents [55@web-1790247367824] via WS_in from 192.168.0.57:57826 via ws0
14:46:59 W shos_rpc_inst.c:372     0x3fcb5880: duplicate id 'web-1790247367824'
14:46:59 I shos_rpc_inst.c:241     Schedule.List [56@web-1790247367824] via WS_in from 192.168.0.57:57826 via ws0
14:46:59 W shos_rpc_inst.c:372     0x3fcb5880: duplicate id 'web-1790247367824'
14:46:59 I shos_rpc_inst.c:241     Webhook.List [57@web-1790247367824] via WS_in from 192.168.0.57:57826 via ws0
14:46:59 W shos_rpc_inst.c:372     0x3fcb5880: duplicate id 'web-1790247367824'
14:46:59 I shos_rpc_inst.c:241     KVS.GetMany [58@web-1790247367824] via WS_in from 192.168.0.57:57826 via ws0
14:46:59 W shos_rpc_inst.c:372     0x3fcb5880: duplicate id 'web-1790247367824'
14:46:59 I shos_rpc_inst.c:241     Schedule.List [59@web-1790247367824] via WS_in from 192.168.0.57:57826 via ws0
14:46:59 W shos_rpc_inst.c:372     0x3fcb5880: duplicate id 'web-1790247367824'
14:46:59 I shos_rpc_inst.c:241     BLE.ListPairedDevices [60@web-1790247367824] via WS_in from 192.168.0.57:57826 via ws0
14:46:59 W shos_rpc_inst.c:372     0x3fcb5880: duplicate id 'web-1790247367824'
14:46:59 I shos_rpc_inst.c:241     Script.GetCode [61@web-1790247367824] via WS_in from 192.168.0.57:57826 via ws0
14:46:59 I lly_scripts_rpc.cpp:372 Sending "script_1.js"
14:46:59 W shos_rpc_inst.c:372     0x3fcb5880: duplicate id 'web-1790247367824'
14:46:59 I shos_rpc_inst.c:241     Webhook.ListAllSupported [62@web-1790247367824] via WS_in from 192.168.0.57:57826 via ws0
14:46:59 W shos_rpc_inst.c:372     0x3fcb5880: duplicate id 'web-1790247367824'
14:46:59 I shos_rpc_inst.c:241     Shelly.ListMethods [63@web-1790247367824] via WS_in from 192.168.0.57:57826 via ws0
14:47:00 I shos_init.cpp:109       New min heap free: 65876
14:47:00 W shos_rpc_inst.c:372     0x3fcb5880: duplicate id 'web-1790247367824'
14:47:00 I shos_rpc_inst.c:241     Script.GetCode [64@web-1790247367824] via WS_in from 192.168.0.57:57826 via ws0
14:47:00 W shos_rpc_inst.c:372     0x3fcb5880: duplicate id 'web-1790247367824'
14:47:00 I shos_rpc_inst.c:241     Webhook.ListAllSupported [65@web-1790247367824] via WS_in from 192.168.0.57:57826 via ws0
14:47:00 W shos_rpc_inst.c:372     0x3fcb5880: duplicate id 'web-1790247367824'
14:47:00 I shos_rpc_inst.c:241     Script.GetCode [66@web-1790247367824] via WS_in from 192.168.0.57:57826 via ws0
14:47:00 W shos_rpc_inst.c:372     0x3fcb5880: duplicate id 'web-1790247367824'
14:47:00 I shos_rpc_inst.c:241     Script.GetCode [67@web-1790247367824] via WS_in from 192.168.0.57:57826 via ws0
14:47:00 W shos_rpc_inst.c:372     0x3fcb5880: duplicate id 'web-1790247367824'
14:47:00 I shos_rpc_inst.c:241     Script.GetCode [68@web-1790247367824] via WS_in from 192.168.0.57:57826 via ws0
14:47:00 W shos_rpc_inst.c:372     0x3fcb5880: duplicate id 'web-1790247367824'
14:47:00 I shos_rpc_inst.c:241     Script.GetCode [69@web-1790247367824] via WS_in from 192.168.0.57:57826 via ws0
14:47:00 I y_notifications.cpp:168 Status change of text:200: {"value":"L1 229.6 V 0.0 A 0.00 kW | L2 230.0 V 0.0 A 0.00 kW | L3 231.1 V 0.0 A 0.00 kW"}
14:47:00 W y_notifications.cpp:122 ch type=WS_in info=from 192.168.0.57:57826 via ws0 has no DST
14:47:02 I y_notifications.cpp:168 Status change of text:200: {"value":"L1 230.4 V 0.0 A 0.00 kW | L2 230.2 V 0.0 A 0.00 kW | L3 230.8 V 0.0 A 0.00 kW"}
14:47:02 W y_notifications.cpp:122 ch type=WS_in info=from 192.168.0.57:57826 via ws0 has no DST
14:47:04 I shelly_script.cpp:204   script:1 5.9% CPU utilization
14:47:04 I y_notifications.cpp:168 Status change of text:200: {"value":"L1 229.9 V 0.0 A 0.00 kW | L2 230.9 V 0.0 A 0.00 kW | L3 231.4 V 0.0 A 0.00 kW"}
14:47:04 W y_notifications.cpp:122 ch type=WS_in info=from 192.168.0.57:57826 via ws0 has no DST
14:47:06 I y_notifications.cpp:168 Status change of text:200: {"value":"L1 230.0 V 0.0 A 0.00 kW | L2 230.7 V 0.0 A 0.00 kW | L3 230.9 V 0.0 A 0.00 kW"}
14:47:06 W y_notifications.cpp:122 ch type=WS_in info=from 192.168.0.57:57826 via ws0 has no DST
14:47:08 I y_notifications.cpp:168 Status change of text:200: {"value":"L1 230.1 V 0.0 A 0.00 kW | L2 230.9 V 0.0 A 0.00 kW | L3 231.1 V 0.0 A 0.00 kW"}
14:47:08 W y_notifications.cpp:122 ch type=WS_in info=from 192.168.0.57:57826 via ws0 has no DST
14:47:10 W shos_rpc_inst.c:372     0x3fcb5880: duplicate id 'web-1790247367824'
14:47:10 I shos_rpc_inst.c:241     RPC.Ping [70@web-1790247367824] via WS_in from 192.168.0.57:57826 via ws0
14:47:10 I y_notifications.cpp:168 Status change of text:200: {"value":"L1 229.7 V 0.0 A 0.00 kW | L2 230.9 V 0.0 A 0.00 kW | L3 231.5 V 0.0 A 0.00 kW"}
14:47:10 W y_notifications.cpp:122 ch type=WS_in info=from 192.168.0.57:57826 via ws0 has no DST
14:47:12 I y_notifications.cpp:168 Status change of text:200: {"value":"L1 229.9 V 0.0 A 0.00 kW | L2 230.1 V 0.0 A 0.00 kW | L3 231.0 V 0.0 A 0.00 kW"}
14:47:12 W y_notifications.cpp:122 ch type=WS_in info=from 192.168.0.57:57826 via ws0 has no DST
14:47:14 I y_notifications.cpp:168 Status change of text:200: {"value":"L1 230.3 V 0.0 A 0.00 kW | L2 230.7 V 0.0 A 0.00 kW | L3 231.1 V 0.0 A 0.00 kW"}
14:47:14 W y_notifications.cpp:122 ch type=WS_in info=from 192.168.0.57:57826 via ws0 has no DST
14:47:16 I shelly_script.cpp:204   script:1 5.9% CPU utilization
14:47:16 I y_notifications.cpp:168 Status change of text:200: {"value":"L1 230.2 V 0.0 A 0.00 kW | L2 230.1 V 0.0 A 0.00 kW | L3 230.7 V 0.0 A 0.00 kW"}
14:47:16 W y_notifications.cpp:122 ch type=WS_in info=from 192.168.0.57:57826 via ws0 has no DST
14:47:18 I y_notifications.cpp:168 Status change of text:200: {"value":"L1 229.5 V 0.0 A 0.00 kW | L2 230.6 V 0.0 A 0.00 kW | L3 231.3 V 0.0 A 0.00 kW"}
14:47:18 W y_notifications.cpp:122 ch type=WS_in info=from 192.168.0.57:57826 via ws0 has no DST
14:47:20 I y_notifications.cpp:168 Status change of text:200: {"value":"L1 230.2 V 0.0 A 0.00 kW | L2 230.5 V 0.0 A 0.00 kW | L3 230.5 V 0.0 A 0.00 kW"}
14:47:20 W y_notifications.cpp:122 ch type=WS_in info=from 192.168.0.57:57826 via ws0 has no DST
14:47:20 I shos_rpc_inst.c:241     RPC.Ping [71@web-1790247367824] via WS_in from 192.168.0.57:57826 via ws0
14:47:22 I y_notifications.cpp:168 Status change of text:200: {"value":"L1 229.6 V 0.0 A 0.00 kW | L2 230.8 V 0.0 A 0.00 kW | L3 230.6 V 0.0 A 0.00 kW"}
14:47:24 I y_notifications.cpp:168 Status change of text:200: {"value":"L1 230.3 V 0.0 A 0.00 kW | L2 230.6 V 0.0 A 0.00 kW | L3 230.9 V 0.0 A 0.00 kW"}
14:47:26 I shelly_script.cpp:204   script:1 5.9% CPU utilization
14:47:26 I y_notifications.cpp:168 Status change of text:200: {"value":"L1 229.9 V 0.0 A 0.00 kW | L2 230.8 V 0.0 A 0.00 kW | L3 231.4 V 0.0 A 0.00 kW"}
14:47:28 I y_notifications.cpp:168 Status change of text:200: {"value":"L1 229.5 V 0.0 A 0.00 kW | L2 230.1 V 0.0 A 0.00 kW | L3 231.4 V 0.0 A 0.00 kW"}
14:47:30 I y_notifications.cpp:168 Status change of text:200: {"value":"L1 230.1 V 0.0 A 0.00 kW | L2 230.1 V 0.0 A 0.00 kW | L3 231.4 V 0.0 A 0.00 kW"}
14:47:32 I y_notifications.cpp:168 Status change of text:200: {"value":"L1 229.9 V 0.0 A 0.00 kW | L2 230.9 V 0.0 A 0.00 kW | L3 231.1 V 0.0 A 0.00 kW"}
14:47:34 I y_notifications.cpp:168 Status change of text:200: {"value":"L1 229.9 V 0.0 A 0.00 kW | L2 230.8 V 0.0 A 0.00 kW | L3 230.9 V 0.0 A 0.00 kW"}
14:47:36 I y_notifications.cpp:168 Status change of text:200: {"value":"L1 229.9 V 0.0 A 0.00 kW | L2 230.2 V 0.0 A 0.00 kW | L3 231.3 V 0.0 A 0.00 kW"}
14:47:38 I shelly_script.cpp:204   script:1 5.9% CPU utilization
14:47:38 I y_notifications.cpp:168 Status change of text:200: {"value":"L1 230.0 V 0.0 A 0.00 kW | L2 230.9 V 0.0 A 0.00 kW | L3 231.2 V 0.0 A 0.00 kW"}
14:47:40 I y_notifications.cpp:168 Status change of text:200: {"value":"L1 230.2 V 0.0 A 0.00 kW | L2 230.6 V 0.0 A 0.00 kW | L3 230.9 V 0.0 A 0.00 kW"}
14:47:42 I y_notifications.cpp:168 Status change of text:200: {"value":"L1 229.7 V 0.0 A 0.00 kW | L2 230.3 V 0.0 A 0.00 kW | L3 231.4 V 0.0 A 0.00 kW"}
14:47:44 I y_notifications.cpp:168 Status change of text:200: {"value":"L1 230.2 V 0.0 A 0.00 kW | L2 230.8 V 0.0 A 0.00 kW | L3 231.0 V 0.0 A 0.00 kW"}
14:47:46 I y_notifications.cpp:168 Status change of text:200: {"value":"L1 229.6 V 0.0 A 0.00 kW | L2 230.9 V 0.0 A 0.00 kW | L3 231.4 V 0.0 A 0.00 kW"}
14:47:48 I y_notifications.cpp:168 Status change of text:200: {"value":"L1 229.5 V 0.0 A 0.00 kW | L2 230.1 V 0.0 A 0.00 kW | L3 230.8 V 0.0 A 0.00 kW"}
14:47:50 I shelly_script.cpp:204   script:1 5.9% CPU utilization
14:47:50 I y_notifications.cpp:168 Status change of text:200: {"value":"L1 230.2 V 0.0 A 0.00 kW | L2 230.4 V 0.0 A 0.00 kW | L3 231.5 V 0.0 A 0.00 kW"}
14:47:52 I y_notifications.cpp:168 Status change of text:200: {"value":"L1 229.6 V 0.0 A 0.00 kW | L2 230.1 V 0.0 A 0.00 kW | L3 231.5 V 0.0 A 0.00 kW"}
14:47:54 I y_notifications.cpp:168 Status change of text:200: {"value":"L1 229.9 V 0.0 A 0.00 kW | L2 230.9 V 0.0 A 0.00 kW | L3 230.9 V 0.0 A 0.00 kW"}
14:47:56 I y_notifications.cpp:168 Status change of text:200: {"value":"L1 229.7 V 0.0 A 0.00 kW | L2 230.5 V 0.0 A 0.00 kW | L3 230.9 V 0.0 A 0.00 kW"}
14:47:58 I y_notifications.cpp:168 Status change of text:200: {"value":"L1 230.1 V 0.0 A 0.00 kW | L2 230.0 V 0.0 A 0.00 kW | L3 230.6 V 0.0 A 0.00 kW"}
14:47:58 I shos_time.cpp:65        Setting time from SNTP (1790254079.359 delta +0.015)
14:47:59 I shelly_sys.cpp:339      Time set to 7035.262660 from 1
14:47:59 I y_notifications.cpp:168 Status change of sys: {"last_sync_ts":1790254079}
14:47:59 I y_notifications.cpp:168 Status change of sys: {"time":"14:47","unixtime":1790254079}
14:48:00 I shelly_script.cpp:204   script:1 5.9% CPU utilization
14:48:00 I y_notifications.cpp:168 Status change of text:200: {"value":"L1 230.1 V 0.0 A 0.00 kW | L2 230.2 V 0.0 A 0.00 kW | L3 230.6 V 0.0 A 0.00 kW"}
14:48:02 I y_notifications.cpp:168 Status change of text:200: {"value":"L1 230.1 V 0.0 A 0.00 kW | L2 230.0 V 0.0 A 0.00 kW | L3 231.3 V 0.0 A 0.00 kW"}
14:48:04 I y_notifications.cpp:168 Status change of text:200: {"value":"L1 229.9 V 0.0 A 0.00 kW | L2 230.8 V 0.0 A 0.00 kW | L3 231.3 V 0.0 A 0.00 kW"}
14:48:06 I y_notifications.cpp:168 Status change of text:200: {"value":"L1 230.2 V 0.0 A 0.00 kW | L2 230.6 V 0.0 A 0.00 kW | L3 231.3 V 0.0 A 0.00 kW"}
14:48:08 I y_notifications.cpp:168 Status change of text:200: {"value":"L1 229.7 V 0.0 A 0.00 kW | L2 230.0 V 0.0 A 0.00 kW | L3 230.9 V 0.0 A 0.00 kW"}
14:48:10 I y_notifications.cpp:168 Status change of text:200: {"value":"L1 230.2 V 0.0 A 0.00 kW | L2 230.3 V 0.0 A 0.00 kW | L3 231.2 V 0.0 A 0.00 kW"}
14:48:12 I shelly_script.cpp:204   script:1 5.9% CPU utilization
14:48:12 I y_notifications.cpp:168 Status change of text:200: {"value":"L1 230.3 V 0.0 A 0.00 kW | L2 230.6 V 0.0 A 0.00 kW | L3 231.1 V 0.0 A 0.00 kW"}
14:48:14 I y_notifications.cpp:168 Status change of text:200: {"value":"L1 229.9 V 0.0 A 0.00 kW | L2 230.9 V 0.0 A 0.00 kW | L3 231.1 V 0.0 A 0.00 kW"}
14:48:16 I y_notifications.cpp:168 Status change of text:200: {"value":"L1 229.8 V 0.0 A 0.00 kW | L2 230.7 V 0.0 A 0.00 kW | L3 230.7 V 0.0 A 0.00 kW"}
14:48:18 I y_notifications.cpp:168 Status change of text:200: {"value":"L1 229.8 V 0.0 A 0.00 kW | L2 230.7 V 0.0 A 0.00 kW | L3 231.3 V 0.0 A 0.00 kW"}
14:48:20 I y_notifications.cpp:168 Status change of text:200: {"value":"L1 230.0 V 0.0 A 0.00 kW | L2 230.6 V 0.0 A 0.00 kW | L3 230.6 V 0.0 A 0.00 kW"}
14:48:22 I shelly_script.cpp:204   script:1 5.9% CPU utilization
14:48:22 I y_notifications.cpp:168 Status change of text:200: {"value":"L1 230.0 V 0.0 A 0.00 kW | L2 230.6 V 0.0 A 0.00 kW | L3 230.8 V 0.0 A 0.00 kW"}
14:48:24 I y_notifications.cpp:168 Status change of text:200: {"value":"L1 229.6 V 0.0 A 0.00 kW | L2 230.2 V 0.0 A 0.00 kW | L3 231.1 V 0.0 A 0.00 kW"}
14:48:26 I y_notifications.cpp:168 Status change of text:200: {"value":"L1 230.4 V 0.0 A 0.00 kW | L2 230.0 V 0.0 A 0.00 kW | L3 231.4 V 0.0 A 0.00 kW"}
14:48:28 I y_notifications.cpp:168 Status change of text:200: {"value":"L1 230.0 V 0.0 A 0.00 kW | L2 230.9 V 0.0 A 0.00 kW | L3 230.8 V 0.0 A 0.00 kW"}
14:48:30 I y_notifications.cpp:168 Status change of text:200: {"value":"L1 230.5 V 0.0 A 0.00 kW | L2 230.7 V 0.0 A 0.00 kW | L3 231.5 V 0.0 A 0.00 kW"}
14:48:32 I y_notifications.cpp:168 Status change of text:200: {"value":"L1 230.0 V 0.0 A 0.00 kW | L2 230.2 V 0.0 A 0.00 kW | L3 230.9 V 0.0 A 0.00 kW"}
14:48:34 I shelly_script.cpp:204   script:1 5.9% CPU utilization
14:48:34 I y_notifications.cpp:168 Status change of text:200: {"value":"L1 230.1 V 0.0 A 0.00 kW | L2 230.2 V 0.0 A 0.00 kW | L3 231.5 V 0.0 A 0.00 kW"}
14:48:36 I y_notifications.cpp:168 Status change of text:200: {"value":"L1 230.5 V 0.0 A 0.00 kW | L2 230.5 V 0.0 A 0.00 kW | L3 230.8 V 0.0 A 0.00 kW"}
14:48:38 I y_notifications.cpp:168 Status change of text:200: {"value":"L1 230.2 V 0.0 A 0.00 kW | L2 230.3 V 0.0 A 0.00 kW | L3 230.7 V 0.0 A 0.00 kW"}
14:48:40 I y_notifications.cpp:168 Status change of text:200: {"value":"L1 229.6 V 0.0 A 0.00 kW | L2 230.0 V 0.0 A 0.00 kW | L3 231.3 V 0.0 A 0.00 kW"}
14:48:42 I y_notifications.cpp:168 Status change of text:200: {"value":"L1 230.2 V 0.0 A 0.00 kW | L2 230.8 V 0.0 A 0.00 kW | L3 230.6 V 0.0 A 0.00 kW"}
14:48:44 I shelly_script.cpp:204   script:1 5.9% CPU utilization
14:48:44 I y_notifications.cpp:168 Status change of text:200: {"value":"L1 229.6 V 0.0 A 0.00 kW | L2 230.2 V 0.0 A 0.00 kW | L3 231.1 V 0.0 A 0.00 kW"}
14:48:46 I y_notifications.cpp:168 Status change of text:200: {"value":"L1 230.4 V 0.0 A 0.00 kW | L2 230.1 V 0.0 A 0.00 kW | L3 230.5 V 0.0 A 0.00 kW"}
14:48:48 I y_notifications.cpp:168 Status change of text:200: {"value":"L1 230.4 V 0.0 A 0.00 kW | L2 230.9 V 0.0 A 0.00 kW | L3 231.3 V 0.0 A 0.00 kW"}
14:48:50 I y_notifications.cpp:168 Status change of text:200: {"value":"L1 230.2 V 0.0 A 0.00 kW | L2 230.3 V 0.0 A 0.00 kW | L3 230.9 V 0.0 A 0.00 kW"}
14:48:52 I y_notifications.cpp:168 Status change of text:200: {"value":"L1 229.7 V 0.0 A 0.00 kW | L2 230.3 V 0.0 A 0.00 kW | L3 230.9 V 0.0 A 0.00 kW"}
14:48:54 I shelly_script.cpp:204   script:1 5.9% CPU utilization
14:48:54 I y_notifications.cpp:168 Status change of text:200: {"value":"L1 230.1 V 0.0 A 0.00 kW | L2 230.8 V 0.0 A 0.00 kW | L3 231.2 V 0.0 A 0.00 kW"}
14:48:56 I y_notifications.cpp:168 Status change of text:200: {"value":"L1 229.5 V 0.0 A 0.00 kW | L2 230.3 V 0.0 A 0.00 kW | L3 230.6 V 0.0 A 0.00 kW"}
14:48:58 I y_notifications.cpp:168 Status change of text:200: {"value":"L1 229.6 V 0.0 A 0.00 kW | L2 230.7 V 0.0 A 0.00 kW | L3 231.2 V 0.0 A 0.00 kW"}
14:49:00 I y_notifications.cpp:168 Status change of text:200: {"value":"L1 229.9 V 0.0 A 0.00 kW | L2 230.4 V 0.0 A 0.00 kW | L3 231.2 V 0.0 A 0.00 kW"}
14:49:02 I y_notifications.cpp:168 Status change of text:200: {"value":"L1 229.9 V 0.0 A 0.00 kW | L2 230.8 V 0.0 A 0.00 kW | L3 231.3 V 0.0 A 0.00 kW"}
14:49:04 I y_notifications.cpp:168 Status change of text:200: {"value":"L1 229.5 V 0.0 A 0.00 kW | L2 230.9 V 0.0 A 0.00 kW | L3 231.3 V 0.0 A 0.00 kW"}
14:49:06 I shelly_script.cpp:204   script:1 5.9% CPU utilization
14:49:06 I y_notifications.cpp:168 Status change of text:200: {"value":"L1 230.3 V 0.0 A 0.00 kW | L2 230.5 V 0.0 A 0.00 kW | L3 231.1 V 0.0 A 0.00 kW"}
14:49:08 I y_notifications.cpp:168 Status change of text:200: {"value":"L1 230.0 V 0.0 A 0.00 kW | L2 230.5 V 0.0 A 0.00 kW | L3 230.9 V 0.0 A 0.00 kW"}
14:49:10 I y_notifications.cpp:168 Status change of text:200: {"value":"L1 229.8 V 0.0 A 0.00 kW | L2 230.4 V 0.0 A 0.00 kW | L3 230.6 V 0.0 A 0.00 kW"}
14:49:12 I y_notifications.cpp:168 Status change of text:200: {"value":"L1 229.8 V 0.0 A 0.00 kW | L2 230.7 V 0.0 A 0.00 kW | L3 231.1 V 0.0 A 0.00 kW"}
14:49:14 I y_notifications.cpp:168 Status change of text:200: {"value":"L1 230.4 V 0.0 A 0.00 kW | L2 230.5 V 0.0 A 0.00 kW | L3 231.3 V 0.0 A 0.00 kW"}
14:49:16 I shelly_script.cpp:204   script:1 5.9% CPU utilization
14:49:16 I y_notifications.cpp:168 Status change of text:200: {"value":"L1 229.6 V 0.0 A 0.00 kW | L2 230.5 V 0.0 A 0.00 kW | L3 231.2 V 0.0 A 0.00 kW"}
14:49:18 I y_notifications.cpp:168 Status change of text:200: {"value":"L1 229.9 V 0.0 A 0.00 kW | L2 230.5 V 0.0 A 0.00 kW | L3 231.5 V 0.0 A 0.00 kW"}
14:49:20 I y_notifications.cpp:168 Status change of text:200: {"value":"L1 229.6 V 0.0 A 0.00 kW | L2 230.9 V 0.0 A 0.00 kW | L3 230.6 V 0.0 A 0.00 kW"}
14:49:22 I y_notifications.cpp:168 Status change of text:200: {"value":"L1 229.8 V 0.0 A 0.00 kW | L2 230.9 V 0.0 A 0.00 kW | L3 231.1 V 0.0 A 0.00 kW"}
14:49:24 I y_notifications.cpp:168 Status change of text:200: {"value":"L1 229.6 V 0.0 A 0.00 kW | L2 230.9 V 0.0 A 0.00 kW | L3 231.1 V 0.0 A 0.00 kW"}
14:49:26 I y_notifications.cpp:168 Status change of text:200: {"value":"L1 230.5 V 0.0 A 0.00 kW | L2 230.3 V 0.0 A 0.00 kW | L3 231.3 V 0.0 A 0.00 kW"}
14:49:28 I shelly_script.cpp:204   script:1 5.9% CPU utilization
14:49:28 I y_notifications.cpp:168 Status change of text:200: {"value":"L1 229.8 V 0.0 A 0.00 kW | L2 230.0 V 0.0 A 0.00 kW | L3 231.5 V 0.0 A 0.00 kW"}
14:49:30 I y_notifications.cpp:168 Status change of text:200: {"value":"L1 229.9 V 0.0 A 0.00 kW | L2 230.9 V 0.0 A 0.00 kW | L3 230.8 V 0.0 A 0.00 kW"}
14:49:32 I y_notifications.cpp:168 Status change of text:200: {"value":"L1 229.8 V 0.0 A 0.00 kW | L2 230.4 V 0.0 A 0.00 kW | L3 231.2 V 0.0 A 0.00 kW"}
14:49:34 I y_notifications.cpp:168 Status change of text:200: {"value":"L1 229.8 V 0.0 A 0.00 kW | L2 230.3 V 0.0 A 0.00 kW | L3 230.9 V 0.0 A 0.00 kW"}
14:49:36 I y_notifications.cpp:168 Status change of text:200: {"value":"L1 229.5 V 0.0 A 0.00 kW | L2 230.4 V 0.0 A 0.00 kW | L3 231.3 V 0.0 A 0.00 kW"}
14:49:38 I shelly_script.cpp:204   script:1 5.9% CPU utilization
14:49:38 I y_notifications.cpp:168 Status change of text:200: {"value":"L1 230.0 V 0.0 A 0.00 kW | L2 230.9 V 0.0 A 0.00 kW | L3 231.5 V 0.0 A 0.00 kW"}
14:49:40 I y_notifications.cpp:168 Status change of text:200: {"value":"L1 229.7 V 0.0 A 0.00 kW | L2 230.7 V 0.0 A 0.00 kW | L3 231.3 V 0.0 A 0.00 kW"}
14:49:42 I y_notifications.cpp:168 Status change of text:200: {"value":"L1 229.9 V 0.0 A 0.00 kW | L2 230.3 V 0.0 A 0.00 kW | L3 231.5 V 0.0 A 0.00 kW"}
14:49:44 I y_notifications.cpp:168 Status change of text:200: {"value":"L1 229.6 V 0.0 A 0.00 kW | L2 230.6 V 0.0 A 0.00 kW | L3 231.4 V 0.0 A 0.00 kW"}
14:49:46 I y_notifications.cpp:168 Status change of text:200: {"value":"L1 230.3 V 0.0 A 0.00 kW | L2 230.5 V 0.0 A 0.00 kW | L3 231.4 V 0.0 A 0.00 kW"}
14:49:48 I y_notifications.cpp:168 Status change of text:200: {"value":"L1 229.7 V 0.0 A 0.00 kW | L2 230.9 V 0.0 A 0.00 kW | L3 231.0 V 0.0 A 0.00 kW"}
14:49:50 I shelly_script.cpp:204   script:1 5.9% CPU utilization
14:49:50 I y_notifications.cpp:168 Status change of text:200: {"value":"L1 230.5 V 0.0 A 0.00 kW | L2 230.4 V 0.0 A 0.00 kW | L3 230.9 V 0.0 A 0.00 kW"}
14:49:52 I y_notifications.cpp:168 Status change of text:200: {"value":"L1 230.4 V 0.0 A 0.00 kW | L2 230.9 V 0.0 A 0.00 kW | L3 231.0 V 0.0 A 0.00 kW"}
14:49:54 I y_notifications.cpp:168 Status change of text:200: {"value":"L1 230.2 V 0.0 A 0.00 kW | L2 230.1 V 0.0 A 0.00 kW | L3 230.9 V 0.0 A 0.00 kW"}
14:49:56 I y_notifications.cpp:168 Status change of text:200: {"value":"L1 230.5 V 0.0 A 0.00 kW | L2 230.4 V 0.0 A 0.00 kW | L3 230.6 V 0.0 A 0.00 kW"}
14:49:58 I y_notifications.cpp:168 Status change of text:200: {"value":"L1 229.9 V 0.0 A 0.00 kW | L2 230.5 V 0.0 A 0.00 kW | L3 231.4 V 0.0 A 0.00 kW"}
14:50:00 I y_notifications.cpp:168 Status change of text:200: {"value":"L1 229.9 V 0.0 A 0.00 kW | L2 230.5 V 0.0 A 0.00 kW | L3 231.3 V 0.0 A 0.00 kW"}
14:50:02 I shelly_script.cpp:204   script:1 5.9% CPU utilization
14:50:02 I y_notifications.cpp:168 Status change of text:200: {"value":"L1 230.3 V 0.0 A 0.00 kW | L2 230.1 V 0.0 A 0.00 kW | L3 231.3 V 0.0 A 0.00 kW"}
14:50:04 I y_notifications.cpp:168 Status change of text:200: {"value":"L1 229.6 V 0.0 A 0.00 kW | L2 230.5 V 0.0 A 0.00 kW | L3 230.8 V 0.0 A 0.00 kW"}
14:50:06 I y_notifications.cpp:168 Status change of text:200: {"value":"L1 229.9 V 0.0 A 0.00 kW | L2 230.5 V 0.0 A 0.00 kW | L3 230.9 V 0.0 A 0.00 kW"}
14:50:08 I y_notifications.cpp:168 Status change of text:200: {"value":"L1 230.1 V 0.0 A 0.00 kW | L2 230.9 V 0.0 A 0.00 kW | L3 231.4 V 0.0 A 0.00 kW"}
14:50:10 I y_notifications.cpp:168 Status change of text:200: {"value":"L1 229.7 V 0.0 A 0.00 kW | L2 230.8 V 0.0 A 0.00 kW | L3 230.8 V 0.0 A 0.00 kW"}
14:50:12 I shelly_script.cpp:204   script:1 5.9% CPU utilization
14:50:12 I y_notifications.cpp:168 Status change of text:200: {"value":"L1 229.7 V 0.0 A 0.00 kW | L2 230.9 V 0.0 A 0.00 kW | L3 230.6 V 0.0 A 0.00 kW"}
14:50:14 I y_notifications.cpp:168 Status change of text:200: {"value":"L1 229.7 V 0.0 A 0.00 kW | L2 230.6 V 0.0 A 0.00 kW | L3 231.2 V 0.0 A 0.00 kW"}
14:50:16 I y_notifications.cpp:168 Status change of text:200: {"value":"L1 229.9 V 0.0 A 0.00 kW | L2 230.5 V 0.0 A 0.00 kW | L3 231.3 V 0.0 A 0.00 kW"}
14:50:18 I y_notifications.cpp:168 Status change of text:200: {"value":"L1 229.8 V 0.0 A 0.00 kW | L2 230.0 V 0.0 A 0.00 kW | L3 231.2 V 0.0 A 0.00 kW"}
14:50:20 I y_notifications.cpp:168 Status change of text:200: {"value":"L1 230.2 V 0.0 A 0.00 kW | L2 230.7 V 0.0 A 0.00 kW | L3 230.6 V 0.0 A 0.00 kW"}
14:50:22 I y_notifications.cpp:168 Status change of text:200: {"value":"L1 230.1 V 0.0 A 0.00 kW | L2 230.0 V 0.0 A 0.00 kW | L3 231.2 V 0.0 A 0.00 kW"}
14:50:24 I shelly_script.cpp:204   script:1 5.9% CPU utilization
14:50:24 I y_notifications.cpp:168 Status change of text:200: {"value":"L1 229.8 V 0.0 A 0.00 kW | L2 230.6 V 0.0 A 0.00 kW | L3 231.0 V 0.0 A 0.00 kW"}
14:50:26 I y_notifications.cpp:168 Status change of text:200: {"value":"L1 229.7 V 0.0 A 0.00 kW | L2 230.8 V 0.0 A 0.00 kW | L3 231.1 V 0.0 A 0.00 kW"}
14:50:28 I y_notifications.cpp:168 Status change of text:200: {"value":"L1 229.5 V 0.0 A 0.00 kW | L2 230.9 V 0.0 A 0.00 kW | L3 231.4 V 0.0 A 0.00 kW"}
14:50:30 I y_notifications.cpp:168 Status change of text:200: {"value":"L1 229.6 V 0.0 A 0.00 kW | L2 230.6 V 0.0 A 0.00 kW | L3 230.6 V 0.0 A 0.00 kW"}
14:50:32 I y_notifications.cpp:168 Status change of text:200: {"value":"L1 229.5 V 0.0 A 0.00 kW | L2 230.5 V 0.0 A 0.00 kW | L3 230.7 V 0.0 A 0.00 kW"}
14:50:34 I y_notifications.cpp:168 Status change of text:200: {"value":"L1 230.0 V 0.0 A 0.00 kW | L2 230.7 V 0.0 A 0.00 kW | L3 230.9 V 0.0 A 0.00 kW"}
14:50:36 I shelly_script.cpp:204   script:1 5.9% CPU utilization
14:50:36 I y_notifications.cpp:168 Status change of text:200: {"value":"L1 229.9 V 0.0 A 0.00 kW | L2 230.5 V 0.0 A 0.00 kW | L3 230.7 V 0.0 A 0.00 kW"}
14:50:38 I y_notifications.cpp:168 Status change of text:200: {"value":"L1 229.9 V 0.0 A 0.00 kW | L2 230.4 V 0.0 A 0.00 kW | L3 230.7 V 0.0 A 0.00 kW"}
14:50:40 I y_notifications.cpp:168 Status change of text:200: {"value":"L1 229.8 V 0.0 A 0.00 kW | L2 230.1 V 0.0 A 0.00 kW | L3 231.0 V 0.0 A 0.00 kW"}
14:50:42 I y_notifications.cpp:168 Status change of text:200: {"value":"L1 229.5 V 0.0 A 0.00 kW | L2 230.7 V 0.0 A 0.00 kW | L3 231.4 V 0.0 A 0.00 kW"}
14:50:44 I y_notifications.cpp:168 Status change of text:200: {"value":"L1 229.7 V 0.0 A 0.00 kW | L2 230.4 V 0.0 A 0.00 kW | L3 230.8 V 0.0 A 0.00 kW"}
14:50:46 I shelly_script.cpp:204   script:1 5.9% CPU utilization
14:50:46 I y_notifications.cpp:168 Status change of text:200: {"value":"L1 229.7 V 0.0 A 0.00 kW | L2 230.0 V 0.0 A 0.00 kW | L3 231.1 V 0.0 A 0.00 kW"}
14:50:48 I y_notifications.cpp:168 Status change of text:200: {"value":"L1 230.3 V 0.0 A 0.00 kW | L2 230.1 V 0.0 A 0.00 kW | L3 231.2 V 0.0 A 0.00 kW"}
14:50:50 I y_notifications.cpp:168 Status change of text:200: {"value":"L1 229.7 V 0.0 A 0.00 kW | L2 230.2 V 0.0 A 0.00 kW | L3 230.7 V 0.0 A 0.00 kW"}
14:50:52 I y_notifications.cpp:168 Status change of text:200: {"value":"L1 229.6 V 0.0 A 0.00 kW | L2 230.9 V 0.0 A 0.00 kW | L3 230.8 V 0.0 A 0.00 kW"}
14:50:54 I y_notifications.cpp:168 Status change of text:200: {"value":"L1 229.6 V 0.0 A 0.00 kW | L2 230.7 V 0.0 A 0.00 kW | L3 230.9 V 0.0 A 0.00 kW"}
14:50:56 I shelly_script.cpp:204   script:1 5.9% CPU utilization
14:50:56 I y_notifications.cpp:168 Status change of text:200: {"value":"L1 230.5 V 0.0 A 0.00 kW | L2 230.4 V 0.0 A 0.00 kW | L3 231.1 V 0.0 A 0.00 kW"}
14:50:58 I y_notifications.cpp:168 Status change of text:200: {"value":"L1 229.5 V 0.0 A 0.00 kW | L2 230.2 V 0.0 A 0.00 kW | L3 231.1 V 0.0 A 0.00 kW"}
14:51:00 I y_notifications.cpp:168 Status change of text:200: {"value":"L1 230.4 V 0.0 A 0.00 kW | L2 230.9 V 0.0 A 0.00 kW | L3 230.8 V 0.0 A 0.00 kW"}
14:51:02 I y_notifications.cpp:168 Status change of text:200: {"value":"L1 229.9 V 0.0 A 0.00 kW | L2 230.9 V 0.0 A 0.00 kW | L3 231.4 V 0.0 A 0.00 kW"}
14:51:04 I y_notifications.cpp:168 Status change of text:200: {"value":"L1 229.6 V 0.0 A 0.00 kW | L2 230.6 V 0.0 A 0.00 kW | L3 231.5 V 0.0 A 0.00 kW"}
14:51:06 I y_notifications.cpp:168 Status change of text:200: {"value":"L1 230.4 V 0.0 A 0.00 kW | L2 230.7 V 0.0 A 0.00 kW | L3 231.3 V 0.0 A 0.00 kW"}
14:51:08 I shelly_script.cpp:204   script:1 5.9% CPU utilization
14:51:08 I y_notifications.cpp:168 Status change of text:200: {"value":"L1 230.0 V 0.0 A 0.00 kW | L2 230.8 V 0.0 A 0.00 kW | L3 230.7 V 0.0 A 0.00 kW"}
14:51:10 I y_notifications.cpp:168 Status change of text:200: {"value":"L1 229.8 V 0.0 A 0.00 kW | L2 230.2 V 0.0 A 0.00 kW | L3 231.0 V 0.0 A 0.00 kW"}
14:51:12 I y_notifications.cpp:168 Status change of text:200: {"value":"L1 229.8 V 0.0 A 0.00 kW | L2 230.3 V 0.0 A 0.00 kW | L3 230.5 V 0.0 A 0.00 kW"}
14:51:14 I y_notifications.cpp:168 Status change of text:200: {"value":"L1 229.9 V 0.0 A 0.00 kW | L2 230.9 V 0.0 A 0.00 kW | L3 231.3 V 0.0 A 0.00 kW"}
14:51:16 I y_notifications.cpp:168 Status change of text:200: {"value":"L1 229.7 V 0.0 A 0.00 kW | L2 230.7 V 0.0 A 0.00 kW | L3 231.1 V 0.0 A 0.00 kW"}
14:51:18 I shelly_script.cpp:204   script:1 5.8% CPU utilization
14:51:18 I y_notifications.cpp:168 Status change of text:200: {"value":"L1 229.7 V 0.0 A 0.00 kW | L2 230.7 V 0.0 A 0.00 kW | L3 230.9 V 0.0 A 0.00 kW"}
14:51:20 I y_notifications.cpp:168 Status change of text:200: {"value":"L1 229.7 V 0.0 A 0.00 kW | L2 230.0 V 0.0 A 0.00 kW | L3 230.7 V 0.0 A 0.00 kW"}
14:51:22 I y_notifications.cpp:168 Status change of text:200: {"value":"L1 229.7 V 0.0 A 0.00 kW | L2 230.3 V 0.0 A 0.00 kW | L3 230.9 V 0.0 A 0.00 kW"}
14:51:24 I y_notifications.cpp:168 Status change of text:200: {"value":"L1 230.0 V 0.0 A 0.00 kW | L2 230.7 V 0.0 A 0.00 kW | L3 230.9 V 0.0 A 0.00 kW"}
14:51:26 I y_notifications.cpp:168 Status change of text:200: {"value":"L1 230.3 V 0.0 A 0.00 kW | L2 230.2 V 0.0 A 0.00 kW | L3 230.5 V 0.0 A 0.00 kW"}
14:51:28 I shelly_script.cpp:204   script:1 5.9% CPU utilization
14:51:28 I y_notifications.cpp:168 Status change of text:200: {"value":"L1 230.5 V 0.0 A 0.00 kW | L2 230.5 V 0.0 A 0.00 kW | L3 230.6 V 0.0 A 0.00 kW"}
14:51:30 I y_notifications.cpp:168 Status change of text:200: {"value":"L1 229.5 V 0.0 A 0.00 kW | L2 230.7 V 0.0 A 0.00 kW | L3 231.0 V 0.0 A 0.00 kW"}
14:51:32 I y_notifications.cpp:168 Status change of text:200: {"value":"L1 229.7 V 0.0 A 0.00 kW | L2 230.3 V 0.0 A 0.00 kW | L3 231.3 V 0.0 A 0.00 kW"}
14:51:34 I y_notifications.cpp:168 Status change of text:200: {"value":"L1 229.9 V 0.0 A 0.00 kW | L2 230.9 V 0.0 A 0.00 kW | L3 231.1 V 0.0 A 0.00 kW"}
14:51:36 I y_notifications.cpp:168 Status change of text:200: {"value":"L1 229.6 V 0.0 A 0.00 kW | L2 230.5 V 0.0 A 0.00 kW | L3 230.5 V 0.0 A 0.00 kW"}
14:51:38 I y_notifications.cpp:168 Status change of text:200: {"value":"L1 230.1 V 0.0 A 0.00 kW | L2 230.2 V 0.0 A 0.00 kW | L3 230.9 V 0.0 A 0.00 kW"}
14:51:40 I shelly_script.cpp:204   script:1 5.8% CPU utilization
14:51:40 I y_notifications.cpp:168 Status change of text:200: {"value":"L1 229.9 V 0.0 A 0.00 kW | L2 230.1 V 0.0 A 0.00 kW | L3 230.5 V 0.0 A 0.00 kW"}
14:51:42 I y_notifications.cpp:168 Status change of text:200: {"value":"L1 230.4 V 0.0 A 0.00 kW | L2 230.4 V 0.0 A 0.00 kW | L3 230.7 V 0.0 A 0.00 kW"}
14:51:44 I y_notifications.cpp:168 Status change of text:200: {"value":"L1 230.2 V 0.0 A 0.00 kW | L2 230.3 V 0.0 A 0.00 kW | L3 231.2 V 0.0 A 0.00 kW"}
14:51:46 I y_notifications.cpp:168 Status change of text:200: {"value":"L1 229.7 V 0.0 A 0.00 kW | L2 230.5 V 0.0 A 0.00 kW | L3 231.3 V 0.0 A 0.00 kW"}
14:51:48 I y_notifications.cpp:168 Status change of text:200: {"value":"L1 230.2 V 0.0 A 0.00 kW | L2 230.6 V 0.0 A 0.00 kW | L3 231.4 V 0.0 A 0.00 kW"}
14:51:50 I shelly_script.cpp:204   script:1 5.9% CPU utilization
14:51:50 I y_notifications.cpp:168 Status change of text:200: {"value":"L1 229.9 V 0.0 A 0.00 kW | L2 230.0 V 0.0 A 0.00 kW | L3 231.1 V 0.0 A 0.00 kW"}
14:51:52 I y_notifications.cpp:168 Status change of text:200: {"value":"L1 230.4 V 0.0 A 0.00 kW | L2 230.7 V 0.0 A 0.00 kW | L3 230.6 V 0.0 A 0.00 kW"}
14:51:54 I y_notifications.cpp:168 Status change of text:200: {"value":"L1 230.1 V 0.0 A 0.00 kW | L2 230.5 V 0.0 A 0.00 kW | L3 231.2 V 0.0 A 0.00 kW"}
14:51:56 I y_notifications.cpp:168 Status change of text:200: {"value":"L1 230.0 V 0.0 A 0.00 kW | L2 230.2 V 0.0 A 0.00 kW | L3 230.7 V 0.0 A 0.00 kW"}
14:51:58 I y_notifications.cpp:168 Status change of text:200: {"value":"L1 229.6 V 0.0 A 0.00 kW | L2 230.9 V 0.0 A 0.00 kW | L3 230.7 V 0.0 A 0.00 kW"}
14:52:00 I y_notifications.cpp:168 Status change of text:200: {"value":"L1 230.4 V 0.0 A 0.00 kW | L2 230.0 V 0.0 A 0.00 kW | L3 231.0 V 0.0 A 0.00 kW"}
14:52:02 I shelly_script.cpp:204   script:1 5.9% CPU utilization
14:52:02 I y_notifications.cpp:168 Status change of text:200: {"value":"L1 230.1 V 0.0 A 0.00 kW | L2 230.6 V 0.0 A 0.00 kW | L3 230.8 V 0.0 A 0.00 kW"}
14:52:04 I y_notifications.cpp:168 Status change of text:200: {"value":"L1 230.4 V 0.0 A 0.00 kW | L2 230.2 V 0.0 A 0.00 kW | L3 230.5 V 0.0 A 0.00 kW"}
14:52:06 I y_notifications.cpp:168 Status change of text:200: {"value":"L1 230.4 V 0.0 A 0.00 kW | L2 230.6 V 0.0 A 0.00 kW | L3 230.7 V 0.0 A 0.00 kW"}
14:52:08 I y_notifications.cpp:168 Status change of text:200: {"value":"L1 230.1 V 0.0 A 0.00 kW | L2 230.9 V 0.0 A 0.00 kW | L3 230.9 V 0.0 A 0.00 kW"}
14:52:10 I y_notifications.cpp:168 Status change of text:200: {"value":"L1 229.7 V 0.0 A 0.00 kW | L2 230.4 V 0.0 A 0.00 kW | L3 231.4 V 0.0 A 0.00 kW"}
14:52:12 I y_notifications.cpp:168 Status change of text:200: {"value":"L1 229.9 V 0.0 A 0.00 kW | L2 230.1 V 0.0 A 0.00 kW | L3 230.7 V 0.0 A 0.00 kW"}
14:52:14 I shelly_script.cpp:204   script:1 5.9% CPU utilization
14:52:14 I y_notifications.cpp:168 Status change of text:200: {"value":"L1 230.2 V 0.0 A 0.00 kW | L2 230.2 V 0.0 A 0.00 kW | L3 230.9 V 0.0 A 0.00 kW"}
14:52:16 I y_notifications.cpp:168 Status change of text:200: {"value":"L1 229.6 V 0.0 A 0.00 kW | L2 230.1 V 0.0 A 0.00 kW | L3 230.6 V 0.0 A 0.00 kW"}
14:52:18 I y_notifications.cpp:168 Status change of text:200: {"value":"L1 230.5 V 0.0 A 0.00 kW | L2 230.3 V 0.0 A 0.00 kW | L3 231.2 V 0.0 A 0.00 kW"}
14:52:20 I y_notifications.cpp:168 Status change of text:200: {"value":"L1 229.7 V 0.0 A 0.00 kW | L2 230.3 V 0.0 A 0.00 kW | L3 231.0 V 0.0 A 0.00 kW"}
14:52:22 I y_notifications.cpp:168 Status change of text:200: {"value":"L1 230.1 V 0.0 A 0.00 kW | L2 230.9 V 0.0 A 0.00 kW | L3 230.9 V 0.0 A 0.00 kW"}
14:52:24 I y_notifications.cpp:168 Status change of text:200: {"value":"L1 229.9 V 0.0 A 0.00 kW | L2 230.2 V 0.0 A 0.00 kW | L3 230.9 V 0.0 A 0.00 kW"}
14:52:26 I shelly_script.cpp:204   script:1 5.9% CPU utilization
14:52:26 I y_notifications.cpp:168 Status change of text:200: {"value":"L1 229.5 V 0.0 A 0.00 kW | L2 230.5 V 0.0 A 0.00 kW | L3 231.4 V 0.0 A 0.00 kW"}
14:52:28 I y_notifications.cpp:168 Status change of text:200: {"value":"L1 229.6 V 0.0 A 0.00 kW | L2 230.7 V 0.0 A 0.00 kW | L3 231.2 V 0.0 A 0.00 kW"}
14:52:28 W y_notifications.cpp:122 ch type=WS_in info=from 192.168.0.57:63948 via ws0 has no DST
14:52:30 I y_notifications.cpp:168 Status change of text:200: {"value":"L1 229.9 V 0.0 A 0.00 kW | L2 230.2 V 0.0 A 0.00 kW | L3 231.4 V 0.0 A 0.00 kW"}
14:52:30 W y_notifications.cpp:122 ch type=WS_in info=from 192.168.0.57:63948 via ws0 has no DST
14:52:32 I y_notifications.cpp:168 Status change of text:200: {"value":"L1 229.9 V 0.0 A 0.00 kW | L2 230.5 V 0.0 A 0.00 kW | L3 231.4 V 0.0 A 0.00 kW"}
14:52:32 W y_notifications.cpp:122 ch type=WS_in info=from 192.168.0.57:63948 via ws0 has no DST
14:52:34 I y_notifications.cpp:168 Status change of text:200: {"value":"L1 229.7 V 0.0 A 0.00 kW | L2 230.9 V 0.0 A 0.00 kW | L3 231.1 V 0.0 A 0.00 kW"}
14:52:34 W y_notifications.cpp:122 ch type=WS_in info=from 192.168.0.57:63948 via ws0 has no DST
14:52:34 I shos_rpc_inst.c:241     Shelly.GetDeviceInfo [74@web-1790247367824] via WS_in from 192.168.0.57:63948 via ws0
14:52:34 I shos_rpc_inst.c:241     RPC.Ping [75@web-1790247367824] via WS_in from 192.168.0.57:63948 via ws0
14:52:34 I shos_rpc_inst.c:241     Shelly.GetComponents [76@web-1790247367824] via WS_in from 192.168.0.57:63948 via ws0
14:52:34 I shos_rpc_inst.c:241     Shelly.GetComponents [77@web-1790247367824] via WS_in from 192.168.0.57:63948 via ws0
14:52:34 I shos_rpc_inst.c:241     Shelly.GetComponents [78@web-1790247367824] via WS_in from 192.168.0.57:63948 via ws0
14:52:34 I shos_rpc_inst.c:241     Shelly.GetComponents [79@web-1790247367824] via WS_in from 192.168.0.57:63948 via ws0
14:52:35 I shos_rpc_inst.c:241     Schedule.List [80@web-1790247367824] via WS_in from 192.168.0.57:63948 via ws0
14:52:35 I shos_rpc_inst.c:241     Webhook.List [81@web-1790247367824] via WS_in from 192.168.0.57:63948 via ws0
14:52:35 I shos_rpc_inst.c:241     KVS.GetMany [82@web-1790247367824] via WS_in from 192.168.0.57:63948 via ws0
14:52:35 I shos_rpc_inst.c:241     Schedule.List [83@web-1790247367824] via WS_in from 192.168.0.57:63948 via ws0
14:52:35 I shos_rpc_inst.c:241     BLE.ListPairedDevices [84@web-1790247367824] via WS_in from 192.168.0.57:63948 via ws0
14:52:35 I shos_rpc_inst.c:241     Script.GetCode [85@web-1790247367824] via WS_in from 192.168.0.57:63948 via ws0
14:52:35 I lly_scripts_rpc.cpp:372 Sending "script_1.js"
14:52:35 I shos_rpc_inst.c:241     Webhook.ListAllSupported [86@web-1790247367824] via WS_in from 192.168.0.57:63948 via ws0
14:52:35 I shos_rpc_inst.c:241     Shelly.ListMethods [87@web-1790247367824] via WS_in from 192.168.0.57:63948 via ws0
14:52:36 I shos_rpc_inst.c:241     Script.GetCode [88@web-1790247367824] via WS_in from 192.168.0.57:63948 via ws0
14:52:36 I shos_rpc_inst.c:241     Webhook.ListAllSupported [89@web-1790247367824] via WS_in from 192.168.0.57:63948 via ws0
14:52:36 I shos_rpc_inst.c:241     Script.GetCode [90@web-1790247367824] via WS_in from 192.168.0.57:63948 via ws0
14:52:36 I shos_rpc_inst.c:241     Script.GetCode [91@web-1790247367824] via WS_in from 192.168.0.57:63948 via ws0
14:52:36 I shos_rpc_inst.c:241     Script.GetCode [92@web-1790247367824] via WS_in from 192.168.0.57:63948 via ws0
14:52:36 I shos_rpc_inst.c:241     Script.GetCode [93@web-1790247367824] via WS_in from 192.168.0.57:63948 via ws0
14:52:36 I shelly_script.cpp:204   script:1 5.9% CPU utilization
14:52:36 I y_notifications.cpp:168 Status change of text:200: {"value":"L1 229.9 V 0.0 A 0.00 kW | L2 230.1 V 0.0 A 0.00 kW | L3 230.6 V 0.0 A 0.00 kW"}
14:52:38 I y_notifications.cpp:168 Status change of text:200: {"value":"L1 230.4 V 0.0 A 0.00 kW | L2 230.4 V 0.0 A 0.00 kW | L3 231.3 V 0.0 A 0.00 kW"}
14:52:40 I y_notifications.cpp:168 Status change of text:200: {"value":"L1 230.4 V 0.0 A 0.00 kW | L2 230.1 V 0.0 A 0.00 kW | L3 230.7 V 0.0 A 0.00 kW"}
14:52:42 I y_notifications.cpp:168 Status change of text:200: {"value":"L1 230.1 V 0.0 A 0.00 kW | L2 230.2 V 0.0 A 0.00 kW | L3 230.7 V 0.0 A 0.00 kW"}
14:52:44 I y_notifications.cpp:168 Status change of text:200: {"value":"L1 230.0 V 0.0 A 0.00 kW | L2 230.7 V 0.0 A 0.00 kW | L3 230.9 V 0.0 A 0.00 kW"}
14:52:46 I y_notifications.cpp:168 Status change of text:200: {"value":"L1 230.0 V 0.0 A 0.00 kW | L2 230.4 V 0.0 A 0.00 kW | L3 230.7 V 0.0 A 0.00 kW"}
14:52:48 I shelly_script.cpp:204   script:1 5.9% CPU utilization
14:52:48 I y_notifications.cpp:168 Status change of text:200: {"value":"L1 230.4 V 0.0 A 0.00 kW | L2 230.8 V 0.0 A 0.00 kW | L3 231.1 V 0.0 A 0.00 kW"}
14:52:50 I y_notifications.cpp:168 Status change of text:200: {"value":"L1 229.5 V 0.0 A 0.00 kW | L2 230.1 V 0.0 A 0.00 kW | L3 231.4 V 0.0 A 0.00 kW"}
14:52:52 I y_notifications.cpp:168 Status change of text:200: {"value":"L1 230.2 V 0.0 A 0.00 kW | L2 230.7 V 0.0 A 0.00 kW | L3 230.9 V 0.0 A 0.00 kW"}
14:52:54 I y_notifications.cpp:168 Status change of text:200: {"value":"L1 230.1 V 0.0 A 0.00 kW | L2 230.3 V 0.0 A 0.00 kW | L3 231.0 V 0.0 A 0.00 kW"}
14:52:56 I y_notifications.cpp:168 Status change of text:200: {"value":"L1 230.5 V 0.0 A 0.00 kW | L2 230.6 V 0.0 A 0.00 kW | L3 230.9 V 0.0 A 0.00 kW"}
14:52:58 I shelly_script.cpp:204   script:1 5.9% CPU utilization
14:52:58 I y_notifications.cpp:168 Status change of text:200: {"value":"L1 230.4 V 0.0 A 0.00 kW | L2 230.2 V 0.0 A 0.00 kW | L3 231.4 V 0.0 A 0.00 kW"}
14:53:00 I y_notifications.cpp:168 Status change of text:200: {"value":"L1 229.5 V 0.0 A 0.00 kW | L2 230.6 V 0.0 A 0.00 kW | L3 231.0 V 0.0 A 0.00 kW"}
14:53:02 I y_notifications.cpp:168 Status change of text:200: {"value":"L1 230.3 V 0.0 A 0.00 kW | L2 230.2 V 0.0 A 0.00 kW | L3 230.9 V 0.0 A 0.00 kW"}
14:53:04 I y_notifications.cpp:168 Status change of text:200: {"value":"L1 229.8 V 0.0 A 0.00 kW | L2 230.1 V 0.0 A 0.00 kW | L3 231.2 V 0.0 A 0.00 kW"}
14:53:06 I y_notifications.cpp:168 Status change of text:200: {"value":"L1 229.8 V 0.0 A 0.00 kW | L2 230.5 V 0.0 A 0.00 kW | L3 231.1 V 0.0 A 0.00 kW"}
14:53:08 I y_notifications.cpp:168 Status change of text:200: {"value":"L1 230.3 V 0.0 A 0.00 kW | L2 230.9 V 0.0 A 0.00 kW | L3 230.9 V 0.0 A 0.00 kW"}
14:53:10 I shelly_script.cpp:204   script:1 5.9% CPU utilization
14:53:10 I y_notifications.cpp:168 Status change of text:200: {"value":"L1 229.8 V 0.0 A 0.00 kW | L2 230.8 V 0.0 A 0.00 kW | L3 231.4 V 0.0 A 0.00 kW"}
14:53:12 I y_notifications.cpp:168 Status change of text:200: {"value":"L1 229.7 V 0.0 A 0.00 kW | L2 230.5 V 0.0 A 0.00 kW | L3 230.8 V 0.0 A 0.00 kW"}
14:53:14 I y_notifications.cpp:168 Status change of text:200: {"value":"L1 229.7 V 0.0 A 0.00 kW | L2 230.0 V 0.0 A 0.00 kW | L3 231.2 V 0.0 A 0.00 kW"}
14:53:16 I y_notifications.cpp:168 Status change of text:200: {"value":"L1 229.6 V 0.0 A 0.00 kW | L2 230.8 V 0.0 A 0.00 kW | L3 230.6 V 0.0 A 0.00 kW"}
14:53:18 I y_notifications.cpp:168 Status change of text:200: {"value":"L1 229.9 V 0.0 A 0.00 kW | L2 230.7 V 0.0 A 0.00 kW | L3 231.1 V 0.0 A 0.00 kW"}
14:53:20 I y_notifications.cpp:168 Status change of text:200: {"value":"L1 230.0 V 0.0 A 0.00 kW | L2 230.2 V 0.0 A 0.00 kW | L3 230.6 V 0.0 A 0.00 kW"}
14:53:22 I shelly_script.cpp:204   script:1 5.9% CPU utilization
14:53:22 I y_notifications.cpp:168 Status change of text:200: {"value":"L1 229.7 V 0.0 A 0.00 kW | L2 230.2 V 0.0 A 0.00 kW | L3 230.9 V 0.0 A 0.00 kW"}
14:53:24 I y_notifications.cpp:168 Status change of text:200: {"value":"L1 229.7 V 0.0 A 0.00 kW | L2 230.9 V 0.0 A 0.00 kW | L3 231.1 V 0.0 A 0.00 kW"}
14:53:26 I y_notifications.cpp:168 Status change of text:200: {"value":"L1 230.4 V 0.0 A 0.00 kW | L2 230.7 V 0.0 A 0.00 kW | L3 230.6 V 0.0 A 0.00 kW"}
14:53:28 I y_notifications.cpp:168 Status change of text:200: {"value":"L1 229.5 V 0.0 A 0.00 kW | L2 230.2 V 0.0 A 0.00 kW | L3 231.1 V 0.0 A 0.00 kW"}
14:53:30 I y_notifications.cpp:168 Status change of text:200: {"value":"L1 230.4 V 0.0 A 0.00 kW | L2 230.5 V 0.0 A 0.00 kW | L3 231.5 V 0.0 A 0.00 kW"}
14:53:32 I y_notifications.cpp:168 Status change of text:200: {"value":"L1 230.0 V 0.0 A 0.00 kW | L2 230.7 V 0.0 A 0.00 kW | L3 230.6 V 0.0 A 0.00 kW"}
14:53:34 I shelly_script.cpp:204   script:1 5.9% CPU utilization
14:53:34 I y_notifications.cpp:168 Status change of text:200: {"value":"L1 229.7 V 0.0 A 0.00 kW | L2 230.3 V 0.0 A 0.00 kW | L3 231.2 V 0.0 A 0.00 kW"}
14:53:36 I y_notifications.cpp:168 Status change of text:200: {"value":"L1 229.6 V 0.0 A 0.00 kW | L2 230.7 V 0.0 A 0.00 kW | L3 231.1 V 0.0 A 0.00 kW"}
14:53:38 I y_notifications.cpp:168 Status change of text:200: {"value":"L1 230.1 V 0.0 A 0.00 kW | L2 230.6 V 0.0 A 0.00 kW | L3 230.8 V 0.0 A 0.00 kW"}
14:53:40 I y_notifications.cpp:168 Status change of text:200: {"value":"L1 230.2 V 0.0 A 0.00 kW | L2 230.2 V 0.0 A 0.00 kW | L3 230.9 V 0.0 A 0.00 kW"}
14:53:42 I y_notifications.cpp:168 Status change of text:200: {"value":"L1 229.9 V 0.0 A 0.00 kW | L2 230.9 V 0.0 A 0.00 kW | L3 231.3 V 0.0 A 0.00 kW"}
14:53:44 I shelly_script.cpp:204   script:1 5.9% CPU utilization
14:53:44 I y_notifications.cpp:168 Status change of text:200: {"value":"L1 229.6 V 0.0 A 0.00 kW | L2 230.6 V 0.0 A 0.00 kW | L3 230.9 V 0.0 A 0.00 kW"}
14:53:46 I y_notifications.cpp:168 Status change of text:200: {"value":"L1 229.6 V 0.0 A 0.00 kW | L2 230.1 V 0.0 A 0.00 kW | L3 231.5 V 0.0 A 0.00 kW"}
14:53:48 I y_notifications.cpp:168 Status change of text:200: {"value":"L1 230.2 V 0.0 A 0.00 kW | L2 230.1 V 0.0 A 0.00 kW | L3 231.4 V 0.0 A 0.00 kW"}
14:53:50 I y_notifications.cpp:168 Status change of text:200: {"value":"L1 230.3 V 0.0 A 0.00 kW | L2 230.1 V 0.0 A 0.00 kW | L3 231.1 V 0.0 A 0.00 kW"}
14:53:52 I y_notifications.cpp:168 Status change of text:200: {"value":"L1 229.7 V 0.0 A 0.00 kW | L2 230.9 V 0.0 A 0.00 kW | L3 231.2 V 0.0 A 0.00 kW"}
14:53:54 I y_notifications.cpp:168 Status change of text:200: {"value":"L1 229.7 V 0.0 A 0.00 kW | L2 230.1 V 0.0 A 0.00 kW | L3 231.2 V 0.0 A 0.00 kW"}
14:53:56 I shelly_script.cpp:204   script:1 5.9% CPU utilization
14:53:56 I y_notifications.cpp:168 Status change of text:200: {"value":"L1 229.9 V 0.0 A 0.00 kW | L2 230.5 V 0.0 A 0.00 kW | L3 230.8 V 0.0 A 0.00 kW"}
14:53:58 I y_notifications.cpp:168 Status change of text:200: {"value":"L1 230.1 V 0.0 A 0.00 kW | L2 230.6 V 0.0 A 0.00 kW | L3 231.1 V 0.0 A 0.00 kW"}
14:54:00 I y_notifications.cpp:168 Status change of text:200: {"value":"L1 230.1 V 0.0 A 0.00 kW | L2 230.1 V 0.0 A 0.00 kW | L3 231.2 V 0.0 A 0.00 kW"}
14:54:02 I y_notifications.cpp:168 Status change of text:200: {"value":"L1 230.3 V 0.0 A 0.00 kW | L2 230.5 V 0.0 A 0.00 kW | L3 230.6 V 0.0 A 0.00 kW"}
14:54:04 I y_notifications.cpp:168 Status change of text:200: {"value":"L1 230.0 V 0.0 A 0.00 kW | L2 230.1 V 0.0 A 0.00 kW | L3 230.8 V 0.0 A 0.00 kW"}
14:54:06 I shelly_script.cpp:204   script:1 5.9% CPU utilization
14:54:06 I y_notifications.cpp:168 Status change of text:200: {"value":"L1 229.5 V 0.0 A 0.00 kW | L2 230.8 V 0.0 A 0.00 kW | L3 231.3 V 0.0 A 0.00 kW"}
14:54:08 I y_notifications.cpp:168 Status change of text:200: {"value":"L1 229.5 V 0.0 A 0.00 kW | L2 230.2 V 0.0 A 0.00 kW | L3 231.4 V 0.0 A 0.00 kW"}
14:54:10 I y_notifications.cpp:168 Status change of text:200: {"value":"L1 229.7 V 0.0 A 0.00 kW | L2 230.3 V 0.0 A 0.00 kW | L3 230.7 V 0.0 A 0.00 kW"}
14:54:12 I y_notifications.cpp:168 Status change of text:200: {"value":"L1 230.2 V 0.0 A 0.00 kW | L2 230.1 V 0.0 A 0.00 kW | L3 231.2 V 0.0 A 0.00 kW"}
14:54:14 I y_notifications.cpp:168 Status change of text:200: {"value":"L1 229.7 V 0.0 A 0.00 kW | L2 230.6 V 0.0 A 0.00 kW | L3 230.6 V 0.0 A 0.00 kW"}
14:54:16 I y_notifications.cpp:168 Status change of text:200: {"value":"L1 229.9 V 0.0 A 0.00 kW | L2 230.3 V 0.0 A 0.00 kW | L3 230.9 V 0.0 A 0.00 kW"}
14:54:18 I shelly_script.cpp:204   script:1 5.9% CPU utilization
14:54:18 I y_notifications.cpp:168 Status change of text:200: {"value":"L1 229.6 V 0.0 A 0.00 kW | L2 230.4 V 0.0 A 0.00 kW | L3 231.3 V 0.0 A 0.00 kW"}
14:54:20 I y_notifications.cpp:168 Status change of text:200: {"value":"L1 230.4 V 0.0 A 0.00 kW | L2 230.9 V 0.0 A 0.00 kW | L3 230.6 V 0.0 A 0.00 kW"}
14:54:22 I y_notifications.cpp:168 Status change of text:200: {"value":"L1 229.8 V 0.0 A 0.00 kW | L2 230.5 V 0.0 A 0.00 kW | L3 230.9 V 0.0 A 0.00 kW"}
14:54:24 I y_notifications.cpp:168 Status change of text:200: {"value":"L1 230.2 V 0.0 A 0.00 kW | L2 230.8 V 0.0 A 0.00 kW | L3 230.8 V 0.0 A 0.00 kW"}
14:54:26 I y_notifications.cpp:168 Status change of text:200: {"value":"L1 230.4 V 0.0 A 0.00 kW | L2 230.1 V 0.0 A 0.00 kW | L3 231.4 V 0.0 A 0.00 kW"}
14:54:28 I y_notifications.cpp:168 Status change of text:200: {"value":"L1 230.3 V 0.0 A 0.00 kW | L2 230.7 V 0.0 A 0.00 kW | L3 231.4 V 0.0 A 0.00 kW"}
14:54:30 I shelly_script.cpp:204   script:1 5.9% CPU utilization
14:54:30 I y_notifications.cpp:168 Status change of text:200: {"value":"L1 229.6 V 0.0 A 0.00 kW | L2 230.8 V 0.0 A 0.00 kW | L3 231.1 V 0.0 A 0.00 kW"}
14:54:32 I y_notifications.cpp:168 Status change of text:200: {"value":"L1 229.6 V 0.0 A 0.00 kW | L2 230.2 V 0.0 A 0.00 kW | L3 231.4 V 0.0 A 0.00 kW"}
14:54:34 I y_notifications.cpp:168 Status change of text:200: {"value":"L1 229.6 V 0.0 A 0.00 kW | L2 230.5 V 0.0 A 0.00 kW | L3 231.1 V 0.0 A 0.00 kW"}
14:54:36 I y_notifications.cpp:168 Status change of text:200: {"value":"L1 229.7 V 0.0 A 0.00 kW | L2 230.7 V 0.0 A 0.00 kW | L3 231.2 V 0.0 A 0.00 kW"}
14:54:38 I y_notifications.cpp:168 Status change of text:200: {"value":"L1 230.2 V 0.0 A 0.00 kW | L2 230.7 V 0.0 A 0.00 kW | L3 231.1 V 0.0 A 0.00 kW"}
14:54:40 I y_notifications.cpp:168 Status change of text:200: {"value":"L1 229.8 V 0.0 A 0.00 kW | L2 230.4 V 0.0 A 0.00 kW | L3 230.8 V 0.0 A 0.00 kW"}
14:54:42 I shelly_script.cpp:204   script:1 5.8% CPU utilization
14:54:42 I y_notifications.cpp:168 Status change of text:200: {"value":"L1 230.1 V 0.0 A 0.00 kW | L2 230.3 V 0.0 A 0.00 kW | L3 230.9 V 0.0 A 0.00 kW"}
14:54:44 I y_notifications.cpp:168 Status change of text:200: {"value":"L1 229.6 V 0.0 A 0.00 kW | L2 230.6 V 0.0 A 0.00 kW | L3 231.5 V 0.0 A 0.00 kW"}
14:54:46 I y_notifications.cpp:168 Status change of text:200: {"value":"L1 229.9 V 0.0 A 0.00 kW | L2 230.9 V 0.0 A 0.00 kW | L3 231.4 V 0.0 A 0.00 kW"}
14:54:48 I y_notifications.cpp:168 Status change of text:200: {"value":"L1 229.7 V 0.0 A 0.00 kW | L2 230.7 V 0.0 A 0.00 kW | L3 230.9 V 0.0 A 0.00 kW"}
14:54:50 I y_notifications.cpp:168 Status change of text:200: {"value":"L1 229.6 V 0.0 A 0.00 kW | L2 230.6 V 0.0 A 0.00 kW | L3 230.8 V 0.0 A 0.00 kW"}
14:54:52 I shelly_script.cpp:204   script:1 5.9% CPU utilization
14:54:52 I y_notifications.cpp:168 Status change of text:200: {"value":"L1 230.0 V 0.0 A 0.00 kW | L2 230.9 V 0.0 A 0.00 kW | L3 230.8 V 0.0 A 0.00 kW"}
14:54:54 I y_notifications.cpp:168 Status change of text:200: {"value":"L1 230.2 V 0.0 A 0.00 kW | L2 230.4 V 0.0 A 0.00 kW | L3 231.2 V 0.0 A 0.00 kW"}
14:54:56 I y_notifications.cpp:168 Status change of text:200: {"value":"L1 229.9 V 0.0 A 0.00 kW | L2 230.4 V 0.0 A 0.00 kW | L3 231.0 V 0.0 A 0.00 kW"}
14:54:58 I y_notifications.cpp:168 Status change of text:200: {"value":"L1 229.7 V 0.0 A 0.00 kW | L2 230.5 V 0.0 A 0.00 kW | L3 230.7 V 0.0 A 0.00 kW"}
14:55:00 I y_notifications.cpp:168 Status change of text:200: {"value":"L1 229.7 V 0.0 A 0.00 kW | L2 230.0 V 0.0 A 0.00 kW | L3 231.2 V 0.0 A 0.00 kW"}
14:55:02 I y_notifications.cpp:168 Status change of text:200: {"value":"L1 230.5 V 0.0 A 0.00 kW | L2 230.7 V 0.0 A 0.00 kW | L3 231.2 V 0.0 A 0.00 kW"}
14:55:04 I shelly_script.cpp:204   script:1 5.8% CPU utilization
14:55:04 I y_notifications.cpp:168 Status change of text:200: {"value":"L1 229.8 V 0.0 A 0.00 kW | L2 230.1 V 0.0 A 0.00 kW | L3 231.4 V 0.0 A 0.00 kW"}
14:55:06 I y_notifications.cpp:168 Status change of text:200: {"value":"L1 230.3 V 0.0 A 0.00 kW | L2 230.8 V 0.0 A 0.00 kW | L3 230.7 V 0.0 A 0.00 kW"}
14:55:08 I y_notifications.cpp:168 Status change of text:200: {"value":"L1 229.9 V 0.0 A 0.00 kW | L2 230.0 V 0.0 A 0.00 kW | L3 231.3 V 0.0 A 0.00 kW"}
14:55:10 I y_notifications.cpp:168 Status change of text:200: {"value":"L1 229.5 V 0.0 A 0.00 kW | L2 230.4 V 0.0 A 0.00 kW | L3 231.4 V 0.0 A 0.00 kW"}
14:55:12 I y_notifications.cpp:168 Status change of text:200: {"value":"L1 230.5 V 0.0 A 0.00 kW | L2 230.9 V 0.0 A 0.00 kW | L3 230.9 V 0.0 A 0.00 kW"}
14:55:14 I shelly_script.cpp:204   script:1 5.9% CPU utilization
14:55:14 I y_notifications.cpp:168 Status change of text:200: {"value":"L1 230.1 V 0.0 A 0.00 kW | L2 230.7 V 0.0 A 0.00 kW | L3 230.8 V 0.0 A 0.00 kW"}
14:55:16 I y_notifications.cpp:168 Status change of text:200: {"value":"L1 229.9 V 0.0 A 0.00 kW | L2 230.4 V 0.0 A 0.00 kW | L3 231.4 V 0.0 A 0.00 kW"}
14:55:18 I y_notifications.cpp:168 Status change of text:200: {"value":"L1 229.7 V 0.0 A 0.00 kW | L2 230.5 V 0.0 A 0.00 kW | L3 230.9 V 0.0 A 0.00 kW"}
14:55:20 I y_notifications.cpp:168 Status change of text:200: {"value":"L1 230.3 V 0.0 A 0.00 kW | L2 230.2 V 0.0 A 0.00 kW | L3 231.0 V 0.0 A 0.00 kW"}
14:55:22 I y_notifications.cpp:168 Status change of text:200: {"value":"L1 230.4 V 0.0 A 0.00 kW | L2 230.4 V 0.0 A 0.00 kW | L3 230.9 V 0.0 A 0.00 kW"}
14:55:24 I y_notifications.cpp:168 Status change of text:200: {"value":"L1 229.7 V 0.0 A 0.00 kW | L2 230.3 V 0.0 A 0.00 kW | L3 231.0 V 0.0 A 0.00 kW"}
14:55:26 I shelly_script.cpp:204   script:1 5.9% CPU utilization
14:55:26 I y_notifications.cpp:168 Status change of text:200: {"value":"L1 229.8 V 0.0 A 0.00 kW | L2 230.3 V 0.0 A 0.00 kW | L3 231.2 V 0.0 A 0.00 kW"}
14:55:28 I y_notifications.cpp:168 Status change of text:200: {"value":"L1 229.7 V 0.0 A 0.00 kW | L2 230.1 V 0.0 A 0.00 kW | L3 230.6 V 0.0 A 0.00 kW"}
14:55:30 I y_notifications.cpp:168 Status change of text:200: {"value":"L1 230.2 V 0.0 A 0.00 kW | L2 230.4 V 0.0 A 0.00 kW | L3 230.6 V 0.0 A 0.00 kW"}
14:55:32 I y_notifications.cpp:168 Status change of text:200: {"value":"L1 229.6 V 0.0 A 0.00 kW | L2 230.3 V 0.0 A 0.00 kW | L3 230.9 V 0.0 A 0.00 kW"}
14:55:34 I y_notifications.cpp:168 Status change of text:200: {"value":"L1 229.8 V 0.0 A 0.00 kW | L2 230.6 V 0.0 A 0.00 kW | L3 230.9 V 0.0 A 0.00 kW"}
14:55:36 I y_notifications.cpp:168 Status change of text:200: {"value":"L1 230.4 V 0.0 A 0.00 kW | L2 230.4 V 0.0 A 0.00 kW | L3 230.7 V 0.0 A 0.00 kW"}
14:55:38 I shelly_script.cpp:204   script:1 5.9% CPU utilization
14:55:38 I y_notifications.cpp:168 Status change of text:200: {"value":"L1 230.1 V 0.0 A 0.00 kW | L2 230.9 V 0.0 A 0.00 kW | L3 231.4 V 0.0 A 0.00 kW"}
14:55:40 I y_notifications.cpp:168 Status change of text:200: {"value":"L1 229.9 V 0.0 A 0.00 kW | L2 230.9 V 0.0 A 0.00 kW | L3 230.5 V 0.0 A 0.00 kW"}
14:55:42 I y_notifications.cpp:168 Status change of text:200: {"value":"L1 229.7 V 0.0 A 0.00 kW | L2 230.2 V 0.0 A 0.00 kW | L3 231.4 V 0.0 A 0.00 kW"}
14:55:44 I y_notifications.cpp:168 Status change of text:200: {"value":"L1 229.7 V 0.0 A 0.00 kW | L2 230.9 V 0.0 A 0.00 kW | L3 231.1 V 0.0 A 0.00 kW"}
14:55:46 I y_notifications.cpp:168 Status change of text:200: {"value":"L1 230.2 V 0.0 A 0.00 kW | L2 230.3 V 0.0 A 0.00 kW | L3 231.1 V 0.0 A 0.00 kW"}
14:55:48 I shelly_script.cpp:204   script:1 5.9% CPU utilization
14:55:48 I y_notifications.cpp:168 Status change of text:200: {"value":"L1 230.1 V 0.0 A 0.00 kW | L2 230.8 V 0.0 A 0.00 kW | L3 230.5 V 0.0 A 0.00 kW"}
14:55:50 I y_notifications.cpp:168 Status change of text:200: {"value":"L1 230.0 V 0.0 A 0.00 kW | L2 230.0 V 0.0 A 0.00 kW | L3 231.3 V 0.0 A 0.00 kW"}
14:55:52 I y_notifications.cpp:168 Status change of text:200: {"value":"L1 230.0 V 0.0 A 0.00 kW | L2 230.3 V 0.0 A 0.00 kW | L3 231.1 V 0.0 A 0.00 kW"}
14:55:54 I y_notifications.cpp:168 Status change of text:200: {"value":"L1 230.3 V 0.0 A 0.00 kW | L2 230.1 V 0.0 A 0.00 kW | L3 231.4 V 0.0 A 0.00 kW"}
14:55:56 I y_notifications.cpp:168 Status change of text:200: {"value":"L1 229.9 V 0.0 A 0.00 kW | L2 230.8 V 0.0 A 0.00 kW | L3 230.8 V 0.0 A 0.00 kW"}
14:55:58 I shelly_script.cpp:204   script:1 5.9% CPU utilization
14:55:58 I y_notifications.cpp:168 Status change of text:200: {"value":"L1 229.8 V 0.0 A 0.00 kW | L2 230.4 V 0.0 A 0.00 kW | L3 230.9 V 0.0 A 0.00 kW"}
14:56:00 I y_notifications.cpp:168 Status change of text:200: {"value":"L1 229.8 V 0.0 A 0.00 kW | L2 230.7 V 0.0 A 0.00 kW | L3 230.7 V 0.0 A 0.00 kW"}
14:56:02 I y_notifications.cpp:168 Status change of text:200: {"value":"L1 229.7 V 0.0 A 0.00 kW | L2 230.4 V 0.0 A 0.00 kW | L3 230.9 V 0.0 A 0.00 kW"}
14:56:04 I y_notifications.cpp:168 Status change of text:200: {"value":"L1 230.3 V 0.0 A 0.00 kW | L2 230.2 V 0.0 A 0.00 kW | L3 231.3 V 0.0 A 0.00 kW"}
14:56:06 I y_notifications.cpp:168 Status change of text:200: {"value":"L1 229.9 V 0.0 A 0.00 kW | L2 230.8 V 0.0 A 0.00 kW | L3 230.6 V 0.0 A 0.00 kW"}
14:56:08 I y_notifications.cpp:168 Status change of text:200: {"value":"L1 230.4 V 0.0 A 0.00 kW | L2 230.9 V 0.0 A 0.00 kW | L3 231.1 V 0.0 A 0.00 kW"}
14:56:10 I shelly_script.cpp:204   script:1 5.9% CPU utilization
14:56:10 I y_notifications.cpp:168 Status change of text:200: {"value":"L1 229.9 V 0.0 A 0.00 kW | L2 230.5 V 0.0 A 0.00 kW | L3 231.0 V 0.0 A 0.00 kW"}
14:56:12 I y_notifications.cpp:168 Status change of text:200: {"value":"L1 230.4 V 0.0 A 0.00 kW | L2 230.7 V 0.0 A 0.00 kW | L3 230.7 V 0.0 A 0.00 kW"}
14:56:14 I y_notifications.cpp:168 Status change of text:200: {"value":"L1 229.9 V 0.0 A 0.00 kW | L2 230.2 V 0.0 A 0.00 kW | L3 231.2 V 0.0 A 0.00 kW"}
14:56:16 I y_notifications.cpp:168 Status change of text:200: {"value":"L1 230.3 V 0.0 A 0.00 kW | L2 230.9 V 0.0 A 0.00 kW | L3 231.2 V 0.0 A 0.00 kW"}
14:56:18 I y_notifications.cpp:168 Status change of text:200: {"value":"L1 230.4 V 0.0 A 0.00 kW | L2 230.3 V 0.0 A 0.00 kW | L3 231.0 V 0.0 A 0.00 kW"}
14:56:20 I shelly_script.cpp:204   script:1 5.9% CPU utilization
14:56:20 I y_notifications.cpp:168 Status change of text:200: {"value":"L1 230.0 V 0.0 A 0.00 kW | L2 230.1 V 0.0 A 0.00 kW | L3 231.2 V 0.0 A 0.00 kW"}
14:56:22 I y_notifications.cpp:168 Status change of text:200: {"value":"L1 230.4 V 0.0 A 0.00 kW | L2 230.7 V 0.0 A 0.00 kW | L3 231.2 V 0.0 A 0.00 kW"}
14:56:24 I y_notifications.cpp:168 Status change of text:200: {"value":"L1 229.6 V 0.0 A 0.00 kW | L2 230.6 V 0.0 A 0.00 kW | L3 230.6 V 0.0 A 0.00 kW"}
14:56:26 I y_notifications.cpp:168 Status change of text:200: {"value":"L1 229.7 V 0.0 A 0.00 kW | L2 230.7 V 0.0 A 0.00 kW | L3 231.4 V 0.0 A 0.00 kW"}
14:56:28 I y_notifications.cpp:168 Status change of text:200: {"value":"L1 230.0 V 0.0 A 0.00 kW | L2 230.0 V 0.0 A 0.00 kW | L3 231.3 V 0.0 A 0.00 kW"}
14:56:30 I y_notifications.cpp:168 Status change of text:200: {"value":"L1 230.2 V 0.0 A 0.00 kW | L2 230.7 V 0.0 A 0.00 kW | L3 231.3 V 0.0 A 0.00 kW"}
14:56:32 I shelly_script.cpp:204   script:1 5.9% CPU utilization
14:56:32 I y_notifications.cpp:168 Status change of text:200: {"value":"L1 230.3 V 0.0 A 0.00 kW | L2 230.9 V 0.0 A 0.00 kW | L3 231.0 V 0.0 A 0.00 kW"}
14:56:34 I y_notifications.cpp:168 Status change of text:200: {"value":"L1 230.4 V 0.0 A 0.00 kW | L2 230.8 V 0.0 A 0.00 kW | L3 231.4 V 0.0 A 0.00 kW"}
14:56:36 I y_notifications.cpp:168 Status change of text:200: {"value":"L1 230.2 V 0.0 A 0.00 kW | L2 230.6 V 0.0 A 0.00 kW | L3 231.0 V 0.0 A 0.00 kW"}
14:56:38 I y_notifications.cpp:168 Status change of text:200: {"value":"L1 230.0 V 0.0 A 0.00 kW | L2 230.8 V 0.0 A 0.00 kW | L3 230.7 V 0.0 A 0.00 kW"}
14:56:40 I y_notifications.cpp:168 Status change of text:200: {"value":"L1 230.2 V 0.0 A 0.00 kW | L2 230.2 V 0.0 A 0.00 kW | L3 230.8 V 0.0 A 0.00 kW"}
14:56:42 I shelly_script.cpp:204   script:1 5.9% CPU utilization
14:56:42 I y_notifications.cpp:168 Status change of text:200: {"value":"L1 229.6 V 0.0 A 0.00 kW | L2 230.4 V 0.0 A 0.00 kW | L3 230.9 V 0.0 A 0.00 kW"}
14:56:44 I y_notifications.cpp:168 Status change of text:200: {"value":"L1 229.7 V 0.0 A 0.00 kW | L2 230.4 V 0.0 A 0.00 kW | L3 231.4 V 0.0 A 0.00 kW"}
14:56:46 I y_notifications.cpp:168 Status change of text:200: {"value":"L1 230.3 V 0.0 A 0.00 kW | L2 230.2 V 0.0 A 0.00 kW | L3 231.0 V 0.0 A 0.00 kW"}
14:56:48 I y_notifications.cpp:168 Status change of text:200: {"value":"L1 230.0 V 0.0 A 0.00 kW | L2 230.9 V 0.0 A 0.00 kW | L3 231.1 V 0.0 A 0.00 kW"}
14:56:50 I y_notifications.cpp:168 Status change of text:200: {"value":"L1 230.1 V 0.0 A 0.00 kW | L2 230.7 V 0.0 A 0.00 kW | L3 231.0 V 0.0 A 0.00 kW"}
14:56:52 I y_notifications.cpp:168 Status change of text:200: {"value":"L1 229.9 V 0.0 A 0.00 kW | L2 230.9 V 0.0 A 0.00 kW | L3 231.1 V 0.0 A 0.00 kW"}
14:56:54 I shelly_script.cpp:204   script:1 5.9% CPU utilization
14:56:54 I y_notifications.cpp:168 Status change of text:200: {"value":"L1 229.7 V 0.0 A 0.00 kW | L2 230.9 V 0.0 A 0.00 kW | L3 231.5 V 0.0 A 0.00 kW"}
14:56:56 I y_notifications.cpp:168 Status change of text:200: {"value":"L1 230.3 V 0.0 A 0.00 kW | L2 230.0 V 0.0 A 0.00 kW | L3 230.8 V 0.0 A 0.00 kW"}
14:56:58 I y_notifications.cpp:168 Status change of text:200: {"value":"L1 230.5 V 0.0 A 0.00 kW | L2 230.4 V 0.0 A 0.00 kW | L3 230.8 V 0.0 A 0.00 kW"}
14:57:00 I y_notifications.cpp:168 Status change of text:200: {"value":"L1 229.5 V 0.0 A 0.00 kW | L2 230.7 V 0.0 A 0.00 kW | L3 230.9 V 0.0 A 0.00 kW"}
14:57:02 I y_notifications.cpp:168 Status change of text:200: {"value":"L1 229.9 V 0.0 A 0.00 kW | L2 230.9 V 0.0 A 0.00 kW | L3 231.5 V 0.0 A 0.00 kW"}
14:57:04 I shelly_script.cpp:204   script:1 5.9% CPU utilization
14:57:04 I y_notifications.cpp:168 Status change of text:200: {"value":"L1 230.4 V 0.0 A 0.00 kW | L2 230.2 V 0.0 A 0.00 kW | L3 230.8 V 0.0 A 0.00 kW"}
14:57:06 I y_notifications.cpp:168 Status change of text:200: {"value":"L1 229.9 V 0.0 A 0.00 kW | L2 230.4 V 0.0 A 0.00 kW | L3 230.7 V 0.0 A 0.00 kW"}
14:57:08 I y_notifications.cpp:168 Status change of text:200: {"value":"L1 230.1 V 0.0 A 0.00 kW | L2 230.1 V 0.0 A 0.00 kW | L3 231.1 V 0.0 A 0.00 kW"}
14:57:10 I y_notifications.cpp:168 Status change of text:200: {"value":"L1 229.9 V 0.0 A 0.00 kW | L2 230.6 V 0.0 A 0.00 kW | L3 230.7 V 0.0 A 0.00 kW"}
14:57:12 I y_notifications.cpp:168 Status change of text:200: {"value":"L1 230.2 V 0.0 A 0.00 kW | L2 230.1 V 0.0 A 0.00 kW | L3 231.2 V 0.0 A 0.00 kW"}
14:57:14 I y_notifications.cpp:168 Status change of text:200: {"value":"L1 230.2 V 0.0 A 0.00 kW | L2 230.4 V 0.0 A 0.00 kW | L3 230.5 V 0.0 A 0.00 kW"}
14:57:16 I shelly_script.cpp:204   script:1 5.9% CPU utilization
14:57:16 I y_notifications.cpp:168 Status change of text:200: {"value":"L1 230.3 V 0.0 A 0.00 kW | L2 230.8 V 0.0 A 0.00 kW | L3 231.5 V 0.0 A 0.00 kW"}
14:57:18 I y_notifications.cpp:168 Status change of text:200: {"value":"L1 229.5 V 0.0 A 0.00 kW | L2 230.8 V 0.0 A 0.00 kW | L3 230.6 V 0.0 A 0.00 kW"}
14:57:20 I y_notifications.cpp:168 Status change of text:200: {"value":"L1 229.7 V 0.0 A 0.00 kW | L2 230.0 V 0.0 A 0.00 kW | L3 231.1 V 0.0 A 0.00 kW"}
14:57:22 I y_notifications.cpp:168 Status change of text:200: {"value":"L1 230.3 V 0.0 A 0.00 kW | L2 230.3 V 0.0 A 0.00 kW | L3 231.1 V 0.0 A 0.00 kW"}
14:57:24 I y_notifications.cpp:168 Status change of text:200: {"value":"L1 230.5 V 0.0 A 0.00 kW | L2 230.8 V 0.0 A 0.00 kW | L3 230.7 V 0.0 A 0.00 kW"}
14:57:26 I shelly_script.cpp:204   script:1 5.9% CPU utilization
14:57:26 I y_notifications.cpp:168 Status change of text:200: {"value":"L1 229.6 V 0.0 A 0.00 kW | L2 230.1 V 0.0 A 0.00 kW | L3 231.3 V 0.0 A 0.00 kW"}
14:57:28 I y_notifications.cpp:168 Status change of text:200: {"value":"L1 230.4 V 0.0 A 0.00 kW | L2 230.8 V 0.0 A 0.00 kW | L3 231.3 V 0.0 A 0.00 kW"}
14:57:30 I y_notifications.cpp:168 Status change of text:200: {"value":"L1 229.9 V 0.0 A 0.00 kW | L2 230.9 V 0.0 A 0.00 kW | L3 230.7 V 0.0 A 0.00 kW"}
14:57:32 I y_notifications.cpp:168 Status change of text:200: {"value":"L1 230.2 V 0.0 A 0.00 kW | L2 230.1 V 0.0 A 0.00 kW | L3 231.4 V 0.0 A 0.00 kW"}
14:57:34 I y_notifications.cpp:168 Status change of text:200: {"value":"L1 229.8 V 0.0 A 0.00 kW | L2 230.1 V 0.0 A 0.00 kW | L3 230.9 V 0.0 A 0.00 kW"}
14:57:36 I shelly_script.cpp:204   script:1 5.9% CPU utilization
14:57:36 I y_notifications.cpp:168 Status change of text:200: {"value":"L1 230.2 V 0.0 A 0.00 kW | L2 230.9 V 0.0 A 0.00 kW | L3 230.9 V 0.0 A 0.00 kW"}
14:57:38 I y_notifications.cpp:168 Status change of text:200: {"value":"L1 229.7 V 0.0 A 0.00 kW | L2 230.5 V 0.0 A 0.00 kW | L3 230.9 V 0.0 A 0.00 kW"}
14:57:40 I y_notifications.cpp:168 Status change of text:200: {"value":"L1 230.2 V 0.0 A 0.00 kW | L2 230.6 V 0.0 A 0.00 kW | L3 230.6 V 0.0 A 0.00 kW"}
14:57:42 I y_notifications.cpp:168 Status change of text:200: {"value":"L1 230.1 V 0.0 A 0.00 kW | L2 230.3 V 0.0 A 0.00 kW | L3 231.2 V 0.0 A 0.00 kW"}
14:57:44 I y_notifications.cpp:168 Status change of text:200: {"value":"L1 229.9 V 0.0 A 0.00 kW | L2 230.0 V 0.0 A 0.00 kW | L3 230.7 V 0.0 A 0.00 kW"}
14:57:46 I shelly_script.cpp:204   script:1 5.9% CPU utilization
14:57:46 I y_notifications.cpp:168 Status change of text:200: {"value":"L1 230.3 V 0.0 A 0.00 kW | L2 230.6 V 0.0 A 0.00 kW | L3 231.1 V 0.0 A 0.00 kW"}
14:57:48 I y_notifications.cpp:168 Status change of text:200: {"value":"L1 229.8 V 0.0 A 0.00 kW | L2 230.5 V 0.0 A 0.00 kW | L3 230.8 V 0.0 A 0.00 kW"}
14:57:50 I y_notifications.cpp:168 Status change of text:200: {"value":"L1 230.3 V 0.0 A 0.00 kW | L2 230.1 V 0.0 A 0.00 kW | L3 230.6 V 0.0 A 0.00 kW"}
14:57:52 I y_notifications.cpp:168 Status change of text:200: {"value":"L1 229.9 V 0.0 A 0.00 kW | L2 230.7 V 0.0 A 0.00 kW | L3 231.3 V 0.0 A 0.00 kW"}
14:57:54 I y_notifications.cpp:168 Status change of text:200: {"value":"L1 229.6 V 0.0 A 0.00 kW | L2 230.3 V 0.0 A 0.00 kW | L3 231.4 V 0.0 A 0.00 kW"}
14:57:56 I shelly_script.cpp:204   script:1 5.9% CPU utilization
14:57:56 I y_notifications.cpp:168 Status change of text:200: {"value":"L1 230.4 V 0.0 A 0.00 kW | L2 230.6 V 0.0 A 0.00 kW | L3 230.8 V 0.0 A 0.00 kW"}
14:57:58 I y_notifications.cpp:168 Status change of text:200: {"value":"L1 230.4 V 0.0 A 0.00 kW | L2 230.7 V 0.0 A 0.00 kW | L3 231.4 V 0.0 A 0.00 kW"}
14:58:00 I y_notifications.cpp:168 Status change of text:200: {"value":"L1 229.9 V 0.0 A 0.00 kW | L2 230.8 V 0.0 A 0.00 kW | L3 231.4 V 0.0 A 0.00 kW"}
14:58:02 I y_notifications.cpp:168 Status change of text:200: {"value":"L1 230.5 V 0.0 A 0.00 kW | L2 230.3 V 0.0 A 0.00 kW | L3 231.5 V 0.0 A 0.00 kW"}
14:58:04 I y_notifications.cpp:168 Status change of text:200: {"value":"L1 230.3 V 0.0 A 0.00 kW | L2 230.5 V 0.0 A 0.00 kW | L3 231.5 V 0.0 A 0.00 kW"}
14:58:06 I shelly_script.cpp:204   script:1 5.9% CPU utilization
14:58:06 I y_notifications.cpp:168 Status change of text:200: {"value":"L1 230.1 V 0.0 A 0.00 kW | L2 230.4 V 0.0 A 0.00 kW | L3 230.7 V 0.0 A 0.00 kW"}
14:58:08 I y_notifications.cpp:168 Status change of text:200: {"value":"L1 229.8 V 0.0 A 0.00 kW | L2 230.9 V 0.0 A 0.00 kW | L3 231.2 V 0.0 A 0.00 kW"}
14:58:10 I y_notifications.cpp:168 Status change of text:200: {"value":"L1 230.4 V 0.0 A 0.00 kW | L2 230.8 V 0.0 A 0.00 kW | L3 230.9 V 0.0 A 0.00 kW"}
14:58:12 I y_notifications.cpp:168 Status change of text:200: {"value":"L1 229.9 V 0.0 A 0.00 kW | L2 230.2 V 0.0 A 0.00 kW | L3 230.9 V 0.0 A 0.00 kW"}
14:58:14 I y_notifications.cpp:168 Status change of text:200: {"value":"L1 230.0 V 0.0 A 0.00 kW | L2 230.6 V 0.0 A 0.00 kW | L3 230.6 V 0.0 A 0.00 kW"}
14:58:16 I y_notifications.cpp:168 Status change of text:200: {"value":"L1 230.2 V 0.0 A 0.00 kW | L2 230.9 V 0.0 A 0.00 kW | L3 230.9 V 0.0 A 0.00 kW"}
14:58:18 I shelly_script.cpp:204   script:1 5.9% CPU utilization
14:58:18 I y_notifications.cpp:168 Status change of text:200: {"value":"L1 230.1 V 0.0 A 0.00 kW | L2 230.5 V 0.0 A 0.00 kW | L3 230.7 V 0.0 A 0.00 kW"}
14:58:20 I y_notifications.cpp:168 Status change of text:200: {"value":"L1 229.9 V 0.0 A 0.00 kW | L2 230.7 V 0.0 A 0.00 kW | L3 231.2 V 0.0 A 0.00 kW"}
14:58:22 I y_notifications.cpp:168 Status change of text:200: {"value":"L1 229.5 V 0.0 A 0.00 kW | L2 230.3 V 0.0 A 0.00 kW | L3 231.2 V 0.0 A 0.00 kW"}
14:58:24 I y_notifications.cpp:168 Status change of text:200: {"value":"L1 230.0 V 0.0 A 0.00 kW | L2 230.4 V 0.0 A 0.00 kW | L3 231.3 V 0.0 A 0.00 kW"}
14:58:26 I y_notifications.cpp:168 Status change of text:200: {"value":"L1 230.2 V 0.0 A 0.00 kW | L2 230.7 V 0.0 A 0.00 kW | L3 230.5 V 0.0 A 0.00 kW"}
14:58:28 I shelly_script.cpp:204   script:1 5.9% CPU utilization
14:58:28 I y_notifications.cpp:168 Status change of text:200: {"value":"L1 230.4 V 0.0 A 0.00 kW | L2 230.9 V 0.0 A 0.00 kW | L3 231.1 V 0.0 A 0.00 kW"}
14:58:30 I y_notifications.cpp:168 Status change of text:200: {"value":"L1 230.1 V 0.0 A 0.00 kW | L2 230.8 V 0.0 A 0.00 kW | L3 231.1 V 0.0 A 0.00 kW"}
14:58:32 I y_notifications.cpp:168 Status change of text:200: {"value":"L1 229.6 V 0.0 A 0.00 kW | L2 230.7 V 0.0 A 0.00 kW | L3 231.0 V 0.0 A 0.00 kW"}
14:58:34 I y_notifications.cpp:168 Status change of text:200: {"value":"L1 229.7 V 0.0 A 0.00 kW | L2 230.4 V 0.0 A 0.00 kW | L3 231.2 V 0.0 A 0.00 kW"}
14:58:36 I y_notifications.cpp:168 Status change of text:200: {"value":"L1 230.4 V 0.0 A 0.00 kW | L2 230.6 V 0.0 A 0.00 kW | L3 230.9 V 0.0 A 0.00 kW"}
14:58:38 I y_notifications.cpp:168 Status change of text:200: {"value":"L1 229.8 V 0.0 A 0.00 kW | L2 230.9 V 0.0 A 0.00 kW | L3 231.3 V 0.0 A 0.00 kW"}
14:58:40 I shelly_script.cpp:204   script:1 5.9% CPU utilization
14:58:40 I y_notifications.cpp:168 Status change of text:200: {"value":"L1 230.0 V 0.0 A 0.00 kW | L2 230.2 V 0.0 A 0.00 kW | L3 230.7 V 0.0 A 0.00 kW"}
14:58:42 I y_notifications.cpp:168 Status change of text:200: {"value":"L1 229.8 V 0.0 A 0.00 kW | L2 230.3 V 0.0 A 0.00 kW | L3 230.9 V 0.0 A 0.00 kW"}
14:58:44 I y_notifications.cpp:168 Status change of text:200: {"value":"L1 230.3 V 0.0 A 0.00 kW | L2 230.5 V 0.0 A 0.00 kW | L3 231.3 V 0.0 A 0.00 kW"}
14:58:46 I y_notifications.cpp:168 Status change of text:200: {"value":"L1 230.0 V 0.0 A 0.00 kW | L2 230.8 V 0.0 A 0.00 kW | L3 231.0 V 0.0 A 0.00 kW"}
14:58:48 I y_notifications.cpp:168 Status change of text:200: {"value":"L1 229.7 V 0.0 A 0.00 kW | L2 230.2 V 0.0 A 0.00 kW | L3 230.7 V 0.0 A 0.00 kW"}
14:58:50 I shelly_script.cpp:204   script:1 5.9% CPU utilization
14:58:50 I y_notifications.cpp:168 Status change of text:200: {"value":"L1 230.4 V 0.0 A 0.00 kW | L2 230.3 V 0.0 A 0.00 kW | L3 230.7 V 0.0 A 0.00 kW"}
14:58:52 I y_notifications.cpp:168 Status change of text:200: {"value":"L1 230.1 V 0.0 A 0.00 kW | L2 230.3 V 0.0 A 0.00 kW | L3 230.5 V 0.0 A 0.00 kW"}
14:58:54 I y_notifications.cpp:168 Status change of text:200: {"value":"L1 230.0 V 0.0 A 0.00 kW | L2 230.1 V 0.0 A 0.00 kW | L3 230.6 V 0.0 A 0.00 kW"}
14:58:56 I y_notifications.cpp:168 Status change of text:200: {"value":"L1 230.2 V 0.0 A 0.00 kW | L2 230.7 V 0.0 A 0.00 kW | L3 231.4 V 0.0 A 0.00 kW"}
14:58:58 I y_notifications.cpp:168 Status change of text:200: {"value":"L1 229.9 V 0.0 A 0.00 kW | L2 230.2 V 0.0 A 0.00 kW | L3 231.3 V 0.0 A 0.00 kW"}
14:59:00 I y_notifications.cpp:168 Status change of text:200: {"value":"L1 230.4 V 0.0 A 0.00 kW | L2 230.7 V 0.0 A 0.00 kW | L3 231.2 V 0.0 A 0.00 kW"}
14:59:02 I shelly_script.cpp:204   script:1 5.9% CPU utilization
14:59:02 I y_notifications.cpp:168 Status change of text:200: {"value":"L1 229.9 V 0.0 A 0.00 kW | L2 230.3 V 0.0 A 0.00 kW | L3 231.2 V 0.0 A 0.00 kW"}
14:59:04 I y_notifications.cpp:168 Status change of text:200: {"value":"L1 230.0 V 0.0 A 0.00 kW | L2 230.9 V 0.0 A 0.00 kW | L3 231.4 V 0.0 A 0.00 kW"}
14:59:06 I y_notifications.cpp:168 Status change of text:200: {"value":"L1 229.7 V 0.0 A 0.00 kW | L2 230.9 V 0.0 A 0.00 kW | L3 230.7 V 0.0 A 0.00 kW"}
14:59:08 I y_notifications.cpp:168 Status change of text:200: {"value":"L1 230.3 V 0.0 A 0.00 kW | L2 230.7 V 0.0 A 0.00 kW | L3 231.4 V 0.0 A 0.00 kW"}
14:59:10 I y_notifications.cpp:168 Status change of text:200: {"value":"L1 230.0 V 0.0 A 0.00 kW | L2 230.9 V 0.0 A 0.00 kW | L3 230.9 V 0.0 A 0.00 kW"}
14:59:12 I y_notifications.cpp:168 Status change of text:200: {"value":"L1 230.3 V 0.0 A 0.00 kW | L2 230.6 V 0.0 A 0.00 kW | L3 230.7 V 0.0 A 0.00 kW"}
14:59:14 I shelly_script.cpp:204   script:1 5.9% CPU utilization
14:59:14 I y_notifications.cpp:168 Status change of text:200: {"value":"L1 229.6 V 0.0 A 0.00 kW | L2 230.4 V 0.0 A 0.00 kW | L3 230.7 V 0.0 A 0.00 kW"}
14:59:16 I y_notifications.cpp:168 Status change of text:200: {"value":"L1 230.4 V 0.0 A 0.00 kW | L2 230.0 V 0.0 A 0.00 kW | L3 231.1 V 0.0 A 0.00 kW"}
14:59:18 I y_notifications.cpp:168 Status change of text:200: {"value":"L1 229.8 V 0.0 A 0.00 kW | L2 230.0 V 0.0 A 0.00 kW | L3 231.1 V 0.0 A 0.00 kW"}
14:59:20 I y_notifications.cpp:168 Status change of text:200: {"value":"L1 229.9 V 0.0 A 0.00 kW | L2 230.8 V 0.0 A 0.00 kW | L3 230.9 V 0.0 A 0.00 kW"}
14:59:22 I y_notifications.cpp:168 Status change of text:200: {"value":"L1 230.3 V 0.0 A 0.00 kW | L2 230.9 V 0.0 A 0.00 kW | L3 231.5 V 0.0 A 0.00 kW"}
14:59:24 I y_notifications.cpp:168 Status change of text:200: {"value":"L1 230.2 V 0.0 A 0.00 kW | L2 230.1 V 0.0 A 0.00 kW | L3 230.7 V 0.0 A 0.00 kW"}
14:59:26 I shelly_script.cpp:204   script:1 5.9% CPU utilization
14:59:26 I y_notifications.cpp:168 Status change of text:200: {"value":"L1 229.6 V 0.0 A 0.00 kW | L2 230.1 V 0.0 A 0.00 kW | L3 230.9 V 0.0 A 0.00 kW"}
14:59:28 I y_notifications.cpp:168 Status change of text:200: {"value":"L1 230.4 V 0.0 A 0.00 kW | L2 230.0 V 0.0 A 0.00 kW | L3 230.9 V 0.0 A 0.00 kW"}
14:59:30 I y_notifications.cpp:168 Status change of text:200: {"value":"L1 230.3 V 0.0 A 0.00 kW | L2 230.5 V 0.0 A 0.00 kW | L3 230.9 V 0.0 A 0.00 kW"}
14:59:32 I y_notifications.cpp:168 Status change of text:200: {"value":"L1 230.4 V 0.0 A 0.00 kW | L2 230.8 V 0.0 A 0.00 kW | L3 231.1 V 0.0 A 0.00 kW"}
14:59:34 I y_notifications.cpp:168 Status change of text:200: {"value":"L1 230.0 V 0.0 A 0.00 kW | L2 230.4 V 0.0 A 0.00 kW | L3 230.5 V 0.0 A 0.00 kW"}
14:59:36 I y_notifications.cpp:168 Status change of text:200: {"value":"L1 230.1 V 0.0 A 0.00 kW | L2 230.6 V 0.0 A 0.00 kW | L3 231.0 V 0.0 A 0.00 kW"}
14:59:38 I shelly_script.cpp:204   script:1 5.9% CPU utilization
14:59:38 I y_notifications.cpp:168 Status change of text:200: {"value":"L1 230.4 V 0.0 A 0.00 kW | L2 230.2 V 0.0 A 0.00 kW | L3 230.9 V 0.0 A 0.00 kW"}
14:59:40 I y_notifications.cpp:168 Status change of text:200: {"value":"L1 229.7 V 0.0 A 0.00 kW | L2 230.8 V 0.0 A 0.00 kW | L3 230.9 V 0.0 A 0.00 kW"}
14:59:40 W y_notifications.cpp:122 ch type=WS_in info=from 192.168.0.57:53053 via ws0 has no DST
14:59:42 I y_notifications.cpp:168 Status change of text:200: {"value":"L1 229.8 V 0.0 A 0.00 kW | L2 230.3 V 0.0 A 0.00 kW | L3 230.8 V 0.0 A 0.00 kW"}
14:59:42 W y_notifications.cpp:122 ch type=WS_in info=from 192.168.0.57:53053 via ws0 has no DST
14:59:42 W shos_rpc_inst.c:372     0x3fcb5880: duplicate id 'web-1790247367824'
14:59:42 I shos_rpc_inst.c:241     RPC.Ping [96@web-1790247367824] via WS_in from 192.168.0.57:53053 via ws0
14:59:42 W shos_rpc_inst.c:372     0x3fcb5880: duplicate id 'web-1790247367824'
14:59:42 I shos_rpc_inst.c:241     Shelly.GetDeviceInfo [97@web-1790247367824] via WS_in from 192.168.0.57:53053 via ws0
14:59:42 W shos_rpc_inst.c:372     0x3fcb5880: duplicate id 'web-1790247367824'
14:59:42 I shos_rpc_inst.c:241     Shelly.GetComponents [98@web-1790247367824] via WS_in from 192.168.0.57:53053 via ws0
14:59:42 W shos_rpc_inst.c:372     0x3fcb5880: duplicate id 'web-1790247367824'
14:59:42 I shos_rpc_inst.c:241     Shelly.GetComponents [99@web-1790247367824] via WS_in from 192.168.0.57:53053 via ws0
14:59:42 W shos_rpc_inst.c:372     0x3fcb5880: duplicate id 'web-1790247367824'
14:59:42 I shos_rpc_inst.c:241     Shelly.GetComponents [100@web-1790247367824] via WS_in from 192.168.0.57:53053 via ws0
14:59:43 W shos_rpc_inst.c:372     0x3fcb5880: duplicate id 'web-1790247367824'
14:59:43 I shos_rpc_inst.c:241     Shelly.GetComponents [101@web-1790247367824] via WS_in from 192.168.0.57:53053 via ws0
14:59:43 W shos_rpc_inst.c:372     0x3fcb5880: duplicate id 'web-1790247367824'
14:59:43 I shos_rpc_inst.c:241     Schedule.List [102@web-1790247367824] via WS_in from 192.168.0.57:53053 via ws0
14:59:43 W shos_rpc_inst.c:372     0x3fcb5880: duplicate id 'web-1790247367824'
14:59:43 I shos_rpc_inst.c:241     Webhook.List [103@web-1790247367824] via WS_in from 192.168.0.57:53053 via ws0
14:59:43 W shos_rpc_inst.c:372     0x3fcb5880: duplicate id 'web-1790247367824'
14:59:43 I shos_rpc_inst.c:241     KVS.GetMany [104@web-1790247367824] via WS_in from 192.168.0.57:53053 via ws0
14:59:43 W shos_rpc_inst.c:372     0x3fcb5880: duplicate id 'web-1790247367824'
14:59:43 I shos_rpc_inst.c:241     Schedule.List [105@web-1790247367824] via WS_in from 192.168.0.57:53053 via ws0
14:59:43 W shos_rpc_inst.c:372     0x3fcb5880: duplicate id 'web-1790247367824'
14:59:43 I shos_rpc_inst.c:241     BLE.ListPairedDevices [106@web-1790247367824] via WS_in from 192.168.0.57:53053 via ws0
14:59:43 W shos_rpc_inst.c:372     0x3fcb5880: duplicate id 'web-1790247367824'
14:59:43 I shos_rpc_inst.c:241     Script.GetCode [107@web-1790247367824] via WS_in from 192.168.0.57:53053 via ws0
14:59:43 I lly_scripts_rpc.cpp:372 Sending "script_1.js"
14:59:43 W shos_rpc_inst.c:372     0x3fcb5880: duplicate id 'web-1790247367824'
14:59:43 I shos_rpc_inst.c:241     Webhook.ListAllSupported [108@web-1790247367824] via WS_in from 192.168.0.57:53053 via ws0
14:59:43 W shos_rpc_inst.c:372     0x3fcb5880: duplicate id 'web-1790247367824'
14:59:43 I shos_rpc_inst.c:241     Shelly.ListMethods [109@web-1790247367824] via WS_in from 192.168.0.57:53053 via ws0
14:59:44 W shos_rpc_inst.c:372     0x3fcb5880: duplicate id 'web-1790247367824'
14:59:44 I shos_rpc_inst.c:241     Script.GetCode [110@web-1790247367824] via WS_in from 192.168.0.57:53053 via ws0
14:59:44 W shos_rpc_inst.c:372     0x3fcb5880: duplicate id 'web-1790247367824'
14:59:44 I shos_rpc_inst.c:241     Webhook.ListAllSupported [111@web-1790247367824] via WS_in from 192.168.0.57:53053 via ws0
14:59:44 W shos_rpc_inst.c:372     0x3fcb5880: duplicate id 'web-1790247367824'
14:59:44 I shos_rpc_inst.c:241     Script.GetCode [112@web-1790247367824] via WS_in from 192.168.0.57:53053 via ws0
14:59:44 W shos_rpc_inst.c:372     0x3fcb5880: duplicate id 'web-1790247367824'
14:59:44 I shos_rpc_inst.c:241     Script.GetCode [113@web-1790247367824] via WS_in from 192.168.0.57:53053 via ws0
14:59:44 W shos_rpc_inst.c:372     0x3fcb5880: duplicate id 'web-1790247367824'
14:59:44 I shos_rpc_inst.c:241     Script.GetCode [114@web-1790247367824] via WS_in from 192.168.0.57:53053 via ws0
14:59:44 W shos_rpc_inst.c:372     0x3fcb5880: duplicate id 'web-1790247367824'
14:59:44 I shos_rpc_inst.c:241     Script.GetCode [115@web-1790247367824] via WS_in from 192.168.0.57:53053 via ws0
14:59:44 I y_notifications.cpp:168 Status change of text:200: {"value":"L1 229.5 V 0.0 A 0.00 kW | L2 230.3 V 0.0 A 0.00 kW | L3 231.3 V 0.0 A 0.00 kW"}
14:59:44 W y_notifications.cpp:122 ch type=WS_in info=from 192.168.0.57:53053 via ws0 has no DST
14:59:46 I y_notifications.cpp:168 Status change of text:200: {"value":"L1 229.7 V 0.0 A 0.00 kW | L2 230.5 V 0.0 A 0.00 kW | L3 230.9 V 0.0 A 0.00 kW"}
14:59:46 W y_notifications.cpp:122 ch type=WS_in info=from 192.168.0.57:53053 via ws0 has no DST
14:59:48 I y_notifications.cpp:168 Status change of text:200: {"value":"L1 230.1 V 0.0 A 0.00 kW | L2 230.8 V 0.0 A 0.00 kW | L3 230.5 V 0.0 A 0.00 kW"}
14:59:48 W y_notifications.cpp:122 ch type=WS_in info=from 192.168.0.57:53053 via ws0 has no DST
14:59:50 I shelly_script.cpp:204   script:1 5.9% CPU utilization
14:59:50 I y_notifications.cpp:168 Status change of text:200: {"value":"L1 230.3 V 0.0 A 0.00 kW | L2 230.0 V 0.0 A 0.00 kW | L3 231.4 V 0.0 A 0.00 kW"}
14:59:50 W y_notifications.cpp:122 ch type=WS_in info=from 192.168.0.57:53053 via ws0 has no DST
14:59:52 I y_notifications.cpp:168 Status change of text:200: {"value":"L1 230.2 V 0.0 A 0.00 kW | L2 230.5 V 0.0 A 0.00 kW | L3 231.2 V 0.0 A 0.00 kW"}
14:59:52 W y_notifications.cpp:122 ch type=WS_in info=from 192.168.0.57:53053 via ws0 has no DST
14:59:54 I y_notifications.cpp:168 Status change of text:200: {"value":"L1 229.7 V 0.0 A 0.00 kW | L2 230.3 V 0.0 A 0.00 kW | L3 230.6 V 0.0 A 0.00 kW"}
14:59:54 W y_notifications.cpp:122 ch type=WS_in info=from 192.168.0.57:53053 via ws0 has no DST
14:59:54 I shos_rpc_inst.c:241     RPC.Ping [116@web-1790247367824] via WS_in from 192.168.0.57:53053 via ws0
14:59:56 I y_notifications.cpp:168 Status change of text:200: {"value":"L1 230.5 V 0.0 A 0.00 kW | L2 230.8 V 0.0 A 0.00 kW | L3 231.4 V 0.0 A 0.00 kW"}
14:59:58 I y_notifications.cpp:168 Status change of text:200: {"value":"L1 229.9 V 0.0 A 0.00 kW | L2 230.2 V 0.0 A 0.00 kW | L3 230.7 V 0.0 A 0.00 kW"}
15:00:00 I shelly_script.cpp:204   script:1 5.9% CPU utilization
15:00:00 I y_notifications.cpp:168 Status change of text:200: {"value":"L1 229.9 V 0.0 A 0.00 kW | L2 230.4 V 0.0 A 0.00 kW | L3 231.3 V 0.0 A 0.00 kW"}
15:00:02 I y_notifications.cpp:168 Status change of text:200: {"value":"L1 229.8 V 0.0 A 0.00 kW | L2 230.8 V 0.0 A 0.00 kW | L3 231.1 V 0.0 A 0.00 kW"}
15:00:04 I y_notifications.cpp:168 Status change of text:200: {"value":"L1 230.1 V 0.0 A 0.00 kW | L2 230.3 V 0.0 A 0.00 kW | L3 230.6 V 0.0 A 0.00 kW"}
15:00:06 I y_notifications.cpp:168 Status change of text:200: {"value":"L1 230.2 V 0.0 A 0.00 kW | L2 230.9 V 0.0 A 0.00 kW | L3 230.8 V 0.0 A 0.00 kW"}
15:00:08 I y_notifications.cpp:168 Status change of text:200: {"value":"L1 229.6 V 0.0 A 0.00 kW | L2 230.8 V 0.0 A 0.00 kW | L3 230.8 V 0.0 A 0.00 kW"}
15:00:10 I y_notifications.cpp:168 Status change of text:200: {"value":"L1 229.7 V 0.0 A 0.00 kW | L2 230.1 V 0.0 A 0.00 kW | L3 231.4 V 0.0 A 0.00 kW"}
15:00:12 I shelly_script.cpp:204   script:1 5.9% CPU utilization
15:00:12 I y_notifications.cpp:168 Status change of text:200: {"value":"L1 230.4 V 0.0 A 0.00 kW | L2 230.1 V 0.0 A 0.00 kW | L3 231.2 V 0.0 A 0.00 kW"}
15:00:14 I y_notifications.cpp:168 Status change of text:200: {"value":"L1 230.5 V 0.0 A 0.00 kW | L2 230.5 V 0.0 A 0.00 kW | L3 230.8 V 0.0 A 0.00 kW"}
15:00:16 I y_notifications.cpp:168 Status change of text:200: {"value":"L1 229.8 V 0.0 A 0.00 kW | L2 230.3 V 0.0 A 0.00 kW | L3 230.7 V 0.0 A 0.00 kW"}
15:00:18 I y_notifications.cpp:168 Status change of text:200: {"value":"L1 230.4 V 0.0 A 0.00 kW | L2 230.6 V 0.0 A 0.00 kW | L3 230.8 V 0.0 A 0.00 kW"}
15:00:20 I y_notifications.cpp:168 Status change of text:200: {"value":"L1 230.4 V 0.0 A 0.00 kW | L2 230.3 V 0.0 A 0.00 kW | L3 231.4 V 0.0 A 0.00 kW"}
15:00:22 I shelly_script.cpp:204   script:1 5.9% CPU utilization
15:00:22 I y_notifications.cpp:168 Status change of text:200: {"value":"L1 230.2 V 0.0 A 0.00 kW | L2 230.7 V 0.0 A 0.00 kW | L3 230.6 V 0.0 A 0.00 kW"}
15:00:24 I y_notifications.cpp:168 Status change of text:200: {"value":"L1 230.0 V 0.0 A 0.00 kW | L2 230.3 V 0.0 A 0.00 kW | L3 231.4 V 0.0 A 0.00 kW"}
15:00:26 I y_notifications.cpp:168 Status change of text:200: {"value":"L1 229.7 V 0.0 A 0.00 kW | L2 230.6 V 0.0 A 0.00 kW | L3 230.8 V 0.0 A 0.00 kW"}
15:00:28 I y_notifications.cpp:168 Status change of text:200: {"value":"L1 230.2 V 0.0 A 0.00 kW | L2 230.4 V 0.0 A 0.00 kW | L3 230.6 V 0.0 A 0.00 kW"}
15:00:30 I y_notifications.cpp:168 Status change of text:200: {"value":"L1 230.0 V 0.0 A 0.00 kW | L2 230.4 V 0.0 A 0.00 kW | L3 230.9 V 0.0 A 0.00 kW"}
15:00:32 I y_notifications.cpp:168 Status change of text:200: {"value":"L1 230.1 V 0.0 A 0.00 kW | L2 230.2 V 0.0 A 0.00 kW | L3 230.6 V 0.0 A 0.00 kW"}
15:00:34 I shelly_script.cpp:204   script:1 5.9% CPU utilization
15:00:34 I y_notifications.cpp:168 Status change of text:200: {"value":"L1 229.9 V 0.0 A 0.00 kW | L2 230.3 V 0.0 A 0.00 kW | L3 230.6 V 0.0 A 0.00 kW"}
15:00:36 I y_notifications.cpp:168 Status change of text:200: {"value":"L1 230.3 V 0.0 A 0.00 kW | L2 230.2 V 0.0 A 0.00 kW | L3 230.5 V 0.0 A 0.00 kW"}
15:00:38 I y_notifications.cpp:168 Status change of text:200: {"value":"L1 229.8 V 0.0 A 0.00 kW | L2 230.8 V 0.0 A 0.00 kW | L3 230.9 V 0.0 A 0.00 kW"}
15:00:40 I y_notifications.cpp:168 Status change of text:200: {"value":"L1 229.6 V 0.0 A 0.00 kW | L2 230.6 V 0.0 A 0.00 kW | L3 231.4 V 0.0 A 0.00 kW"}
15:00:42 I y_notifications.cpp:168 Status change of text:200: {"value":"L1 229.6 V 0.0 A 0.00 kW | L2 230.9 V 0.0 A 0.00 kW | L3 231.3 V 0.0 A 0.00 kW"}
15:00:44 I shelly_script.cpp:204   script:1 5.9% CPU utilization
15:00:44 I y_notifications.cpp:168 Status change of text:200: {"value":"L1 230.1 V 0.0 A 0.00 kW | L2 230.6 V 0.0 A 0.00 kW | L3 230.5 V 0.0 A 0.00 kW"}
15:00:46 I y_notifications.cpp:168 Status change of text:200: {"value":"L1 230.5 V 0.0 A 0.00 kW | L2 230.4 V 0.0 A 0.00 kW | L3 230.5 V 0.0 A 0.00 kW"}
15:00:48 I y_notifications.cpp:168 Status change of text:200: {"value":"L1 229.8 V 0.0 A 0.00 kW | L2 230.3 V 0.0 A 0.00 kW | L3 231.1 V 0.0 A 0.00 kW"}
15:00:50 I y_notifications.cpp:168 Status change of text:200: {"value":"L1 230.1 V 0.0 A 0.00 kW | L2 230.4 V 0.0 A 0.00 kW | L3 230.8 V 0.0 A 0.00 kW"}
15:00:52 I y_notifications.cpp:168 Status change of text:200: {"value":"L1 229.6 V 0.0 A 0.00 kW | L2 230.2 V 0.0 A 0.00 kW | L3 231.4 V 0.0 A 0.00 kW"}
15:00:54 I shelly_script.cpp:204   script:1 5.9% CPU utilization
15:00:54 I y_notifications.cpp:168 Status change of text:200: {"value":"L1 229.6 V 0.0 A 0.00 kW | L2 230.4 V 0.0 A 0.00 kW | L3 230.9 V 0.0 A 0.00 kW"}
15:00:56 I y_notifications.cpp:168 Status change of text:200: {"value":"L1 230.2 V 0.0 A 0.00 kW | L2 230.2 V 0.0 A 0.00 kW | L3 230.7 V 0.0 A 0.00 kW"}
15:00:58 I y_notifications.cpp:168 Status change of text:200: {"value":"L1 229.6 V 0.0 A 0.00 kW | L2 230.5 V 0.0 A 0.00 kW | L3 230.6 V 0.0 A 0.00 kW"}
15:01:00 I y_notifications.cpp:168 Status change of text:200: {"value":"L1 230.0 V 0.0 A 0.00 kW | L2 230.3 V 0.0 A 0.00 kW | L3 231.2 V 0.0 A 0.00 kW"}
15:01:02 I y_notifications.cpp:168 Status change of text:200: {"value":"L1 230.5 V 0.0 A 0.00 kW | L2 230.3 V 0.0 A 0.00 kW | L3 230.6 V 0.0 A 0.00 kW"}
15:01:04 I y_notifications.cpp:168 Status change of text:200: {"value":"L1 229.8 V 0.0 A 0.00 kW | L2 230.7 V 0.0 A 0.00 kW | L3 231.0 V 0.0 A 0.00 kW"}
15:01:06 I shelly_script.cpp:204   script:1 5.9% CPU utilization
15:01:06 I y_notifications.cpp:168 Status change of text:200: {"value":"L1 229.9 V 0.0 A 0.00 kW | L2 230.8 V 0.0 A 0.00 kW | L3 230.9 V 0.0 A 0.00 kW"}
15:01:08 I y_notifications.cpp:168 Status change of text:200: {"value":"L1 230.5 V 0.0 A 0.00 kW | L2 230.2 V 0.0 A 0.00 kW | L3 230.5 V 0.0 A 0.00 kW"}
15:01:10 I y_notifications.cpp:168 Status change of text:200: {"value":"L1 230.4 V 0.0 A 0.00 kW | L2 230.7 V 0.0 A 0.00 kW | L3 230.9 V 0.0 A 0.00 kW"}
15:01:12 I y_notifications.cpp:168 Status change of text:200: {"value":"L1 230.2 V 0.0 A 0.00 kW | L2 230.1 V 0.0 A 0.00 kW | L3 231.4 V 0.0 A 0.00 kW"}
15:01:14 I y_notifications.cpp:168 Status change of text:200: {"value":"L1 229.6 V 0.0 A 0.00 kW | L2 230.1 V 0.0 A 0.00 kW | L3 230.8 V 0.0 A 0.00 kW"}
15:01:16 I y_notifications.cpp:168 Status change of text:200: {"value":"L1 229.8 V 0.0 A 0.00 kW | L2 230.2 V 0.0 A 0.00 kW | L3 231.4 V 0.0 A 0.00 kW"}
15:01:18 I shelly_script.cpp:204   script:1 5.9% CPU utilization
15:01:18 I y_notifications.cpp:168 Status change of text:200: {"value":"L1 229.6 V 0.0 A 0.00 kW | L2 230.1 V 0.0 A 0.00 kW | L3 230.5 V 0.0 A 0.00 kW"}
15:01:20 I y_notifications.cpp:168 Status change of text:200: {"value":"L1 230.2 V 0.0 A 0.00 kW | L2 230.5 V 0.0 A 0.00 kW | L3 231.4 V 0.0 A 0.00 kW"}
15:01:22 I y_notifications.cpp:168 Status change of text:200: {"value":"L1 230.3 V 0.0 A 0.00 kW | L2 230.8 V 0.0 A 0.00 kW | L3 231.5 V 0.0 A 0.00 kW"}
15:01:24 I y_notifications.cpp:168 Status change of text:200: {"value":"L1 230.1 V 0.0 A 0.00 kW | L2 230.5 V 0.0 A 0.00 kW | L3 230.9 V 0.0 A 0.00 kW"}
15:01:26 I y_notifications.cpp:168 Status change of text:200: {"value":"L1 229.9 V 0.0 A 0.00 kW | L2 230.9 V 0.0 A 0.00 kW | L3 230.7 V 0.0 A 0.00 kW"}
15:01:28 I shelly_script.cpp:204   script:1 5.9% CPU utilization
15:01:28 I y_notifications.cpp:168 Status change of text:200: {"value":"L1 230.4 V 0.0 A 0.00 kW | L2 230.6 V 0.0 A 0.00 kW | L3 230.9 V 0.0 A 0.00 kW"}
15:01:30 I y_notifications.cpp:168 Status change of text:200: {"value":"L1 229.7 V 0.0 A 0.00 kW | L2 230.1 V 0.0 A 0.00 kW | L3 231.0 V 0.0 A 0.00 kW"}
15:01:32 I y_notifications.cpp:168 Status change of text:200: {"value":"L1 229.7 V 0.0 A 0.00 kW | L2 230.4 V 0.0 A 0.00 kW | L3 230.9 V 0.0 A 0.00 kW"}
15:01:34 I y_notifications.cpp:168 Status change of text:200: {"value":"L1 230.1 V 0.0 A 0.00 kW | L2 230.9 V 0.0 A 0.00 kW | L3 231.3 V 0.0 A 0.00 kW"}
15:01:36 I y_notifications.cpp:168 Status change of text:200: {"value":"L1 229.6 V 0.0 A 0.00 kW | L2 230.8 V 0.0 A 0.00 kW | L3 231.4 V 0.0 A 0.00 kW"}
15:01:38 I y_notifications.cpp:168 Status change of text:200: {"value":"L1 230.1 V 0.0 A 0.00 kW | L2 230.7 V 0.0 A 0.00 kW | L3 230.6 V 0.0 A 0.00 kW"}
15:01:40 I shelly_script.cpp:204   script:1 5.9% CPU utilization
15:01:40 I y_notifications.cpp:168 Status change of text:200: {"value":"L1 229.9 V 0.0 A 0.00 kW | L2 230.8 V 0.0 A 0.00 kW | L3 231.5 V 0.0 A 0.00 kW"}
15:01:42 I y_notifications.cpp:168 Status change of text:200: {"value":"L1 229.7 V 0.0 A 0.00 kW | L2 230.0 V 0.0 A 0.00 kW | L3 231.2 V 0.0 A 0.00 kW"}
15:01:44 I y_notifications.cpp:168 Status change of text:200: {"value":"L1 230.1 V 0.0 A 0.00 kW | L2 230.9 V 0.0 A 0.00 kW | L3 231.1 V 0.0 A 0.00 kW"}
15:01:46 I y_notifications.cpp:168 Status change of text:200: {"value":"L1 230.4 V 0.0 A 0.00 kW | L2 230.4 V 0.0 A 0.00 kW | L3 231.5 V 0.0 A 0.00 kW"}
15:01:48 I y_notifications.cpp:168 Status change of text:200: {"value":"L1 229.8 V 0.0 A 0.00 kW | L2 230.3 V 0.0 A 0.00 kW | L3 231.2 V 0.0 A 0.00 kW"}
15:01:50 I shelly_script.cpp:204   script:1 5.9% CPU utilization
15:01:50 I y_notifications.cpp:168 Status change of text:200: {"value":"L1 230.3 V 0.0 A 0.00 kW | L2 230.3 V 0.0 A 0.00 kW | L3 230.5 V 0.0 A 0.00 kW"}
15:01:52 I y_notifications.cpp:168 Status change of text:200: {"value":"L1 230.4 V 0.0 A 0.00 kW | L2 230.3 V 0.0 A 0.00 kW | L3 230.6 V 0.0 A 0.00 kW"}
15:01:54 I y_notifications.cpp:168 Status change of text:200: {"value":"L1 230.5 V 0.0 A 0.00 kW | L2 230.6 V 0.0 A 0.00 kW | L3 230.9 V 0.0 A 0.00 kW"}
15:01:56 I y_notifications.cpp:168 Status change of text:200: {"value":"L1 229.7 V 0.0 A 0.00 kW | L2 230.6 V 0.0 A 0.00 kW | L3 231.4 V 0.0 A 0.00 kW"}
15:01:58 I y_notifications.cpp:168 Status change of text:200: {"value":"L1 229.5 V 0.0 A 0.00 kW | L2 230.7 V 0.0 A 0.00 kW | L3 230.7 V 0.0 A 0.00 kW"}
15:02:00 I y_notifications.cpp:168 Status change of text:200: {"value":"L1 229.8 V 0.0 A 0.00 kW | L2 230.9 V 0.0 A 0.00 kW | L3 230.9 V 0.0 A 0.00 kW"}
15:02:02 I shelly_script.cpp:204   script:1 5.9% CPU utilization
15:02:02 I y_notifications.cpp:168 Status change of text:200: {"value":"L1 230.5 V 0.0 A 0.00 kW | L2 230.6 V 0.0 A 0.00 kW | L3 230.8 V 0.0 A 0.00 kW"}
15:02:04 I y_notifications.cpp:168 Status change of text:200: {"value":"L1 229.9 V 0.0 A 0.00 kW | L2 230.9 V 0.0 A 0.00 kW | L3 231.4 V 0.0 A 0.00 kW"}
15:02:06 I y_notifications.cpp:168 Status change of text:200: {"value":"L1 229.9 V 0.0 A 0.00 kW | L2 230.0 V 0.0 A 0.00 kW | L3 231.2 V 0.0 A 0.00 kW"}
15:02:08 I y_notifications.cpp:168 Status change of text:200: {"value":"L1 230.4 V 0.0 A 0.00 kW | L2 230.7 V 0.0 A 0.00 kW | L3 230.5 V 0.0 A 0.00 kW"}
15:02:10 I y_notifications.cpp:168 Status change of text:200: {"value":"L1 229.8 V 0.0 A 0.00 kW | L2 230.5 V 0.0 A 0.00 kW | L3 231.5 V 0.0 A 0.00 kW"}
15:02:12 I y_notifications.cpp:168 Status change of text:200: {"value":"L1 230.4 V 0.0 A 0.00 kW | L2 230.6 V 0.0 A 0.00 kW | L3 230.6 V 0.0 A 0.00 kW"}
15:02:14 I shelly_script.cpp:204   script:1 5.9% CPU utilization
15:02:14 I y_notifications.cpp:168 Status change of text:200: {"value":"L1 229.9 V 0.0 A 0.00 kW | L2 230.9 V 0.0 A 0.00 kW | L3 231.2 V 0.0 A 0.00 kW"}
15:02:16 I y_notifications.cpp:168 Status change of text:200: {"value":"L1 230.0 V 0.0 A 0.00 kW | L2 230.8 V 0.0 A 0.00 kW | L3 231.3 V 0.0 A 0.00 kW"}
15:02:18 I y_notifications.cpp:168 Status change of text:200: {"value":"L1 229.8 V 0.0 A 0.00 kW | L2 230.9 V 0.0 A 0.00 kW | L3 231.3 V 0.0 A 0.00 kW"}
15:02:20 I y_notifications.cpp:168 Status change of text:200: {"value":"L1 230.1 V 0.0 A 0.00 kW | L2 230.4 V 0.0 A 0.00 kW | L3 231.2 V 0.0 A 0.00 kW"}
15:02:22 I y_notifications.cpp:168 Status change of text:200: {"value":"L1 230.3 V 0.0 A 0.00 kW | L2 230.5 V 0.0 A 0.00 kW | L3 231.0 V 0.0 A 0.00 kW"}
15:02:24 I y_notifications.cpp:168 Status change of text:200: {"value":"L1 230.2 V 0.0 A 0.00 kW | L2 230.8 V 0.0 A 0.00 kW | L3 230.7 V 0.0 A 0.00 kW"}
15:02:26 I shelly_script.cpp:204   script:1 5.9% CPU utilization
15:02:26 I y_notifications.cpp:168 Status change of text:200: {"value":"L1 230.1 V 0.0 A 0.00 kW | L2 230.4 V 0.0 A 0.00 kW | L3 231.2 V 0.0 A 0.00 kW"}
15:02:28 I y_notifications.cpp:168 Status change of text:200: {"value":"L1 229.9 V 0.0 A 0.00 kW | L2 230.4 V 0.0 A 0.00 kW | L3 230.6 V 0.0 A 0.00 kW"}
15:02:30 I y_notifications.cpp:168 Status change of text:200: {"value":"L1 229.7 V 0.0 A 0.00 kW | L2 230.1 V 0.0 A 0.00 kW | L3 231.0 V 0.0 A 0.00 kW"}
15:02:32 I y_notifications.cpp:168 Status change of text:200: {"value":"L1 229.9 V 0.0 A 0.00 kW | L2 230.1 V 0.0 A 0.00 kW | L3 230.6 V 0.0 A 0.00 kW"}
15:02:34 I y_notifications.cpp:168 Status change of text:200: {"value":"L1 229.9 V 0.0 A 0.00 kW | L2 230.7 V 0.0 A 0.00 kW | L3 230.8 V 0.0 A 0.00 kW"}
15:02:36 I shelly_script.cpp:204   script:1 5.9% CPU utilization
15:02:36 I y_notifications.cpp:168 Status change of text:200: {"value":"L1 230.5 V 0.0 A 0.00 kW | L2 230.8 V 0.0 A 0.00 kW | L3 231.4 V 0.0 A 0.00 kW"}
15:02:38 I y_notifications.cpp:168 Status change of text:200: {"value":"L1 230.5 V 0.0 A 0.00 kW | L2 230.3 V 0.0 A 0.00 kW | L3 231.1 V 0.0 A 0.00 kW"}
15:02:40 I y_notifications.cpp:168 Status change of text:200: {"value":"L1 230.2 V 0.0 A 0.00 kW | L2 230.3 V 0.0 A 0.00 kW | L3 230.9 V 0.0 A 0.00 kW"}
15:02:42 I y_notifications.cpp:168 Status change of text:200: {"value":"L1 229.9 V 0.0 A 0.00 kW | L2 230.1 V 0.0 A 0.00 kW | L3 230.9 V 0.0 A 0.00 kW"}
15:02:44 I y_notifications.cpp:168 Status change of text:200: {"value":"L1 229.9 V 0.0 A 0.00 kW | L2 230.9 V 0.0 A 0.00 kW | L3 231.2 V 0.0 A 0.00 kW"}
15:02:46 I shelly_script.cpp:204   script:1 5.9% CPU utilization
15:02:46 I y_notifications.cpp:168 Status change of text:200: {"value":"L1 230.2 V 0.0 A 0.00 kW | L2 230.1 V 0.0 A 0.00 kW | L3 231.3 V 0.0 A 0.00 kW"}
15:02:48 I y_notifications.cpp:168 Status change of text:200: {"value":"L1 230.2 V 0.0 A 0.00 kW | L2 230.9 V 0.0 A 0.00 kW | L3 231.4 V 0.0 A 0.00 kW"}
15:02:50 I y_notifications.cpp:168 Status change of text:200: {"value":"L1 229.7 V 0.0 A 0.00 kW | L2 230.6 V 0.0 A 0.00 kW | L3 231.4 V 0.0 A 0.00 kW"}
15:02:52 I y_notifications.cpp:168 Status change of text:200: {"value":"L1 229.7 V 0.0 A 0.00 kW | L2 230.9 V 0.0 A 0.00 kW | L3 230.9 V 0.0 A 0.00 kW"}
15:02:54 I y_notifications.cpp:168 Status change of text:200: {"value":"L1 229.8 V 0.0 A 0.00 kW | L2 230.2 V 0.0 A 0.00 kW | L3 230.6 V 0.0 A 0.00 kW"}
15:02:56 I y_notifications.cpp:168 Status change of text:200: {"value":"L1 229.7 V 0.0 A 0.00 kW | L2 230.9 V 0.0 A 0.00 kW | L3 231.1 V 0.0 A 0.00 kW"}
15:02:58 I shelly_script.cpp:204   script:1 5.9% CPU utilization
15:02:58 I y_notifications.cpp:168 Status change of text:200: {"value":"L1 229.9 V 0.0 A 0.00 kW | L2 230.1 V 0.0 A 0.00 kW | L3 230.8 V 0.0 A 0.00 kW"}
15:03:00 I y_notifications.cpp:168 Status change of text:200: {"value":"L1 230.0 V 0.0 A 0.00 kW | L2 230.7 V 0.0 A 0.00 kW | L3 231.1 V 0.0 A 0.00 kW"}
15:03:02 I y_notifications.cpp:168 Status change of text:200: {"value":"L1 230.0 V 0.0 A 0.00 kW | L2 230.5 V 0.0 A 0.00 kW | L3 231.4 V 0.0 A 0.00 kW"}
15:03:04 I y_notifications.cpp:168 Status change of text:200: {"value":"L1 229.8 V 0.0 A 0.00 kW | L2 230.3 V 0.0 A 0.00 kW | L3 230.6 V 0.0 A 0.00 kW"}
15:03:06 I y_notifications.cpp:168 Status change of text:200: {"value":"L1 230.1 V 0.0 A 0.00 kW | L2 230.3 V 0.0 A 0.00 kW | L3 231.4 V 0.0 A 0.00 kW"}
15:03:08 I shelly_script.cpp:204   script:1 5.9% CPU utilization
15:03:08 I y_notifications.cpp:168 Status change of text:200: {"value":"L1 230.3 V 0.0 A 0.00 kW | L2 230.1 V 0.0 A 0.00 kW | L3 231.1 V 0.0 A 0.00 kW"}
15:03:10 I y_notifications.cpp:168 Status change of text:200: {"value":"L1 229.7 V 0.0 A 0.00 kW | L2 230.6 V 0.0 A 0.00 kW | L3 231.1 V 0.0 A 0.00 kW"}
15:03:12 I y_notifications.cpp:168 Status change of text:200: {"value":"L1 230.4 V 0.0 A 0.00 kW | L2 230.2 V 0.0 A 0.00 kW | L3 230.6 V 0.0 A 0.00 kW"}
15:03:14 I y_notifications.cpp:168 Status change of text:200: {"value":"L1 230.4 V 0.0 A 0.00 kW | L2 230.5 V 0.0 A 0.00 kW | L3 230.8 V 0.0 A 0.00 kW"}
15:03:16 I y_notifications.cpp:168 Status change of text:200: {"value":"L1 230.1 V 0.0 A 0.00 kW | L2 230.4 V 0.0 A 0.00 kW | L3 231.3 V 0.0 A 0.00 kW"}
15:03:18 I shelly_script.cpp:204   script:1 5.9% CPU utilization
15:03:18 I y_notifications.cpp:168 Status change of text:200: {"value":"L1 229.8 V 0.0 A 0.00 kW | L2 230.0 V 0.0 A 0.00 kW | L3 231.1 V 0.0 A 0.00 kW"}
15:03:20 I y_notifications.cpp:168 Status change of text:200: {"value":"L1 229.8 V 0.0 A 0.00 kW | L2 230.6 V 0.0 A 0.00 kW | L3 230.8 V 0.0 A 0.00 kW"}
15:03:22 I y_notifications.cpp:168 Status change of text:200: {"value":"L1 230.4 V 0.0 A 0.00 kW | L2 230.8 V 0.0 A 0.00 kW | L3 230.8 V 0.0 A 0.00 kW"}
15:03:24 I y_notifications.cpp:168 Status change of text:200: {"value":"L1 229.9 V 0.0 A 0.00 kW | L2 230.5 V 0.0 A 0.00 kW | L3 231.3 V 0.0 A 0.00 kW"}
15:03:26 I y_notifications.cpp:168 Status change of text:200: {"value":"L1 230.3 V 0.0 A 0.00 kW | L2 230.2 V 0.0 A 0.00 kW | L3 231.3 V 0.0 A 0.00 kW"}
15:03:28 I y_notifications.cpp:168 Status change of text:200: {"value":"L1 230.4 V 0.0 A 0.00 kW | L2 230.7 V 0.0 A 0.00 kW | L3 231.3 V 0.0 A 0.00 kW"}
15:03:30 I shelly_script.cpp:204   script:1 5.9% CPU utilization
15:03:30 I y_notifications.cpp:168 Status change of text:200: {"value":"L1 230.2 V 0.0 A 0.00 kW | L2 230.9 V 0.0 A 0.00 kW | L3 231.5 V 0.0 A 0.00 kW"}
15:03:32 I y_notifications.cpp:168 Status change of text:200: {"value":"L1 230.1 V 0.0 A 0.00 kW | L2 230.4 V 0.0 A 0.00 kW | L3 230.8 V 0.0 A 0.00 kW"}
15:03:34 I y_notifications.cpp:168 Status change of text:200: {"value":"L1 230.2 V 0.0 A 0.00 kW | L2 230.9 V 0.0 A 0.00 kW | L3 230.9 V 0.0 A 0.00 kW"}
15:03:36 I y_notifications.cpp:168 Status change of text:200: {"value":"L1 230.2 V 0.0 A 0.00 kW | L2 230.6 V 0.0 A 0.00 kW | L3 230.7 V 0.0 A 0.00 kW"}
15:03:38 I y_notifications.cpp:168 Status change of text:200: {"value":"L1 230.2 V 0.0 A 0.00 kW | L2 230.4 V 0.0 A 0.00 kW | L3 230.7 V 0.0 A 0.00 kW"}
15:03:40 I y_notifications.cpp:168 Status change of text:200: {"value":"L1 230.5 V 0.0 A 0.00 kW | L2 230.8 V 0.0 A 0.00 kW | L3 230.9 V 0.0 A 0.00 kW"}
15:03:42 I shelly_script.cpp:204   script:1 5.9% CPU utilization
15:03:42 I y_notifications.cpp:168 Status change of text:200: {"value":"L1 230.2 V 0.0 A 0.00 kW | L2 230.9 V 0.0 A 0.00 kW | L3 230.6 V 0.0 A 0.00 kW"}
15:03:44 I y_notifications.cpp:168 Status change of text:200: {"value":"L1 229.9 V 0.0 A 0.00 kW | L2 230.7 V 0.0 A 0.00 kW | L3 231.3 V 0.0 A 0.00 kW"}
15:03:46 I y_notifications.cpp:168 Status change of text:200: {"value":"L1 230.3 V 0.0 A 0.00 kW | L2 230.5 V 0.0 A 0.00 kW | L3 231.4 V 0.0 A 0.00 kW"}
15:03:48 I y_notifications.cpp:168 Status change of text:200: {"value":"L1 230.1 V 0.0 A 0.00 kW | L2 230.3 V 0.0 A 0.00 kW | L3 230.5 V 0.0 A 0.00 kW"}
15:03:50 I y_notifications.cpp:168 Status change of text:200: {"value":"L1 230.3 V 0.0 A 0.00 kW | L2 230.2 V 0.0 A 0.00 kW | L3 231.4 V 0.0 A 0.00 kW"}
15:03:52 I y_notifications.cpp:168 Status change of text:200: {"value":"L1 229.8 V 0.0 A 0.00 kW | L2 230.8 V 0.0 A 0.00 kW | L3 231.4 V 0.0 A 0.00 kW"}
15:03:54 I shelly_script.cpp:204   script:1 5.9% CPU utilization
15:03:54 I y_notifications.cpp:168 Status change of text:200: {"value":"L1 230.2 V 0.0 A 0.00 kW | L2 230.9 V 0.0 A 0.00 kW | L3 231.1 V 0.0 A 0.00 kW"}
15:03:56 I y_notifications.cpp:168 Status change of text:200: {"value":"L1 230.1 V 0.0 A 0.00 kW | L2 230.7 V 0.0 A 0.00 kW | L3 231.0 V 0.0 A 0.00 kW"}
15:03:58 I y_notifications.cpp:168 Status change of text:200: {"value":"L1 230.1 V 0.0 A 0.00 kW | L2 230.9 V 0.0 A 0.00 kW | L3 230.8 V 0.0 A 0.00 kW"}
15:04:00 I y_notifications.cpp:168 Status change of text:200: {"value":"L1 229.8 V 0.0 A 0.00 kW | L2 230.3 V 0.0 A 0.00 kW | L3 230.5 V 0.0 A 0.00 kW"}
15:04:02 I y_notifications.cpp:168 Status change of text:200: {"value":"L1 230.1 V 0.0 A 0.00 kW | L2 230.3 V 0.0 A 0.00 kW | L3 230.9 V 0.0 A 0.00 kW"}
15:04:04 I y_notifications.cpp:168 Status change of text:200: {"value":"L1 229.8 V 0.0 A 0.00 kW | L2 230.6 V 0.0 A 0.00 kW | L3 230.9 V 0.0 A 0.00 kW"}
15:04:06 I shelly_script.cpp:204   script:1 5.9% CPU utilization
15:04:06 I y_notifications.cpp:168 Status change of text:200: {"value":"L1 230.5 V 0.0 A 0.00 kW | L2 230.4 V 0.0 A 0.00 kW | L3 230.9 V 0.0 A 0.00 kW"}
15:04:08 I y_notifications.cpp:168 Status change of text:200: {"value":"L1 229.7 V 0.0 A 0.00 kW | L2 230.1 V 0.0 A 0.00 kW | L3 231.0 V 0.0 A 0.00 kW"}
15:04:10 I y_notifications.cpp:168 Status change of text:200: {"value":"L1 229.7 V 0.0 A 0.00 kW | L2 230.8 V 0.0 A 0.00 kW | L3 231.3 V 0.0 A 0.00 kW"}
15:04:12 I y_notifications.cpp:168 Status change of text:200: {"value":"L1 229.8 V 0.0 A 0.00 kW | L2 230.5 V 0.0 A 0.00 kW | L3 231.1 V 0.0 A 0.00 kW"}
15:04:14 I y_notifications.cpp:168 Status change of text:200: {"value":"L1 230.5 V 0.0 A 0.00 kW | L2 230.4 V 0.0 A 0.00 kW | L3 231.5 V 0.0 A 0.00 kW"}
15:04:16 I y_notifications.cpp:168 Status change of text:200: {"value":"L1 230.3 V 0.0 A 0.00 kW | L2 230.3 V 0.0 A 0.00 kW | L3 231.3 V 0.0 A 0.00 kW"}
15:04:18 I shelly_script.cpp:204   script:1 5.9% CPU utilization
15:04:18 I y_notifications.cpp:168 Status change of text:200: {"value":"L1 230.0 V 0.0 A 0.00 kW | L2 230.9 V 0.0 A 0.00 kW | L3 231.2 V 0.0 A 0.00 kW"}
15:04:20 I y_notifications.cpp:168 Status change of text:200: {"value":"L1 230.3 V 0.0 A 0.00 kW | L2 230.0 V 0.0 A 0.00 kW | L3 230.9 V 0.0 A 0.00 kW"}
15:04:22 I y_notifications.cpp:168 Status change of text:200: {"value":"L1 230.2 V 0.0 A 0.00 kW | L2 230.9 V 0.0 A 0.00 kW | L3 231.4 V 0.0 A 0.00 kW"}
15:04:24 I y_notifications.cpp:168 Status change of text:200: {"value":"L1 229.6 V 0.0 A 0.00 kW | L2 230.1 V 0.0 A 0.00 kW | L3 231.4 V 0.0 A 0.00 kW"}
15:04:26 I y_notifications.cpp:168 Status change of text:200: {"value":"L1 229.9 V 0.0 A 0.00 kW | L2 230.9 V 0.0 A 0.00 kW | L3 231.5 V 0.0 A 0.00 kW"}
15:04:28 I shelly_script.cpp:204   script:1 5.9% CPU utilization
15:04:28 I y_notifications.cpp:168 Status change of text:200: {"value":"L1 229.6 V 0.0 A 0.00 kW | L2 230.3 V 0.0 A 0.00 kW | L3 230.9 V 0.0 A 0.00 kW"}
15:04:30 I y_notifications.cpp:168 Status change of text:200: {"value":"L1 230.5 V 0.0 A 0.00 kW | L2 230.5 V 0.0 A 0.00 kW | L3 230.5 V 0.0 A 0.00 kW"}
15:04:32 I y_notifications.cpp:168 Status change of text:200: {"value":"L1 229.8 V 0.0 A 0.00 kW | L2 230.9 V 0.0 A 0.00 kW | L3 230.8 V 0.0 A 0.00 kW"}
15:04:34 I y_notifications.cpp:168 Status change of text:200: {"value":"L1 229.6 V 0.0 A 0.00 kW | L2 230.6 V 0.0 A 0.00 kW | L3 230.7 V 0.0 A 0.00 kW"}
15:04:36 I y_notifications.cpp:168 Status change of text:200: {"value":"L1 229.6 V 0.0 A 0.00 kW | L2 230.8 V 0.0 A 0.00 kW | L3 231.1 V 0.0 A 0.00 kW"}
15:04:38 I y_notifications.cpp:168 Status change of text:200: {"value":"L1 229.7 V 0.0 A 0.00 kW | L2 230.5 V 0.0 A 0.00 kW | L3 231.1 V 0.0 A 0.00 kW"}
15:04:40 I shelly_script.cpp:204   script:1 5.9% CPU utilization
15:04:40 I y_notifications.cpp:168 Status change of text:200: {"value":"L1 229.9 V 0.0 A 0.00 kW | L2 230.7 V 0.0 A 0.00 kW | L3 230.5 V 0.0 A 0.00 kW"}
15:04:42 I y_notifications.cpp:168 Status change of text:200: {"value":"L1 230.5 V 0.0 A 0.00 kW | L2 230.9 V 0.0 A 0.00 kW | L3 231.0 V 0.0 A 0.00 kW"}
15:04:44 I y_notifications.cpp:168 Status change of text:200: {"value":"L1 230.4 V 0.0 A 0.00 kW | L2 230.4 V 0.0 A 0.00 kW | L3 231.4 V 0.0 A 0.00 kW"}
15:04:46 I y_notifications.cpp:168 Status change of text:200: {"value":"L1 229.8 V 0.0 A 0.00 kW | L2 230.4 V 0.0 A 0.00 kW | L3 231.5 V 0.0 A 0.00 kW"}
15:04:48 I y_notifications.cpp:168 Status change of text:200: {"value":"L1 230.1 V 0.0 A 0.00 kW | L2 230.8 V 0.0 A 0.00 kW | L3 231.1 V 0.0 A 0.00 kW"}
15:04:50 I shelly_script.cpp:204   script:1 5.9% CPU utilization
15:04:50 I y_notifications.cpp:168 Status change of text:200: {"value":"L1 230.2 V 0.0 A 0.00 kW | L2 230.2 V 0.0 A 0.00 kW | L3 231.1 V 0.0 A 0.00 kW"}
15:04:52 I y_notifications.cpp:168 Status change of text:200: {"value":"L1 229.6 V 0.0 A 0.00 kW | L2 230.6 V 0.0 A 0.00 kW | L3 231.2 V 0.0 A 0.00 kW"}
15:04:54 I y_notifications.cpp:168 Status change of text:200: {"value":"L1 229.9 V 0.0 A 0.00 kW | L2 230.9 V 0.0 A 0.00 kW | L3 230.7 V 0.0 A 0.00 kW"}
15:04:56 I y_notifications.cpp:168 Status change of text:200: {"value":"L1 230.1 V 0.0 A 0.00 kW | L2 230.2 V 0.0 A 0.00 kW | L3 230.9 V 0.0 A 0.00 kW"}
15:04:58 I y_notifications.cpp:168 Status change of text:200: {"value":"L1 230.1 V 0.0 A 0.00 kW | L2 230.2 V 0.0 A 0.00 kW | L3 231.4 V 0.0 A 0.00 kW"}
15:05:00 I shelly_script.cpp:204   script:1 5.9% CPU utilization
15:05:00 I y_notifications.cpp:168 Status change of text:200: {"value":"L1 230.2 V 0.0 A 0.00 kW | L2 230.6 V 0.0 A 0.00 kW | L3 231.1 V 0.0 A 0.00 kW"}
15:05:02 I y_notifications.cpp:168 Status change of text:200: {"value":"L1 230.4 V 0.0 A 0.00 kW | L2 230.4 V 0.0 A 0.00 kW | L3 231.2 V 0.0 A 0.00 kW"}
15:05:04 I y_notifications.cpp:168 Status change of text:200: {"value":"L1 229.9 V 0.0 A 0.00 kW | L2 230.9 V 0.0 A 0.00 kW | L3 231.3 V 0.0 A 0.00 kW"}
15:05:06 I y_notifications.cpp:168 Status change of text:200: {"value":"L1 229.9 V 0.0 A 0.00 kW | L2 230.9 V 0.0 A 0.00 kW | L3 231.4 V 0.0 A 0.00 kW"}
15:05:08 I y_notifications.cpp:168 Status change of text:200: {"value":"L1 230.4 V 0.0 A 0.00 kW | L2 230.7 V 0.0 A 0.00 kW | L3 231.1 V 0.0 A 0.00 kW"}
15:05:10 I y_notifications.cpp:168 Status change of text:200: {"value":"L1 230.0 V 0.0 A 0.00 kW | L2 230.4 V 0.0 A 0.00 kW | L3 231.1 V 0.0 A 0.00 kW"}
15:05:12 I shelly_script.cpp:204   script:1 5.9% CPU utilization
15:05:12 I y_notifications.cpp:168 Status change of text:200: {"value":"L1 230.4 V 0.0 A 0.00 kW | L2 230.6 V 0.0 A 0.00 kW | L3 230.6 V 0.0 A 0.00 kW"}
15:05:14 I y_notifications.cpp:168 Status change of text:200: {"value":"L1 229.9 V 0.0 A 0.00 kW | L2 230.8 V 0.0 A 0.00 kW | L3 231.4 V 0.0 A 0.00 kW"}
15:05:16 I y_notifications.cpp:168 Status change of text:200: {"value":"L1 229.9 V 0.0 A 0.00 kW | L2 230.3 V 0.0 A 0.00 kW | L3 231.2 V 0.0 A 0.00 kW"}
15:05:18 I y_notifications.cpp:168 Status change of text:200: {"value":"L1 230.5 V 0.0 A 0.00 kW | L2 230.8 V 0.0 A 0.00 kW | L3 230.9 V 0.0 A 0.00 kW"}
15:05:20 I y_notifications.cpp:168 Status change of text:200: {"value":"L1 229.7 V 0.0 A 0.00 kW | L2 230.9 V 0.0 A 0.00 kW | L3 231.5 V 0.0 A 0.00 kW"}
15:05:22 I y_notifications.cpp:168 Status change of text:200: {"value":"L1 230.3 V 0.0 A 0.00 kW | L2 230.2 V 0.0 A 0.00 kW | L3 230.6 V 0.0 A 0.00 kW"}
15:05:24 I shelly_script.cpp:204   script:1 5.9% CPU utilization
15:05:24 I y_notifications.cpp:168 Status change of text:200: {"value":"L1 230.0 V 0.0 A 0.00 kW | L2 230.3 V 0.0 A 0.00 kW | L3 231.3 V 0.0 A 0.00 kW"}
15:05:26 I y_notifications.cpp:168 Status change of text:200: {"value":"L1 229.8 V 0.0 A 0.00 kW | L2 230.6 V 0.0 A 0.00 kW | L3 231.3 V 0.0 A 0.00 kW"}
15:05:28 I y_notifications.cpp:168 Status change of text:200: {"value":"L1 230.4 V 0.0 A 0.00 kW | L2 230.1 V 0.0 A 0.00 kW | L3 231.5 V 0.0 A 0.00 kW"}
15:05:30 I y_notifications.cpp:168 Status change of text:200: {"value":"L1 229.6 V 0.0 A 0.00 kW | L2 230.9 V 0.0 A 0.00 kW | L3 231.4 V 0.0 A 0.00 kW"}
15:05:32 I y_notifications.cpp:168 Status change of text:200: {"value":"L1 230.3 V 0.0 A 0.00 kW | L2 230.2 V 0.0 A 0.00 kW | L3 231.4 V 0.0 A 0.00 kW"}
15:05:34 I y_notifications.cpp:168 Status change of text:200: {"value":"L1 229.8 V 0.0 A 0.00 kW | L2 230.4 V 0.0 A 0.00 kW | L3 231.1 V 0.0 A 0.00 kW"}
15:05:36 I shelly_script.cpp:204   script:1 5.9% CPU utilization
15:05:36 I y_notifications.cpp:168 Status change of text:200: {"value":"L1 230.4 V 0.0 A 0.00 kW | L2 230.3 V 0.0 A 0.00 kW | L3 231.1 V 0.0 A 0.00 kW"}
15:05:38 I y_notifications.cpp:168 Status change of text:200: {"value":"L1 230.1 V 0.0 A 0.00 kW | L2 230.2 V 0.0 A 0.00 kW | L3 230.7 V 0.0 A 0.00 kW"}
15:05:40 I y_notifications.cpp:168 Status change of text:200: {"value":"L1 230.3 V 0.0 A 0.00 kW | L2 230.9 V 0.0 A 0.00 kW | L3 230.7 V 0.0 A 0.00 kW"}
15:05:42 I y_notifications.cpp:168 Status change of text:200: {"value":"L1 229.7 V 0.0 A 0.00 kW | L2 230.1 V 0.0 A 0.00 kW | L3 230.8 V 0.0 A 0.00 kW"}
15:05:44 I y_notifications.cpp:168 Status change of text:200: {"value":"L1 230.4 V 0.0 A 0.00 kW | L2 230.9 V 0.0 A 0.00 kW | L3 230.8 V 0.0 A 0.00 kW"}
15:05:46 I shelly_script.cpp:204   script:1 5.9% CPU utilization
15:05:46 I y_notifications.cpp:168 Status change of text:200: {"value":"L1 230.0 V 0.0 A 0.00 kW | L2 230.8 V 0.0 A 0.00 kW | L3 231.2 V 0.0 A 0.00 kW"}
15:05:48 I y_notifications.cpp:168 Status change of text:200: {"value":"L1 230.1 V 0.0 A 0.00 kW | L2 230.1 V 0.0 A 0.00 kW | L3 231.0 V 0.0 A 0.00 kW"}
15:05:50 I y_notifications.cpp:168 Status change of text:200: {"value":"L1 230.4 V 0.0 A 0.00 kW | L2 230.2 V 0.0 A 0.00 kW | L3 231.1 V 0.0 A 0.00 kW"}
15:05:52 I y_notifications.cpp:168 Status change of text:200: {"value":"L1 230.1 V 0.0 A 0.00 kW | L2 230.2 V 0.0 A 0.00 kW | L3 230.8 V 0.0 A 0.00 kW"}
15:05:54 I y_notifications.cpp:168 Status change of text:200: {"value":"L1 230.2 V 0.0 A 0.00 kW | L2 230.5 V 0.0 A 0.00 kW | L3 230.7 V 0.0 A 0.00 kW"}
15:05:56 I y_notifications.cpp:168 Status change of text:200: {"value":"L1 230.3 V 0.0 A 0.00 kW | L2 230.6 V 0.0 A 0.00 kW | L3 230.9 V 0.0 A 0.00 kW"}
15:05:58 I shelly_script.cpp:204   script:1 5.9% CPU utilization
15:05:58 I y_notifications.cpp:168 Status change of text:200: {"value":"L1 229.7 V 0.0 A 0.00 kW | L2 230.9 V 0.0 A 0.00 kW | L3 231.1 V 0.0 A 0.00 kW"}
15:06:00 I y_notifications.cpp:168 Status change of text:200: {"value":"L1 229.8 V 0.0 A 0.00 kW | L2 230.6 V 0.0 A 0.00 kW | L3 230.6 V 0.0 A 0.00 kW"}
15:06:02 I y_notifications.cpp:168 Status change of text:200: {"value":"L1 229.9 V 0.0 A 0.00 kW | L2 230.3 V 0.0 A 0.00 kW | L3 231.2 V 0.0 A 0.00 kW"}
15:06:04 I y_notifications.cpp:168 Status change of text:200: {"value":"L1 229.8 V 0.0 A 0.00 kW | L2 230.3 V 0.0 A 0.00 kW | L3 231.3 V 0.0 A 0.00 kW"}
15:06:06 I y_notifications.cpp:168 Status change of text:200: {"value":"L1 230.4 V 0.0 A 0.00 kW | L2 230.7 V 0.0 A 0.00 kW | L3 231.4 V 0.0 A 0.00 kW"}
15:06:08 I shelly_script.cpp:204   script:1 5.9% CPU utilization
15:06:08 I y_notifications.cpp:168 Status change of text:200: {"value":"L1 230.3 V 0.0 A 0.00 kW | L2 230.6 V 0.0 A 0.00 kW | L3 231.4 V 0.0 A 0.00 kW"}
15:06:10 I y_notifications.cpp:168 Status change of text:200: {"value":"L1 230.2 V 0.0 A 0.00 kW | L2 230.2 V 0.0 A 0.00 kW | L3 231.0 V 0.0 A 0.00 kW"}
15:06:12 I y_notifications.cpp:168 Status change of text:200: {"value":"L1 230.3 V 0.0 A 0.00 kW | L2 230.2 V 0.0 A 0.00 kW | L3 231.4 V 0.0 A 0.00 kW"}
15:06:14 I y_notifications.cpp:168 Status change of text:200: {"value":"L1 230.1 V 0.0 A 0.00 kW | L2 230.6 V 0.0 A 0.00 kW | L3 230.7 V 0.0 A 0.00 kW"}
15:06:16 I y_notifications.cpp:168 Status change of text:200: {"value":"L1 230.0 V 0.0 A 0.00 kW | L2 230.9 V 0.0 A 0.00 kW | L3 230.9 V 0.0 A 0.00 kW"}
15:06:18 I y_notifications.cpp:168 Status change of text:200: {"value":"L1 230.2 V 0.0 A 0.00 kW | L2 230.9 V 0.0 A 0.00 kW | L3 230.8 V 0.0 A 0.00 kW"}
15:06:20 I shelly_script.cpp:204   script:1 5.9% CPU utilization
15:06:20 I y_notifications.cpp:168 Status change of text:200: {"value":"L1 230.2 V 0.0 A 0.00 kW | L2 230.3 V 0.0 A 0.00 kW | L3 231.5 V 0.0 A 0.00 kW"}
15:06:22 I y_notifications.cpp:168 Status change of text:200: {"value":"L1 230.2 V 0.0 A 0.00 kW | L2 230.9 V 0.0 A 0.00 kW | L3 230.7 V 0.0 A 0.00 kW"}
15:06:24 I y_notifications.cpp:168 Status change of text:200: {"value":"L1 230.3 V 0.0 A 0.00 kW | L2 230.3 V 0.0 A 0.00 kW | L3 230.7 V 0.0 A 0.00 kW"}
15:06:26 I y_notifications.cpp:168 Status change of text:200: {"value":"L1 229.6 V 0.0 A 0.00 kW | L2 230.8 V 0.0 A 0.00 kW | L3 230.8 V 0.0 A 0.00 kW"}
15:06:28 I y_notifications.cpp:168 Status change of text:200: {"value":"L1 230.1 V 0.0 A 0.00 kW | L2 230.0 V 0.0 A 0.00 kW | L3 230.5 V 0.0 A 0.00 kW"}
15:06:30 I shelly_script.cpp:204   script:1 5.8% CPU utilization
15:06:30 I y_notifications.cpp:168 Status change of text:200: {"value":"L1 229.7 V 0.0 A 0.00 kW | L2 230.1 V 0.0 A 0.00 kW | L3 230.9 V 0.0 A 0.00 kW"}
15:06:32 I y_notifications.cpp:168 Status change of text:200: {"value":"L1 230.1 V 0.0 A 0.00 kW | L2 230.9 V 0.0 A 0.00 kW | L3 230.7 V 0.0 A 0.00 kW"}
15:06:34 I y_notifications.cpp:168 Status change of text:200: {"value":"L1 230.4 V 0.0 A 0.00 kW | L2 230.1 V 0.0 A 0.00 kW | L3 231.5 V 0.0 A 0.00 kW"}
15:06:36 I y_notifications.cpp:168 Status change of text:200: {"value":"L1 229.6 V 0.0 A 0.00 kW | L2 230.5 V 0.0 A 0.00 kW | L3 231.3 V 0.0 A 0.00 kW"}
15:06:38 I y_notifications.cpp:168 Status change of text:200: {"value":"L1 230.2 V 0.0 A 0.00 kW | L2 230.9 V 0.0 A 0.00 kW | L3 230.9 V 0.0 A 0.00 kW"}
15:06:40 I y_notifications.cpp:168 Status change of text:200: {"value":"L1 230.3 V 0.0 A 0.00 kW | L2 230.9 V 0.0 A 0.00 kW | L3 230.8 V 0.0 A 0.00 kW"}
15:06:42 I shelly_script.cpp:204   script:1 5.9% CPU utilization
15:06:42 I y_notifications.cpp:168 Status change of text:200: {"value":"L1 230.3 V 0.0 A 0.00 kW | L2 230.3 V 0.0 A 0.00 kW | L3 230.5 V 0.0 A 0.00 kW"}
15:06:44 I y_notifications.cpp:168 Status change of text:200: {"value":"L1 230.4 V 0.0 A 0.00 kW | L2 230.9 V 0.0 A 0.00 kW | L3 231.5 V 0.0 A 0.00 kW"}
15:06:46 I y_notifications.cpp:168 Status change of text:200: {"value":"L1 230.0 V 0.0 A 0.00 kW | L2 230.4 V 0.0 A 0.00 kW | L3 231.4 V 0.0 A 0.00 kW"}
15:06:48 I y_notifications.cpp:168 Status change of text:200: {"value":"L1 230.4 V 0.0 A 0.00 kW | L2 230.7 V 0.0 A 0.00 kW | L3 231.1 V 0.0 A 0.00 kW"}
15:06:50 I y_notifications.cpp:168 Status change of text:200: {"value":"L1 229.8 V 0.0 A 0.00 kW | L2 230.3 V 0.0 A 0.00 kW | L3 231.4 V 0.0 A 0.00 kW"}
15:06:52 I shelly_script.cpp:204   script:1 5.9% CPU utilization
15:06:52 I y_notifications.cpp:168 Status change of text:200: {"value":"L1 229.7 V 0.0 A 0.00 kW | L2 230.1 V 0.0 A 0.00 kW | L3 230.9 V 0.0 A 0.00 kW"}
15:06:54 I y_notifications.cpp:168 Status change of text:200: {"value":"L1 230.3 V 0.0 A 0.00 kW | L2 230.9 V 0.0 A 0.00 kW | L3 231.3 V 0.0 A 0.00 kW"}
15:06:56 I y_notifications.cpp:168 Status change of text:200: {"value":"L1 230.0 V 0.0 A 0.00 kW | L2 230.3 V 0.0 A 0.00 kW | L3 231.1 V 0.0 A 0.00 kW"}
15:06:58 I y_notifications.cpp:168 Status change of text:200: {"value":"L1 229.7 V 0.0 A 0.00 kW | L2 230.8 V 0.0 A 0.00 kW | L3 231.3 V 0.0 A 0.00 kW"}
15:07:00 I y_notifications.cpp:168 Status change of text:200: {"value":"L1 230.2 V 0.0 A 0.00 kW | L2 230.6 V 0.0 A 0.00 kW | L3 230.9 V 0.0 A 0.00 kW"}
15:07:02 I y_notifications.cpp:168 Status change of text:200: {"value":"L1 229.9 V 0.0 A 0.00 kW | L2 230.0 V 0.0 A 0.00 kW | L3 230.8 V 0.0 A 0.00 kW"}
15:07:04 I shelly_script.cpp:204   script:1 5.9% CPU utilization
15:07:04 I y_notifications.cpp:168 Status change of text:200: {"value":"L1 229.7 V 0.0 A 0.00 kW | L2 230.7 V 0.0 A 0.00 kW | L3 231.5 V 0.0 A 0.00 kW"}
15:07:06 I y_notifications.cpp:168 Status change of text:200: {"value":"L1 229.9 V 0.0 A 0.00 kW | L2 230.8 V 0.0 A 0.00 kW | L3 231.1 V 0.0 A 0.00 kW"}
15:07:08 I y_notifications.cpp:168 Status change of text:200: {"value":"L1 229.9 V 0.0 A 0.00 kW | L2 230.8 V 0.0 A 0.00 kW | L3 230.8 V 0.0 A 0.00 kW"}
15:07:10 I y_notifications.cpp:168 Status change of text:200: {"value":"L1 230.3 V 0.0 A 0.00 kW | L2 230.9 V 0.0 A 0.00 kW | L3 231.2 V 0.0 A 0.00 kW"}
15:07:12 I y_notifications.cpp:168 Status change of text:200: {"value":"L1 229.9 V 0.0 A 0.00 kW | L2 230.4 V 0.0 A 0.00 kW | L3 230.6 V 0.0 A 0.00 kW"}
15:07:14 I y_notifications.cpp:168 Status change of text:200: {"value":"L1 229.6 V 0.0 A 0.00 kW | L2 230.5 V 0.0 A 0.00 kW | L3 231.4 V 0.0 A 0.00 kW"}
15:07:16 I shelly_script.cpp:204   script:1 5.9% CPU utilization
15:07:16 I y_notifications.cpp:168 Status change of text:200: {"value":"L1 230.2 V 0.0 A 0.00 kW | L2 230.6 V 0.0 A 0.00 kW | L3 230.6 V 0.0 A 0.00 kW"}
15:07:18 I y_notifications.cpp:168 Status change of text:200: {"value":"L1 230.3 V 0.0 A 0.00 kW | L2 230.5 V 0.0 A 0.00 kW | L3 230.7 V 0.0 A 0.00 kW"}
15:07:20 I y_notifications.cpp:168 Status change of text:200: {"value":"L1 229.6 V 0.0 A 0.00 kW | L2 230.6 V 0.0 A 0.00 kW | L3 230.9 V 0.0 A 0.00 kW"}
15:07:22 I y_notifications.cpp:168 Status change of text:200: {"value":"L1 230.3 V 0.0 A 0.00 kW | L2 230.7 V 0.0 A 0.00 kW | L3 230.9 V 0.0 A 0.00 kW"}
15:07:24 I y_notifications.cpp:168 Status change of text:200: {"value":"L1 230.3 V 0.0 A 0.00 kW | L2 230.0 V 0.0 A 0.00 kW | L3 230.9 V 0.0 A 0.00 kW"}
15:07:26 I shelly_script.cpp:204   script:1 5.9% CPU utilization
15:07:26 I y_notifications.cpp:168 Status change of text:200: {"value":"L1 229.9 V 0.0 A 0.00 kW | L2 230.2 V 0.0 A 0.00 kW | L3 231.1 V 0.0 A 0.00 kW"}
15:07:28 I y_notifications.cpp:168 Status change of text:200: {"value":"L1 230.4 V 0.0 A 0.00 kW | L2 230.2 V 0.0 A 0.00 kW | L3 231.1 V 0.0 A 0.00 kW"}
15:07:30 I y_notifications.cpp:168 Status change of text:200: {"value":"L1 230.5 V 0.0 A 0.00 kW | L2 230.1 V 0.0 A 0.00 kW | L3 230.9 V 0.0 A 0.00 kW"}
15:07:32 I y_notifications.cpp:168 Status change of text:200: {"value":"L1 229.6 V 0.0 A 0.00 kW | L2 230.9 V 0.0 A 0.00 kW | L3 230.9 V 0.0 A 0.00 kW"}
15:07:34 I y_notifications.cpp:168 Status change of text:200: {"value":"L1 229.7 V 0.0 A 0.00 kW | L2 230.8 V 0.0 A 0.00 kW | L3 230.7 V 0.0 A 0.00 kW"}
15:07:36 I y_notifications.cpp:168 Status change of text:200: {"value":"L1 230.3 V 0.0 A 0.00 kW | L2 230.1 V 0.0 A 0.00 kW | L3 230.6 V 0.0 A 0.00 kW"}
15:07:38 I shelly_script.cpp:204   script:1 5.9% CPU utilization
15:07:38 I y_notifications.cpp:168 Status change of text:200: {"value":"L1 230.4 V 0.0 A 0.00 kW | L2 230.5 V 0.0 A 0.00 kW | L3 231.4 V 0.0 A 0.00 kW"}
15:07:40 I y_notifications.cpp:168 Status change of text:200: {"value":"L1 229.9 V 0.0 A 0.00 kW | L2 230.5 V 0.0 A 0.00 kW | L3 230.8 V 0.0 A 0.00 kW"}
15:07:42 I y_notifications.cpp:168 Status change of text:200: {"value":"L1 229.7 V 0.0 A 0.00 kW | L2 230.5 V 0.0 A 0.00 kW | L3 230.9 V 0.0 A 0.00 kW"}
15:07:44 I y_notifications.cpp:168 Status change of text:200: {"value":"L1 229.9 V 0.0 A 0.00 kW | L2 230.3 V 0.0 A 0.00 kW | L3 231.1 V 0.0 A 0.00 kW"}
15:07:46 I y_notifications.cpp:168 Status change of text:200: {"value":"L1 229.6 V 0.0 A 0.00 kW | L2 230.3 V 0.0 A 0.00 kW | L3 230.7 V 0.0 A 0.00 kW"}
15:07:48 I shelly_script.cpp:204   script:1 5.9% CPU utilization
15:07:48 I y_notifications.cpp:168 Status change of text:200: {"value":"L1 229.6 V 0.0 A 0.00 kW | L2 230.6 V 0.0 A 0.00 kW | L3 231.1 V 0.0 A 0.00 kW"}
15:07:50 I y_notifications.cpp:168 Status change of text:200: {"value":"L1 229.8 V 0.0 A 0.00 kW | L2 230.2 V 0.0 A 0.00 kW | L3 230.8 V 0.0 A 0.00 kW"}
15:07:52 I y_notifications.cpp:168 Status change of text:200: {"value":"L1 230.2 V 0.0 A 0.00 kW | L2 230.8 V 0.0 A 0.00 kW | L3 231.1 V 0.0 A 0.00 kW"}
15:07:54 I y_notifications.cpp:168 Status change of text:200: {"value":"L1 230.1 V 0.0 A 0.00 kW | L2 230.7 V 0.0 A 0.00 kW | L3 231.2 V 0.0 A 0.00 kW"}
15:07:56 I y_notifications.cpp:168 Status change of text:200: {"value":"L1 230.4 V 0.0 A 0.00 kW | L2 230.1 V 0.0 A 0.00 kW | L3 230.6 V 0.0 A 0.00 kW"}
15:07:58 I shelly_script.cpp:204   script:1 5.9% CPU utilization
15:07:58 I y_notifications.cpp:168 Status change of text:200: {"value":"L1 229.7 V 0.0 A 0.00 kW | L2 230.9 V 0.0 A 0.00 kW | L3 230.7 V 0.0 A 0.00 kW"}
15:08:00 I y_notifications.cpp:168 Status change of text:200: {"value":"L1 230.3 V 0.0 A 0.00 kW | L2 230.5 V 0.0 A 0.00 kW | L3 231.1 V 0.0 A 0.00 kW"}
15:08:02 I y_notifications.cpp:168 Status change of text:200: {"value":"L1 229.9 V 0.0 A 0.00 kW | L2 230.3 V 0.0 A 0.00 kW | L3 230.6 V 0.0 A 0.00 kW"}
15:08:04 I y_notifications.cpp:168 Status change of text:200: {"value":"L1 229.7 V 0.0 A 0.00 kW | L2 230.4 V 0.0 A 0.00 kW | L3 230.8 V 0.0 A 0.00 kW"}
15:08:06 I y_notifications.cpp:168 Status change of text:200: {"value":"L1 229.9 V 0.0 A 0.00 kW | L2 230.5 V 0.0 A 0.00 kW | L3 231.2 V 0.0 A 0.00 kW"}
15:08:08 I shelly_script.cpp:204   script:1 5.9% CPU utilization
15:08:08 I y_notifications.cpp:168 Status change of text:200: {"value":"L1 229.7 V 0.0 A 0.00 kW | L2 230.6 V 0.0 A 0.00 kW | L3 230.6 V 0.0 A 0.00 kW"}
15:08:10 I y_notifications.cpp:168 Status change of text:200: {"value":"L1 230.3 V 0.0 A 0.00 kW | L2 230.0 V 0.0 A 0.00 kW | L3 230.7 V 0.0 A 0.00 kW"}
15:08:12 I y_notifications.cpp:168 Status change of text:200: {"value":"L1 229.7 V 0.0 A 0.00 kW | L2 230.9 V 0.0 A 0.00 kW | L3 230.6 V 0.0 A 0.00 kW"}
15:08:14 I y_notifications.cpp:168 Status change of text:200: {"value":"L1 229.7 V 0.0 A 0.00 kW | L2 230.9 V 0.0 A 0.00 kW | L3 231.1 V 0.0 A 0.00 kW"}
15:08:16 I y_notifications.cpp:168 Status change of text:200: {"value":"L1 229.8 V 0.0 A 0.00 kW | L2 230.7 V 0.0 A 0.00 kW | L3 230.6 V 0.0 A 0.00 kW"}
15:08:18 I y_notifications.cpp:168 Status change of text:200: {"value":"L1 230.1 V 0.0 A 0.00 kW | L2 230.7 V 0.0 A 0.00 kW | L3 230.8 V 0.0 A 0.00 kW"}
15:08:20 I shelly_script.cpp:204   script:1 5.9% CPU utilization
15:08:20 I y_notifications.cpp:168 Status change of text:200: {"value":"L1 229.7 V 0.0 A 0.00 kW | L2 230.2 V 0.0 A 0.00 kW | L3 231.3 V 0.0 A 0.00 kW"}
15:08:22 I y_notifications.cpp:168 Status change of text:200: {"value":"L1 229.7 V 0.0 A 0.00 kW | L2 230.8 V 0.0 A 0.00 kW | L3 231.3 V 0.0 A 0.00 kW"}
15:08:24 I y_notifications.cpp:168 Status change of text:200: {"value":"L1 230.5 V 0.0 A 0.00 kW | L2 230.4 V 0.0 A 0.00 kW | L3 231.4 V 0.0 A 0.00 kW"}
15:08:26 I y_notifications.cpp:168 Status change of text:200: {"value":"L1 230.4 V 0.0 A 0.00 kW | L2 230.1 V 0.0 A 0.00 kW | L3 231.3 V 0.0 A 0.00 kW"}
15:08:28 I y_notifications.cpp:168 Status change of text:200: {"value":"L1 229.5 V 0.0 A 0.00 kW | L2 230.3 V 0.0 A 0.00 kW | L3 231.2 V 0.0 A 0.00 kW"}
15:08:30 I y_notifications.cpp:168 Status change of text:200: {"value":"L1 229.7 V 0.0 A 0.00 kW | L2 230.2 V 0.0 A 0.00 kW | L3 231.4 V 0.0 A 0.00 kW"}
15:08:32 I shelly_script.cpp:204   script:1 5.9% CPU utilization
15:08:32 I y_notifications.cpp:168 Status change of text:200: {"value":"L1 230.2 V 0.0 A 0.00 kW | L2 230.8 V 0.0 A 0.00 kW | L3 230.6 V 0.0 A 0.00 kW"}
15:08:34 I y_notifications.cpp:168 Status change of text:200: {"value":"L1 230.2 V 0.0 A 0.00 kW | L2 230.8 V 0.0 A 0.00 kW | L3 231.4 V 0.0 A 0.00 kW"}
15:08:36 I y_notifications.cpp:168 Status change of text:200: {"value":"L1 229.6 V 0.0 A 0.00 kW | L2 230.9 V 0.0 A 0.00 kW | L3 231.1 V 0.0 A 0.00 kW"}
15:08:38 I y_notifications.cpp:168 Status change of text:200: {"value":"L1 230.4 V 0.0 A 0.00 kW | L2 230.8 V 0.0 A 0.00 kW | L3 231.2 V 0.0 A 0.00 kW"}
15:08:40 I y_notifications.cpp:168 Status change of text:200: {"value":"L1 230.1 V 0.0 A 0.00 kW | L2 230.8 V 0.0 A 0.00 kW | L3 230.7 V 0.0 A 0.00 kW"}
15:08:42 I shelly_script.cpp:204   script:1 5.9% CPU utilization
15:08:42 I y_notifications.cpp:168 Status change of text:200: {"value":"L1 229.9 V 0.0 A 0.00 kW | L2 230.4 V 0.0 A 0.00 kW | L3 231.1 V 0.0 A 0.00 kW"}
15:08:44 I y_notifications.cpp:168 Status change of text:200: {"value":"L1 230.2 V 0.0 A 0.00 kW | L2 230.9 V 0.0 A 0.00 kW | L3 230.5 V 0.0 A 0.00 kW"}
15:08:46 I y_notifications.cpp:168 Status change of text:200: {"value":"L1 230.1 V 0.0 A 0.00 kW | L2 230.3 V 0.0 A 0.00 kW | L3 231.4 V 0.0 A 0.00 kW"}
15:08:48 I y_notifications.cpp:168 Status change of text:200: {"value":"L1 229.7 V 0.0 A 0.00 kW | L2 230.1 V 0.0 A 0.00 kW | L3 231.4 V 0.0 A 0.00 kW"}
15:08:50 I y_notifications.cpp:168 Status change of text:200: {"value":"L1 230.1 V 0.0 A 0.00 kW | L2 230.6 V 0.0 A 0.00 kW | L3 230.9 V 0.0 A 0.00 kW"}
15:08:52 I shelly_script.cpp:204   script:1 5.9% CPU utilization
15:08:52 I y_notifications.cpp:168 Status change of text:200: {"value":"L1 230.2 V 0.0 A 0.00 kW | L2 230.3 V 0.0 A 0.00 kW | L3 231.5 V 0.0 A 0.00 kW"}
15:08:54 I y_notifications.cpp:168 Status change of text:200: {"value":"L1 230.4 V 0.0 A 0.00 kW | L2 230.2 V 0.0 A 0.00 kW | L3 230.8 V 0.0 A 0.00 kW"}
15:08:56 I y_notifications.cpp:168 Status change of text:200: {"value":"L1 230.5 V 0.0 A 0.00 kW | L2 230.3 V 0.0 A 0.00 kW | L3 231.3 V 0.0 A 0.00 kW"}
15:08:58 I y_notifications.cpp:168 Status change of text:200: {"value":"L1 229.7 V 0.0 A 0.00 kW | L2 230.5 V 0.0 A 0.00 kW | L3 230.7 V 0.0 A 0.00 kW"}
15:09:00 I y_notifications.cpp:168 Status change of text:200: {"value":"L1 230.1 V 0.0 A 0.00 kW | L2 230.8 V 0.0 A 0.00 kW | L3 231.3 V 0.0 A 0.00 kW"}
15:09:02 I shelly_script.cpp:204   script:1 5.9% CPU utilization
15:09:02 I y_notifications.cpp:168 Status change of text:200: {"value":"L1 229.6 V 0.0 A 0.00 kW | L2 230.2 V 0.0 A 0.00 kW | L3 230.7 V 0.0 A 0.00 kW"}
15:09:04 I y_notifications.cpp:168 Status change of text:200: {"value":"L1 229.7 V 0.0 A 0.00 kW | L2 230.0 V 0.0 A 0.00 kW | L3 230.5 V 0.0 A 0.00 kW"}
15:09:06 I y_notifications.cpp:168 Status change of text:200: {"value":"L1 229.6 V 0.0 A 0.00 kW | L2 230.0 V 0.0 A 0.00 kW | L3 231.3 V 0.0 A 0.00 kW"}
15:09:08 I y_notifications.cpp:168 Status change of text:200: {"value":"L1 230.2 V 0.0 A 0.00 kW | L2 230.2 V 0.0 A 0.00 kW | L3 230.7 V 0.0 A 0.00 kW"}
15:09:10 I y_notifications.cpp:168 Status change of text:200: {"value":"L1 230.3 V 0.0 A 0.00 kW | L2 230.5 V 0.0 A 0.00 kW | L3 230.5 V 0.0 A 0.00 kW"}
15:09:12 I y_notifications.cpp:168 Status change of text:200: {"value":"L1 230.0 V 0.0 A 0.00 kW | L2 230.8 V 0.0 A 0.00 kW | L3 231.2 V 0.0 A 0.00 kW"}
15:09:14 I shelly_script.cpp:204   script:1 5.9% CPU utilization
15:09:14 I y_notifications.cpp:168 Status change of text:200: {"value":"L1 229.7 V 0.0 A 0.00 kW | L2 230.6 V 0.0 A 0.00 kW | L3 230.9 V 0.0 A 0.00 kW"}
15:09:16 I y_notifications.cpp:168 Status change of text:200: {"value":"L1 229.8 V 0.0 A 0.00 kW | L2 230.3 V 0.0 A 0.00 kW | L3 230.6 V 0.0 A 0.00 kW"}
15:09:18 I y_notifications.cpp:168 Status change of text:200: {"value":"L1 230.3 V 0.0 A 0.00 kW | L2 230.6 V 0.0 A 0.00 kW | L3 230.6 V 0.0 A 0.00 kW"}
15:09:20 I y_notifications.cpp:168 Status change of text:200: {"value":"L1 230.5 V 0.0 A 0.00 kW | L2 230.4 V 0.0 A 0.00 kW | L3 230.7 V 0.0 A 0.00 kW"}
15:09:22 I y_notifications.cpp:168 Status change of text:200: {"value":"L1 230.0 V 0.0 A 0.00 kW | L2 230.1 V 0.0 A 0.00 kW | L3 231.4 V 0.0 A 0.00 kW"}
15:09:24 I y_notifications.cpp:168 Status change of text:200: {"value":"L1 229.6 V 0.0 A 0.00 kW | L2 230.7 V 0.0 A 0.00 kW | L3 231.5 V 0.0 A 0.00 kW"}
15:09:26 I shelly_script.cpp:204   script:1 5.9% CPU utilization
15:09:26 I y_notifications.cpp:168 Status change of text:200: {"value":"L1 230.2 V 0.0 A 0.00 kW | L2 230.3 V 0.0 A 0.00 kW | L3 230.7 V 0.0 A 0.00 kW"}
15:09:28 I y_notifications.cpp:168 Status change of text:200: {"value":"L1 230.3 V 0.0 A 0.00 kW | L2 230.0 V 0.0 A 0.00 kW | L3 230.7 V 0.0 A 0.00 kW"}
15:09:30 I y_notifications.cpp:168 Status change of text:200: {"value":"L1 230.3 V 0.0 A 0.00 kW | L2 230.6 V 0.0 A 0.00 kW | L3 230.9 V 0.0 A 0.00 kW"}
15:09:32 I y_notifications.cpp:168 Status change of text:200: {"value":"L1 230.4 V 0.0 A 0.00 kW | L2 230.2 V 0.0 A 0.00 kW | L3 230.8 V 0.0 A 0.00 kW"}
15:09:34 I y_notifications.cpp:168 Status change of text:200: {"value":"L1 229.9 V 0.0 A 0.00 kW | L2 230.2 V 0.0 A 0.00 kW | L3 230.8 V 0.0 A 0.00 kW"}
15:09:36 I shelly_script.cpp:204   script:1 5.9% CPU utilization
15:09:36 I y_notifications.cpp:168 Status change of text:200: {"value":"L1 230.2 V 0.0 A 0.00 kW | L2 230.9 V 0.0 A 0.00 kW | L3 231.5 V 0.0 A 0.00 kW"}
15:09:38 I y_notifications.cpp:168 Status change of text:200: {"value":"L1 229.9 V 0.0 A 0.00 kW | L2 230.7 V 0.0 A 0.00 kW | L3 231.3 V 0.0 A 0.00 kW"}
15:09:40 I y_notifications.cpp:168 Status change of text:200: {"value":"L1 230.4 V 0.0 A 0.00 kW | L2 230.9 V 0.0 A 0.00 kW | L3 231.1 V 0.0 A 0.00 kW"}
15:09:42 I y_notifications.cpp:168 Status change of text:200: {"value":"L1 229.9 V 0.0 A 0.00 kW | L2 230.3 V 0.0 A 0.00 kW | L3 230.7 V 0.0 A 0.00 kW"}
15:09:44 I y_notifications.cpp:168 Status change of text:200: {"value":"L1 230.1 V 0.0 A 0.00 kW | L2 230.7 V 0.0 A 0.00 kW | L3 230.7 V 0.0 A 0.00 kW"}
15:09:46 I y_notifications.cpp:168 Status change of text:200: {"value":"L1 230.1 V 0.0 A 0.00 kW | L2 230.4 V 0.0 A 0.00 kW | L3 230.9 V 0.0 A 0.00 kW"}
15:09:48 I shelly_script.cpp:204   script:1 5.9% CPU utilization
15:09:48 I y_notifications.cpp:168 Status change of text:200: {"value":"L1 229.8 V 0.0 A 0.00 kW | L2 230.3 V 0.0 A 0.00 kW | L3 230.7 V 0.0 A 0.00 kW"}
15:09:52 I y_notifications.cpp:168 Status change of text:200: {"value":"L1 230.0 V 0.0 A 0.00 kW | L2 230.2 V 0.0 A 0.00 kW | L3 231.4 V 0.0 A 0.00 kW"}
15:09:54 I y_notifications.cpp:168 Status change of text:200: {"value":"L1 230.1 V 0.0 A 0.00 kW | L2 230.2 V 0.0 A 0.00 kW | L3 231.4 V 0.0 A 0.00 kW"}
15:09:56 I y_notifications.cpp:168 Status change of text:200: {"value":"L1 230.2 V 0.0 A 0.00 kW | L2 230.7 V 0.0 A 0.00 kW | L3 230.6 V 0.0 A 0.00 kW"}
15:09:58 I shelly_script.cpp:204   script:1 5.9% CPU utilization
15:09:58 I y_notifications.cpp:168 Status change of text:200: {"value":"L1 229.9 V 0.0 A 0.00 kW | L2 230.2 V 0.0 A 0.00 kW | L3 230.7 V 0.0 A 0.00 kW"}
15:10:00 I y_notifications.cpp:168 Status change of text:200: {"value":"L1 230.1 V 0.0 A 0.00 kW | L2 230.8 V 0.0 A 0.00 kW | L3 230.9 V 0.0 A 0.00 kW"}
15:10:02 I y_notifications.cpp:168 Status change of text:200: {"value":"L1 229.5 V 0.0 A 0.00 kW | L2 230.7 V 0.0 A 0.00 kW | L3 230.6 V 0.0 A 0.00 kW"}
15:10:04 I y_notifications.cpp:168 Status change of text:200: {"value":"L1 230.1 V 0.0 A 0.00 kW | L2 230.6 V 0.0 A 0.00 kW | L3 230.8 V 0.0 A 0.00 kW"}
15:10:06 I y_notifications.cpp:168 Status change of text:200: {"value":"L1 229.8 V 0.0 A 0.00 kW | L2 230.9 V 0.0 A 0.00 kW | L3 230.8 V 0.0 A 0.00 kW"}
15:10:08 I y_notifications.cpp:168 Status change of text:200: {"value":"L1 229.6 V 0.0 A 0.00 kW | L2 230.1 V 0.0 A 0.00 kW | L3 230.5 V 0.0 A 0.00 kW"}
15:10:10 I shelly_script.cpp:204   script:1 5.9% CPU utilization
15:10:10 I y_notifications.cpp:168 Status change of text:200: {"value":"L1 230.2 V 0.0 A 0.00 kW | L2 230.5 V 0.0 A 0.00 kW | L3 230.6 V 0.0 A 0.00 kW"}
15:10:12 I y_notifications.cpp:168 Status change of text:200: {"value":"L1 230.3 V 0.0 A 0.00 kW | L2 230.4 V 0.0 A 0.00 kW | L3 231.3 V 0.0 A 0.00 kW"}
15:10:14 I y_notifications.cpp:168 Status change of text:200: {"value":"L1 229.8 V 0.0 A 0.00 kW | L2 230.8 V 0.0 A 0.00 kW | L3 231.2 V 0.0 A 0.00 kW"}
15:10:16 I y_notifications.cpp:168 Status change of text:200: {"value":"L1 230.4 V 0.0 A 0.00 kW | L2 230.4 V 0.0 A 0.00 kW | L3 230.7 V 0.0 A 0.00 kW"}
15:10:18 I y_notifications.cpp:168 Status change of text:200: {"value":"L1 229.7 V 0.0 A 0.00 kW | L2 230.4 V 0.0 A 0.00 kW | L3 230.8 V 0.0 A 0.00 kW"}
15:10:20 I shelly_script.cpp:204   script:1 5.9% CPU utilization
15:10:20 I y_notifications.cpp:168 Status change of text:200: {"value":"L1 229.9 V 0.0 A 0.00 kW | L2 230.5 V 0.0 A 0.00 kW | L3 231.5 V 0.0 A 0.00 kW"}
15:10:22 I y_notifications.cpp:168 Status change of text:200: {"value":"L1 230.4 V 0.0 A 0.00 kW | L2 230.0 V 0.0 A 0.00 kW | L3 230.7 V 0.0 A 0.00 kW"}
15:10:24 I y_notifications.cpp:168 Status change of text:200: {"value":"L1 230.3 V 0.0 A 0.00 kW | L2 230.9 V 0.0 A 0.00 kW | L3 230.8 V 0.0 A 0.00 kW"}
15:10:26 I y_notifications.cpp:168 Status change of text:200: {"value":"L1 230.0 V 0.0 A 0.00 kW | L2 230.8 V 0.0 A 0.00 kW | L3 231.4 V 0.0 A 0.00 kW"}
15:10:28 I y_notifications.cpp:168 Status change of text:200: {"value":"L1 229.9 V 0.0 A 0.00 kW | L2 230.2 V 0.0 A 0.00 kW | L3 231.3 V 0.0 A 0.00 kW"}
15:10:30 I shelly_script.cpp:204   script:1 5.9% CPU utilization
15:10:30 I y_notifications.cpp:168 Status change of text:200: {"value":"L1 230.1 V 0.0 A 0.00 kW | L2 230.1 V 0.0 A 0.00 kW | L3 231.1 V 0.0 A 0.00 kW"}
15:10:32 I y_notifications.cpp:168 Status change of text:200: {"value":"L1 229.6 V 0.0 A 0.00 kW | L2 230.3 V 0.0 A 0.00 kW | L3 231.3 V 0.0 A 0.00 kW"}
15:10:34 I y_notifications.cpp:168 Status change of text:200: {"value":"L1 230.3 V 0.0 A 0.00 kW | L2 230.7 V 0.0 A 0.00 kW | L3 230.5 V 0.0 A 0.00 kW"}
15:10:36 I y_notifications.cpp:168 Status change of text:200: {"value":"L1 229.6 V 0.0 A 0.00 kW | L2 230.8 V 0.0 A 0.00 kW | L3 230.6 V 0.0 A 0.00 kW"}
15:10:38 I y_notifications.cpp:168 Status change of text:200: {"value":"L1 230.2 V 0.0 A 0.00 kW | L2 230.8 V 0.0 A 0.00 kW | L3 231.3 V 0.0 A 0.00 kW"}
15:10:40 I shelly_script.cpp:204   script:1 5.9% CPU utilization
15:10:40 I y_notifications.cpp:168 Status change of text:200: {"value":"L1 229.7 V 0.0 A 0.00 kW | L2 230.6 V 0.0 A 0.00 kW | L3 231.3 V 0.0 A 0.00 kW"}
15:10:42 I y_notifications.cpp:168 Status change of text:200: {"value":"L1 230.4 V 0.0 A 0.00 kW | L2 230.6 V 0.0 A 0.00 kW | L3 231.3 V 0.0 A 0.00 kW"}
15:10:44 I y_notifications.cpp:168 Status change of text:200: {"value":"L1 230.3 V 0.0 A 0.00 kW | L2 230.8 V 0.0 A 0.00 kW | L3 231.3 V 0.0 A 0.00 kW"}
15:10:46 I y_notifications.cpp:168 Status change of text:200: {"value":"L1 229.9 V 0.0 A 0.00 kW | L2 230.0 V 0.0 A 0.00 kW | L3 231.2 V 0.0 A 0.00 kW"}
15:10:48 I y_notifications.cpp:168 Status change of text:200: {"value":"L1 230.3 V 0.0 A 0.00 kW | L2 230.9 V 0.0 A 0.00 kW | L3 231.0 V 0.0 A 0.00 kW"}
15:10:50 I y_notifications.cpp:168 Status change of text:200: {"value":"L1 230.3 V 0.0 A 0.00 kW | L2 230.3 V 0.0 A 0.00 kW | L3 231.3 V 0.0 A 0.00 kW"}
15:10:52 I shelly_script.cpp:204   script:1 5.9% CPU utilization
15:10:52 I y_notifications.cpp:168 Status change of text:200: {"value":"L1 229.8 V 0.0 A 0.00 kW | L2 230.1 V 0.0 A 0.00 kW | L3 230.6 V 0.0 A 0.00 kW"}
15:10:54 I y_notifications.cpp:168 Status change of text:200: {"value":"L1 230.1 V 0.0 A 0.00 kW | L2 230.6 V 0.0 A 0.00 kW | L3 230.9 V 0.0 A 0.00 kW"}
15:10:56 I y_notifications.cpp:168 Status change of text:200: {"value":"L1 229.5 V 0.0 A 0.00 kW | L2 230.9 V 0.0 A 0.00 kW | L3 231.2 V 0.0 A 0.00 kW"}
15:10:58 I y_notifications.cpp:168 Status change of text:200: {"value":"L1 229.7 V 0.0 A 0.00 kW | L2 230.5 V 0.0 A 0.00 kW | L3 231.5 V 0.0 A 0.00 kW"}
15:11:00 I y_notifications.cpp:168 Status change of text:200: {"value":"L1 229.6 V 0.0 A 0.00 kW | L2 230.1 V 0.0 A 0.00 kW | L3 231.4 V 0.0 A 0.00 kW"}
15:11:02 I shelly_script.cpp:204   script:1 5.9% CPU utilization
15:11:02 I y_notifications.cpp:168 Status change of text:200: {"value":"L1 229.7 V 0.0 A 0.00 kW | L2 230.3 V 0.0 A 0.00 kW | L3 231.1 V 0.0 A 0.00 kW"}
15:11:04 I y_notifications.cpp:168 Status change of text:200: {"value":"L1 229.9 V 0.0 A 0.00 kW | L2 230.7 V 0.0 A 0.00 kW | L3 231.4 V 0.0 A 0.00 kW"}
15:11:06 I y_notifications.cpp:168 Status change of text:200: {"value":"L1 230.4 V 0.0 A 0.00 kW | L2 230.6 V 0.0 A 0.00 kW | L3 230.8 V 0.0 A 0.00 kW"}
15:11:08 I y_notifications.cpp:168 Status change of text:200: {"value":"L1 230.1 V 0.0 A 0.00 kW | L2 230.9 V 0.0 A 0.00 kW | L3 231.0 V 0.0 A 0.00 kW"}
15:11:10 I y_notifications.cpp:168 Status change of text:200: {"value":"L1 229.9 V 0.0 A 0.00 kW | L2 230.4 V 0.0 A 0.00 kW | L3 231.2 V 0.0 A 0.00 kW"}
15:11:12 I y_notifications.cpp:168 Status change of text:200: {"value":"L1 230.1 V 0.0 A 0.00 kW | L2 230.1 V 0.0 A 0.00 kW | L3 230.6 V 0.0 A 0.00 kW"}
15:11:14 I shelly_script.cpp:204   script:1 5.9% CPU utilization
15:11:14 I y_notifications.cpp:168 Status change of text:200: {"value":"L1 230.1 V 0.0 A 0.00 kW | L2 230.5 V 0.0 A 0.00 kW | L3 230.9 V 0.0 A 0.00 kW"}
15:11:16 I y_notifications.cpp:168 Status change of text:200: {"value":"L1 229.8 V 0.0 A 0.00 kW | L2 230.9 V 0.0 A 0.00 kW | L3 231.5 V 0.0 A 0.00 kW"}
15:11:18 I y_notifications.cpp:168 Status change of text:200: {"value":"L1 230.1 V 0.0 A 0.00 kW | L2 230.2 V 0.0 A 0.00 kW | L3 231.2 V 0.0 A 0.00 kW"}
15:11:20 I y_notifications.cpp:168 Status change of text:200: {"value":"L1 230.0 V 0.0 A 0.00 kW | L2 230.8 V 0.0 A 0.00 kW | L3 230.9 V 0.0 A 0.00 kW"}
15:11:22 I y_notifications.cpp:168 Status change of text:200: {"value":"L1 230.1 V 0.0 A 0.00 kW | L2 230.9 V 0.0 A 0.00 kW | L3 231.1 V 0.0 A 0.00 kW"}
15:11:24 I shelly_script.cpp:204   script:1 5.9% CPU utilization
15:11:24 I y_notifications.cpp:168 Status change of text:200: {"value":"L1 230.5 V 0.0 A 0.00 kW | L2 230.5 V 0.0 A 0.00 kW | L3 230.6 V 0.0 A 0.00 kW"}
15:11:26 I y_notifications.cpp:168 Status change of text:200: {"value":"L1 230.0 V 0.0 A 0.00 kW | L2 230.8 V 0.0 A 0.00 kW | L3 231.4 V 0.0 A 0.00 kW"}
15:11:28 I y_notifications.cpp:168 Status change of text:200: {"value":"L1 230.0 V 0.0 A 0.00 kW | L2 230.8 V 0.0 A 0.00 kW | L3 230.9 V 0.0 A 0.00 kW"}
15:11:30 I y_notifications.cpp:168 Status change of text:200: {"value":"L1 229.8 V 0.0 A 0.00 kW | L2 230.3 V 0.0 A 0.00 kW | L3 231.4 V 0.0 A 0.00 kW"}
15:11:32 I y_notifications.cpp:168 Status change of text:200: {"value":"L1 230.4 V 0.0 A 0.00 kW | L2 230.7 V 0.0 A 0.00 kW | L3 230.7 V 0.0 A 0.00 kW"}
15:11:34 I shelly_script.cpp:204   script:1 5.9% CPU utilization
15:11:34 I y_notifications.cpp:168 Status change of text:200: {"value":"L1 229.7 V 0.0 A 0.00 kW | L2 230.1 V 0.0 A 0.00 kW | L3 230.6 V 0.0 A 0.00 kW"}
15:11:36 I y_notifications.cpp:168 Status change of text:200: {"value":"L1 230.4 V 0.0 A 0.00 kW | L2 230.2 V 0.0 A 0.00 kW | L3 230.7 V 0.0 A 0.00 kW"}
15:11:38 I y_notifications.cpp:168 Status change of text:200: {"value":"L1 229.7 V 0.0 A 0.00 kW | L2 230.3 V 0.0 A 0.00 kW | L3 230.6 V 0.0 A 0.00 kW"}
15:11:40 I y_notifications.cpp:168 Status change of text:200: {"value":"L1 229.6 V 0.0 A 0.00 kW | L2 230.6 V 0.0 A 0.00 kW | L3 231.5 V 0.0 A 0.00 kW"}
15:11:42 I y_notifications.cpp:168 Status change of text:200: {"value":"L1 229.7 V 0.0 A 0.00 kW | L2 230.5 V 0.0 A 0.00 kW | L3 230.8 V 0.0 A 0.00 kW"}
15:11:44 I shelly_script.cpp:204   script:1 5.9% CPU utilization
15:11:44 I y_notifications.cpp:168 Status change of text:200: {"value":"L1 230.4 V 0.0 A 0.00 kW | L2 230.8 V 0.0 A 0.00 kW | L3 231.3 V 0.0 A 0.00 kW"}
15:11:46 I y_notifications.cpp:168 Status change of text:200: {"value":"L1 230.3 V 0.0 A 0.00 kW | L2 230.2 V 0.0 A 0.00 kW | L3 231.0 V 0.0 A 0.00 kW"}
15:11:48 I y_notifications.cpp:168 Status change of text:200: {"value":"L1 229.9 V 0.0 A 0.00 kW | L2 230.7 V 0.0 A 0.00 kW | L3 230.7 V 0.0 A 0.00 kW"}
15:11:50 I y_notifications.cpp:168 Status change of text:200: {"value":"L1 229.9 V 0.0 A 0.00 kW | L2 230.6 V 0.0 A 0.00 kW | L3 231.0 V 0.0 A 0.00 kW"}
15:11:52 I y_notifications.cpp:168 Status change of text:200: {"value":"L1 230.1 V 0.0 A 0.00 kW | L2 230.9 V 0.0 A 0.00 kW | L3 230.9 V 0.0 A 0.00 kW"}
15:11:54 I y_notifications.cpp:168 Status change of text:200: {"value":"L1 230.3 V 0.0 A 0.00 kW | L2 230.0 V 0.0 A 0.00 kW | L3 231.3 V 0.0 A 0.00 kW"}
15:11:56 I shelly_script.cpp:204   script:1 5.9% CPU utilization
15:11:56 I y_notifications.cpp:168 Status change of text:200: {"value":"L1 229.8 V 0.0 A 0.00 kW | L2 230.8 V 0.0 A 0.00 kW | L3 231.3 V 0.0 A 0.00 kW"}
15:11:58 I y_notifications.cpp:168 Status change of text:200: {"value":"L1 230.2 V 0.0 A 0.00 kW | L2 230.9 V 0.0 A 0.00 kW | L3 231.2 V 0.0 A 0.00 kW"}
15:12:00 I y_notifications.cpp:168 Status change of text:200: {"value":"L1 229.6 V 0.0 A 0.00 kW | L2 230.7 V 0.0 A 0.00 kW | L3 231.1 V 0.0 A 0.00 kW"}
15:12:02 I y_notifications.cpp:168 Status change of text:200: {"value":"L1 230.1 V 0.0 A 0.00 kW | L2 230.4 V 0.0 A 0.00 kW | L3 231.4 V 0.0 A 0.00 kW"}
15:12:04 I y_notifications.cpp:168 Status change of text:200: {"value":"L1 229.9 V 0.0 A 0.00 kW | L2 230.3 V 0.0 A 0.00 kW | L3 231.2 V 0.0 A 0.00 kW"}
15:12:06 I y_notifications.cpp:168 Status change of text:200: {"value":"L1 230.0 V 0.0 A 0.00 kW | L2 230.9 V 0.0 A 0.00 kW | L3 230.8 V 0.0 A 0.00 kW"}
15:12:08 I shelly_script.cpp:204   script:1 5.9% CPU utilization
15:12:08 I y_notifications.cpp:168 Status change of text:200: {"value":"L1 229.7 V 0.0 A 0.00 kW | L2 230.3 V 0.0 A 0.00 kW | L3 231.0 V 0.0 A 0.00 kW"}
15:12:10 I y_notifications.cpp:168 Status change of text:200: {"value":"L1 229.9 V 0.0 A 0.00 kW | L2 230.6 V 0.0 A 0.00 kW | L3 230.6 V 0.0 A 0.00 kW"}
15:12:12 I y_notifications.cpp:168 Status change of text:200: {"value":"L1 229.5 V 0.0 A 0.00 kW | L2 230.7 V 0.0 A 0.00 kW | L3 230.9 V 0.0 A 0.00 kW"}
15:12:14 I y_notifications.cpp:168 Status change of text:200: {"value":"L1 230.4 V 0.0 A 0.00 kW | L2 230.4 V 0.0 A 0.00 kW | L3 231.5 V 0.0 A 0.00 kW"}
15:12:16 I y_notifications.cpp:168 Status change of text:200: {"value":"L1 230.2 V 0.0 A 0.00 kW | L2 230.9 V 0.0 A 0.00 kW | L3 230.6 V 0.0 A 0.00 kW"}
15:12:18 I y_notifications.cpp:168 Status change of text:200: {"value":"L1 230.5 V 0.0 A 0.00 kW | L2 230.8 V 0.0 A 0.00 kW | L3 231.1 V 0.0 A 0.00 kW"}
15:12:20 I shelly_script.cpp:204   script:1 5.9% CPU utilization
15:12:20 I y_notifications.cpp:168 Status change of text:200: {"value":"L1 229.6 V 0.0 A 0.00 kW | L2 230.1 V 0.0 A 0.00 kW | L3 231.5 V 0.0 A 0.00 kW"}
15:12:22 I y_notifications.cpp:168 Status change of text:200: {"value":"L1 229.8 V 0.0 A 0.00 kW | L2 230.5 V 0.0 A 0.00 kW | L3 230.8 V 0.0 A 0.00 kW"}
15:12:24 I y_notifications.cpp:168 Status change of text:200: {"value":"L1 229.5 V 0.0 A 0.00 kW | L2 230.9 V 0.0 A 0.00 kW | L3 230.7 V 0.0 A 0.00 kW"}
15:12:26 I y_notifications.cpp:168 Status change of text:200: {"value":"L1 230.1 V 0.0 A 0.00 kW | L2 230.8 V 0.0 A 0.00 kW | L3 230.9 V 0.0 A 0.00 kW"}
15:12:28 I y_notifications.cpp:168 Status change of text:200: {"value":"L1 230.2 V 0.0 A 0.00 kW | L2 230.9 V 0.0 A 0.00 kW | L3 231.5 V 0.0 A 0.00 kW"}
15:12:30 I y_notifications.cpp:168 Status change of text:200: {"value":"L1 230.0 V 0.0 A 0.00 kW | L2 230.3 V 0.0 A 0.00 kW | L3 231.1 V 0.0 A 0.00 kW"}
15:12:32 I shelly_script.cpp:204   script:1 5.9% CPU utilization
15:12:32 I y_notifications.cpp:168 Status change of text:200: {"value":"L1 229.7 V 0.0 A 0.00 kW | L2 230.8 V 0.0 A 0.00 kW | L3 231.4 V 0.0 A 0.00 kW"}
15:12:34 I y_notifications.cpp:168 Status change of text:200: {"value":"L1 229.6 V 0.0 A 0.00 kW | L2 230.4 V 0.0 A 0.00 kW | L3 230.8 V 0.0 A 0.00 kW"}
15:12:36 I y_notifications.cpp:168 Status change of text:200: {"value":"L1 229.5 V 0.0 A 0.00 kW | L2 230.9 V 0.0 A 0.00 kW | L3 231.1 V 0.0 A 0.00 kW"}
15:12:38 I y_notifications.cpp:168 Status change of text:200: {"value":"L1 230.4 V 0.0 A 0.00 kW | L2 230.4 V 0.0 A 0.00 kW | L3 230.7 V 0.0 A 0.00 kW"}
15:12:40 I y_notifications.cpp:168 Status change of text:200: {"value":"L1 230.4 V 0.0 A 0.00 kW | L2 230.5 V 0.0 A 0.00 kW | L3 231.4 V 0.0 A 0.00 kW"}
15:12:42 I shelly_script.cpp:204   script:1 5.9% CPU utilization
15:12:42 I y_notifications.cpp:168 Status change of text:200: {"value":"L1 229.5 V 0.0 A 0.00 kW | L2 230.0 V 0.0 A 0.00 kW | L3 230.5 V 0.0 A 0.00 kW"}
15:12:44 I y_notifications.cpp:168 Status change of text:200: {"value":"L1 229.6 V 0.0 A 0.00 kW | L2 230.5 V 0.0 A 0.00 kW | L3 230.9 V 0.0 A 0.00 kW"}
15:12:46 I y_notifications.cpp:168 Status change of text:200: {"value":"L1 230.2 V 0.0 A 0.00 kW | L2 230.6 V 0.0 A 0.00 kW | L3 230.7 V 0.0 A 0.00 kW"}
15:12:48 I y_notifications.cpp:168 Status change of text:200: {"value":"L1 230.3 V 0.0 A 0.00 kW | L2 230.7 V 0.0 A 0.00 kW | L3 230.9 V 0.0 A 0.00 kW"}
15:12:50 I y_notifications.cpp:168 Status change of text:200: {"value":"L1 229.6 V 0.0 A 0.00 kW | L2 230.1 V 0.0 A 0.00 kW | L3 231.3 V 0.0 A 0.00 kW"}
15:12:52 I y_notifications.cpp:168 Status change of text:200: {"value":"L1 229.7 V 0.0 A 0.00 kW | L2 230.1 V 0.0 A 0.00 kW | L3 230.7 V 0.0 A 0.00 kW"}
15:12:54 I shelly_script.cpp:204   script:1 5.9% CPU utilization
15:12:54 I y_notifications.cpp:168 Status change of text:200: {"value":"L1 229.9 V 0.0 A 0.00 kW | L2 230.4 V 0.0 A 0.00 kW | L3 230.8 V 0.0 A 0.00 kW"}
15:12:56 I y_notifications.cpp:168 Status change of text:200: {"value":"L1 230.1 V 0.0 A 0.00 kW | L2 230.9 V 0.0 A 0.00 kW | L3 231.4 V 0.0 A 0.00 kW"}
15:12:58 I y_notifications.cpp:168 Status change of text:200: {"value":"L1 230.1 V 0.0 A 0.00 kW | L2 230.8 V 0.0 A 0.00 kW | L3 230.6 V 0.0 A 0.00 kW"}
15:13:00 I y_notifications.cpp:168 Status change of text:200: {"value":"L1 230.2 V 0.0 A 0.00 kW | L2 230.6 V 0.0 A 0.00 kW | L3 230.5 V 0.0 A 0.00 kW"}
15:13:02 I y_notifications.cpp:168 Status change of text:200: {"value":"L1 229.5 V 0.0 A 0.00 kW | L2 230.7 V 0.0 A 0.00 kW | L3 230.6 V 0.0 A 0.00 kW"}
15:13:04 I shelly_script.cpp:204   script:1 5.9% CPU utilization
15:13:04 I y_notifications.cpp:168 Status change of text:200: {"value":"L1 229.7 V 0.0 A 0.00 kW | L2 230.1 V 0.0 A 0.00 kW | L3 230.7 V 0.0 A 0.00 kW"}
15:13:06 I y_notifications.cpp:168 Status change of text:200: {"value":"L1 230.3 V 0.0 A 0.00 kW | L2 230.4 V 0.0 A 0.00 kW | L3 231.5 V 0.0 A 0.00 kW"}
15:13:08 I y_notifications.cpp:168 Status change of text:200: {"value":"L1 230.1 V 0.0 A 0.00 kW | L2 230.3 V 0.0 A 0.00 kW | L3 231.4 V 0.0 A 0.00 kW"}
15:13:10 I y_notifications.cpp:168 Status change of text:200: {"value":"L1 229.6 V 0.0 A 0.00 kW | L2 230.9 V 0.0 A 0.00 kW | L3 231.1 V 0.0 A 0.00 kW"}
15:13:12 I y_notifications.cpp:168 Status change of text:200: {"value":"L1 229.7 V 0.0 A 0.00 kW | L2 230.0 V 0.0 A 0.00 kW | L3 230.9 V 0.0 A 0.00 kW"}
15:13:14 I shelly_script.cpp:204   script:1 5.9% CPU utilization
15:13:14 I y_notifications.cpp:168 Status change of text:200: {"value":"L1 230.3 V 0.0 A 0.00 kW | L2 230.0 V 0.0 A 0.00 kW | L3 231.2 V 0.0 A 0.00 kW"}
15:13:16 I y_notifications.cpp:168 Status change of text:200: {"value":"L1 229.5 V 0.0 A 0.00 kW | L2 230.1 V 0.0 A 0.00 kW | L3 231.4 V 0.0 A 0.00 kW"}
15:13:18 I y_notifications.cpp:168 Status change of text:200: {"value":"L1 229.6 V 0.0 A 0.00 kW | L2 230.9 V 0.0 A 0.00 kW | L3 230.9 V 0.0 A 0.00 kW"}
15:13:20 I y_notifications.cpp:168 Status change of text:200: {"value":"L1 230.2 V 0.0 A 0.00 kW | L2 230.2 V 0.0 A 0.00 kW | L3 230.6 V 0.0 A 0.00 kW"}
15:13:22 I y_notifications.cpp:168 Status change of text:200: {"value":"L1 229.6 V 0.0 A 0.00 kW | L2 230.1 V 0.0 A 0.00 kW | L3 230.7 V 0.0 A 0.00 kW"}
15:13:24 I y_notifications.cpp:168 Status change of text:200: {"value":"L1 229.7 V 0.0 A 0.00 kW | L2 230.7 V 0.0 A 0.00 kW | L3 231.3 V 0.0 A 0.00 kW"}
15:13:26 I shelly_script.cpp:204   script:1 5.9% CPU utilization
15:13:26 I y_notifications.cpp:168 Status change of text:200: {"value":"L1 229.7 V 0.0 A 0.00 kW | L2 230.1 V 0.0 A 0.00 kW | L3 230.6 V 0.0 A 0.00 kW"}
15:13:28 I y_notifications.cpp:168 Status change of text:200: {"value":"L1 230.5 V 0.0 A 0.00 kW | L2 230.5 V 0.0 A 0.00 kW | L3 230.7 V 0.0 A 0.00 kW"}
15:13:30 I y_notifications.cpp:168 Status change of text:200: {"value":"L1 229.5 V 0.0 A 0.00 kW | L2 230.0 V 0.0 A 0.00 kW | L3 230.9 V 0.0 A 0.00 kW"}
15:13:32 I y_notifications.cpp:168 Status change of text:200: {"value":"L1 229.9 V 0.0 A 0.00 kW | L2 230.0 V 0.0 A 0.00 kW | L3 230.7 V 0.0 A 0.00 kW"}
15:13:34 I y_notifications.cpp:168 Status change of text:200: {"value":"L1 229.7 V 0.0 A 0.00 kW | L2 230.1 V 0.0 A 0.00 kW | L3 231.3 V 0.0 A 0.00 kW"}
15:13:36 I shelly_script.cpp:204   script:1 5.8% CPU utilization
15:13:36 I y_notifications.cpp:168 Status change of text:200: {"value":"L1 229.6 V 0.0 A 0.00 kW | L2 230.6 V 0.0 A 0.00 kW | L3 231.5 V 0.0 A 0.00 kW"}
15:13:38 I y_notifications.cpp:168 Status change of text:200: {"value":"L1 230.5 V 0.0 A 0.00 kW | L2 230.5 V 0.0 A 0.00 kW | L3 230.7 V 0.0 A 0.00 kW"}
15:13:40 I y_notifications.cpp:168 Status change of text:200: {"value":"L1 230.4 V 0.0 A 0.00 kW | L2 230.6 V 0.0 A 0.00 kW | L3 231.3 V 0.0 A 0.00 kW"}
15:13:42 I y_notifications.cpp:168 Status change of text:200: {"value":"L1 229.8 V 0.0 A 0.00 kW | L2 230.9 V 0.0 A 0.00 kW | L3 230.7 V 0.0 A 0.00 kW"}
15:13:44 I y_notifications.cpp:168 Status change of text:200: {"value":"L1 230.0 V 0.0 A 0.00 kW | L2 230.5 V 0.0 A 0.00 kW | L3 231.0 V 0.0 A 0.00 kW"}
15:13:46 I y_notifications.cpp:168 Status change of text:200: {"value":"L1 229.9 V 0.0 A 0.00 kW | L2 230.9 V 0.0 A 0.00 kW | L3 231.3 V 0.0 A 0.00 kW"}
15:13:48 I shelly_script.cpp:204   script:1 5.9% CPU utilization
15:13:48 I y_notifications.cpp:168 Status change of text:200: {"value":"L1 229.7 V 0.0 A 0.00 kW | L2 230.6 V 0.0 A 0.00 kW | L3 230.9 V 0.0 A 0.00 kW"}
15:13:50 I y_notifications.cpp:168 Status change of text:200: {"value":"L1 230.0 V 0.0 A 0.00 kW | L2 230.1 V 0.0 A 0.00 kW | L3 230.7 V 0.0 A 0.00 kW"}
15:13:52 I y_notifications.cpp:168 Status change of text:200: {"value":"L1 230.2 V 0.0 A 0.00 kW | L2 230.6 V 0.0 A 0.00 kW | L3 230.6 V 0.0 A 0.00 kW"}
15:13:54 I y_notifications.cpp:168 Status change of text:200: {"value":"L1 229.8 V 0.0 A 0.00 kW | L2 230.8 V 0.0 A 0.00 kW | L3 231.0 V 0.0 A 0.00 kW"}
15:13:56 I y_notifications.cpp:168 Status change of text:200: {"value":"L1 230.2 V 0.0 A 0.00 kW | L2 230.2 V 0.0 A 0.00 kW | L3 230.7 V 0.0 A 0.00 kW"}
15:13:58 I y_notifications.cpp:168 Status change of text:200: {"value":"L1 229.7 V 0.0 A 0.00 kW | L2 230.2 V 0.0 A 0.00 kW | L3 231.0 V 0.0 A 0.00 kW"}
15:14:00 I shelly_script.cpp:204   script:1 5.9% CPU utilization
15:14:00 I y_notifications.cpp:168 Status change of text:200: {"value":"L1 229.6 V 0.0 A 0.00 kW | L2 230.9 V 0.0 A 0.00 kW | L3 230.8 V 0.0 A 0.00 kW"}
15:14:02 I y_notifications.cpp:168 Status change of text:200: {"value":"L1 229.9 V 0.0 A 0.00 kW | L2 230.3 V 0.0 A 0.00 kW | L3 231.3 V 0.0 A 0.00 kW"}
15:14:04 I y_notifications.cpp:168 Status change of text:200: {"value":"L1 230.4 V 0.0 A 0.00 kW | L2 230.1 V 0.0 A 0.00 kW | L3 230.6 V 0.0 A 0.00 kW"}
15:14:06 I y_notifications.cpp:168 Status change of text:200: {"value":"L1 230.2 V 0.0 A 0.00 kW | L2 230.2 V 0.0 A 0.00 kW | L3 231.3 V 0.0 A 0.00 kW"}
15:14:08 I y_notifications.cpp:168 Status change of text:200: {"value":"L1 229.8 V 0.0 A 0.00 kW | L2 230.3 V 0.0 A 0.00 kW | L3 231.4 V 0.0 A 0.00 kW"}
15:14:10 I y_notifications.cpp:168 Status change of text:200: {"value":"L1 230.3 V 0.0 A 0.00 kW | L2 230.9 V 0.0 A 0.00 kW | L3 230.8 V 0.0 A 0.00 kW"}
15:14:12 I shelly_script.cpp:204   script:1 5.9% CPU utilization
15:14:12 I y_notifications.cpp:168 Status change of text:200: {"value":"L1 229.8 V 0.0 A 0.00 kW | L2 230.4 V 0.0 A 0.00 kW | L3 230.6 V 0.0 A 0.00 kW"}
15:14:14 I y_notifications.cpp:168 Status change of text:200: {"value":"L1 230.5 V 0.0 A 0.00 kW | L2 230.6 V 0.0 A 0.00 kW | L3 231.1 V 0.0 A 0.00 kW"}
15:14:16 I y_notifications.cpp:168 Status change of text:200: {"value":"L1 230.3 V 0.0 A 0.00 kW | L2 230.9 V 0.0 A 0.00 kW | L3 231.4 V 0.0 A 0.00 kW"}
15:14:18 I y_notifications.cpp:168 Status change of text:200: {"value":"L1 230.0 V 0.0 A 0.00 kW | L2 230.4 V 0.0 A 0.00 kW | L3 230.5 V 0.0 A 0.00 kW"}
15:14:20 I y_notifications.cpp:168 Status change of text:200: {"value":"L1 229.5 V 0.0 A 0.00 kW | L2 230.8 V 0.0 A 0.00 kW | L3 231.0 V 0.0 A 0.00 kW"}
15:14:22 I shelly_script.cpp:204   script:1 5.9% CPU utilization
15:14:22 I y_notifications.cpp:168 Status change of text:200: {"value":"L1 230.2 V 0.0 A 0.00 kW | L2 230.6 V 0.0 A 0.00 kW | L3 231.3 V 0.0 A 0.00 kW"}
15:14:24 I y_notifications.cpp:168 Status change of text:200: {"value":"L1 229.7 V 0.0 A 0.00 kW | L2 230.9 V 0.0 A 0.00 kW | L3 230.9 V 0.0 A 0.00 kW"}
15:14:26 I y_notifications.cpp:168 Status change of text:200: {"value":"L1 229.7 V 0.0 A 0.00 kW | L2 230.1 V 0.0 A 0.00 kW | L3 230.6 V 0.0 A 0.00 kW"}
15:14:28 I y_notifications.cpp:168 Status change of text:200: {"value":"L1 230.3 V 0.0 A 0.00 kW | L2 230.6 V 0.0 A 0.00 kW | L3 231.4 V 0.0 A 0.00 kW"}
15:14:30 I y_notifications.cpp:168 Status change of text:200: {"value":"L1 230.4 V 0.0 A 0.00 kW | L2 230.9 V 0.0 A 0.00 kW | L3 230.7 V 0.0 A 0.00 kW"}
15:14:32 I y_notifications.cpp:168 Status change of text:200: {"value":"L1 229.6 V 0.0 A 0.00 kW | L2 230.1 V 0.0 A 0.00 kW | L3 230.8 V 0.0 A 0.00 kW"}
15:14:34 I shelly_script.cpp:204   script:1 5.9% CPU utilization
15:14:34 I y_notifications.cpp:168 Status change of text:200: {"value":"L1 230.4 V 0.0 A 0.00 kW | L2 230.2 V 0.0 A 0.00 kW | L3 230.9 V 0.0 A 0.00 kW"}
15:14:36 I y_notifications.cpp:168 Status change of text:200: {"value":"L1 230.4 V 0.0 A 0.00 kW | L2 230.2 V 0.0 A 0.00 kW | L3 230.5 V 0.0 A 0.00 kW"}
15:14:38 I y_notifications.cpp:168 Status change of text:200: {"value":"L1 230.3 V 0.0 A 0.00 kW | L2 230.8 V 0.0 A 0.00 kW | L3 231.2 V 0.0 A 0.00 kW"}
15:14:40 I y_notifications.cpp:168 Status change of text:200: {"value":"L1 229.8 V 0.0 A 0.00 kW | L2 230.6 V 0.0 A 0.00 kW | L3 231.0 V 0.0 A 0.00 kW"}
15:14:42 I y_notifications.cpp:168 Status change of text:200: {"value":"L1 229.9 V 0.0 A 0.00 kW | L2 230.7 V 0.0 A 0.00 kW | L3 230.9 V 0.0 A 0.00 kW"}
15:14:44 I shelly_script.cpp:204   script:1 5.9% CPU utilization
15:14:44 I y_notifications.cpp:168 Status change of text:200: {"value":"L1 229.8 V 0.0 A 0.00 kW | L2 230.5 V 0.0 A 0.00 kW | L3 230.5 V 0.0 A 0.00 kW"}
15:14:46 I y_notifications.cpp:168 Status change of text:200: {"value":"L1 230.1 V 0.0 A 0.00 kW | L2 230.6 V 0.0 A 0.00 kW | L3 231.2 V 0.0 A 0.00 kW"}
15:14:48 I y_notifications.cpp:168 Status change of text:200: {"value":"L1 229.9 V 0.0 A 0.00 kW | L2 230.9 V 0.0 A 0.00 kW | L3 231.5 V 0.0 A 0.00 kW"}
15:14:50 I y_notifications.cpp:168 Status change of text:200: {"value":"L1 229.8 V 0.0 A 0.00 kW | L2 230.7 V 0.0 A 0.00 kW | L3 230.8 V 0.0 A 0.00 kW"}
15:14:52 I y_notifications.cpp:168 Status change of text:200: {"value":"L1 230.2 V 0.0 A 0.00 kW | L2 230.0 V 0.0 A 0.00 kW | L3 230.8 V 0.0 A 0.00 kW"}
15:14:54 I y_notifications.cpp:168 Status change of text:200: {"value":"L1 229.5 V 0.0 A 0.00 kW | L2 230.7 V 0.0 A 0.00 kW | L3 231.1 V 0.0 A 0.00 kW"}
15:14:56 I shelly_script.cpp:204   script:1 5.9% CPU utilization
15:14:56 I y_notifications.cpp:168 Status change of text:200: {"value":"L1 229.8 V 0.0 A 0.00 kW | L2 230.3 V 0.0 A 0.00 kW | L3 230.9 V 0.0 A 0.00 kW"}
15:14:58 I y_notifications.cpp:168 Status change of text:200: {"value":"L1 230.0 V 0.0 A 0.00 kW | L2 230.1 V 0.0 A 0.00 kW | L3 231.4 V 0.0 A 0.00 kW"}
15:15:00 I y_notifications.cpp:168 Status change of text:200: {"value":"L1 230.4 V 0.0 A 0.00 kW | L2 230.8 V 0.0 A 0.00 kW | L3 230.6 V 0.0 A 0.00 kW"}
15:15:02 I y_notifications.cpp:168 Status change of text:200: {"value":"L1 229.8 V 0.0 A 0.00 kW | L2 230.6 V 0.0 A 0.00 kW | L3 230.8 V 0.0 A 0.00 kW"}
15:15:04 I y_notifications.cpp:168 Status change of text:200: {"value":"L1 229.9 V 0.0 A 0.00 kW | L2 230.6 V 0.0 A 0.00 kW | L3 230.7 V 0.0 A 0.00 kW"}
15:15:06 I shelly_script.cpp:204   script:1 5.9% CPU utilization
15:15:06 I y_notifications.cpp:168 Status change of text:200: {"value":"L1 230.2 V 0.0 A 0.00 kW | L2 230.7 V 0.0 A 0.00 kW | L3 231.5 V 0.0 A 0.00 kW"}
15:15:08 I y_notifications.cpp:168 Status change of text:200: {"value":"L1 229.9 V 0.0 A 0.00 kW | L2 230.5 V 0.0 A 0.00 kW | L3 230.8 V 0.0 A 0.00 kW"}
15:15:10 I y_notifications.cpp:168 Status change of text:200: {"value":"L1 230.1 V 0.0 A 0.00 kW | L2 230.5 V 0.0 A 0.00 kW | L3 231.1 V 0.0 A 0.00 kW"}
15:15:12 I y_notifications.cpp:168 Status change of text:200: {"value":"L1 230.2 V 0.0 A 0.00 kW | L2 230.7 V 0.0 A 0.00 kW | L3 230.6 V 0.0 A 0.00 kW"}
15:15:14 I y_notifications.cpp:168 Status change of text:200: {"value":"L1 230.1 V 0.0 A 0.00 kW | L2 230.4 V 0.0 A 0.00 kW | L3 231.3 V 0.0 A 0.00 kW"}
15:15:16 I y_notifications.cpp:168 Status change of text:200: {"value":"L1 230.1 V 0.0 A 0.00 kW | L2 230.2 V 0.0 A 0.00 kW | L3 230.6 V 0.0 A 0.00 kW"}
15:15:18 I shelly_script.cpp:204   script:1 5.9% CPU utilization
15:15:18 I y_notifications.cpp:168 Status change of text:200: {"value":"L1 230.5 V 0.0 A 0.00 kW | L2 230.7 V 0.0 A 0.00 kW | L3 230.8 V 0.0 A 0.00 kW"}
15:15:20 I y_notifications.cpp:168 Status change of text:200: {"value":"L1 230.4 V 0.0 A 0.00 kW | L2 230.7 V 0.0 A 0.00 kW | L3 231.3 V 0.0 A 0.00 kW"}
15:15:22 I y_notifications.cpp:168 Status change of text:200: {"value":"L1 229.8 V 0.0 A 0.00 kW | L2 230.3 V 0.0 A 0.00 kW | L3 230.8 V 0.0 A 0.00 kW"}
15:15:24 I y_notifications.cpp:168 Status change of text:200: {"value":"L1 229.9 V 0.0 A 0.00 kW | L2 230.8 V 0.0 A 0.00 kW | L3 230.9 V 0.0 A 0.00 kW"}
15:15:26 I y_notifications.cpp:168 Status change of text:200: {"value":"L1 229.7 V 0.0 A 0.00 kW | L2 230.2 V 0.0 A 0.00 kW | L3 230.9 V 0.0 A 0.00 kW"}
15:15:28 I y_notifications.cpp:168 Status change of text:200: {"value":"L1 230.5 V 0.0 A 0.00 kW | L2 230.9 V 0.0 A 0.00 kW | L3 231.4 V 0.0 A 0.00 kW"}
15:15:30 I shelly_script.cpp:204   script:1 5.9% CPU utilization
15:15:30 I y_notifications.cpp:168 Status change of text:200: {"value":"L1 230.4 V 0.0 A 0.00 kW | L2 230.3 V 0.0 A 0.00 kW | L3 230.9 V 0.0 A 0.00 kW"}
15:15:32 I y_notifications.cpp:168 Status change of text:200: {"value":"L1 230.3 V 0.0 A 0.00 kW | L2 230.6 V 0.0 A 0.00 kW | L3 231.1 V 0.0 A 0.00 kW"}
15:15:34 I y_notifications.cpp:168 Status change of text:200: {"value":"L1 230.3 V 0.0 A 0.00 kW | L2 230.9 V 0.0 A 0.00 kW | L3 231.4 V 0.0 A 0.00 kW"}
15:15:36 I y_notifications.cpp:168 Status change of text:200: {"value":"L1 230.3 V 0.0 A 0.00 kW | L2 230.7 V 0.0 A 0.00 kW | L3 230.8 V 0.0 A 0.00 kW"}
15:15:38 I y_notifications.cpp:168 Status change of text:200: {"value":"L1 229.7 V 0.0 A 0.00 kW | L2 230.8 V 0.0 A 0.00 kW | L3 231.5 V 0.0 A 0.00 kW"}
15:15:40 I shelly_script.cpp:204   script:1 5.9% CPU utilization
15:15:40 I y_notifications.cpp:168 Status change of text:200: {"value":"L1 229.8 V 0.0 A 0.00 kW | L2 230.3 V 0.0 A 0.00 kW | L3 231.2 V 0.0 A 0.00 kW"}
15:15:42 I y_notifications.cpp:168 Status change of text:200: {"value":"L1 230.2 V 0.0 A 0.00 kW | L2 230.1 V 0.0 A 0.00 kW | L3 231.3 V 0.0 A 0.00 kW"}
15:15:44 I y_notifications.cpp:168 Status change of text:200: {"value":"L1 230.5 V 0.0 A 0.00 kW | L2 230.4 V 0.0 A 0.00 kW | L3 230.9 V 0.0 A 0.00 kW"}
15:15:46 I y_notifications.cpp:168 Status change of text:200: {"value":"L1 229.6 V 0.0 A 0.00 kW | L2 230.9 V 0.0 A 0.00 kW | L3 230.9 V 0.0 A 0.00 kW"}
15:15:48 I y_notifications.cpp:168 Status change of text:200: {"value":"L1 230.1 V 0.0 A 0.00 kW | L2 230.5 V 0.0 A 0.00 kW | L3 231.2 V 0.0 A 0.00 kW"}
15:15:50 I y_notifications.cpp:168 Status change of text:200: {"value":"L1 229.6 V 0.0 A 0.00 kW | L2 230.1 V 0.0 A 0.00 kW | L3 231.4 V 0.0 A 0.00 kW"}
15:15:52 I shelly_script.cpp:204   script:1 5.9% CPU utilization
15:15:52 I y_notifications.cpp:168 Status change of text:200: {"value":"L1 230.3 V 0.0 A 0.00 kW | L2 230.8 V 0.0 A 0.00 kW | L3 230.8 V 0.0 A 0.00 kW"}
15:15:54 I y_notifications.cpp:168 Status change of text:200: {"value":"L1 230.2 V 0.0 A 0.00 kW | L2 230.9 V 0.0 A 0.00 kW | L3 230.8 V 0.0 A 0.00 kW"}
15:15:56 I y_notifications.cpp:168 Status change of text:200: {"value":"L1 229.8 V 0.0 A 0.00 kW | L2 230.6 V 0.0 A 0.00 kW | L3 230.9 V 0.0 A 0.00 kW"}
15:15:58 I y_notifications.cpp:168 Status change of text:200: {"value":"L1 229.9 V 0.0 A 0.00 kW | L2 230.8 V 0.0 A 0.00 kW | L3 231.3 V 0.0 A 0.00 kW"}
15:16:00 I y_notifications.cpp:168 Status change of text:200: {"value":"L1 230.5 V 0.0 A 0.00 kW | L2 230.8 V 0.0 A 0.00 kW | L3 231.3 V 0.0 A 0.00 kW"}
15:16:02 I y_notifications.cpp:168 Status change of text:200: {"value":"L1 230.5 V 0.0 A 0.00 kW | L2 230.2 V 0.0 A 0.00 kW | L3 231.5 V 0.0 A 0.00 kW"}
15:16:04 I shelly_script.cpp:204   script:1 5.9% CPU utilization
15:16:04 I y_notifications.cpp:168 Status change of text:200: {"value":"L1 230.5 V 0.0 A 0.00 kW | L2 230.4 V 0.0 A 0.00 kW | L3 230.7 V 0.0 A 0.00 kW"}
15:16:06 I y_notifications.cpp:168 Status change of text:200: {"value":"L1 229.9 V 0.0 A 0.00 kW | L2 230.2 V 0.0 A 0.00 kW | L3 231.3 V 0.0 A 0.00 kW"}
15:16:08 I y_notifications.cpp:168 Status change of text:200: {"value":"L1 230.2 V 0.0 A 0.00 kW | L2 230.4 V 0.0 A 0.00 kW | L3 231.3 V 0.0 A 0.00 kW"}
15:16:10 I y_notifications.cpp:168 Status change of text:200: {"value":"L1 230.4 V 0.0 A 0.00 kW | L2 230.5 V 0.0 A 0.00 kW | L3 230.7 V 0.0 A 0.00 kW"}
15:16:12 I y_notifications.cpp:168 Status change of text:200: {"value":"L1 230.2 V 0.0 A 0.00 kW | L2 230.5 V 0.0 A 0.00 kW | L3 231.4 V 0.0 A 0.00 kW"}
15:16:14 I y_notifications.cpp:168 Status change of text:200: {"value":"L1 230.0 V 0.0 A 0.00 kW | L2 230.3 V 0.0 A 0.00 kW | L3 231.1 V 0.0 A 0.00 kW"}
15:16:16 I shelly_script.cpp:204   script:1 5.9% CPU utilization
15:16:16 I y_notifications.cpp:168 Status change of text:200: {"value":"L1 230.4 V 0.0 A 0.00 kW | L2 230.7 V 0.0 A 0.00 kW | L3 230.8 V 0.0 A 0.00 kW"}
15:16:18 I y_notifications.cpp:168 Status change of text:200: {"value":"L1 229.7 V 0.0 A 0.00 kW | L2 230.1 V 0.0 A 0.00 kW | L3 230.7 V 0.0 A 0.00 kW"}
15:16:20 I y_notifications.cpp:168 Status change of text:200: {"value":"L1 230.1 V 0.0 A 0.00 kW | L2 230.7 V 0.0 A 0.00 kW | L3 230.6 V 0.0 A 0.00 kW"}
15:16:22 I y_notifications.cpp:168 Status change of text:200: {"value":"L1 230.0 V 0.0 A 0.00 kW | L2 230.0 V 0.0 A 0.00 kW | L3 231.4 V 0.0 A 0.00 kW"}
15:16:24 I y_notifications.cpp:168 Status change of text:200: {"value":"L1 230.5 V 0.0 A 0.00 kW | L2 230.6 V 0.0 A 0.00 kW | L3 231.0 V 0.0 A 0.00 kW"}
15:16:26 I y_notifications.cpp:168 Status change of text:200: {"value":"L1 229.5 V 0.0 A 0.00 kW | L2 230.5 V 0.0 A 0.00 kW | L3 230.5 V 0.0 A 0.00 kW"}
15:16:28 I shelly_script.cpp:204   script:1 5.9% CPU utilization
15:16:28 I y_notifications.cpp:168 Status change of text:200: {"value":"L1 230.1 V 0.0 A 0.00 kW | L2 230.9 V 0.0 A 0.00 kW | L3 230.8 V 0.0 A 0.00 kW"}
15:16:30 I y_notifications.cpp:168 Status change of text:200: {"value":"L1 230.5 V 0.0 A 0.00 kW | L2 230.8 V 0.0 A 0.00 kW | L3 231.5 V 0.0 A 0.00 kW"}
15:16:32 I y_notifications.cpp:168 Status change of text:200: {"value":"L1 229.5 V 0.0 A 0.00 kW | L2 230.2 V 0.0 A 0.00 kW | L3 230.9 V 0.0 A 0.00 kW"}
15:16:34 I y_notifications.cpp:168 Status change of text:200: {"value":"L1 229.6 V 0.0 A 0.00 kW | L2 230.1 V 0.0 A 0.00 kW | L3 230.7 V 0.0 A 0.00 kW"}
15:16:36 I y_notifications.cpp:168 Status change of text:200: {"value":"L1 230.3 V 0.0 A 0.00 kW | L2 230.9 V 0.0 A 0.00 kW | L3 230.6 V 0.0 A 0.00 kW"}
15:16:38 I shelly_script.cpp:204   script:1 5.9% CPU utilization
15:16:38 I y_notifications.cpp:168 Status change of text:200: {"value":"L1 229.8 V 0.0 A 0.00 kW | L2 230.2 V 0.0 A 0.00 kW | L3 231.3 V 0.0 A 0.00 kW"}
15:16:40 I y_notifications.cpp:168 Status change of text:200: {"value":"L1 229.7 V 0.0 A 0.00 kW | L2 230.3 V 0.0 A 0.00 kW | L3 230.9 V 0.0 A 0.00 kW"}
15:16:42 I y_notifications.cpp:168 Status change of text:200: {"value":"L1 230.5 V 0.0 A 0.00 kW | L2 230.5 V 0.0 A 0.00 kW | L3 231.1 V 0.0 A 0.00 kW"}
15:16:44 I y_notifications.cpp:168 Status change of text:200: {"value":"L1 230.4 V 0.0 A 0.00 kW | L2 230.5 V 0.0 A 0.00 kW | L3 231.2 V 0.0 A 0.00 kW"}
15:16:46 I y_notifications.cpp:168 Status change of text:200: {"value":"L1 229.5 V 0.0 A 0.00 kW | L2 230.5 V 0.0 A 0.00 kW | L3 231.1 V 0.0 A 0.00 kW"}
15:16:48 I shelly_script.cpp:204   script:1 5.9% CPU utilization
15:16:48 I y_notifications.cpp:168 Status change of text:200: {"value":"L1 229.9 V 0.0 A 0.00 kW | L2 230.7 V 0.0 A 0.00 kW | L3 230.7 V 0.0 A 0.00 kW"}
15:16:50 I y_notifications.cpp:168 Status change of text:200: {"value":"L1 229.7 V 0.0 A 0.00 kW | L2 230.3 V 0.0 A 0.00 kW | L3 230.9 V 0.0 A 0.00 kW"}
15:16:52 I y_notifications.cpp:168 Status change of text:200: {"value":"L1 230.4 V 0.0 A 0.00 kW | L2 230.4 V 0.0 A 0.00 kW | L3 230.8 V 0.0 A 0.00 kW"}
15:16:54 I y_notifications.cpp:168 Status change of text:200: {"value":"L1 229.5 V 0.0 A 0.00 kW | L2 230.4 V 0.0 A 0.00 kW | L3 230.6 V 0.0 A 0.00 kW"}
15:16:56 I y_notifications.cpp:168 Status change of text:200: {"value":"L1 229.9 V 0.0 A 0.00 kW | L2 230.2 V 0.0 A 0.00 kW | L3 231.2 V 0.0 A 0.00 kW"}
15:16:58 I y_notifications.cpp:168 Status change of text:200: {"value":"L1 230.2 V 0.0 A 0.00 kW | L2 230.7 V 0.0 A 0.00 kW | L3 231.2 V 0.0 A 0.00 kW"}
15:17:00 I shelly_script.cpp:204   script:1 5.9% CPU utilization
15:17:00 I y_notifications.cpp:168 Status change of text:200: {"value":"L1 229.8 V 0.0 A 0.00 kW | L2 230.2 V 0.0 A 0.00 kW | L3 231.3 V 0.0 A 0.00 kW"}
15:17:02 I y_notifications.cpp:168 Status change of text:200: {"value":"L1 229.6 V 0.0 A 0.00 kW | L2 230.6 V 0.0 A 0.00 kW | L3 231.5 V 0.0 A 0.00 kW"}
15:17:02 I bt_nimble_gatts.cpp:362 CONNECT f4:26:79:20:c5:ff,p ch 1 st 0 PM 247 M 23
15:17:03 I luetooth_server.cpp:185 BLE advertising enabled (RPC 1/0, auth 0, disc 1, locked 0, svcs 2, bond 0)
15:17:03 I y_notifications.cpp:168 Status change of ble: {"flags":["advertising","connected"]}
15:17:04 I y_notifications.cpp:168 Status change of text:200: {"value":"L1 230.1 V 0.0 A 0.00 kW | L2 230.5 V 0.0 A 0.00 kW | L3 230.7 V 0.0 A 0.00 kW"}
15:17:04 I shos_rpc_inst.c:241     Shelly.GetDeviceInfo [88430778@ShellyRPC] via GATTS peer f4:26:79:20:c5:ff,p
15:17:05 I shos_rpc_inst.c:241     Sys.GetStatus [98843168@ShellyRPC] via GATTS peer f4:26:79:20:c5:ff,p
15:17:06 I y_notifications.cpp:168 Status change of text:200: {"value":"L1 229.7 V 0.0 A 0.00 kW | L2 230.1 V 0.0 A 0.00 kW | L3 231.3 V 0.0 A 0.00 kW"}
15:17:06 I shos_rpc_inst.c:241     Cloud.GetStatus [68887592@ShellyRPC] via GATTS peer f4:26:79:20:c5:ff,p
15:17:07 I shos_rpc_inst.c:241     Wifi.GetStatus [28459922@ShellyRPC] via GATTS peer f4:26:79:20:c5:ff,p
15:17:08 I shos_rpc_inst.c:241     Shelly.ListMethods [48736029@ShellyRPC] via GATTS peer f4:26:79:20:c5:ff,p
15:17:09 I y_notifications.cpp:168 Status change of text:200: {"value":"L1 229.5 V 0.0 A 0.00 kW | L2 230.8 V 0.0 A 0.00 kW | L3 230.8 V 0.0 A 0.00 kW"}
15:17:10 I shelly_script.cpp:204   script:1 6.1% CPU utilization
15:17:10 I y_notifications.cpp:168 Status change of text:200: {"value":"L1 229.6 V 0.0 A 0.00 kW | L2 230.5 V 0.0 A 0.00 kW | L3 230.9 V 0.0 A 0.00 kW"}
15:17:12 I y_notifications.cpp:168 Status change of text:200: {"value":"L1 230.2 V 0.0 A 0.00 kW | L2 230.9 V 0.0 A 0.00 kW | L3 231.4 V 0.0 A 0.00 kW"}
15:17:14 I y_notifications.cpp:168 Status change of text:200: {"value":"L1 229.9 V 0.0 A 0.00 kW | L2 230.8 V 0.0 A 0.00 kW | L3 231.3 V 0.0 A 0.00 kW"}
15:17:16 I y_notifications.cpp:168 Status change of text:200: {"value":"L1 230.5 V 0.0 A 0.00 kW | L2 230.2 V 0.0 A 0.00 kW | L3 231.5 V 0.0 A 0.00 kW"}
15:17:17 I shos_rpc_inst.c:241     Shelly.GetDeviceInfo [1828316@ShellyRPC] via GATTS peer f4:26:79:20:c5:ff,p
15:17:18 I shos_rpc_inst.c:241     Shelly.GetDeviceInfo [92919425@ShellyRPC] via GATTS peer f4:26:79:20:c5:ff,p
15:17:18 I y_notifications.cpp:168 Status change of text:200: {"value":"L1 229.5 V 0.0 A 0.00 kW | L2 230.2 V 0.0 A 0.00 kW | L3 231.1 V 0.0 A 0.00 kW"}
15:17:19 I shos_rpc_inst.c:241     Wifi.GetStatus [70716511@ShellyRPC] via GATTS peer f4:26:79:20:c5:ff,p
15:17:20 I shos_rpc_inst.c:241     Shelly.GetDeviceInfo [39973440@ShellyRPC] via GATTS peer f4:26:79:20:c5:ff,p
15:17:20 I y_notifications.cpp:168 Status change of text:200: {"value":"L1 230.3 V 0.0 A 0.00 kW | L2 230.9 V 0.0 A 0.00 kW | L3 230.5 V 0.0 A 0.00 kW"}
15:17:21 I shos_rpc_inst.c:241     Shelly.GetDeviceInfo [37517017@ShellyRPC] via GATTS peer f4:26:79:20:c5:ff,p
15:17:22 I shelly_script.cpp:204   script:1 6.0% CPU utilization
15:17:22 I y_notifications.cpp:168 Status change of text:200: {"value":"L1 230.0 V 0.0 A 0.00 kW | L2 230.3 V 0.0 A 0.00 kW | L3 231.3 V 0.0 A 0.00 kW"}
15:17:23 I shos_rpc_inst.c:241     Shelly.Update [43691848@ShellyRPC] via GATTS peer f4:26:79:20:c5:ff,p
15:17:23 I lly_rpc_service.cpp:368 Updating from https://x.shelly.cloud/public/api/fw/staff/67/staff-fw-67-nojti-20260921-061921.zip?t=Njc:1x9j77:qEy3LPEK9ZzyJ3JNio7ovah5DQ6dBfpLUet5PzUdJ3c
15:17:23 I urce_http_client.cpp:51 Update URL: https://x.shelly.cloud/public/api/fw/staff/67/staff-fw-67-nojti-20260921-061921.zip?t=Njc:1x9j77:qEy3LPEK9ZzyJ3JNio7ovah5DQ6dBfpLUet5PzUdJ3c (0x3fcb375c)
15:17:23 I shos_ota.cpp:216        Starting update, to=3600 cd=90/ct=0 ignore_same=0
15:17:23 I hos_http_client.cpp:334 0x3fcc9b64: HTTPS GET https://x.shelly.cloud/public/api/fw/staff/67/staff-fw-67-nojti-20260921-061921....5DQ6dBfpLUet5PzUdJ3c (CA shelly_cloud.pem,ca.pem)
15:17:23 I shos_init.cpp:109       New min heap free: 64080
15:17:23 I shos_init.cpp:109       New min heap free: 63880
15:17:23 I shos_init.cpp:109       New min heap free: 63616
15:17:23 I shos_init.cpp:109       New min heap free: 63356
15:17:23 I shos_init.cpp:109       New min heap free: 63096
15:17:23 I shos_init.cpp:109       New min heap free: 62836
15:17:23 I shos_init.cpp:109       New min heap free: 62576
15:17:23 I shos_init.cpp:109       New min heap free: 62316
15:17:23 I shos_init.cpp:109       New min heap free: 62056
15:17:23 I shos_init.cpp:109       New min heap free: 61796
15:17:23 I shos_init.cpp:109       New min heap free: 61536
15:17:23 I shos_init.cpp:109       New min heap free: 61276
15:17:23 I shos_init.cpp:109       New min heap free: 61016
15:17:23 I shos_init.cpp:109       New min heap free: 60756
15:17:23 I shos_init.cpp:109       New min heap free: 60496
15:17:23 I shos_init.cpp:109       New min heap free: 59964
15:17:23 I shos_init.cpp:109       New min heap free: 59584
15:17:24 I shos_init.cpp:109       New min heap free: 54804
15:17:24 I shos_ota_utils.cpp:103  Bad signature: 1
15:17:25 I shos_ota_utils.cpp:103  Bad signature: 2
15:17:25 I shos_ota.cpp:842        New fw: XC3 ver 2.0.0 20260921-060046/2.0.0-beta11xciohttpfix-g35669f3
15:17:25 I shelly_update.cpp:499   Incoming fw signatures: 01
15:17:25 I 2xx_ota_backend.cpp:409 Will write to slot 1
15:17:25 I y_notifications.cpp:213 Event from sys: {"component":"sys", "event":"ota_begin", "msg":"idle", "ts":1790255845.55}
15:17:25 I y_notifications.cpp:213 Event from sys: {"component":"sys", "event":"ota_progress", "msg":"in_progress", "progress_percent":0, "ts":1790255845.56}
15:17:25 I y_notifications.cpp:168 Status change of text:200: {"value":"L1 229.7 V 0.0 A 0.00 kW | L2 230.5 V 0.0 A 0.00 kW | L3 231.2 V 0.0 A 0.00 kW"}
15:17:25 I 2xx_ota_backend.cpp:689 Boot: cur 010003ff, new 010003ff, min 010002ff, update? 0
15:17:26 I y_notifications.cpp:168 Status change of text:200: {"value":"L1 230.5 V 0.0 A 0.00 kW | L2 230.6 V 0.0 A 0.00 kW | L3 231.1 V 0.0 A 0.00 kW"}
15:17:26 I shos_rpc_inst.c:241     Shelly.GetDeviceInfo [2848910@ShellyRPC] via GATTS peer f4:26:79:20:c5:ff,p
15:17:28 I y_notifications.cpp:168 Status change of text:200: {"value":"L1 229.8 V 0.0 A 0.00 kW | L2 230.3 V 0.0 A 0.00 kW | L3 231.2 V 0.0 A 0.00 kW"}
15:17:29 I y_notifications.cpp:213 Event from sys: {"component":"sys", "event":"ota_progress", "msg":"in_progress", "progress_percent":4, "ts":1790255850.13}
15:17:30 I y_notifications.cpp:168 Status change of text:200: {"value":"L1 230.5 V 0.0 A 0.00 kW | L2 230.1 V 0.0 A 0.00 kW | L3 230.5 V 0.0 A 0.00 kW"}
15:17:31 I shos_rpc_inst.c:241     Shelly.GetDeviceInfo [29507214@ShellyRPC] via GATTS peer f4:26:79:20:c5:ff,p
15:17:32 I shelly_script.cpp:204   script:1 6.1% CPU utilization
15:17:32 I y_notifications.cpp:168 Status change of text:200: {"value":"L1 230.2 V 0.0 A 0.00 kW | L2 230.8 V 0.0 A 0.00 kW | L3 230.9 V 0.0 A 0.00 kW"}
15:17:32 I y_notifications.cpp:213 Event from sys: {"component":"sys", "event":"ota_progress", "msg":"in_progress", "progress_percent":9, "ts":1790255853.08}
15:17:34 I y_notifications.cpp:168 Status change of text:200: {"value":"L1 230.1 V 0.0 A 0.00 kW | L2 230.3 V 0.0 A 0.00 kW | L3 231.4 V 0.0 A 0.00 kW"}
15:17:35 I shos_rpc_inst.c:241     Shelly.GetDeviceInfo [4952213@ShellyRPC] via GATTS peer f4:26:79:20:c5:ff,p
15:17:35 I y_notifications.cpp:213 Event from sys: {"component":"sys", "event":"ota_progress", "msg":"in_progress", "progress_percent":14, "ts":1790255855.93}
15:17:36 I y_notifications.cpp:168 Status change of text:200: {"value":"L1 229.9 V 0.0 A 0.00 kW | L2 230.8 V 0.0 A 0.00 kW | L3 230.5 V 0.0 A 0.00 kW"}
15:17:38 I y_notifications.cpp:168 Status change of text:200: {"value":"L1 230.3 V 0.0 A 0.00 kW | L2 230.9 V 0.0 A 0.00 kW | L3 231.2 V 0.0 A 0.00 kW"}
15:17:38 I y_notifications.cpp:213 Event from sys: {"component":"sys", "event":"ota_progress", "msg":"in_progress", "progress_percent":19, "ts":1790255858.86}
15:17:39 I shos_rpc_inst.c:241     Shelly.GetDeviceInfo [5431436@ShellyRPC] via GATTS peer f4:26:79:20:c5:ff,p
15:17:40 I y_notifications.cpp:168 Status change of text:200: {"value":"L1 230.1 V 0.0 A 0.00 kW | L2 230.9 V 0.0 A 0.00 kW | L3 230.9 V 0.0 A 0.00 kW"}
15:17:41 I y_notifications.cpp:213 Event from sys: {"component":"sys", "event":"ota_progress", "msg":"in_progress", "progress_percent":24, "ts":1790255861.68}
15:17:42 I shelly_script.cpp:204   script:1 6.1% CPU utilization
15:17:42 I y_notifications.cpp:168 Status change of text:200: {"value":"L1 229.6 V 0.0 A 0.00 kW | L2 230.5 V 0.0 A 0.00 kW | L3 231.3 V 0.0 A 0.00 kW"}
15:17:43 I shos_rpc_inst.c:241     Shelly.GetDeviceInfo [71755991@ShellyRPC] via GATTS peer f4:26:79:20:c5:ff,p
15:17:44 I y_notifications.cpp:213 Event from sys: {"component":"sys", "event":"ota_progress", "msg":"in_progress", "progress_percent":29, "ts":1790255864.59}
15:17:44 I y_notifications.cpp:168 Status change of text:200: {"value":"L1 230.2 V 0.0 A 0.00 kW | L2 230.8 V 0.0 A 0.00 kW | L3 230.9 V 0.0 A 0.00 kW"}
15:17:46 I y_notifications.cpp:168 Status change of text:200: {"value":"L1 229.6 V 0.0 A 0.00 kW | L2 230.5 V 0.0 A 0.00 kW | L3 230.7 V 0.0 A 0.00 kW"}
15:17:47 I y_notifications.cpp:213 Event from sys: {"component":"sys", "event":"ota_progress", "msg":"in_progress", "progress_percent":34, "ts":1790255867.91}
15:17:47 I shos_rpc_inst.c:241     Shelly.GetDeviceInfo [24644562@ShellyRPC] via GATTS peer f4:26:79:20:c5:ff,p
15:17:48 I y_notifications.cpp:168 Status change of text:200: {"value":"L1 229.6 V 0.0 A 0.00 kW | L2 230.6 V 0.0 A 0.00 kW | L3 230.9 V 0.0 A 0.00 kW"}
15:17:49 I shos_time.cpp:65        Setting time from SNTP (1790255870.148 delta -0.053)
15:17:49 I shelly_sys.cpp:339      Time set to 8826.104576 from 1
15:17:49 I y_notifications.cpp:168 Status change of sys: {"last_sync_ts":1790255870}
15:17:49 I y_notifications.cpp:168 Status change of sys: {"time":"15:17","unixtime":1790255870}
15:17:50 I y_notifications.cpp:168 Status change of text:200: {"value":"L1 229.5 V 0.0 A 0.00 kW | L2 230.9 V 0.0 A 0.00 kW | L3 231.2 V 0.0 A 0.00 kW"}
15:17:51 I y_notifications.cpp:213 Event from sys: {"component":"sys", "event":"ota_progress", "msg":"in_progress", "progress_percent":39, "ts":1790255871.38}
15:17:52 I shos_rpc_inst.c:241     Shelly.GetDeviceInfo [19168838@ShellyRPC] via GATTS peer f4:26:79:20:c5:ff,p
15:17:52 I shelly_script.cpp:204   script:1 6.1% CPU utilization
15:17:52 I y_notifications.cpp:168 Status change of text:200: {"value":"L1 229.7 V 0.0 A 0.00 kW | L2 230.0 V 0.0 A 0.00 kW | L3 231.2 V 0.0 A 0.00 kW"}
15:17:54 I y_notifications.cpp:213 Event from sys: {"component":"sys", "event":"ota_progress", "msg":"in_progress", "progress_percent":44, "ts":1790255874.17}
15:17:54 I y_notifications.cpp:168 Status change of text:200: {"value":"L1 230.1 V 0.0 A 0.00 kW | L2 230.9 V 0.0 A 0.00 kW | L3 230.5 V 0.0 A 0.00 kW"}
15:17:56 I shos_rpc_inst.c:241     Shelly.GetDeviceInfo [69321662@ShellyRPC] via GATTS peer f4:26:79:20:c5:ff,p
15:17:56 I y_notifications.cpp:168 Status change of text:200: {"value":"L1 230.0 V 0.0 A 0.00 kW | L2 230.8 V 0.0 A 0.00 kW | L3 230.9 V 0.0 A 0.00 kW"}
15:17:56 I y_notifications.cpp:213 Event from sys: {"component":"sys", "event":"ota_progress", "msg":"in_progress", "progress_percent":49, "ts":1790255877.19}
15:17:58 I y_notifications.cpp:168 Status change of text:200: {"value":"L1 229.6 V 0.0 A 0.00 kW | L2 230.4 V 0.0 A 0.00 kW | L3 230.9 V 0.0 A 0.00 kW"}
15:18:00 I y_notifications.cpp:213 Event from sys: {"component":"sys", "event":"ota_progress", "msg":"in_progress", "progress_percent":54, "ts":1790255880.47}
15:18:00 I y_notifications.cpp:168 Status change of text:200: {"value":"L1 229.7 V 0.0 A 0.00 kW | L2 230.5 V 0.0 A 0.00 kW | L3 230.8 V 0.0 A 0.00 kW"}
15:18:00 I shos_rpc_inst.c:241     Shelly.GetDeviceInfo [18484905@ShellyRPC] via GATTS peer f4:26:79:20:c5:ff,p
15:18:02 I shelly_script.cpp:204   script:1 6.1% CPU utilization
15:18:02 I y_notifications.cpp:168 Status change of text:200: {"value":"L1 230.0 V 0.0 A 0.00 kW | L2 230.0 V 0.0 A 0.00 kW | L3 230.6 V 0.0 A 0.00 kW"}
15:18:03 I y_notifications.cpp:213 Event from sys: {"component":"sys", "event":"ota_progress", "msg":"in_progress", "progress_percent":59, "ts":1790255883.35}
15:18:04 I y_notifications.cpp:168 Status change of text:200: {"value":"L1 229.5 V 0.0 A 0.00 kW | L2 230.9 V 0.0 A 0.00 kW | L3 231.2 V 0.0 A 0.00 kW"}
15:18:04 I shos_rpc_inst.c:241     Shelly.GetDeviceInfo [98826504@ShellyRPC] via GATTS peer f4:26:79:20:c5:ff,p
15:18:06 I y_notifications.cpp:213 Event from sys: {"component":"sys", "event":"ota_progress", "msg":"in_progress", "progress_percent":64, "ts":1790255886.21}
15:18:06 I y_notifications.cpp:168 Status change of text:200: {"value":"L1 229.5 V 0.0 A 0.00 kW | L2 230.9 V 0.0 A 0.00 kW | L3 231.0 V 0.0 A 0.00 kW"}
15:18:08 I y_notifications.cpp:168 Status change of text:200: {"value":"L1 229.9 V 0.0 A 0.00 kW | L2 230.0 V 0.0 A 0.00 kW | L3 230.9 V 0.0 A 0.00 kW"}
15:18:08 I shos_rpc_inst.c:241     Shelly.GetDeviceInfo [51805781@ShellyRPC] via GATTS peer f4:26:79:20:c5:ff,p
15:18:08 I y_notifications.cpp:213 Event from sys: {"component":"sys", "event":"ota_progress", "msg":"in_progress", "progress_percent":69, "ts":1790255889.16}
15:18:10 I y_notifications.cpp:168 Status change of text:200: {"value":"L1 230.3 V 0.0 A 0.00 kW | L2 230.9 V 0.0 A 0.00 kW | L3 230.7 V 0.0 A 0.00 kW"}
15:18:11 I y_notifications.cpp:213 Event from sys: {"component":"sys", "event":"ota_progress", "msg":"in_progress", "progress_percent":74, "ts":1790255892.01}
15:18:13 I shelly_script.cpp:204   script:1 5.6% CPU utilization
15:18:13 I y_notifications.cpp:168 Status change of text:200: {"value":"L1 230.4 V 0.0 A 0.00 kW | L2 230.5 V 0.0 A 0.00 kW | L3 231.4 V 0.0 A 0.00 kW"}
15:18:13 I shos_rpc_inst.c:241     Shelly.GetDeviceInfo [42573659@ShellyRPC] via GATTS peer f4:26:79:20:c5:ff,p
15:18:14 I y_notifications.cpp:168 Status change of text:200: {"value":"L1 229.5 V 0.0 A 0.00 kW | L2 230.3 V 0.0 A 0.00 kW | L3 231.2 V 0.0 A 0.00 kW"}
15:18:15 I y_notifications.cpp:213 Event from sys: {"component":"sys", "event":"ota_progress", "msg":"in_progress", "progress_percent":78, "ts":1790255896.07}
15:18:16 I y_notifications.cpp:168 Status change of text:200: {"value":"L1 229.6 V 0.0 A 0.00 kW | L2 230.6 V 0.0 A 0.00 kW | L3 231.2 V 0.0 A 0.00 kW"}
15:18:18 I shos_rpc_inst.c:241     Shelly.GetDeviceInfo [11331667@ShellyRPC] via GATTS peer f4:26:79:20:c5:ff,p
15:18:18 I y_notifications.cpp:168 Status change of text:200: {"value":"L1 229.5 V 0.0 A 0.00 kW | L2 230.9 V 0.0 A 0.00 kW | L3 231.4 V 0.0 A 0.00 kW"}
15:18:18 I y_notifications.cpp:213 Event from sys: {"component":"sys", "event":"ota_progress", "msg":"in_progress", "progress_percent":83, "ts":1790255898.83}
15:18:20 I y_notifications.cpp:168 Status change of text:200: {"value":"L1 229.8 V 0.0 A 0.00 kW | L2 230.6 V 0.0 A 0.00 kW | L3 231.1 V 0.0 A 0.00 kW"}
15:18:21 I y_notifications.cpp:213 Event from sys: {"component":"sys", "event":"ota_progress", "msg":"in_progress", "progress_percent":88, "ts":1790255901.70}
15:18:22 I shos_rpc_inst.c:241     Shelly.GetDeviceInfo [4811830@ShellyRPC] via GATTS peer f4:26:79:20:c5:ff,p
15:18:22 I y_notifications.cpp:168 Status change of text:200: {"value":"L1 230.2 V 0.0 A 0.00 kW | L2 230.8 V 0.0 A 0.00 kW | L3 230.6 V 0.0 A 0.00 kW"}
15:18:24 I shelly_script.cpp:204   script:1 6.7% CPU utilization
15:18:24 I y_notifications.cpp:213 Event from sys: {"component":"sys", "event":"ota_progress", "msg":"in_progress", "progress_percent":93, "ts":1790255904.78}
15:18:24 I y_notifications.cpp:168 Status change of text:200: {"value":"L1 229.9 V 0.0 A 0.00 kW | L2 230.4 V 0.0 A 0.00 kW | L3 231.3 V 0.0 A 0.00 kW"}
15:18:26 I shos_rpc_inst.c:241     Shelly.GetDeviceInfo [63044380@ShellyRPC] via GATTS peer f4:26:79:20:c5:ff,p
15:18:26 I y_notifications.cpp:168 Status change of text:200: {"value":"L1 229.6 V 0.0 A 0.00 kW | L2 230.5 V 0.0 A 0.00 kW | L3 230.8 V 0.0 A 0.00 kW"}
15:18:27 I y_notifications.cpp:213 Event from sys: {"component":"sys", "event":"ota_progress", "msg":"in_progress", "progress_percent":98, "ts":1790255907.58}
15:18:28 I y_notifications.cpp:168 Status change of text:200: {"value":"L1 229.9 V 0.0 A 0.00 kW | L2 230.7 V 0.0 A 0.00 kW | L3 231.1 V 0.0 A 0.00 kW"}
15:18:28 I hos_http_client.cpp:676 0x3fcc9b64: Finished; bytes 390/3601700, code 200, redir 0/3, auth 0, status OK
15:18:28 I y_notifications.cpp:213 Event from sys: {"component":"sys", "event":"ota_progress", "msg":"in_progress", "progress_percent":100, "ts":1790255908.97}
15:18:28 I ota_backend_old.cpp:111 Set NVS boot state to 0x310 'LFS' '{"bs":4096,"is":128}' (from 0x0 '' '')
15:18:28 I shos_ota                Write BS1: seq 2609240001 as 1 rs 0 ba 3 mfs 1 c 0 | v 1
15:18:28 I shos_ota                Write BS0: seq 2609240001 as 1 rs 0 ba 3 mfs 1 c 0 | v 1
15:18:28 I shos_ota.cpp:650        Update succeeded (OK), will reboot, uba=3, cd=90/ct=0 s
15:18:28 W shelly_update.cpp:592   FW signatures: want 07 got 01
15:18:29 I shos_system.c:66        Rebooting in 1000 ms
15:18:29 I y_notifications.cpp:213 Event from sys: {"component":"sys", "event":"ota_progress", "msg":"in_progress", "progress_percent":100, "ts":1790255909.04}
15:18:29 I y_notifications.cpp:213 Event from sys: {"component":"sys","event":"config_changed","restart_required":false,"ts":1790255909.48,"cfg_rev":86}
15:18:29 I y_notifications.cpp:168 Status change of sys: {"cfg_rev":86}
15:18:29 I y_notifications.cpp:213 Event from sys: {"component":"sys", "event":"ota_success", "msg":"success", "ts":1790255909.48}
15:18:29 I y_notifications.cpp:213 Event from sys: {"component":"sys", "event":"scheduled_restart", "time_ms": 870, "ts":1790255909.62}
15:18:30 I hos_http_client.cpp:676 0x3fcc7010: Finished; bytes 904092/501, code 101, redir 0/3, auth 0, status ABORTED: Channel closed
15:18:30 I y_notifications.cpp:168 Status change of cloud: {"connected":false}
15:18:30 I bt_nimble_gatts.cpp:399 DISCONNECT f4:26:79:20:c5:ff,p ch 1 reason 534
15:18:30 I luetooth_server.cpp:185 BLE advertising enabled (RPC 1/0, auth 0, disc 1, locked 0, svcs 2, bond 0)
15:18:30 I y_notifications.cpp:168 Status change of ble: {"flags":["advertising"]}
15:18:30 I wifi                    I (8867798) wifi:state: run -> init (0x0)
15:18:30 I wifi                    I (8867808) wifi:pm stop, total sleep time: 0 us / 8212865397 us
15:18:30 I wifi                    I (8867818) wifi:<ba-del>idx:0, tid:0
15:18:30 I wifi                    I (8867818) wifi:<ba-del>idx:1, tid:6
15:18:30 I wifi                    I (8867828) wifi:new:<11,0>, old:<11,0>, ap:<255,255>, sta:<11,0>, prof:1, snd_ch_cfg:0x0
15:18:30 I shos_wifi.c:51          WiFi STA: Disconnected, reason: 8
15:18:30 I shos_lwip.cpp:204       ws(0x3fcbf370): Link down
15:18:30 I shos_lwip.cpp:118       Default: ws(0x3fcbf370) -> (null) (0.0.0.0, NAT? no)
15:18:30 W wifi                    W (8867858) wifi:Haven't to connect to a suitable AP now!
15:18:30 W wifi                    W (8867868) wifi:Haven't to connect to a suitable AP now!
15:18:30 I shos_vfs.c:1076         Unmounting filesystems
15:18:30 I shos_lwip.cpp:208       ws(0x3fcbf370): Status down
15:18:30 I shos_lwip.cpp:201       ws(0x3fcbf370): Removed
15:18:30 I wifi                    I (8867908) wifi:mode : null
15:18:30 I wifi                    I (8867918) wifi:flush txq
15:18:30 I wifi                    I (8867918) wifi:stop sw txq
15:18:30 I wifi                    I (8867928) wifi:lmac stop hw txq
15:18:30 I shos_system.c:49        Restarting
15:18:30 ESP-ROM:esp32c3-api1-20210207
15:18:30 Build:Feb  7 2021
15:18:30 rst:0xc (RTC_SW_CPU_RST),boot:0xc (SPI_FAST_FLASH_BOOT)
15:18:30 Saved PC:0x42164d8a
15:18:30 SPIWP:0xee
15:18:30 mode:DIO, clock div:1
15:18:30 load:0x3fcd5820,len:0x1110
15:18:30 load:0x403cbf10,len:0x16c4
15:18:30 load:0x403ce710,len:0x2964
15:18:30 entry 0x403cbf1a
15:18:30 boot: Shelly OS loader 1.0.3 (IDF 5.5.2-s6)
15:18:30 boot: chip revision: v0.4
15:18:30 boot: efuse block revision: v1.3
15:18:30 boot.esp32c3: SPI Speed      : 80MHz
15:18:30 boot.esp32c3: SPI Mode       : DIO
15:18:30 boot.esp32c3: SPI Flash Size : 8MB
15:18:30 boot: Enabling RNG early entropy source...
15:18:30 boot: Partition Table @ 0x10000 (a00c9381):
15:18:30 boot: ## Label            Usage          Type ST Offset   Length   F
15:18:30 boot:  0 otadata          OTA data         01 00 00011000 00002000 1
15:18:30 boot:  1 nvs              WiFi data        01 02 00014000 0000c000 0
15:18:30 boot:  2 app_0            OTA app          00 10 00020000 00300000 1
15:18:30 boot:  3 fs_0             FS               01 82 00320000 000e0000 1
15:18:30 boot:  4 app_1            OTA app          00 11 00400000 00300000 1
15:18:30 boot:  5 fs_1             FS               01 82 00700000 000e0000 1
15:18:30 boot:  6 scratch          Unknown data     01 80 007e0000 00010000 1
15:18:30 boot:  7 shelly           Factory data     01 88 007f0000 00010000 1
15:18:30 boot: End of partition table
15:18:30 shos_ota: Read BS0: seq 2609240001 as 1 rs 0 ba 3 mfs 1 c 0 | v 1
15:18:30 shos_ota: Read BS1: seq 2609240001 as 1 rs 0 ba 3 mfs 1 c 0 | v 1
15:18:30 shos_ota: Uncommitted boot of app 1 (attempts 3)
15:18:30 shos_ota: Write BS1: seq 2609240002 as 1 rs 0 ba 2 mfs 1 c 0 | v 1
15:18:30 shos_ota: Write BS0: seq 2609240002 as 1 rs 0 ba 2 mfs 1 c 0 | v 1
15:18:30 esp_image: segment 0: paddr=00400020 vaddr=3c230020 size=475dch (292316) map
15:18:30 esp_image: segment 1: paddr=00447604 vaddr=3fc91e00 size=02d48h ( 11592) load
15:18:30 esp_image: segment 2: paddr=0044a354 vaddr=40380000 size=05cc4h ( 23748) load
15:18:30 esp_image: segment 3: paddr=00450020 vaddr=42000020 size=22a570h (2270576) map
15:18:31 esp_image: segment 4: paddr=0067a598 vaddr=40385cc4 size=0c078h ( 49272) load
15:18:31 esp_image: segment 5: paddr=00686618 vaddr=50000280 size=00020h (    32) load
15:18:31 boot: Loaded app from partition at offset 0x400000
15:18:31 boot: Disabling RNG early entropy source...
15:18:31 cpu_start: Unicore app
15:18:31 cpu_start: GPIO 20 and 21 are used as console UART I/O pins
15:18:31 cpu_start: Pro cpu start user code
15:18:31 cpu_start: cpu freq: 160000000 Hz
15:18:31 app_init: Application information:
15:18:31 app_init: Project name:     XC3
15:18:31 app_init: App version:      2.0.0
15:18:31 app_init: ELF file SHA256:  6c563b670...
15:18:31 app_init: ESP-IDF:          5.5.4-s2
15:18:31 efuse_init: Min chip rev:     v0.3
15:18:31 efuse_init: Max chip rev:     v1.99 
15:18:31 efuse_init: Chip rev:         v0.4
15:18:31 heap_init: Initializing. RAM available for dynamic allocation:
15:18:31 heap_init: At 3FC9B8E0 len 00024720 (145 KiB): RAM
15:18:31 heap_init: At 3FCC0000 len 0001C710 (113 KiB): Retention RAM
15:18:31 heap_init: At 3FCDC710 len 00002950 (10 KiB): Retention RAM
15:18:31 heap_init: At 500002A0 len 00001D38 (7 KiB): RTCRAM
15:18:31 spi_flash: detected chip: gd
15:18:31 spi_flash: flash io: qio
15:18:31 sleep_gpio: Configure to isolate all GPIO pins in sleep state
15:18:31 sleep_gpio: Enable automatic switching of GPIO sleep configuration
15:18:31 I shos_freertos.c:45      XC3 2.0.0 (20260921-060046/2.0.0-beta11xciohttpfix-g35669f3)
15:18:31 I shos_freertos.c:46      CPU: 160 MHz, FreeRTOS 10.5.1, heap: 280724 total, 246568 free
15:18:31 I shos_esp32xx_main.c:100 ESP-IDF 5.5.4-s2; pt @ 0x10000; boot part: app_1; flash: 8M
15:18:31 I shos_ota                Write BS1: seq 2609240003 as 1 rs 0 ba 2 mfs 1 c 0 | v 1
15:18:31 I shos_ota                Write BS0: seq 2609240003 as 1 rs 0 ba 2 mfs 1 c 0 | v 1
15:18:31 I ota_backend_old.cpp:111 Set NVS boot state to 0x0 'LFS' '{"bs":4096,"is":128}' (from 0x310 'LFS' '{"bs":4096,"is":128}')
15:18:31 I shos_vfs_dev.c:73       otadata: esp32part ({"label": "otadata"}), size 8192
15:18:31 I shos_vfs_dev.c:73       nvs: esp32part ({"label": "nvs"}), size 49152
15:18:31 I shos_vfs_dev.c:73       app_0: esp32part ({"label": "app_0"}), size 3145728
15:18:31 I shos_vfs_dev.c:73       fs_0: esp32part ({"label": "fs_0"}), size 917504
15:18:31 I shos_vfs_dev.c:73       app_1: esp32part ({"label": "app_1"}), size 3145728
15:18:31 I shos_vfs_dev.c:73       fs_1: esp32part ({"label": "fs_1"}), size 917504
15:18:31 I shos_vfs_dev.c:73       scratch: esp32part ({"label": "scratch"}), size 65536
15:18:31 I shos_vfs_dev.c:73       shelly: esp32part ({"label": "shelly"}), size 65536
15:18:31 I shos_vfs.c:182          /: LFS @ fs_1, opts {"bs":4096,"is":128}
15:18:31 I shos_vfs_lfs.c:58       LFS 2.1 size 917504 bs 4096 is 128 cs 128 => 0
15:18:31 I shos_vfs.c:357          /: size 917504, used: 512000, free: 405504
15:18:31 I 2xx_ota_backend.cpp:899 Old PT @ 0x11400 (a00c9381)
15:18:31 I 2xx_ota_backend.cpp:923 Old FS @ 0x320000 (917504)
15:18:31 I shos_vfs.c:182          /old: LFS @ old_fs, opts {"bs":4096,"is":128}
15:18:31 I shos_vfs_lfs.c:58       LFS 2.1 size 917504 bs 4096 is 128 cs 128 => 0
15:18:31 I shos_vfs.c:357          /old: size 917504, used: 516096, free: 401408
15:18:31 I shos_file_utils.c:67    Copying /old/bt_kvs.json -> /bt_kvs.json
15:18:31 I shos_file_utils.c:67    Copying /old/components_storage.json -> /components_storage.json
15:18:31 I shos_file_utils.c:67    Copying /old/conf3.json -> /conf3.json
15:18:31 I shos_file_utils.c:67    Copying /old/conf9.json -> /conf9.json
15:18:31 I shos_file_utils.c:67    Copying /old/script_1.js -> /script_1.js
15:18:31 I shos_file_utils.c:67    Copying /old/scripts.json -> /scripts.json
15:18:31 I shos_file_utils.c:67    Copying /old/shelly_kvs.json -> /shelly_kvs.json
15:18:31 I shos_file_utils.c:67    Copying /old/storage.json -> /storage.json
15:18:32 I shos_ota                Write BS1: seq 2609240004 as 1 rs 0 ba 2 mfs 0 c 0 | v 1
15:18:32 I shos_ota                Write BS0: seq 2609240004 as 1 rs 0 ba 2 mfs 0 c 0 | v 1
15:18:32 I shos_sys_config.c:180   MAC: 54:32:04:51:63:34
15:18:32 I shos_sys_config.c:196   Time: 1, LKGT: 1790246247
15:18:32 I shos_time.cpp:65        Setting time from LKGT (1790246247.000 delta +1790246245.897)
15:18:32 I shos_core.cpp:117       Setting TZ to 'CET-1CEST,M3.5.0,M10.5.0/3'
15:18:32 I shos_wifi.c:275         WiFi mode: STA
15:18:32 I hos_http_server.cpp:201 Listening on 0.0.0.0:80
15:18:32 I _rpc_channel_mqtt.c:215 0x3fca8170 shellyxc3-543204516334/rpc
15:18:32 I _rpc_channel_uart.c:297 0x3fca8418 UART0
15:18:32 I lly_factory_data.cpp:69 Factory data (config): version 2, model=S3XT-0S batch=XC3-dev-001 key=(282 bytes)
15:18:32 I shelly_xmod.cpp:443     JWS file name: xmod.jws
15:18:32 E shelly_xmod.cpp:447     bad jws in fs: NOT_FOUND: error opening xmod.jws
15:18:32 I shelly_xmod.cpp:344     xmod: deviceid ShellyXC3-????????????
15:18:32 I shelly.cpp:569          Shelly init
15:18:32 I shelly.cpp:494          Reset reason: ESP_RST_SW RestartInfo flags: 0x0000 Quick restarts: 1
15:18:32 I shelly_sys.cpp:1022     Provision: unmanaged requested, 0 -> 4
15:18:32 I pm                      Frequency switching config: CPU_MAX: 160, APB_MAX: 160, APB_MIN: 160, Light sleep: DISABLED
15:18:32 I shelly_sys.cpp:884      Eco mode disabled
15:18:32 I helly_bluetooth.cpp:569 Provision state: 4, was_online: 0
15:18:32 I hos_http_client.cpp:339 0x3fcb2d00: WSS shelly-288-eu.shelly.cloud:6022/jrpc (CA shelly_cloud.pem,ca.pem)
15:18:32 I shelly_scripts.cpp:84   Loaded 1 scripts
15:18:32 I ponents_storage.cpp:201 Loaded dynamic components storage (revision: 61, total: 17, free: 4, size 5888, error 0)
15:18:32 I y_replay_tracker.hpp:88 BTHR: loaded 0 counters
15:18:32 I elly_xmod_xc_sys.cpp:65 sys.led: io=8 gpio=8 t=2
15:18:32 I shelly_modbus.cpp:643   Started ModbusTCP server on port 502
15:18:32 I luetooth_server.cpp:185 BLE advertising enabled (RPC 1/0, auth 0, disc 1, locked 0, svcs 2, bond 0)
15:18:32 I shos_init.cpp:66        Init done, RAM: 278264 total, 169820 free, 164596 min free
15:18:32 I 2xx_ota_backend.cpp:837 Not storing core dumps
15:18:32 I shos_ota.cpp:1302       Commit after 90 seconds
15:18:32 I shos_init.cpp:108       New min heap free: 153224
15:18:32 I BLE_INIT                BT controller compile version [b7de11e]
15:18:32 I BLE_INIT                Put all controller code in flash
15:18:32 I BLE_INIT                Using main XTAL as clock source
15:18:32 W BLE_INIT                light sleep mode will not be able to apply when bluetooth is enabled.
15:18:32 I BLE_INIT                Bluetooth MAC: 54:32:04:51:63:36
15:18:32 I phy_init                phy_version 1232,d493f299,Aug 25 2025,19:01:20
15:18:32 I shos_bt_nimble.cpp:226  Bluetooth init ok, MTU 247
15:18:32 I bt_nimble_store.cpp:240 BT bonding disabled (0 of 20)
15:18:32 I shos_init.cpp:108       New min heap free: 131612
15:18:32 I luetooth_server.cpp:185 BLE advertising enabled (RPC 1/0, auth 0, disc 1, locked 0, svcs 2, bond 0)
15:18:32 I y_notifications.cpp:213 Event from sys: {"component":"sys","event":"provision_unmanaged","ts":1790246247.13}
15:18:32 I y_notifications.cpp:168 Status change of script:1: {"error_msg":null,"errors":[],"running":false}
15:18:32 I y_notifications.cpp:168 Status change of sys: {"provisioning":null}
15:18:32 I hos_http_client.cpp:681 0x3fcb2d00: Finished; bytes 0/0, code 0, redir 0/3, auth 0, status INVALID_ARGUMENT: Failed to GET shelly-288-eu.shelly.cloud:6022/jrpc: -6
15:18:32 I bt_nimble_store.cpp:644 Loaded IRK
15:18:32 I shos_bt_nimble.cpp:138  BLE MAC: 54:32:04:51:63:36
15:18:32 I luetooth_server.cpp:185 BLE advertising enabled (RPC 1/0, auth 0, disc 1, locked 0, svcs 2, bond 0)
15:18:32 I pp                      pp rom version: 9387209
15:18:32 I net80211                net80211 rom version: 9387209
15:18:32 I wifi                    I (4314) wifi:wifi driver task: 3fcded00, prio:23, stack:6656, core=0
15:18:32 I wifi                    I (4324) wifi:wifi firmware version: 0947e8b
15:18:32 I wifi                    I (4324) wifi:wifi certification version: v7.0
15:18:33 I wifi                    I (4334) wifi:config NVS flash: enabled
15:18:33 I wifi                    I (4344) wifi:config nano formatting: disabled
15:18:33 I wifi                    I (4344) wifi:Init data frame dynamic rx buffer num: 4
15:18:33 I wifi                    I (4354) wifi:Init static rx mgmt buffer num: 5
15:18:33 I wifi                    I (4364) wifi:Init management short buffer num: 32
15:18:33 I wifi                    I (4364) wifi:Init dynamic tx buffer num: 4
15:18:33 I wifi                    I (4374) wifi:Init static tx FG buffer num: 2
15:18:33 I wifi                    I (4384) wifi:Init static rx buffer size: 1600
15:18:33 I wifi                    I (4384) wifi:Init static rx buffer num: 4
15:18:33 I wifi                    I (4394) wifi:Init dynamic rx buffer num: 4
15:18:33 I wifi_init               rx ba win: 4
15:18:33 I wifi                    I (4404) wifi:mode : sta (54:32:04:51:63:34)
15:18:33 I wifi                    I (4414) wifi:enable tsf
15:18:33 I shos_init.cpp:108       New min heap free: 101860
15:18:33 I y_notifications.cpp:168 Status change of ble: {"flags":["advertising"]}
15:18:33 I shos_init.cpp:108       New min heap free: 101376
15:18:33 I lly_user_script.cpp:372 JS RAM stat: initial: 109076 after: 109040, used: 36
15:18:33 I shelly_ejs_rpc.cpp:41   Shelly.call KVS.Get {"key":"q11_sim_total_kwh"}
15:18:33 I lly_user_script.cpp:389 JS RAM stat: after user code: 109076 after: 107120, used: 1956
15:18:33 I shelly_scripts.cpp:60   Script [1] 'symulator_q11' running=1 enable=1 crashed=0
15:18:33 I y_notifications.cpp:168 Status change of script:1: {"error_msg":null,"errors":[],"running":true}
15:18:33 I shos_rpc_inst.c:241     KVS.Get [160@RPC.LOCAL] via loopback 
15:18:33 Symulator Q11 wystartowal, licznik calkowity 1.028 kWh
15:18:34 I hos_http_client.cpp:339 0x3fcb38c4: WSS shelly-288-eu.shelly.cloud:6022/jrpc (CA shelly_cloud.pem,ca.pem)
15:18:34 I hos_http_client.cpp:681 0x3fcb38c4: Finished; bytes 0/0, code 0, redir 0/3, auth 0, status INVALID_ARGUMENT: Failed to GET shelly-288-eu.shelly.cloud:6022/jrpc: -6
15:18:35 Q11 stan:  -> charger_free
15:18:35 I y_notifications.cpp:213 Event from script:1: {"component":"script:1","id":1,"event":"q11_state","data":{"state":"charger_free","cp":"controlpi_12v"},"ts":1790246250.23}
15:18:35 I y_notifications.cpp:168 Status change of number:206: {"source":"sys","value":1.03}
15:18:35 I y_notifications.cpp:168 Status change of text:200: {"source":"sys","value":"L1 230.2 V 0.0 A 0.00 kW | L2 230.2 V 0.0 A 0.00 kW | L3 230.9 V 0.0 A 0.00 kW"}
15:18:35 I wifi                    I (6864) wifi:enable tsf
15:18:35 I hos_lwip_eth_if.cpp:298 ws(0x3fcc3078): MAC: 54:32:04:51:63:34, MTU: 1500, IP: DHCP
15:18:35 I shos_lwip.cpp:204       ws(0x3fcc3078): Added
15:18:35 I wifi                    I (6884) wifi:Set ps type: 0, coexist: 0
15:18:35 I shos_lwip.cpp:214       ws(0x3fcc3078): Status up
15:18:35 I shos_lwip.cpp:228       ws(0x3fcc3078): IPv6 addrs: fe80::5632:4ff:fe51:6334,t0
15:18:35 I shos_wifi.c:58          WiFi STA: Connecting, BSSID ae:9c:6c:cc:eb:a8 ch 11 RSSI -61
15:18:35 W wifi                    W (6914) wifi:Haven't to connect to a suitable AP now!
15:18:35 I wifi                    I (7284) wifi:new:<11,0>, old:<1,0>, ap:<255,255>, sta:<11,0>, prof:1, snd_ch_cfg:0x0
15:18:35 I wifi                    I (7294) wifi:state: init -> auth (0xb0)
15:18:35 I shos_init.cpp:108       New min heap free: 101300
15:18:35 I wifi                    I (7314) wifi:state: auth -> assoc (0x0)
15:18:35 I bt_nimble_gatts.cpp:364 CONNECT f4:26:79:20:c5:ff,p ch 1 st 0 PM 247 M 23
15:18:35 I wifi                    I (7324) wifi:state: assoc -> run (0x10)
15:18:35 I y_notifications.cpp:168 Status change of wifi: {"channel":0,"rssi":-62,"ssid":null,"sta_ip":"0.0.0.0","status":"connecting"}
15:18:35 I wifi                    I (7354) wifi:connected with AmperePoint, aid = 4, channel 11, BW20, bssid = ae:9c:6c:cc:eb:a8
15:18:35 I wifi                    I (7364) wifi:security: WPA2-PSK, phy: bgn, rssi: -62, cipher(pairwise:0x3, group:0x3), pmf:0
15:18:35 I wifi                    I (7384) wifi:pm start, type: 0
15:18:36 I wifi                    I (7384) wifi:dp: 1, bi: 102400, li: 3, scale listen interval from 307200 us to 307200 us
15:18:36 I wifi                    I (7394) wifi:set rx beacon pti, rx_bcn_pti: 0, bcn_timeout: 25000, mt_pti: 0, mt_time: 10000
15:18:36 I shos_init.cpp:108       New min heap free: 99052
15:18:36 I wifi                    I (7414) wifi:AP's beacon interval = 102400 us, DTIM period = 1
15:18:36 I shos_net.cpp:114        WiFi STA: connecting
15:18:36 I luetooth_server.cpp:185 BLE advertising enabled (RPC 1/0, auth 0, disc 1, locked 0, svcs 2, bond 0)
15:18:36 I y_notifications.cpp:168 Status change of ble: {"flags":["advertising","connected"]}
15:18:36 I shos_wifi.c:68          WiFi STA: Connected, BSSID ae:9c:6c:cc:eb:a8 ch 11 RSSI -62
15:18:36 I shos_lwip.cpp:210       ws(0x3fcc3078): Link up
15:18:36 I wifi                    I (7484) wifi:<ba-add>idx:0 (ifx:0, ae:9c:6c:cc:eb:a8), tid:0, ssn:0, winSize:64
15:18:36 I y_notifications.cpp:168 Status change of wifi: {"channel":11,"rssi":-62,"ssid":"AmperePoint","sta_ip":"0.0.0.0","status":"connected"}
15:18:36 I shos_net.cpp:118        WiFi STA: connected
15:18:36 I hos_http_client.cpp:339 0x3fcc1778: WSS shelly-288-eu.shelly.cloud:6022/jrpc (CA shelly_cloud.pem,ca.pem)
15:18:36 I shos_init.cpp:108       New min heap free: 96072
15:18:36 I shos_lwip.cpp:118       Default: (null) -> ws(0x3fcc3078) (192.168.0.1, NAT? no)
15:18:36 I y_notifications.cpp:168 Status change of wifi: {"channel":11,"rssi":-62,"ssid":"AmperePoint","sta_ip":"192.168.0.238","status":"got ip"}
15:18:36 I shos_net.cpp:125        WiFi STA: ready, IP 192.168.0.238, GW 192.168.0.1, DNS 192.168.0.1, NTP 0.0.0.0
15:18:36 I shos_lwip.cpp:228       ws(0x3fcc3078): IPv6 addrs: fe80::5632:4ff:fe51:6334,t1
15:18:36 I wifi                    I (7644) wifi:<ba-add>idx:1 (ifx:0, ae:9c:6c:cc:eb:a8), tid:6, ssn:2, winSize:64
15:18:36 I shos_init.cpp:108       New min heap free: 95572
15:18:36 I shos_init.cpp:108       New min heap free: 88200
15:18:36 I hos_http_client.cpp:611 0x3fcc1778: WS handshake complete
15:18:37 I shos_init.cpp:108       New min heap free: 87736
15:18:37 I shos_rpc_inst.c:241     Shelly.GetComponents [6993878@iotc_291_1-shelly-288-eu] via SHC 34.40.19.158:6022
15:18:37 I shos_init.cpp:108       New min heap free: 80228
15:18:37 I shos_time.cpp:65        Setting time from SNTP (1790255917.425 delta +9665.420)
15:18:37 I shelly_sys.cpp:360      Time set to 6.056626 from 1
15:18:37 I y_notifications.cpp:168 Status change of sys: {"last_sync_ts":1790255917}
15:18:37 W y_notifications.cpp:122 ch type=WS_in info=from 192.168.0.57:50661 via ws0 has no DST
15:18:37 I y_notifications.cpp:168 Status change of sys: {"time":"15:18","unixtime":1790255917}
15:18:37 W y_notifications.cpp:122 ch type=WS_in info=from 192.168.0.57:50661 via ws0 has no DST
15:18:37 I shos_rpc_inst.c:241     Shelly.GetDeviceInfo [26602590@ShellyRPC] via GATTS peer f4:26:79:20:c5:ff,p
15:18:37 I y_notifications.cpp:168 Status change of text:200: {"value":"L1 230.3 V 0.0 A 0.00 kW | L2 230.5 V 0.0 A 0.00 kW | L3 231.0 V 0.0 A 0.00 kW"}
15:18:37 W y_notifications.cpp:122 ch type=WS_in info=from 192.168.0.57:55723 via ws0 has no DST
15:18:37 I shos_lwip.cpp:228       ws(0x3fcc3078): IPv6 addrs: fe80::5632:4ff:fe51:6334,P
15:18:37 I shos_rpc_inst.c:241     Shelly.GetDeviceInfo [118@web-1790247367824] via WS_in from 192.168.0.57:55723 via ws0
15:18:37 I shos_rpc_inst.c:241     Shelly.GetComponents [6993879@iotc_291_1-shelly-288-eu] via SHC 34.40.19.158:6022
15:18:37 I shos_init.cpp:108       New min heap free: 78996
15:18:37 I shos_rpc_inst.c:241     RPC.Ping [119@web-1790247367824] via WS_in from 192.168.0.57:55723 via ws0
15:18:37 I shos_rpc_inst.c:241     Shelly.GetComponents [120@web-1790247367824] via WS_in from 192.168.0.57:55723 via ws0
15:18:37 I shos_rpc_inst.c:241     Shelly.GetComponents [6993881@iotc_291_1-shelly-288-eu] via SHC 34.40.19.158:6022
15:18:37 I shos_rpc_inst.c:241     Shelly.GetComponents [121@web-1790247367824] via WS_in from 192.168.0.57:55723 via ws0
15:18:37 I shos_init.cpp:108       New min heap free: 78316
15:18:37 I shos_rpc_inst.c:241     Shelly.GetComponents [122@web-1790247367824] via WS_in from 192.168.0.57:55723 via ws0
15:18:37 I shos_rpc_inst.c:241     shc.channelready [6993882@iotc_291_1-shelly-288-eu] via SHC 34.40.19.158:6022
15:18:37 I y_notifications.cpp:168 Status change of cloud: {"connected":true}
15:18:38 I shos_rpc_inst.c:241     Schedule.List [123@web-1790247367824] via WS_in from 192.168.0.57:55723 via ws0
15:18:38 I shos_rpc_inst.c:241     Webhook.List [124@web-1790247367824] via WS_in from 192.168.0.57:55723 via ws0
15:18:38 I shos_rpc_inst.c:241     Shelly.GetDeviceInfo [66643830@ShellyRPC] via GATTS peer f4:26:79:20:c5:ff,p
15:18:38 I shos_rpc_inst.c:241     KVS.GetMany [125@web-1790247367824] via WS_in from 192.168.0.57:55723 via ws0
15:18:38 I shos_rpc_inst.c:241     Schedule.List [126@web-1790247367824] via WS_in from 192.168.0.57:55723 via ws0
15:18:38 I shos_rpc_inst.c:241     BLE.ListPairedDevices [127@web-1790247367824] via WS_in from 192.168.0.57:55723 via ws0
15:18:38 I shos_rpc_inst.c:241     Script.GetCode [128@web-1790247367824] via WS_in from 192.168.0.57:55723 via ws0
15:18:38 I lly_scripts_rpc.cpp:372 Sending "script_1.js"
15:18:38 I shos_rpc_inst.c:241     Webhook.ListAllSupported [129@web-1790247367824] via WS_in from 192.168.0.57:55723 via ws0
15:18:38 I shos_rpc_inst.c:241     Shelly.ListMethods [130@web-1790247367824] via WS_in from 192.168.0.57:55723 via ws0
15:18:39 I ns_sd_responder.cpp:236 ws(0x3fcc3078): Announced ShellyXC3-543204516334.local any@any (192.168.0.238)
15:18:39 I ns_sd_responder.cpp:236 ws(0x3fcc3078): Announced Q11-symulator--DevKit-.local any@any (192.168.0.238)
15:18:39 I shos_init.cpp:108       New min heap free: 78088
15:18:39 I shos_rpc_inst.c:241     Script.GetCode [131@web-1790247367824] via WS_in from 192.168.0.57:55723 via ws0
15:18:39 I shos_rpc_inst.c:241     Script.GetCode [132@web-1790247367824] via WS_in from 192.168.0.57:55723 via ws0
15:18:39 I shos_rpc_inst.c:241     Script.GetCode [133@web-1790247367824] via WS_in from 192.168.0.57:55723 via ws0
15:18:39 I y_notifications.cpp:168 Status change of text:200: {"value":"L1 230.3 V 0.0 A 0.00 kW | L2 230.3 V 0.0 A 0.00 kW | L3 230.8 V 0.0 A 0.00 kW"}
15:18:39 I shos_rpc_inst.c:241     Script.GetCode [134@web-1790247367824] via WS_in from 192.168.0.57:55723 via ws0
15:18:39 I shos_rpc_inst.c:241     Script.GetCode [135@web-1790247367824] via WS_in from 192.168.0.57:55723 via ws0
15:18:40 I ns_sd_responder.cpp:236 ws(0x3fcc3078): Announced ShellyXC3-543204516334.local any@any (fe80::5632:4ff:fe51:6334)
15:18:40 I ns_sd_responder.cpp:236 ws(0x3fcc3078): Announced Q11-symulator--DevKit-.local any@any (fe80::5632:4ff:fe51:6334)
15:18:41 I y_notifications.cpp:168 Status change of text:200: {"value":"L1 229.7 V 0.0 A 0.00 kW | L2 230.2 V 0.0 A 0.00 kW | L3 231.5 V 0.0 A 0.00 kW"}
15:18:42 I shos_rpc_inst.c:241     XMOD.ApplyProductJWS [42414156@ShellyRPC] via GATTS peer f4:26:79:20:c5:ff,p
15:18:43 W shelly_config.cpp:297   Factory reset
15:18:43 I shos_ota.cpp:1113       Committing update (slot 1)
15:18:43 I ota_backend_old.cpp:111 Set NVS boot state to 0x11 'LFS' '{"bs":4096,"is":128}' (from 0x0 'LFS' '{"bs":4096,"is":128}')
15:18:43 I shos_ota                Write BS1: seq 2609240005 as 1 rs 0 ba 2 mfs 0 c 1 | v 1
15:18:43 I shos_ota                Write BS0: seq 2609240005 as 1 rs 0 ba 2 mfs 0 c 1 | v 1
15:18:43 I shos_system.c:66        Rebooting in 2000 ms
15:18:43 I shos_init.cpp:108       New min heap free: 52868
15:18:43 I shelly_script.cpp:204   script:1 6.2% CPU utilization
15:18:43 I y_notifications.cpp:213 Event from sys: {"component":"sys", "event":"scheduled_restart", "time_ms": 1860, "ts":1790255924.19}
15:18:43 I y_notifications.cpp:168 Status change of text:200: {"value":"L1 230.5 V 0.0 A 0.00 kW | L2 230.1 V 0.0 A 0.00 kW | L3 231.2 V 0.0 A 0.00 kW"}
15:18:45 I y_notifications.cpp:168 Status change of text:200: {"value":"L1 229.9 V 0.0 A 0.00 kW | L2 230.9 V 0.0 A 0.00 kW | L3 230.6 V 0.0 A 0.00 kW"}
15:18:45 I hos_http_client.cpp:681 0x3fcc1778: Finished; bytes 12076/659, code 101, redir 0/3, auth 0, status ABORTED: Channel closed
15:18:45 I y_notifications.cpp:168 Status change of cloud: {"connected":false}
15:18:45 I bt_nimble_gatts.cpp:401 DISCONNECT f4:26:79:20:c5:ff,p ch 1 reason 534
15:18:45 I luetooth_server.cpp:185 BLE advertising enabled (RPC 1/0, auth 0, disc 1, locked 0, svcs 2, bond 0)
15:18:45 I y_notifications.cpp:168 Status change of ble: {"flags":["advertising"]}
15:18:45 I wifi                    I (17054) wifi:state: run -> init (0x0)
15:18:45 I wifi                    I (17064) wifi:pm stop, total sleep time: 0 us / 9680228 us
15:18:45 I wifi                    I (17074) wifi:<ba-del>idx:0, tid:0
15:18:45 I wifi                    I (17084) wifi:<ba-del>idx:1, tid:6
15:18:45 I wifi                    I (17084) wifi:new:<11,0>, old:<11,0>, ap:<255,255>, sta:<11,0>, prof:1, snd_ch_cfg:0x0
15:18:45 I shos_wifi.c:51          WiFi STA: Disconnected, reason: 8
15:18:45 W wifi                    W (17104) wifi:Haven't to connect to a suitable AP now!
15:18:45 I shos_lwip.cpp:210       ws(0x3fcc3078): Link down
15:18:45 I shos_lwip.cpp:118       Default: ws(0x3fcc3078) -> (null) (0.0.0.0, NAT? no)
15:18:45 W wifi                    W (17124) wifi:Haven't to connect to a suitable AP now!
15:18:45 I shelly_config.cpp:276   Scrubbing FS free space (/)
15:18:48 I 2xx_ota_backend.cpp:923 Old FS @ 0x320000 (917504)
15:18:48 W shos_vfs_dev.c:308      Wiping old_fs (917504)
15:18:50 W shos_vfs_dev.c:308      Wiping scratch (65536)
15:18:50 W shos_vfs_dev.c:308      Wiping nvs (49152)
15:18:51 I shos_vfs.c:1104         Unmounting filesystems
15:18:51 I shos_lwip.cpp:214       ws(0x3fcc3078): Status down
15:18:51 I shos_lwip.cpp:207       ws(0x3fcc3078): Removed
15:18:51 I wifi                    I (22564) wifi:mode : null
15:18:51 I wifi                    I (22574) wifi:flush txq
15:18:51 I wifi                    I (22574) wifi:stop sw txq
15:18:51 I wifi                    I (22584) wifi:lmac stop hw txq
15:18:51 I shos_system.c:49        Restarting
15:18:51 ESP-ROM:esp32c3-api1-20210207
15:18:51 Build:Feb  7 2021
15:18:51 rst:0xc (RTC_SW_CPU_RST),boot:0xc (SPI_FAST_FLASH_BOOT)
15:18:51 Saved PC:0x42015d1c
15:18:51 SPIWP:0xee
15:18:51 mode:DIO, clock div:1
15:18:51 load:0x3fcd5820,len:0x1110
15:18:51 load:0x403cbf10,len:0x16c4
15:18:51 load:0x403ce710,len:0x2964
15:18:51 entry 0x403cbf1a
15:18:51 boot: Shelly OS loader 1.0.3 (IDF 5.5.2-s6)
15:18:51 boot: chip revision: v0.4
15:18:51 boot: efuse block revision: v1.3
15:18:51 boot.esp32c3: SPI Speed      : 80MHz
15:18:51 boot.esp32c3: SPI Mode       : DIO
15:18:51 boot.esp32c3: SPI Flash Size : 8MB
15:18:51 boot: Enabling RNG early entropy source...
15:18:51 boot: Partition Table @ 0x10000 (a00c9381):
15:18:51 boot: ## Label            Usage          Type ST Offset   Length   F
15:18:51 boot:  0 otadata          OTA data         01 00 00011000 00002000 1
15:18:51 boot:  1 nvs              WiFi data        01 02 00014000 0000c000 0
15:18:51 boot:  2 app_0            OTA app          00 10 00020000 00300000 1
15:18:51 boot:  3 fs_0             FS               01 82 00320000 000e0000 1
15:18:51 boot:  4 app_1            OTA app          00 11 00400000 00300000 1
15:18:51 boot:  5 fs_1             FS               01 82 00700000 000e0000 1
15:18:51 boot:  6 scratch          Unknown data     01 80 007e0000 00010000 1
15:18:51 boot:  7 shelly           Factory data     01 88 007f0000 00010000 1
15:18:51 boot: End of partition table
15:18:51 shos_ota: Read BS0: seq 2609240005 as 1 rs 0 ba 2 mfs 0 c 1 | v 1
15:18:51 shos_ota: Read BS1: seq 2609240005 as 1 rs 0 ba 2 mfs 0 c 1 | v 1
15:18:51 shos_ota: Booting app 1
15:18:51 esp_image: segment 0: paddr=00400020 vaddr=3c230020 size=475dch (292316) map
15:18:51 esp_image: segment 1: paddr=00447604 vaddr=3fc91e00 size=02d48h ( 11592) load
15:18:51 esp_image: segment 2: paddr=0044a354 vaddr=40380000 size=05cc4h ( 23748) load
15:18:51 esp_image: segment 3: paddr=00450020 vaddr=42000020 size=22a570h (2270576) map
15:18:51 esp_image: segment 4: paddr=0067a598 vaddr=40385cc4 size=0c078h ( 49272) load
15:18:51 esp_image: segment 5: paddr=00686618 vaddr=50000280 size=00020h (    32) load
15:18:51 boot: Loaded app from partition at offset 0x400000
15:18:51 boot: Disabling RNG early entropy source...
15:18:51 cpu_start: Unicore app
15:18:51 cpu_start: GPIO 20 and 21 are used as console UART I/O pins
15:18:51 cpu_start: Pro cpu start user code
15:18:51 cpu_start: cpu freq: 160000000 Hz
15:18:51 app_init: Application information:
15:18:51 app_init: Project name:     XC3
15:18:51 app_init: App version:      2.0.0
15:18:51 app_init: ELF file SHA256:  6c563b670...
15:18:51 app_init: ESP-IDF:          5.5.4-s2
15:18:51 efuse_init: Min chip rev:     v0.3
15:18:51 efuse_init: Max chip rev:     v1.99 
15:18:51 efuse_init: Chip rev:         v0.4
15:18:51 heap_init: Initializing. RAM available for dynamic allocation:
15:18:51 heap_init: At 3FC9B8E0 len 00024720 (145 KiB): RAM
15:18:51 heap_init: At 3FCC0000 len 0001C710 (113 KiB): Retention RAM
15:18:51 heap_init: At 3FCDC710 len 00002950 (10 KiB): Retention RAM
15:18:51 heap_init: At 500002A0 len 00001D38 (7 KiB): RTCRAM
15:18:51 spi_flash: detected chip: gd
15:18:51 spi_flash: flash io: qio
15:18:51 sleep_gpio: Configure to isolate all GPIO pins in sleep state
15:18:51 sleep_gpio: Enable automatic switching of GPIO sleep configuration
15:18:51 I shos_freertos.c:45      XC3 2.0.0 (20260921-060046/2.0.0-beta11xciohttpfix-g35669f3)
15:18:51 I shos_freertos.c:46      CPU: 160 MHz, FreeRTOS 10.5.1, heap: 280748 total, 246964 free
15:18:51 I shos_esp32xx_main.c:100 ESP-IDF 5.5.4-s2; pt @ 0x10000; boot part: app_1; flash: 8M
15:18:51 I ota_backend_old.cpp:111 Set NVS boot state to 0x11 'LFS' '{"bs":4096,"is":128}' (from 0x0 '' '')
15:18:51 I shos_vfs_dev.c:73       otadata: esp32part ({"label": "otadata"}), size 8192
15:18:51 I shos_vfs_dev.c:73       nvs: esp32part ({"label": "nvs"}), size 49152
15:18:51 I shos_vfs_dev.c:73       app_0: esp32part ({"label": "app_0"}), size 3145728
15:18:51 I shos_vfs_dev.c:73       fs_0: esp32part ({"label": "fs_0"}), size 917504
15:18:51 I shos_vfs_dev.c:73       app_1: esp32part ({"label": "app_1"}), size 3145728
15:18:51 I shos_vfs_dev.c:73       fs_1: esp32part ({"label": "fs_1"}), size 917504
15:18:51 I shos_vfs_dev.c:73       scratch: esp32part ({"label": "scratch"}), size 65536
15:18:51 I shos_vfs_dev.c:73       shelly: esp32part ({"label": "shelly"}), size 65536
15:18:51 I shos_vfs.c:182          /: LFS @ fs_1, opts {"bs":4096,"is":128}
15:18:51 I shos_vfs_lfs.c:58       LFS 2.1 size 917504 bs 4096 is 128 cs 128 => 0
15:18:51 I shos_vfs.c:357          /: size 917504, used: 520192, free: 397312
15:18:51 I shos_sys_config.c:180   MAC: 54:32:04:51:63:34
15:18:51 I shos_sys_config.c:196   Time: 0, LKGT: 0
15:18:51 I shos_time.cpp:65        Setting LKGT from build time (1789970446.000 delta +1789970446.000)
15:18:51 I shos_time.cpp:65        Setting time from LKGT (1789970446.000 delta +1789970445.752)
15:18:51 I shos_wifi.c:257         WiFi mode: AP
15:18:51 I pp                      pp rom version: 9387209
15:18:51 I net80211                net80211 rom version: 9387209
15:18:51 I wifi                    I (1044) wifi:wifi driver task: 3fcaa270, prio:23, stack:6656, core=0
15:18:51 I wifi                    I (1054) wifi:wifi firmware version: 0947e8b
15:18:51 I wifi                    I (1054) wifi:wifi certification version: v7.0
15:18:52 I wifi                    I (1064) wifi:config NVS flash: enabled
15:18:52 I wifi                    I (1074) wifi:config nano formatting: disabled
15:18:52 I wifi                    I (1074) wifi:Init data frame dynamic rx buffer num: 4
15:18:52 I wifi                    I (1084) wifi:Init static rx mgmt buffer num: 5
15:18:52 I wifi                    I (1094) wifi:Init management short buffer num: 32
15:18:52 I wifi                    I (1094) wifi:Init dynamic tx buffer num: 4
15:18:52 I wifi                    I (1104) wifi:Init static tx FG buffer num: 2
15:18:52 I wifi                    I (1114) wifi:Init static rx buffer size: 1600
15:18:52 I wifi                    I (1114) wifi:Init static rx buffer num: 4
15:18:52 I wifi                    I (1124) wifi:Init dynamic rx buffer num: 4
15:18:52 I wifi_init               rx ba win: 4
15:18:52 I os_esp32xx_wifi.cpp:468 WiFi AP: SSID ShellyOS_516334, channel 10
15:18:52 I phy_init                phy_version 1232,d493f299,Aug 25 2025,19:01:20
15:18:52 W phy_init                failed to load RF calibration data (0x1102), falling back to full calibration
15:18:52 I phy_init                Saving new calibration data due to checksum failure or outdated calibration data, mode(2)
15:18:52 I wifi                    I (1204) wifi:mode : softAP (54:32:04:51:63:35)
15:18:52 I wifi                    I (1214) wifi:Total power save buffer number: 2
15:18:52 I wifi                    I (1224) wifi:Init max length of beacon: 752/752
15:18:52 I wifi                    I (1234) wifi:Init max length of beacon: 752/752
15:18:52 I hos_lwip_eth_if.cpp:298 wa(0x3fcaf818): MAC: 54:32:04:51:63:35, MTU: 1500, IP: 192.168.33.1/255.255.255.0 gw 192.168.33.1 (server)
15:18:52 I shos_lwip.cpp:204       wa(0x3fcaf818): Added
15:18:52 I shos_lwip.cpp:214       wa(0x3fcaf818): Status up
15:18:52 I shos_lwip.cpp:228       wa(0x3fcaf818): IPv6 addrs: fe80::5632:4ff:fe51:6335,t0
15:18:52 I hos_http_server.cpp:201 Listening on 0.0.0.0:80
15:18:52 I _rpc_channel_mqtt.c:215 0x3fcafc14 shos_516334/rpc
15:18:52 I _rpc_channel_uart.c:297 0x3fcafed4 UART0
15:18:52 I lly_factory_data.cpp:69 Factory data (config): version 2, model=S3XT-0S batch=XC3-dev-001 key=(282 bytes)
15:18:52 I shos_system.c:66        Rebooting in 0 ms
15:18:52 I shelly_xmod.cpp:344     xmod: deviceid apq11dev-????????????
15:18:52 I shelly_xmod.cpp:481     xmod: "Q11 DevKit test" by "Ampere Point" (v2)
15:18:52 I shelly.cpp:569          Shelly init
15:18:52 I shos_lwip.cpp:210       wa(0x3fcaf818): Link up
15:18:52 I hos_lwip_eth_if.cpp:563 Starting: wa(0x3fcaf818) DHCP server
15:18:52 I wip_dhcp_server.cpp:103 wa(0x3fcaf818): DHCP server: 192.168.33.2 - 192.168.33.100, t 600
15:18:52 I shelly.cpp:494          Reset reason: ESP_RST_SW RestartInfo flags: 0x0001 Quick restarts: 1
15:18:52 I shelly.cpp:592          Device identifiers set, REBOOT IS REQUIRED
15:18:52 I _backup_restore.cpp:177 Restoring backup
15:18:52 E shelly_backup.cpp:696   RestoreVendorBackup failed: -105 - shelly does not contain file data
15:18:52 I shos_vfs.c:1104         Unmounting filesystems
15:18:52 I shos_lwip.cpp:214       wa(0x3fcaf818): Status down
15:18:52 I shos_lwip.cpp:207       wa(0x3fcaf818): Removed
15:18:52 I wifi                    I (1564) wifi:mode : null
15:18:52 I wifi                    I (1574) wifi:flush txq
15:18:52 I wifi                    I (1574) wifi:stop sw txq
15:18:52 I wifi                    I (1584) wifi:lmac stop hw txq
15:18:52 I shos_system.c:49        Restarting
15:18:52 ESP-ROM:esp32c3-api1-20210207
15:18:52 Build:Feb  7 2021
15:18:52 rst:0xc (RTC_SW_CPU_RST),boot:0xc (SPI_FAST_FLASH_BOOT)
15:18:52 Saved PC:0x42015d1c
15:18:52 SPIWP:0xee
15:18:52 mode:DIO, clock div:1
15:18:52 load:0x3fcd5820,len:0x1110
15:18:52 load:0x403cbf10,len:0x16c4
15:18:52 load:0x403ce710,len:0x2964
15:18:52 entry 0x403cbf1a
15:18:52 boot: Shelly OS loader 1.0.3 (IDF 5.5.2-s6)
15:18:52 boot: chip revision: v0.4
15:18:52 boot: efuse block revision: v1.3
15:18:52 boot.esp32c3: SPI Speed      : 80MHz
15:18:52 boot.esp32c3: SPI Mode       : DIO
15:18:52 boot.esp32c3: SPI Flash Size : 8MB
15:18:52 boot: Enabling RNG early entropy source...
15:18:52 boot: Partition Table @ 0x10000 (a00c9381):
15:18:52 boot: ## Label            Usage          Type ST Offset   Length   F
15:18:52 boot:  0 otadata          OTA data         01 00 00011000 00002000 1
15:18:52 boot:  1 nvs              WiFi data        01 02 00014000 0000c000 0
15:18:52 boot:  2 app_0            OTA app          00 10 00020000 00300000 1
15:18:52 boot:  3 fs_0             FS               01 82 00320000 000e0000 1
15:18:52 boot:  4 app_1            OTA app          00 11 00400000 00300000 1
15:18:52 boot:  5 fs_1             FS               01 82 00700000 000e0000 1
15:18:52 boot:  6 scratch          Unknown data     01 80 007e0000 00010000 1
15:18:52 boot:  7 shelly           Factory data     01 88 007f0000 00010000 1
15:18:52 boot: End of partition table
15:18:52 shos_ota: Read BS0: seq 2609240005 as 1 rs 0 ba 2 mfs 0 c 1 | v 1
15:18:52 shos_ota: Read BS1: seq 2609240005 as 1 rs 0 ba 2 mfs 0 c 1 | v 1
15:18:52 shos_ota: Booting app 1
15:18:52 esp_image: segment 0: paddr=00400020 vaddr=3c230020 size=475dch (292316) map
15:18:52 esp_image: segment 1: paddr=00447604 vaddr=3fc91e00 size=02d48h ( 11592) load
15:18:52 esp_image: segment 2: paddr=0044a354 vaddr=40380000 size=05cc4h ( 23748) load
15:18:52 esp_image: segment 3: paddr=00450020 vaddr=42000020 size=22a570h (2270576) map
15:18:53 esp_image: segment 4: paddr=0067a598 vaddr=40385cc4 size=0c078h ( 49272) load
15:18:53 esp_image: segment 5: paddr=00686618 vaddr=50000280 size=00020h (    32) load
15:18:53 boot: Loaded app from partition at offset 0x400000
15:18:53 boot: Disabling RNG early entropy source...
15:18:53 cpu_start: Unicore app
15:18:53 cpu_start: GPIO 20 and 21 are used as console UART I/O pins
15:18:53 cpu_start: Pro cpu start user code
15:18:53 cpu_start: cpu freq: 160000000 Hz
15:18:53 app_init: Application information:
15:18:53 app_init: Project name:     XC3
15:18:53 app_init: App version:      2.0.0
15:18:53 app_init: ELF file SHA256:  6c563b670...
15:18:53 app_init: ESP-IDF:          5.5.4-s2
15:18:53 efuse_init: Min chip rev:     v0.3
15:18:53 efuse_init: Max chip rev:     v1.99 
15:18:53 efuse_init: Chip rev:         v0.4
15:18:53 heap_init: Initializing. RAM available for dynamic allocation:
15:18:53 heap_init: At 3FC9B8E0 len 00024720 (145 KiB): RAM
15:18:53 heap_init: At 3FCC0000 len 0001C710 (113 KiB): Retention RAM
15:18:53 heap_init: At 3FCDC710 len 00002950 (10 KiB): Retention RAM
15:18:53 heap_init: At 500002A0 len 00001D38 (7 KiB): RTCRAM
15:18:53 spi_flash: detected chip: gd
15:18:53 spi_flash: flash io: qio
15:18:53 sleep_gpio: Configure to isolate all GPIO pins in sleep state
15:18:53 sleep_gpio: Enable automatic switching of GPIO sleep configuration
15:18:53 I shos_freertos.c:45      XC3 2.0.0 (20260921-060046/2.0.0-beta11xciohttpfix-g35669f3)
15:18:53 I shos_freertos.c:46      CPU: 160 MHz, FreeRTOS 10.5.1, heap: 280728 total, 246700 free
15:18:53 I shos_esp32xx_main.c:100 ESP-IDF 5.5.4-s2; pt @ 0x10000; boot part: app_1; flash: 8M
15:18:53 I shos_vfs_dev.c:73       otadata: esp32part ({"label": "otadata"}), size 8192
15:18:53 I shos_vfs_dev.c:73       nvs: esp32part ({"label": "nvs"}), size 49152
15:18:53 I shos_vfs_dev.c:73       app_0: esp32part ({"label": "app_0"}), size 3145728
15:18:53 I shos_vfs_dev.c:73       fs_0: esp32part ({"label": "fs_0"}), size 917504
15:18:53 I shos_vfs_dev.c:73       app_1: esp32part ({"label": "app_1"}), size 3145728
15:18:53 I shos_vfs_dev.c:73       fs_1: esp32part ({"label": "fs_1"}), size 917504
15:18:53 I shos_vfs_dev.c:73       scratch: esp32part ({"label": "scratch"}), size 65536
15:18:53 I shos_vfs_dev.c:73       shelly: esp32part ({"label": "shelly"}), size 65536
15:18:53 I shos_vfs.c:182          /: LFS @ fs_1, opts {"bs":4096,"is":128}
15:18:53 I shos_vfs_lfs.c:58       LFS 2.1 size 917504 bs 4096 is 128 cs 128 => 0
15:18:53 I shos_vfs.c:357          /: size 917504, used: 524288, free: 393216
15:18:53 I shos_sys_config.c:180   MAC: 54:32:04:51:63:34
15:18:53 I shos_sys_config.c:196   Time: 0, LKGT: 0
15:18:53 I shos_time.cpp:65        Setting LKGT from build time (1789970446.000 delta +1789970446.000)
15:18:53 I shos_time.cpp:65        Setting time from LKGT (1789970446.000 delta +1789970445.751)
15:18:53 I shos_wifi.c:257         WiFi mode: AP
15:18:53 I pp                      pp rom version: 9387209
15:18:53 I net80211                net80211 rom version: 9387209
15:18:53 I wifi                    I (1044) wifi:wifi driver task: 3fcaa368, prio:23, stack:6656, core=0
15:18:53 I wifi                    I (1054) wifi:wifi firmware version: 0947e8b
15:18:53 I wifi                    I (1054) wifi:wifi certification version: v7.0
15:18:53 I wifi                    I (1064) wifi:config NVS flash: enabled
15:18:53 I wifi                    I (1074) wifi:config nano formatting: disabled
15:18:53 I wifi                    I (1074) wifi:Init data frame dynamic rx buffer num: 4
15:18:53 I wifi                    I (1084) wifi:Init static rx mgmt buffer num: 5
15:18:53 I wifi                    I (1094) wifi:Init management short buffer num: 32
15:18:53 I wifi                    I (1094) wifi:Init dynamic tx buffer num: 4
15:18:53 I wifi                    I (1104) wifi:Init static tx FG buffer num: 2
15:18:53 I wifi                    I (1114) wifi:Init static rx buffer size: 1600
15:18:53 I wifi                    I (1114) wifi:Init static rx buffer num: 4
15:18:53 I wifi                    I (1124) wifi:Init dynamic rx buffer num: 4
15:18:53 I wifi_init               rx ba win: 4
15:18:53 I os_esp32xx_wifi.cpp:468 WiFi AP: SSID apq11dev-543204516334, channel 10
15:18:53 I phy_init                phy_version 1232,d493f299,Aug 25 2025,19:01:20
15:18:53 I wifi                    I (1184) wifi:mode : softAP (54:32:04:51:63:35)
15:18:53 I wifi                    I (1194) wifi:Total power save buffer number: 2
15:18:53 I wifi                    I (1194) wifi:Init max length of beacon: 752/752
15:18:53 I wifi                    I (1204) wifi:Init max length of beacon: 752/752
15:18:53 I hos_lwip_eth_if.cpp:298 wa(0x3fcaf908): MAC: 54:32:04:51:63:35, MTU: 1500, IP: 192.168.33.1/255.255.255.0 gw 192.168.33.1 (server)
15:18:53 I shos_lwip.cpp:204       wa(0x3fcaf908): Added
15:18:53 I shos_lwip.cpp:214       wa(0x3fcaf908): Status up
15:18:53 I shos_lwip.cpp:228       wa(0x3fcaf908): IPv6 addrs: fe80::5632:4ff:fe51:6335,t0
15:18:53 I hos_http_server.cpp:201 Listening on 0.0.0.0:80
15:18:53 I _rpc_channel_mqtt.c:215 0x3fcafcf8 apq11dev-543204516334/rpc
15:18:53 I _rpc_channel_uart.c:297 0x3fcaffa0 UART0
15:18:53 I lly_factory_data.cpp:69 Factory data (config): version 2, model=S3XT-0S batch=XC3-dev-001 key=(282 bytes)
15:18:53 I shelly_xmod.cpp:344     xmod: deviceid apq11dev-????????????
15:18:53 I shelly_xmod.cpp:481     xmod: "Q11 DevKit test" by "Ampere Point" (v2)
15:18:53 I shelly.cpp:569          Shelly init
15:18:53 I shos_lwip.cpp:210       wa(0x3fcaf908): Link up
15:18:53 I hos_lwip_eth_if.cpp:563 Starting: wa(0x3fcaf908) DHCP server
15:18:53 I wip_dhcp_server.cpp:103 wa(0x3fcaf908): DHCP server: 192.168.33.2 - 192.168.33.100, t 600
15:18:53 I shelly.cpp:494          Reset reason: ESP_RST_SW RestartInfo flags: 0x0001 Quick restarts: 2
15:18:53 I shelly_sys.cpp:1022     Provision: unmanaged requested, 0 -> 4
15:18:53 I pm                      Frequency switching config: CPU_MAX: 160, APB_MAX: 160, APB_MIN: 160, Light sleep: DISABLED
15:18:53 I shelly_sys.cpp:884      Eco mode disabled
15:18:54 I helly_bluetooth.cpp:569 Provision state: 4, was_online: 0
15:18:54 I shelly_scripts.cpp:84   Loaded 0 scripts
15:18:54 I ponents_storage.cpp:116 Dynamic components storage init
15:18:54 I y_replay_tracker.hpp:88 BTHR: loaded 0 counters
15:18:54 I elly_xmod_xc_sys.cpp:55 sys.btn: io=9 gpio=9
15:18:54 I elly_xmod_xc_sys.cpp:65 sys.led: io=8 gpio=8 t=2
15:18:54 I shelly_xmod_xc.cpp:192  xc: mod=DevKitM-1 io=[0,1,-1,3,4,5,6,7,8,9,10,-1,-1,-1,-1,-1,-1,-1,18,19]
15:18:54 I lly_xmod_xc_tmcu.cpp:73 Creating tmcu: uart=1 rx=5 tx=4 baud=9600
15:18:54 E shos_event.cpp:189      Group STY is aready registered
15:18:54 I shelly_tmcu.cpp:416     tmcu uart=1 rx=5 tx=4 baud=9600
15:18:54 I shelly_modbus.cpp:643   Started ModbusTCP server on port 502
15:18:54 I luetooth_server.cpp:185 BLE advertising enabled (RPC 1/0, auth 0, disc 1, locked 0, svcs 2, bond 0)
15:18:54 I shos_init.cpp:66        Init done, RAM: 278040 total, 138356 free, 133144 min free
15:18:54 I 2xx_ota_backend.cpp:837 Not storing core dumps
15:18:54 I BLE_INIT                BT controller compile version [b7de11e]
15:18:54 I BLE_INIT                Put all controller code in flash
15:18:54 I BLE_INIT                Using main XTAL as clock source
15:18:54 W BLE_INIT                light sleep mode will not be able to apply when bluetooth is enabled.
15:18:54 I BLE_INIT                Bluetooth MAC: 54:32:04:51:63:36
15:18:54 I shos_bt_nimble.cpp:226  Bluetooth init ok, MTU 247
15:18:54 I bt_nimble_store.cpp:240 BT bonding disabled (0 of 20)
15:18:54 I shos_init.cpp:108       New min heap free: 113996
15:18:54 I luetooth_server.cpp:185 BLE advertising enabled (RPC 1/0, auth 0, disc 1, locked 0, svcs 2, bond 0)
15:18:54 I y_notifications.cpp:213 Event from sys: {"component":"sys","event":"provision_unmanaged","ts":1789970446.44}
15:18:54 I luetooth_server.cpp:185 BLE advertising enabled (RPC 1/0, auth 0, disc 1, locked 0, svcs 2, bond 0)
15:18:54 I y_notifications.cpp:213 Event from ble: {"component":"ble","event":"config_changed","restart_required":false,"ts":1789970446.55,"cfg_rev":1}
15:18:54 I y_notifications.cpp:168 Status change of sys: {"cfg_rev":1}
15:18:54 I y_notifications.cpp:168 Status change of service:0: {"dev_mode":true}
15:18:54 I y_notifications.cpp:168 Status change of sys: {"provisioning":null}
15:18:54 I shos_init.cpp:108       New min heap free: 113588
15:18:54 I shos_init.cpp:108       New min heap free: 113404
15:18:54 I shos_init.cpp:108       New min heap free: 113108
15:18:54 I shos_init.cpp:108       New min heap free: 112956
15:18:54 I bt_nimble_store.cpp:641 Generated IRK
15:18:54 I shos_lwip.cpp:228       wa(0x3fcaf908): IPv6 addrs: fe80::5632:4ff:fe51:6335,t1
15:18:54 I shos_bt_nimble.cpp:138  BLE MAC: 54:32:04:51:63:36
15:18:54 I luetooth_server.cpp:185 BLE advertising enabled (RPC 1/0, auth 0, disc 1, locked 0, svcs 2, bond 0)
15:18:54 I y_notifications.cpp:168 Status change of ble: {"flags":["advertising"]}
15:18:54 I shelly_service.cpp:160  service:0: Load: NOT_FOUND: Argument 'component: Service:service:0' not found!
15:18:54 I shelly_service.cpp:172  service:0: Install -> NOT_FOUND: service:0: no manifest : error opening svc_0.mf
15:18:54 I shelly_service.cpp:483  service:0: state init -> terminated; ntf? 1
15:18:54 I y_notifications.cpp:168 Status change of service:0: {"state":"terminated"}
15:18:54 I bt_nimble_gatts.cpp:364 CONNECT f4:26:79:20:c5:ff,p ch 1 st 0 PM 247 M 23
15:18:54 I luetooth_server.cpp:185 BLE advertising enabled (RPC 1/0, auth 0, disc 1, locked 0, svcs 2, bond 0)
15:18:54 I y_notifications.cpp:168 Status change of ble: {"flags":["advertising","connected"]}
15:18:54 I shos_init.cpp:108       New min heap free: 112924
15:18:55 I shos_lwip.cpp:228       wa(0x3fcaf908): IPv6 addrs: fe80::5632:4ff:fe51:6335,P
15:18:55 I shos_init.cpp:108       New min heap free: 111948
15:18:55 I shos_init.cpp:108       New min heap free: 111768
15:18:55 W shelly_tmcu.cpp:507     Heartbeat timed out!
15:18:55 I shos_rpc_inst.c:241     Shelly.GetDeviceInfo [46885231@ShellyRPC] via GATTS peer f4:26:79:20:c5:ff,p
15:18:56 I shos_init.cpp:108       New min heap free: 110856
15:18:56 I shos_rpc_inst.c:241     Shelly.GetDeviceInfo [75015002@ShellyRPC] via GATTS peer f4:26:79:20:c5:ff,p
15:18:56 I shos_init.cpp:108       New min heap free: 110572
15:18:56 I ns_sd_responder.cpp:236 wa(0x3fcaf908): Announced shelly.local any@WiFi AP (192.168.33.1)
15:18:56 I ns_sd_responder.cpp:236 wa(0x3fcaf908): Announced apq11dev-543204516334.local any@any (192.168.33.1)
15:18:56 I shos_init.cpp:108       New min heap free: 110532
15:18:56 W shelly_tmcu.cpp:507     Heartbeat timed out!
15:18:57 I shos_init.cpp:108       New min heap free: 110460
15:18:57 I ns_sd_responder.cpp:236 wa(0x3fcaf908): Announced shelly.local any@WiFi AP (fe80::5632:4ff:fe51:6335)
15:18:57 W shelly_tmcu.cpp:507     Heartbeat timed out!
15:18:57 I ns_sd_responder.cpp:236 wa(0x3fcaf908): Announced apq11dev-543204516334.local any@any (fe80::5632:4ff:fe51:6335)
15:18:58 I shos_init.cpp:108       New min heap free: 110316
15:18:58 W shelly_tmcu.cpp:507     Heartbeat timed out!
15:18:59 W shelly_tmcu.cpp:507     Heartbeat timed out!
15:19:00 W shelly_tmcu.cpp:507     Heartbeat timed out!
15:19:01 I shos_init.cpp:108       New min heap free: 110220
15:19:01 I shos_init.cpp:108       New min heap free: 110020
15:19:01 I shos_init.cpp:108       New min heap free: 109804
15:19:01 W shelly_tmcu.cpp:507     Heartbeat timed out!
15:19:01 I shos_init.cpp:108       New min heap free: 109548
15:19:02 I shos_init.cpp:108       New min heap free: 109356
15:19:02 I shos_init.cpp:108       New min heap free: 109164
15:19:02 I shos_init.cpp:108       New min heap free: 108972
15:19:02 W shelly_tmcu.cpp:507     Heartbeat timed out!
15:19:03 I shos_init.cpp:108       New min heap free: 108780
15:19:03 I shos_init.cpp:108       New min heap free: 108588
15:19:03 I shos_init.cpp:108       New min heap free: 108396
15:19:04 W shelly_tmcu.cpp:507     Heartbeat timed out!
15:19:04 I shos_init.cpp:108       New min heap free: 108204
15:19:04 I shos_init.cpp:108       New min heap free: 108012
15:19:04 I shos_init.cpp:108       New min heap free: 107820
15:19:04 W shelly_tmcu.cpp:507     Heartbeat timed out!
15:19:05 I shos_init.cpp:108       New min heap free: 107628
15:19:05 I shos_init.cpp:108       New min heap free: 107428
15:19:05 I shos_init.cpp:108       New min heap free: 107244
15:19:05 I shos_init.cpp:108       New min heap free: 107052
15:19:05 W shelly_tmcu.cpp:507     Heartbeat timed out!
15:19:06 I shos_init.cpp:108       New min heap free: 106860
15:19:06 I shos_init.cpp:108       New min heap free: 106604
15:19:06 I shos_init.cpp:108       New min heap free: 106348
15:19:06 W shelly_tmcu.cpp:507     Heartbeat timed out!
15:19:07 I shos_init.cpp:108       New min heap free: 106220
15:19:07 I shos_init.cpp:108       New min heap free: 105964
15:19:07 I shos_init.cpp:108       New min heap free: 105836
15:19:07 W shelly_tmcu.cpp:507     Heartbeat timed out!
15:19:07 I shos_init.cpp:108       New min heap free: 105580
15:19:08 I shos_init.cpp:108       New min heap free: 105452
15:19:08 I shos_init.cpp:108       New min heap free: 105196
15:19:08 I shos_init.cpp:108       New min heap free: 105068
15:19:08 W shelly_tmcu.cpp:507     Heartbeat timed out!
15:19:09 I shos_init.cpp:108       New min heap free: 104812
15:19:09 I shos_init.cpp:108       New min heap free: 104684
15:19:09 I shos_init.cpp:108       New min heap free: 104428
15:19:09 W shelly_tmcu.cpp:507     Heartbeat timed out!
15:19:10 I shos_init.cpp:108       New min heap free: 104300
15:19:10 I shos_rpc_inst.c:241     Service.PutFile [98467697@ShellyRPC] via GATTS peer f4:26:79:20:c5:ff,p
15:19:10 I shelly_rpc_util.cpp:115 Receiving svc_0.mf
15:19:10 I shos_init.cpp:108       New min heap free: 104044
15:19:10 W shelly_tmcu.cpp:507     Heartbeat timed out!
15:19:11 W shelly_tmcu.cpp:507     Heartbeat timed out!
15:19:12 I shos_rpc_inst.c:241     Service.PutFile [74276923@ShellyRPC] via GATTS peer f4:26:79:20:c5:ff,p
15:19:12 W shelly_tmcu.cpp:507     Heartbeat timed out!
15:19:14 W shelly_tmcu.cpp:507     Heartbeat timed out!
15:19:14 W shelly_tmcu.cpp:507     Heartbeat timed out!
15:19:15 W shelly_tmcu.cpp:507     Heartbeat timed out!
15:19:16 W shelly_tmcu.cpp:507     Heartbeat timed out!
15:19:17 W shelly_tmcu.cpp:507     Heartbeat timed out!
15:19:18 W shelly_tmcu.cpp:507     Heartbeat timed out!
15:19:19 W shelly_tmcu.cpp:507     Heartbeat timed out!
15:19:20 W shelly_tmcu.cpp:507     Heartbeat timed out!
15:19:21 W shelly_tmcu.cpp:507     Heartbeat timed out!
15:19:22 W shelly_tmcu.cpp:507     Heartbeat timed out!
15:19:23 W shelly_tmcu.cpp:507     Heartbeat timed out!
15:19:24 W shelly_tmcu.cpp:507     Heartbeat timed out!
15:19:25 W shelly_tmcu.cpp:507     Heartbeat timed out!
15:19:26 I shos_rpc_inst.c:241     Service.PutFile [8432197@ShellyRPC] via GATTS peer f4:26:79:20:c5:ff,p
15:19:26 I shelly_rpc_util.cpp:115 Receiving svc_0.js
15:19:26 W shelly_tmcu.cpp:507     Heartbeat timed out!
15:19:27 W shelly_tmcu.cpp:507     Heartbeat timed out!
15:19:28 W shelly_tmcu.cpp:507     Heartbeat timed out!
15:19:29 W shelly_tmcu.cpp:507     Heartbeat timed out!
15:19:30 W shelly_tmcu.cpp:507     Heartbeat timed out!
15:19:31 W shelly_tmcu.cpp:507     Heartbeat timed out!
15:19:32 W shelly_tmcu.cpp:507     Heartbeat timed out!
15:19:33 W shelly_tmcu.cpp:507     Heartbeat timed out!
15:19:34 W shelly_tmcu.cpp:507     Heartbeat timed out!
15:19:36 W shelly_tmcu.cpp:507     Heartbeat timed out!
15:19:36 W shelly_tmcu.cpp:507     Heartbeat timed out!
15:19:37 I shos_rpc_inst.c:241     Service.PutFile [42630262@ShellyRPC] via GATTS peer f4:26:79:20:c5:ff,p
15:19:37 W shelly_tmcu.cpp:507     Heartbeat timed out!
15:19:38 W shelly_tmcu.cpp:507     Heartbeat timed out!
15:19:39 W shelly_tmcu.cpp:507     Heartbeat timed out!
15:19:40 W shelly_tmcu.cpp:507     Heartbeat timed out!
15:19:41 W shelly_tmcu.cpp:507     Heartbeat timed out!
15:19:42 W shelly_tmcu.cpp:507     Heartbeat timed out!
15:19:43 W shelly_tmcu.cpp:507     Heartbeat timed out!
15:19:44 W shelly_tmcu.cpp:507     Heartbeat timed out!
15:19:45 W shelly_tmcu.cpp:507     Heartbeat timed out!
15:19:46 W shelly_tmcu.cpp:507     Heartbeat timed out!
15:19:47 W shelly_tmcu.cpp:507     Heartbeat timed out!
15:19:48 W shelly_tmcu.cpp:507     Heartbeat timed out!
15:19:49 W shelly_tmcu.cpp:507     Heartbeat timed out!
15:19:50 W shelly_tmcu.cpp:507     Heartbeat timed out!
15:19:51 I shos_rpc_inst.c:241     Service.PutFile [33110947@ShellyRPC] via GATTS peer f4:26:79:20:c5:ff,p
15:19:51 I shelly_rpc_util.cpp:115 Receiving svc_0.ui.gz
15:19:51 W shelly_tmcu.cpp:507     Heartbeat timed out!
15:19:52 W shelly_tmcu.cpp:507     Heartbeat timed out!
15:19:53 W shelly_tmcu.cpp:507     Heartbeat timed out!
15:19:54 W shelly_tmcu.cpp:507     Heartbeat timed out!
15:19:55 W shelly_tmcu.cpp:507     Heartbeat timed out!
15:19:56 W shelly_tmcu.cpp:507     Heartbeat timed out!
15:19:57 W shelly_tmcu.cpp:507     Heartbeat timed out!
15:19:58 W shelly_tmcu.cpp:507     Heartbeat timed out!
15:20:00 W shelly_tmcu.cpp:507     Heartbeat timed out!
15:20:00 W shelly_tmcu.cpp:507     Heartbeat timed out!
15:20:01 W shelly_tmcu.cpp:507     Heartbeat timed out!
15:20:02 W shelly_tmcu.cpp:507     Heartbeat timed out!
15:20:03 W shelly_tmcu.cpp:507     Heartbeat timed out!
15:20:04 W shelly_tmcu.cpp:507     Heartbeat timed out!
15:20:04 I shos_rpc_inst.c:241     Service.PutFile [31321146@ShellyRPC] via GATTS peer f4:26:79:20:c5:ff,p
15:20:05 W shelly_tmcu.cpp:507     Heartbeat timed out!
15:20:06 W shelly_tmcu.cpp:507     Heartbeat timed out!
15:20:07 W shelly_tmcu.cpp:507     Heartbeat timed out!
15:20:08 W shelly_tmcu.cpp:507     Heartbeat timed out!
15:20:10 W shelly_tmcu.cpp:507     Heartbeat timed out!
15:20:11 W shelly_tmcu.cpp:507     Heartbeat timed out!
15:20:11 W shelly_tmcu.cpp:507     Heartbeat timed out!
15:20:12 W shelly_tmcu.cpp:507     Heartbeat timed out!
15:20:13 W shelly_tmcu.cpp:507     Heartbeat timed out!
15:20:14 W shelly_tmcu.cpp:507     Heartbeat timed out!
15:20:15 W shelly_tmcu.cpp:507     Heartbeat timed out!
15:20:16 W shelly_tmcu.cpp:507     Heartbeat timed out!
15:20:17 W shelly_tmcu.cpp:507     Heartbeat timed out!
15:20:18 I shos_rpc_inst.c:241     Service.PutFile [35008265@ShellyRPC] via GATTS peer f4:26:79:20:c5:ff,p
15:20:18 W shelly_tmcu.cpp:507     Heartbeat timed out!
15:20:19 W shelly_tmcu.cpp:507     Heartbeat timed out!
15:20:20 W shelly_tmcu.cpp:507     Heartbeat timed out!
15:20:21 W shelly_tmcu.cpp:507     Heartbeat timed out!
15:20:22 W shelly_tmcu.cpp:507     Heartbeat timed out!
15:20:23 W shelly_tmcu.cpp:507     Heartbeat timed out!
15:20:24 W shelly_tmcu.cpp:507     Heartbeat timed out!
15:20:25 W shelly_tmcu.cpp:507     Heartbeat timed out!
15:20:26 I shos_rpc_inst.c:241     Service.PutFile [85700173@ShellyRPC] via GATTS peer f4:26:79:20:c5:ff,p
15:20:26 W shelly_tmcu.cpp:507     Heartbeat timed out!
15:20:27 I shos_rpc_inst.c:241     Service.Install [30685539@ShellyRPC] via GATTS peer f4:26:79:20:c5:ff,p
15:20:27 I shelly_virtual.cpp:156  adding number want -1 args {"o":"service:0","a":{"e":[["service:0","*"]],"d":14},"r":"current_limit","c3":{"name":"Current limit","min":6,"max":16,"meta":"{\"cloud\":[\"log\"],\"ui\":{\"view\":\"slider\",\"unit\":\"A\",\"step\":1}}","persisted":true,"default_value":16}}
15:20:27 I ponents_storage.cpp:469 Dynamic components storage committed Virtual:number:200
15:20:27 I elly_vc_manager.cpp:198 add current_limit [number:200] cfg={"name":"Current limit","min":6,"max":16,"default_value":16,"meta":{"cloud":["log"],"ui":{"view":"slider","unit":"A","step":1}},"persisted":true}
15:20:27 I shelly_virtual.cpp:156  adding enum want -1 args {"o":"service:0","a":{"e":[["service:0","*"]],"d":10},"r":"mode","c3":{"name":"Charger mode","options":"[\"charger_free\",\"charger_insert\",\"charger_free_fault\",\"charger_wait\",\"charger_charging\",\"charger_pause\",\"charger_end\",\"charger_fault\"]","meta":"{\"cloud\":[\"log\"],\"ui\":{\"view\":\"label\",\"titles\":{\"charger_free\":\"Free\",\"charger_insert\":\"Insert\",\"charger_free_fault\":\"Free fault\",\"charger_wait\":\"Wait\",\"charger_charging\":\"Charging\",\"charger_pause\":\"Pause\",\"charger_end\":\"End\",\"charger_fault\":\"Fault\"}}}","default_value":"\"charger_free\""}}
15:20:27 I ponents_storage.cpp:469 Dynamic components storage committed Virtual:enum:200
15:20:28 I elly_vc_manager.cpp:198 add mode [enum:200] cfg={"name":"Charger mode","options":["charger_free","charger_insert","charger_free_fault","charger_wait","charger_charging","charger_pause","charger_end","charger_fault"],"default_value":"charger_free","meta":{"cloud":["log"],"ui":{"view":"label","titles":{"charger_free":"Free","charger_insert":"Insert","charger_free_fault":"Free fault","charger_wait":"Wait","charger_charging":"Charging","charger_pause":"Pause","charger_end":"End","charger_fault":"Fault"}}}}
15:20:28 I shelly_virtual.cpp:156  adding object want -1 args {"o":"service:0","a":{"e":[["service:0","*"]],"d":10},"r":"phase_info","c3":{"name":"Consumption","meta":"{\"cloud\":[\"bymin\"],\"ui\":{\"unit\":\"kWh\"}}"}}
15:20:28 I ponents_storage.cpp:469 Dynamic components storage committed Virtual:object:200
15:20:28 I elly_vc_manager.cpp:198 add phase_info [object:200] cfg={"name":"Consumption","meta":{"cloud":["bymin"],"ui":{"unit":"kWh"}}}
15:20:28 I shelly_virtual.cpp:156  adding number want -1 args {"o":"service:0","a":{"e":[["service:0","*"]],"d":10},"r":"session_duration","c3":{"name":"Session duration","min":0,"max":50000,"meta":"{\"cloud\":[\"log\"],\"ui\":{\"view\":\"label\",\"unit\":\"min\"}}"}}
15:20:28 I ponents_storage.cpp:469 Dynamic components storage committed Virtual:number:201
15:20:28 I elly_vc_manager.cpp:198 add session_duration [number:201] cfg={"name":"Session duration","default_value":0,"min":0,"max":50000,"meta":{"cloud":["log"],"ui":{"view":"label","unit":"min"}}}
15:20:28 I shelly_virtual.cpp:156  adding number want -1 args {"o":"service:0","a":{"e":[["service:0","*"]],"d":10},"r":"session_energy","c3":{"name":"Session energy","min":0,"max":9999999999,"meta":"{\"cloud\":[\"log\"],\"ui\":{\"view\":\"label\",\"unit\":\"kWh\"}}"}}
15:20:28 I ponents_storage.cpp:469 Dynamic components storage committed Virtual:number:202
15:20:28 I elly_vc_manager.cpp:198 add session_energy [number:202] cfg={"name":"Session energy","default_value":0,"min":0,"max":9999999999,"meta":{"cloud":["log"],"ui":{"view":"label","unit":"kWh"}}}
15:20:28 I shelly_virtual.cpp:156  adding boolean want -1 args {"o":"service:0","a":{"e":[["service:0","*"]],"d":14},"r":"state","c3":{"name":"Charging","meta":"{\"cloud\":[\"log\"],\"ui\":{\"view\":\"toggle\",\"titles\":[\"Off\",\"On\"]}}","persisted":true}}
15:20:28 I ponents_storage.cpp:469 Dynamic components storage committed Virtual:boolean:200
15:20:29 I elly_vc_manager.cpp:198 add state [boolean:200] cfg={"name":"Charging","default_value":false,"persisted":true,"meta":{"cloud":["log"],"ui":{"view":"toggle","titles":["Off","On"]}}}
15:20:29 I ponents_storage.cpp:469 Dynamic components storage committed Service:service:0
15:20:29 I shelly_service.cpp:358  service:0: ADD {"etag":"518130b7f9fadec0fb7ec503888ee395"} OK
15:20:29 I shos_system.c:66        Rebooting in 1000 ms
15:20:29 I shelly_service.cpp:483  service:0: state terminated -> terminated; ntf? 1
15:20:29 I shelly_service.cpp:365  service:0 installed (took 1.793272 s), rebooting...
15:20:29 I shos_init.cpp:108       New min heap free: 95564
15:20:29 W shelly_tmcu.cpp:507     Heartbeat timed out!
15:20:29 I y_notifications.cpp:168 Status change of sys: {"cfg_rev":2}
15:20:29 I y_notifications.cpp:213 Event from sys: {"component":"sys","event":"component_added","target":"number:200","restart_required":false,"ts":1789970540.36,"cfg_rev":7}
15:20:29 I y_notifications.cpp:168 Status change of sys: {"cfg_rev":3}
15:20:29 I y_notifications.cpp:213 Event from sys: {"component":"sys","event":"component_added","target":"enum:200","restart_required":false,"ts":1789970540.62,"cfg_rev":7}
15:20:29 I y_notifications.cpp:168 Status change of sys: {"cfg_rev":4}
15:20:29 I y_notifications.cpp:213 Event from sys: {"component":"sys","event":"component_added","target":"object:200","restart_required":false,"ts":1789970540.88,"cfg_rev":7}
15:20:29 I y_notifications.cpp:168 Status change of sys: {"cfg_rev":5}
15:20:29 I y_notifications.cpp:213 Event from sys: {"component":"sys","event":"component_added","target":"number:201","restart_required":false,"ts":1789970541.12,"cfg_rev":7}
15:20:29 I y_notifications.cpp:168 Status change of sys: {"cfg_rev":6}
15:20:29 I y_notifications.cpp:213 Event from sys: {"component":"sys","event":"component_added","target":"number:202","restart_required":false,"ts":1789970541.38,"cfg_rev":7}
15:20:29 I y_notifications.cpp:168 Status change of sys: {"cfg_rev":7}
15:20:29 I y_notifications.cpp:213 Event from sys: {"component":"sys","event":"component_added","target":"boolean:200","restart_required":false,"ts":1789970541.79,"cfg_rev":7}
15:20:29 I y_notifications.cpp:213 Event from sys: {"component":"sys", "event":"scheduled_restart", "time_ms": 777, "ts":1789970542.16}
15:20:30 I bt_nimble_gatts.cpp:401 DISCONNECT f4:26:79:20:c5:ff,p ch 1 reason 534
15:20:30 I luetooth_server.cpp:185 BLE advertising enabled (RPC 1/0, auth 0, disc 1, locked 0, svcs 2, bond 0)
15:20:30 I y_notifications.cpp:168 Status change of ble: {"flags":["advertising"]}
15:20:30 I shos_vfs.c:1104         Unmounting filesystems
15:20:30 I shos_lwip.cpp:214       wa(0x3fcaf908): Status down
15:20:30 I shos_lwip.cpp:207       wa(0x3fcaf908): Removed
15:20:30 I wifi                    I (97964) wifi:mode : null
15:20:30 I wifi                    I (97964) wifi:flush txq
15:20:30 I wifi                    I (97974) wifi:stop sw txq
15:20:30 I wifi                    I (97974) wifi:lmac stop hw txq
15:20:30 I shos_system.c:49        Restarting
15:20:30 ESP-ROM:esp32c3-api1-20210207
15:20:30 Build:Feb  7 2021
15:20:30 rst:0xc (RTC_SW_CPU_RST),boot:0xc (SPI_FAST_FLASH_BOOT)
15:20:30 Saved PC:0x42015d1c
15:20:30 SPIWP:0xee
15:20:30 mode:DIO, clock div:1
15:20:30 load:0x3fcd5820,len:0x1110
15:20:30 load:0x403cbf10,len:0x16c4
15:20:30 load:0x403ce710,len:0x2964
15:20:30 entry 0x403cbf1a
15:20:30 boot: Shelly OS loader 1.0.3 (IDF 5.5.2-s6)
15:20:30 boot: chip revision: v0.4
15:20:30 boot: efuse block revision: v1.3
15:20:30 boot.esp32c3: SPI Speed      : 80MHz
15:20:30 boot.esp32c3: SPI Mode       : DIO
15:20:30 boot.esp32c3: SPI Flash Size : 8MB
15:20:30 boot: Enabling RNG early entropy source...
15:20:30 boot: Partition Table @ 0x10000 (a00c9381):
15:20:30 boot: ## Label            Usage          Type ST Offset   Length   F
15:20:30 boot:  0 otadata          OTA data         01 00 00011000 00002000 1
15:20:30 boot:  1 nvs              WiFi data        01 02 00014000 0000c000 0
15:20:30 boot:  2 app_0            OTA app          00 10 00020000 00300000 1
15:20:30 boot:  3 fs_0             FS               01 82 00320000 000e0000 1
15:20:30 boot:  4 app_1            OTA app          00 11 00400000 00300000 1
15:20:30 boot:  5 fs_1             FS               01 82 00700000 000e0000 1
15:20:30 boot:  6 scratch          Unknown data     01 80 007e0000 00010000 1
15:20:30 boot:  7 shelly           Factory data     01 88 007f0000 00010000 1
15:20:30 boot: End of partition table
15:20:30 shos_ota: Read BS0: seq 2609240005 as 1 rs 0 ba 2 mfs 0 c 1 | v 1
15:20:30 shos_ota: Read BS1: seq 2609240005 as 1 rs 0 ba 2 mfs 0 c 1 | v 1
15:20:30 shos_ota: Booting app 1
15:20:30 esp_image: segment 0: paddr=00400020 vaddr=3c230020 size=475dch (292316) map
15:20:30 esp_image: segment 1: paddr=00447604 vaddr=3fc91e00 size=02d48h ( 11592) load
15:20:30 esp_image: segment 2: paddr=0044a354 vaddr=40380000 size=05cc4h ( 23748) load
15:20:30 esp_image: segment 3: paddr=00450020 vaddr=42000020 size=22a570h (2270576) map
15:20:30 esp_image: segment 4: paddr=0067a598 vaddr=40385cc4 size=0c078h ( 49272) load
15:20:30 esp_image: segment 5: paddr=00686618 vaddr=50000280 size=00020h (    32) load
15:20:30 boot: Loaded app from partition at offset 0x400000
15:20:30 boot: Disabling RNG early entropy source...
15:20:30 cpu_start: Unicore app
15:20:30 cpu_start: GPIO 20 and 21 are used as console UART I/O pins
15:20:30 cpu_start: Pro cpu start user code
15:20:30 cpu_start: cpu freq: 160000000 Hz
15:20:30 app_init: Application information:
15:20:30 app_init: Project name:     XC3
15:20:30 app_init: App version:      2.0.0
15:20:30 app_init: ELF file SHA256:  6c563b670...
15:20:30 app_init: ESP-IDF:          5.5.4-s2
15:20:30 efuse_init: Min chip rev:     v0.3
15:20:30 efuse_init: Max chip rev:     v1.99 
15:20:30 efuse_init: Chip rev:         v0.4
15:20:30 heap_init: Initializing. RAM available for dynamic allocation:
15:20:30 heap_init: At 3FC9B8E0 len 00024720 (145 KiB): RAM
15:20:30 heap_init: At 3FCC0000 len 0001C710 (113 KiB): Retention RAM
15:20:30 heap_init: At 3FCDC710 len 00002950 (10 KiB): Retention RAM
15:20:30 heap_init: At 500002A0 len 00001D38 (7 KiB): RTCRAM
15:20:30 spi_flash: detected chip: gd
15:20:30 spi_flash: flash io: qio
15:20:30 sleep_gpio: Configure to isolate all GPIO pins in sleep state
15:20:30 sleep_gpio: Enable automatic switching of GPIO sleep configuration
15:20:30 I shos_freertos.c:45      XC3 2.0.0 (20260921-060046/2.0.0-beta11xciohttpfix-g35669f3)
15:20:30 I shos_freertos.c:46      CPU: 160 MHz, FreeRTOS 10.5.1, heap: 280728 total, 246700 free
15:20:30 I shos_esp32xx_main.c:100 ESP-IDF 5.5.4-s2; pt @ 0x10000; boot part: app_1; flash: 8M
15:20:31 I shos_vfs_dev.c:73       otadata: esp32part ({"label": "otadata"}), size 8192
15:20:31 I shos_vfs_dev.c:73       nvs: esp32part ({"label": "nvs"}), size 49152
15:20:31 I shos_vfs_dev.c:73       app_0: esp32part ({"label": "app_0"}), size 3145728
15:20:31 I shos_vfs_dev.c:73       fs_0: esp32part ({"label": "fs_0"}), size 917504
15:20:31 I shos_vfs_dev.c:73       app_1: esp32part ({"label": "app_1"}), size 3145728
15:20:31 I shos_vfs_dev.c:73       fs_1: esp32part ({"label": "fs_1"}), size 917504
15:20:31 I shos_vfs_dev.c:73       scratch: esp32part ({"label": "scratch"}), size 65536
15:20:31 I shos_vfs_dev.c:73       shelly: esp32part ({"label": "shelly"}), size 65536
15:20:31 I shos_vfs.c:182          /: LFS @ fs_1, opts {"bs":4096,"is":128}
15:20:31 I shos_vfs_lfs.c:58       LFS 2.1 size 917504 bs 4096 is 128 cs 128 => 0
15:20:31 I shos_vfs.c:357          /: size 917504, used: 548864, free: 368640
15:20:31 I shos_sys_config.c:180   MAC: 54:32:04:51:63:34
15:20:31 I shos_sys_config.c:196   Time: 0, LKGT: 1789970446
15:20:31 I shos_time.cpp:65        Setting time from LKGT (1789970446.000 delta +1789970445.763)
15:20:31 I shos_wifi.c:257         WiFi mode: AP
15:20:31 I pp                      pp rom version: 9387209
15:20:31 I net80211                net80211 rom version: 9387209
15:20:31 I wifi                    I (1022) wifi:wifi driver task: 3fcaa38c, prio:23, stack:6656, core=0
15:20:31 I wifi                    I (1032) wifi:wifi firmware version: 0947e8b
15:20:31 I wifi                    I (1032) wifi:wifi certification version: v7.0
15:20:31 I wifi                    I (1042) wifi:config NVS flash: enabled
15:20:31 I wifi                    I (1052) wifi:config nano formatting: disabled
15:20:31 I wifi                    I (1052) wifi:Init data frame dynamic rx buffer num: 4
15:20:31 I wifi                    I (1062) wifi:Init static rx mgmt buffer num: 5
15:20:31 I wifi                    I (1072) wifi:Init management short buffer num: 32
15:20:31 I wifi                    I (1072) wifi:Init dynamic tx buffer num: 4
15:20:31 I wifi                    I (1082) wifi:Init static tx FG buffer num: 2
15:20:31 I wifi                    I (1092) wifi:Init static rx buffer size: 1600
15:20:31 I wifi                    I (1092) wifi:Init static rx buffer num: 4
15:20:31 I wifi                    I (1102) wifi:Init dynamic rx buffer num: 4
15:20:31 I wifi_init               rx ba win: 4
15:20:31 I os_esp32xx_wifi.cpp:468 WiFi AP: SSID apq11dev-543204516334, channel 10
15:20:31 I phy_init                phy_version 1232,d493f299,Aug 25 2025,19:01:20
15:20:31 I wifi                    I (1162) wifi:mode : softAP (54:32:04:51:63:35)
15:20:31 I wifi                    I (1162) wifi:Total power save buffer number: 2
15:20:31 I wifi                    I (1172) wifi:Init max length of beacon: 752/752
15:20:31 I wifi                    I (1182) wifi:Init max length of beacon: 752/752
15:20:31 I hos_lwip_eth_if.cpp:298 wa(0x3fcaf888): MAC: 54:32:04:51:63:35, MTU: 1500, IP: 192.168.33.1/255.255.255.0 gw 192.168.33.1 (server)
15:20:31 I shos_lwip.cpp:204       wa(0x3fcaf888): Added
15:20:31 I shos_lwip.cpp:214       wa(0x3fcaf888): Status up
15:20:31 I shos_lwip.cpp:228       wa(0x3fcaf888): IPv6 addrs: fe80::5632:4ff:fe51:6335,t0
15:20:31 I hos_http_server.cpp:201 Listening on 0.0.0.0:80
15:20:31 I _rpc_channel_mqtt.c:215 0x3fcafcec apq11dev-543204516334/rpc
15:20:31 I _rpc_channel_uart.c:297 0x3fcaffac UART0
15:20:31 I lly_factory_data.cpp:69 Factory data (config): version 2, model=S3XT-0S batch=XC3-dev-001 key=(282 bytes)
15:20:31 I shelly_xmod.cpp:344     xmod: deviceid apq11dev-????????????
15:20:31 I shelly_xmod.cpp:481     xmod: "Q11 DevKit test" by "Ampere Point" (v2)
15:20:31 I shelly.cpp:569          Shelly init
15:20:31 I shos_lwip.cpp:210       wa(0x3fcaf888): Link up
15:20:31 I hos_lwip_eth_if.cpp:563 Starting: wa(0x3fcaf888) DHCP server
15:20:31 I wip_dhcp_server.cpp:103 wa(0x3fcaf888): DHCP server: 192.168.33.2 - 192.168.33.100, t 600
15:20:31 I shelly.cpp:494          Reset reason: ESP_RST_SW RestartInfo flags: 0x0001 Quick restarts: 1
15:20:31 I shelly_sys.cpp:1022     Provision: unmanaged requested, 0 -> 4
15:20:31 I pm                      Frequency switching config: CPU_MAX: 160, APB_MAX: 160, APB_MIN: 160, Light sleep: DISABLED
15:20:31 I shelly_sys.cpp:884      Eco mode disabled
15:20:31 I helly_bluetooth.cpp:569 Provision state: 4, was_online: 0
15:20:31 I shelly_scripts.cpp:84   Loaded 0 scripts
15:20:31 I ponents_storage.cpp:201 Loaded dynamic components storage (revision: 7, total: 7, free: 0, size 2304, error 0)
15:20:31 I y_replay_tracker.hpp:88 BTHR: loaded 0 counters
15:20:31 I elly_xmod_xc_sys.cpp:55 sys.btn: io=9 gpio=9
15:20:31 I elly_xmod_xc_sys.cpp:65 sys.led: io=8 gpio=8 t=2
15:20:31 I shelly_xmod_xc.cpp:192  xc: mod=DevKitM-1 io=[0,1,-1,3,4,5,6,7,8,9,10,-1,-1,-1,-1,-1,-1,-1,18,19]
15:20:31 I lly_xmod_xc_tmcu.cpp:73 Creating tmcu: uart=1 rx=5 tx=4 baud=9600
15:20:31 E shos_event.cpp:189      Group STY is aready registered
15:20:31 I shelly_tmcu.cpp:416     tmcu uart=1 rx=5 tx=4 baud=9600
15:20:31 I shelly_modbus.cpp:643   Started ModbusTCP server on port 502
15:20:31 I luetooth_server.cpp:185 BLE advertising enabled (RPC 1/0, auth 0, disc 1, locked 0, svcs 2, bond 0)
15:20:31 I shos_init.cpp:66        Init done, RAM: 278028 total, 138164 free, 132124 min free
15:20:32 I 2xx_ota_backend.cpp:837 Not storing core dumps
15:20:32 I shos_init.cpp:108       New min heap free: 130936
15:20:32 I BLE_INIT                BT controller compile version [b7de11e]
15:20:32 I BLE_INIT                Put all controller code in flash
15:20:32 I BLE_INIT                Using main XTAL as clock source
15:20:32 W BLE_INIT                light sleep mode will not be able to apply when bluetooth is enabled.
15:20:32 I BLE_INIT                Bluetooth MAC: 54:32:04:51:63:36
15:20:32 I shos_bt_nimble.cpp:226  Bluetooth init ok, MTU 247
15:20:32 I bt_nimble_store.cpp:240 BT bonding disabled (0 of 20)
15:20:32 I shos_init.cpp:108       New min heap free: 109728
15:20:32 I luetooth_server.cpp:185 BLE advertising enabled (RPC 1/0, auth 0, disc 1, locked 0, svcs 2, bond 0)
15:20:32 I y_notifications.cpp:213 Event from sys: {"component":"sys","event":"provision_unmanaged","ts":1789970446.44}
15:20:32 I y_notifications.cpp:168 Status change of service:0: {"dev_mode":true}
15:20:32 I y_notifications.cpp:168 Status change of sys: {"provisioning":null}
15:20:32 I bt_nimble_store.cpp:644 Loaded IRK
15:20:32 I shos_bt_nimble.cpp:138  BLE MAC: 54:32:04:51:63:36
15:20:32 I luetooth_server.cpp:185 BLE advertising enabled (RPC 1/0, auth 0, disc 1, locked 0, svcs 2, bond 0)
15:20:32 I y_notifications.cpp:168 Status change of ble: {"flags":["advertising"]}
15:20:32 I shelly_service.cpp:276  service:0: vc current_limit -> number:200
15:20:32 I shelly_service.cpp:276  service:0: vc mode -> enum:200
15:20:32 I shelly_service.cpp:276  service:0: vc phase_info -> object:200
15:20:32 I shelly_service.cpp:276  service:0: vc session_duration -> number:201
15:20:32 I shelly_service.cpp:276  service:0: vc session_energy -> number:202
15:20:32 I shelly_service.cpp:276  service:0: vc state -> boolean:200
15:20:32 I shelly_service.cpp:290  service:0 loaded
15:20:32 I shelly_service.cpp:160  service:0: Load: OK
15:20:32 I shos_init.cpp:108       New min heap free: 103448
15:20:32 I shos_lwip.cpp:228       wa(0x3fcaf888): IPv6 addrs: fe80::5632:4ff:fe51:6335,t1
15:20:32 Uncaught ReferenceError: "setInterval" is not defined
15:20:32  at ...n(n){return M(n.v);}));C();setInterval(A,j);
15:20:32                               ^
15:20:32 in function "n" called from e||n((e={exports:{}}).exports,e),e.exports;
15:20:32                                ^
15:20:32 in function "G" called from ...;C();setInterval(A,j);});G();
15:20:32                               ^
15:20:32 in function called from ...setInterval(A,j);});G();})();
15:20:32                               ^
15:20:33 I shelly_espruino.cpp:266 Caught error: 3 reference_error
15:20:33 W shelly_espruino.cpp:277 JS Error [3] reference_error Error in ExecFile used=479 peak=580 total=480
15:20:33 W shelly_service.cpp:732  Service.HandleError (service:0) [3] reference_error Error in ExecFile
15:20:33 I shelly_service.cpp:437  service:0 'svc_0.js': -3: reference_error
15:20:33 I shelly_service.cpp:483  service:0: state init -> terminated; ntf? 1
15:20:33 I shos_init.cpp:108       New min heap free: 103348
15:20:33 E shelly_service.cpp:464  service:0 already terminated!
15:20:33 I y_notifications.cpp:168 Status change of service:0: {"state":"terminated"}
15:20:33 I y_notifications.cpp:168 Status change of object:200: {"source":"sys","value":{"phase_a":{"voltage":0,"current":0,"power":0},"phase_b":{"voltage":0,"current":0,"power":0},"phase_c":{"voltage":0,"current":0,"power":0},"total_current":0,"total_power":0,"total_act_energy":0,"counter":{"total":0,"minute_ts":1789970400,"by_minute":[0,0,0]}}}
15:20:33 I shos_lwip.cpp:228       wa(0x3fcaf888): IPv6 addrs: fe80::5632:4ff:fe51:6335,P
15:20:33 W shelly_tmcu.cpp:507     Heartbeat timed out!
15:20:34 W shelly_tmcu.cpp:507     Heartbeat timed out!
15:20:34 I ns_sd_responder.cpp:236 wa(0x3fcaf888): Announced apq11dev-543204516334.local any@any (192.168.33.1)
15:20:34 I ns_sd_responder.cpp:236 wa(0x3fcaf888): Announced shelly.local any@WiFi AP (192.168.33.1)
15:20:34 I bt_nimble_gatts.cpp:364 CONNECT f4:26:79:20:c5:ff,p ch 1 st 0 PM 247 M 23
15:20:35 I luetooth_server.cpp:185 BLE advertising enabled (RPC 1/0, auth 0, disc 1, locked 0, svcs 2, bond 0)
15:20:35 I y_notifications.cpp:168 Status change of ble: {"flags":["advertising","connected"]}
15:20:35 I shos_init.cpp:108       New min heap free: 103276
15:20:35 W shelly_tmcu.cpp:507     Heartbeat timed out!
15:20:35 I ns_sd_responder.cpp:236 wa(0x3fcaf888): Announced shelly.local any@WiFi AP (fe80::5632:4ff:fe51:6335)
15:20:35 I ns_sd_responder.cpp:236 wa(0x3fcaf888): Announced apq11dev-543204516334.local any@any (fe80::5632:4ff:fe51:6335)
15:20:36 I shos_rpc_inst.c:241     Shelly.GetDeviceInfo [82120720@ShellyRPC] via GATTS peer f4:26:79:20:c5:ff,p
15:20:36 W shelly_tmcu.cpp:507     Heartbeat timed out!
15:20:36 I shos_rpc_inst.c:241     Service.GetResources [88453070@ShellyRPC] via GATTS peer f4:26:79:20:c5:ff,p
15:20:37 I shos_rpc_inst.c:241     Service.GetStatus [1196264@ShellyRPC] via GATTS peer f4:26:79:20:c5:ff,p
15:20:37 W shelly_tmcu.cpp:507     Heartbeat timed out!
15:20:38 W shelly_tmcu.cpp:507     Heartbeat timed out!
15:20:39 W shelly_tmcu.cpp:507     Heartbeat timed out!
15:20:40 W shelly_tmcu.cpp:507     Heartbeat timed out!
15:20:41 W shelly_tmcu.cpp:507     Heartbeat timed out!
15:20:42 W shelly_tmcu.cpp:507     Heartbeat timed out!
15:20:43 W shelly_tmcu.cpp:507     Heartbeat timed out!
15:20:44 W shelly_tmcu.cpp:507     Heartbeat timed out!
15:20:45 W shelly_tmcu.cpp:507     Heartbeat timed out!
15:20:46 W shelly_tmcu.cpp:507     Heartbeat timed out!
15:20:47 W shelly_tmcu.cpp:507     Heartbeat timed out!
15:20:48 W shelly_tmcu.cpp:507     Heartbeat timed out!
15:20:49 W shelly_tmcu.cpp:507     Heartbeat timed out!
15:20:50 W shelly_tmcu.cpp:507     Heartbeat timed out!
15:20:51 W shelly_tmcu.cpp:507     Heartbeat timed out!
15:20:52 W shelly_tmcu.cpp:507     Heartbeat timed out!
15:20:53 W shelly_tmcu.cpp:507     Heartbeat timed out!
15:20:54 W shelly_tmcu.cpp:507     Heartbeat timed out!
15:20:55 W shelly_tmcu.cpp:507     Heartbeat timed out!
15:20:56 W shelly_tmcu.cpp:507     Heartbeat timed out!
15:20:57 W shelly_tmcu.cpp:507     Heartbeat timed out!
15:20:58 W shelly_tmcu.cpp:507     Heartbeat timed out!
15:20:59 W shelly_tmcu.cpp:507     Heartbeat timed out!
15:21:00 W shelly_tmcu.cpp:507     Heartbeat timed out!
15:21:01 W shelly_tmcu.cpp:507     Heartbeat timed out!
15:21:02 W shelly_tmcu.cpp:507     Heartbeat timed out!
15:21:03 W shelly_tmcu.cpp:507     Heartbeat timed out!
15:21:04 W shelly_tmcu.cpp:507     Heartbeat timed out!
15:21:05 W shelly_tmcu.cpp:507     Heartbeat timed out!
15:21:06 W shelly_tmcu.cpp:507     Heartbeat timed out!
15:21:07 W shelly_tmcu.cpp:507     Heartbeat timed out!
15:21:08 W shelly_tmcu.cpp:507     Heartbeat timed out!
15:21:09 W shelly_tmcu.cpp:507     Heartbeat timed out!
15:21:10 W shelly_tmcu.cpp:507     Heartbeat timed out!
15:21:11 W shelly_tmcu.cpp:507     Heartbeat timed out!
15:21:12 W shelly_tmcu.cpp:507     Heartbeat timed out!
15:21:13 W shelly_tmcu.cpp:507     Heartbeat timed out!
15:21:14 W shelly_tmcu.cpp:507     Heartbeat timed out!
15:21:15 W shelly_tmcu.cpp:507     Heartbeat timed out!
15:21:16 W shelly_tmcu.cpp:507     Heartbeat timed out!
15:21:17 W shelly_tmcu.cpp:507     Heartbeat timed out!
15:21:18 W shelly_tmcu.cpp:507     Heartbeat timed out!
15:21:19 W shelly_tmcu.cpp:507     Heartbeat timed out!
15:21:20 W shelly_tmcu.cpp:507     Heartbeat timed out!
15:21:21 W shelly_tmcu.cpp:507     Heartbeat timed out!
15:21:22 W shelly_tmcu.cpp:507     Heartbeat timed out!
15:21:23 W shelly_tmcu.cpp:507     Heartbeat timed out!
15:21:24 W shelly_tmcu.cpp:507     Heartbeat timed out!
15:21:25 W shelly_tmcu.cpp:507     Heartbeat timed out!
15:21:26 W shelly_tmcu.cpp:507     Heartbeat timed out!
15:21:27 W shelly_tmcu.cpp:507     Heartbeat timed out!
15:21:28 W shelly_tmcu.cpp:507     Heartbeat timed out!
15:21:29 W shelly_tmcu.cpp:507     Heartbeat timed out!
15:21:30 W shelly_tmcu.cpp:507     Heartbeat timed out!
15:21:31 W shelly_tmcu.cpp:507     Heartbeat timed out!
15:21:32 W shelly_tmcu.cpp:507     Heartbeat timed out!
15:21:33 W shelly_tmcu.cpp:507     Heartbeat timed out!
15:21:34 W shelly_tmcu.cpp:507     Heartbeat timed out!
15:21:35 W shelly_tmcu.cpp:507     Heartbeat timed out!
15:21:36 W shelly_tmcu.cpp:507     Heartbeat timed out!
15:21:37 W shelly_tmcu.cpp:507     Heartbeat timed out!
15:21:38 W shelly_tmcu.cpp:507     Heartbeat timed out!
15:21:39 W shelly_tmcu.cpp:507     Heartbeat timed out!
15:21:40 W shelly_tmcu.cpp:507     Heartbeat timed out!
15:21:41 W shelly_tmcu.cpp:507     Heartbeat timed out!
15:21:42 W shelly_tmcu.cpp:507     Heartbeat timed out!
15:21:43 W shelly_tmcu.cpp:507     Heartbeat timed out!
15:21:44 W shelly_tmcu.cpp:507     Heartbeat timed out!
15:21:45 W shelly_tmcu.cpp:507     Heartbeat timed out!
15:21:46 W shelly_tmcu.cpp:507     Heartbeat timed out!
15:21:47 W shelly_tmcu.cpp:507     Heartbeat timed out!
15:21:48 W shelly_tmcu.cpp:507     Heartbeat timed out!
15:21:49 W shelly_tmcu.cpp:507     Heartbeat timed out!
15:21:50 W shelly_tmcu.cpp:507     Heartbeat timed out!
15:21:51 W shelly_tmcu.cpp:507     Heartbeat timed out!
15:21:52 W shelly_tmcu.cpp:507     Heartbeat timed out!
15:21:53 W shelly_tmcu.cpp:507     Heartbeat timed out!
15:21:54 W shelly_tmcu.cpp:507     Heartbeat timed out!
15:21:55 W shelly_tmcu.cpp:507     Heartbeat timed out!
15:21:56 W shelly_tmcu.cpp:507     Heartbeat timed out!
15:21:57 W shelly_tmcu.cpp:507     Heartbeat timed out!
15:21:58 W shelly_tmcu.cpp:507     Heartbeat timed out!
15:21:59 W shelly_tmcu.cpp:507     Heartbeat timed out!
15:22:00 W shelly_tmcu.cpp:507     Heartbeat timed out!
15:22:01 W shelly_tmcu.cpp:507     Heartbeat timed out!
15:22:02 W shelly_tmcu.cpp:507     Heartbeat timed out!
15:22:03 W shelly_tmcu.cpp:507     Heartbeat timed out!
15:22:04 W shelly_tmcu.cpp:507     Heartbeat timed out!
15:22:05 W shelly_tmcu.cpp:507     Heartbeat timed out!
15:22:06 W shelly_tmcu.cpp:507     Heartbeat timed out!
15:22:07 W shelly_tmcu.cpp:507     Heartbeat timed out!
15:22:08 W shelly_tmcu.cpp:507     Heartbeat timed out!
15:22:09 W shelly_tmcu.cpp:507     Heartbeat timed out!
15:22:10 W shelly_tmcu.cpp:507     Heartbeat timed out!
15:22:11 W shelly_tmcu.cpp:507     Heartbeat timed out!
15:22:12 W shelly_tmcu.cpp:507     Heartbeat timed out!
15:22:13 W shelly_tmcu.cpp:507     Heartbeat timed out!
15:22:14 W shelly_tmcu.cpp:507     Heartbeat timed out!
15:22:15 W shelly_tmcu.cpp:507     Heartbeat timed out!
15:22:16 W shelly_tmcu.cpp:507     Heartbeat timed out!
15:22:17 W shelly_tmcu.cpp:507     Heartbeat timed out!
15:22:18 W shelly_tmcu.cpp:507     Heartbeat timed out!
15:22:19 W shelly_tmcu.cpp:507     Heartbeat timed out!
15:22:20 W shelly_tmcu.cpp:507     Heartbeat timed out!
15:22:21 W shelly_tmcu.cpp:507     Heartbeat timed out!
15:22:22 W shelly_tmcu.cpp:507     Heartbeat timed out!
15:22:23 W shelly_tmcu.cpp:507     Heartbeat timed out!
15:22:24 W shelly_tmcu.cpp:507     Heartbeat timed out!
15:22:25 W shelly_tmcu.cpp:507     Heartbeat timed out!
15:22:26 W shelly_tmcu.cpp:507     Heartbeat timed out!
15:22:27 W shelly_tmcu.cpp:507     Heartbeat timed out!
15:22:28 W shelly_tmcu.cpp:507     Heartbeat timed out!
15:22:29 W shelly_tmcu.cpp:507     Heartbeat timed out!
15:22:30 W shelly_tmcu.cpp:507     Heartbeat timed out!
15:22:31 W shelly_tmcu.cpp:507     Heartbeat timed out!
15:22:32 W shelly_tmcu.cpp:507     Heartbeat timed out!
15:22:33 W shelly_tmcu.cpp:507     Heartbeat timed out!
15:22:34 W shelly_tmcu.cpp:507     Heartbeat timed out!
15:22:35 W shelly_tmcu.cpp:507     Heartbeat timed out!
15:22:36 W shelly_tmcu.cpp:507     Heartbeat timed out!
15:22:37 W shelly_tmcu.cpp:507     Heartbeat timed out!
15:22:38 W shelly_tmcu.cpp:507     Heartbeat timed out!
15:22:39 W shelly_tmcu.cpp:507     Heartbeat timed out!
15:22:40 W shelly_tmcu.cpp:507     Heartbeat timed out!
15:22:41 W shelly_tmcu.cpp:507     Heartbeat timed out!
15:22:42 W shelly_tmcu.cpp:507     Heartbeat timed out!
15:22:43 W shelly_tmcu.cpp:507     Heartbeat timed out!
15:22:44 W shelly_tmcu.cpp:507     Heartbeat timed out!
15:22:45 W shelly_tmcu.cpp:507     Heartbeat timed out!
15:22:46 W shelly_tmcu.cpp:507     Heartbeat timed out!
15:22:47 W shelly_tmcu.cpp:507     Heartbeat timed out!
15:22:48 W shelly_tmcu.cpp:507     Heartbeat timed out!
15:22:49 W shelly_tmcu.cpp:507     Heartbeat timed out!
15:22:50 W shelly_tmcu.cpp:507     Heartbeat timed out!
15:22:51 W shelly_tmcu.cpp:507     Heartbeat timed out!
15:22:52 W shelly_tmcu.cpp:507     Heartbeat timed out!
15:22:53 W shelly_tmcu.cpp:507     Heartbeat timed out!
15:22:54 W shelly_tmcu.cpp:507     Heartbeat timed out!
15:22:55 W shelly_tmcu.cpp:507     Heartbeat timed out!
15:22:56 W shelly_tmcu.cpp:507     Heartbeat timed out!
15:22:57 W shelly_tmcu.cpp:507     Heartbeat timed out!
15:22:58 W shelly_tmcu.cpp:507     Heartbeat timed out!
15:22:59 W shelly_tmcu.cpp:507     Heartbeat timed out!
15:23:00 W shelly_tmcu.cpp:507     Heartbeat timed out!
15:23:01 W shelly_tmcu.cpp:507     Heartbeat timed out!
15:23:02 W shelly_tmcu.cpp:507     Heartbeat timed out!
15:23:03 W shelly_tmcu.cpp:507     Heartbeat timed out!
15:23:04 W shelly_tmcu.cpp:507     Heartbeat timed out!
15:23:05 W shelly_tmcu.cpp:507     Heartbeat timed out!
15:23:06 W shelly_tmcu.cpp:507     Heartbeat timed out!
15:23:07 W shelly_tmcu.cpp:507     Heartbeat timed out!
15:23:08 W shelly_tmcu.cpp:507     Heartbeat timed out!
15:23:09 W shelly_tmcu.cpp:507     Heartbeat timed out!
15:23:10 W shelly_tmcu.cpp:507     Heartbeat timed out!
15:23:11 W shelly_tmcu.cpp:507     Heartbeat timed out!
15:23:12 W shelly_tmcu.cpp:507     Heartbeat timed out!
15:23:13 W shelly_tmcu.cpp:507     Heartbeat timed out!
15:23:14 W shelly_tmcu.cpp:507     Heartbeat timed out!
15:23:15 W shelly_tmcu.cpp:507     Heartbeat timed out!
15:23:16 W shelly_tmcu.cpp:507     Heartbeat timed out!
15:23:17 W shelly_tmcu.cpp:507     Heartbeat timed out!
15:23:18 W shelly_tmcu.cpp:507     Heartbeat timed out!
15:23:19 W shelly_tmcu.cpp:507     Heartbeat timed out!
15:23:20 W shelly_tmcu.cpp:507     Heartbeat timed out!
15:23:21 W shelly_tmcu.cpp:507     Heartbeat timed out!
15:23:22 W shelly_tmcu.cpp:507     Heartbeat timed out!
15:23:23 W shelly_tmcu.cpp:507     Heartbeat timed out!
15:23:24 W shelly_tmcu.cpp:507     Heartbeat timed out!
15:23:25 W shelly_tmcu.cpp:507     Heartbeat timed out!
15:23:26 W shelly_tmcu.cpp:507     Heartbeat timed out!
15:23:27 W shelly_tmcu.cpp:507     Heartbeat timed out!
15:23:28 W shelly_tmcu.cpp:507     Heartbeat timed out!
15:23:29 W shelly_tmcu.cpp:507     Heartbeat timed out!
15:23:30 W shelly_tmcu.cpp:507     Heartbeat timed out!
15:23:31 W shelly_tmcu.cpp:507     Heartbeat timed out!
15:23:32 W shelly_tmcu.cpp:507     Heartbeat timed out!
15:23:33 W shelly_tmcu.cpp:507     Heartbeat timed out!
15:23:34 W shelly_tmcu.cpp:507     Heartbeat timed out!
15:23:35 W shelly_tmcu.cpp:507     Heartbeat timed out!
15:23:36 W shelly_tmcu.cpp:507     Heartbeat timed out!
15:23:37 W shelly_tmcu.cpp:507     Heartbeat timed out!
15:23:38 W shelly_tmcu.cpp:507     Heartbeat timed out!
15:23:39 W shelly_tmcu.cpp:507     Heartbeat timed out!
15:23:40 W shelly_tmcu.cpp:507     Heartbeat timed out!
15:23:41 W shelly_tmcu.cpp:507     Heartbeat timed out!
15:23:42 W shelly_tmcu.cpp:507     Heartbeat timed out!
15:23:43 W shelly_tmcu.cpp:507     Heartbeat timed out!
15:23:44 W shelly_tmcu.cpp:507     Heartbeat timed out!
15:23:45 W shelly_tmcu.cpp:507     Heartbeat timed out!
15:23:46 W shelly_tmcu.cpp:507     Heartbeat timed out!
15:23:47 W shelly_tmcu.cpp:507     Heartbeat timed out!
15:23:48 W shelly_tmcu.cpp:507     Heartbeat timed out!
15:23:49 W shelly_tmcu.cpp:507     Heartbeat timed out!
15:23:50 W shelly_tmcu.cpp:507     Heartbeat timed out!
15:23:51 W shelly_tmcu.cpp:507     Heartbeat timed out!
15:23:52 W shelly_tmcu.cpp:507     Heartbeat timed out!
15:23:53 W shelly_tmcu.cpp:507     Heartbeat timed out!
15:23:54 W shelly_tmcu.cpp:507     Heartbeat timed out!
15:23:55 W shelly_tmcu.cpp:507     Heartbeat timed out!
15:23:56 W shelly_tmcu.cpp:507     Heartbeat timed out!
15:23:57 W shelly_tmcu.cpp:507     Heartbeat timed out!
15:23:58 W shelly_tmcu.cpp:507     Heartbeat timed out!
15:23:59 W shelly_tmcu.cpp:507     Heartbeat timed out!
15:24:00 W shelly_tmcu.cpp:507     Heartbeat timed out!
15:24:01 W shelly_tmcu.cpp:507     Heartbeat timed out!
15:24:02 W shelly_tmcu.cpp:507     Heartbeat timed out!
15:24:03 W shelly_tmcu.cpp:507     Heartbeat timed out!
15:24:04 W shelly_tmcu.cpp:507     Heartbeat timed out!
15:24:05 W shelly_tmcu.cpp:507     Heartbeat timed out!
15:24:06 W shelly_tmcu.cpp:507     Heartbeat timed out!
15:24:07 W shelly_tmcu.cpp:507     Heartbeat timed out!
15:24:08 W shelly_tmcu.cpp:507     Heartbeat timed out!
15:24:09 W shelly_tmcu.cpp:507     Heartbeat timed out!
15:24:10 W shelly_tmcu.cpp:507     Heartbeat timed out!
15:24:11 W shelly_tmcu.cpp:507     Heartbeat timed out!
15:24:12 W shelly_tmcu.cpp:507     Heartbeat timed out!
15:24:13 W shelly_tmcu.cpp:507     Heartbeat timed out!
15:24:14 W shelly_tmcu.cpp:507     Heartbeat timed out!
15:24:15 W shelly_tmcu.cpp:507     Heartbeat timed out!
15:24:16 W shelly_tmcu.cpp:507     Heartbeat timed out!
15:24:17 W shelly_tmcu.cpp:507     Heartbeat timed out!
15:24:18 W shelly_tmcu.cpp:507     Heartbeat timed out!
15:24:19 W shelly_tmcu.cpp:507     Heartbeat timed out!
15:24:20 W shelly_tmcu.cpp:507     Heartbeat timed out!
15:24:21 W shelly_tmcu.cpp:507     Heartbeat timed out!
15:24:22 W shelly_tmcu.cpp:507     Heartbeat timed out!
15:24:23 W shelly_tmcu.cpp:507     Heartbeat timed out!
15:24:24 W shelly_tmcu.cpp:507     Heartbeat timed out!
15:24:25 W shelly_tmcu.cpp:507     Heartbeat timed out!
15:24:26 W shelly_tmcu.cpp:507     Heartbeat timed out!
15:24:27 W shelly_tmcu.cpp:507     Heartbeat timed out!
15:24:28 W shelly_tmcu.cpp:507     Heartbeat timed out!
15:24:29 W shelly_tmcu.cpp:507     Heartbeat timed out!
15:24:30 W shelly_tmcu.cpp:507     Heartbeat timed out!
15:24:31 W shelly_tmcu.cpp:507     Heartbeat timed out!
15:24:32 W shelly_tmcu.cpp:507     Heartbeat timed out!
15:24:33 W shelly_tmcu.cpp:507     Heartbeat timed out!
15:24:34 W shelly_tmcu.cpp:507     Heartbeat timed out!
15:24:35 W shelly_tmcu.cpp:507     Heartbeat timed out!
15:24:36 W shelly_tmcu.cpp:507     Heartbeat timed out!
15:24:37 W shelly_tmcu.cpp:507     Heartbeat timed out!
15:24:38 W shelly_tmcu.cpp:507     Heartbeat timed out!
15:24:39 W shelly_tmcu.cpp:507     Heartbeat timed out!
15:24:40 W shelly_tmcu.cpp:507     Heartbeat timed out!
15:24:41 W shelly_tmcu.cpp:507     Heartbeat timed out!
15:24:42 W shelly_tmcu.cpp:507     Heartbeat timed out!
15:24:43 W shelly_tmcu.cpp:507     Heartbeat timed out!
15:24:44 W shelly_tmcu.cpp:507     Heartbeat timed out!
15:24:45 W shelly_tmcu.cpp:507     Heartbeat timed out!
15:24:46 W shelly_tmcu.cpp:507     Heartbeat timed out!
15:24:47 W shelly_tmcu.cpp:507     Heartbeat timed out!
15:24:48 W shelly_tmcu.cpp:507     Heartbeat timed out!
15:24:49 W shelly_tmcu.cpp:507     Heartbeat timed out!
15:24:50 W shelly_tmcu.cpp:507     Heartbeat timed out!
15:24:51 W shelly_tmcu.cpp:507     Heartbeat timed out!
15:24:52 W shelly_tmcu.cpp:507     Heartbeat timed out!
15:24:53 W shelly_tmcu.cpp:507     Heartbeat timed out!
15:24:54 W shelly_tmcu.cpp:507     Heartbeat timed out!
15:24:55 W shelly_tmcu.cpp:507     Heartbeat timed out!
15:24:56 W shelly_tmcu.cpp:507     Heartbeat timed out!
15:24:57 W shelly_tmcu.cpp:507     Heartbeat timed out!
15:24:58 W shelly_tmcu.cpp:507     Heartbeat timed out!
15:24:59 W shelly_tmcu.cpp:507     Heartbeat timed out!
15:25:00 W shelly_tmcu.cpp:507     Heartbeat timed out!
15:25:01 W shelly_tmcu.cpp:507     Heartbeat timed out!
15:25:02 W shelly_tmcu.cpp:507     Heartbeat timed out!
15:25:03 W shelly_tmcu.cpp:507     Heartbeat timed out!
15:25:04 W shelly_tmcu.cpp:507     Heartbeat timed out!
15:25:05 W shelly_tmcu.cpp:507     Heartbeat timed out!
15:25:06 W shelly_tmcu.cpp:507     Heartbeat timed out!
15:25:07 W shelly_tmcu.cpp:507     Heartbeat timed out!
15:25:08 W shelly_tmcu.cpp:507     Heartbeat timed out!
15:25:09 W shelly_tmcu.cpp:507     Heartbeat timed out!
15:25:10 W shelly_tmcu.cpp:507     Heartbeat timed out!
15:25:11 W shelly_tmcu.cpp:507     Heartbeat timed out!
15:25:12 W shelly_tmcu.cpp:507     Heartbeat timed out!
15:25:13 W shelly_tmcu.cpp:507     Heartbeat timed out!
15:25:14 W shelly_tmcu.cpp:507     Heartbeat timed out!
15:25:15 W shelly_tmcu.cpp:507     Heartbeat timed out!
15:25:16 W shelly_tmcu.cpp:507     Heartbeat timed out!
15:25:17 W shelly_tmcu.cpp:507     Heartbeat timed out!
15:25:18 W shelly_tmcu.cpp:507     Heartbeat timed out!
15:25:19 W shelly_tmcu.cpp:507     Heartbeat timed out!
15:25:20 W shelly_tmcu.cpp:507     Heartbeat timed out!
15:25:21 W shelly_tmcu.cpp:507     Heartbeat timed out!
15:25:22 W shelly_tmcu.cpp:507     Heartbeat timed out!
15:25:23 W shelly_tmcu.cpp:507     Heartbeat timed out!
15:25:24 W shelly_tmcu.cpp:507     Heartbeat timed out!
15:25:25 W shelly_tmcu.cpp:507     Heartbeat timed out!
15:25:26 W shelly_tmcu.cpp:507     Heartbeat timed out!
15:25:27 W shelly_tmcu.cpp:507     Heartbeat timed out!
15:25:28 W shelly_tmcu.cpp:507     Heartbeat timed out!
15:25:29 W shelly_tmcu.cpp:507     Heartbeat timed out!
15:25:30 W shelly_tmcu.cpp:507     Heartbeat timed out!
15:25:31 W shelly_tmcu.cpp:507     Heartbeat timed out!
15:25:32 W shelly_tmcu.cpp:507     Heartbeat timed out!
15:25:33 W shelly_tmcu.cpp:507     Heartbeat timed out!
15:25:34 W shelly_tmcu.cpp:507     Heartbeat timed out!
15:25:35 W shelly_tmcu.cpp:507     Heartbeat timed out!
15:25:36 W shelly_tmcu.cpp:507     Heartbeat timed out!
15:25:37 W shelly_tmcu.cpp:507     Heartbeat timed out!
15:25:38 W shelly_tmcu.cpp:507     Heartbeat timed out!
15:25:39 W shelly_tmcu.cpp:507     Heartbeat timed out!
15:25:40 W shelly_tmcu.cpp:507     Heartbeat timed out!
15:25:41 W shelly_tmcu.cpp:507     Heartbeat timed out!
15:25:42 W shelly_tmcu.cpp:507     Heartbeat timed out!
15:25:43 W shelly_tmcu.cpp:507     Heartbeat timed out!
15:25:44 W shelly_tmcu.cpp:507     Heartbeat timed out!
15:25:45 W shelly_tmcu.cpp:507     Heartbeat timed out!
15:25:46 W shelly_tmcu.cpp:507     Heartbeat timed out!
15:25:47 W shelly_tmcu.cpp:507     Heartbeat timed out!
15:25:48 W shelly_tmcu.cpp:507     Heartbeat timed out!
15:25:49 W shelly_tmcu.cpp:507     Heartbeat timed out!
15:25:50 W shelly_tmcu.cpp:507     Heartbeat timed out!
15:25:51 W shelly_tmcu.cpp:507     Heartbeat timed out!
15:25:52 W shelly_tmcu.cpp:507     Heartbeat timed out!
15:25:53 W shelly_tmcu.cpp:507     Heartbeat timed out!
15:25:54 W shelly_tmcu.cpp:507     Heartbeat timed out!
15:25:55 W shelly_tmcu.cpp:507     Heartbeat timed out!
15:25:56 W shelly_tmcu.cpp:507     Heartbeat timed out!
15:25:57 W shelly_tmcu.cpp:507     Heartbeat timed out!
15:25:58 W shelly_tmcu.cpp:507     Heartbeat timed out!
15:25:59 W shelly_tmcu.cpp:507     Heartbeat timed out!
15:26:00 W shelly_tmcu.cpp:507     Heartbeat timed out!
15:26:01 W shelly_tmcu.cpp:507     Heartbeat timed out!
15:26:02 W shelly_tmcu.cpp:507     Heartbeat timed out!
15:26:03 W shelly_tmcu.cpp:507     Heartbeat timed out!
15:26:04 W shelly_tmcu.cpp:507     Heartbeat timed out!
15:26:05 W shelly_tmcu.cpp:507     Heartbeat timed out!
15:26:06 W shelly_tmcu.cpp:507     Heartbeat timed out!
15:26:07 W shelly_tmcu.cpp:507     Heartbeat timed out!
15:26:08 W shelly_tmcu.cpp:507     Heartbeat timed out!
15:26:09 W shelly_tmcu.cpp:507     Heartbeat timed out!
15:26:10 W shelly_tmcu.cpp:507     Heartbeat timed out!
15:26:11 W shelly_tmcu.cpp:507     Heartbeat timed out!
15:26:12 W shelly_tmcu.cpp:507     Heartbeat timed out!
15:26:13 W shelly_tmcu.cpp:507     Heartbeat timed out!
15:26:14 W shelly_tmcu.cpp:507     Heartbeat timed out!
15:26:15 W shelly_tmcu.cpp:507     Heartbeat timed out!
15:26:16 W shelly_tmcu.cpp:507     Heartbeat timed out!
15:26:17 W shelly_tmcu.cpp:507     Heartbeat timed out!
15:26:18 W shelly_tmcu.cpp:507     Heartbeat timed out!
15:26:19 W shelly_tmcu.cpp:507     Heartbeat timed out!
15:26:20 W shelly_tmcu.cpp:507     Heartbeat timed out!
15:26:21 W shelly_tmcu.cpp:507     Heartbeat timed out!
15:26:22 W shelly_tmcu.cpp:507     Heartbeat timed out!
15:26:23 W shelly_tmcu.cpp:507     Heartbeat timed out!
15:26:24 W shelly_tmcu.cpp:507     Heartbeat timed out!
15:26:25 W shelly_tmcu.cpp:507     Heartbeat timed out!
15:26:26 W shelly_tmcu.cpp:507     Heartbeat timed out!
15:26:27 W shelly_tmcu.cpp:507     Heartbeat timed out!
15:26:28 W shelly_tmcu.cpp:507     Heartbeat timed out!
15:26:29 W shelly_tmcu.cpp:507     Heartbeat timed out!
15:26:30 W shelly_tmcu.cpp:507     Heartbeat timed out!
15:26:31 W shelly_tmcu.cpp:507     Heartbeat timed out!
15:26:32 W shelly_tmcu.cpp:507     Heartbeat timed out!
15:26:33 W shelly_tmcu.cpp:507     Heartbeat timed out!
15:26:34 W shelly_tmcu.cpp:507     Heartbeat timed out!
15:26:35 W shelly_tmcu.cpp:507     Heartbeat timed out!
15:26:36 W shelly_tmcu.cpp:507     Heartbeat timed out!
15:26:37 W shelly_tmcu.cpp:507     Heartbeat timed out!
15:26:38 W shelly_tmcu.cpp:507     Heartbeat timed out!
15:26:39 W shelly_tmcu.cpp:507     Heartbeat timed out!
15:26:40 W shelly_tmcu.cpp:507     Heartbeat timed out!
15:26:41 W shelly_tmcu.cpp:507     Heartbeat timed out!
15:26:42 W shelly_tmcu.cpp:507     Heartbeat timed out!
15:26:43 W shelly_tmcu.cpp:507     Heartbeat timed out!
15:26:44 W shelly_tmcu.cpp:507     Heartbeat timed out!
15:26:45 W shelly_tmcu.cpp:507     Heartbeat timed out!
15:26:46 W shelly_tmcu.cpp:507     Heartbeat timed out!
15:26:47 W shelly_tmcu.cpp:507     Heartbeat timed out!
15:26:48 W shelly_tmcu.cpp:507     Heartbeat timed out!
15:26:49 W shelly_tmcu.cpp:507     Heartbeat timed out!
15:26:50 W shelly_tmcu.cpp:507     Heartbeat timed out!
15:26:51 W shelly_tmcu.cpp:507     Heartbeat timed out!
15:26:52 W shelly_tmcu.cpp:507     Heartbeat timed out!
15:26:53 W shelly_tmcu.cpp:507     Heartbeat timed out!
15:26:54 W shelly_tmcu.cpp:507     Heartbeat timed out!
15:26:55 W shelly_tmcu.cpp:507     Heartbeat timed out!
15:26:56 W shelly_tmcu.cpp:507     Heartbeat timed out!
15:26:57 W shelly_tmcu.cpp:507     Heartbeat timed out!
15:26:58 W shelly_tmcu.cpp:507     Heartbeat timed out!
15:26:59 W shelly_tmcu.cpp:507     Heartbeat timed out!
15:27:00 W shelly_tmcu.cpp:507     Heartbeat timed out!
15:27:01 W shelly_tmcu.cpp:507     Heartbeat timed out!
15:27:02 W shelly_tmcu.cpp:507     Heartbeat timed out!
15:27:03 W shelly_tmcu.cpp:507     Heartbeat timed out!
15:27:04 W shelly_tmcu.cpp:507     Heartbeat timed out!
15:27:05 W shelly_tmcu.cpp:507     Heartbeat timed out!
15:27:06 W shelly_tmcu.cpp:507     Heartbeat timed out!
15:27:07 W shelly_tmcu.cpp:507     Heartbeat timed out!
15:27:08 W shelly_tmcu.cpp:507     Heartbeat timed out!
15:27:09 W shelly_tmcu.cpp:507     Heartbeat timed out!
15:27:10 W shelly_tmcu.cpp:507     Heartbeat timed out!
15:27:11 W shelly_tmcu.cpp:507     Heartbeat timed out!
15:27:12 W shelly_tmcu.cpp:507     Heartbeat timed out!
15:27:13 W shelly_tmcu.cpp:507     Heartbeat timed out!
15:27:14 W shelly_tmcu.cpp:507     Heartbeat timed out!
15:27:15 W shelly_tmcu.cpp:507     Heartbeat timed out!
15:27:16 W shelly_tmcu.cpp:507     Heartbeat timed out!
15:27:17 W shelly_tmcu.cpp:507     Heartbeat timed out!
15:27:18 W shelly_tmcu.cpp:507     Heartbeat timed out!
15:27:19 W shelly_tmcu.cpp:507     Heartbeat timed out!
15:27:20 W shelly_tmcu.cpp:507     Heartbeat timed out!
15:27:21 W shelly_tmcu.cpp:507     Heartbeat timed out!
15:27:22 W shelly_tmcu.cpp:507     Heartbeat timed out!
15:27:23 W shelly_tmcu.cpp:507     Heartbeat timed out!
15:27:24 W shelly_tmcu.cpp:507     Heartbeat timed out!
15:27:25 W shelly_tmcu.cpp:507     Heartbeat timed out!
15:27:26 W shelly_tmcu.cpp:507     Heartbeat timed out!
15:27:27 W shelly_tmcu.cpp:507     Heartbeat timed out!
15:27:28 W shelly_tmcu.cpp:507     Heartbeat timed out!
15:27:29 W shelly_tmcu.cpp:507     Heartbeat timed out!
15:27:30 W shelly_tmcu.cpp:507     Heartbeat timed out!
15:27:31 W shelly_tmcu.cpp:507     Heartbeat timed out!
15:27:32 W shelly_tmcu.cpp:507     Heartbeat timed out!
15:27:33 W shelly_tmcu.cpp:507     Heartbeat timed out!
15:27:34 W shelly_tmcu.cpp:507     Heartbeat timed out!
15:27:35 W shelly_tmcu.cpp:507     Heartbeat timed out!
15:27:36 W shelly_tmcu.cpp:507     Heartbeat timed out!
15:27:37 W shelly_tmcu.cpp:507     Heartbeat timed out!
15:27:38 W shelly_tmcu.cpp:507     Heartbeat timed out!
15:27:39 W shelly_tmcu.cpp:507     Heartbeat timed out!
15:27:40 W shelly_tmcu.cpp:507     Heartbeat timed out!
15:27:41 W shelly_tmcu.cpp:507     Heartbeat timed out!
15:27:42 W shelly_tmcu.cpp:507     Heartbeat timed out!
15:27:43 W shelly_tmcu.cpp:507     Heartbeat timed out!
15:27:44 W shelly_tmcu.cpp:507     Heartbeat timed out!
15:27:45 W shelly_tmcu.cpp:507     Heartbeat timed out!
15:27:46 W shelly_tmcu.cpp:507     Heartbeat timed out!
15:27:47 W shelly_tmcu.cpp:507     Heartbeat timed out!
15:27:48 W shelly_tmcu.cpp:507     Heartbeat timed out!
15:27:49 W shelly_tmcu.cpp:507     Heartbeat timed out!
15:27:50 W shelly_tmcu.cpp:507     Heartbeat timed out!
15:27:51 W shelly_tmcu.cpp:507     Heartbeat timed out!
15:27:52 W shelly_tmcu.cpp:507     Heartbeat timed out!
15:27:53 W shelly_tmcu.cpp:507     Heartbeat timed out!
15:27:54 W shelly_tmcu.cpp:507     Heartbeat timed out!
15:27:55 W shelly_tmcu.cpp:507     Heartbeat timed out!
15:27:56 W shelly_tmcu.cpp:507     Heartbeat timed out!
15:27:57 W shelly_tmcu.cpp:507     Heartbeat timed out!
15:27:58 W shelly_tmcu.cpp:507     Heartbeat timed out!
15:27:59 W shelly_tmcu.cpp:507     Heartbeat timed out!
15:28:00 W shelly_tmcu.cpp:507     Heartbeat timed out!
15:28:01 W shelly_tmcu.cpp:507     Heartbeat timed out!
15:28:02 W shelly_tmcu.cpp:507     Heartbeat timed out!
15:28:03 W shelly_tmcu.cpp:507     Heartbeat timed out!
15:28:04 W shelly_tmcu.cpp:507     Heartbeat timed out!
15:28:05 W shelly_tmcu.cpp:507     Heartbeat timed out!
15:28:06 W shelly_tmcu.cpp:507     Heartbeat timed out!
15:28:07 W shelly_tmcu.cpp:507     Heartbeat timed out!
15:28:08 W shelly_tmcu.cpp:507     Heartbeat timed out!
15:28:09 W shelly_tmcu.cpp:507     Heartbeat timed out!
15:28:10 W shelly_tmcu.cpp:507     Heartbeat timed out!
15:28:11 W shelly_tmcu.cpp:507     Heartbeat timed out!
15:28:12 W shelly_tmcu.cpp:507     Heartbeat timed out!
15:28:13 W shelly_tmcu.cpp:507     Heartbeat timed out!
15:28:14 W shelly_tmcu.cpp:507     Heartbeat timed out!
15:28:15 W shelly_tmcu.cpp:507     Heartbeat timed out!
15:28:16 W shelly_tmcu.cpp:507     Heartbeat timed out!
15:28:17 W shelly_tmcu.cpp:507     Heartbeat timed out!
15:28:18 W shelly_tmcu.cpp:507     Heartbeat timed out!
15:28:19 W shelly_tmcu.cpp:507     Heartbeat timed out!
15:28:20 W shelly_tmcu.cpp:507     Heartbeat timed out!
15:28:21 W shelly_tmcu.cpp:507     Heartbeat timed out!
15:28:22 W shelly_tmcu.cpp:507     Heartbeat timed out!
15:28:23 W shelly_tmcu.cpp:507     Heartbeat timed out!
15:28:24 W shelly_tmcu.cpp:507     Heartbeat timed out!
15:28:25 W shelly_tmcu.cpp:507     Heartbeat timed out!
15:28:26 W shelly_tmcu.cpp:507     Heartbeat timed out!
15:28:27 W shelly_tmcu.cpp:507     Heartbeat timed out!
15:28:28 W shelly_tmcu.cpp:507     Heartbeat timed out!
15:28:29 W shelly_tmcu.cpp:507     Heartbeat timed out!
15:28:30 W shelly_tmcu.cpp:507     Heartbeat timed out!
15:28:31 W shelly_tmcu.cpp:507     Heartbeat timed out!
15:28:32 W shelly_tmcu.cpp:507     Heartbeat timed out!
15:28:33 W shelly_tmcu.cpp:507     Heartbeat timed out!
15:28:34 W shelly_tmcu.cpp:507     Heartbeat timed out!
15:28:35 W shelly_tmcu.cpp:507     Heartbeat timed out!
15:28:36 W shelly_tmcu.cpp:507     Heartbeat timed out!
15:28:37 W shelly_tmcu.cpp:507     Heartbeat timed out!
15:28:38 W shelly_tmcu.cpp:507     Heartbeat timed out!
15:28:39 W shelly_tmcu.cpp:507     Heartbeat timed out!
15:28:40 W shelly_tmcu.cpp:507     Heartbeat timed out!
15:28:41 W shelly_tmcu.cpp:507     Heartbeat timed out!
15:28:42 W shelly_tmcu.cpp:507     Heartbeat timed out!
15:28:43 W shelly_tmcu.cpp:507     Heartbeat timed out!
15:28:44 W shelly_tmcu.cpp:507     Heartbeat timed out!
15:28:45 W shelly_tmcu.cpp:507     Heartbeat timed out!
15:28:46 W shelly_tmcu.cpp:507     Heartbeat timed out!
15:28:47 W shelly_tmcu.cpp:507     Heartbeat timed out!
15:28:48 W shelly_tmcu.cpp:507     Heartbeat timed out!
15:28:49 W shelly_tmcu.cpp:507     Heartbeat timed out!
15:28:50 W shelly_tmcu.cpp:507     Heartbeat timed out!
15:28:51 W shelly_tmcu.cpp:507     Heartbeat timed out!
15:28:52 W shelly_tmcu.cpp:507     Heartbeat timed out!
15:28:53 W shelly_tmcu.cpp:507     Heartbeat timed out!
15:28:54 W shelly_tmcu.cpp:507     Heartbeat timed out!
15:28:55 W shelly_tmcu.cpp:507     Heartbeat timed out!
15:28:56 W shelly_tmcu.cpp:507     Heartbeat timed out!
15:28:57 W shelly_tmcu.cpp:507     Heartbeat timed out!
15:28:58 W shelly_tmcu.cpp:507     Heartbeat timed out!
15:28:59 W shelly_tmcu.cpp:507     Heartbeat timed out!
15:29:00 W shelly_tmcu.cpp:507     Heartbeat timed out!
15:29:01 W shelly_tmcu.cpp:507     Heartbeat timed out!
15:29:02 W shelly_tmcu.cpp:507     Heartbeat timed out!
15:29:03 W shelly_tmcu.cpp:507     Heartbeat timed out!
15:29:04 W shelly_tmcu.cpp:507     Heartbeat timed out!
15:29:05 W shelly_tmcu.cpp:507     Heartbeat timed out!
15:29:06 W shelly_tmcu.cpp:507     Heartbeat timed out!
15:29:07 W shelly_tmcu.cpp:507     Heartbeat timed out!
15:29:08 W shelly_tmcu.cpp:507     Heartbeat timed out!
15:29:09 W shelly_tmcu.cpp:507     Heartbeat timed out!
15:29:10 W shelly_tmcu.cpp:507     Heartbeat timed out!
15:29:11 W shelly_tmcu.cpp:507     Heartbeat timed out!
15:29:12 W shelly_tmcu.cpp:507     Heartbeat timed out!
15:29:13 W shelly_tmcu.cpp:507     Heartbeat timed out!
15:29:14 W shelly_tmcu.cpp:507     Heartbeat timed out!
15:29:15 W shelly_tmcu.cpp:507     Heartbeat timed out!
15:29:16 W shelly_tmcu.cpp:507     Heartbeat timed out!
15:29:17 W shelly_tmcu.cpp:507     Heartbeat timed out!
15:29:18 W shelly_tmcu.cpp:507     Heartbeat timed out!
15:29:19 W shelly_tmcu.cpp:507     Heartbeat timed out!
15:29:20 W shelly_tmcu.cpp:507     Heartbeat timed out!
15:29:21 W shelly_tmcu.cpp:507     Heartbeat timed out!
15:29:22 W shelly_tmcu.cpp:507     Heartbeat timed out!
15:29:23 W shelly_tmcu.cpp:507     Heartbeat timed out!
15:29:24 W shelly_tmcu.cpp:507     Heartbeat timed out!
15:29:25 W shelly_tmcu.cpp:507     Heartbeat timed out!
15:29:26 W shelly_tmcu.cpp:507     Heartbeat timed out!
15:29:27 W shelly_tmcu.cpp:507     Heartbeat timed out!
15:29:28 W shelly_tmcu.cpp:507     Heartbeat timed out!
15:29:29 W shelly_tmcu.cpp:507     Heartbeat timed out!
15:29:30 W shelly_tmcu.cpp:507     Heartbeat timed out!
15:29:31 W shelly_tmcu.cpp:507     Heartbeat timed out!
15:29:32 W shelly_tmcu.cpp:507     Heartbeat timed out!
15:29:33 W shelly_tmcu.cpp:507     Heartbeat timed out!
15:29:34 W shelly_tmcu.cpp:507     Heartbeat timed out!
15:29:35 W shelly_tmcu.cpp:507     Heartbeat timed out!
15:29:36 W shelly_tmcu.cpp:507     Heartbeat timed out!
15:29:37 W shelly_tmcu.cpp:507     Heartbeat timed out!
15:29:38 W shelly_tmcu.cpp:507     Heartbeat timed out!
15:29:39 W shelly_tmcu.cpp:507     Heartbeat timed out!
15:29:40 W shelly_tmcu.cpp:507     Heartbeat timed out!
15:29:41 W shelly_tmcu.cpp:507     Heartbeat timed out!
15:29:42 W shelly_tmcu.cpp:507     Heartbeat timed out!
15:29:43 W shelly_tmcu.cpp:507     Heartbeat timed out!
15:29:44 W shelly_tmcu.cpp:507     Heartbeat timed out!
15:29:45 W shelly_tmcu.cpp:507     Heartbeat timed out!
15:29:46 W shelly_tmcu.cpp:507     Heartbeat timed out!
15:29:47 W shelly_tmcu.cpp:507     Heartbeat timed out!
15:29:48 W shelly_tmcu.cpp:507     Heartbeat timed out!
15:29:49 W shelly_tmcu.cpp:507     Heartbeat timed out!
15:29:50 W shelly_tmcu.cpp:507     Heartbeat timed out!
15:29:51 W shelly_tmcu.cpp:507     Heartbeat timed out!
15:29:52 W shelly_tmcu.cpp:507     Heartbeat timed out!
15:29:53 W shelly_tmcu.cpp:507     Heartbeat timed out!
15:29:54 W shelly_tmcu.cpp:507     Heartbeat timed out!
15:29:55 W shelly_tmcu.cpp:507     Heartbeat timed out!
15:29:56 W shelly_tmcu.cpp:507     Heartbeat timed out!
15:29:57 W shelly_tmcu.cpp:507     Heartbeat timed out!
15:29:58 W shelly_tmcu.cpp:507     Heartbeat timed out!
15:29:59 W shelly_tmcu.cpp:507     Heartbeat timed out!
15:30:00 W shelly_tmcu.cpp:507     Heartbeat timed out!
15:30:01 W shelly_tmcu.cpp:507     Heartbeat timed out!
15:30:02 W shelly_tmcu.cpp:507     Heartbeat timed out!
15:30:03 W shelly_tmcu.cpp:507     Heartbeat timed out!
15:30:04 W shelly_tmcu.cpp:507     Heartbeat timed out!
15:30:05 W shelly_tmcu.cpp:507     Heartbeat timed out!
15:30:06 W shelly_tmcu.cpp:507     Heartbeat timed out!
15:30:07 W shelly_tmcu.cpp:507     Heartbeat timed out!
15:30:08 W shelly_tmcu.cpp:507     Heartbeat timed out!
15:30:09 W shelly_tmcu.cpp:507     Heartbeat timed out!
15:30:10 W shelly_tmcu.cpp:507     Heartbeat timed out!
15:30:11 W shelly_tmcu.cpp:507     Heartbeat timed out!
15:30:12 W shelly_tmcu.cpp:507     Heartbeat timed out!
15:30:13 W shelly_tmcu.cpp:507     Heartbeat timed out!
15:30:14 W shelly_tmcu.cpp:507     Heartbeat timed out!
15:30:15 W shelly_tmcu.cpp:507     Heartbeat timed out!
15:30:16 W shelly_tmcu.cpp:507     Heartbeat timed out!
15:30:17 W shelly_tmcu.cpp:507     Heartbeat timed out!
15:30:18 W shelly_tmcu.cpp:507     Heartbeat timed out!
15:30:19 W shelly_tmcu.cpp:507     Heartbeat timed out!
15:30:20 W shelly_tmcu.cpp:507     Heartbeat timed out!
15:30:21 W shelly_tmcu.cpp:507     Heartbeat timed out!
15:30:22 W shelly_tmcu.cpp:507     Heartbeat timed out!
15:30:23 W shelly_tmcu.cpp:507     Heartbeat timed out!
15:30:24 W shelly_tmcu.cpp:507     Heartbeat timed out!
15:30:25 W shelly_tmcu.cpp:507     Heartbeat timed out!
15:30:26 W shelly_tmcu.cpp:507     Heartbeat timed out!
15:30:27 W shelly_tmcu.cpp:507     Heartbeat timed out!
15:30:28 W shelly_tmcu.cpp:507     Heartbeat timed out!
15:30:29 W shelly_tmcu.cpp:507     Heartbeat timed out!
15:30:30 W shelly_tmcu.cpp:507     Heartbeat timed out!
15:30:31 W shelly_tmcu.cpp:507     Heartbeat timed out!
15:30:32 W shelly_tmcu.cpp:507     Heartbeat timed out!
15:30:33 W shelly_tmcu.cpp:507     Heartbeat timed out!
15:30:34 W shelly_tmcu.cpp:507     Heartbeat timed out!
15:30:35 W shelly_tmcu.cpp:507     Heartbeat timed out!
15:30:36 W shelly_tmcu.cpp:507     Heartbeat timed out!
15:30:37 W shelly_tmcu.cpp:507     Heartbeat timed out!
15:30:38 W shelly_tmcu.cpp:507     Heartbeat timed out!
15:30:39 W shelly_tmcu.cpp:507     Heartbeat timed out!
15:30:40 W shelly_tmcu.cpp:507     Heartbeat timed out!
15:30:41 W shelly_tmcu.cpp:507     Heartbeat timed out!
15:30:42 W shelly_tmcu.cpp:507     Heartbeat timed out!
15:30:43 W shelly_tmcu.cpp:507     Heartbeat timed out!
15:30:44 W shelly_tmcu.cpp:507     Heartbeat timed out!
15:30:45 W shelly_tmcu.cpp:507     Heartbeat timed out!
15:30:46 W shelly_tmcu.cpp:507     Heartbeat timed out!
15:30:46 I shos_rpc_inst.c:241     Shelly.GetDeviceInfo [77021862@ShellyRPC] via GATTS peer f4:26:79:20:c5:ff,p
15:30:47 W shelly_tmcu.cpp:507     Heartbeat timed out!
15:30:48 I shos_rpc_inst.c:241     Sys.GetStatus [34703809@ShellyRPC] via GATTS peer f4:26:79:20:c5:ff,p
15:30:48 W shelly_tmcu.cpp:507     Heartbeat timed out!
15:30:49 I shos_rpc_inst.c:241     Cloud.GetStatus [43115063@ShellyRPC] via GATTS peer f4:26:79:20:c5:ff,p
15:30:49 W shelly_tmcu.cpp:507     Heartbeat timed out!
15:30:50 I shos_rpc_inst.c:241     Wifi.GetStatus [82044829@ShellyRPC] via GATTS peer f4:26:79:20:c5:ff,p
15:30:50 W shelly_tmcu.cpp:507     Heartbeat timed out!
15:30:51 I shos_rpc_inst.c:241     Wifi.Scan [16492219@ShellyRPC] via GATTS peer f4:26:79:20:c5:ff,p
15:30:51 I wifi                    I (620762) wifi:mode : sta (54:32:04:51:63:34) + softAP (54:32:04:51:63:35)
15:30:51 I wifi                    I (620772) wifi:enable tsf
15:30:51 W shelly_tmcu.cpp:507     Heartbeat timed out!
15:30:52 W shelly_tmcu.cpp:507     Heartbeat timed out!
15:30:53 W shelly_tmcu.cpp:507     Heartbeat timed out!
15:30:54 W shelly_tmcu.cpp:507     Heartbeat timed out!
15:30:55 I shos_rpc_inst.c:241     Shelly.ListMethods [34012772@ShellyRPC] via GATTS peer f4:26:79:20:c5:ff,p
15:30:55 I shos_init.cpp:108       New min heap free: 95164
15:30:55 W shelly_tmcu.cpp:507     Heartbeat timed out!
15:30:56 W shelly_tmcu.cpp:507     Heartbeat timed out!
15:30:57 W shelly_tmcu.cpp:507     Heartbeat timed out!
15:30:58 W shelly_tmcu.cpp:507     Heartbeat timed out!
15:30:59 W shelly_tmcu.cpp:507     Heartbeat timed out!
15:31:00 W shelly_tmcu.cpp:507     Heartbeat timed out!
15:31:01 W shelly_tmcu.cpp:507     Heartbeat timed out!
15:31:02 W shelly_tmcu.cpp:507     Heartbeat timed out!
15:31:03 W shelly_tmcu.cpp:507     Heartbeat timed out!
15:31:04 W shelly_tmcu.cpp:507     Heartbeat timed out!
15:31:05 W shelly_tmcu.cpp:507     Heartbeat timed out!
15:31:06 W shelly_tmcu.cpp:507     Heartbeat timed out!
15:31:07 W shelly_tmcu.cpp:507     Heartbeat timed out!
15:31:08 W shelly_tmcu.cpp:507     Heartbeat timed out!
15:31:09 W shelly_tmcu.cpp:507     Heartbeat timed out!
15:31:10 W shelly_tmcu.cpp:507     Heartbeat timed out!
15:31:11 W shelly_tmcu.cpp:507     Heartbeat timed out!
15:31:12 W shelly_tmcu.cpp:507     Heartbeat timed out!
15:31:13 W shelly_tmcu.cpp:507     Heartbeat timed out!
15:31:14 W shelly_tmcu.cpp:507     Heartbeat timed out!
15:31:15 W shelly_tmcu.cpp:507     Heartbeat timed out!
15:31:16 W shelly_tmcu.cpp:507     Heartbeat timed out!
15:31:17 W shelly_tmcu.cpp:507     Heartbeat timed out!
15:31:18 W shelly_tmcu.cpp:507     Heartbeat timed out!
15:31:19 W shelly_tmcu.cpp:507     Heartbeat timed out!
15:31:20 W shelly_tmcu.cpp:507     Heartbeat timed out!
15:31:21 W shelly_tmcu.cpp:507     Heartbeat timed out!
15:31:22 W shelly_tmcu.cpp:507     Heartbeat timed out!
15:31:23 W shelly_tmcu.cpp:507     Heartbeat timed out!
15:31:24 W shelly_tmcu.cpp:507     Heartbeat timed out!
15:31:25 W shelly_tmcu.cpp:507     Heartbeat timed out!
15:31:26 W shelly_tmcu.cpp:507     Heartbeat timed out!
15:31:27 W shelly_tmcu.cpp:507     Heartbeat timed out!
15:31:28 W shelly_tmcu.cpp:507     Heartbeat timed out!
15:31:29 W shelly_tmcu.cpp:507     Heartbeat timed out!
15:31:30 W shelly_tmcu.cpp:507     Heartbeat timed out!
15:31:31 W shelly_tmcu.cpp:507     Heartbeat timed out!
15:31:32 W shelly_tmcu.cpp:507     Heartbeat timed out!
15:31:33 W shelly_tmcu.cpp:507     Heartbeat timed out!
15:31:34 W shelly_tmcu.cpp:507     Heartbeat timed out!
15:31:35 W shelly_tmcu.cpp:507     Heartbeat timed out!
15:31:36 W shelly_tmcu.cpp:507     Heartbeat timed out!
15:31:37 W shelly_tmcu.cpp:507     Heartbeat timed out!
15:31:38 W shelly_tmcu.cpp:507     Heartbeat timed out!
15:31:39 W shelly_tmcu.cpp:507     Heartbeat timed out!
15:31:40 W shelly_tmcu.cpp:507     Heartbeat timed out!
15:31:41 W shelly_tmcu.cpp:507     Heartbeat timed out!
15:31:42 W shelly_tmcu.cpp:507     Heartbeat timed out!
15:31:43 W shelly_tmcu.cpp:507     Heartbeat timed out!
15:31:44 W shelly_tmcu.cpp:507     Heartbeat timed out!
15:31:45 W shelly_tmcu.cpp:507     Heartbeat timed out!
15:31:46 W shelly_tmcu.cpp:507     Heartbeat timed out!
15:31:47 W shelly_tmcu.cpp:507     Heartbeat timed out!
15:31:48 W shelly_tmcu.cpp:507     Heartbeat timed out!
15:31:49 I shos_rpc_inst.c:241     Shelly.GetDeviceInfo [69087869@ShellyRPC] via GATTS peer f4:26:79:20:c5:ff,p
15:31:49 W shelly_tmcu.cpp:507     Heartbeat timed out!
15:31:50 I shos_rpc_inst.c:241     Shelly.GetDeviceInfo [21004208@ShellyRPC] via GATTS peer f4:26:79:20:c5:ff,p
15:31:50 W shelly_tmcu.cpp:507     Heartbeat timed out!
15:31:51 W shelly_tmcu.cpp:507     Heartbeat timed out!
15:31:52 W shelly_tmcu.cpp:507     Heartbeat timed out!
15:31:53 W shelly_tmcu.cpp:507     Heartbeat timed out!
15:31:54 W shelly_tmcu.cpp:507     Heartbeat timed out!
15:31:55 W shelly_tmcu.cpp:507     Heartbeat timed out!
15:31:56 W shelly_tmcu.cpp:507     Heartbeat timed out!
15:31:57 W shelly_tmcu.cpp:507     Heartbeat timed out!
15:31:58 W shelly_tmcu.cpp:507     Heartbeat timed out!
15:31:59 W shelly_tmcu.cpp:507     Heartbeat timed out!
15:32:00 W shelly_tmcu.cpp:507     Heartbeat timed out!
15:32:01 W shelly_tmcu.cpp:507     Heartbeat timed out!
15:32:02 W shelly_tmcu.cpp:507     Heartbeat timed out!
15:32:03 W shelly_tmcu.cpp:507     Heartbeat timed out!
15:32:04 W shelly_tmcu.cpp:507     Heartbeat timed out!
15:32:05 W shelly_tmcu.cpp:507     Heartbeat timed out!
15:32:06 W shelly_tmcu.cpp:507     Heartbeat timed out!
15:32:07 W shelly_tmcu.cpp:507     Heartbeat timed out!
15:32:08 W shelly_tmcu.cpp:507     Heartbeat timed out!
15:32:09 W shelly_tmcu.cpp:507     Heartbeat timed out!
15:32:10 W shelly_tmcu.cpp:507     Heartbeat timed out!
15:32:11 W shelly_tmcu.cpp:507     Heartbeat timed out!
15:32:11 I shos_rpc_inst.c:241     Service.PutFile [5670407@ShellyRPC] via GATTS peer f4:26:79:20:c5:ff,p
15:32:11 I shelly_rpc_util.cpp:115 Receiving svc_0.mf
15:32:12 W shelly_tmcu.cpp:507     Heartbeat timed out!
15:32:13 W shelly_tmcu.cpp:507     Heartbeat timed out!
15:32:14 W shelly_tmcu.cpp:507     Heartbeat timed out!
15:32:15 W shelly_tmcu.cpp:507     Heartbeat timed out!
15:32:16 W shelly_tmcu.cpp:507     Heartbeat timed out!
15:32:16 I shos_rpc_inst.c:241     Service.PutFile [27020752@ShellyRPC] via GATTS peer f4:26:79:20:c5:ff,p
15:32:17 W shelly_tmcu.cpp:507     Heartbeat timed out!
15:32:18 W shelly_tmcu.cpp:507     Heartbeat timed out!
15:32:19 W shelly_tmcu.cpp:507     Heartbeat timed out!
15:32:20 W shelly_tmcu.cpp:507     Heartbeat timed out!
15:32:21 W shelly_tmcu.cpp:507     Heartbeat timed out!
15:32:22 W shelly_tmcu.cpp:507     Heartbeat timed out!
15:32:23 W shelly_tmcu.cpp:507     Heartbeat timed out!
15:32:24 W shelly_tmcu.cpp:507     Heartbeat timed out!
15:32:25 W shelly_tmcu.cpp:507     Heartbeat timed out!
15:32:26 W shelly_tmcu.cpp:507     Heartbeat timed out!
15:32:27 W shelly_tmcu.cpp:507     Heartbeat timed out!
15:32:28 W shelly_tmcu.cpp:507     Heartbeat timed out!
15:32:29 W shelly_tmcu.cpp:507     Heartbeat timed out!
15:32:30 W shelly_tmcu.cpp:507     Heartbeat timed out!
15:32:31 W shelly_tmcu.cpp:507     Heartbeat timed out!
15:32:32 W shelly_tmcu.cpp:507     Heartbeat timed out!
15:32:33 W shelly_tmcu.cpp:507     Heartbeat timed out!
15:32:34 W shelly_tmcu.cpp:507     Heartbeat timed out!
15:32:35 W shelly_tmcu.cpp:507     Heartbeat timed out!
15:32:36 W shelly_tmcu.cpp:507     Heartbeat timed out!
15:32:37 W shelly_tmcu.cpp:507     Heartbeat timed out!
15:32:38 W shelly_tmcu.cpp:507     Heartbeat timed out!
15:32:39 W shelly_tmcu.cpp:507     Heartbeat timed out!
15:32:40 W shelly_tmcu.cpp:507     Heartbeat timed out!
15:32:41 W shelly_tmcu.cpp:507     Heartbeat timed out!
15:32:42 W shelly_tmcu.cpp:507     Heartbeat timed out!
15:32:43 W shelly_tmcu.cpp:507     Heartbeat timed out!
15:32:44 W shelly_tmcu.cpp:507     Heartbeat timed out!
15:32:45 W shelly_tmcu.cpp:507     Heartbeat timed out!
15:32:46 W shelly_tmcu.cpp:507     Heartbeat timed out!
15:32:47 W shelly_tmcu.cpp:507     Heartbeat timed out!
15:32:48 W shelly_tmcu.cpp:507     Heartbeat timed out!
15:32:49 W shelly_tmcu.cpp:507     Heartbeat timed out!
15:32:50 W shelly_tmcu.cpp:507     Heartbeat timed out!
15:32:51 W shelly_tmcu.cpp:507     Heartbeat timed out!
15:32:52 W shelly_tmcu.cpp:507     Heartbeat timed out!
15:32:53 W shelly_tmcu.cpp:507     Heartbeat timed out!
15:32:54 W shelly_tmcu.cpp:507     Heartbeat timed out!
15:32:55 W shelly_tmcu.cpp:507     Heartbeat timed out!
15:32:56 W shelly_tmcu.cpp:507     Heartbeat timed out!
15:32:57 W shelly_tmcu.cpp:507     Heartbeat timed out!
15:32:58 W shelly_tmcu.cpp:507     Heartbeat timed out!
15:32:59 W shelly_tmcu.cpp:507     Heartbeat timed out!
15:33:00 W shelly_tmcu.cpp:507     Heartbeat timed out!
15:33:01 W shelly_tmcu.cpp:507     Heartbeat timed out!
15:33:01 I shos_rpc_inst.c:241     Service.PutFile [93260656@ShellyRPC] via GATTS peer f4:26:79:20:c5:ff,p
15:33:01 I shelly_rpc_util.cpp:115 Receiving svc_0.js
15:33:02 W shelly_tmcu.cpp:507     Heartbeat timed out!
15:33:03 W shelly_tmcu.cpp:507     Heartbeat timed out!
15:33:04 W shelly_tmcu.cpp:507     Heartbeat timed out!
15:33:05 W shelly_tmcu.cpp:507     Heartbeat timed out!
15:33:06 W shelly_tmcu.cpp:507     Heartbeat timed out!
15:33:07 W shelly_tmcu.cpp:507     Heartbeat timed out!
15:33:08 W shelly_tmcu.cpp:507     Heartbeat timed out!
15:33:09 W shelly_tmcu.cpp:507     Heartbeat timed out!
15:33:10 W shelly_tmcu.cpp:507     Heartbeat timed out!
15:33:11 W shelly_tmcu.cpp:507     Heartbeat timed out!
15:33:12 W shelly_tmcu.cpp:507     Heartbeat timed out!
15:33:13 W shelly_tmcu.cpp:507     Heartbeat timed out!
15:33:14 W shelly_tmcu.cpp:507     Heartbeat timed out!
15:33:15 W shelly_tmcu.cpp:507     Heartbeat timed out!
15:33:16 W shelly_tmcu.cpp:507     Heartbeat timed out!
15:33:17 W shelly_tmcu.cpp:507     Heartbeat timed out!
15:33:18 W shelly_tmcu.cpp:507     Heartbeat timed out!
15:33:19 W shelly_tmcu.cpp:507     Heartbeat timed out!
15:33:20 W shelly_tmcu.cpp:507     Heartbeat timed out!
15:33:21 W shelly_tmcu.cpp:507     Heartbeat timed out!
15:33:22 W shelly_tmcu.cpp:507     Heartbeat timed out!
15:33:23 W shelly_tmcu.cpp:507     Heartbeat timed out!
15:33:24 W shelly_tmcu.cpp:507     Heartbeat timed out!
15:33:25 W shelly_tmcu.cpp:507     Heartbeat timed out!
15:33:26 W shelly_tmcu.cpp:507     Heartbeat timed out!
15:33:27 W shelly_tmcu.cpp:507     Heartbeat timed out!
15:33:28 W shelly_tmcu.cpp:507     Heartbeat timed out!
15:33:29 W shelly_tmcu.cpp:507     Heartbeat timed out!
15:33:30 W shelly_tmcu.cpp:507     Heartbeat timed out!
15:33:31 W shelly_tmcu.cpp:507     Heartbeat timed out!
15:33:32 W shelly_tmcu.cpp:507     Heartbeat timed out!
15:33:33 W shelly_tmcu.cpp:507     Heartbeat timed out!
15:33:34 W shelly_tmcu.cpp:507     Heartbeat timed out!
15:33:35 W shelly_tmcu.cpp:507     Heartbeat timed out!
15:33:36 W shelly_tmcu.cpp:507     Heartbeat timed out!
15:33:37 W shelly_tmcu.cpp:507     Heartbeat timed out!
15:33:38 W shelly_tmcu.cpp:507     Heartbeat timed out!
15:33:39 W shelly_tmcu.cpp:507     Heartbeat timed out!
15:33:40 W shelly_tmcu.cpp:507     Heartbeat timed out!
15:33:41 W shelly_tmcu.cpp:507     Heartbeat timed out!
15:33:42 W shelly_tmcu.cpp:507     Heartbeat timed out!
15:33:43 W shelly_tmcu.cpp:507     Heartbeat timed out!
15:33:44 W shelly_tmcu.cpp:507     Heartbeat timed out!
15:33:45 W shelly_tmcu.cpp:507     Heartbeat timed out!
15:33:46 W shelly_tmcu.cpp:507     Heartbeat timed out!
15:33:47 W shelly_tmcu.cpp:507     Heartbeat timed out!
15:33:48 W shelly_tmcu.cpp:507     Heartbeat timed out!
15:33:49 W shelly_tmcu.cpp:507     Heartbeat timed out!
15:33:50 W shelly_tmcu.cpp:507     Heartbeat timed out!
15:33:51 W shelly_tmcu.cpp:507     Heartbeat timed out!
15:33:52 W shelly_tmcu.cpp:507     Heartbeat timed out!
15:33:53 W shelly_tmcu.cpp:507     Heartbeat timed out!
15:33:54 W shelly_tmcu.cpp:507     Heartbeat timed out!
15:33:55 W shelly_tmcu.cpp:507     Heartbeat timed out!
15:33:56 W shelly_tmcu.cpp:507     Heartbeat timed out!
15:33:57 W shelly_tmcu.cpp:507     Heartbeat timed out!
15:33:58 W shelly_tmcu.cpp:507     Heartbeat timed out!
15:33:59 W shelly_tmcu.cpp:507     Heartbeat timed out!
15:34:00 W shelly_tmcu.cpp:507     Heartbeat timed out!
15:34:01 W shelly_tmcu.cpp:507     Heartbeat timed out!
15:34:02 W shelly_tmcu.cpp:507     Heartbeat timed out!
15:34:03 W shelly_tmcu.cpp:507     Heartbeat timed out!
15:34:04 W shelly_tmcu.cpp:507     Heartbeat timed out!
15:34:05 W shelly_tmcu.cpp:507     Heartbeat timed out!
15:34:06 W shelly_tmcu.cpp:507     Heartbeat timed out!
15:34:07 W shelly_tmcu.cpp:507     Heartbeat timed out!
15:34:08 W shelly_tmcu.cpp:507     Heartbeat timed out!
15:34:09 W shelly_tmcu.cpp:507     Heartbeat timed out!
15:34:10 W shelly_tmcu.cpp:507     Heartbeat timed out!
15:34:11 W shelly_tmcu.cpp:507     Heartbeat timed out!
15:34:12 W shelly_tmcu.cpp:507     Heartbeat timed out!
15:34:13 W shelly_tmcu.cpp:507     Heartbeat timed out!
15:34:14 W shelly_tmcu.cpp:507     Heartbeat timed out!
15:34:15 W shelly_tmcu.cpp:507     Heartbeat timed out!
15:34:16 W shelly_tmcu.cpp:507     Heartbeat timed out!
15:34:17 W shelly_tmcu.cpp:507     Heartbeat timed out!
15:34:18 W shelly_tmcu.cpp:507     Heartbeat timed out!
15:34:19 W shelly_tmcu.cpp:507     Heartbeat timed out!
15:34:20 W shelly_tmcu.cpp:507     Heartbeat timed out!
15:34:21 W shelly_tmcu.cpp:507     Heartbeat timed out!
15:34:22 W shelly_tmcu.cpp:507     Heartbeat timed out!
15:34:23 W shelly_tmcu.cpp:507     Heartbeat timed out!
15:34:24 W shelly_tmcu.cpp:507     Heartbeat timed out!
15:34:25 W shelly_tmcu.cpp:507     Heartbeat timed out!
15:34:26 W shelly_tmcu.cpp:507     Heartbeat timed out!
15:34:27 W shelly_tmcu.cpp:507     Heartbeat timed out!
15:34:28 W shelly_tmcu.cpp:507     Heartbeat timed out!
15:34:29 W shelly_tmcu.cpp:507     Heartbeat timed out!
15:34:30 W shelly_tmcu.cpp:507     Heartbeat timed out!
15:34:31 W shelly_tmcu.cpp:507     Heartbeat timed out!
15:34:32 W shelly_tmcu.cpp:507     Heartbeat timed out!
15:34:33 W shelly_tmcu.cpp:507     Heartbeat timed out!
15:34:34 W shelly_tmcu.cpp:507     Heartbeat timed out!
15:34:35 W shelly_tmcu.cpp:507     Heartbeat timed out!
15:34:36 W shelly_tmcu.cpp:507     Heartbeat timed out!
15:34:37 W shelly_tmcu.cpp:507     Heartbeat timed out!
15:34:38 W shelly_tmcu.cpp:507     Heartbeat timed out!
15:34:39 W shelly_tmcu.cpp:507     Heartbeat timed out!
15:34:40 W shelly_tmcu.cpp:507     Heartbeat timed out!
15:34:41 W shelly_tmcu.cpp:507     Heartbeat timed out!
15:34:42 W shelly_tmcu.cpp:507     Heartbeat timed out!
15:34:43 W shelly_tmcu.cpp:507     Heartbeat timed out!
15:34:44 W shelly_tmcu.cpp:507     Heartbeat timed out!
15:34:45 W shelly_tmcu.cpp:507     Heartbeat timed out!
15:34:46 W shelly_tmcu.cpp:507     Heartbeat timed out!
15:34:47 W shelly_tmcu.cpp:507     Heartbeat timed out!
15:34:48 W shelly_tmcu.cpp:507     Heartbeat timed out!
15:34:49 W shelly_tmcu.cpp:507     Heartbeat timed out!
15:34:50 W shelly_tmcu.cpp:507     Heartbeat timed out!
15:34:51 W shelly_tmcu.cpp:507     Heartbeat timed out!
15:34:52 W shelly_tmcu.cpp:507     Heartbeat timed out!
15:34:53 W shelly_tmcu.cpp:507     Heartbeat timed out!
15:34:54 W shelly_tmcu.cpp:507     Heartbeat timed out!
15:34:55 W shelly_tmcu.cpp:507     Heartbeat timed out!
15:34:56 W shelly_tmcu.cpp:507     Heartbeat timed out!
15:34:57 W shelly_tmcu.cpp:507     Heartbeat timed out!
15:34:58 W shelly_tmcu.cpp:507     Heartbeat timed out!
15:34:59 W shelly_tmcu.cpp:507     Heartbeat timed out!
15:35:00 W shelly_tmcu.cpp:507     Heartbeat timed out!
15:35:01 W shelly_tmcu.cpp:507     Heartbeat timed out!
15:35:02 W shelly_tmcu.cpp:507     Heartbeat timed out!
15:35:03 W shelly_tmcu.cpp:507     Heartbeat timed out!
15:35:04 W shelly_tmcu.cpp:507     Heartbeat timed out!
15:35:05 W shelly_tmcu.cpp:507     Heartbeat timed out!
15:35:06 W shelly_tmcu.cpp:507     Heartbeat timed out!
15:35:07 W shelly_tmcu.cpp:507     Heartbeat timed out!
15:35:08 W shelly_tmcu.cpp:507     Heartbeat timed out!
15:35:09 W shelly_tmcu.cpp:507     Heartbeat timed out!
15:35:10 W shelly_tmcu.cpp:507     Heartbeat timed out!
15:35:11 W shelly_tmcu.cpp:507     Heartbeat timed out!
15:35:12 W shelly_tmcu.cpp:507     Heartbeat timed out!
15:35:13 W shelly_tmcu.cpp:507     Heartbeat timed out!
15:35:14 W shelly_tmcu.cpp:507     Heartbeat timed out!
15:35:15 W shelly_tmcu.cpp:507     Heartbeat timed out!
15:35:16 W shelly_tmcu.cpp:507     Heartbeat timed out!
15:35:17 W shelly_tmcu.cpp:507     Heartbeat timed out!
15:35:18 W shelly_tmcu.cpp:507     Heartbeat timed out!
15:35:19 W shelly_tmcu.cpp:507     Heartbeat timed out!
15:35:20 W shelly_tmcu.cpp:507     Heartbeat timed out!
15:35:21 W shelly_tmcu.cpp:507     Heartbeat timed out!
15:35:22 W shelly_tmcu.cpp:507     Heartbeat timed out!
15:35:23 W shelly_tmcu.cpp:507     Heartbeat timed out!
15:35:24 W shelly_tmcu.cpp:507     Heartbeat timed out!
15:35:25 W shelly_tmcu.cpp:507     Heartbeat timed out!
15:35:26 W shelly_tmcu.cpp:507     Heartbeat timed out!
15:35:27 W shelly_tmcu.cpp:507     Heartbeat timed out!
15:35:28 W shelly_tmcu.cpp:507     Heartbeat timed out!
15:35:29 W shelly_tmcu.cpp:507     Heartbeat timed out!
15:35:30 W shelly_tmcu.cpp:507     Heartbeat timed out!
15:35:31 W shelly_tmcu.cpp:507     Heartbeat timed out!
15:35:32 W shelly_tmcu.cpp:507     Heartbeat timed out!
15:35:33 W shelly_tmcu.cpp:507     Heartbeat timed out!
15:35:34 W shelly_tmcu.cpp:507     Heartbeat timed out!
15:35:35 W shelly_tmcu.cpp:507     Heartbeat timed out!
15:35:36 W shelly_tmcu.cpp:507     Heartbeat timed out!
15:35:37 W shelly_tmcu.cpp:507     Heartbeat timed out!
15:35:38 W shelly_tmcu.cpp:507     Heartbeat timed out!
15:35:39 W shelly_tmcu.cpp:507     Heartbeat timed out!
15:35:40 W shelly_tmcu.cpp:507     Heartbeat timed out!
15:35:41 W shelly_tmcu.cpp:507     Heartbeat timed out!
15:35:42 W shelly_tmcu.cpp:507     Heartbeat timed out!
15:35:43 W shelly_tmcu.cpp:507     Heartbeat timed out!
15:35:44 W shelly_tmcu.cpp:507     Heartbeat timed out!
15:35:45 W shelly_tmcu.cpp:507     Heartbeat timed out!
15:35:46 W shelly_tmcu.cpp:507     Heartbeat timed out!
15:35:47 W shelly_tmcu.cpp:507     Heartbeat timed out!
15:35:48 W shelly_tmcu.cpp:507     Heartbeat timed out!
15:35:49 W shelly_tmcu.cpp:507     Heartbeat timed out!
15:35:50 W shelly_tmcu.cpp:507     Heartbeat timed out!
15:35:51 W shelly_tmcu.cpp:507     Heartbeat timed out!
15:35:52 W shelly_tmcu.cpp:507     Heartbeat timed out!
15:35:53 W shelly_tmcu.cpp:507     Heartbeat timed out!
15:35:54 W shelly_tmcu.cpp:507     Heartbeat timed out!
15:35:55 W shelly_tmcu.cpp:507     Heartbeat timed out!
15:35:56 W shelly_tmcu.cpp:507     Heartbeat timed out!
15:35:57 W shelly_tmcu.cpp:507     Heartbeat timed out!
15:35:58 W shelly_tmcu.cpp:507     Heartbeat timed out!
15:35:59 W shelly_tmcu.cpp:507     Heartbeat timed out!
15:36:00 W shelly_tmcu.cpp:507     Heartbeat timed out!
15:36:01 W shelly_tmcu.cpp:507     Heartbeat timed out!
15:36:02 W shelly_tmcu.cpp:507     Heartbeat timed out!
15:36:03 W shelly_tmcu.cpp:507     Heartbeat timed out!
15:36:04 W shelly_tmcu.cpp:507     Heartbeat timed out!
15:36:05 W shelly_tmcu.cpp:507     Heartbeat timed out!
15:36:06 W shelly_tmcu.cpp:507     Heartbeat timed out!
15:36:07 W shelly_tmcu.cpp:507     Heartbeat timed out!
15:36:08 W shelly_tmcu.cpp:507     Heartbeat timed out!
15:36:09 W shelly_tmcu.cpp:507     Heartbeat timed out!
15:36:10 W shelly_tmcu.cpp:507     Heartbeat timed out!
15:36:11 W shelly_tmcu.cpp:507     Heartbeat timed out!
15:36:12 W shelly_tmcu.cpp:507     Heartbeat timed out!
15:36:13 W shelly_tmcu.cpp:507     Heartbeat timed out!
15:36:14 W shelly_tmcu.cpp:507     Heartbeat timed out!
15:36:15 W shelly_tmcu.cpp:507     Heartbeat timed out!
15:36:16 W shelly_tmcu.cpp:507     Heartbeat timed out!
15:36:17 W shelly_tmcu.cpp:507     Heartbeat timed out!
15:36:18 W shelly_tmcu.cpp:507     Heartbeat timed out!
15:36:19 W shelly_tmcu.cpp:507     Heartbeat timed out!
15:36:20 W shelly_tmcu.cpp:507     Heartbeat timed out!
15:36:21 W shelly_tmcu.cpp:507     Heartbeat timed out!
15:36:22 W shelly_tmcu.cpp:507     Heartbeat timed out!
15:36:23 W shelly_tmcu.cpp:507     Heartbeat timed out!
15:36:24 W shelly_tmcu.cpp:507     Heartbeat timed out!
15:36:25 W shelly_tmcu.cpp:507     Heartbeat timed out!
15:36:26 W shelly_tmcu.cpp:507     Heartbeat timed out!
15:36:27 W shelly_tmcu.cpp:507     Heartbeat timed out!
15:36:28 W shelly_tmcu.cpp:507     Heartbeat timed out!
15:36:29 W shelly_tmcu.cpp:507     Heartbeat timed out!
15:36:30 W shelly_tmcu.cpp:507     Heartbeat timed out!
15:36:31 W shelly_tmcu.cpp:507     Heartbeat timed out!
15:36:32 W shelly_tmcu.cpp:507     Heartbeat timed out!
15:36:33 W shelly_tmcu.cpp:507     Heartbeat timed out!
15:36:34 W shelly_tmcu.cpp:507     Heartbeat timed out!
15:36:35 W shelly_tmcu.cpp:507     Heartbeat timed out!
15:36:36 W shelly_tmcu.cpp:507     Heartbeat timed out!
15:36:37 W shelly_tmcu.cpp:507     Heartbeat timed out!
15:36:38 W shelly_tmcu.cpp:507     Heartbeat timed out!
15:36:39 W shelly_tmcu.cpp:507     Heartbeat timed out!
15:36:40 W shelly_tmcu.cpp:507     Heartbeat timed out!
15:36:41 W shelly_tmcu.cpp:507     Heartbeat timed out!
15:36:42 W shelly_tmcu.cpp:507     Heartbeat timed out!
15:36:43 W shelly_tmcu.cpp:507     Heartbeat timed out!
15:36:44 W shelly_tmcu.cpp:507     Heartbeat timed out!
15:36:45 W shelly_tmcu.cpp:507     Heartbeat timed out!
15:36:46 W shelly_tmcu.cpp:507     Heartbeat timed out!
15:36:47 W shelly_tmcu.cpp:507     Heartbeat timed out!
15:36:48 W shelly_tmcu.cpp:507     Heartbeat timed out!
15:36:49 W shelly_tmcu.cpp:507     Heartbeat timed out!
15:36:50 W shelly_tmcu.cpp:507     Heartbeat timed out!
15:36:51 W shelly_tmcu.cpp:507     Heartbeat timed out!
15:36:52 W shelly_tmcu.cpp:507     Heartbeat timed out!
15:36:53 W shelly_tmcu.cpp:507     Heartbeat timed out!
15:36:54 W shelly_tmcu.cpp:507     Heartbeat timed out!
15:36:55 W shelly_tmcu.cpp:507     Heartbeat timed out!
15:36:56 W shelly_tmcu.cpp:507     Heartbeat timed out!
15:36:57 W shelly_tmcu.cpp:507     Heartbeat timed out!
15:36:58 W shelly_tmcu.cpp:507     Heartbeat timed out!
15:36:59 W shelly_tmcu.cpp:507     Heartbeat timed out!
15:37:00 W shelly_tmcu.cpp:507     Heartbeat timed out!
15:37:01 W shelly_tmcu.cpp:507     Heartbeat timed out!
15:37:02 W shelly_tmcu.cpp:507     Heartbeat timed out!
15:37:03 W shelly_tmcu.cpp:507     Heartbeat timed out!
15:37:04 W shelly_tmcu.cpp:507     Heartbeat timed out!
15:37:05 W shelly_tmcu.cpp:507     Heartbeat timed out!
15:37:06 W shelly_tmcu.cpp:507     Heartbeat timed out!
15:37:07 W shelly_tmcu.cpp:507     Heartbeat timed out!
15:37:08 W shelly_tmcu.cpp:507     Heartbeat timed out!
15:37:09 W shelly_tmcu.cpp:507     Heartbeat timed out!
15:37:10 W shelly_tmcu.cpp:507     Heartbeat timed out!
15:37:11 W shelly_tmcu.cpp:507     Heartbeat timed out!
15:37:12 W shelly_tmcu.cpp:507     Heartbeat timed out!
15:37:13 W shelly_tmcu.cpp:507     Heartbeat timed out!
15:37:14 W shelly_tmcu.cpp:507     Heartbeat timed out!
15:37:15 W shelly_tmcu.cpp:507     Heartbeat timed out!
15:37:16 W shelly_tmcu.cpp:507     Heartbeat timed out!
15:37:17 W shelly_tmcu.cpp:507     Heartbeat timed out!
15:37:18 W shelly_tmcu.cpp:507     Heartbeat timed out!
15:37:19 W shelly_tmcu.cpp:507     Heartbeat timed out!
15:37:20 W shelly_tmcu.cpp:507     Heartbeat timed out!
15:37:21 W shelly_tmcu.cpp:507     Heartbeat timed out!
15:37:22 W shelly_tmcu.cpp:507     Heartbeat timed out!
15:37:23 W shelly_tmcu.cpp:507     Heartbeat timed out!
15:37:24 W shelly_tmcu.cpp:507     Heartbeat timed out!
15:37:25 W shelly_tmcu.cpp:507     Heartbeat timed out!
15:37:26 W shelly_tmcu.cpp:507     Heartbeat timed out!
15:37:27 W shelly_tmcu.cpp:507     Heartbeat timed out!
15:37:28 W shelly_tmcu.cpp:507     Heartbeat timed out!
15:37:29 W shelly_tmcu.cpp:507     Heartbeat timed out!
15:37:30 W shelly_tmcu.cpp:507     Heartbeat timed out!
15:37:31 W shelly_tmcu.cpp:507     Heartbeat timed out!
15:37:32 W shelly_tmcu.cpp:507     Heartbeat timed out!
15:37:33 W shelly_tmcu.cpp:507     Heartbeat timed out!
15:37:34 W shelly_tmcu.cpp:507     Heartbeat timed out!
15:37:35 W shelly_tmcu.cpp:507     Heartbeat timed out!
15:37:36 W shelly_tmcu.cpp:507     Heartbeat timed out!
15:37:37 W shelly_tmcu.cpp:507     Heartbeat timed out!
15:37:38 W shelly_tmcu.cpp:507     Heartbeat timed out!
15:37:39 W shelly_tmcu.cpp:507     Heartbeat timed out!
15:37:40 W shelly_tmcu.cpp:507     Heartbeat timed out!
15:37:41 W shelly_tmcu.cpp:507     Heartbeat timed out!
15:37:42 W shelly_tmcu.cpp:507     Heartbeat timed out!
15:37:43 W shelly_tmcu.cpp:507     Heartbeat timed out!
15:37:44 W shelly_tmcu.cpp:507     Heartbeat timed out!
15:37:45 W shelly_tmcu.cpp:507     Heartbeat timed out!
15:37:46 W shelly_tmcu.cpp:507     Heartbeat timed out!
15:37:47 W shelly_tmcu.cpp:507     Heartbeat timed out!
15:37:48 W shelly_tmcu.cpp:507     Heartbeat timed out!
15:37:49 W shelly_tmcu.cpp:507     Heartbeat timed out!
15:37:50 W shelly_tmcu.cpp:507     Heartbeat timed out!
15:37:51 W shelly_tmcu.cpp:507     Heartbeat timed out!
15:37:52 W shelly_tmcu.cpp:507     Heartbeat timed out!
15:37:53 W shelly_tmcu.cpp:507     Heartbeat timed out!
15:37:54 W shelly_tmcu.cpp:507     Heartbeat timed out!
15:37:55 W shelly_tmcu.cpp:507     Heartbeat timed out!
15:37:56 W shelly_tmcu.cpp:507     Heartbeat timed out!
15:37:57 W shelly_tmcu.cpp:507     Heartbeat timed out!
15:37:58 W shelly_tmcu.cpp:507     Heartbeat timed out!
15:37:59 W shelly_tmcu.cpp:507     Heartbeat timed out!
15:38:00 W shelly_tmcu.cpp:507     Heartbeat timed out!
15:38:01 W shelly_tmcu.cpp:507     Heartbeat timed out!
15:38:02 W shelly_tmcu.cpp:507     Heartbeat timed out!
15:38:03 W shelly_tmcu.cpp:507     Heartbeat timed out!
15:38:04 W shelly_tmcu.cpp:507     Heartbeat timed out!
15:38:05 W shelly_tmcu.cpp:507     Heartbeat timed out!
15:38:06 W shelly_tmcu.cpp:507     Heartbeat timed out!
15:38:07 W shelly_tmcu.cpp:507     Heartbeat timed out!
15:38:08 W shelly_tmcu.cpp:507     Heartbeat timed out!
15:38:09 W shelly_tmcu.cpp:507     Heartbeat timed out!
15:38:10 W shelly_tmcu.cpp:507     Heartbeat timed out!
15:38:11 W shelly_tmcu.cpp:507     Heartbeat timed out!
15:38:12 W shelly_tmcu.cpp:507     Heartbeat timed out!
15:38:13 W shelly_tmcu.cpp:507     Heartbeat timed out!
15:38:14 W shelly_tmcu.cpp:507     Heartbeat timed out!
15:38:15 W shelly_tmcu.cpp:507     Heartbeat timed out!
15:38:16 W shelly_tmcu.cpp:507     Heartbeat timed out!
15:38:17 W shelly_tmcu.cpp:507     Heartbeat timed out!
15:38:18 W shelly_tmcu.cpp:507     Heartbeat timed out!
15:38:19 W shelly_tmcu.cpp:507     Heartbeat timed out!
15:38:20 W shelly_tmcu.cpp:507     Heartbeat timed out!
15:38:21 W shelly_tmcu.cpp:507     Heartbeat timed out!
15:38:22 W shelly_tmcu.cpp:507     Heartbeat timed out!
15:38:23 W shelly_tmcu.cpp:507     Heartbeat timed out!
15:38:24 W shelly_tmcu.cpp:507     Heartbeat timed out!
15:38:25 W shelly_tmcu.cpp:507     Heartbeat timed out!
15:38:26 W shelly_tmcu.cpp:507     Heartbeat timed out!
15:38:27 W shelly_tmcu.cpp:507     Heartbeat timed out!
15:38:28 W shelly_tmcu.cpp:507     Heartbeat timed out!
15:38:29 W shelly_tmcu.cpp:507     Heartbeat timed out!
15:38:30 W shelly_tmcu.cpp:507     Heartbeat timed out!
15:38:31 W shelly_tmcu.cpp:507     Heartbeat timed out!
15:38:32 W shelly_tmcu.cpp:507     Heartbeat timed out!
15:38:33 W shelly_tmcu.cpp:507     Heartbeat timed out!
15:38:34 W shelly_tmcu.cpp:507     Heartbeat timed out!
15:38:35 W shelly_tmcu.cpp:507     Heartbeat timed out!
15:38:36 W shelly_tmcu.cpp:507     Heartbeat timed out!
15:38:37 W shelly_tmcu.cpp:507     Heartbeat timed out!
15:38:38 W shelly_tmcu.cpp:507     Heartbeat timed out!
15:38:39 W shelly_tmcu.cpp:507     Heartbeat timed out!
15:38:40 W shelly_tmcu.cpp:507     Heartbeat timed out!
15:38:41 W shelly_tmcu.cpp:507     Heartbeat timed out!
15:38:42 W shelly_tmcu.cpp:507     Heartbeat timed out!
15:38:43 W shelly_tmcu.cpp:507     Heartbeat timed out!
15:38:44 W shelly_tmcu.cpp:507     Heartbeat timed out!
15:38:45 W shelly_tmcu.cpp:507     Heartbeat timed out!
15:38:46 W shelly_tmcu.cpp:507     Heartbeat timed out!
15:38:47 W shelly_tmcu.cpp:507     Heartbeat timed out!
15:38:48 W shelly_tmcu.cpp:507     Heartbeat timed out!
15:38:49 W shelly_tmcu.cpp:507     Heartbeat timed out!
15:38:50 W shelly_tmcu.cpp:507     Heartbeat timed out!
15:38:51 W shelly_tmcu.cpp:507     Heartbeat timed out!
15:38:52 W shelly_tmcu.cpp:507     Heartbeat timed out!
15:38:53 W shelly_tmcu.cpp:507     Heartbeat timed out!
15:38:54 W shelly_tmcu.cpp:507     Heartbeat timed out!
15:38:55 W shelly_tmcu.cpp:507     Heartbeat timed out!
15:38:56 W shelly_tmcu.cpp:507     Heartbeat timed out!
15:38:57 W shelly_tmcu.cpp:507     Heartbeat timed out!
15:38:58 W shelly_tmcu.cpp:507     Heartbeat timed out!
15:38:59 W shelly_tmcu.cpp:507     Heartbeat timed out!
15:39:00 W shelly_tmcu.cpp:507     Heartbeat timed out!
15:39:01 W shelly_tmcu.cpp:507     Heartbeat timed out!
15:39:02 W shelly_tmcu.cpp:507     Heartbeat timed out!
15:39:03 W shelly_tmcu.cpp:507     Heartbeat timed out!
15:39:04 W shelly_tmcu.cpp:507     Heartbeat timed out!
15:39:05 W shelly_tmcu.cpp:507     Heartbeat timed out!
15:39:06 W shelly_tmcu.cpp:507     Heartbeat timed out!
15:39:07 W shelly_tmcu.cpp:507     Heartbeat timed out!
15:39:08 W shelly_tmcu.cpp:507     Heartbeat timed out!
15:39:09 W shelly_tmcu.cpp:507     Heartbeat timed out!
15:39:10 W shelly_tmcu.cpp:507     Heartbeat timed out!
15:39:11 W shelly_tmcu.cpp:507     Heartbeat timed out!
15:39:12 W shelly_tmcu.cpp:507     Heartbeat timed out!
15:39:13 W shelly_tmcu.cpp:507     Heartbeat timed out!
15:39:14 W shelly_tmcu.cpp:507     Heartbeat timed out!
15:39:15 W shelly_tmcu.cpp:507     Heartbeat timed out!
15:39:16 W shelly_tmcu.cpp:507     Heartbeat timed out!
15:39:17 W shelly_tmcu.cpp:507     Heartbeat timed out!
15:39:18 W shelly_tmcu.cpp:507     Heartbeat timed out!
15:39:19 W shelly_tmcu.cpp:507     Heartbeat timed out!
15:39:20 W shelly_tmcu.cpp:507     Heartbeat timed out!
15:39:21 W shelly_tmcu.cpp:507     Heartbeat timed out!
15:39:22 W shelly_tmcu.cpp:507     Heartbeat timed out!
15:39:23 W shelly_tmcu.cpp:507     Heartbeat timed out!
15:39:24 W shelly_tmcu.cpp:507     Heartbeat timed out!
15:39:25 W shelly_tmcu.cpp:507     Heartbeat timed out!
15:39:26 W shelly_tmcu.cpp:507     Heartbeat timed out!
15:39:27 W shelly_tmcu.cpp:507     Heartbeat timed out!
15:39:28 W shelly_tmcu.cpp:507     Heartbeat timed out!
15:39:29 W shelly_tmcu.cpp:507     Heartbeat timed out!
15:39:30 W shelly_tmcu.cpp:507     Heartbeat timed out!
15:39:31 W shelly_tmcu.cpp:507     Heartbeat timed out!
15:39:32 W shelly_tmcu.cpp:507     Heartbeat timed out!
15:39:33 W shelly_tmcu.cpp:507     Heartbeat timed out!
15:39:34 W shelly_tmcu.cpp:507     Heartbeat timed out!
15:39:35 W shelly_tmcu.cpp:507     Heartbeat timed out!
15:39:36 W shelly_tmcu.cpp:507     Heartbeat timed out!
15:39:37 W shelly_tmcu.cpp:507     Heartbeat timed out!
15:39:38 W shelly_tmcu.cpp:507     Heartbeat timed out!
15:39:39 W shelly_tmcu.cpp:507     Heartbeat timed out!
15:39:40 W shelly_tmcu.cpp:507     Heartbeat timed out!
15:39:41 W shelly_tmcu.cpp:507     Heartbeat timed out!
15:39:42 W shelly_tmcu.cpp:507     Heartbeat timed out!
15:39:43 W shelly_tmcu.cpp:507     Heartbeat timed out!
15:39:44 W shelly_tmcu.cpp:507     Heartbeat timed out!
15:39:45 W shelly_tmcu.cpp:507     Heartbeat timed out!
15:39:46 W shelly_tmcu.cpp:507     Heartbeat timed out!
15:39:47 W shelly_tmcu.cpp:507     Heartbeat timed out!
15:39:48 W shelly_tmcu.cpp:507     Heartbeat timed out!
15:39:49 W shelly_tmcu.cpp:507     Heartbeat timed out!
15:39:50 W shelly_tmcu.cpp:507     Heartbeat timed out!
15:39:51 W shelly_tmcu.cpp:507     Heartbeat timed out!
15:39:52 W shelly_tmcu.cpp:507     Heartbeat timed out!
15:39:53 W shelly_tmcu.cpp:507     Heartbeat timed out!
15:39:54 W shelly_tmcu.cpp:507     Heartbeat timed out!
15:39:55 W shelly_tmcu.cpp:507     Heartbeat timed out!
15:39:56 W shelly_tmcu.cpp:507     Heartbeat timed out!
15:39:57 W shelly_tmcu.cpp:507     Heartbeat timed out!
15:39:58 W shelly_tmcu.cpp:507     Heartbeat timed out!
15:39:59 W shelly_tmcu.cpp:507     Heartbeat timed out!
15:40:00 W shelly_tmcu.cpp:507     Heartbeat timed out!
15:40:01 W shelly_tmcu.cpp:507     Heartbeat timed out!
15:40:02 W shelly_tmcu.cpp:507     Heartbeat timed out!
15:40:03 W shelly_tmcu.cpp:507     Heartbeat timed out!
15:40:04 W shelly_tmcu.cpp:507     Heartbeat timed out!
15:40:05 W shelly_tmcu.cpp:507     Heartbeat timed out!
15:40:06 W shelly_tmcu.cpp:507     Heartbeat timed out!
15:40:07 W shelly_tmcu.cpp:507     Heartbeat timed out!
15:40:08 W shelly_tmcu.cpp:507     Heartbeat timed out!
15:40:09 W shelly_tmcu.cpp:507     Heartbeat timed out!
15:40:10 W shelly_tmcu.cpp:507     Heartbeat timed out!
15:40:11 W shelly_tmcu.cpp:507     Heartbeat timed out!
15:40:12 W shelly_tmcu.cpp:507     Heartbeat timed out!
15:40:13 W shelly_tmcu.cpp:507     Heartbeat timed out!
15:40:14 I bt_nimble_gatts.cpp:401 DISCONNECT f4:26:79:20:c5:ff,p ch 1 reason 531
15:40:14 I luetooth_server.cpp:185 BLE advertising enabled (RPC 1/0, auth 0, disc 1, locked 0, svcs 2, bond 0)
15:40:14 I y_notifications.cpp:168 Status change of ble: {"flags":["advertising"]}
15:40:14 W shelly_tmcu.cpp:507     Heartbeat timed out!
15:40:15 W shelly_tmcu.cpp:507     Heartbeat timed out!
15:40:16 W shelly_tmcu.cpp:507     Heartbeat timed out!
15:40:17 W shelly_tmcu.cpp:507     Heartbeat timed out!
15:40:18 W shelly_tmcu.cpp:507     Heartbeat timed out!
15:40:19 I bt_nimble_gatts.cpp:364 CONNECT f4:26:79:20:c5:ff,p ch 2 st 0 PM 247 M 23
15:40:19 W shelly_tmcu.cpp:507     Heartbeat timed out!
15:40:19 I luetooth_server.cpp:185 BLE advertising enabled (RPC 1/0, auth 0, disc 1, locked 0, svcs 2, bond 0)
15:40:19 I y_notifications.cpp:168 Status change of ble: {"flags":["advertising","connected"]}
15:40:20 W shelly_tmcu.cpp:507     Heartbeat timed out!
15:40:21 I shos_rpc_inst.c:241     Shelly.GetDeviceInfo [20575668@ShellyRPC] via GATTS peer f4:26:79:20:c5:ff,p
15:40:21 W shelly_tmcu.cpp:507     Heartbeat timed out!
15:40:22 I shos_rpc_inst.c:241     Sys.GetStatus [94993937@ShellyRPC] via GATTS peer f4:26:79:20:c5:ff,p
15:40:22 W shelly_tmcu.cpp:507     Heartbeat timed out!
15:40:23 I shos_rpc_inst.c:241     Cloud.GetStatus [56612221@ShellyRPC] via GATTS peer f4:26:79:20:c5:ff,p
15:40:23 W shelly_tmcu.cpp:507     Heartbeat timed out!
15:40:23 I shos_rpc_inst.c:241     Wifi.GetStatus [42355120@ShellyRPC] via GATTS peer f4:26:79:20:c5:ff,p
15:40:23 W wifi                    W (1193652) wifi:Haven't to connect to a suitable AP now!
15:40:24 W shelly_tmcu.cpp:507     Heartbeat timed out!
15:40:24 I shos_rpc_inst.c:241     Wifi.Scan [96238726@ShellyRPC] via GATTS peer f4:26:79:20:c5:ff,p
15:40:25 W shelly_tmcu.cpp:507     Heartbeat timed out!
15:40:26 W shelly_tmcu.cpp:507     Heartbeat timed out!
15:40:27 W shelly_tmcu.cpp:507     Heartbeat timed out!
15:40:28 W shelly_tmcu.cpp:507     Heartbeat timed out!
15:40:28 I shos_rpc_inst.c:241     Shelly.ListMethods [53335159@ShellyRPC] via GATTS peer f4:26:79:20:c5:ff,p
15:40:29 I shos_init.cpp:108       New min heap free: 95072
15:40:29 W shelly_tmcu.cpp:507     Heartbeat timed out!
15:40:30 W shelly_tmcu.cpp:507     Heartbeat timed out!
15:40:31 W shelly_tmcu.cpp:507     Heartbeat timed out!
15:40:32 W shelly_tmcu.cpp:507     Heartbeat timed out!
15:40:32 I shos_rpc_inst.c:241     Shelly.GetDeviceInfo [27328803@ShellyRPC] via GATTS peer f4:26:79:20:c5:ff,p
15:40:33 W shelly_tmcu.cpp:507     Heartbeat timed out!
15:40:34 I shos_rpc_inst.c:241     Shelly.GetDeviceInfo [85875945@ShellyRPC] via GATTS peer f4:26:79:20:c5:ff,p
15:40:34 W shelly_tmcu.cpp:507     Heartbeat timed out!
15:40:35 W shelly_tmcu.cpp:507     Heartbeat timed out!
15:40:36 W shelly_tmcu.cpp:507     Heartbeat timed out!
15:40:37 W shelly_tmcu.cpp:507     Heartbeat timed out!
15:40:38 W shelly_tmcu.cpp:507     Heartbeat timed out!
15:40:39 W shelly_tmcu.cpp:507     Heartbeat timed out!
15:40:40 W shelly_tmcu.cpp:507     Heartbeat timed out!
15:40:41 W shelly_tmcu.cpp:507     Heartbeat timed out!
15:40:42 W shelly_tmcu.cpp:507     Heartbeat timed out!
15:40:43 W shelly_tmcu.cpp:507     Heartbeat timed out!
15:40:44 W shelly_tmcu.cpp:507     Heartbeat timed out!
15:40:45 W shelly_tmcu.cpp:507     Heartbeat timed out!
15:40:46 W shelly_tmcu.cpp:507     Heartbeat timed out!
15:40:47 W shelly_tmcu.cpp:507     Heartbeat timed out!
15:40:48 W shelly_tmcu.cpp:507     Heartbeat timed out!
15:40:49 I shos_rpc_inst.c:241     Service.PutFile [42140587@ShellyRPC] via GATTS peer f4:26:79:20:c5:ff,p
15:40:49 I shelly_rpc_util.cpp:115 Receiving svc_0.mf
15:40:49 W shelly_tmcu.cpp:507     Heartbeat timed out!
15:40:50 W shelly_tmcu.cpp:507     Heartbeat timed out!
15:40:50 I shos_rpc_inst.c:241     Service.PutFile [31615314@ShellyRPC] via GATTS peer f4:26:79:20:c5:ff,p
15:40:51 W shelly_tmcu.cpp:507     Heartbeat timed out!
15:40:52 W shelly_tmcu.cpp:507     Heartbeat timed out!
15:40:53 W shelly_tmcu.cpp:507     Heartbeat timed out!
15:40:54 W shelly_tmcu.cpp:507     Heartbeat timed out!
15:40:55 W shelly_tmcu.cpp:507     Heartbeat timed out!
15:40:56 W shelly_tmcu.cpp:507     Heartbeat timed out!
15:40:57 W shelly_tmcu.cpp:507     Heartbeat timed out!
15:40:58 W shelly_tmcu.cpp:507     Heartbeat timed out!
15:40:59 W shelly_tmcu.cpp:507     Heartbeat timed out!
15:41:00 W shelly_tmcu.cpp:507     Heartbeat timed out!
15:41:01 W shelly_tmcu.cpp:507     Heartbeat timed out!
15:41:02 W shelly_tmcu.cpp:507     Heartbeat timed out!
15:41:03 W shelly_tmcu.cpp:507     Heartbeat timed out!
15:41:04 W shelly_tmcu.cpp:507     Heartbeat timed out!
15:41:05 I shos_rpc_inst.c:241     Service.PutFile [17815100@ShellyRPC] via GATTS peer f4:26:79:20:c5:ff,p
15:41:05 I shelly_rpc_util.cpp:115 Receiving svc_0.js
15:41:05 W shelly_tmcu.cpp:507     Heartbeat timed out!
15:41:06 W shelly_tmcu.cpp:507     Heartbeat timed out!
15:41:07 W shelly_tmcu.cpp:507     Heartbeat timed out!
15:41:08 W shelly_tmcu.cpp:507     Heartbeat timed out!
15:41:09 W shelly_tmcu.cpp:507     Heartbeat timed out!
15:41:10 W shelly_tmcu.cpp:507     Heartbeat timed out!
15:41:11 W shelly_tmcu.cpp:507     Heartbeat timed out!
15:41:12 W shelly_tmcu.cpp:507     Heartbeat timed out!
15:41:13 W shelly_tmcu.cpp:507     Heartbeat timed out!
15:41:14 W shelly_tmcu.cpp:507     Heartbeat timed out!
15:41:15 W shelly_tmcu.cpp:507     Heartbeat timed out!
15:41:16 W shelly_tmcu.cpp:507     Heartbeat timed out!
15:41:17 I shos_rpc_inst.c:241     Service.PutFile [61415664@ShellyRPC] via GATTS peer f4:26:79:20:c5:ff,p
15:41:17 W shelly_tmcu.cpp:507     Heartbeat timed out!
15:41:18 W shelly_tmcu.cpp:507     Heartbeat timed out!
15:41:19 W shelly_tmcu.cpp:507     Heartbeat timed out!
15:41:20 W shelly_tmcu.cpp:507     Heartbeat timed out!
15:41:21 W shelly_tmcu.cpp:507     Heartbeat timed out!
15:41:22 W shelly_tmcu.cpp:507     Heartbeat timed out!
15:41:23 W shelly_tmcu.cpp:507     Heartbeat timed out!
15:41:24 W shelly_tmcu.cpp:507     Heartbeat timed out!
15:41:25 W shelly_tmcu.cpp:507     Heartbeat timed out!
15:41:26 W shelly_tmcu.cpp:507     Heartbeat timed out!
15:41:27 W shelly_tmcu.cpp:507     Heartbeat timed out!
15:41:28 W shelly_tmcu.cpp:507     Heartbeat timed out!
15:41:29 W shelly_tmcu.cpp:507     Heartbeat timed out!
15:41:30 W shelly_tmcu.cpp:507     Heartbeat timed out!
15:41:31 I shos_rpc_inst.c:241     Service.PutFile [63180383@ShellyRPC] via GATTS peer f4:26:79:20:c5:ff,p
15:41:31 I shelly_rpc_util.cpp:115 Receiving svc_0.ui.gz
15:41:31 W shelly_tmcu.cpp:507     Heartbeat timed out!
15:41:32 W shelly_tmcu.cpp:507     Heartbeat timed out!
15:41:33 W shelly_tmcu.cpp:507     Heartbeat timed out!
15:41:34 W shelly_tmcu.cpp:507     Heartbeat timed out!
15:41:35 W shelly_tmcu.cpp:507     Heartbeat timed out!
15:41:36 W shelly_tmcu.cpp:507     Heartbeat timed out!
15:41:37 W shelly_tmcu.cpp:507     Heartbeat timed out!
15:41:38 W shelly_tmcu.cpp:507     Heartbeat timed out!
15:41:39 W shelly_tmcu.cpp:507     Heartbeat timed out!
15:41:40 W shelly_tmcu.cpp:507     Heartbeat timed out!
15:41:41 W shelly_tmcu.cpp:507     Heartbeat timed out!
15:41:42 W shelly_tmcu.cpp:507     Heartbeat timed out!
15:41:43 W shelly_tmcu.cpp:507     Heartbeat timed out!
15:41:44 W shelly_tmcu.cpp:507     Heartbeat timed out!
15:41:45 I shos_rpc_inst.c:241     Service.PutFile [90036553@ShellyRPC] via GATTS peer f4:26:79:20:c5:ff,p
15:41:45 W shelly_tmcu.cpp:507     Heartbeat timed out!
15:41:46 W shelly_tmcu.cpp:507     Heartbeat timed out!
15:41:47 W shelly_tmcu.cpp:507     Heartbeat timed out!
15:41:48 W shelly_tmcu.cpp:507     Heartbeat timed out!
15:41:49 W shelly_tmcu.cpp:507     Heartbeat timed out!
15:41:50 W shelly_tmcu.cpp:507     Heartbeat timed out!
15:41:51 W shelly_tmcu.cpp:507     Heartbeat timed out!
15:41:52 W shelly_tmcu.cpp:507     Heartbeat timed out!
15:41:53 W shelly_tmcu.cpp:507     Heartbeat timed out!
15:41:54 W shelly_tmcu.cpp:507     Heartbeat timed out!
15:41:55 W shelly_tmcu.cpp:507     Heartbeat timed out!
15:41:56 W shelly_tmcu.cpp:507     Heartbeat timed out!
15:41:57 W shelly_tmcu.cpp:507     Heartbeat timed out!
15:41:58 W shelly_tmcu.cpp:507     Heartbeat timed out!
15:41:59 I shos_rpc_inst.c:241     Service.PutFile [99519060@ShellyRPC] via GATTS peer f4:26:79:20:c5:ff,p
15:41:59 W shelly_tmcu.cpp:507     Heartbeat timed out!
15:42:00 W shelly_tmcu.cpp:507     Heartbeat timed out!
15:42:01 W shelly_tmcu.cpp:507     Heartbeat timed out!
15:42:02 W shelly_tmcu.cpp:507     Heartbeat timed out!
15:42:03 W shelly_tmcu.cpp:507     Heartbeat timed out!
15:42:04 W shelly_tmcu.cpp:507     Heartbeat timed out!
15:42:05 W shelly_tmcu.cpp:507     Heartbeat timed out!
15:42:06 W shelly_tmcu.cpp:507     Heartbeat timed out!
15:42:07 I shos_rpc_inst.c:241     Service.PutFile [53571494@ShellyRPC] via GATTS peer f4:26:79:20:c5:ff,p
15:42:07 W shelly_tmcu.cpp:507     Heartbeat timed out!
15:42:08 I shos_rpc_inst.c:241     Service.Install [63506550@ShellyRPC] via GATTS peer f4:26:79:20:c5:ff,p
15:42:08 I elly_vc_manager.cpp:147 role current_limit matched: number:200
15:42:08 I elly_vc_manager.cpp:147 role mode matched: enum:200
15:42:08 I elly_vc_manager.cpp:147 role phase_info matched: object:200
15:42:08 I elly_vc_manager.cpp:147 role session_duration matched: number:201
15:42:08 I elly_vc_manager.cpp:147 role session_energy matched: number:202
15:42:08 I elly_vc_manager.cpp:147 role state matched: boolean:200
15:42:08 I ly_virtual_base.cpp:488 Persistent status save
15:42:08 I ponents_storage.cpp:469 Dynamic components storage committed Virtual:number:200
15:42:08 I elly_vc_manager.cpp:180 upd current_limit [number:200] cfg={"name":"Current limit","min":6,"max":16,"default_value":16,"meta":{"cloud":["log"],"ui":{"view":"slider","unit":"A","step":1}},"persisted":true} ok? OK
15:42:08 I ly_virtual_base.cpp:497 Persistent status deleted
15:42:08 I ponents_storage.cpp:469 Dynamic components storage committed Virtual:enum:200
15:42:08 I elly_vc_manager.cpp:180 upd mode [enum:200] cfg={"name":"Charger mode","options":["charger_free","charger_insert","charger_free_fault","charger_wait","charger_charging","charger_pause","charger_end","charger_fault"],"default_value":"charger_free","meta":{"cloud":["log"],"ui":{"view":"label","titles":{"charger_free":"Free","charger_insert":"Insert","charger_free_fault":"Free fault","charger_wait":"Wait","charger_charging":"Charging","charger_pause":"Pause","charger_end":"End","charger_fault":"Fault"}}}} ok? OK
15:42:08 I ponents_storage.cpp:469 Dynamic components storage committed Virtual:object:200
15:42:09 I elly_vc_manager.cpp:180 upd phase_info [object:200] cfg={"name":"Consumption","meta":{"cloud":["bymin"],"ui":{"unit":"kWh"}}} ok? OK
15:42:09 I ly_virtual_base.cpp:497 Persistent status deleted
15:42:09 I ponents_storage.cpp:469 Dynamic components storage committed Virtual:number:201
15:42:09 I elly_vc_manager.cpp:180 upd session_duration [number:201] cfg={"name":"Session duration","default_value":0,"min":0,"max":50000,"meta":{"cloud":["log"],"ui":{"view":"label","unit":"min"}}} ok? OK
15:42:09 I ly_virtual_base.cpp:497 Persistent status deleted
15:42:09 I ponents_storage.cpp:469 Dynamic components storage committed Virtual:number:202
15:42:09 I elly_vc_manager.cpp:180 upd session_energy [number:202] cfg={"name":"Session energy","default_value":0,"min":0,"max":9999999999,"meta":{"cloud":["log"],"ui":{"view":"label","unit":"kWh"}}} ok? OK
15:42:09 I ly_virtual_base.cpp:488 Persistent status save
15:42:09 I ponents_storage.cpp:469 Dynamic components storage committed Virtual:boolean:200
15:42:09 I elly_vc_manager.cpp:180 upd state [boolean:200] cfg={"name":"Charging","default_value":false,"persisted":true,"meta":{"cloud":["log"],"ui":{"view":"toggle","titles":["Off","On"]}}} ok? OK
15:42:10 I ponents_storage.cpp:469 Dynamic components storage committed Service:service:0
15:42:10 I shelly_service.cpp:352  service:0: UPD {"etag":"fdb77abc46eb740c879713cd39cfa004"} OK
15:42:10 I shos_system.c:66        Rebooting in 1000 ms
15:42:10 I shelly_service.cpp:483  service:0: state terminated -> terminated; ntf? 1
15:42:10 I shelly_service.cpp:365  service:0 installed (took 2.200603 s), rebooting...
15:42:10 I shos_init.cpp:108       New min heap free: 91768
15:42:10 W shelly_tmcu.cpp:507     Heartbeat timed out!
15:42:10 I y_notifications.cpp:168 Status change of sys: {"cfg_rev":8}
15:42:10 I y_notifications.cpp:213 Event from number:200: {"component":"number:200","id":200,"event":"config_changed","restart_required":false,"ts":1789971743.25,"cfg_rev":14}
15:42:10 I y_notifications.cpp:168 Status change of sys: {"cfg_rev":9}
15:42:10 I y_notifications.cpp:213 Event from enum:200: {"component":"enum:200","id":200,"event":"config_changed","restart_required":false,"ts":1789971743.56,"cfg_rev":14}
15:42:10 I y_notifications.cpp:168 Status change of sys: {"cfg_rev":10}
15:42:10 I y_notifications.cpp:213 Event from object:200: {"component":"object:200","id":200,"event":"config_changed","restart_required":false,"ts":1789971744.00,"cfg_rev":14}
15:42:10 I y_notifications.cpp:168 Status change of sys: {"cfg_rev":11}
15:42:10 I y_notifications.cpp:213 Event from number:201: {"component":"number:201","id":201,"event":"config_changed","restart_required":false,"ts":1789971744.26,"cfg_rev":14}
15:42:10 I y_notifications.cpp:168 Status change of sys: {"cfg_rev":12}
15:42:10 I y_notifications.cpp:213 Event from number:202: {"component":"number:202","id":202,"event":"config_changed","restart_required":false,"ts":1789971744.52,"cfg_rev":14}
15:42:10 I y_notifications.cpp:168 Status change of sys: {"cfg_rev":13}
15:42:10 I y_notifications.cpp:213 Event from boolean:200: {"component":"boolean:200","id":200,"event":"config_changed","restart_required":false,"ts":1789971744.84,"cfg_rev":14}
15:42:10 I y_notifications.cpp:168 Status change of sys: {"cfg_rev":14}
15:42:10 I y_notifications.cpp:213 Event from service:0: {"component":"service:0","id":0,"event":"config_changed","restart_required":false,"ts":1789971745.12,"cfg_rev":14}
15:42:10 I y_notifications.cpp:213 Event from sys: {"component":"sys", "event":"scheduled_restart", "time_ms": 761, "ts":1789971745.38}
15:42:11 I bt_nimble_gatts.cpp:401 DISCONNECT f4:26:79:20:c5:ff,p ch 2 reason 534
15:42:11 I luetooth_server.cpp:185 BLE advertising enabled (RPC 1/0, auth 0, disc 1, locked 0, svcs 2, bond 0)
15:42:11 I y_notifications.cpp:168 Status change of ble: {"flags":["advertising"]}
15:42:11 I shos_vfs.c:1104         Unmounting filesystems
15:42:11 I shos_lwip.cpp:214       wa(0x3fcaf888): Status down
15:42:11 I shos_lwip.cpp:207       wa(0x3fcaf888): Removed
15:42:11 I wifi                    I (1301142) wifi:mode : null
15:42:11 I wifi                    I (1301142) wifi:flush txq
15:42:11 I wifi                    I (1301152) wifi:stop sw txq
15:42:11 I wifi                    I (1301152) wifi:lmac stop hw txq
15:42:11 I shos_system.c:49        Restarting
15:42:11 ESP-ROM:esp32c3-api1-20210207
15:42:11 Build:Feb  7 2021
15:42:11 rst:0xc (RTC_SW_CPU_RST),boot:0xc (SPI_FAST_FLASH_BOOT)
15:42:11 Saved PC:0x42015d1c
15:42:11 SPIWP:0xee
15:42:11 mode:DIO, clock div:1
15:42:11 load:0x3fcd5820,len:0x1110
15:42:11 load:0x403cbf10,len:0x16c4
15:42:11 load:0x403ce710,len:0x2964
15:42:11 entry 0x403cbf1a
15:42:11 boot: Shelly OS loader 1.0.3 (IDF 5.5.2-s6)
15:42:11 boot: chip revision: v0.4
15:42:11 boot: efuse block revision: v1.3
15:42:11 boot.esp32c3: SPI Speed      : 80MHz
15:42:11 boot.esp32c3: SPI Mode       : DIO
15:42:11 boot.esp32c3: SPI Flash Size : 8MB
15:42:11 boot: Enabling RNG early entropy source...
15:42:11 boot: Partition Table @ 0x10000 (a00c9381):
15:42:11 boot: ## Label            Usage          Type ST Offset   Length   F
15:42:11 boot:  0 otadata          OTA data         01 00 00011000 00002000 1
15:42:11 boot:  1 nvs              WiFi data        01 02 00014000 0000c000 0
15:42:11 boot:  2 app_0            OTA app          00 10 00020000 00300000 1
15:42:11 boot:  3 fs_0             FS               01 82 00320000 000e0000 1
15:42:11 boot:  4 app_1            OTA app          00 11 00400000 00300000 1
15:42:11 boot:  5 fs_1             FS               01 82 00700000 000e0000 1
15:42:11 boot:  6 scratch          Unknown data     01 80 007e0000 00010000 1
15:42:11 boot:  7 shelly           Factory data     01 88 007f0000 00010000 1
15:42:11 boot: End of partition table
15:42:11 shos_ota: Read BS0: seq 2609240005 as 1 rs 0 ba 2 mfs 0 c 1 | v 1
15:42:11 shos_ota: Read BS1: seq 2609240005 as 1 rs 0 ba 2 mfs 0 c 1 | v 1
15:42:11 shos_ota: Booting app 1
15:42:11 esp_image: segment 0: paddr=00400020 vaddr=3c230020 size=475dch (292316) map
15:42:11 esp_image: segment 1: paddr=00447604 vaddr=3fc91e00 size=02d48h ( 11592) load
15:42:11 esp_image: segment 2: paddr=0044a354 vaddr=40380000 size=05cc4h ( 23748) load
15:42:11 esp_image: segment 3: paddr=00450020 vaddr=42000020 size=22a570h (2270576) map
15:42:12 esp_image: segment 4: paddr=0067a598 vaddr=40385cc4 size=0c078h ( 49272) load
15:42:12 esp_image: segment 5: paddr=00686618 vaddr=50000280 size=00020h (    32) load
15:42:12 boot: Loaded app from partition at offset 0x400000
15:42:12 boot: Disabling RNG early entropy source...
15:42:12 cpu_start: Unicore app
15:42:12 cpu_start: GPIO 20 and 21 are used as console UART I/O pins
15:42:12 cpu_start: Pro cpu start user code
15:42:12 cpu_start: cpu freq: 160000000 Hz
15:42:12 app_init: Application information:
15:42:12 app_init: Project name:     XC3
15:42:12 app_init: App version:      2.0.0
15:42:12 app_init: ELF file SHA256:  6c563b670...
15:42:12 app_init: ESP-IDF:          5.5.4-s2
15:42:12 efuse_init: Min chip rev:     v0.3
15:42:12 efuse_init: Max chip rev:     v1.99 
15:42:12 efuse_init: Chip rev:         v0.4
15:42:12 heap_init: Initializing. RAM available for dynamic allocation:
15:42:12 heap_init: At 3FC9B8E0 len 00024720 (145 KiB): RAM
15:42:12 heap_init: At 3FCC0000 len 0001C710 (113 KiB): Retention RAM
15:42:12 heap_init: At 3FCDC710 len 00002950 (10 KiB): Retention RAM
15:42:12 heap_init: At 500002A0 len 00001D38 (7 KiB): RTCRAM
15:42:12 spi_flash: detected chip: gd
15:42:12 spi_flash: flash io: qio
15:42:12 sleep_gpio: Configure to isolate all GPIO pins in sleep state
15:42:12 sleep_gpio: Enable automatic switching of GPIO sleep configuration
15:42:12 I shos_freertos.c:45      XC3 2.0.0 (20260921-060046/2.0.0-beta11xciohttpfix-g35669f3)
15:42:12 I shos_freertos.c:46      CPU: 160 MHz, FreeRTOS 10.5.1, heap: 280728 total, 246700 free
15:42:12 I shos_esp32xx_main.c:100 ESP-IDF 5.5.4-s2; pt @ 0x10000; boot part: app_1; flash: 8M
15:42:12 I shos_vfs_dev.c:73       otadata: esp32part ({"label": "otadata"}), size 8192
15:42:12 I shos_vfs_dev.c:73       nvs: esp32part ({"label": "nvs"}), size 49152
15:42:12 I shos_vfs_dev.c:73       app_0: esp32part ({"label": "app_0"}), size 3145728
15:42:12 I shos_vfs_dev.c:73       fs_0: esp32part ({"label": "fs_0"}), size 917504
15:42:12 I shos_vfs_dev.c:73       app_1: esp32part ({"label": "app_1"}), size 3145728
15:42:12 I shos_vfs_dev.c:73       fs_1: esp32part ({"label": "fs_1"}), size 917504
15:42:12 I shos_vfs_dev.c:73       scratch: esp32part ({"label": "scratch"}), size 65536
15:42:12 I shos_vfs_dev.c:73       shelly: esp32part ({"label": "shelly"}), size 65536
15:42:12 I shos_vfs.c:182          /: LFS @ fs_1, opts {"bs":4096,"is":128}
15:42:12 I shos_vfs_lfs.c:58       LFS 2.1 size 917504 bs 4096 is 128 cs 128 => 0
15:42:12 I shos_vfs.c:357          /: size 917504, used: 552960, free: 364544
15:42:12 I shos_sys_config.c:180   MAC: 54:32:04:51:63:34
15:42:12 I shos_sys_config.c:196   Time: 0, LKGT: 1789970446
15:42:12 I shos_time.cpp:65        Setting time from LKGT (1789970446.000 delta +1789970445.727)
15:42:12 I shos_wifi.c:257         WiFi mode: AP
15:42:12 I pp                      pp rom version: 9387209
15:42:12 I net80211                net80211 rom version: 9387209
15:42:12 I wifi                    I (1090) wifi:wifi driver task: 3fcaa38c, prio:23, stack:6656, core=0
15:42:12 I wifi                    I (1100) wifi:wifi firmware version: 0947e8b
15:42:12 I wifi                    I (1100) wifi:wifi certification version: v7.0
15:42:12 I wifi                    I (1110) wifi:config NVS flash: enabled
15:42:12 I wifi                    I (1120) wifi:config nano formatting: disabled
15:42:12 I wifi                    I (1120) wifi:Init data frame dynamic rx buffer num: 4
15:42:12 I wifi                    I (1130) wifi:Init static rx mgmt buffer num: 5
15:42:12 I wifi                    I (1140) wifi:Init management short buffer num: 32
15:42:12 I wifi                    I (1140) wifi:Init dynamic tx buffer num: 4
15:42:12 I wifi                    I (1150) wifi:Init static tx FG buffer num: 2
15:42:12 I wifi                    I (1160) wifi:Init static rx buffer size: 1600
15:42:12 I wifi                    I (1160) wifi:Init static rx buffer num: 4
15:42:12 I wifi                    I (1170) wifi:Init dynamic rx buffer num: 4
15:42:12 I wifi_init               rx ba win: 4
15:42:12 I os_esp32xx_wifi.cpp:468 WiFi AP: SSID apq11dev-543204516334, channel 10
15:42:12 I phy_init                phy_version 1232,d493f299,Aug 25 2025,19:01:20
15:42:12 I wifi                    I (1230) wifi:mode : softAP (54:32:04:51:63:35)
15:42:12 I wifi                    I (1230) wifi:Total power save buffer number: 2
15:42:12 I wifi                    I (1240) wifi:Init max length of beacon: 752/752
15:42:12 I wifi                    I (1250) wifi:Init max length of beacon: 752/752
15:42:12 I hos_lwip_eth_if.cpp:298 wa(0x3fcaf888): MAC: 54:32:04:51:63:35, MTU: 1500, IP: 192.168.33.1/255.255.255.0 gw 192.168.33.1 (server)
15:42:12 I shos_lwip.cpp:204       wa(0x3fcaf888): Added
15:42:12 I shos_lwip.cpp:214       wa(0x3fcaf888): Status up
15:42:12 I shos_lwip.cpp:228       wa(0x3fcaf888): IPv6 addrs: fe80::5632:4ff:fe51:6335,t0
15:42:12 I hos_http_server.cpp:201 Listening on 0.0.0.0:80
15:42:12 I _rpc_channel_mqtt.c:215 0x3fcafd28 apq11dev-543204516334/rpc
15:42:12 I _rpc_channel_uart.c:297 0x3fcaffd0 UART0
15:42:12 I lly_factory_data.cpp:69 Factory data (config): version 2, model=S3XT-0S batch=XC3-dev-001 key=(282 bytes)
15:42:12 I shelly_xmod.cpp:344     xmod: deviceid apq11dev-????????????
15:42:12 I shelly_xmod.cpp:481     xmod: "Q11 DevKit test" by "Ampere Point" (v2)
15:42:12 I shelly.cpp:569          Shelly init
15:42:12 I shos_lwip.cpp:210       wa(0x3fcaf888): Link up
15:42:12 I hos_lwip_eth_if.cpp:563 Starting: wa(0x3fcaf888) DHCP server
15:42:12 I wip_dhcp_server.cpp:103 wa(0x3fcaf888): DHCP server: 192.168.33.2 - 192.168.33.100, t 600
15:42:12 I shelly.cpp:494          Reset reason: ESP_RST_SW RestartInfo flags: 0x0001 Quick restarts: 1
15:42:12 I shelly_sys.cpp:1022     Provision: unmanaged requested, 0 -> 4
15:42:12 I pm                      Frequency switching config: CPU_MAX: 160, APB_MAX: 160, APB_MIN: 160, Light sleep: DISABLED
15:42:12 I shelly_sys.cpp:884      Eco mode disabled
15:42:12 I helly_bluetooth.cpp:569 Provision state: 4, was_online: 0
15:42:12 I shelly_scripts.cpp:84   Loaded 0 scripts
15:42:12 I ponents_storage.cpp:201 Loaded dynamic components storage (revision: 14, total: 7, free: 0, size 2304, error 0)
15:42:12 I y_replay_tracker.hpp:88 BTHR: loaded 0 counters
15:42:12 I elly_xmod_xc_sys.cpp:55 sys.btn: io=9 gpio=9
15:42:12 I elly_xmod_xc_sys.cpp:65 sys.led: io=8 gpio=8 t=2
15:42:12 I shelly_xmod_xc.cpp:192  xc: mod=DevKitM-1 io=[0,1,-1,3,4,5,6,7,8,9,10,-1,-1,-1,-1,-1,-1,-1,18,19]
15:42:12 I lly_xmod_xc_tmcu.cpp:73 Creating tmcu: uart=1 rx=5 tx=4 baud=9600
15:42:12 E shos_event.cpp:189      Group STY is aready registered
15:42:12 I shelly_tmcu.cpp:416     tmcu uart=1 rx=5 tx=4 baud=9600
15:42:12 I shelly_modbus.cpp:643   Started ModbusTCP server on port 502
15:42:12 I luetooth_server.cpp:185 BLE advertising enabled (RPC 1/0, auth 0, disc 1, locked 0, svcs 2, bond 0)
15:42:12 I shos_init.cpp:66        Init done, RAM: 278036 total, 138244 free, 132176 min free
15:42:13 I 2xx_ota_backend.cpp:837 Not storing core dumps
15:42:13 I shos_init.cpp:108       New min heap free: 130776
15:42:13 I BLE_INIT                BT controller compile version [b7de11e]
15:42:13 I BLE_INIT                Put all controller code in flash
15:42:13 I BLE_INIT                Using main XTAL as clock source
15:42:13 W BLE_INIT                light sleep mode will not be able to apply when bluetooth is enabled.
15:42:13 I BLE_INIT                Bluetooth MAC: 54:32:04:51:63:36
15:42:13 I shos_bt_nimble.cpp:226  Bluetooth init ok, MTU 247
15:42:13 I bt_nimble_store.cpp:240 BT bonding disabled (0 of 20)
15:42:13 I shos_init.cpp:108       New min heap free: 109960
15:42:13 I luetooth_server.cpp:185 BLE advertising enabled (RPC 1/0, auth 0, disc 1, locked 0, svcs 2, bond 0)
15:42:13 I y_notifications.cpp:213 Event from sys: {"component":"sys","event":"provision_unmanaged","ts":1789970446.46}
15:42:13 I y_notifications.cpp:168 Status change of service:0: {"dev_mode":true}
15:42:13 I y_notifications.cpp:168 Status change of sys: {"provisioning":null}
15:42:13 I shelly_service.cpp:276  service:0: vc current_limit -> number:200
15:42:13 I shelly_service.cpp:276  service:0: vc mode -> enum:200
15:42:13 I shelly_service.cpp:276  service:0: vc phase_info -> object:200
15:42:13 I shelly_service.cpp:276  service:0: vc session_duration -> number:201
15:42:13 I shelly_service.cpp:276  service:0: vc session_energy -> number:202
15:42:13 I shelly_service.cpp:276  service:0: vc state -> boolean:200
15:42:13 I shelly_service.cpp:290  service:0 loaded
15:42:13 I shelly_service.cpp:160  service:0: Load: OK
15:42:13 I shos_init.cpp:108       New min heap free: 103960
15:42:13 I bt_nimble_store.cpp:644 Loaded IRK
15:42:13 I shos_bt_nimble.cpp:138  BLE MAC: 54:32:04:51:63:36
15:42:13 I luetooth_server.cpp:185 BLE advertising enabled (RPC 1/0, auth 0, disc 1, locked 0, svcs 2, bond 0)
15:42:13 I y_notifications.cpp:168 Status change of ble: {"flags":["advertising"]}
15:42:13 I shos_init.cpp:108       New min heap free: 103944
15:42:13 I shos_lwip.cpp:228       wa(0x3fcaf888): IPv6 addrs: fe80::5632:4ff:fe51:6335,t1
15:42:14 I shelly_service.cpp:483  service:0: state init -> running; ntf? 1
15:42:14 I shelly_service.cpp:459  service:0: Running!
15:42:14 I y_notifications.cpp:168 Status change of service:0: {"state":"running"}
15:42:14 I y_notifications.cpp:168 Status change of object:200: {"source":"sys","value":{"phase_a":{"voltage":0,"current":0,"power":0},"phase_b":{"voltage":0,"current":0,"power":0},"phase_c":{"voltage":0,"current":0,"power":0},"total_current":0,"total_power":0,"total_act_energy":0,"counter":{"total":0,"minute_ts":1789970400,"by_minute":[0,0,0]}}}
15:42:14 I shos_init.cpp:108       New min heap free: 103924
15:42:14 I shos_lwip.cpp:228       wa(0x3fcaf888): IPv6 addrs: fe80::5632:4ff:fe51:6335,P
15:42:14 W shelly_tmcu.cpp:507     Heartbeat timed out!
15:42:15 I ns_sd_responder.cpp:236 wa(0x3fcaf888): Announced apq11dev-543204516334.local any@any (192.168.33.1)
15:42:15 I ns_sd_responder.cpp:236 wa(0x3fcaf888): Announced shelly.local any@WiFi AP (192.168.33.1)
15:42:15 I shos_init.cpp:108       New min heap free: 103900
15:42:15 W shelly_tmcu.cpp:507     Heartbeat timed out!
15:42:16 I bt_nimble_gatts.cpp:364 CONNECT f4:26:79:20:c5:ff,p ch 1 st 0 PM 247 M 23
15:42:16 I luetooth_server.cpp:185 BLE advertising enabled (RPC 1/0, auth 0, disc 1, locked 0, svcs 2, bond 0)
15:42:16 I shos_init.cpp:108       New min heap free: 103832
15:42:16 I y_notifications.cpp:168 Status change of ble: {"flags":["advertising","connected"]}
15:42:16 W shelly_tmcu.cpp:507     Heartbeat timed out!
15:42:16 I ns_sd_responder.cpp:236 wa(0x3fcaf888): Announced shelly.local any@WiFi AP (fe80::5632:4ff:fe51:6335)
15:42:16 I ns_sd_responder.cpp:236 wa(0x3fcaf888): Announced apq11dev-543204516334.local any@any (fe80::5632:4ff:fe51:6335)
15:42:17 I shos_rpc_inst.c:241     Shelly.GetDeviceInfo [15787648@ShellyRPC] via GATTS peer f4:26:79:20:c5:ff,p
15:42:17 W shelly_tmcu.cpp:507     Heartbeat timed out!
15:42:18 I shos_rpc_inst.c:241     Service.GetResources [10746855@ShellyRPC] via GATTS peer f4:26:79:20:c5:ff,p
15:42:18 W shelly_tmcu.cpp:507     Heartbeat timed out!
15:42:18 I shos_rpc_inst.c:241     Service.GetStatus [72937623@ShellyRPC] via GATTS peer f4:26:79:20:c5:ff,p
15:42:19 W shelly_tmcu.cpp:507     Heartbeat timed out!
15:42:20 W shelly_tmcu.cpp:507     Heartbeat timed out!
15:42:21 W shelly_tmcu.cpp:507     Heartbeat timed out!
15:42:22 W shelly_tmcu.cpp:507     Heartbeat timed out!
15:42:23 W shelly_tmcu.cpp:507     Heartbeat timed out!
15:42:24 W shelly_tmcu.cpp:507     Heartbeat timed out!
15:42:25 W shelly_tmcu.cpp:507     Heartbeat timed out!
15:42:26 W shelly_tmcu.cpp:507     Heartbeat timed out!
15:42:27 W shelly_tmcu.cpp:507     Heartbeat timed out!
15:42:28 W shelly_tmcu.cpp:507     Heartbeat timed out!
15:42:29 W shelly_tmcu.cpp:507     Heartbeat timed out!
15:42:30 W shelly_tmcu.cpp:507     Heartbeat timed out!
15:42:31 W shelly_tmcu.cpp:507     Heartbeat timed out!
15:42:32 W shelly_tmcu.cpp:507     Heartbeat timed out!
15:42:33 W shelly_tmcu.cpp:507     Heartbeat timed out!
15:42:34 W shelly_tmcu.cpp:507     Heartbeat timed out!
15:42:35 W shelly_tmcu.cpp:507     Heartbeat timed out!
15:42:36 W shelly_tmcu.cpp:507     Heartbeat timed out!
15:42:37 W shelly_tmcu.cpp:507     Heartbeat timed out!
15:42:38 W shelly_tmcu.cpp:507     Heartbeat timed out!
15:42:39 W shelly_tmcu.cpp:507     Heartbeat timed out!
15:42:40 W shelly_tmcu.cpp:507     Heartbeat timed out!
15:42:41 W shelly_tmcu.cpp:507     Heartbeat timed out!
15:42:42 W shelly_tmcu.cpp:507     Heartbeat timed out!
15:42:43 W shelly_tmcu.cpp:507     Heartbeat timed out!
15:42:43 I shelly_script.cpp:204   service:0 0.8% CPU utilization
15:42:44 W shelly_tmcu.cpp:507     Heartbeat timed out!
15:42:45 W shelly_tmcu.cpp:507     Heartbeat timed out!
15:42:46 W shelly_tmcu.cpp:507     Heartbeat timed out!
15:42:47 W shelly_tmcu.cpp:507     Heartbeat timed out!
15:42:48 W shelly_tmcu.cpp:507     Heartbeat timed out!
15:42:49 W shelly_tmcu.cpp:507     Heartbeat timed out!
15:42:50 W shelly_tmcu.cpp:507     Heartbeat timed out!
15:42:51 W shelly_tmcu.cpp:507     Heartbeat timed out!
15:42:52 W shelly_tmcu.cpp:507     Heartbeat timed out!
15:42:53 W shelly_tmcu.cpp:507     Heartbeat timed out!
15:42:54 W shelly_tmcu.cpp:507     Heartbeat timed out!
15:42:55 W shelly_tmcu.cpp:507     Heartbeat timed out!
15:42:56 W shelly_tmcu.cpp:507     Heartbeat timed out!
15:42:57 W shelly_tmcu.cpp:507     Heartbeat timed out!
15:42:58 W shelly_tmcu.cpp:507     Heartbeat timed out!
15:42:59 W shelly_tmcu.cpp:507     Heartbeat timed out!
15:43:00 W shelly_tmcu.cpp:507     Heartbeat timed out!
15:43:01 W shelly_tmcu.cpp:507     Heartbeat timed out!
15:43:02 W shelly_tmcu.cpp:507     Heartbeat timed out!
15:43:03 W shelly_tmcu.cpp:507     Heartbeat timed out!
15:43:04 W shelly_tmcu.cpp:507     Heartbeat timed out!
15:43:05 W shelly_tmcu.cpp:507     Heartbeat timed out!
15:43:06 W shelly_tmcu.cpp:507     Heartbeat timed out!
15:43:07 W shelly_tmcu.cpp:507     Heartbeat timed out!
15:43:08 W shelly_tmcu.cpp:507     Heartbeat timed out!
15:43:09 W shelly_tmcu.cpp:507     Heartbeat timed out!
15:43:10 W shelly_tmcu.cpp:507     Heartbeat timed out!
15:43:11 W shelly_tmcu.cpp:507     Heartbeat timed out!
15:43:12 W shelly_tmcu.cpp:507     Heartbeat timed out!
15:43:13 W shelly_tmcu.cpp:507     Heartbeat timed out!
15:43:13 I shelly_script.cpp:204   service:0 0.0% CPU utilization
15:43:14 W shelly_tmcu.cpp:507     Heartbeat timed out!
15:43:15 W shelly_tmcu.cpp:507     Heartbeat timed out!
15:43:16 W shelly_tmcu.cpp:507     Heartbeat timed out!
15:43:17 W shelly_tmcu.cpp:507     Heartbeat timed out!
15:43:18 W shelly_tmcu.cpp:507     Heartbeat timed out!
15:43:19 W shelly_tmcu.cpp:507     Heartbeat timed out!
15:43:20 W shelly_tmcu.cpp:507     Heartbeat timed out!
15:43:21 W shelly_tmcu.cpp:507     Heartbeat timed out!
15:43:22 W shelly_tmcu.cpp:507     Heartbeat timed out!
15:43:23 W shelly_tmcu.cpp:507     Heartbeat timed out!
15:43:24 W shelly_tmcu.cpp:507     Heartbeat timed out!
15:43:25 W shelly_tmcu.cpp:507     Heartbeat timed out!
15:43:26 W shelly_tmcu.cpp:507     Heartbeat timed out!
15:43:27 W shelly_tmcu.cpp:507     Heartbeat timed out!
15:43:28 W shelly_tmcu.cpp:507     Heartbeat timed out!
15:43:29 W shelly_tmcu.cpp:507     Heartbeat timed out!
15:43:30 W shelly_tmcu.cpp:507     Heartbeat timed out!
15:43:31 W shelly_tmcu.cpp:507     Heartbeat timed out!
15:43:32 W shelly_tmcu.cpp:507     Heartbeat timed out!
15:43:33 W shelly_tmcu.cpp:507     Heartbeat timed out!
15:43:34 W shelly_tmcu.cpp:507     Heartbeat timed out!
15:43:35 W shelly_tmcu.cpp:507     Heartbeat timed out!
15:43:36 W shelly_tmcu.cpp:507     Heartbeat timed out!
15:43:37 W shelly_tmcu.cpp:507     Heartbeat timed out!
15:43:38 W shelly_tmcu.cpp:507     Heartbeat timed out!
15:43:39 W shelly_tmcu.cpp:507     Heartbeat timed out!
15:43:40 W shelly_tmcu.cpp:507     Heartbeat timed out!
15:43:41 W shelly_tmcu.cpp:507     Heartbeat timed out!
15:43:42 W shelly_tmcu.cpp:507     Heartbeat timed out!
15:43:43 W shelly_tmcu.cpp:507     Heartbeat timed out!
15:43:43 I shelly_script.cpp:204   service:0 0.0% CPU utilization
15:43:44 W shelly_tmcu.cpp:507     Heartbeat timed out!
15:43:45 W shelly_tmcu.cpp:507     Heartbeat timed out!
15:43:46 W shelly_tmcu.cpp:507     Heartbeat timed out!
15:43:47 W shelly_tmcu.cpp:507     Heartbeat timed out!
15:43:48 W shelly_tmcu.cpp:507     Heartbeat timed out!
15:43:49 W shelly_tmcu.cpp:507     Heartbeat timed out!
15:43:50 W shelly_tmcu.cpp:507     Heartbeat timed out!
15:43:51 W shelly_tmcu.cpp:507     Heartbeat timed out!
15:43:52 W shelly_tmcu.cpp:507     Heartbeat timed out!
15:43:53 W shelly_tmcu.cpp:507     Heartbeat timed out!
15:43:54 W shelly_tmcu.cpp:507     Heartbeat timed out!
15:43:55 W shelly_tmcu.cpp:507     Heartbeat timed out!
15:43:56 W shelly_tmcu.cpp:507     Heartbeat timed out!
15:43:57 W shelly_tmcu.cpp:507     Heartbeat timed out!
15:43:58 W shelly_tmcu.cpp:507     Heartbeat timed out!
15:43:59 W shelly_tmcu.cpp:507     Heartbeat timed out!
15:44:00 W shelly_tmcu.cpp:507     Heartbeat timed out!
15:44:01 W shelly_tmcu.cpp:507     Heartbeat timed out!
15:44:02 W shelly_tmcu.cpp:507     Heartbeat timed out!
15:44:03 W shelly_tmcu.cpp:507     Heartbeat timed out!
15:44:04 W shelly_tmcu.cpp:507     Heartbeat timed out!
15:44:05 W shelly_tmcu.cpp:507     Heartbeat timed out!
15:44:06 W shelly_tmcu.cpp:507     Heartbeat timed out!
15:44:07 W shelly_tmcu.cpp:507     Heartbeat timed out!
15:44:08 W shelly_tmcu.cpp:507     Heartbeat timed out!
15:44:09 W shelly_tmcu.cpp:507     Heartbeat timed out!
15:44:10 W shelly_tmcu.cpp:507     Heartbeat timed out!
15:44:11 W shelly_tmcu.cpp:507     Heartbeat timed out!
15:44:12 W shelly_tmcu.cpp:507     Heartbeat timed out!
15:44:13 W shelly_tmcu.cpp:507     Heartbeat timed out!
15:44:13 I shelly_script.cpp:204   service:0 0.0% CPU utilization
15:44:14 W shelly_tmcu.cpp:507     Heartbeat timed out!
15:44:15 W shelly_tmcu.cpp:507     Heartbeat timed out!
15:44:16 W shelly_tmcu.cpp:507     Heartbeat timed out!
15:44:17 W shelly_tmcu.cpp:507     Heartbeat timed out!
15:44:18 W shelly_tmcu.cpp:507     Heartbeat timed out!
15:44:19 W shelly_tmcu.cpp:507     Heartbeat timed out!
15:44:20 W shelly_tmcu.cpp:507     Heartbeat timed out!
15:44:21 W shelly_tmcu.cpp:507     Heartbeat timed out!
15:44:22 W shelly_tmcu.cpp:507     Heartbeat timed out!
15:44:23 W shelly_tmcu.cpp:507     Heartbeat timed out!
15:44:24 W shelly_tmcu.cpp:507     Heartbeat timed out!
15:44:25 W shelly_tmcu.cpp:507     Heartbeat timed out!
15:44:26 W shelly_tmcu.cpp:507     Heartbeat timed out!
15:44:27 W shelly_tmcu.cpp:507     Heartbeat timed out!
15:44:28 W shelly_tmcu.cpp:507     Heartbeat timed out!
15:44:29 W shelly_tmcu.cpp:507     Heartbeat timed out!
15:44:30 W shelly_tmcu.cpp:507     Heartbeat timed out!
15:44:31 W shelly_tmcu.cpp:507     Heartbeat timed out!
15:44:32 W shelly_tmcu.cpp:507     Heartbeat timed out!
15:44:33 W shelly_tmcu.cpp:507     Heartbeat timed out!
15:44:34 W shelly_tmcu.cpp:507     Heartbeat timed out!
15:44:35 W shelly_tmcu.cpp:507     Heartbeat timed out!
15:44:36 W shelly_tmcu.cpp:507     Heartbeat timed out!
15:44:37 W shelly_tmcu.cpp:507     Heartbeat timed out!
15:44:38 W shelly_tmcu.cpp:507     Heartbeat timed out!
15:44:39 W shelly_tmcu.cpp:507     Heartbeat timed out!
15:44:40 W shelly_tmcu.cpp:507     Heartbeat timed out!
15:44:41 W shelly_tmcu.cpp:507     Heartbeat timed out!
15:44:42 W shelly_tmcu.cpp:507     Heartbeat timed out!
15:44:43 W shelly_tmcu.cpp:507     Heartbeat timed out!
15:44:44 I shelly_script.cpp:204   service:0 0.0% CPU utilization
15:44:44 W shelly_tmcu.cpp:507     Heartbeat timed out!
15:44:45 W shelly_tmcu.cpp:507     Heartbeat timed out!
15:44:46 W shelly_tmcu.cpp:507     Heartbeat timed out!
15:44:47 W shelly_tmcu.cpp:507     Heartbeat timed out!
15:44:48 W shelly_tmcu.cpp:507     Heartbeat timed out!
15:44:49 W shelly_tmcu.cpp:507     Heartbeat timed out!
15:44:50 W shelly_tmcu.cpp:507     Heartbeat timed out!
15:44:51 W shelly_tmcu.cpp:507     Heartbeat timed out!
15:44:52 W shelly_tmcu.cpp:507     Heartbeat timed out!
15:44:53 W shelly_tmcu.cpp:507     Heartbeat timed out!
15:44:54 W shelly_tmcu.cpp:507     Heartbeat timed out!
15:44:55 W shelly_tmcu.cpp:507     Heartbeat timed out!
15:44:56 W shelly_tmcu.cpp:507     Heartbeat timed out!
15:44:57 W shelly_tmcu.cpp:507     Heartbeat timed out!
15:44:58 W shelly_tmcu.cpp:507     Heartbeat timed out!
15:44:59 W shelly_tmcu.cpp:507     Heartbeat timed out!
15:45:00 W shelly_tmcu.cpp:507     Heartbeat timed out!
15:45:01 W shelly_tmcu.cpp:507     Heartbeat timed out!
15:45:02 W shelly_tmcu.cpp:507     Heartbeat timed out!
15:45:03 W shelly_tmcu.cpp:507     Heartbeat timed out!
15:45:04 W shelly_tmcu.cpp:507     Heartbeat timed out!
15:45:05 W shelly_tmcu.cpp:507     Heartbeat timed out!
15:45:06 W shelly_tmcu.cpp:507     Heartbeat timed out!
15:45:07 W shelly_tmcu.cpp:507     Heartbeat timed out!
15:45:08 W shelly_tmcu.cpp:507     Heartbeat timed out!
15:45:09 W shelly_tmcu.cpp:507     Heartbeat timed out!
15:45:10 W shelly_tmcu.cpp:507     Heartbeat timed out!
15:45:11 W shelly_tmcu.cpp:507     Heartbeat timed out!
15:45:12 W shelly_tmcu.cpp:507     Heartbeat timed out!
15:45:13 W shelly_tmcu.cpp:507     Heartbeat timed out!
15:45:13 I shelly_script.cpp:204   service:0 0.0% CPU utilization
15:45:14 W shelly_tmcu.cpp:507     Heartbeat timed out!
15:45:15 W shelly_tmcu.cpp:507     Heartbeat timed out!
15:45:16 W shelly_tmcu.cpp:507     Heartbeat timed out!
15:45:17 W shelly_tmcu.cpp:507     Heartbeat timed out!
15:45:18 W shelly_tmcu.cpp:507     Heartbeat timed out!
15:45:19 W shelly_tmcu.cpp:507     Heartbeat timed out!
15:45:20 W shelly_tmcu.cpp:507     Heartbeat timed out!
15:45:21 W shelly_tmcu.cpp:507     Heartbeat timed out!
15:45:22 W shelly_tmcu.cpp:507     Heartbeat timed out!
15:45:23 W shelly_tmcu.cpp:507     Heartbeat timed out!
15:45:24 W shelly_tmcu.cpp:507     Heartbeat timed out!
15:45:25 W shelly_tmcu.cpp:507     Heartbeat timed out!
15:45:26 W shelly_tmcu.cpp:507     Heartbeat timed out!
15:45:27 W shelly_tmcu.cpp:507     Heartbeat timed out!
15:45:28 W shelly_tmcu.cpp:507     Heartbeat timed out!
15:45:29 W shelly_tmcu.cpp:507     Heartbeat timed out!
15:45:30 W shelly_tmcu.cpp:507     Heartbeat timed out!
15:45:31 W shelly_tmcu.cpp:507     Heartbeat timed out!
15:45:32 W shelly_tmcu.cpp:507     Heartbeat timed out!
15:45:33 W shelly_tmcu.cpp:507     Heartbeat timed out!
15:45:34 W shelly_tmcu.cpp:507     Heartbeat timed out!
15:45:35 W shelly_tmcu.cpp:507     Heartbeat timed out!
15:45:36 W shelly_tmcu.cpp:507     Heartbeat timed out!
15:45:37 W shelly_tmcu.cpp:507     Heartbeat timed out!
15:45:38 W shelly_tmcu.cpp:507     Heartbeat timed out!
15:45:39 W shelly_tmcu.cpp:507     Heartbeat timed out!
15:45:40 W shelly_tmcu.cpp:507     Heartbeat timed out!
15:45:41 W shelly_tmcu.cpp:507     Heartbeat timed out!
15:45:42 W shelly_tmcu.cpp:507     Heartbeat timed out!
15:45:43 W shelly_tmcu.cpp:507     Heartbeat timed out!
15:45:43 I shelly_script.cpp:204   service:0 0.0% CPU utilization
15:45:44 W shelly_tmcu.cpp:507     Heartbeat timed out!
15:45:45 W shelly_tmcu.cpp:507     Heartbeat timed out!
15:45:46 W shelly_tmcu.cpp:507     Heartbeat timed out!
15:45:47 W shelly_tmcu.cpp:507     Heartbeat timed out!
15:45:48 W shelly_tmcu.cpp:507     Heartbeat timed out!
15:45:49 W shelly_tmcu.cpp:507     Heartbeat timed out!
15:45:50 W shelly_tmcu.cpp:507     Heartbeat timed out!
15:45:51 W shelly_tmcu.cpp:507     Heartbeat timed out!
15:45:52 W shelly_tmcu.cpp:507     Heartbeat timed out!
15:45:53 W shelly_tmcu.cpp:507     Heartbeat timed out!
15:45:54 W shelly_tmcu.cpp:507     Heartbeat timed out!
15:45:55 W shelly_tmcu.cpp:507     Heartbeat timed out!
15:45:56 W shelly_tmcu.cpp:507     Heartbeat timed out!
15:45:57 W shelly_tmcu.cpp:507     Heartbeat timed out!
15:45:58 W shelly_tmcu.cpp:507     Heartbeat timed out!
15:45:59 W shelly_tmcu.cpp:507     Heartbeat timed out!
15:46:00 W shelly_tmcu.cpp:507     Heartbeat timed out!
15:46:01 W shelly_tmcu.cpp:507     Heartbeat timed out!
15:46:02 W shelly_tmcu.cpp:507     Heartbeat timed out!
15:46:03 W shelly_tmcu.cpp:507     Heartbeat timed out!
15:46:04 W shelly_tmcu.cpp:507     Heartbeat timed out!
15:46:05 W shelly_tmcu.cpp:507     Heartbeat timed out!
15:46:06 W shelly_tmcu.cpp:507     Heartbeat timed out!
15:46:07 W shelly_tmcu.cpp:507     Heartbeat timed out!
15:46:08 W shelly_tmcu.cpp:507     Heartbeat timed out!
15:46:09 W shelly_tmcu.cpp:507     Heartbeat timed out!
15:46:10 W shelly_tmcu.cpp:507     Heartbeat timed out!
15:46:11 W shelly_tmcu.cpp:507     Heartbeat timed out!
15:46:12 W shelly_tmcu.cpp:507     Heartbeat timed out!
15:46:13 W shelly_tmcu.cpp:507     Heartbeat timed out!
15:46:13 I shelly_script.cpp:204   service:0 0.0% CPU utilization
15:46:14 W shelly_tmcu.cpp:507     Heartbeat timed out!
15:46:15 W shelly_tmcu.cpp:507     Heartbeat timed out!
15:46:16 W shelly_tmcu.cpp:507     Heartbeat timed out!
15:46:17 W shelly_tmcu.cpp:507     Heartbeat timed out!
15:46:18 W shelly_tmcu.cpp:507     Heartbeat timed out!
15:46:19 W shelly_tmcu.cpp:507     Heartbeat timed out!
15:46:20 W shelly_tmcu.cpp:507     Heartbeat timed out!
15:46:21 W shelly_tmcu.cpp:507     Heartbeat timed out!
15:46:22 W shelly_tmcu.cpp:507     Heartbeat timed out!
15:46:22 I shos_rpc_inst.c:241     Shelly.GetDeviceInfo [10966866@ShellyRPC] via GATTS peer f4:26:79:20:c5:ff,p
15:46:22 I shos_init.cpp:108       New min heap free: 103688
15:46:23 W shelly_tmcu.cpp:507     Heartbeat timed out!
15:46:23 I shos_rpc_inst.c:241     Sys.GetStatus [33051238@ShellyRPC] via GATTS peer f4:26:79:20:c5:ff,p
15:46:24 W shelly_tmcu.cpp:507     Heartbeat timed out!
15:46:25 I shos_rpc_inst.c:241     Cloud.GetStatus [68017603@ShellyRPC] via GATTS peer f4:26:79:20:c5:ff,p
15:46:25 W shelly_tmcu.cpp:507     Heartbeat timed out!
15:46:25 I shos_rpc_inst.c:241     Wifi.GetStatus [14501319@ShellyRPC] via GATTS peer f4:26:79:20:c5:ff,p
15:46:26 W shelly_tmcu.cpp:507     Heartbeat timed out!
15:46:26 I shos_rpc_inst.c:241     Wifi.Scan [83653743@ShellyRPC] via GATTS peer f4:26:79:20:c5:ff,p
15:46:26 I wifi                    I (255530) wifi:mode : sta (54:32:04:51:63:34) + softAP (54:32:04:51:63:35)
15:46:26 I wifi                    I (255540) wifi:enable tsf
15:46:27 W shelly_tmcu.cpp:507     Heartbeat timed out!
15:46:28 W shelly_tmcu.cpp:507     Heartbeat timed out!
15:46:29 W shelly_tmcu.cpp:507     Heartbeat timed out!
15:46:29 I shos_init.cpp:108       New min heap free: 103084
15:46:29 I shos_init.cpp:108       New min heap free: 102664
15:46:30 W shelly_tmcu.cpp:507     Heartbeat timed out!
15:46:31 W shelly_tmcu.cpp:507     Heartbeat timed out!
15:46:31 I shos_rpc_inst.c:241     Shelly.ListMethods [469109@ShellyRPC] via GATTS peer f4:26:79:20:c5:ff,p
15:46:32 I shos_init.cpp:108       New min heap free: 94376
15:46:33 W shelly_tmcu.cpp:507     Heartbeat timed out!
15:46:34 W shelly_tmcu.cpp:507     Heartbeat timed out!
15:46:35 W shelly_tmcu.cpp:507     Heartbeat timed out!
15:46:36 W shelly_tmcu.cpp:507     Heartbeat timed out!
15:46:37 W shelly_tmcu.cpp:507     Heartbeat timed out!
15:46:38 W shelly_tmcu.cpp:507     Heartbeat timed out!
15:46:39 W shelly_tmcu.cpp:507     Heartbeat timed out!
15:46:40 W shelly_tmcu.cpp:507     Heartbeat timed out!
15:46:41 W shelly_tmcu.cpp:507     Heartbeat timed out!
15:46:42 W shelly_tmcu.cpp:507     Heartbeat timed out!
15:46:43 W shelly_tmcu.cpp:507     Heartbeat timed out!
15:46:43 I shelly_script.cpp:204   service:0 0.0% CPU utilization
15:46:44 W shelly_tmcu.cpp:507     Heartbeat timed out!
15:46:45 W shelly_tmcu.cpp:507     Heartbeat timed out!
15:46:46 W shelly_tmcu.cpp:507     Heartbeat timed out!
15:46:47 W shelly_tmcu.cpp:507     Heartbeat timed out!
15:46:48 W shelly_tmcu.cpp:507     Heartbeat timed out!
15:46:49 W shelly_tmcu.cpp:507     Heartbeat timed out!
15:46:50 W shelly_tmcu.cpp:507     Heartbeat timed out!
15:46:51 W shelly_tmcu.cpp:507     Heartbeat timed out!
15:46:52 W shelly_tmcu.cpp:507     Heartbeat timed out!
15:46:53 W shelly_tmcu.cpp:507     Heartbeat timed out!
15:46:54 W shelly_tmcu.cpp:507     Heartbeat timed out!
15:46:55 W shelly_tmcu.cpp:507     Heartbeat timed out!
15:46:56 W shelly_tmcu.cpp:507     Heartbeat timed out!
15:46:57 W shelly_tmcu.cpp:507     Heartbeat timed out!
15:46:58 W shelly_tmcu.cpp:507     Heartbeat timed out!
15:46:59 W shelly_tmcu.cpp:507     Heartbeat timed out!
15:47:00 W shelly_tmcu.cpp:507     Heartbeat timed out!
15:47:01 W shelly_tmcu.cpp:507     Heartbeat timed out!
15:47:02 W shelly_tmcu.cpp:507     Heartbeat timed out!
15:47:03 W shelly_tmcu.cpp:507     Heartbeat timed out!
15:47:04 W shelly_tmcu.cpp:507     Heartbeat timed out!
15:47:05 W shelly_tmcu.cpp:507     Heartbeat timed out!
15:47:06 W shelly_tmcu.cpp:507     Heartbeat timed out!
15:47:07 W shelly_tmcu.cpp:507     Heartbeat timed out!
15:47:08 W shelly_tmcu.cpp:507     Heartbeat timed out!
15:47:09 W shelly_tmcu.cpp:507     Heartbeat timed out!
15:47:10 W shelly_tmcu.cpp:507     Heartbeat timed out!
15:47:11 W shelly_tmcu.cpp:507     Heartbeat timed out!
15:47:12 W shelly_tmcu.cpp:507     Heartbeat timed out!
15:47:13 W shelly_tmcu.cpp:507     Heartbeat timed out!
15:47:13 I shelly_script.cpp:204   service:0 0.0% CPU utilization
15:47:14 W shelly_tmcu.cpp:507     Heartbeat timed out!
15:47:15 W shelly_tmcu.cpp:507     Heartbeat timed out!
15:47:16 W shelly_tmcu.cpp:507     Heartbeat timed out!
15:47:17 W shelly_tmcu.cpp:507     Heartbeat timed out!
15:47:18 W shelly_tmcu.cpp:507     Heartbeat timed out!
15:47:19 W shelly_tmcu.cpp:507     Heartbeat timed out!
15:47:20 W shelly_tmcu.cpp:507     Heartbeat timed out!
15:47:21 W shelly_tmcu.cpp:507     Heartbeat timed out!
15:47:22 W shelly_tmcu.cpp:507     Heartbeat timed out!
15:47:23 W shelly_tmcu.cpp:507     Heartbeat timed out!
15:47:24 W shelly_tmcu.cpp:507     Heartbeat timed out!
15:47:25 W shelly_tmcu.cpp:507     Heartbeat timed out!
15:47:26 W shelly_tmcu.cpp:507     Heartbeat timed out!
15:47:27 W shelly_tmcu.cpp:507     Heartbeat timed out!
15:47:28 W shelly_tmcu.cpp:507     Heartbeat timed out!
15:47:29 W shelly_tmcu.cpp:507     Heartbeat timed out!
15:47:30 W shelly_tmcu.cpp:507     Heartbeat timed out!
15:47:31 W shelly_tmcu.cpp:507     Heartbeat timed out!
15:47:32 W shelly_tmcu.cpp:507     Heartbeat timed out!
15:47:33 W shelly_tmcu.cpp:507     Heartbeat timed out!
15:47:34 W shelly_tmcu.cpp:507     Heartbeat timed out!
15:47:35 W shelly_tmcu.cpp:507     Heartbeat timed out!
15:47:36 W shelly_tmcu.cpp:507     Heartbeat timed out!
15:47:37 W shelly_tmcu.cpp:507     Heartbeat timed out!
15:47:38 W shelly_tmcu.cpp:507     Heartbeat timed out!
15:47:39 W shelly_tmcu.cpp:507     Heartbeat timed out!
15:47:40 W shelly_tmcu.cpp:507     Heartbeat timed out!
15:47:41 W shelly_tmcu.cpp:507     Heartbeat timed out!
15:47:42 W shelly_tmcu.cpp:507     Heartbeat timed out!
15:47:43 W shelly_tmcu.cpp:507     Heartbeat timed out!
15:47:43 I shelly_script.cpp:204   service:0 0.0% CPU utilization
15:47:44 W shelly_tmcu.cpp:507     Heartbeat timed out!
15:47:45 W shelly_tmcu.cpp:507     Heartbeat timed out!
15:47:46 W shelly_tmcu.cpp:507     Heartbeat timed out!
15:47:47 W shelly_tmcu.cpp:507     Heartbeat timed out!
15:47:48 W shelly_tmcu.cpp:507     Heartbeat timed out!
15:47:49 W shelly_tmcu.cpp:507     Heartbeat timed out!
15:47:50 W shelly_tmcu.cpp:507     Heartbeat timed out!
15:47:51 W shelly_tmcu.cpp:507     Heartbeat timed out!
15:47:52 W shelly_tmcu.cpp:507     Heartbeat timed out!
15:47:53 W shelly_tmcu.cpp:507     Heartbeat timed out!
15:47:54 W shelly_tmcu.cpp:507     Heartbeat timed out!
15:47:55 W shelly_tmcu.cpp:507     Heartbeat timed out!
15:47:56 W shelly_tmcu.cpp:507     Heartbeat timed out!
15:47:57 W shelly_tmcu.cpp:507     Heartbeat timed out!
15:47:58 W shelly_tmcu.cpp:507     Heartbeat timed out!
15:47:59 W shelly_tmcu.cpp:507     Heartbeat timed out!
15:48:00 W shelly_tmcu.cpp:507     Heartbeat timed out!
15:48:01 W shelly_tmcu.cpp:507     Heartbeat timed out!
15:48:02 W shelly_tmcu.cpp:507     Heartbeat timed out!
15:48:03 W shelly_tmcu.cpp:507     Heartbeat timed out!
15:48:04 W shelly_tmcu.cpp:507     Heartbeat timed out!
