16:11:02 I shelly_debug.cpp:245    Streaming logs to 192.168.0.57:62881
16:11:02 W shelly_tmcu.cpp:507     Heartbeat timed out!
16:11:03 W shelly_tmcu.cpp:507     Heartbeat timed out!
16:11:04 W shelly_tmcu.cpp:507     Heartbeat timed out!
16:11:05 W shelly_tmcu.cpp:507     Heartbeat timed out!
16:11:06 W shelly_tmcu.cpp:507     Heartbeat timed out!
16:11:07 W shelly_tmcu.cpp:507     Heartbeat timed out!
16:11:08 W shelly_tmcu.cpp:507     Heartbeat timed out!
16:11:09 W shelly_tmcu.cpp:507     Heartbeat timed out!
16:11:10 W shelly_tmcu.cpp:507     Heartbeat timed out!
16:11:11 W shelly_tmcu.cpp:507     Heartbeat timed out!
16:11:12 W shelly_tmcu.cpp:507     Heartbeat timed out!
16:11:13 W shelly_tmcu.cpp:507     Heartbeat timed out!
16:11:13 I shelly_script.cpp:204   service:0 0.0% CPU utilization
16:11:14 W shelly_tmcu.cpp:507     Heartbeat timed out!
16:11:15 W shelly_tmcu.cpp:507     Heartbeat timed out!
16:11:16 W shelly_tmcu.cpp:507     Heartbeat timed out!
16:11:17 W shelly_tmcu.cpp:507     Heartbeat timed out!
16:11:18 W shelly_tmcu.cpp:507     Heartbeat timed out!
16:11:19 W shelly_tmcu.cpp:507     Heartbeat timed out!
16:11:20 W shelly_tmcu.cpp:507     Heartbeat timed out!
16:11:21 W shelly_tmcu.cpp:507     Heartbeat timed out!
16:11:22 W shelly_tmcu.cpp:507     Heartbeat timed out!
16:11:23 W shelly_tmcu.cpp:507     Heartbeat timed out!
16:11:24 W shelly_tmcu.cpp:507     Heartbeat timed out!
16:11:25 W shelly_tmcu.cpp:507     Heartbeat timed out!
16:11:26 W shelly_tmcu.cpp:507     Heartbeat timed out!
16:11:27 W shelly_tmcu.cpp:507     Heartbeat timed out!
16:11:28 W shelly_tmcu.cpp:507     Heartbeat timed out!
16:11:29 W shelly_tmcu.cpp:507     Heartbeat timed out!
16:11:30 W shelly_tmcu.cpp:507     Heartbeat timed out!
16:11:31 W shelly_tmcu.cpp:507     Heartbeat timed out!
16:11:32 W shelly_tmcu.cpp:507     Heartbeat timed out!
16:11:33 W shelly_tmcu.cpp:507     Heartbeat timed out!
16:11:34 W shelly_tmcu.cpp:507     Heartbeat timed out!
16:11:35 W shelly_tmcu.cpp:507     Heartbeat timed out!
16:11:36 W shelly_tmcu.cpp:507     Heartbeat timed out!
16:11:37 W shelly_tmcu.cpp:507     Heartbeat timed out!
16:11:38 W shelly_tmcu.cpp:507     Heartbeat timed out!
16:11:39 W shelly_tmcu.cpp:507     Heartbeat timed out!
16:11:40 W shelly_tmcu.cpp:507     Heartbeat timed out!
16:11:41 W shelly_tmcu.cpp:507     Heartbeat timed out!
16:11:42 W shelly_tmcu.cpp:507     Heartbeat timed out!
16:11:43 W shelly_tmcu.cpp:507     Heartbeat timed out!
16:11:43 I shelly_script.cpp:204   service:0 0.0% CPU utilization
16:11:44 W shelly_tmcu.cpp:507     Heartbeat timed out!
16:11:45 W shelly_tmcu.cpp:507     Heartbeat timed out!
16:11:46 W shelly_tmcu.cpp:507     Heartbeat timed out!
16:11:47 W shelly_tmcu.cpp:507     Heartbeat timed out!
16:11:48 W shelly_tmcu.cpp:507     Heartbeat timed out!
16:11:49 W shelly_tmcu.cpp:507     Heartbeat timed out!
16:11:50 W shelly_tmcu.cpp:507     Heartbeat timed out!
16:11:51 W shelly_tmcu.cpp:507     Heartbeat timed out!
16:11:52 W shelly_tmcu.cpp:507     Heartbeat timed out!
16:11:53 W shelly_tmcu.cpp:507     Heartbeat timed out!
16:11:54 W shelly_tmcu.cpp:507     Heartbeat timed out!
16:11:55 W shelly_tmcu.cpp:507     Heartbeat timed out!
16:11:56 W shelly_tmcu.cpp:507     Heartbeat timed out!
16:11:57 W shelly_tmcu.cpp:507     Heartbeat timed out!
16:11:58 W shelly_tmcu.cpp:507     Heartbeat timed out!
16:11:59 W shelly_tmcu.cpp:507     Heartbeat timed out!
16:12:00 W shelly_tmcu.cpp:507     Heartbeat timed out!
16:12:01 W shelly_tmcu.cpp:507     Heartbeat timed out!
16:12:02 W shelly_tmcu.cpp:507     Heartbeat timed out!
16:12:03 W shelly_tmcu.cpp:507     Heartbeat timed out!
16:12:04 W shelly_tmcu.cpp:507     Heartbeat timed out!
16:12:05 W shelly_tmcu.cpp:507     Heartbeat timed out!
16:12:06 W shelly_tmcu.cpp:507     Heartbeat timed out!
16:12:07 W shelly_tmcu.cpp:507     Heartbeat timed out!
16:12:08 W shelly_tmcu.cpp:507     Heartbeat timed out!
16:12:09 W shelly_tmcu.cpp:507     Heartbeat timed out!
16:12:10 W shelly_tmcu.cpp:507     Heartbeat timed out!
16:12:11 W shelly_tmcu.cpp:507     Heartbeat timed out!
16:12:12 W shelly_tmcu.cpp:507     Heartbeat timed out!
16:12:13 W shelly_tmcu.cpp:507     Heartbeat timed out!
16:12:13 I shelly_script.cpp:204   service:0 0.0% CPU utilization
16:12:14 W shelly_tmcu.cpp:507     Heartbeat timed out!
16:12:15 W shelly_tmcu.cpp:507     Heartbeat timed out!
16:12:16 W shelly_tmcu.cpp:507     Heartbeat timed out!
16:12:17 W shelly_tmcu.cpp:507     Heartbeat timed out!
16:12:18 W shelly_tmcu.cpp:507     Heartbeat timed out!
16:12:19 W shelly_tmcu.cpp:507     Heartbeat timed out!
16:12:20 W shelly_tmcu.cpp:507     Heartbeat timed out!
16:12:21 W shelly_tmcu.cpp:507     Heartbeat timed out!
16:12:22 W shelly_tmcu.cpp:507     Heartbeat timed out!
16:12:23 W shelly_tmcu.cpp:507     Heartbeat timed out!
16:12:24 W shelly_tmcu.cpp:507     Heartbeat timed out!
16:12:25 W shelly_tmcu.cpp:507     Heartbeat timed out!
16:12:26 W shelly_tmcu.cpp:507     Heartbeat timed out!
16:12:27 W shelly_tmcu.cpp:507     Heartbeat timed out!
16:12:28 W shelly_tmcu.cpp:507     Heartbeat timed out!
16:12:29 W shelly_tmcu.cpp:507     Heartbeat timed out!
16:12:30 W shelly_tmcu.cpp:507     Heartbeat timed out!
16:12:31 W shelly_tmcu.cpp:507     Heartbeat timed out!
16:12:32 W shelly_tmcu.cpp:507     Heartbeat timed out!
16:12:33 W shelly_tmcu.cpp:507     Heartbeat timed out!
16:12:34 W shelly_tmcu.cpp:507     Heartbeat timed out!
16:12:35 W shelly_tmcu.cpp:507     Heartbeat timed out!
16:12:36 W shelly_tmcu.cpp:507     Heartbeat timed out!
16:12:37 W shelly_tmcu.cpp:507     Heartbeat timed out!
16:12:38 W shelly_tmcu.cpp:507     Heartbeat timed out!
16:12:39 W shelly_tmcu.cpp:507     Heartbeat timed out!
16:12:40 W shelly_tmcu.cpp:507     Heartbeat timed out!
16:12:41 W shelly_tmcu.cpp:507     Heartbeat timed out!
16:12:42 W shelly_tmcu.cpp:507     Heartbeat timed out!
16:12:43 W shelly_tmcu.cpp:507     Heartbeat timed out!
16:12:43 I shelly_script.cpp:204   service:0 0.0% CPU utilization
16:12:44 W shelly_tmcu.cpp:507     Heartbeat timed out!
16:12:45 W shelly_tmcu.cpp:507     Heartbeat timed out!
16:12:46 W shelly_tmcu.cpp:507     Heartbeat timed out!
16:12:47 W shelly_tmcu.cpp:507     Heartbeat timed out!
16:12:48 W shelly_tmcu.cpp:507     Heartbeat timed out!
16:12:49 W shelly_tmcu.cpp:507     Heartbeat timed out!
16:12:50 W shelly_tmcu.cpp:507     Heartbeat timed out!
16:12:51 W shelly_tmcu.cpp:507     Heartbeat timed out!
16:12:52 W shelly_tmcu.cpp:507     Heartbeat timed out!
16:12:53 W shelly_tmcu.cpp:507     Heartbeat timed out!
16:12:54 W shelly_tmcu.cpp:507     Heartbeat timed out!
16:12:55 W shelly_tmcu.cpp:507     Heartbeat timed out!
16:12:56 W shelly_tmcu.cpp:507     Heartbeat timed out!
16:12:57 W shelly_tmcu.cpp:507     Heartbeat timed out!
16:12:58 W shelly_tmcu.cpp:507     Heartbeat timed out!
16:12:59 W shelly_tmcu.cpp:507     Heartbeat timed out!
16:13:00 W shelly_tmcu.cpp:507     Heartbeat timed out!
16:13:01 W shelly_tmcu.cpp:507     Heartbeat timed out!
16:13:02 W shelly_tmcu.cpp:507     Heartbeat timed out!
16:13:03 W shelly_tmcu.cpp:507     Heartbeat timed out!
16:13:04 W shelly_tmcu.cpp:507     Heartbeat timed out!
16:13:05 W shelly_tmcu.cpp:507     Heartbeat timed out!
16:13:06 W shelly_tmcu.cpp:507     Heartbeat timed out!
16:13:07 W shelly_tmcu.cpp:507     Heartbeat timed out!
16:13:08 W shelly_tmcu.cpp:507     Heartbeat timed out!
16:13:09 W shelly_tmcu.cpp:507     Heartbeat timed out!
16:13:10 W shelly_tmcu.cpp:507     Heartbeat timed out!
16:13:11 W shelly_tmcu.cpp:507     Heartbeat timed out!
16:13:12 W shelly_tmcu.cpp:507     Heartbeat timed out!
16:13:13 W shelly_tmcu.cpp:507     Heartbeat timed out!
16:13:13 I shelly_script.cpp:204   service:0 0.0% CPU utilization
16:13:14 W shelly_tmcu.cpp:507     Heartbeat timed out!
16:13:15 W shelly_tmcu.cpp:507     Heartbeat timed out!
16:13:16 W shelly_tmcu.cpp:507     Heartbeat timed out!
16:13:17 W shelly_tmcu.cpp:507     Heartbeat timed out!
16:13:18 W shelly_tmcu.cpp:507     Heartbeat timed out!
16:13:19 W shelly_tmcu.cpp:507     Heartbeat timed out!
16:13:20 W shelly_tmcu.cpp:507     Heartbeat timed out!
16:13:21 W shelly_tmcu.cpp:507     Heartbeat timed out!
16:13:22 W shelly_tmcu.cpp:507     Heartbeat timed out!
16:13:23 W shelly_tmcu.cpp:507     Heartbeat timed out!
16:13:24 W shelly_tmcu.cpp:507     Heartbeat timed out!
16:13:25 W shelly_tmcu.cpp:507     Heartbeat timed out!
16:13:26 W shelly_tmcu.cpp:507     Heartbeat timed out!
16:13:27 W shelly_tmcu.cpp:507     Heartbeat timed out!
16:13:28 W shelly_tmcu.cpp:507     Heartbeat timed out!
16:13:29 W shelly_tmcu.cpp:507     Heartbeat timed out!
16:13:30 W shelly_tmcu.cpp:507     Heartbeat timed out!
16:13:31 W shelly_tmcu.cpp:507     Heartbeat timed out!
16:13:32 W shelly_tmcu.cpp:507     Heartbeat timed out!
16:13:33 W shelly_tmcu.cpp:507     Heartbeat timed out!
16:13:34 W shelly_tmcu.cpp:507     Heartbeat timed out!
16:13:35 W shelly_tmcu.cpp:507     Heartbeat timed out!
16:13:36 W shelly_tmcu.cpp:507     Heartbeat timed out!
16:13:37 W shelly_tmcu.cpp:507     Heartbeat timed out!
16:13:38 W shelly_tmcu.cpp:507     Heartbeat timed out!
16:13:39 W shelly_tmcu.cpp:507     Heartbeat timed out!
16:13:40 W shelly_tmcu.cpp:507     Heartbeat timed out!
16:13:41 W shelly_tmcu.cpp:507     Heartbeat timed out!
16:13:42 W shelly_tmcu.cpp:507     Heartbeat timed out!
16:13:43 W shelly_tmcu.cpp:507     Heartbeat timed out!
16:13:43 I shelly_script.cpp:204   service:0 0.0% CPU utilization
16:13:44 W shelly_tmcu.cpp:507     Heartbeat timed out!
16:13:45 W shelly_tmcu.cpp:507     Heartbeat timed out!
16:13:46 W shelly_tmcu.cpp:507     Heartbeat timed out!
16:13:47 W shelly_tmcu.cpp:507     Heartbeat timed out!
16:13:48 W shelly_tmcu.cpp:507     Heartbeat timed out!
16:13:49 W shelly_tmcu.cpp:507     Heartbeat timed out!
16:13:50 W shelly_tmcu.cpp:507     Heartbeat timed out!
16:13:51 W shelly_tmcu.cpp:507     Heartbeat timed out!
16:13:52 W shelly_tmcu.cpp:507     Heartbeat timed out!
16:13:53 W shelly_tmcu.cpp:507     Heartbeat timed out!
16:13:54 W shelly_tmcu.cpp:507     Heartbeat timed out!
16:13:55 W shelly_tmcu.cpp:507     Heartbeat timed out!
16:13:56 W shelly_tmcu.cpp:507     Heartbeat timed out!
16:13:57 W shelly_tmcu.cpp:507     Heartbeat timed out!
16:13:58 W shelly_tmcu.cpp:507     Heartbeat timed out!
16:13:59 W shelly_tmcu.cpp:507     Heartbeat timed out!
16:14:00 W shelly_tmcu.cpp:507     Heartbeat timed out!
16:14:01 W shelly_tmcu.cpp:507     Heartbeat timed out!
16:14:02 W shelly_tmcu.cpp:507     Heartbeat timed out!
16:14:03 W shelly_tmcu.cpp:507     Heartbeat timed out!
16:14:04 W shelly_tmcu.cpp:507     Heartbeat timed out!
16:14:05 W shelly_tmcu.cpp:507     Heartbeat timed out!
16:14:06 W shelly_tmcu.cpp:507     Heartbeat timed out!
16:14:07 W shelly_tmcu.cpp:507     Heartbeat timed out!
16:14:08 W shelly_tmcu.cpp:507     Heartbeat timed out!
16:14:09 W shelly_tmcu.cpp:507     Heartbeat timed out!
16:14:10 W shelly_tmcu.cpp:507     Heartbeat timed out!
16:14:11 W shelly_tmcu.cpp:507     Heartbeat timed out!
16:14:12 W shelly_tmcu.cpp:507     Heartbeat timed out!
16:14:13 W shelly_tmcu.cpp:507     Heartbeat timed out!
16:14:13 I shelly_script.cpp:204   service:0 0.0% CPU utilization
16:14:14 W shelly_tmcu.cpp:507     Heartbeat timed out!
16:14:15 W shelly_tmcu.cpp:507     Heartbeat timed out!
16:14:16 W shelly_tmcu.cpp:507     Heartbeat timed out!
16:14:17 W shelly_tmcu.cpp:507     Heartbeat timed out!
16:14:18 W shelly_tmcu.cpp:507     Heartbeat timed out!
16:14:19 W shelly_tmcu.cpp:507     Heartbeat timed out!
16:14:20 W shelly_tmcu.cpp:507     Heartbeat timed out!
16:14:21 W shelly_tmcu.cpp:507     Heartbeat timed out!
16:14:22 W shelly_tmcu.cpp:507     Heartbeat timed out!
16:14:23 W shelly_tmcu.cpp:507     Heartbeat timed out!
16:14:24 W shelly_tmcu.cpp:507     Heartbeat timed out!
16:14:25 W shelly_tmcu.cpp:507     Heartbeat timed out!
16:14:26 W shelly_tmcu.cpp:507     Heartbeat timed out!
16:14:27 W shelly_tmcu.cpp:507     Heartbeat timed out!
16:14:28 W shelly_tmcu.cpp:507     Heartbeat timed out!
16:14:29 W shelly_tmcu.cpp:507     Heartbeat timed out!
16:14:30 W shelly_tmcu.cpp:507     Heartbeat timed out!
16:14:31 W shelly_tmcu.cpp:507     Heartbeat timed out!
16:14:32 W shelly_tmcu.cpp:507     Heartbeat timed out!
16:14:33 W shelly_tmcu.cpp:507     Heartbeat timed out!
16:14:34 W shelly_tmcu.cpp:507     Heartbeat timed out!
16:14:35 W shelly_tmcu.cpp:507     Heartbeat timed out!
16:14:36 W shelly_tmcu.cpp:507     Heartbeat timed out!
16:14:37 W shelly_tmcu.cpp:507     Heartbeat timed out!
16:14:38 W shelly_tmcu.cpp:507     Heartbeat timed out!
16:14:39 W shelly_tmcu.cpp:507     Heartbeat timed out!
16:14:40 W shelly_tmcu.cpp:507     Heartbeat timed out!
16:14:41 W shelly_tmcu.cpp:507     Heartbeat timed out!
16:14:42 W shelly_tmcu.cpp:507     Heartbeat timed out!
16:14:43 W shelly_tmcu.cpp:507     Heartbeat timed out!
16:14:43 I shelly_script.cpp:204   service:0 0.0% CPU utilization
16:14:44 W shelly_tmcu.cpp:507     Heartbeat timed out!
16:14:45 W shelly_tmcu.cpp:507     Heartbeat timed out!
16:14:46 W shelly_tmcu.cpp:507     Heartbeat timed out!
16:14:47 W shelly_tmcu.cpp:507     Heartbeat timed out!
16:14:48 W shelly_tmcu.cpp:507     Heartbeat timed out!
16:14:49 W shelly_tmcu.cpp:507     Heartbeat timed out!
16:14:50 W shelly_tmcu.cpp:507     Heartbeat timed out!
16:14:51 W shelly_tmcu.cpp:507     Heartbeat timed out!
16:14:52 W shelly_tmcu.cpp:507     Heartbeat timed out!
16:14:53 W shelly_tmcu.cpp:507     Heartbeat timed out!
16:14:54 W shelly_tmcu.cpp:507     Heartbeat timed out!
16:14:55 W shelly_tmcu.cpp:507     Heartbeat timed out!
16:14:56 W shelly_tmcu.cpp:507     Heartbeat timed out!
16:14:57 W shelly_tmcu.cpp:507     Heartbeat timed out!
16:14:58 W shelly_tmcu.cpp:507     Heartbeat timed out!
16:14:59 W shelly_tmcu.cpp:507     Heartbeat timed out!
16:15:00 W shelly_tmcu.cpp:507     Heartbeat timed out!
16:15:01 W shelly_tmcu.cpp:507     Heartbeat timed out!
16:15:02 W shelly_tmcu.cpp:507     Heartbeat timed out!
16:15:03 W shelly_tmcu.cpp:507     Heartbeat timed out!
16:15:04 W shelly_tmcu.cpp:507     Heartbeat timed out!
16:15:05 W shelly_tmcu.cpp:507     Heartbeat timed out!
16:15:06 W shelly_tmcu.cpp:507     Heartbeat timed out!
16:15:07 W shelly_tmcu.cpp:507     Heartbeat timed out!
16:15:08 W shelly_tmcu.cpp:507     Heartbeat timed out!
16:15:09 W shelly_tmcu.cpp:507     Heartbeat timed out!
16:15:10 W shelly_tmcu.cpp:507     Heartbeat timed out!
16:15:11 W shelly_tmcu.cpp:507     Heartbeat timed out!
16:15:12 W shelly_tmcu.cpp:507     Heartbeat timed out!
16:15:13 W shelly_tmcu.cpp:507     Heartbeat timed out!
16:15:13 I shelly_script.cpp:204   service:0 0.0% CPU utilization
16:15:14 W shelly_tmcu.cpp:507     Heartbeat timed out!
16:15:15 W shelly_tmcu.cpp:507     Heartbeat timed out!
16:15:16 W shelly_tmcu.cpp:507     Heartbeat timed out!
16:15:17 W shelly_tmcu.cpp:507     Heartbeat timed out!
16:15:18 W shelly_tmcu.cpp:507     Heartbeat timed out!
16:15:19 W shelly_tmcu.cpp:507     Heartbeat timed out!
16:15:20 W shelly_tmcu.cpp:507     Heartbeat timed out!
16:15:21 W shelly_tmcu.cpp:507     Heartbeat timed out!
16:15:22 W shelly_tmcu.cpp:507     Heartbeat timed out!
16:15:23 W shelly_tmcu.cpp:507     Heartbeat timed out!
16:15:24 W shelly_tmcu.cpp:507     Heartbeat timed out!
16:15:25 W shelly_tmcu.cpp:507     Heartbeat timed out!
16:15:26 W shelly_tmcu.cpp:507     Heartbeat timed out!
16:15:27 W shelly_tmcu.cpp:507     Heartbeat timed out!
16:15:28 W shelly_tmcu.cpp:507     Heartbeat timed out!
16:15:29 W shelly_tmcu.cpp:507     Heartbeat timed out!
16:15:30 W shelly_tmcu.cpp:507     Heartbeat timed out!
16:15:31 W shelly_tmcu.cpp:507     Heartbeat timed out!
16:15:32 W shelly_tmcu.cpp:507     Heartbeat timed out!
16:15:33 W shelly_tmcu.cpp:507     Heartbeat timed out!
16:15:34 W shelly_tmcu.cpp:507     Heartbeat timed out!
16:15:35 W shelly_tmcu.cpp:507     Heartbeat timed out!
16:15:36 W shelly_tmcu.cpp:507     Heartbeat timed out!
16:15:37 W shelly_tmcu.cpp:507     Heartbeat timed out!
16:15:38 W shelly_tmcu.cpp:507     Heartbeat timed out!
16:15:39 W shelly_tmcu.cpp:507     Heartbeat timed out!
16:15:40 W shelly_tmcu.cpp:507     Heartbeat timed out!
16:15:41 W shelly_tmcu.cpp:507     Heartbeat timed out!
16:15:42 W shelly_tmcu.cpp:507     Heartbeat timed out!
16:15:43 W shelly_tmcu.cpp:507     Heartbeat timed out!
16:15:43 I shelly_script.cpp:204   service:0 0.1% CPU utilization
16:15:44 W shelly_tmcu.cpp:507     Heartbeat timed out!
16:15:45 W shelly_tmcu.cpp:507     Heartbeat timed out!
16:15:46 W shelly_tmcu.cpp:507     Heartbeat timed out!
16:15:47 W shelly_tmcu.cpp:507     Heartbeat timed out!
16:15:48 W shelly_tmcu.cpp:507     Heartbeat timed out!
16:15:49 W shelly_tmcu.cpp:507     Heartbeat timed out!
16:15:50 W shelly_tmcu.cpp:507     Heartbeat timed out!
16:15:51 W shelly_tmcu.cpp:507     Heartbeat timed out!
16:15:52 W shelly_tmcu.cpp:507     Heartbeat timed out!
16:15:53 W shelly_tmcu.cpp:507     Heartbeat timed out!
16:15:54 W shelly_tmcu.cpp:507     Heartbeat timed out!
16:15:55 W shelly_tmcu.cpp:507     Heartbeat timed out!
16:15:56 W shelly_tmcu.cpp:507     Heartbeat timed out!
16:15:57 W shelly_tmcu.cpp:507     Heartbeat timed out!
16:15:58 W shelly_tmcu.cpp:507     Heartbeat timed out!
16:15:59 W shelly_tmcu.cpp:507     Heartbeat timed out!
16:16:00 W shelly_tmcu.cpp:507     Heartbeat timed out!
16:16:01 W shelly_tmcu.cpp:507     Heartbeat timed out!
16:16:02 W shelly_tmcu.cpp:507     Heartbeat timed out!
16:16:03 W shelly_tmcu.cpp:507     Heartbeat timed out!
16:16:04 W shelly_tmcu.cpp:507     Heartbeat timed out!
16:16:05 W shelly_tmcu.cpp:507     Heartbeat timed out!
16:16:06 W shelly_tmcu.cpp:507     Heartbeat timed out!
16:16:07 W shelly_tmcu.cpp:507     Heartbeat timed out!
16:16:08 W shelly_tmcu.cpp:507     Heartbeat timed out!
16:16:09 W shelly_tmcu.cpp:507     Heartbeat timed out!
16:16:10 W shelly_tmcu.cpp:507     Heartbeat timed out!
16:16:11 W shelly_tmcu.cpp:507     Heartbeat timed out!
16:16:12 W shelly_tmcu.cpp:507     Heartbeat timed out!
16:16:13 W shelly_tmcu.cpp:507     Heartbeat timed out!
16:16:13 I shelly_script.cpp:204   service:0 0.0% CPU utilization
16:16:14 W shelly_tmcu.cpp:507     Heartbeat timed out!
16:16:15 W shelly_tmcu.cpp:507     Heartbeat timed out!
16:16:16 W shelly_tmcu.cpp:507     Heartbeat timed out!
16:16:17 W shelly_tmcu.cpp:507     Heartbeat timed out!
16:16:18 W shelly_tmcu.cpp:507     Heartbeat timed out!
16:16:19 W shelly_tmcu.cpp:507     Heartbeat timed out!
16:16:20 W shelly_tmcu.cpp:507     Heartbeat timed out!
16:16:21 W shelly_tmcu.cpp:507     Heartbeat timed out!
16:16:22 W shelly_tmcu.cpp:507     Heartbeat timed out!
16:16:23 W shelly_tmcu.cpp:507     Heartbeat timed out!
16:16:24 W shelly_tmcu.cpp:507     Heartbeat timed out!
16:16:25 W shelly_tmcu.cpp:507     Heartbeat timed out!
16:16:26 W shelly_tmcu.cpp:507     Heartbeat timed out!
16:16:27 W shelly_tmcu.cpp:507     Heartbeat timed out!
16:16:28 W shelly_tmcu.cpp:507     Heartbeat timed out!
16:16:29 W shelly_tmcu.cpp:507     Heartbeat timed out!
16:16:30 W shelly_tmcu.cpp:507     Heartbeat timed out!
16:16:31 W shelly_tmcu.cpp:507     Heartbeat timed out!
16:16:32 W shelly_tmcu.cpp:507     Heartbeat timed out!
16:16:33 W shelly_tmcu.cpp:507     Heartbeat timed out!
16:16:34 W shelly_tmcu.cpp:507     Heartbeat timed out!
16:16:35 W shelly_tmcu.cpp:507     Heartbeat timed out!
16:16:36 W shelly_tmcu.cpp:507     Heartbeat timed out!
16:16:37 W shelly_tmcu.cpp:507     Heartbeat timed out!
16:16:38 W shelly_tmcu.cpp:507     Heartbeat timed out!
16:16:39 W shelly_tmcu.cpp:507     Heartbeat timed out!
16:16:40 W shelly_tmcu.cpp:507     Heartbeat timed out!
16:16:41 W shelly_tmcu.cpp:507     Heartbeat timed out!
16:16:42 W shelly_tmcu.cpp:507     Heartbeat timed out!
16:16:43 W shelly_tmcu.cpp:507     Heartbeat timed out!
16:16:43 I shelly_script.cpp:204   service:0 0.0% CPU utilization
16:16:44 W shelly_tmcu.cpp:507     Heartbeat timed out!
16:16:45 W shelly_tmcu.cpp:507     Heartbeat timed out!
16:16:46 W shelly_tmcu.cpp:507     Heartbeat timed out!
16:16:47 W shelly_tmcu.cpp:507     Heartbeat timed out!
16:16:48 W shelly_tmcu.cpp:507     Heartbeat timed out!
16:16:49 W shelly_tmcu.cpp:507     Heartbeat timed out!
16:16:50 W shelly_tmcu.cpp:507     Heartbeat timed out!
16:16:51 W shelly_tmcu.cpp:507     Heartbeat timed out!
16:16:52 W shelly_tmcu.cpp:507     Heartbeat timed out!
16:16:53 W shelly_tmcu.cpp:507     Heartbeat timed out!
16:16:54 W shelly_tmcu.cpp:507     Heartbeat timed out!
16:16:55 W shelly_tmcu.cpp:507     Heartbeat timed out!
16:16:56 W shelly_tmcu.cpp:507     Heartbeat timed out!
16:16:57 W shelly_tmcu.cpp:507     Heartbeat timed out!
16:16:58 W shelly_tmcu.cpp:507     Heartbeat timed out!
16:16:59 W shelly_tmcu.cpp:507     Heartbeat timed out!
16:17:00 W shelly_tmcu.cpp:507     Heartbeat timed out!
16:17:01 W shelly_tmcu.cpp:507     Heartbeat timed out!
16:17:02 W shelly_tmcu.cpp:507     Heartbeat timed out!
16:17:03 W shelly_tmcu.cpp:507     Heartbeat timed out!
16:17:04 W shelly_tmcu.cpp:507     Heartbeat timed out!
16:17:05 W shelly_tmcu.cpp:507     Heartbeat timed out!
16:17:06 W shelly_tmcu.cpp:507     Heartbeat timed out!
16:17:07 W shelly_tmcu.cpp:507     Heartbeat timed out!
16:17:08 W shelly_tmcu.cpp:507     Heartbeat timed out!
16:17:09 W shelly_tmcu.cpp:507     Heartbeat timed out!
16:17:10 W shelly_tmcu.cpp:507     Heartbeat timed out!
16:17:11 W shelly_tmcu.cpp:507     Heartbeat timed out!
16:17:12 W shelly_tmcu.cpp:507     Heartbeat timed out!
16:17:13 W shelly_tmcu.cpp:507     Heartbeat timed out!
16:17:13 I shelly_script.cpp:204   service:0 0.0% CPU utilization
16:17:14 W shelly_tmcu.cpp:507     Heartbeat timed out!
16:17:15 W shelly_tmcu.cpp:507     Heartbeat timed out!
16:17:16 W shelly_tmcu.cpp:507     Heartbeat timed out!
16:17:17 W shelly_tmcu.cpp:507     Heartbeat timed out!
16:17:18 W shelly_tmcu.cpp:507     Heartbeat timed out!
16:17:19 W shelly_tmcu.cpp:507     Heartbeat timed out!
16:17:20 W shelly_tmcu.cpp:507     Heartbeat timed out!
16:17:21 W shelly_tmcu.cpp:507     Heartbeat timed out!
16:17:22 W shelly_tmcu.cpp:507     Heartbeat timed out!
16:17:23 W shelly_tmcu.cpp:507     Heartbeat timed out!
16:17:24 W shelly_tmcu.cpp:507     Heartbeat timed out!
16:17:25 W shelly_tmcu.cpp:507     Heartbeat timed out!
16:17:26 W shelly_tmcu.cpp:507     Heartbeat timed out!
16:17:27 W shelly_tmcu.cpp:507     Heartbeat timed out!
16:17:28 W shelly_tmcu.cpp:507     Heartbeat timed out!
16:17:29 W shelly_tmcu.cpp:507     Heartbeat timed out!
16:17:30 W shelly_tmcu.cpp:507     Heartbeat timed out!
16:17:31 W shelly_tmcu.cpp:507     Heartbeat timed out!
16:17:32 W shelly_tmcu.cpp:507     Heartbeat timed out!
16:17:33 W shelly_tmcu.cpp:507     Heartbeat timed out!
16:17:34 W shelly_tmcu.cpp:507     Heartbeat timed out!
16:17:35 W shelly_tmcu.cpp:507     Heartbeat timed out!
16:17:36 W shelly_tmcu.cpp:507     Heartbeat timed out!
16:17:37 W shelly_tmcu.cpp:507     Heartbeat timed out!
16:17:38 W shelly_tmcu.cpp:507     Heartbeat timed out!
16:17:39 W shelly_tmcu.cpp:507     Heartbeat timed out!
16:17:40 W shelly_tmcu.cpp:507     Heartbeat timed out!
16:17:41 W shelly_tmcu.cpp:507     Heartbeat timed out!
16:17:42 W shelly_tmcu.cpp:507     Heartbeat timed out!
16:17:43 W shelly_tmcu.cpp:507     Heartbeat timed out!
16:17:43 I shelly_script.cpp:204   service:0 0.0% CPU utilization
16:17:44 W shelly_tmcu.cpp:507     Heartbeat timed out!
16:17:45 W shelly_tmcu.cpp:507     Heartbeat timed out!
16:17:46 W shelly_tmcu.cpp:507     Heartbeat timed out!
16:17:47 W shelly_tmcu.cpp:507     Heartbeat timed out!
16:17:48 W shelly_tmcu.cpp:507     Heartbeat timed out!
16:17:49 W shelly_tmcu.cpp:507     Heartbeat timed out!
16:17:50 W shelly_tmcu.cpp:507     Heartbeat timed out!
16:17:51 W shelly_tmcu.cpp:507     Heartbeat timed out!
16:17:52 W shelly_tmcu.cpp:507     Heartbeat timed out!
16:17:53 W shelly_tmcu.cpp:507     Heartbeat timed out!
16:17:54 W shelly_tmcu.cpp:507     Heartbeat timed out!
16:17:55 W shelly_tmcu.cpp:507     Heartbeat timed out!
16:17:56 W shelly_tmcu.cpp:507     Heartbeat timed out!
16:17:57 W shelly_tmcu.cpp:507     Heartbeat timed out!
16:17:58 W shelly_tmcu.cpp:507     Heartbeat timed out!
16:17:59 W shelly_tmcu.cpp:507     Heartbeat timed out!
16:18:00 W shelly_tmcu.cpp:507     Heartbeat timed out!
16:18:01 W shelly_tmcu.cpp:507     Heartbeat timed out!
16:18:02 W shelly_tmcu.cpp:507     Heartbeat timed out!
16:18:03 W shelly_tmcu.cpp:507     Heartbeat timed out!
16:18:04 W shelly_tmcu.cpp:507     Heartbeat timed out!
16:18:05 W shelly_tmcu.cpp:507     Heartbeat timed out!
16:18:06 W shelly_tmcu.cpp:507     Heartbeat timed out!
16:18:07 W shelly_tmcu.cpp:507     Heartbeat timed out!
16:18:08 W shelly_tmcu.cpp:507     Heartbeat timed out!
16:18:09 W shelly_tmcu.cpp:507     Heartbeat timed out!
16:18:10 W shelly_tmcu.cpp:507     Heartbeat timed out!
16:18:11 W shelly_tmcu.cpp:507     Heartbeat timed out!
16:18:12 W shelly_tmcu.cpp:507     Heartbeat timed out!
16:18:13 W shelly_tmcu.cpp:507     Heartbeat timed out!
16:18:13 I shelly_script.cpp:204   service:0 0.0% CPU utilization
16:18:14 W shelly_tmcu.cpp:507     Heartbeat timed out!
16:18:15 W shelly_tmcu.cpp:507     Heartbeat timed out!
16:18:16 W shelly_tmcu.cpp:507     Heartbeat timed out!
16:18:17 W shelly_tmcu.cpp:507     Heartbeat timed out!
16:18:18 W shelly_tmcu.cpp:507     Heartbeat timed out!
16:18:19 W shelly_tmcu.cpp:507     Heartbeat timed out!
16:18:20 W shelly_tmcu.cpp:507     Heartbeat timed out!
16:18:21 W shelly_tmcu.cpp:507     Heartbeat timed out!
16:18:22 W shelly_tmcu.cpp:507     Heartbeat timed out!
16:18:23 W shelly_tmcu.cpp:507     Heartbeat timed out!
16:18:24 W shelly_tmcu.cpp:507     Heartbeat timed out!
16:18:25 W shelly_tmcu.cpp:507     Heartbeat timed out!
16:18:26 W shelly_tmcu.cpp:507     Heartbeat timed out!
16:18:27 W shelly_tmcu.cpp:507     Heartbeat timed out!
16:18:28 W shelly_tmcu.cpp:507     Heartbeat timed out!
16:18:29 W shelly_tmcu.cpp:507     Heartbeat timed out!
16:18:30 W shelly_tmcu.cpp:507     Heartbeat timed out!
16:18:31 W shelly_tmcu.cpp:507     Heartbeat timed out!
16:18:32 W shelly_tmcu.cpp:507     Heartbeat timed out!
16:18:33 W shelly_tmcu.cpp:507     Heartbeat timed out!
16:18:34 W shelly_tmcu.cpp:507     Heartbeat timed out!
16:18:35 W shelly_tmcu.cpp:507     Heartbeat timed out!
16:18:36 W shelly_tmcu.cpp:507     Heartbeat timed out!
16:18:37 W shelly_tmcu.cpp:507     Heartbeat timed out!
16:18:38 W shelly_tmcu.cpp:507     Heartbeat timed out!
16:18:39 W shelly_tmcu.cpp:507     Heartbeat timed out!
16:18:40 W shelly_tmcu.cpp:507     Heartbeat timed out!
16:18:41 W shelly_tmcu.cpp:507     Heartbeat timed out!
16:18:42 W shelly_tmcu.cpp:507     Heartbeat timed out!
16:18:43 W shelly_tmcu.cpp:507     Heartbeat timed out!
16:18:43 I shelly_script.cpp:204   service:0 0.0% CPU utilization
16:18:44 W shelly_tmcu.cpp:507     Heartbeat timed out!
16:18:45 W shelly_tmcu.cpp:507     Heartbeat timed out!
16:18:46 W shelly_tmcu.cpp:507     Heartbeat timed out!
16:18:47 W shelly_tmcu.cpp:507     Heartbeat timed out!
16:18:48 W shelly_tmcu.cpp:507     Heartbeat timed out!
16:18:49 W shelly_tmcu.cpp:507     Heartbeat timed out!
16:18:50 W shelly_tmcu.cpp:507     Heartbeat timed out!
16:18:51 W shelly_tmcu.cpp:507     Heartbeat timed out!
16:18:52 W shelly_tmcu.cpp:507     Heartbeat timed out!
16:18:53 W shelly_tmcu.cpp:507     Heartbeat timed out!
16:18:54 W shelly_tmcu.cpp:507     Heartbeat timed out!
16:18:55 W shelly_tmcu.cpp:507     Heartbeat timed out!
16:18:56 W shelly_tmcu.cpp:507     Heartbeat timed out!
16:18:57 W shelly_tmcu.cpp:507     Heartbeat timed out!
16:18:58 W shelly_tmcu.cpp:507     Heartbeat timed out!
16:18:59 W shelly_tmcu.cpp:507     Heartbeat timed out!
16:19:00 W shelly_tmcu.cpp:507     Heartbeat timed out!
16:19:01 W shelly_tmcu.cpp:507     Heartbeat timed out!
16:19:02 W shelly_tmcu.cpp:507     Heartbeat timed out!
16:19:03 W shelly_tmcu.cpp:507     Heartbeat timed out!
16:19:04 W shelly_tmcu.cpp:507     Heartbeat timed out!
16:19:05 W shelly_tmcu.cpp:507     Heartbeat timed out!
16:19:06 W shelly_tmcu.cpp:507     Heartbeat timed out!
16:19:07 W shelly_tmcu.cpp:507     Heartbeat timed out!
16:19:08 W shelly_tmcu.cpp:507     Heartbeat timed out!
16:19:09 W shelly_tmcu.cpp:507     Heartbeat timed out!
16:19:10 W shelly_tmcu.cpp:507     Heartbeat timed out!
16:19:11 W shelly_tmcu.cpp:507     Heartbeat timed out!
16:19:12 W shelly_tmcu.cpp:507     Heartbeat timed out!
16:19:13 W shelly_tmcu.cpp:507     Heartbeat timed out!
16:19:13 I shelly_script.cpp:204   service:0 0.0% CPU utilization
16:19:14 W shelly_tmcu.cpp:507     Heartbeat timed out!
16:19:15 W shelly_tmcu.cpp:507     Heartbeat timed out!
16:19:16 W shelly_tmcu.cpp:507     Heartbeat timed out!
16:19:17 W shelly_tmcu.cpp:507     Heartbeat timed out!
16:19:18 W shelly_tmcu.cpp:507     Heartbeat timed out!
16:19:19 W shelly_tmcu.cpp:507     Heartbeat timed out!
16:19:20 W shelly_tmcu.cpp:507     Heartbeat timed out!
16:19:21 W shelly_tmcu.cpp:507     Heartbeat timed out!
16:19:22 W shelly_tmcu.cpp:507     Heartbeat timed out!
16:19:23 W shelly_tmcu.cpp:507     Heartbeat timed out!
16:19:24 W shelly_tmcu.cpp:507     Heartbeat timed out!
16:19:25 W shelly_tmcu.cpp:507     Heartbeat timed out!
16:19:26 W shelly_tmcu.cpp:507     Heartbeat timed out!
16:19:27 W shelly_tmcu.cpp:507     Heartbeat timed out!
16:19:28 W shelly_tmcu.cpp:507     Heartbeat timed out!
16:19:29 W shelly_tmcu.cpp:507     Heartbeat timed out!
16:19:30 W shelly_tmcu.cpp:507     Heartbeat timed out!
16:19:31 W shelly_tmcu.cpp:507     Heartbeat timed out!
16:19:32 W shelly_tmcu.cpp:507     Heartbeat timed out!
16:19:33 W shelly_tmcu.cpp:507     Heartbeat timed out!
16:19:34 W shelly_tmcu.cpp:507     Heartbeat timed out!
16:19:35 W shelly_tmcu.cpp:507     Heartbeat timed out!
16:19:36 W shelly_tmcu.cpp:507     Heartbeat timed out!
16:19:37 W shelly_tmcu.cpp:507     Heartbeat timed out!
16:19:38 W shelly_tmcu.cpp:507     Heartbeat timed out!
16:19:39 W shelly_tmcu.cpp:507     Heartbeat timed out!
16:19:40 W shelly_tmcu.cpp:507     Heartbeat timed out!
16:19:41 W shelly_tmcu.cpp:507     Heartbeat timed out!
16:19:42 W shelly_tmcu.cpp:507     Heartbeat timed out!
16:19:43 W shelly_tmcu.cpp:507     Heartbeat timed out!
16:19:43 I shelly_script.cpp:204   service:0 0.0% CPU utilization
16:19:44 W shelly_tmcu.cpp:507     Heartbeat timed out!
16:19:45 W shelly_tmcu.cpp:507     Heartbeat timed out!
16:19:46 W shelly_tmcu.cpp:507     Heartbeat timed out!
16:19:47 W shelly_tmcu.cpp:507     Heartbeat timed out!
16:19:48 W shelly_tmcu.cpp:507     Heartbeat timed out!
16:19:49 W shelly_tmcu.cpp:507     Heartbeat timed out!
16:19:50 W shelly_tmcu.cpp:507     Heartbeat timed out!
16:19:51 W shelly_tmcu.cpp:507     Heartbeat timed out!
16:19:52 W shelly_tmcu.cpp:507     Heartbeat timed out!
16:19:53 W shelly_tmcu.cpp:507     Heartbeat timed out!
16:19:54 W shelly_tmcu.cpp:507     Heartbeat timed out!
16:19:55 W shelly_tmcu.cpp:507     Heartbeat timed out!
16:19:56 W shelly_tmcu.cpp:507     Heartbeat timed out!
16:19:57 W shelly_tmcu.cpp:507     Heartbeat timed out!
16:19:58 W shelly_tmcu.cpp:507     Heartbeat timed out!
16:19:59 W shelly_tmcu.cpp:507     Heartbeat timed out!
16:20:00 W shelly_tmcu.cpp:507     Heartbeat timed out!
16:20:01 W shelly_tmcu.cpp:507     Heartbeat timed out!
16:20:02 W shelly_tmcu.cpp:507     Heartbeat timed out!
16:20:03 W shelly_tmcu.cpp:507     Heartbeat timed out!
16:20:04 W shelly_tmcu.cpp:507     Heartbeat timed out!
16:20:05 W shelly_tmcu.cpp:507     Heartbeat timed out!
16:20:06 W shelly_tmcu.cpp:507     Heartbeat timed out!
16:20:07 W shelly_tmcu.cpp:507     Heartbeat timed out!
16:20:08 W shelly_tmcu.cpp:507     Heartbeat timed out!
16:20:10 W shelly_tmcu.cpp:507     Heartbeat timed out!
16:20:10 W shelly_tmcu.cpp:507     Heartbeat timed out!
16:20:12 W shelly_tmcu.cpp:507     Heartbeat timed out!
16:20:12 W shelly_tmcu.cpp:507     Heartbeat timed out!
16:20:13 W shelly_tmcu.cpp:507     Heartbeat timed out!
16:20:13 I shelly_script.cpp:204   service:0 0.0% CPU utilization
16:20:14 W shelly_tmcu.cpp:507     Heartbeat timed out!
16:20:15 W shelly_tmcu.cpp:507     Heartbeat timed out!
16:20:16 W shelly_tmcu.cpp:507     Heartbeat timed out!
16:20:17 W shelly_tmcu.cpp:507     Heartbeat timed out!
16:20:18 W shelly_tmcu.cpp:507     Heartbeat timed out!
16:20:19 W shelly_tmcu.cpp:507     Heartbeat timed out!
16:20:20 W shelly_tmcu.cpp:507     Heartbeat timed out!
16:20:21 W shelly_tmcu.cpp:507     Heartbeat timed out!
16:20:22 W shelly_tmcu.cpp:507     Heartbeat timed out!
16:20:23 W shelly_tmcu.cpp:507     Heartbeat timed out!
16:20:24 W shelly_tmcu.cpp:507     Heartbeat timed out!
16:20:25 W shelly_tmcu.cpp:507     Heartbeat timed out!
16:20:26 W shelly_tmcu.cpp:507     Heartbeat timed out!
16:20:27 W shelly_tmcu.cpp:507     Heartbeat timed out!
16:20:28 W shelly_tmcu.cpp:507     Heartbeat timed out!
16:20:29 W shelly_tmcu.cpp:507     Heartbeat timed out!
16:20:30 W shelly_tmcu.cpp:507     Heartbeat timed out!
16:20:31 W shelly_tmcu.cpp:507     Heartbeat timed out!
16:20:32 W shelly_tmcu.cpp:507     Heartbeat timed out!
16:20:33 W shelly_tmcu.cpp:507     Heartbeat timed out!
16:20:34 W shelly_tmcu.cpp:507     Heartbeat timed out!
16:20:35 W shelly_tmcu.cpp:507     Heartbeat timed out!
16:20:35 I shos_time.cpp:65        Setting time from SNTP (1790259636.114 delta +0.019)
16:20:35 I shelly_sys.cpp:360      Time set to 2303.731404 from 1
16:20:35 I y_notifications.cpp:168 Status change of sys: {"last_sync_ts":1790259636}
16:20:35 I y_notifications.cpp:168 Status change of sys: {"time":"16:20","unixtime":1790259636}
16:20:36 W shelly_tmcu.cpp:507     Heartbeat timed out!
16:20:37 W shelly_tmcu.cpp:507     Heartbeat timed out!
16:20:38 W shelly_tmcu.cpp:507     Heartbeat timed out!
16:20:39 W shelly_tmcu.cpp:507     Heartbeat timed out!
16:20:40 W shelly_tmcu.cpp:507     Heartbeat timed out!
16:20:41 W shelly_tmcu.cpp:507     Heartbeat timed out!
16:20:42 W shelly_tmcu.cpp:507     Heartbeat timed out!
16:20:43 W shelly_tmcu.cpp:507     Heartbeat timed out!
16:20:43 I shelly_script.cpp:204   service:0 0.0% CPU utilization
16:20:44 W shelly_tmcu.cpp:507     Heartbeat timed out!
16:20:45 W shelly_tmcu.cpp:507     Heartbeat timed out!
16:20:46 W shelly_tmcu.cpp:507     Heartbeat timed out!
16:20:47 W shelly_tmcu.cpp:507     Heartbeat timed out!
16:20:48 W shelly_tmcu.cpp:507     Heartbeat timed out!
16:20:49 W shelly_tmcu.cpp:507     Heartbeat timed out!
16:20:50 W shelly_tmcu.cpp:507     Heartbeat timed out!
16:20:51 W shelly_tmcu.cpp:507     Heartbeat timed out!
16:20:52 W shelly_tmcu.cpp:507     Heartbeat timed out!
16:20:53 W shelly_tmcu.cpp:507     Heartbeat timed out!
16:20:54 W shelly_tmcu.cpp:507     Heartbeat timed out!
16:20:55 W shelly_tmcu.cpp:507     Heartbeat timed out!
16:20:56 W shelly_tmcu.cpp:507     Heartbeat timed out!
16:20:57 W shelly_tmcu.cpp:507     Heartbeat timed out!
16:20:58 W shelly_tmcu.cpp:507     Heartbeat timed out!
16:20:59 W shelly_tmcu.cpp:507     Heartbeat timed out!
16:21:00 W shelly_tmcu.cpp:507     Heartbeat timed out!
16:21:01 W shelly_tmcu.cpp:507     Heartbeat timed out!
16:21:02 W shelly_tmcu.cpp:507     Heartbeat timed out!
16:21:03 W shelly_tmcu.cpp:507     Heartbeat timed out!
16:21:04 W shelly_tmcu.cpp:507     Heartbeat timed out!
16:21:05 W shelly_tmcu.cpp:507     Heartbeat timed out!
16:21:06 W shelly_tmcu.cpp:507     Heartbeat timed out!
16:21:07 W shelly_tmcu.cpp:507     Heartbeat timed out!
16:21:08 W shelly_tmcu.cpp:507     Heartbeat timed out!
16:21:09 W shelly_tmcu.cpp:507     Heartbeat timed out!
16:21:10 W shelly_tmcu.cpp:507     Heartbeat timed out!
16:21:11 W shelly_tmcu.cpp:507     Heartbeat timed out!
16:21:12 W shelly_tmcu.cpp:507     Heartbeat timed out!
16:21:13 W shelly_tmcu.cpp:507     Heartbeat timed out!
16:21:13 I shelly_script.cpp:204   service:0 0.0% CPU utilization
16:21:14 W shelly_tmcu.cpp:507     Heartbeat timed out!
16:21:15 W shelly_tmcu.cpp:507     Heartbeat timed out!
16:21:16 W shelly_tmcu.cpp:507     Heartbeat timed out!
16:21:17 W shelly_tmcu.cpp:507     Heartbeat timed out!
16:21:18 W shelly_tmcu.cpp:507     Heartbeat timed out!
16:21:19 W shelly_tmcu.cpp:507     Heartbeat timed out!
16:21:20 W shelly_tmcu.cpp:507     Heartbeat timed out!
16:21:21 W shelly_tmcu.cpp:507     Heartbeat timed out!
16:21:22 W shelly_tmcu.cpp:507     Heartbeat timed out!
16:21:23 W shelly_tmcu.cpp:507     Heartbeat timed out!
16:21:24 W shelly_tmcu.cpp:507     Heartbeat timed out!
16:21:25 W shelly_tmcu.cpp:507     Heartbeat timed out!
16:21:26 W shelly_tmcu.cpp:507     Heartbeat timed out!
16:21:27 W shelly_tmcu.cpp:507     Heartbeat timed out!
16:21:28 W shelly_tmcu.cpp:507     Heartbeat timed out!
16:21:29 W shelly_tmcu.cpp:507     Heartbeat timed out!
16:21:30 W shelly_tmcu.cpp:507     Heartbeat timed out!
16:21:31 W shelly_tmcu.cpp:507     Heartbeat timed out!
16:21:32 W shelly_tmcu.cpp:507     Heartbeat timed out!
16:21:33 W shelly_tmcu.cpp:507     Heartbeat timed out!
16:21:34 W shelly_tmcu.cpp:507     Heartbeat timed out!
16:21:35 W shelly_tmcu.cpp:507     Heartbeat timed out!
16:21:36 W shelly_tmcu.cpp:507     Heartbeat timed out!
16:21:37 W shelly_tmcu.cpp:507     Heartbeat timed out!
16:21:38 W shelly_tmcu.cpp:507     Heartbeat timed out!
16:21:39 W shelly_tmcu.cpp:507     Heartbeat timed out!
16:21:40 W shelly_tmcu.cpp:507     Heartbeat timed out!
16:21:41 W shelly_tmcu.cpp:507     Heartbeat timed out!
16:21:42 W shelly_tmcu.cpp:507     Heartbeat timed out!
16:21:43 W shelly_tmcu.cpp:507     Heartbeat timed out!
16:21:43 I shelly_script.cpp:204   service:0 0.0% CPU utilization
16:21:44 W shelly_tmcu.cpp:507     Heartbeat timed out!
16:21:45 W shelly_tmcu.cpp:507     Heartbeat timed out!
16:21:46 W shelly_tmcu.cpp:507     Heartbeat timed out!
16:21:47 W shelly_tmcu.cpp:507     Heartbeat timed out!
16:21:48 W shelly_tmcu.cpp:507     Heartbeat timed out!
16:21:49 W shelly_tmcu.cpp:507     Heartbeat timed out!
16:21:50 W shelly_tmcu.cpp:507     Heartbeat timed out!
16:21:51 W shelly_tmcu.cpp:507     Heartbeat timed out!
16:21:52 W shelly_tmcu.cpp:507     Heartbeat timed out!
16:21:53 W shelly_tmcu.cpp:507     Heartbeat timed out!
16:21:54 W shelly_tmcu.cpp:507     Heartbeat timed out!
16:21:55 W shelly_tmcu.cpp:507     Heartbeat timed out!
16:21:56 W shelly_tmcu.cpp:507     Heartbeat timed out!
16:21:57 W shelly_tmcu.cpp:507     Heartbeat timed out!
16:21:58 W shelly_tmcu.cpp:507     Heartbeat timed out!
16:21:59 W shelly_tmcu.cpp:507     Heartbeat timed out!
16:22:00 W shelly_tmcu.cpp:507     Heartbeat timed out!
16:22:01 W shelly_tmcu.cpp:507     Heartbeat timed out!
16:22:02 W shelly_tmcu.cpp:507     Heartbeat timed out!
16:22:03 W shelly_tmcu.cpp:507     Heartbeat timed out!
16:22:04 W shelly_tmcu.cpp:507     Heartbeat timed out!
16:22:05 W shelly_tmcu.cpp:507     Heartbeat timed out!
16:22:06 W shelly_tmcu.cpp:507     Heartbeat timed out!
16:22:07 W shelly_tmcu.cpp:507     Heartbeat timed out!
16:22:08 W shelly_tmcu.cpp:507     Heartbeat timed out!
16:22:09 W shelly_tmcu.cpp:507     Heartbeat timed out!
16:22:10 W shelly_tmcu.cpp:507     Heartbeat timed out!
16:22:11 W shelly_tmcu.cpp:507     Heartbeat timed out!
16:22:12 W shelly_tmcu.cpp:507     Heartbeat timed out!
16:22:13 W shelly_tmcu.cpp:507     Heartbeat timed out!
16:22:13 I shelly_script.cpp:204   service:0 0.0% CPU utilization
16:22:14 W shelly_tmcu.cpp:507     Heartbeat timed out!
16:22:15 W shelly_tmcu.cpp:507     Heartbeat timed out!
16:22:16 W shelly_tmcu.cpp:507     Heartbeat timed out!
16:22:17 W shelly_tmcu.cpp:507     Heartbeat timed out!
16:22:18 W shelly_tmcu.cpp:507     Heartbeat timed out!
16:22:19 W shelly_tmcu.cpp:507     Heartbeat timed out!
16:22:20 W shelly_tmcu.cpp:507     Heartbeat timed out!
16:22:21 W shelly_tmcu.cpp:507     Heartbeat timed out!
16:22:22 W shelly_tmcu.cpp:507     Heartbeat timed out!
16:22:23 W shelly_tmcu.cpp:507     Heartbeat timed out!
16:22:24 W shelly_tmcu.cpp:507     Heartbeat timed out!
16:22:25 W shelly_tmcu.cpp:507     Heartbeat timed out!
16:22:26 W shelly_tmcu.cpp:507     Heartbeat timed out!
16:22:27 W shelly_tmcu.cpp:507     Heartbeat timed out!
16:22:28 W shelly_tmcu.cpp:507     Heartbeat timed out!
16:22:29 W shelly_tmcu.cpp:507     Heartbeat timed out!
16:22:30 W shelly_tmcu.cpp:507     Heartbeat timed out!
16:22:31 W shelly_tmcu.cpp:507     Heartbeat timed out!
16:22:32 W shelly_tmcu.cpp:507     Heartbeat timed out!
16:22:33 W shelly_tmcu.cpp:507     Heartbeat timed out!
16:22:34 W shelly_tmcu.cpp:507     Heartbeat timed out!
16:22:35 W shelly_tmcu.cpp:507     Heartbeat timed out!
16:22:36 W shelly_tmcu.cpp:507     Heartbeat timed out!
16:22:37 W shelly_tmcu.cpp:507     Heartbeat timed out!
16:22:38 W shelly_tmcu.cpp:507     Heartbeat timed out!
16:22:39 W shelly_tmcu.cpp:507     Heartbeat timed out!
16:22:40 W shelly_tmcu.cpp:507     Heartbeat timed out!
16:22:41 W shelly_tmcu.cpp:507     Heartbeat timed out!
16:22:42 W shelly_tmcu.cpp:507     Heartbeat timed out!
16:22:43 W shelly_tmcu.cpp:507     Heartbeat timed out!
16:22:43 I shelly_script.cpp:204   service:0 0.0% CPU utilization
16:22:44 W shelly_tmcu.cpp:507     Heartbeat timed out!
16:22:45 W shelly_tmcu.cpp:507     Heartbeat timed out!
16:22:46 W shelly_tmcu.cpp:507     Heartbeat timed out!
16:22:47 W shelly_tmcu.cpp:507     Heartbeat timed out!
16:22:48 W shelly_tmcu.cpp:507     Heartbeat timed out!
16:22:49 W shelly_tmcu.cpp:507     Heartbeat timed out!
16:22:50 W shelly_tmcu.cpp:507     Heartbeat timed out!
16:22:51 W shelly_tmcu.cpp:507     Heartbeat timed out!
16:22:52 W shelly_tmcu.cpp:507     Heartbeat timed out!
16:22:53 W shelly_tmcu.cpp:507     Heartbeat timed out!
16:22:54 W shelly_tmcu.cpp:507     Heartbeat timed out!
16:22:55 W shelly_tmcu.cpp:507     Heartbeat timed out!
16:22:56 W shelly_tmcu.cpp:507     Heartbeat timed out!
16:22:57 W shelly_tmcu.cpp:507     Heartbeat timed out!
16:22:58 W shelly_tmcu.cpp:507     Heartbeat timed out!
16:22:59 W shelly_tmcu.cpp:507     Heartbeat timed out!
16:23:00 W shelly_tmcu.cpp:507     Heartbeat timed out!
16:23:01 W shelly_tmcu.cpp:507     Heartbeat timed out!
16:23:02 W shelly_tmcu.cpp:507     Heartbeat timed out!
16:23:03 W shelly_tmcu.cpp:507     Heartbeat timed out!
16:23:04 W shelly_tmcu.cpp:507     Heartbeat timed out!
16:23:05 W shelly_tmcu.cpp:507     Heartbeat timed out!
16:23:06 W shelly_tmcu.cpp:507     Heartbeat timed out!
16:23:07 W shelly_tmcu.cpp:507     Heartbeat timed out!
16:23:08 W shelly_tmcu.cpp:507     Heartbeat timed out!
16:23:09 W shelly_tmcu.cpp:507     Heartbeat timed out!
16:23:10 W shelly_tmcu.cpp:507     Heartbeat timed out!
16:23:11 W shelly_tmcu.cpp:507     Heartbeat timed out!
16:23:12 W shelly_tmcu.cpp:507     Heartbeat timed out!
16:23:13 W shelly_tmcu.cpp:507     Heartbeat timed out!
16:23:13 I shelly_script.cpp:204   service:0 0.0% CPU utilization
16:23:14 W shelly_tmcu.cpp:507     Heartbeat timed out!
16:23:15 W shelly_tmcu.cpp:507     Heartbeat timed out!
16:23:16 W shelly_tmcu.cpp:507     Heartbeat timed out!
16:23:17 W shelly_tmcu.cpp:507     Heartbeat timed out!
16:23:18 W shelly_tmcu.cpp:507     Heartbeat timed out!
16:23:19 W shelly_tmcu.cpp:507     Heartbeat timed out!
16:23:20 W shelly_tmcu.cpp:507     Heartbeat timed out!
16:23:21 W shelly_tmcu.cpp:507     Heartbeat timed out!
16:23:22 W shelly_tmcu.cpp:507     Heartbeat timed out!
16:23:23 W shelly_tmcu.cpp:507     Heartbeat timed out!
16:23:24 W shelly_tmcu.cpp:507     Heartbeat timed out!
16:23:25 W shelly_tmcu.cpp:507     Heartbeat timed out!
16:23:26 W shelly_tmcu.cpp:507     Heartbeat timed out!
16:23:27 W shelly_tmcu.cpp:507     Heartbeat timed out!
16:23:28 W shelly_tmcu.cpp:507     Heartbeat timed out!
16:23:29 W shelly_tmcu.cpp:507     Heartbeat timed out!
16:23:30 W shelly_tmcu.cpp:507     Heartbeat timed out!
16:23:31 W shelly_tmcu.cpp:507     Heartbeat timed out!
16:23:32 W shelly_tmcu.cpp:507     Heartbeat timed out!
16:23:33 W shelly_tmcu.cpp:507     Heartbeat timed out!
16:23:34 W shelly_tmcu.cpp:507     Heartbeat timed out!
16:23:35 W shelly_tmcu.cpp:507     Heartbeat timed out!
16:23:36 W shelly_tmcu.cpp:507     Heartbeat timed out!
16:23:37 W shelly_tmcu.cpp:507     Heartbeat timed out!
16:23:38 W shelly_tmcu.cpp:507     Heartbeat timed out!
16:23:39 W shelly_tmcu.cpp:507     Heartbeat timed out!
16:23:40 W shelly_tmcu.cpp:507     Heartbeat timed out!
16:23:41 W shelly_tmcu.cpp:507     Heartbeat timed out!
16:23:42 W shelly_tmcu.cpp:507     Heartbeat timed out!
16:23:43 W shelly_tmcu.cpp:507     Heartbeat timed out!
16:23:43 I shelly_script.cpp:204   service:0 0.0% CPU utilization
16:23:44 W shelly_tmcu.cpp:507     Heartbeat timed out!
16:23:45 W shelly_tmcu.cpp:507     Heartbeat timed out!
16:23:46 W shelly_tmcu.cpp:507     Heartbeat timed out!
16:23:47 W shelly_tmcu.cpp:507     Heartbeat timed out!
16:23:48 W shelly_tmcu.cpp:507     Heartbeat timed out!
16:23:49 W shelly_tmcu.cpp:507     Heartbeat timed out!
16:23:50 W shelly_tmcu.cpp:507     Heartbeat timed out!
16:23:51 W shelly_tmcu.cpp:507     Heartbeat timed out!
16:23:52 W shelly_tmcu.cpp:507     Heartbeat timed out!
16:23:53 W shelly_tmcu.cpp:507     Heartbeat timed out!
16:23:54 W shelly_tmcu.cpp:507     Heartbeat timed out!
16:23:55 W shelly_tmcu.cpp:507     Heartbeat timed out!
16:23:56 W shelly_tmcu.cpp:507     Heartbeat timed out!
16:23:57 W shelly_tmcu.cpp:507     Heartbeat timed out!
16:23:58 W shelly_tmcu.cpp:507     Heartbeat timed out!
16:23:59 W shelly_tmcu.cpp:507     Heartbeat timed out!
16:24:00 W shelly_tmcu.cpp:507     Heartbeat timed out!
16:24:01 W shelly_tmcu.cpp:507     Heartbeat timed out!
16:24:02 W shelly_tmcu.cpp:507     Heartbeat timed out!
16:24:03 W shelly_tmcu.cpp:507     Heartbeat timed out!
16:24:04 W shelly_tmcu.cpp:507     Heartbeat timed out!
16:24:05 W shelly_tmcu.cpp:507     Heartbeat timed out!
16:24:06 W shelly_tmcu.cpp:507     Heartbeat timed out!
16:24:07 W shelly_tmcu.cpp:507     Heartbeat timed out!
16:24:08 W shelly_tmcu.cpp:507     Heartbeat timed out!
16:24:09 W shelly_tmcu.cpp:507     Heartbeat timed out!
16:24:10 W shelly_tmcu.cpp:507     Heartbeat timed out!
16:24:11 W shelly_tmcu.cpp:507     Heartbeat timed out!
16:24:12 W shelly_tmcu.cpp:507     Heartbeat timed out!
16:24:13 W shelly_tmcu.cpp:507     Heartbeat timed out!
16:24:13 I shelly_script.cpp:204   service:0 0.0% CPU utilization
16:24:14 W shelly_tmcu.cpp:507     Heartbeat timed out!
16:24:15 W shelly_tmcu.cpp:507     Heartbeat timed out!
16:24:16 W shelly_tmcu.cpp:507     Heartbeat timed out!
16:24:17 W shelly_tmcu.cpp:507     Heartbeat timed out!
16:24:18 W shelly_tmcu.cpp:507     Heartbeat timed out!
16:24:19 W shelly_tmcu.cpp:507     Heartbeat timed out!
16:24:20 W shelly_tmcu.cpp:507     Heartbeat timed out!
16:24:21 W shelly_tmcu.cpp:507     Heartbeat timed out!
16:24:22 W shelly_tmcu.cpp:507     Heartbeat timed out!
16:24:23 W shelly_tmcu.cpp:507     Heartbeat timed out!
16:24:24 W shelly_tmcu.cpp:507     Heartbeat timed out!
16:24:25 W shelly_tmcu.cpp:507     Heartbeat timed out!
16:24:26 W shelly_tmcu.cpp:507     Heartbeat timed out!
16:24:27 W shelly_tmcu.cpp:507     Heartbeat timed out!
16:24:28 W shelly_tmcu.cpp:507     Heartbeat timed out!
16:24:29 W shelly_tmcu.cpp:507     Heartbeat timed out!
16:24:30 W shelly_tmcu.cpp:507     Heartbeat timed out!
16:24:31 W shelly_tmcu.cpp:507     Heartbeat timed out!
16:24:32 W shelly_tmcu.cpp:507     Heartbeat timed out!
16:24:33 W shelly_tmcu.cpp:507     Heartbeat timed out!
16:24:34 W shelly_tmcu.cpp:507     Heartbeat timed out!
16:24:35 W shelly_tmcu.cpp:507     Heartbeat timed out!
16:24:36 W shelly_tmcu.cpp:507     Heartbeat timed out!
16:24:37 W shelly_tmcu.cpp:507     Heartbeat timed out!
16:24:38 W shelly_tmcu.cpp:507     Heartbeat timed out!
16:24:39 W shelly_tmcu.cpp:507     Heartbeat timed out!
16:24:40 W shelly_tmcu.cpp:507     Heartbeat timed out!
16:24:41 W shelly_tmcu.cpp:507     Heartbeat timed out!
16:24:42 W shelly_tmcu.cpp:507     Heartbeat timed out!
16:24:43 W shelly_tmcu.cpp:507     Heartbeat timed out!
16:24:43 I shelly_script.cpp:204   service:0 0.0% CPU utilization
16:24:44 W shelly_tmcu.cpp:507     Heartbeat timed out!
16:24:45 W shelly_tmcu.cpp:507     Heartbeat timed out!
16:24:46 W shelly_tmcu.cpp:507     Heartbeat timed out!
16:24:47 W shelly_tmcu.cpp:507     Heartbeat timed out!
16:24:48 W shelly_tmcu.cpp:507     Heartbeat timed out!
16:24:49 W shelly_tmcu.cpp:507     Heartbeat timed out!
16:24:50 W shelly_tmcu.cpp:507     Heartbeat timed out!
16:24:51 W shelly_tmcu.cpp:507     Heartbeat timed out!
16:24:52 W shelly_tmcu.cpp:507     Heartbeat timed out!
16:24:53 W shelly_tmcu.cpp:507     Heartbeat timed out!
16:24:54 W shelly_tmcu.cpp:507     Heartbeat timed out!
16:24:55 W shelly_tmcu.cpp:507     Heartbeat timed out!
16:24:56 W shelly_tmcu.cpp:507     Heartbeat timed out!
16:24:57 W shelly_tmcu.cpp:507     Heartbeat timed out!
16:24:58 W shelly_tmcu.cpp:507     Heartbeat timed out!
16:24:59 W shelly_tmcu.cpp:507     Heartbeat timed out!
16:25:00 W shelly_tmcu.cpp:507     Heartbeat timed out!
16:25:01 W shelly_tmcu.cpp:507     Heartbeat timed out!
16:25:02 W shelly_tmcu.cpp:507     Heartbeat timed out!
16:25:03 W shelly_tmcu.cpp:507     Heartbeat timed out!
16:25:04 W shelly_tmcu.cpp:507     Heartbeat timed out!
16:25:05 W shelly_tmcu.cpp:507     Heartbeat timed out!
16:25:06 W shelly_tmcu.cpp:507     Heartbeat timed out!
16:25:07 W shelly_tmcu.cpp:507     Heartbeat timed out!
16:25:08 W shelly_tmcu.cpp:507     Heartbeat timed out!
16:25:09 W shelly_tmcu.cpp:507     Heartbeat timed out!
16:25:10 W shelly_tmcu.cpp:507     Heartbeat timed out!
16:25:11 W shelly_tmcu.cpp:507     Heartbeat timed out!
16:25:12 W shelly_tmcu.cpp:507     Heartbeat timed out!
16:25:13 W shelly_tmcu.cpp:507     Heartbeat timed out!
16:25:13 I shelly_script.cpp:204   service:0 0.0% CPU utilization
16:25:14 W shelly_tmcu.cpp:507     Heartbeat timed out!
16:25:15 W shelly_tmcu.cpp:507     Heartbeat timed out!
16:25:16 W shelly_tmcu.cpp:507     Heartbeat timed out!
16:25:17 W shelly_tmcu.cpp:507     Heartbeat timed out!
16:25:18 W shelly_tmcu.cpp:507     Heartbeat timed out!
16:25:19 W shelly_tmcu.cpp:507     Heartbeat timed out!
16:25:20 W shelly_tmcu.cpp:507     Heartbeat timed out!
16:25:21 W shelly_tmcu.cpp:507     Heartbeat timed out!
16:25:22 W shelly_tmcu.cpp:507     Heartbeat timed out!
16:25:23 W shelly_tmcu.cpp:507     Heartbeat timed out!
16:25:24 W shelly_tmcu.cpp:507     Heartbeat timed out!
16:25:25 W shelly_tmcu.cpp:507     Heartbeat timed out!
16:25:26 W shelly_tmcu.cpp:507     Heartbeat timed out!
16:25:27 W shelly_tmcu.cpp:507     Heartbeat timed out!
16:25:28 W shelly_tmcu.cpp:507     Heartbeat timed out!
16:25:29 W shelly_tmcu.cpp:507     Heartbeat timed out!
16:25:30 W shelly_tmcu.cpp:507     Heartbeat timed out!
16:25:31 W shelly_tmcu.cpp:507     Heartbeat timed out!
16:25:32 W shelly_tmcu.cpp:507     Heartbeat timed out!
16:25:33 W shelly_tmcu.cpp:507     Heartbeat timed out!
16:25:34 W shelly_tmcu.cpp:507     Heartbeat timed out!
16:25:35 W shelly_tmcu.cpp:507     Heartbeat timed out!
16:25:36 W shelly_tmcu.cpp:507     Heartbeat timed out!
16:25:37 W shelly_tmcu.cpp:507     Heartbeat timed out!
16:25:38 W shelly_tmcu.cpp:507     Heartbeat timed out!
16:25:39 W shelly_tmcu.cpp:507     Heartbeat timed out!
16:25:40 W shelly_tmcu.cpp:507     Heartbeat timed out!
16:25:41 W shelly_tmcu.cpp:507     Heartbeat timed out!
16:25:42 W shelly_tmcu.cpp:507     Heartbeat timed out!
16:25:43 W shelly_tmcu.cpp:507     Heartbeat timed out!
16:25:43 I shelly_script.cpp:204   service:0 0.1% CPU utilization
16:25:44 W shelly_tmcu.cpp:507     Heartbeat timed out!
16:25:45 W shelly_tmcu.cpp:507     Heartbeat timed out!
16:25:46 W shelly_tmcu.cpp:507     Heartbeat timed out!
16:25:47 W shelly_tmcu.cpp:507     Heartbeat timed out!
16:25:48 W shelly_tmcu.cpp:507     Heartbeat timed out!
16:25:49 W shelly_tmcu.cpp:507     Heartbeat timed out!
16:25:50 W shelly_tmcu.cpp:507     Heartbeat timed out!
16:25:51 W shelly_tmcu.cpp:507     Heartbeat timed out!
16:25:52 W shelly_tmcu.cpp:507     Heartbeat timed out!
16:25:53 W shelly_tmcu.cpp:507     Heartbeat timed out!
16:25:54 W shelly_tmcu.cpp:507     Heartbeat timed out!
16:25:55 W shelly_tmcu.cpp:507     Heartbeat timed out!
16:25:56 W shelly_tmcu.cpp:507     Heartbeat timed out!
16:25:57 W shelly_tmcu.cpp:507     Heartbeat timed out!
16:25:58 W shelly_tmcu.cpp:507     Heartbeat timed out!
16:25:59 W shelly_tmcu.cpp:507     Heartbeat timed out!
16:26:00 W shelly_tmcu.cpp:507     Heartbeat timed out!
16:26:01 W shelly_tmcu.cpp:507     Heartbeat timed out!
16:26:02 W shelly_tmcu.cpp:507     Heartbeat timed out!
16:26:03 W shelly_tmcu.cpp:507     Heartbeat timed out!
16:26:04 W shelly_tmcu.cpp:507     Heartbeat timed out!
16:26:05 W shelly_tmcu.cpp:507     Heartbeat timed out!
16:26:06 W shelly_tmcu.cpp:507     Heartbeat timed out!
16:26:07 W shelly_tmcu.cpp:507     Heartbeat timed out!
16:26:08 W shelly_tmcu.cpp:507     Heartbeat timed out!
16:26:09 W shelly_tmcu.cpp:507     Heartbeat timed out!
16:26:10 W shelly_tmcu.cpp:507     Heartbeat timed out!
16:26:11 W shelly_tmcu.cpp:507     Heartbeat timed out!
16:26:12 W shelly_tmcu.cpp:507     Heartbeat timed out!
16:26:13 W shelly_tmcu.cpp:507     Heartbeat timed out!
16:26:13 I shelly_script.cpp:204   service:0 0.0% CPU utilization
16:26:14 W shelly_tmcu.cpp:507     Heartbeat timed out!
16:26:15 W shelly_tmcu.cpp:507     Heartbeat timed out!
16:26:16 W shelly_tmcu.cpp:507     Heartbeat timed out!
16:26:17 W shelly_tmcu.cpp:507     Heartbeat timed out!
16:26:18 W shelly_tmcu.cpp:507     Heartbeat timed out!
16:26:19 W shelly_tmcu.cpp:507     Heartbeat timed out!
16:26:20 W shelly_tmcu.cpp:507     Heartbeat timed out!
16:26:21 W shelly_tmcu.cpp:507     Heartbeat timed out!
16:26:22 W shelly_tmcu.cpp:507     Heartbeat timed out!
16:26:23 W shelly_tmcu.cpp:507     Heartbeat timed out!
16:26:24 W shelly_tmcu.cpp:507     Heartbeat timed out!
16:26:25 W shelly_tmcu.cpp:507     Heartbeat timed out!
16:26:26 W shelly_tmcu.cpp:507     Heartbeat timed out!
16:26:27 W shelly_tmcu.cpp:507     Heartbeat timed out!
16:26:28 W shelly_tmcu.cpp:507     Heartbeat timed out!
16:26:29 W shelly_tmcu.cpp:507     Heartbeat timed out!
16:26:30 W shelly_tmcu.cpp:507     Heartbeat timed out!
16:26:31 W shelly_tmcu.cpp:507     Heartbeat timed out!
16:26:32 W shelly_tmcu.cpp:507     Heartbeat timed out!
16:26:33 W shelly_tmcu.cpp:507     Heartbeat timed out!
16:26:34 W shelly_tmcu.cpp:507     Heartbeat timed out!
16:26:35 W shelly_tmcu.cpp:507     Heartbeat timed out!
16:26:36 W shelly_tmcu.cpp:507     Heartbeat timed out!
16:26:37 W shelly_tmcu.cpp:507     Heartbeat timed out!
16:26:38 W shelly_tmcu.cpp:507     Heartbeat timed out!
16:26:39 W shelly_tmcu.cpp:507     Heartbeat timed out!
16:26:40 W shelly_tmcu.cpp:507     Heartbeat timed out!
16:26:41 W shelly_tmcu.cpp:507     Heartbeat timed out!
16:26:42 W shelly_tmcu.cpp:507     Heartbeat timed out!
16:26:43 W shelly_tmcu.cpp:507     Heartbeat timed out!
16:26:43 I shelly_script.cpp:204   service:0 0.0% CPU utilization
16:26:44 W shelly_tmcu.cpp:507     Heartbeat timed out!
16:26:45 W shelly_tmcu.cpp:507     Heartbeat timed out!
16:26:46 W shelly_tmcu.cpp:507     Heartbeat timed out!
16:26:47 W shelly_tmcu.cpp:507     Heartbeat timed out!
16:26:48 W shelly_tmcu.cpp:507     Heartbeat timed out!
16:26:49 W shelly_tmcu.cpp:507     Heartbeat timed out!
16:26:50 W shelly_tmcu.cpp:507     Heartbeat timed out!
16:26:51 W shelly_tmcu.cpp:507     Heartbeat timed out!
16:26:52 W shelly_tmcu.cpp:507     Heartbeat timed out!
16:26:53 W shelly_tmcu.cpp:507     Heartbeat timed out!
16:26:54 W shelly_tmcu.cpp:507     Heartbeat timed out!
16:26:55 W shelly_tmcu.cpp:507     Heartbeat timed out!
16:26:56 W shelly_tmcu.cpp:507     Heartbeat timed out!
16:26:57 W shelly_tmcu.cpp:507     Heartbeat timed out!
16:26:58 W shelly_tmcu.cpp:507     Heartbeat timed out!
16:26:59 W shelly_tmcu.cpp:507     Heartbeat timed out!
16:27:00 W shelly_tmcu.cpp:507     Heartbeat timed out!
16:27:01 W shelly_tmcu.cpp:507     Heartbeat timed out!
16:27:02 W shelly_tmcu.cpp:507     Heartbeat timed out!
16:27:03 W shelly_tmcu.cpp:507     Heartbeat timed out!
16:27:04 W shelly_tmcu.cpp:507     Heartbeat timed out!
16:27:05 W shelly_tmcu.cpp:507     Heartbeat timed out!
16:27:06 W shelly_tmcu.cpp:507     Heartbeat timed out!
16:27:07 W shelly_tmcu.cpp:507     Heartbeat timed out!
16:27:08 W shelly_tmcu.cpp:507     Heartbeat timed out!
16:27:09 W shelly_tmcu.cpp:507     Heartbeat timed out!
16:27:10 W shelly_tmcu.cpp:507     Heartbeat timed out!
16:27:11 W shelly_tmcu.cpp:507     Heartbeat timed out!
16:27:12 W shelly_tmcu.cpp:507     Heartbeat timed out!
16:27:13 W shelly_tmcu.cpp:507     Heartbeat timed out!
16:27:13 I shelly_script.cpp:204   service:0 0.0% CPU utilization
16:27:14 W shelly_tmcu.cpp:507     Heartbeat timed out!
16:27:15 W shelly_tmcu.cpp:507     Heartbeat timed out!
16:27:16 W shelly_tmcu.cpp:507     Heartbeat timed out!
16:27:17 W shelly_tmcu.cpp:507     Heartbeat timed out!
16:27:18 W shelly_tmcu.cpp:507     Heartbeat timed out!
16:27:19 W shelly_tmcu.cpp:507     Heartbeat timed out!
16:27:20 W shelly_tmcu.cpp:507     Heartbeat timed out!
16:27:21 W shelly_tmcu.cpp:507     Heartbeat timed out!
16:27:22 W shelly_tmcu.cpp:507     Heartbeat timed out!
16:27:23 W shelly_tmcu.cpp:507     Heartbeat timed out!
16:27:24 W shelly_tmcu.cpp:507     Heartbeat timed out!
16:27:25 W shelly_tmcu.cpp:507     Heartbeat timed out!
16:27:26 W shelly_tmcu.cpp:507     Heartbeat timed out!
16:27:27 W shelly_tmcu.cpp:507     Heartbeat timed out!
16:27:28 W shelly_tmcu.cpp:507     Heartbeat timed out!
16:27:29 W shelly_tmcu.cpp:507     Heartbeat timed out!
16:27:30 W shelly_tmcu.cpp:507     Heartbeat timed out!
16:27:31 W shelly_tmcu.cpp:507     Heartbeat timed out!
16:27:32 W shelly_tmcu.cpp:507     Heartbeat timed out!
16:27:33 W shelly_tmcu.cpp:507     Heartbeat timed out!
16:27:34 W shelly_tmcu.cpp:507     Heartbeat timed out!
16:27:35 W shelly_tmcu.cpp:507     Heartbeat timed out!
16:27:36 W shelly_tmcu.cpp:507     Heartbeat timed out!
16:27:37 W shelly_tmcu.cpp:507     Heartbeat timed out!
16:27:38 W shelly_tmcu.cpp:507     Heartbeat timed out!
16:27:39 W shelly_tmcu.cpp:507     Heartbeat timed out!
16:27:40 W shelly_tmcu.cpp:507     Heartbeat timed out!
16:27:41 W shelly_tmcu.cpp:507     Heartbeat timed out!
16:27:42 W shelly_tmcu.cpp:507     Heartbeat timed out!
16:27:43 W shelly_tmcu.cpp:507     Heartbeat timed out!
16:27:43 I shelly_script.cpp:204   service:0 0.0% CPU utilization
16:27:44 W shelly_tmcu.cpp:507     Heartbeat timed out!
16:27:45 W shelly_tmcu.cpp:507     Heartbeat timed out!
16:27:46 W shelly_tmcu.cpp:507     Heartbeat timed out!
16:27:47 W shelly_tmcu.cpp:507     Heartbeat timed out!
16:27:48 W shelly_tmcu.cpp:507     Heartbeat timed out!
16:27:49 W shelly_tmcu.cpp:507     Heartbeat timed out!
16:27:50 W shelly_tmcu.cpp:507     Heartbeat timed out!
16:27:51 W shelly_tmcu.cpp:507     Heartbeat timed out!
16:27:52 W shelly_tmcu.cpp:507     Heartbeat timed out!
16:27:53 W shelly_tmcu.cpp:507     Heartbeat timed out!
16:27:54 W shelly_tmcu.cpp:507     Heartbeat timed out!
16:27:55 W shelly_tmcu.cpp:507     Heartbeat timed out!
16:27:56 W shelly_tmcu.cpp:507     Heartbeat timed out!
16:27:57 W shelly_tmcu.cpp:507     Heartbeat timed out!
16:27:58 W shelly_tmcu.cpp:507     Heartbeat timed out!
16:27:59 W shelly_tmcu.cpp:507     Heartbeat timed out!
16:28:00 W shelly_tmcu.cpp:507     Heartbeat timed out!
16:28:01 W shelly_tmcu.cpp:507     Heartbeat timed out!
16:28:02 W shelly_tmcu.cpp:507     Heartbeat timed out!
16:28:03 W shelly_tmcu.cpp:507     Heartbeat timed out!
16:28:04 W shelly_tmcu.cpp:507     Heartbeat timed out!
16:28:05 W shelly_tmcu.cpp:507     Heartbeat timed out!
16:28:06 W shelly_tmcu.cpp:507     Heartbeat timed out!
16:28:07 W shelly_tmcu.cpp:507     Heartbeat timed out!
16:28:08 W shelly_tmcu.cpp:507     Heartbeat timed out!
16:28:09 W shelly_tmcu.cpp:507     Heartbeat timed out!
16:28:10 W shelly_tmcu.cpp:507     Heartbeat timed out!
16:28:11 W shelly_tmcu.cpp:507     Heartbeat timed out!
16:28:12 W shelly_tmcu.cpp:507     Heartbeat timed out!
16:28:13 W shelly_tmcu.cpp:507     Heartbeat timed out!
16:28:13 I shelly_script.cpp:204   service:0 0.0% CPU utilization
16:28:14 W shelly_tmcu.cpp:507     Heartbeat timed out!
16:28:15 W shelly_tmcu.cpp:507     Heartbeat timed out!
16:28:16 W shelly_tmcu.cpp:507     Heartbeat timed out!
16:28:17 W shelly_tmcu.cpp:507     Heartbeat timed out!
16:28:18 W shelly_tmcu.cpp:507     Heartbeat timed out!
16:28:19 W shelly_tmcu.cpp:507     Heartbeat timed out!
16:28:20 W shelly_tmcu.cpp:507     Heartbeat timed out!
16:28:21 W shelly_tmcu.cpp:507     Heartbeat timed out!
16:28:22 W shelly_tmcu.cpp:507     Heartbeat timed out!
16:28:23 W shelly_tmcu.cpp:507     Heartbeat timed out!
16:28:24 W shelly_tmcu.cpp:507     Heartbeat timed out!
16:28:25 W shelly_tmcu.cpp:507     Heartbeat timed out!
16:28:26 W shelly_tmcu.cpp:507     Heartbeat timed out!
16:28:27 W shelly_tmcu.cpp:507     Heartbeat timed out!
16:28:28 W shelly_tmcu.cpp:507     Heartbeat timed out!
16:28:29 W shelly_tmcu.cpp:507     Heartbeat timed out!
16:28:30 W shelly_tmcu.cpp:507     Heartbeat timed out!
16:28:31 W shelly_tmcu.cpp:507     Heartbeat timed out!
16:28:32 W shelly_tmcu.cpp:507     Heartbeat timed out!
16:28:33 W shelly_tmcu.cpp:507     Heartbeat timed out!
16:28:34 W shelly_tmcu.cpp:507     Heartbeat timed out!
16:28:35 W shelly_tmcu.cpp:507     Heartbeat timed out!
16:28:36 W shelly_tmcu.cpp:507     Heartbeat timed out!
16:28:37 W shelly_tmcu.cpp:507     Heartbeat timed out!
16:28:38 W shelly_tmcu.cpp:507     Heartbeat timed out!
16:28:39 W shelly_tmcu.cpp:507     Heartbeat timed out!
16:28:40 W shelly_tmcu.cpp:507     Heartbeat timed out!
16:28:41 W shelly_tmcu.cpp:507     Heartbeat timed out!
16:28:42 W shelly_tmcu.cpp:507     Heartbeat timed out!
16:28:43 W shelly_tmcu.cpp:507     Heartbeat timed out!
16:28:43 I shelly_script.cpp:204   service:0 0.0% CPU utilization
16:28:44 W shelly_tmcu.cpp:507     Heartbeat timed out!
16:28:45 W shelly_tmcu.cpp:507     Heartbeat timed out!
16:28:46 W shelly_tmcu.cpp:507     Heartbeat timed out!
16:28:47 W shelly_tmcu.cpp:507     Heartbeat timed out!
16:28:48 W shelly_tmcu.cpp:507     Heartbeat timed out!
16:28:49 W shelly_tmcu.cpp:507     Heartbeat timed out!
16:28:50 W shelly_tmcu.cpp:507     Heartbeat timed out!
16:28:51 W shelly_tmcu.cpp:507     Heartbeat timed out!
16:28:52 W shelly_tmcu.cpp:507     Heartbeat timed out!
16:28:53 W shelly_tmcu.cpp:507     Heartbeat timed out!
16:28:54 W shelly_tmcu.cpp:507     Heartbeat timed out!
16:28:55 W shelly_tmcu.cpp:507     Heartbeat timed out!
16:28:56 W shelly_tmcu.cpp:507     Heartbeat timed out!
16:28:57 W shelly_tmcu.cpp:507     Heartbeat timed out!
16:28:58 W shelly_tmcu.cpp:507     Heartbeat timed out!
16:28:59 W shelly_tmcu.cpp:507     Heartbeat timed out!
16:29:00 W shelly_tmcu.cpp:507     Heartbeat timed out!
16:29:01 W shelly_tmcu.cpp:507     Heartbeat timed out!
16:29:02 W shelly_tmcu.cpp:507     Heartbeat timed out!
16:29:03 W shelly_tmcu.cpp:507     Heartbeat timed out!
16:29:04 W shelly_tmcu.cpp:507     Heartbeat timed out!
16:29:05 W shelly_tmcu.cpp:507     Heartbeat timed out!
16:29:06 W shelly_tmcu.cpp:507     Heartbeat timed out!
16:29:07 W shelly_tmcu.cpp:507     Heartbeat timed out!
16:29:08 W shelly_tmcu.cpp:507     Heartbeat timed out!
16:29:09 W shelly_tmcu.cpp:507     Heartbeat timed out!
16:29:10 W shelly_tmcu.cpp:507     Heartbeat timed out!
16:29:11 W shelly_tmcu.cpp:507     Heartbeat timed out!
16:29:12 W shelly_tmcu.cpp:507     Heartbeat timed out!
16:29:13 W shelly_tmcu.cpp:507     Heartbeat timed out!
16:29:13 I shelly_script.cpp:204   service:0 0.0% CPU utilization
16:29:14 W shelly_tmcu.cpp:507     Heartbeat timed out!
16:29:15 W shelly_tmcu.cpp:507     Heartbeat timed out!
16:29:16 W shelly_tmcu.cpp:507     Heartbeat timed out!
16:29:17 W shelly_tmcu.cpp:507     Heartbeat timed out!
16:29:18 W shelly_tmcu.cpp:507     Heartbeat timed out!
16:29:19 W shelly_tmcu.cpp:507     Heartbeat timed out!
16:29:20 W shelly_tmcu.cpp:507     Heartbeat timed out!
16:29:21 W shelly_tmcu.cpp:507     Heartbeat timed out!
16:29:22 W shelly_tmcu.cpp:507     Heartbeat timed out!
16:29:23 W shelly_tmcu.cpp:507     Heartbeat timed out!
16:29:24 W shelly_tmcu.cpp:507     Heartbeat timed out!
16:29:25 W shelly_tmcu.cpp:507     Heartbeat timed out!
16:29:26 W shelly_tmcu.cpp:507     Heartbeat timed out!
16:29:27 W shelly_tmcu.cpp:507     Heartbeat timed out!
16:29:28 W shelly_tmcu.cpp:507     Heartbeat timed out!
16:29:29 W shelly_tmcu.cpp:507     Heartbeat timed out!
16:29:30 W shelly_tmcu.cpp:507     Heartbeat timed out!
16:29:31 W shelly_tmcu.cpp:507     Heartbeat timed out!
16:29:32 W shelly_tmcu.cpp:507     Heartbeat timed out!
16:29:33 W shelly_tmcu.cpp:507     Heartbeat timed out!
16:29:34 W shelly_tmcu.cpp:507     Heartbeat timed out!
16:29:35 W shelly_tmcu.cpp:507     Heartbeat timed out!
16:29:36 W shelly_tmcu.cpp:507     Heartbeat timed out!
16:29:37 W shelly_tmcu.cpp:507     Heartbeat timed out!
16:29:38 W shelly_tmcu.cpp:507     Heartbeat timed out!
16:29:39 W shelly_tmcu.cpp:507     Heartbeat timed out!
16:29:40 W shelly_tmcu.cpp:507     Heartbeat timed out!
16:29:41 W shelly_tmcu.cpp:507     Heartbeat timed out!
16:29:42 W shelly_tmcu.cpp:507     Heartbeat timed out!
16:29:43 W shelly_tmcu.cpp:507     Heartbeat timed out!
16:29:43 I shelly_script.cpp:204   service:0 0.0% CPU utilization
16:29:44 W shelly_tmcu.cpp:507     Heartbeat timed out!
16:29:45 W shelly_tmcu.cpp:507     Heartbeat timed out!
16:29:46 W shelly_tmcu.cpp:507     Heartbeat timed out!
16:29:47 W shelly_tmcu.cpp:507     Heartbeat timed out!
16:29:48 W shelly_tmcu.cpp:507     Heartbeat timed out!
16:29:49 W shelly_tmcu.cpp:507     Heartbeat timed out!
16:29:50 W shelly_tmcu.cpp:507     Heartbeat timed out!
16:29:51 W shelly_tmcu.cpp:507     Heartbeat timed out!
16:29:52 W shelly_tmcu.cpp:507     Heartbeat timed out!
16:29:53 W shelly_tmcu.cpp:507     Heartbeat timed out!
16:29:54 W shelly_tmcu.cpp:507     Heartbeat timed out!
16:29:55 W shelly_tmcu.cpp:507     Heartbeat timed out!
16:29:56 W shelly_tmcu.cpp:507     Heartbeat timed out!
16:29:57 W shelly_tmcu.cpp:507     Heartbeat timed out!
16:29:58 W shelly_tmcu.cpp:507     Heartbeat timed out!
16:29:59 W shelly_tmcu.cpp:507     Heartbeat timed out!
16:30:00 W shelly_tmcu.cpp:507     Heartbeat timed out!
16:30:01 W shelly_tmcu.cpp:507     Heartbeat timed out!
16:30:02 W shelly_tmcu.cpp:507     Heartbeat timed out!
16:30:03 W shelly_tmcu.cpp:507     Heartbeat timed out!
16:30:04 W shelly_tmcu.cpp:507     Heartbeat timed out!
16:30:05 W shelly_tmcu.cpp:507     Heartbeat timed out!
16:30:06 W shelly_tmcu.cpp:507     Heartbeat timed out!
16:30:07 W shelly_tmcu.cpp:507     Heartbeat timed out!
16:30:08 W shelly_tmcu.cpp:507     Heartbeat timed out!
16:30:09 W shelly_tmcu.cpp:507     Heartbeat timed out!
16:30:10 W shelly_tmcu.cpp:507     Heartbeat timed out!
16:30:11 W shelly_tmcu.cpp:507     Heartbeat timed out!
16:30:12 W shelly_tmcu.cpp:507     Heartbeat timed out!
16:30:13 W shelly_tmcu.cpp:507     Heartbeat timed out!
16:30:13 I shelly_script.cpp:204   service:0 0.0% CPU utilization
16:30:14 W shelly_tmcu.cpp:507     Heartbeat timed out!
16:30:15 W shelly_tmcu.cpp:507     Heartbeat timed out!
16:30:16 W shelly_tmcu.cpp:507     Heartbeat timed out!
16:30:17 W shelly_tmcu.cpp:507     Heartbeat timed out!
16:30:18 W shelly_tmcu.cpp:507     Heartbeat timed out!
16:30:19 W shelly_tmcu.cpp:507     Heartbeat timed out!
16:30:20 W shelly_tmcu.cpp:507     Heartbeat timed out!
16:30:21 W shelly_tmcu.cpp:507     Heartbeat timed out!
16:30:22 W shelly_tmcu.cpp:507     Heartbeat timed out!
16:30:23 W shelly_tmcu.cpp:507     Heartbeat timed out!
16:30:24 W shelly_tmcu.cpp:507     Heartbeat timed out!
16:30:25 W shelly_tmcu.cpp:507     Heartbeat timed out!
16:30:26 W shelly_tmcu.cpp:507     Heartbeat timed out!
16:30:27 W shelly_tmcu.cpp:507     Heartbeat timed out!
16:30:28 W shelly_tmcu.cpp:507     Heartbeat timed out!
16:30:29 W shelly_tmcu.cpp:507     Heartbeat timed out!
16:30:30 W shelly_tmcu.cpp:507     Heartbeat timed out!
16:30:31 W shelly_tmcu.cpp:507     Heartbeat timed out!
16:30:32 W shelly_tmcu.cpp:507     Heartbeat timed out!
16:30:33 W shelly_tmcu.cpp:507     Heartbeat timed out!
16:30:34 W shelly_tmcu.cpp:507     Heartbeat timed out!
16:30:35 W shelly_tmcu.cpp:507     Heartbeat timed out!
16:30:36 W shelly_tmcu.cpp:507     Heartbeat timed out!
16:30:37 W shelly_tmcu.cpp:507     Heartbeat timed out!
16:30:38 W shelly_tmcu.cpp:507     Heartbeat timed out!
16:30:39 W shelly_tmcu.cpp:507     Heartbeat timed out!
16:30:40 W shelly_tmcu.cpp:507     Heartbeat timed out!
16:30:41 W shelly_tmcu.cpp:507     Heartbeat timed out!
16:30:42 W shelly_tmcu.cpp:507     Heartbeat timed out!
16:30:43 W shelly_tmcu.cpp:507     Heartbeat timed out!
16:30:43 I shelly_script.cpp:204   service:0 0.0% CPU utilization
16:30:44 W shelly_tmcu.cpp:507     Heartbeat timed out!
16:30:45 W shelly_tmcu.cpp:507     Heartbeat timed out!
16:30:46 W shelly_tmcu.cpp:507     Heartbeat timed out!
16:30:47 W shelly_tmcu.cpp:507     Heartbeat timed out!
16:30:48 W shelly_tmcu.cpp:507     Heartbeat timed out!
16:30:49 W shelly_tmcu.cpp:507     Heartbeat timed out!
16:30:50 W shelly_tmcu.cpp:507     Heartbeat timed out!
16:30:51 W shelly_tmcu.cpp:507     Heartbeat timed out!
16:30:52 W shelly_tmcu.cpp:507     Heartbeat timed out!
16:30:53 W shelly_tmcu.cpp:507     Heartbeat timed out!
16:30:54 W shelly_tmcu.cpp:507     Heartbeat timed out!
16:30:55 W shelly_tmcu.cpp:507     Heartbeat timed out!
16:30:56 W shelly_tmcu.cpp:507     Heartbeat timed out!
16:30:57 W shelly_tmcu.cpp:507     Heartbeat timed out!
16:30:58 W shelly_tmcu.cpp:507     Heartbeat timed out!
16:30:59 W shelly_tmcu.cpp:507     Heartbeat timed out!
16:31:00 W shelly_tmcu.cpp:507     Heartbeat timed out!
16:31:01 W shelly_tmcu.cpp:507     Heartbeat timed out!
16:31:02 W shelly_tmcu.cpp:507     Heartbeat timed out!
16:31:03 W shelly_tmcu.cpp:507     Heartbeat timed out!
16:31:04 W shelly_tmcu.cpp:507     Heartbeat timed out!
16:31:05 W shelly_tmcu.cpp:507     Heartbeat timed out!
16:31:06 W shelly_tmcu.cpp:507     Heartbeat timed out!
16:31:07 W shelly_tmcu.cpp:507     Heartbeat timed out!
16:31:08 W shelly_tmcu.cpp:507     Heartbeat timed out!
16:31:09 W shelly_tmcu.cpp:507     Heartbeat timed out!
16:31:10 W shelly_tmcu.cpp:507     Heartbeat timed out!
16:31:11 W shelly_tmcu.cpp:507     Heartbeat timed out!
16:31:12 W shelly_tmcu.cpp:507     Heartbeat timed out!
16:31:13 W shelly_tmcu.cpp:507     Heartbeat timed out!
16:31:13 I shelly_script.cpp:204   service:0 0.0% CPU utilization
16:31:14 W shelly_tmcu.cpp:507     Heartbeat timed out!
16:31:15 W shelly_tmcu.cpp:507     Heartbeat timed out!
16:31:16 W shelly_tmcu.cpp:507     Heartbeat timed out!
16:31:17 W shelly_tmcu.cpp:507     Heartbeat timed out!
16:31:18 W shelly_tmcu.cpp:507     Heartbeat timed out!
16:31:19 W shelly_tmcu.cpp:507     Heartbeat timed out!
16:31:20 W shelly_tmcu.cpp:507     Heartbeat timed out!
16:31:21 W shelly_tmcu.cpp:507     Heartbeat timed out!
16:31:22 W shelly_tmcu.cpp:507     Heartbeat timed out!
16:31:23 W shelly_tmcu.cpp:507     Heartbeat timed out!
16:31:24 W shelly_tmcu.cpp:507     Heartbeat timed out!
16:31:25 W shelly_tmcu.cpp:507     Heartbeat timed out!
16:31:26 W shelly_tmcu.cpp:507     Heartbeat timed out!
16:31:27 W shelly_tmcu.cpp:507     Heartbeat timed out!
16:31:28 W shelly_tmcu.cpp:507     Heartbeat timed out!
16:31:29 W shelly_tmcu.cpp:507     Heartbeat timed out!
16:31:30 W shelly_tmcu.cpp:507     Heartbeat timed out!
16:31:31 W shelly_tmcu.cpp:507     Heartbeat timed out!
16:31:32 W shelly_tmcu.cpp:507     Heartbeat timed out!
16:31:33 W shelly_tmcu.cpp:507     Heartbeat timed out!
16:31:34 W shelly_tmcu.cpp:507     Heartbeat timed out!
16:31:35 W shelly_tmcu.cpp:507     Heartbeat timed out!
16:31:36 W shelly_tmcu.cpp:507     Heartbeat timed out!
16:31:37 W shelly_tmcu.cpp:507     Heartbeat timed out!
16:31:38 W shelly_tmcu.cpp:507     Heartbeat timed out!
16:31:39 W shelly_tmcu.cpp:507     Heartbeat timed out!
16:31:40 W shelly_tmcu.cpp:507     Heartbeat timed out!
16:31:41 W shelly_tmcu.cpp:507     Heartbeat timed out!
16:31:42 W shelly_tmcu.cpp:507     Heartbeat timed out!
16:31:43 W shelly_tmcu.cpp:507     Heartbeat timed out!
16:31:43 I shelly_script.cpp:204   service:0 0.0% CPU utilization
16:31:44 W shelly_tmcu.cpp:507     Heartbeat timed out!
16:31:45 W shelly_tmcu.cpp:507     Heartbeat timed out!
16:31:46 W shelly_tmcu.cpp:507     Heartbeat timed out!
16:31:47 W shelly_tmcu.cpp:507     Heartbeat timed out!
16:31:48 W shelly_tmcu.cpp:507     Heartbeat timed out!
16:31:49 W shelly_tmcu.cpp:507     Heartbeat timed out!
16:31:50 W shelly_tmcu.cpp:507     Heartbeat timed out!
16:31:51 W shelly_tmcu.cpp:507     Heartbeat timed out!
16:31:52 W shelly_tmcu.cpp:507     Heartbeat timed out!
16:31:53 W shelly_tmcu.cpp:507     Heartbeat timed out!
16:31:54 W shelly_tmcu.cpp:507     Heartbeat timed out!
16:31:55 W shelly_tmcu.cpp:507     Heartbeat timed out!
16:31:56 W shelly_tmcu.cpp:507     Heartbeat timed out!
16:31:57 W shelly_tmcu.cpp:507     Heartbeat timed out!
16:31:58 W shelly_tmcu.cpp:507     Heartbeat timed out!
16:31:59 W shelly_tmcu.cpp:507     Heartbeat timed out!
16:32:00 W shelly_tmcu.cpp:507     Heartbeat timed out!
16:32:01 W shelly_tmcu.cpp:507     Heartbeat timed out!
16:32:02 W shelly_tmcu.cpp:507     Heartbeat timed out!
16:32:03 W shelly_tmcu.cpp:507     Heartbeat timed out!
16:32:04 W shelly_tmcu.cpp:507     Heartbeat timed out!
16:32:05 W shelly_tmcu.cpp:507     Heartbeat timed out!
16:32:06 W shelly_tmcu.cpp:507     Heartbeat timed out!
16:32:07 W shelly_tmcu.cpp:507     Heartbeat timed out!
16:32:08 W shelly_tmcu.cpp:507     Heartbeat timed out!
16:32:09 W shelly_tmcu.cpp:507     Heartbeat timed out!
16:32:10 W shelly_tmcu.cpp:507     Heartbeat timed out!
16:32:11 W shelly_tmcu.cpp:507     Heartbeat timed out!
16:32:12 W shelly_tmcu.cpp:507     Heartbeat timed out!
16:32:13 W shelly_tmcu.cpp:507     Heartbeat timed out!
16:32:13 I shelly_script.cpp:204   service:0 0.0% CPU utilization
16:32:14 W shelly_tmcu.cpp:507     Heartbeat timed out!
16:32:15 W shelly_tmcu.cpp:507     Heartbeat timed out!
16:32:16 W shelly_tmcu.cpp:507     Heartbeat timed out!
16:32:17 W shelly_tmcu.cpp:507     Heartbeat timed out!
16:32:18 W shelly_tmcu.cpp:507     Heartbeat timed out!
16:32:19 W shelly_tmcu.cpp:507     Heartbeat timed out!
16:32:20 W shelly_tmcu.cpp:507     Heartbeat timed out!
16:32:21 W shelly_tmcu.cpp:507     Heartbeat timed out!
16:32:22 W shelly_tmcu.cpp:507     Heartbeat timed out!
16:32:23 W shelly_tmcu.cpp:507     Heartbeat timed out!
16:32:24 W shelly_tmcu.cpp:507     Heartbeat timed out!
16:32:25 W shelly_tmcu.cpp:507     Heartbeat timed out!
16:32:26 W shelly_tmcu.cpp:507     Heartbeat timed out!
16:32:27 W shelly_tmcu.cpp:507     Heartbeat timed out!
16:32:28 W shelly_tmcu.cpp:507     Heartbeat timed out!
16:32:29 W shelly_tmcu.cpp:507     Heartbeat timed out!
16:32:30 W shelly_tmcu.cpp:507     Heartbeat timed out!
16:32:31 W shelly_tmcu.cpp:507     Heartbeat timed out!
16:32:32 W shelly_tmcu.cpp:507     Heartbeat timed out!
16:32:33 W shelly_tmcu.cpp:507     Heartbeat timed out!
16:32:34 W shelly_tmcu.cpp:507     Heartbeat timed out!
16:32:35 W shelly_tmcu.cpp:507     Heartbeat timed out!
16:32:36 W shelly_tmcu.cpp:507     Heartbeat timed out!
16:32:37 W shelly_tmcu.cpp:507     Heartbeat timed out!
16:32:38 W shelly_tmcu.cpp:507     Heartbeat timed out!
16:32:39 W shelly_tmcu.cpp:507     Heartbeat timed out!
16:32:40 W shelly_tmcu.cpp:507     Heartbeat timed out!
16:32:41 W shelly_tmcu.cpp:507     Heartbeat timed out!
16:32:42 W shelly_tmcu.cpp:507     Heartbeat timed out!
16:32:43 W shelly_tmcu.cpp:507     Heartbeat timed out!
16:32:43 I shelly_script.cpp:204   service:0 0.0% CPU utilization
16:32:44 W shelly_tmcu.cpp:507     Heartbeat timed out!
16:32:45 W shelly_tmcu.cpp:507     Heartbeat timed out!
16:32:46 W shelly_tmcu.cpp:507     Heartbeat timed out!
16:32:47 W shelly_tmcu.cpp:507     Heartbeat timed out!
16:32:48 W shelly_tmcu.cpp:507     Heartbeat timed out!
16:32:49 W shelly_tmcu.cpp:507     Heartbeat timed out!
16:32:50 W shelly_tmcu.cpp:507     Heartbeat timed out!
16:32:51 W shelly_tmcu.cpp:507     Heartbeat timed out!
16:32:52 W shelly_tmcu.cpp:507     Heartbeat timed out!
16:32:53 W shelly_tmcu.cpp:507     Heartbeat timed out!
16:32:54 W shelly_tmcu.cpp:507     Heartbeat timed out!
16:32:55 W shelly_tmcu.cpp:507     Heartbeat timed out!
16:32:56 W shelly_tmcu.cpp:507     Heartbeat timed out!
16:32:57 W shelly_tmcu.cpp:507     Heartbeat timed out!
16:32:58 W shelly_tmcu.cpp:507     Heartbeat timed out!
16:32:59 W shelly_tmcu.cpp:507     Heartbeat timed out!
16:33:00 W shelly_tmcu.cpp:507     Heartbeat timed out!
16:33:01 W shelly_tmcu.cpp:507     Heartbeat timed out!
16:33:02 W shelly_tmcu.cpp:507     Heartbeat timed out!
16:33:03 W shelly_tmcu.cpp:507     Heartbeat timed out!
16:33:04 W shelly_tmcu.cpp:507     Heartbeat timed out!
16:33:05 W shelly_tmcu.cpp:507     Heartbeat timed out!
16:33:06 W shelly_tmcu.cpp:507     Heartbeat timed out!
16:33:07 W shelly_tmcu.cpp:507     Heartbeat timed out!
16:33:08 W shelly_tmcu.cpp:507     Heartbeat timed out!
16:33:09 W shelly_tmcu.cpp:507     Heartbeat timed out!
16:33:10 W shelly_tmcu.cpp:507     Heartbeat timed out!
16:33:11 W shelly_tmcu.cpp:507     Heartbeat timed out!
16:33:12 W shelly_tmcu.cpp:507     Heartbeat timed out!
16:33:13 W shelly_tmcu.cpp:507     Heartbeat timed out!
16:33:13 I shelly_script.cpp:204   service:0 0.1% CPU utilization
16:33:14 W shelly_tmcu.cpp:507     Heartbeat timed out!
16:33:15 W shelly_tmcu.cpp:507     Heartbeat timed out!
16:33:16 W shelly_tmcu.cpp:507     Heartbeat timed out!
16:33:17 W shelly_tmcu.cpp:507     Heartbeat timed out!
16:33:18 W shelly_tmcu.cpp:507     Heartbeat timed out!
16:33:19 W shelly_tmcu.cpp:507     Heartbeat timed out!
16:33:20 W shelly_tmcu.cpp:507     Heartbeat timed out!
16:33:21 W shelly_tmcu.cpp:507     Heartbeat timed out!
16:33:22 W shelly_tmcu.cpp:507     Heartbeat timed out!
16:33:23 W shelly_tmcu.cpp:507     Heartbeat timed out!
16:33:24 W shelly_tmcu.cpp:507     Heartbeat timed out!
16:33:25 W shelly_tmcu.cpp:507     Heartbeat timed out!
16:33:26 W shelly_tmcu.cpp:507     Heartbeat timed out!
16:33:27 W shelly_tmcu.cpp:507     Heartbeat timed out!
16:33:28 W shelly_tmcu.cpp:507     Heartbeat timed out!
16:33:29 W shelly_tmcu.cpp:507     Heartbeat timed out!
16:33:30 W shelly_tmcu.cpp:507     Heartbeat timed out!
16:33:31 W shelly_tmcu.cpp:507     Heartbeat timed out!
16:33:32 W shelly_tmcu.cpp:507     Heartbeat timed out!
16:33:33 W shelly_tmcu.cpp:507     Heartbeat timed out!
16:33:34 W shelly_tmcu.cpp:507     Heartbeat timed out!
16:33:35 W shelly_tmcu.cpp:507     Heartbeat timed out!
16:33:36 W shelly_tmcu.cpp:507     Heartbeat timed out!
16:33:37 W shelly_tmcu.cpp:507     Heartbeat timed out!
16:33:38 W shelly_tmcu.cpp:507     Heartbeat timed out!
16:33:39 W shelly_tmcu.cpp:507     Heartbeat timed out!
16:33:40 W shelly_tmcu.cpp:507     Heartbeat timed out!
16:33:41 W shelly_tmcu.cpp:507     Heartbeat timed out!
16:33:42 W shelly_tmcu.cpp:507     Heartbeat timed out!
16:33:43 W shelly_tmcu.cpp:507     Heartbeat timed out!
16:33:43 I shelly_script.cpp:204   service:0 0.0% CPU utilization
16:33:44 W shelly_tmcu.cpp:507     Heartbeat timed out!
16:33:45 W shelly_tmcu.cpp:507     Heartbeat timed out!
16:33:46 W shelly_tmcu.cpp:507     Heartbeat timed out!
16:33:47 W shelly_tmcu.cpp:507     Heartbeat timed out!
16:33:48 W shelly_tmcu.cpp:507     Heartbeat timed out!
16:33:49 W shelly_tmcu.cpp:507     Heartbeat timed out!
16:33:50 W shelly_tmcu.cpp:507     Heartbeat timed out!
16:33:51 W shelly_tmcu.cpp:507     Heartbeat timed out!
16:33:52 W shelly_tmcu.cpp:507     Heartbeat timed out!
16:33:53 W shelly_tmcu.cpp:507     Heartbeat timed out!
16:33:54 W shelly_tmcu.cpp:507     Heartbeat timed out!
16:33:55 W shelly_tmcu.cpp:507     Heartbeat timed out!
16:33:56 W shelly_tmcu.cpp:507     Heartbeat timed out!
16:33:57 W shelly_tmcu.cpp:507     Heartbeat timed out!
16:33:58 W shelly_tmcu.cpp:507     Heartbeat timed out!
16:33:59 W shelly_tmcu.cpp:507     Heartbeat timed out!
16:34:00 W shelly_tmcu.cpp:507     Heartbeat timed out!
16:34:01 W shelly_tmcu.cpp:507     Heartbeat timed out!
16:34:02 W shelly_tmcu.cpp:507     Heartbeat timed out!
16:34:03 W shelly_tmcu.cpp:507     Heartbeat timed out!
16:34:04 W shelly_tmcu.cpp:507     Heartbeat timed out!
16:34:05 W shelly_tmcu.cpp:507     Heartbeat timed out!
16:34:06 W shelly_tmcu.cpp:507     Heartbeat timed out!
16:34:07 W shelly_tmcu.cpp:507     Heartbeat timed out!
16:34:08 W shelly_tmcu.cpp:507     Heartbeat timed out!
16:34:09 W shelly_tmcu.cpp:507     Heartbeat timed out!
16:34:10 W shelly_tmcu.cpp:507     Heartbeat timed out!
16:34:11 W shelly_tmcu.cpp:507     Heartbeat timed out!
16:34:12 W shelly_tmcu.cpp:507     Heartbeat timed out!
16:34:13 W shelly_tmcu.cpp:507     Heartbeat timed out!
16:34:13 I shelly_script.cpp:204   service:0 0.0% CPU utilization
16:34:14 W shelly_tmcu.cpp:507     Heartbeat timed out!
16:34:15 W shelly_tmcu.cpp:507     Heartbeat timed out!
16:34:16 W shelly_tmcu.cpp:507     Heartbeat timed out!
16:34:17 W shelly_tmcu.cpp:507     Heartbeat timed out!
16:34:18 W shelly_tmcu.cpp:507     Heartbeat timed out!
16:34:19 W shelly_tmcu.cpp:507     Heartbeat timed out!
16:34:20 W shelly_tmcu.cpp:507     Heartbeat timed out!
16:34:21 W shelly_tmcu.cpp:507     Heartbeat timed out!
16:34:22 W shelly_tmcu.cpp:507     Heartbeat timed out!
16:34:23 W shelly_tmcu.cpp:507     Heartbeat timed out!
16:34:24 W shelly_tmcu.cpp:507     Heartbeat timed out!
16:34:25 W shelly_tmcu.cpp:507     Heartbeat timed out!
16:34:26 W shelly_tmcu.cpp:507     Heartbeat timed out!
16:34:27 W shelly_tmcu.cpp:507     Heartbeat timed out!
16:34:28 W shelly_tmcu.cpp:507     Heartbeat timed out!
16:34:29 W shelly_tmcu.cpp:507     Heartbeat timed out!
16:34:30 W shelly_tmcu.cpp:507     Heartbeat timed out!
16:34:31 W shelly_tmcu.cpp:507     Heartbeat timed out!
16:34:32 W shelly_tmcu.cpp:507     Heartbeat timed out!
16:34:33 W shelly_tmcu.cpp:507     Heartbeat timed out!
16:34:34 W shelly_tmcu.cpp:507     Heartbeat timed out!
16:34:35 W shelly_tmcu.cpp:507     Heartbeat timed out!
16:34:36 W shelly_tmcu.cpp:507     Heartbeat timed out!
16:34:37 W shelly_tmcu.cpp:507     Heartbeat timed out!
16:34:38 W shelly_tmcu.cpp:507     Heartbeat timed out!
16:34:39 W shelly_tmcu.cpp:507     Heartbeat timed out!
16:34:40 W shelly_tmcu.cpp:507     Heartbeat timed out!
16:34:41 W shelly_tmcu.cpp:507     Heartbeat timed out!
16:34:42 W shelly_tmcu.cpp:507     Heartbeat timed out!
16:34:43 W shelly_tmcu.cpp:507     Heartbeat timed out!
16:34:43 I shelly_script.cpp:204   service:0 0.1% CPU utilization
16:34:44 W shelly_tmcu.cpp:507     Heartbeat timed out!
16:34:45 W shelly_tmcu.cpp:507     Heartbeat timed out!
16:34:46 W shelly_tmcu.cpp:507     Heartbeat timed out!
16:34:47 W shelly_tmcu.cpp:507     Heartbeat timed out!
16:34:48 W shelly_tmcu.cpp:507     Heartbeat timed out!
16:34:49 W shelly_tmcu.cpp:507     Heartbeat timed out!
16:34:50 W shelly_tmcu.cpp:507     Heartbeat timed out!
16:34:51 W shelly_tmcu.cpp:507     Heartbeat timed out!
16:34:52 W shelly_tmcu.cpp:507     Heartbeat timed out!
16:34:53 W shelly_tmcu.cpp:507     Heartbeat timed out!
16:34:54 W shelly_tmcu.cpp:507     Heartbeat timed out!
16:34:55 W shelly_tmcu.cpp:507     Heartbeat timed out!
16:34:56 W shelly_tmcu.cpp:507     Heartbeat timed out!
16:34:57 W shelly_tmcu.cpp:507     Heartbeat timed out!
16:34:58 W shelly_tmcu.cpp:507     Heartbeat timed out!
16:34:59 W shelly_tmcu.cpp:507     Heartbeat timed out!
16:35:00 W shelly_tmcu.cpp:507     Heartbeat timed out!
16:35:01 W shelly_tmcu.cpp:507     Heartbeat timed out!
16:35:02 W shelly_tmcu.cpp:507     Heartbeat timed out!
16:35:03 W shelly_tmcu.cpp:507     Heartbeat timed out!
16:35:04 W shelly_tmcu.cpp:507     Heartbeat timed out!
16:35:05 W shelly_tmcu.cpp:507     Heartbeat timed out!
16:35:06 W shelly_tmcu.cpp:507     Heartbeat timed out!
16:35:07 W shelly_tmcu.cpp:507     Heartbeat timed out!
16:35:08 W shelly_tmcu.cpp:507     Heartbeat timed out!
16:35:09 W shelly_tmcu.cpp:507     Heartbeat timed out!
16:35:10 W shelly_tmcu.cpp:507     Heartbeat timed out!
16:35:11 W shelly_tmcu.cpp:507     Heartbeat timed out!
16:35:12 W shelly_tmcu.cpp:507     Heartbeat timed out!
16:35:13 W shelly_tmcu.cpp:507     Heartbeat timed out!
16:35:13 I shelly_script.cpp:204   service:0 0.1% CPU utilization
16:35:14 W shelly_tmcu.cpp:507     Heartbeat timed out!
16:35:15 W shelly_tmcu.cpp:507     Heartbeat timed out!
16:35:16 W shelly_tmcu.cpp:507     Heartbeat timed out!
16:35:17 W shelly_tmcu.cpp:507     Heartbeat timed out!
16:35:18 W shelly_tmcu.cpp:507     Heartbeat timed out!
16:35:19 W shelly_tmcu.cpp:507     Heartbeat timed out!
16:35:20 W shelly_tmcu.cpp:507     Heartbeat timed out!
16:35:21 W shelly_tmcu.cpp:507     Heartbeat timed out!
16:35:22 W shelly_tmcu.cpp:507     Heartbeat timed out!
16:35:23 W shelly_tmcu.cpp:507     Heartbeat timed out!
16:35:24 W shelly_tmcu.cpp:507     Heartbeat timed out!
16:35:25 W shelly_tmcu.cpp:507     Heartbeat timed out!
16:35:26 W shelly_tmcu.cpp:507     Heartbeat timed out!
16:35:27 W shelly_tmcu.cpp:507     Heartbeat timed out!
16:35:28 W shelly_tmcu.cpp:507     Heartbeat timed out!
16:35:29 W shelly_tmcu.cpp:507     Heartbeat timed out!
16:35:30 W shelly_tmcu.cpp:507     Heartbeat timed out!
16:35:31 W shelly_tmcu.cpp:507     Heartbeat timed out!
16:35:32 W shelly_tmcu.cpp:507     Heartbeat timed out!
16:35:33 W shelly_tmcu.cpp:507     Heartbeat timed out!
16:35:34 W shelly_tmcu.cpp:507     Heartbeat timed out!
16:35:35 W shelly_tmcu.cpp:507     Heartbeat timed out!
16:35:36 W shelly_tmcu.cpp:507     Heartbeat timed out!
16:35:37 W shelly_tmcu.cpp:507     Heartbeat timed out!
16:35:38 W shelly_tmcu.cpp:507     Heartbeat timed out!
16:35:39 W shelly_tmcu.cpp:507     Heartbeat timed out!
16:35:40 W shelly_tmcu.cpp:507     Heartbeat timed out!
16:35:41 W shelly_tmcu.cpp:507     Heartbeat timed out!
16:35:42 W shelly_tmcu.cpp:507     Heartbeat timed out!
16:35:43 W shelly_tmcu.cpp:507     Heartbeat timed out!
16:35:43 I shelly_script.cpp:204   service:0 0.1% CPU utilization
16:35:44 W shelly_tmcu.cpp:507     Heartbeat timed out!
16:35:45 W shelly_tmcu.cpp:507     Heartbeat timed out!
16:35:46 W shelly_tmcu.cpp:507     Heartbeat timed out!
16:35:47 W shelly_tmcu.cpp:507     Heartbeat timed out!
16:35:48 W shelly_tmcu.cpp:507     Heartbeat timed out!
16:35:49 W shelly_tmcu.cpp:507     Heartbeat timed out!
16:35:50 W shelly_tmcu.cpp:507     Heartbeat timed out!
16:35:51 W shelly_tmcu.cpp:507     Heartbeat timed out!
16:35:52 W shelly_tmcu.cpp:507     Heartbeat timed out!
16:35:53 W shelly_tmcu.cpp:507     Heartbeat timed out!
16:35:54 W shelly_tmcu.cpp:507     Heartbeat timed out!
16:35:55 W shelly_tmcu.cpp:507     Heartbeat timed out!
16:35:56 W shelly_tmcu.cpp:507     Heartbeat timed out!
16:35:57 W shelly_tmcu.cpp:507     Heartbeat timed out!
16:35:58 W shelly_tmcu.cpp:507     Heartbeat timed out!
16:35:59 W shelly_tmcu.cpp:507     Heartbeat timed out!
16:36:00 W shelly_tmcu.cpp:507     Heartbeat timed out!
16:36:01 W shelly_tmcu.cpp:507     Heartbeat timed out!
16:36:02 W shelly_tmcu.cpp:507     Heartbeat timed out!
16:36:03 W shelly_tmcu.cpp:507     Heartbeat timed out!
16:36:04 W shelly_tmcu.cpp:507     Heartbeat timed out!
16:36:05 W shelly_tmcu.cpp:507     Heartbeat timed out!
16:36:06 W shelly_tmcu.cpp:507     Heartbeat timed out!
16:36:07 W shelly_tmcu.cpp:507     Heartbeat timed out!
16:36:08 W shelly_tmcu.cpp:507     Heartbeat timed out!
16:36:09 W shelly_tmcu.cpp:507     Heartbeat timed out!
16:36:10 W shelly_tmcu.cpp:507     Heartbeat timed out!
16:36:11 W shelly_tmcu.cpp:507     Heartbeat timed out!
16:36:12 W shelly_tmcu.cpp:507     Heartbeat timed out!
16:36:13 W shelly_tmcu.cpp:507     Heartbeat timed out!
16:36:13 I shelly_script.cpp:204   service:0 0.1% CPU utilization
16:36:14 W shelly_tmcu.cpp:507     Heartbeat timed out!
16:36:15 W shelly_tmcu.cpp:507     Heartbeat timed out!
16:36:16 W shelly_tmcu.cpp:507     Heartbeat timed out!
16:36:17 W shelly_tmcu.cpp:507     Heartbeat timed out!
16:36:18 W shelly_tmcu.cpp:507     Heartbeat timed out!
16:36:19 W shelly_tmcu.cpp:507     Heartbeat timed out!
16:36:20 W shelly_tmcu.cpp:507     Heartbeat timed out!
16:36:21 W shelly_tmcu.cpp:507     Heartbeat timed out!
16:36:22 W shelly_tmcu.cpp:507     Heartbeat timed out!
16:36:23 W shelly_tmcu.cpp:507     Heartbeat timed out!
16:36:24 W shelly_tmcu.cpp:507     Heartbeat timed out!
16:36:25 W shelly_tmcu.cpp:507     Heartbeat timed out!
16:36:26 W shelly_tmcu.cpp:507     Heartbeat timed out!
16:36:27 W shelly_tmcu.cpp:507     Heartbeat timed out!
16:36:28 W shelly_tmcu.cpp:507     Heartbeat timed out!
16:36:29 W shelly_tmcu.cpp:507     Heartbeat timed out!
16:36:30 W shelly_tmcu.cpp:507     Heartbeat timed out!
16:36:31 W shelly_tmcu.cpp:507     Heartbeat timed out!
16:36:32 W shelly_tmcu.cpp:507     Heartbeat timed out!
16:36:33 W shelly_tmcu.cpp:507     Heartbeat timed out!
16:36:34 W shelly_tmcu.cpp:507     Heartbeat timed out!
16:36:35 W shelly_tmcu.cpp:507     Heartbeat timed out!
16:36:36 W shelly_tmcu.cpp:507     Heartbeat timed out!
16:36:37 W shelly_tmcu.cpp:507     Heartbeat timed out!
16:36:38 W shelly_tmcu.cpp:507     Heartbeat timed out!
16:36:39 W shelly_tmcu.cpp:507     Heartbeat timed out!
16:36:40 W shelly_tmcu.cpp:507     Heartbeat timed out!
16:36:41 W shelly_tmcu.cpp:507     Heartbeat timed out!
16:36:42 W shelly_tmcu.cpp:507     Heartbeat timed out!
16:36:43 W shelly_tmcu.cpp:507     Heartbeat timed out!
16:36:43 I shelly_script.cpp:204   service:0 0.1% CPU utilization
16:36:44 W shelly_tmcu.cpp:507     Heartbeat timed out!
16:36:45 W shelly_tmcu.cpp:507     Heartbeat timed out!
16:36:46 W shelly_tmcu.cpp:507     Heartbeat timed out!
16:36:47 W shelly_tmcu.cpp:507     Heartbeat timed out!
16:36:48 W shelly_tmcu.cpp:507     Heartbeat timed out!
16:36:49 W shelly_tmcu.cpp:507     Heartbeat timed out!
16:36:50 W shelly_tmcu.cpp:507     Heartbeat timed out!
16:36:51 W shelly_tmcu.cpp:507     Heartbeat timed out!
16:36:52 W shelly_tmcu.cpp:507     Heartbeat timed out!
16:36:53 W shelly_tmcu.cpp:507     Heartbeat timed out!
16:36:54 W shelly_tmcu.cpp:507     Heartbeat timed out!
16:36:55 W shelly_tmcu.cpp:507     Heartbeat timed out!
16:36:56 W shelly_tmcu.cpp:507     Heartbeat timed out!
16:36:57 W shelly_tmcu.cpp:507     Heartbeat timed out!
16:36:58 W shelly_tmcu.cpp:507     Heartbeat timed out!
16:36:59 W shelly_tmcu.cpp:507     Heartbeat timed out!
16:37:00 W shelly_tmcu.cpp:507     Heartbeat timed out!
16:37:01 W shelly_tmcu.cpp:507     Heartbeat timed out!
16:37:02 W shelly_tmcu.cpp:507     Heartbeat timed out!
16:37:03 W shelly_tmcu.cpp:507     Heartbeat timed out!
16:37:04 W shelly_tmcu.cpp:507     Heartbeat timed out!
16:37:05 W shelly_tmcu.cpp:507     Heartbeat timed out!
16:37:06 W shelly_tmcu.cpp:507     Heartbeat timed out!
16:37:07 W shelly_tmcu.cpp:507     Heartbeat timed out!
16:37:08 W shelly_tmcu.cpp:507     Heartbeat timed out!
16:37:09 W shelly_tmcu.cpp:507     Heartbeat timed out!
16:37:10 W shelly_tmcu.cpp:507     Heartbeat timed out!
16:37:11 W shelly_tmcu.cpp:507     Heartbeat timed out!
16:37:12 W shelly_tmcu.cpp:507     Heartbeat timed out!
16:37:13 W shelly_tmcu.cpp:507     Heartbeat timed out!
16:37:13 I shelly_script.cpp:204   service:0 0.1% CPU utilization
16:37:14 W shelly_tmcu.cpp:507     Heartbeat timed out!
16:37:15 W shelly_tmcu.cpp:507     Heartbeat timed out!
16:37:16 W shelly_tmcu.cpp:507     Heartbeat timed out!
16:37:17 W shelly_tmcu.cpp:507     Heartbeat timed out!
16:37:18 W shelly_tmcu.cpp:507     Heartbeat timed out!
16:37:19 W shelly_tmcu.cpp:507     Heartbeat timed out!
16:37:20 W shelly_tmcu.cpp:507     Heartbeat timed out!
16:37:21 W shelly_tmcu.cpp:507     Heartbeat timed out!
16:37:22 W shelly_tmcu.cpp:507     Heartbeat timed out!
16:37:23 W shelly_tmcu.cpp:507     Heartbeat timed out!
16:37:24 W shelly_tmcu.cpp:507     Heartbeat timed out!
16:37:25 W shelly_tmcu.cpp:507     Heartbeat timed out!
16:37:26 W shelly_tmcu.cpp:507     Heartbeat timed out!
16:37:27 W shelly_tmcu.cpp:507     Heartbeat timed out!
16:37:28 W shelly_tmcu.cpp:507     Heartbeat timed out!
16:37:29 W shelly_tmcu.cpp:507     Heartbeat timed out!
16:37:30 W shelly_tmcu.cpp:507     Heartbeat timed out!
16:37:31 W shelly_tmcu.cpp:507     Heartbeat timed out!
16:37:32 W shelly_tmcu.cpp:507     Heartbeat timed out!
16:37:33 W shelly_tmcu.cpp:507     Heartbeat timed out!
16:37:34 W shelly_tmcu.cpp:507     Heartbeat timed out!
16:37:35 W shelly_tmcu.cpp:507     Heartbeat timed out!
16:37:36 W shelly_tmcu.cpp:507     Heartbeat timed out!
16:37:37 W shelly_tmcu.cpp:507     Heartbeat timed out!
16:37:38 W shelly_tmcu.cpp:507     Heartbeat timed out!
16:37:39 W shelly_tmcu.cpp:507     Heartbeat timed out!
16:37:40 W shelly_tmcu.cpp:507     Heartbeat timed out!
16:37:41 W shelly_tmcu.cpp:507     Heartbeat timed out!
16:37:42 W shelly_tmcu.cpp:507     Heartbeat timed out!
16:37:43 W shelly_tmcu.cpp:507     Heartbeat timed out!
16:37:43 I shelly_script.cpp:204   service:0 0.1% CPU utilization
16:37:44 W shelly_tmcu.cpp:507     Heartbeat timed out!
16:37:45 W shelly_tmcu.cpp:507     Heartbeat timed out!
16:37:46 W shelly_tmcu.cpp:507     Heartbeat timed out!
16:37:47 W shelly_tmcu.cpp:507     Heartbeat timed out!
16:37:48 W shelly_tmcu.cpp:507     Heartbeat timed out!
16:37:49 W shelly_tmcu.cpp:507     Heartbeat timed out!
16:37:50 W shelly_tmcu.cpp:507     Heartbeat timed out!
16:37:51 W shelly_tmcu.cpp:507     Heartbeat timed out!
16:37:52 W shelly_tmcu.cpp:507     Heartbeat timed out!
16:37:53 W shelly_tmcu.cpp:507     Heartbeat timed out!
16:37:54 W shelly_tmcu.cpp:507     Heartbeat timed out!
16:37:55 W shelly_tmcu.cpp:507     Heartbeat timed out!
16:37:56 W shelly_tmcu.cpp:507     Heartbeat timed out!
16:37:57 W shelly_tmcu.cpp:507     Heartbeat timed out!
16:37:58 W shelly_tmcu.cpp:507     Heartbeat timed out!
16:37:59 W shelly_tmcu.cpp:507     Heartbeat timed out!
16:38:00 W shelly_tmcu.cpp:507     Heartbeat timed out!
16:38:01 W shelly_tmcu.cpp:507     Heartbeat timed out!
16:38:02 W shelly_tmcu.cpp:507     Heartbeat timed out!
16:38:03 W shelly_tmcu.cpp:507     Heartbeat timed out!
16:38:04 W shelly_tmcu.cpp:507     Heartbeat timed out!
16:38:05 W shelly_tmcu.cpp:507     Heartbeat timed out!
16:38:06 W shelly_tmcu.cpp:507     Heartbeat timed out!
16:38:07 W shelly_tmcu.cpp:507     Heartbeat timed out!
16:38:08 W shelly_tmcu.cpp:507     Heartbeat timed out!
16:38:09 W shelly_tmcu.cpp:507     Heartbeat timed out!
16:38:10 W shelly_tmcu.cpp:507     Heartbeat timed out!
16:38:11 W shelly_tmcu.cpp:507     Heartbeat timed out!
16:38:12 W shelly_tmcu.cpp:507     Heartbeat timed out!
16:38:13 W shelly_tmcu.cpp:507     Heartbeat timed out!
16:38:13 I shelly_script.cpp:204   service:0 0.1% CPU utilization
16:38:14 W shelly_tmcu.cpp:507     Heartbeat timed out!
16:38:15 W shelly_tmcu.cpp:507     Heartbeat timed out!
16:38:16 W shelly_tmcu.cpp:507     Heartbeat timed out!
16:38:17 W shelly_tmcu.cpp:507     Heartbeat timed out!
16:38:18 W shelly_tmcu.cpp:507     Heartbeat timed out!
16:38:19 W shelly_tmcu.cpp:507     Heartbeat timed out!
16:38:20 W shelly_tmcu.cpp:507     Heartbeat timed out!
16:38:21 W shelly_tmcu.cpp:507     Heartbeat timed out!
16:38:22 W shelly_tmcu.cpp:507     Heartbeat timed out!
16:38:23 W shelly_tmcu.cpp:507     Heartbeat timed out!
16:38:24 W shelly_tmcu.cpp:507     Heartbeat timed out!
16:38:25 W shelly_tmcu.cpp:507     Heartbeat timed out!
16:38:26 W shelly_tmcu.cpp:507     Heartbeat timed out!
16:38:27 W shelly_tmcu.cpp:507     Heartbeat timed out!
16:38:28 W shelly_tmcu.cpp:507     Heartbeat timed out!
16:38:29 W shelly_tmcu.cpp:507     Heartbeat timed out!
16:38:30 W shelly_tmcu.cpp:507     Heartbeat timed out!
16:38:31 W shelly_tmcu.cpp:507     Heartbeat timed out!
16:38:32 W shelly_tmcu.cpp:507     Heartbeat timed out!
16:38:33 W shelly_tmcu.cpp:507     Heartbeat timed out!
16:38:34 W shelly_tmcu.cpp:507     Heartbeat timed out!
16:38:35 W shelly_tmcu.cpp:507     Heartbeat timed out!
16:38:36 W shelly_tmcu.cpp:507     Heartbeat timed out!
16:38:37 W shelly_tmcu.cpp:507     Heartbeat timed out!
16:38:38 W shelly_tmcu.cpp:507     Heartbeat timed out!
16:38:39 W shelly_tmcu.cpp:507     Heartbeat timed out!
16:38:40 W shelly_tmcu.cpp:507     Heartbeat timed out!
16:38:41 W shelly_tmcu.cpp:507     Heartbeat timed out!
16:38:42 W shelly_tmcu.cpp:507     Heartbeat timed out!
16:38:43 W shelly_tmcu.cpp:507     Heartbeat timed out!
16:38:43 I shelly_script.cpp:204   service:0 0.1% CPU utilization
16:38:44 W shelly_tmcu.cpp:507     Heartbeat timed out!
16:38:45 W shelly_tmcu.cpp:507     Heartbeat timed out!
16:38:46 W shelly_tmcu.cpp:507     Heartbeat timed out!
16:38:47 W shelly_tmcu.cpp:507     Heartbeat timed out!
16:38:48 W shelly_tmcu.cpp:507     Heartbeat timed out!
16:38:49 W shelly_tmcu.cpp:507     Heartbeat timed out!
16:38:50 W shelly_tmcu.cpp:507     Heartbeat timed out!
16:38:51 W shelly_tmcu.cpp:507     Heartbeat timed out!
16:38:52 W shelly_tmcu.cpp:507     Heartbeat timed out!
16:38:53 W shelly_tmcu.cpp:507     Heartbeat timed out!
16:38:54 W shelly_tmcu.cpp:507     Heartbeat timed out!
16:38:55 W shelly_tmcu.cpp:507     Heartbeat timed out!
16:38:56 W shelly_tmcu.cpp:507     Heartbeat timed out!
16:38:57 W shelly_tmcu.cpp:507     Heartbeat timed out!
16:38:58 W shelly_tmcu.cpp:507     Heartbeat timed out!
16:38:59 W shelly_tmcu.cpp:507     Heartbeat timed out!
16:39:00 W shelly_tmcu.cpp:507     Heartbeat timed out!
16:39:01 W shelly_tmcu.cpp:507     Heartbeat timed out!
16:39:02 W shelly_tmcu.cpp:507     Heartbeat timed out!
16:39:03 W shelly_tmcu.cpp:507     Heartbeat timed out!
16:39:04 W shelly_tmcu.cpp:507     Heartbeat timed out!
16:39:05 W shelly_tmcu.cpp:507     Heartbeat timed out!
16:39:06 W shelly_tmcu.cpp:507     Heartbeat timed out!
16:39:07 W shelly_tmcu.cpp:507     Heartbeat timed out!
16:39:08 W shelly_tmcu.cpp:507     Heartbeat timed out!
16:39:09 W shelly_tmcu.cpp:507     Heartbeat timed out!
16:39:10 W shelly_tmcu.cpp:507     Heartbeat timed out!
16:39:11 W shelly_tmcu.cpp:507     Heartbeat timed out!
16:39:12 W shelly_tmcu.cpp:507     Heartbeat timed out!
16:39:13 W shelly_tmcu.cpp:507     Heartbeat timed out!
16:39:13 I shelly_script.cpp:204   service:0 0.1% CPU utilization
16:39:14 W shelly_tmcu.cpp:507     Heartbeat timed out!
16:39:15 W shelly_tmcu.cpp:507     Heartbeat timed out!
16:39:16 W shelly_tmcu.cpp:507     Heartbeat timed out!
16:39:17 W shelly_tmcu.cpp:507     Heartbeat timed out!
16:39:18 W shelly_tmcu.cpp:507     Heartbeat timed out!
16:39:19 W shelly_tmcu.cpp:507     Heartbeat timed out!
16:39:20 W shelly_tmcu.cpp:507     Heartbeat timed out!
16:39:21 W shelly_tmcu.cpp:507     Heartbeat timed out!
16:39:22 W shelly_tmcu.cpp:507     Heartbeat timed out!
16:39:23 W shelly_tmcu.cpp:507     Heartbeat timed out!
16:39:24 W shelly_tmcu.cpp:507     Heartbeat timed out!
16:39:25 W shelly_tmcu.cpp:507     Heartbeat timed out!
16:39:26 W shelly_tmcu.cpp:507     Heartbeat timed out!
16:39:27 W shelly_tmcu.cpp:507     Heartbeat timed out!
16:39:28 W shelly_tmcu.cpp:507     Heartbeat timed out!
16:39:29 W shelly_tmcu.cpp:507     Heartbeat timed out!
16:39:30 W shelly_tmcu.cpp:507     Heartbeat timed out!
16:39:31 W shelly_tmcu.cpp:507     Heartbeat timed out!
16:39:32 W shelly_tmcu.cpp:507     Heartbeat timed out!
16:39:33 W shelly_tmcu.cpp:507     Heartbeat timed out!
16:39:34 W shelly_tmcu.cpp:507     Heartbeat timed out!
16:39:35 W shelly_tmcu.cpp:507     Heartbeat timed out!
16:39:36 W shelly_tmcu.cpp:507     Heartbeat timed out!
16:39:37 W shelly_tmcu.cpp:507     Heartbeat timed out!
16:39:38 W shelly_tmcu.cpp:507     Heartbeat timed out!
16:39:39 W shelly_tmcu.cpp:507     Heartbeat timed out!
16:39:40 W shelly_tmcu.cpp:507     Heartbeat timed out!
16:39:41 W shelly_tmcu.cpp:507     Heartbeat timed out!
16:39:42 W shelly_tmcu.cpp:507     Heartbeat timed out!
16:39:43 W shelly_tmcu.cpp:507     Heartbeat timed out!
16:39:43 I shelly_script.cpp:204   service:0 0.1% CPU utilization
16:39:44 W shelly_tmcu.cpp:507     Heartbeat timed out!
16:39:45 W shelly_tmcu.cpp:507     Heartbeat timed out!
16:39:46 W shelly_tmcu.cpp:507     Heartbeat timed out!
16:39:47 W shelly_tmcu.cpp:507     Heartbeat timed out!
16:39:48 W shelly_tmcu.cpp:507     Heartbeat timed out!
16:39:49 W shelly_tmcu.cpp:507     Heartbeat timed out!
16:39:50 W shelly_tmcu.cpp:507     Heartbeat timed out!
16:39:51 W shelly_tmcu.cpp:507     Heartbeat timed out!
16:39:52 W shelly_tmcu.cpp:507     Heartbeat timed out!
16:39:53 W shelly_tmcu.cpp:507     Heartbeat timed out!
16:39:54 W shelly_tmcu.cpp:507     Heartbeat timed out!
16:39:55 W shelly_tmcu.cpp:507     Heartbeat timed out!
16:39:56 W shelly_tmcu.cpp:507     Heartbeat timed out!
16:39:57 W shelly_tmcu.cpp:507     Heartbeat timed out!
16:39:58 W shelly_tmcu.cpp:507     Heartbeat timed out!
16:39:59 W shelly_tmcu.cpp:507     Heartbeat timed out!
16:40:00 W shelly_tmcu.cpp:507     Heartbeat timed out!
16:40:01 W shelly_tmcu.cpp:507     Heartbeat timed out!
16:40:02 W shelly_tmcu.cpp:507     Heartbeat timed out!
16:40:03 W shelly_tmcu.cpp:507     Heartbeat timed out!
16:40:04 W shelly_tmcu.cpp:507     Heartbeat timed out!
16:40:05 W shelly_tmcu.cpp:507     Heartbeat timed out!
16:40:06 W shelly_tmcu.cpp:507     Heartbeat timed out!
16:40:07 W shelly_tmcu.cpp:507     Heartbeat timed out!
16:40:08 W shelly_tmcu.cpp:507     Heartbeat timed out!
16:40:09 W shelly_tmcu.cpp:507     Heartbeat timed out!
16:40:10 W shelly_tmcu.cpp:507     Heartbeat timed out!
16:40:11 W shelly_tmcu.cpp:507     Heartbeat timed out!
16:40:12 W shelly_tmcu.cpp:507     Heartbeat timed out!
16:40:13 W shelly_tmcu.cpp:507     Heartbeat timed out!
16:40:13 I shelly_script.cpp:204   service:0 0.1% CPU utilization
16:40:14 W shelly_tmcu.cpp:507     Heartbeat timed out!
16:40:15 W shelly_tmcu.cpp:507     Heartbeat timed out!
16:40:16 W shelly_tmcu.cpp:507     Heartbeat timed out!
16:40:17 W shelly_tmcu.cpp:507     Heartbeat timed out!
16:40:18 W shelly_tmcu.cpp:507     Heartbeat timed out!
16:40:19 W shelly_tmcu.cpp:507     Heartbeat timed out!
16:40:20 W shelly_tmcu.cpp:507     Heartbeat timed out!
16:40:21 W shelly_tmcu.cpp:507     Heartbeat timed out!
16:40:22 W shelly_tmcu.cpp:507     Heartbeat timed out!
16:40:23 W shelly_tmcu.cpp:507     Heartbeat timed out!
16:40:24 W shelly_tmcu.cpp:507     Heartbeat timed out!
16:40:25 W shelly_tmcu.cpp:507     Heartbeat timed out!
16:40:26 W shelly_tmcu.cpp:507     Heartbeat timed out!
16:40:27 W shelly_tmcu.cpp:507     Heartbeat timed out!
16:40:28 W shelly_tmcu.cpp:507     Heartbeat timed out!
16:40:29 W shelly_tmcu.cpp:507     Heartbeat timed out!
16:40:30 W shelly_tmcu.cpp:507     Heartbeat timed out!
16:40:31 W shelly_tmcu.cpp:507     Heartbeat timed out!
16:40:32 W shelly_tmcu.cpp:507     Heartbeat timed out!
16:40:33 W shelly_tmcu.cpp:507     Heartbeat timed out!
16:40:34 W shelly_tmcu.cpp:507     Heartbeat timed out!
16:40:35 W shelly_tmcu.cpp:507     Heartbeat timed out!
16:40:36 W shelly_tmcu.cpp:507     Heartbeat timed out!
16:40:37 W shelly_tmcu.cpp:507     Heartbeat timed out!
16:40:38 W shelly_tmcu.cpp:507     Heartbeat timed out!
16:40:39 W shelly_tmcu.cpp:507     Heartbeat timed out!
16:40:40 W shelly_tmcu.cpp:507     Heartbeat timed out!
16:40:41 W shelly_tmcu.cpp:507     Heartbeat timed out!
16:40:42 W shelly_tmcu.cpp:507     Heartbeat timed out!
16:40:43 W shelly_tmcu.cpp:507     Heartbeat timed out!
16:40:43 I shelly_script.cpp:204   service:0 0.1% CPU utilization
16:40:44 W shelly_tmcu.cpp:507     Heartbeat timed out!
16:40:45 W shelly_tmcu.cpp:507     Heartbeat timed out!
16:40:46 W shelly_tmcu.cpp:507     Heartbeat timed out!
16:40:47 W shelly_tmcu.cpp:507     Heartbeat timed out!
16:40:48 W shelly_tmcu.cpp:507     Heartbeat timed out!
16:40:49 W shelly_tmcu.cpp:507     Heartbeat timed out!
16:40:50 W shelly_tmcu.cpp:507     Heartbeat timed out!
16:40:51 W shelly_tmcu.cpp:507     Heartbeat timed out!
16:40:52 W shelly_tmcu.cpp:507     Heartbeat timed out!
16:40:53 W shelly_tmcu.cpp:507     Heartbeat timed out!
16:40:54 W shelly_tmcu.cpp:507     Heartbeat timed out!
16:40:55 W shelly_tmcu.cpp:507     Heartbeat timed out!
16:40:56 W shelly_tmcu.cpp:507     Heartbeat timed out!
16:40:57 W shelly_tmcu.cpp:507     Heartbeat timed out!
16:40:58 W shelly_tmcu.cpp:507     Heartbeat timed out!
16:40:59 W shelly_tmcu.cpp:507     Heartbeat timed out!
16:41:00 W shelly_tmcu.cpp:507     Heartbeat timed out!
16:41:01 W shelly_tmcu.cpp:507     Heartbeat timed out!
16:41:02 W shelly_tmcu.cpp:507     Heartbeat timed out!
16:41:03 W shelly_tmcu.cpp:507     Heartbeat timed out!
16:41:04 W shelly_tmcu.cpp:507     Heartbeat timed out!
16:41:05 W shelly_tmcu.cpp:507     Heartbeat timed out!
16:41:06 W shelly_tmcu.cpp:507     Heartbeat timed out!
16:41:07 W shelly_tmcu.cpp:507     Heartbeat timed out!
16:41:08 W shelly_tmcu.cpp:507     Heartbeat timed out!
16:41:09 W shelly_tmcu.cpp:507     Heartbeat timed out!
16:41:10 W shelly_tmcu.cpp:507     Heartbeat timed out!
16:41:11 W shelly_tmcu.cpp:507     Heartbeat timed out!
16:41:12 W shelly_tmcu.cpp:507     Heartbeat timed out!
16:41:13 W shelly_tmcu.cpp:507     Heartbeat timed out!
16:41:13 I shelly_script.cpp:204   service:0 0.1% CPU utilization
16:41:14 W shelly_tmcu.cpp:507     Heartbeat timed out!
16:41:15 W shelly_tmcu.cpp:507     Heartbeat timed out!
16:41:16 W shelly_tmcu.cpp:507     Heartbeat timed out!
16:41:17 W shelly_tmcu.cpp:507     Heartbeat timed out!
16:41:18 W shelly_tmcu.cpp:507     Heartbeat timed out!
16:41:19 W shelly_tmcu.cpp:507     Heartbeat timed out!
16:41:20 W shelly_tmcu.cpp:507     Heartbeat timed out!
16:41:21 W shelly_tmcu.cpp:507     Heartbeat timed out!
16:41:22 W shelly_tmcu.cpp:507     Heartbeat timed out!
16:41:23 W shelly_tmcu.cpp:507     Heartbeat timed out!
16:41:24 W shelly_tmcu.cpp:507     Heartbeat timed out!
16:41:25 W shelly_tmcu.cpp:507     Heartbeat timed out!
16:41:26 W shelly_tmcu.cpp:507     Heartbeat timed out!
16:41:27 W shelly_tmcu.cpp:507     Heartbeat timed out!
16:41:28 W shelly_tmcu.cpp:507     Heartbeat timed out!
16:41:29 W shelly_tmcu.cpp:507     Heartbeat timed out!
16:41:30 W shelly_tmcu.cpp:507     Heartbeat timed out!
16:41:31 W shelly_tmcu.cpp:507     Heartbeat timed out!
16:41:32 W shelly_tmcu.cpp:507     Heartbeat timed out!
16:41:33 W shelly_tmcu.cpp:507     Heartbeat timed out!
16:41:34 W shelly_tmcu.cpp:507     Heartbeat timed out!
16:41:35 W shelly_tmcu.cpp:507     Heartbeat timed out!
16:41:36 W shelly_tmcu.cpp:507     Heartbeat timed out!
16:41:37 W shelly_tmcu.cpp:507     Heartbeat timed out!
16:41:38 W shelly_tmcu.cpp:507     Heartbeat timed out!
16:41:39 W shelly_tmcu.cpp:507     Heartbeat timed out!
16:41:40 W shelly_tmcu.cpp:507     Heartbeat timed out!
16:41:41 W shelly_tmcu.cpp:507     Heartbeat timed out!
16:41:42 W shelly_tmcu.cpp:507     Heartbeat timed out!
16:41:43 W shelly_tmcu.cpp:507     Heartbeat timed out!
16:41:43 I shelly_script.cpp:204   service:0 0.0% CPU utilization
16:41:44 W shelly_tmcu.cpp:507     Heartbeat timed out!
16:41:45 W shelly_tmcu.cpp:507     Heartbeat timed out!
16:41:46 W shelly_tmcu.cpp:507     Heartbeat timed out!
16:41:47 W shelly_tmcu.cpp:507     Heartbeat timed out!
16:41:48 W shelly_tmcu.cpp:507     Heartbeat timed out!
16:41:49 W shelly_tmcu.cpp:507     Heartbeat timed out!
16:41:50 W shelly_tmcu.cpp:507     Heartbeat timed out!
16:41:51 W shelly_tmcu.cpp:507     Heartbeat timed out!
16:41:52 W shelly_tmcu.cpp:507     Heartbeat timed out!
16:41:53 W shelly_tmcu.cpp:507     Heartbeat timed out!
16:41:54 W shelly_tmcu.cpp:507     Heartbeat timed out!
16:41:55 W shelly_tmcu.cpp:507     Heartbeat timed out!
16:41:56 W shelly_tmcu.cpp:507     Heartbeat timed out!
16:41:57 W shelly_tmcu.cpp:507     Heartbeat timed out!
16:41:58 W shelly_tmcu.cpp:507     Heartbeat timed out!
16:41:59 W shelly_tmcu.cpp:507     Heartbeat timed out!
16:42:00 W shelly_tmcu.cpp:507     Heartbeat timed out!
16:42:01 W shelly_tmcu.cpp:507     Heartbeat timed out!
16:42:02 W shelly_tmcu.cpp:507     Heartbeat timed out!
16:42:03 W shelly_tmcu.cpp:507     Heartbeat timed out!
16:42:04 W shelly_tmcu.cpp:507     Heartbeat timed out!
16:42:05 W shelly_tmcu.cpp:507     Heartbeat timed out!
16:42:06 W shelly_tmcu.cpp:507     Heartbeat timed out!
16:42:07 W shelly_tmcu.cpp:507     Heartbeat timed out!
16:42:08 W shelly_tmcu.cpp:507     Heartbeat timed out!
16:42:09 W shelly_tmcu.cpp:507     Heartbeat timed out!
16:42:10 W shelly_tmcu.cpp:507     Heartbeat timed out!
16:42:11 W shelly_tmcu.cpp:507     Heartbeat timed out!
16:42:12 W shelly_tmcu.cpp:507     Heartbeat timed out!
16:42:13 W shelly_tmcu.cpp:507     Heartbeat timed out!
16:42:13 I shelly_script.cpp:204   service:0 0.0% CPU utilization
16:42:14 W shelly_tmcu.cpp:507     Heartbeat timed out!
16:42:15 W shelly_tmcu.cpp:507     Heartbeat timed out!
16:42:16 W shelly_tmcu.cpp:507     Heartbeat timed out!
16:42:17 W shelly_tmcu.cpp:507     Heartbeat timed out!
16:42:18 W shelly_tmcu.cpp:507     Heartbeat timed out!
16:42:19 W shelly_tmcu.cpp:507     Heartbeat timed out!
16:42:20 W shelly_tmcu.cpp:507     Heartbeat timed out!
16:42:21 W shelly_tmcu.cpp:507     Heartbeat timed out!
16:42:22 W shelly_tmcu.cpp:507     Heartbeat timed out!
16:42:23 W shelly_tmcu.cpp:507     Heartbeat timed out!
16:42:24 W shelly_tmcu.cpp:507     Heartbeat timed out!
16:42:25 W shelly_tmcu.cpp:507     Heartbeat timed out!
16:42:26 W shelly_tmcu.cpp:507     Heartbeat timed out!
16:42:27 W shelly_tmcu.cpp:507     Heartbeat timed out!
16:42:28 W shelly_tmcu.cpp:507     Heartbeat timed out!
16:42:29 W shelly_tmcu.cpp:507     Heartbeat timed out!
16:42:30 W shelly_tmcu.cpp:507     Heartbeat timed out!
16:42:31 W shelly_tmcu.cpp:507     Heartbeat timed out!
16:42:32 W shelly_tmcu.cpp:507     Heartbeat timed out!
16:42:33 W shelly_tmcu.cpp:507     Heartbeat timed out!
16:42:34 W shelly_tmcu.cpp:507     Heartbeat timed out!
16:42:35 W shelly_tmcu.cpp:507     Heartbeat timed out!
16:42:36 W shelly_tmcu.cpp:507     Heartbeat timed out!
16:42:37 W shelly_tmcu.cpp:507     Heartbeat timed out!
16:42:38 W shelly_tmcu.cpp:507     Heartbeat timed out!
16:42:39 W shelly_tmcu.cpp:507     Heartbeat timed out!
16:42:40 W shelly_tmcu.cpp:507     Heartbeat timed out!
16:42:41 W shelly_tmcu.cpp:507     Heartbeat timed out!
16:42:42 W shelly_tmcu.cpp:507     Heartbeat timed out!
16:42:43 W shelly_tmcu.cpp:507     Heartbeat timed out!
16:42:43 I shelly_script.cpp:204   service:0 0.0% CPU utilization
16:42:44 W shelly_tmcu.cpp:507     Heartbeat timed out!
16:42:45 W shelly_tmcu.cpp:507     Heartbeat timed out!
16:42:46 W shelly_tmcu.cpp:507     Heartbeat timed out!
16:42:47 W shelly_tmcu.cpp:507     Heartbeat timed out!
16:42:48 W shelly_tmcu.cpp:507     Heartbeat timed out!
16:42:49 W shelly_tmcu.cpp:507     Heartbeat timed out!
16:42:50 W shelly_tmcu.cpp:507     Heartbeat timed out!
16:42:51 W shelly_tmcu.cpp:507     Heartbeat timed out!
16:42:52 W shelly_tmcu.cpp:507     Heartbeat timed out!
16:42:53 W shelly_tmcu.cpp:507     Heartbeat timed out!
16:42:54 W shelly_tmcu.cpp:507     Heartbeat timed out!
16:42:55 W shelly_tmcu.cpp:507     Heartbeat timed out!
16:42:56 W shelly_tmcu.cpp:507     Heartbeat timed out!
16:42:57 W shelly_tmcu.cpp:507     Heartbeat timed out!
16:42:58 W shelly_tmcu.cpp:507     Heartbeat timed out!
16:42:59 W shelly_tmcu.cpp:507     Heartbeat timed out!
16:43:00 W shelly_tmcu.cpp:507     Heartbeat timed out!
16:43:01 W shelly_tmcu.cpp:507     Heartbeat timed out!
16:43:02 W shelly_tmcu.cpp:507     Heartbeat timed out!
16:43:03 W shelly_tmcu.cpp:507     Heartbeat timed out!
16:43:04 W shelly_tmcu.cpp:507     Heartbeat timed out!
16:43:05 W shelly_tmcu.cpp:507     Heartbeat timed out!
16:43:06 W shelly_tmcu.cpp:507     Heartbeat timed out!
16:43:07 W shelly_tmcu.cpp:507     Heartbeat timed out!
16:43:08 W shelly_tmcu.cpp:507     Heartbeat timed out!
16:43:09 W shelly_tmcu.cpp:507     Heartbeat timed out!
16:43:10 W shelly_tmcu.cpp:507     Heartbeat timed out!
16:43:11 W shelly_tmcu.cpp:507     Heartbeat timed out!
16:43:12 W shelly_tmcu.cpp:507     Heartbeat timed out!
16:43:13 W shelly_tmcu.cpp:507     Heartbeat timed out!
16:43:13 I shelly_script.cpp:204   service:0 0.0% CPU utilization
16:43:14 W shelly_tmcu.cpp:507     Heartbeat timed out!
16:43:15 W shelly_tmcu.cpp:507     Heartbeat timed out!
16:43:16 W shelly_tmcu.cpp:507     Heartbeat timed out!
16:43:17 W shelly_tmcu.cpp:507     Heartbeat timed out!
16:43:18 W shelly_tmcu.cpp:507     Heartbeat timed out!
16:43:19 W shelly_tmcu.cpp:507     Heartbeat timed out!
16:43:20 W shelly_tmcu.cpp:507     Heartbeat timed out!
16:43:21 W shelly_tmcu.cpp:507     Heartbeat timed out!
16:43:22 W shelly_tmcu.cpp:507     Heartbeat timed out!
16:43:23 W shelly_tmcu.cpp:507     Heartbeat timed out!
16:43:24 W shelly_tmcu.cpp:507     Heartbeat timed out!
16:43:25 W shelly_tmcu.cpp:507     Heartbeat timed out!
16:43:26 W shelly_tmcu.cpp:507     Heartbeat timed out!
16:43:27 W shelly_tmcu.cpp:507     Heartbeat timed out!
16:43:28 W shelly_tmcu.cpp:507     Heartbeat timed out!
16:43:29 W shelly_tmcu.cpp:507     Heartbeat timed out!
16:43:30 W shelly_tmcu.cpp:507     Heartbeat timed out!
16:43:31 W shelly_tmcu.cpp:507     Heartbeat timed out!
16:43:32 W shelly_tmcu.cpp:507     Heartbeat timed out!
16:43:33 W shelly_tmcu.cpp:507     Heartbeat timed out!
16:43:34 W shelly_tmcu.cpp:507     Heartbeat timed out!
16:43:35 W shelly_tmcu.cpp:507     Heartbeat timed out!
16:43:36 W shelly_tmcu.cpp:507     Heartbeat timed out!
16:43:37 W shelly_tmcu.cpp:507     Heartbeat timed out!
16:43:38 W shelly_tmcu.cpp:507     Heartbeat timed out!
16:43:39 W shelly_tmcu.cpp:507     Heartbeat timed out!
16:43:40 W shelly_tmcu.cpp:507     Heartbeat timed out!
16:43:41 W shelly_tmcu.cpp:507     Heartbeat timed out!
16:43:42 W shelly_tmcu.cpp:507     Heartbeat timed out!
16:43:43 W shelly_tmcu.cpp:507     Heartbeat timed out!
16:43:43 I shelly_script.cpp:204   service:0 0.0% CPU utilization
16:43:44 W shelly_tmcu.cpp:507     Heartbeat timed out!
16:43:45 W shelly_tmcu.cpp:507     Heartbeat timed out!
16:43:46 W shelly_tmcu.cpp:507     Heartbeat timed out!
16:43:47 W shelly_tmcu.cpp:507     Heartbeat timed out!
16:43:48 W shelly_tmcu.cpp:507     Heartbeat timed out!
16:43:49 W shelly_tmcu.cpp:507     Heartbeat timed out!
16:43:50 W shelly_tmcu.cpp:507     Heartbeat timed out!
16:43:51 W shelly_tmcu.cpp:507     Heartbeat timed out!
16:43:52 W shelly_tmcu.cpp:507     Heartbeat timed out!
16:43:53 W shelly_tmcu.cpp:507     Heartbeat timed out!
16:43:54 W shelly_tmcu.cpp:507     Heartbeat timed out!
16:43:55 W shelly_tmcu.cpp:507     Heartbeat timed out!
16:43:56 W shelly_tmcu.cpp:507     Heartbeat timed out!
16:43:57 W shelly_tmcu.cpp:507     Heartbeat timed out!
16:43:58 W shelly_tmcu.cpp:507     Heartbeat timed out!
16:43:59 W shelly_tmcu.cpp:507     Heartbeat timed out!
16:44:00 W shelly_tmcu.cpp:507     Heartbeat timed out!
16:44:01 W shelly_tmcu.cpp:507     Heartbeat timed out!
16:44:02 W shelly_tmcu.cpp:507     Heartbeat timed out!
16:44:03 W shelly_tmcu.cpp:507     Heartbeat timed out!
16:44:04 W shelly_tmcu.cpp:507     Heartbeat timed out!
16:44:05 W shelly_tmcu.cpp:507     Heartbeat timed out!
16:44:06 W shelly_tmcu.cpp:507     Heartbeat timed out!
16:44:07 W shelly_tmcu.cpp:507     Heartbeat timed out!
16:44:08 W shelly_tmcu.cpp:507     Heartbeat timed out!
16:44:09 W shelly_tmcu.cpp:507     Heartbeat timed out!
16:44:10 W shelly_tmcu.cpp:507     Heartbeat timed out!
16:44:11 W shelly_tmcu.cpp:507     Heartbeat timed out!
16:44:12 W shelly_tmcu.cpp:507     Heartbeat timed out!
16:44:13 W shelly_tmcu.cpp:507     Heartbeat timed out!
16:44:13 I shelly_script.cpp:204   service:0 0.0% CPU utilization
16:44:14 W shelly_tmcu.cpp:507     Heartbeat timed out!
16:44:15 W shelly_tmcu.cpp:507     Heartbeat timed out!
16:44:16 W shelly_tmcu.cpp:507     Heartbeat timed out!
16:44:17 W shelly_tmcu.cpp:507     Heartbeat timed out!
16:44:18 W shelly_tmcu.cpp:507     Heartbeat timed out!
16:44:19 W shelly_tmcu.cpp:507     Heartbeat timed out!
16:44:20 W shelly_tmcu.cpp:507     Heartbeat timed out!
16:44:21 W shelly_tmcu.cpp:507     Heartbeat timed out!
16:44:22 W shelly_tmcu.cpp:507     Heartbeat timed out!
16:44:23 W shelly_tmcu.cpp:507     Heartbeat timed out!
16:44:24 W shelly_tmcu.cpp:507     Heartbeat timed out!
16:44:25 W shelly_tmcu.cpp:507     Heartbeat timed out!
16:44:26 W shelly_tmcu.cpp:507     Heartbeat timed out!
16:44:27 W shelly_tmcu.cpp:507     Heartbeat timed out!
16:44:28 W shelly_tmcu.cpp:507     Heartbeat timed out!
16:44:29 W shelly_tmcu.cpp:507     Heartbeat timed out!
16:44:30 W shelly_tmcu.cpp:507     Heartbeat timed out!
16:44:31 W shelly_tmcu.cpp:507     Heartbeat timed out!
16:44:32 W shelly_tmcu.cpp:507     Heartbeat timed out!
16:44:33 W shelly_tmcu.cpp:507     Heartbeat timed out!
16:44:34 W shelly_tmcu.cpp:507     Heartbeat timed out!
16:44:35 W shelly_tmcu.cpp:507     Heartbeat timed out!
16:44:36 W shelly_tmcu.cpp:507     Heartbeat timed out!
16:44:37 W shelly_tmcu.cpp:507     Heartbeat timed out!
16:44:38 W shelly_tmcu.cpp:507     Heartbeat timed out!
16:44:39 W shelly_tmcu.cpp:507     Heartbeat timed out!
16:44:40 W shelly_tmcu.cpp:507     Heartbeat timed out!
16:44:41 W shelly_tmcu.cpp:507     Heartbeat timed out!
16:44:42 W shelly_tmcu.cpp:507     Heartbeat timed out!
16:44:43 W shelly_tmcu.cpp:507     Heartbeat timed out!
16:44:43 I shelly_script.cpp:204   service:0 0.0% CPU utilization
16:44:44 W shelly_tmcu.cpp:507     Heartbeat timed out!
16:44:45 W shelly_tmcu.cpp:507     Heartbeat timed out!
16:44:46 W shelly_tmcu.cpp:507     Heartbeat timed out!
16:44:47 W shelly_tmcu.cpp:507     Heartbeat timed out!
16:44:48 W shelly_tmcu.cpp:507     Heartbeat timed out!
16:44:49 W shelly_tmcu.cpp:507     Heartbeat timed out!
16:44:50 W shelly_tmcu.cpp:507     Heartbeat timed out!
16:44:51 W shelly_tmcu.cpp:507     Heartbeat timed out!
16:44:52 W shelly_tmcu.cpp:507     Heartbeat timed out!
16:44:53 W shelly_tmcu.cpp:507     Heartbeat timed out!
16:44:54 W shelly_tmcu.cpp:507     Heartbeat timed out!
16:44:55 W shelly_tmcu.cpp:507     Heartbeat timed out!
16:44:56 W shelly_tmcu.cpp:507     Heartbeat timed out!
16:44:57 W shelly_tmcu.cpp:507     Heartbeat timed out!
16:44:58 W shelly_tmcu.cpp:507     Heartbeat timed out!
16:44:59 W shelly_tmcu.cpp:507     Heartbeat timed out!
16:45:00 W shelly_tmcu.cpp:507     Heartbeat timed out!
16:45:01 W shelly_tmcu.cpp:507     Heartbeat timed out!
16:45:02 W shelly_tmcu.cpp:507     Heartbeat timed out!
16:45:03 W shelly_tmcu.cpp:507     Heartbeat timed out!
16:45:04 W shelly_tmcu.cpp:507     Heartbeat timed out!
16:45:05 W shelly_tmcu.cpp:507     Heartbeat timed out!
16:45:06 W shelly_tmcu.cpp:507     Heartbeat timed out!
16:45:07 W shelly_tmcu.cpp:507     Heartbeat timed out!
16:45:08 W shelly_tmcu.cpp:507     Heartbeat timed out!
16:45:09 W shelly_tmcu.cpp:507     Heartbeat timed out!
16:45:10 W shelly_tmcu.cpp:507     Heartbeat timed out!
16:45:11 W shelly_tmcu.cpp:507     Heartbeat timed out!
16:45:12 W shelly_tmcu.cpp:507     Heartbeat timed out!
16:45:13 W shelly_tmcu.cpp:507     Heartbeat timed out!
16:45:13 I shelly_script.cpp:204   service:0 0.0% CPU utilization
16:45:14 W shelly_tmcu.cpp:507     Heartbeat timed out!
16:45:15 W shelly_tmcu.cpp:507     Heartbeat timed out!
16:45:16 W shelly_tmcu.cpp:507     Heartbeat timed out!
16:45:17 W shelly_tmcu.cpp:507     Heartbeat timed out!
16:45:18 W shelly_tmcu.cpp:507     Heartbeat timed out!
16:45:19 W shelly_tmcu.cpp:507     Heartbeat timed out!
16:45:20 W shelly_tmcu.cpp:507     Heartbeat timed out!
16:45:21 W shelly_tmcu.cpp:507     Heartbeat timed out!
16:45:22 W shelly_tmcu.cpp:507     Heartbeat timed out!
16:45:23 W shelly_tmcu.cpp:507     Heartbeat timed out!
16:45:24 W shelly_tmcu.cpp:507     Heartbeat timed out!
16:45:25 W shelly_tmcu.cpp:507     Heartbeat timed out!
16:45:26 W shelly_tmcu.cpp:507     Heartbeat timed out!
16:45:27 W shelly_tmcu.cpp:507     Heartbeat timed out!
16:45:28 W shelly_tmcu.cpp:507     Heartbeat timed out!
16:45:29 W shelly_tmcu.cpp:507     Heartbeat timed out!
16:45:30 W shelly_tmcu.cpp:507     Heartbeat timed out!
16:45:31 W shelly_tmcu.cpp:507     Heartbeat timed out!
16:45:32 W shelly_tmcu.cpp:507     Heartbeat timed out!
16:45:33 W shelly_tmcu.cpp:507     Heartbeat timed out!
16:45:34 W shelly_tmcu.cpp:507     Heartbeat timed out!
16:45:35 W shelly_tmcu.cpp:507     Heartbeat timed out!
16:45:36 W shelly_tmcu.cpp:507     Heartbeat timed out!
16:45:37 W shelly_tmcu.cpp:507     Heartbeat timed out!
16:45:38 W shelly_tmcu.cpp:507     Heartbeat timed out!
16:45:39 W shelly_tmcu.cpp:507     Heartbeat timed out!
16:45:40 W shelly_tmcu.cpp:507     Heartbeat timed out!
16:45:41 W shelly_tmcu.cpp:507     Heartbeat timed out!
16:45:42 W shelly_tmcu.cpp:507     Heartbeat timed out!
16:45:43 W shelly_tmcu.cpp:507     Heartbeat timed out!
16:45:43 I shelly_script.cpp:204   service:0 0.0% CPU utilization
16:45:44 W shelly_tmcu.cpp:507     Heartbeat timed out!
16:45:45 W shelly_tmcu.cpp:507     Heartbeat timed out!
16:45:46 W shelly_tmcu.cpp:507     Heartbeat timed out!
16:45:47 W shelly_tmcu.cpp:507     Heartbeat timed out!
16:45:48 W shelly_tmcu.cpp:507     Heartbeat timed out!
16:45:49 W shelly_tmcu.cpp:507     Heartbeat timed out!
16:45:50 W shelly_tmcu.cpp:507     Heartbeat timed out!
16:45:51 W shelly_tmcu.cpp:507     Heartbeat timed out!
16:45:52 W shelly_tmcu.cpp:507     Heartbeat timed out!
16:45:53 W shelly_tmcu.cpp:507     Heartbeat timed out!
16:45:54 W shelly_tmcu.cpp:507     Heartbeat timed out!
16:45:55 W shelly_tmcu.cpp:507     Heartbeat timed out!
16:45:56 W shelly_tmcu.cpp:507     Heartbeat timed out!
16:45:57 W shelly_tmcu.cpp:507     Heartbeat timed out!
16:45:58 W shelly_tmcu.cpp:507     Heartbeat timed out!
16:45:59 W shelly_tmcu.cpp:507     Heartbeat timed out!
16:46:00 W shelly_tmcu.cpp:507     Heartbeat timed out!
16:46:01 W shelly_tmcu.cpp:507     Heartbeat timed out!
16:46:02 W shelly_tmcu.cpp:507     Heartbeat timed out!
16:46:03 W shelly_tmcu.cpp:507     Heartbeat timed out!
16:46:04 W shelly_tmcu.cpp:507     Heartbeat timed out!
16:46:05 W shelly_tmcu.cpp:507     Heartbeat timed out!
16:46:06 W shelly_tmcu.cpp:507     Heartbeat timed out!
16:46:07 W shelly_tmcu.cpp:507     Heartbeat timed out!
16:46:08 W shelly_tmcu.cpp:507     Heartbeat timed out!
16:46:09 W shelly_tmcu.cpp:507     Heartbeat timed out!
16:46:10 W shelly_tmcu.cpp:507     Heartbeat timed out!
16:46:11 W shelly_tmcu.cpp:507     Heartbeat timed out!
16:46:12 W shelly_tmcu.cpp:507     Heartbeat timed out!
16:46:13 W shelly_tmcu.cpp:507     Heartbeat timed out!
16:46:13 I shelly_script.cpp:204   service:0 0.0% CPU utilization
16:46:14 W shelly_tmcu.cpp:507     Heartbeat timed out!
16:46:15 W shelly_tmcu.cpp:507     Heartbeat timed out!
16:46:16 W shelly_tmcu.cpp:507     Heartbeat timed out!
16:46:17 W shelly_tmcu.cpp:507     Heartbeat timed out!
16:46:18 W shelly_tmcu.cpp:507     Heartbeat timed out!
16:46:19 W shelly_tmcu.cpp:507     Heartbeat timed out!
16:46:20 W shelly_tmcu.cpp:507     Heartbeat timed out!
16:46:21 W shelly_tmcu.cpp:507     Heartbeat timed out!
16:46:22 W shelly_tmcu.cpp:507     Heartbeat timed out!
16:46:23 W shelly_tmcu.cpp:507     Heartbeat timed out!
16:46:24 W shelly_tmcu.cpp:507     Heartbeat timed out!
16:46:25 W shelly_tmcu.cpp:507     Heartbeat timed out!
16:46:26 W shelly_tmcu.cpp:507     Heartbeat timed out!
16:46:27 W shelly_tmcu.cpp:507     Heartbeat timed out!
16:46:28 W shelly_tmcu.cpp:507     Heartbeat timed out!
16:46:29 W shelly_tmcu.cpp:507     Heartbeat timed out!
16:46:30 W shelly_tmcu.cpp:507     Heartbeat timed out!
16:46:31 W shelly_tmcu.cpp:507     Heartbeat timed out!
16:46:32 W shelly_tmcu.cpp:507     Heartbeat timed out!
16:46:33 W shelly_tmcu.cpp:507     Heartbeat timed out!
16:46:34 W shelly_tmcu.cpp:507     Heartbeat timed out!
16:46:35 W shelly_tmcu.cpp:507     Heartbeat timed out!
16:46:36 W shelly_tmcu.cpp:507     Heartbeat timed out!
16:46:37 W shelly_tmcu.cpp:507     Heartbeat timed out!
16:46:38 W shelly_tmcu.cpp:507     Heartbeat timed out!
16:46:39 W shelly_tmcu.cpp:507     Heartbeat timed out!
16:46:40 W shelly_tmcu.cpp:507     Heartbeat timed out!
16:46:41 W shelly_tmcu.cpp:507     Heartbeat timed out!
16:46:42 W shelly_tmcu.cpp:507     Heartbeat timed out!
16:46:43 W shelly_tmcu.cpp:507     Heartbeat timed out!
16:46:43 I shelly_script.cpp:204   service:0 0.0% CPU utilization
16:46:44 W shelly_tmcu.cpp:507     Heartbeat timed out!
16:46:45 W shelly_tmcu.cpp:507     Heartbeat timed out!
16:46:46 W shelly_tmcu.cpp:507     Heartbeat timed out!
16:46:47 W shelly_tmcu.cpp:507     Heartbeat timed out!
16:46:48 W shelly_tmcu.cpp:507     Heartbeat timed out!
16:46:49 W shelly_tmcu.cpp:507     Heartbeat timed out!
16:46:50 W shelly_tmcu.cpp:507     Heartbeat timed out!
16:46:51 W shelly_tmcu.cpp:507     Heartbeat timed out!
16:46:52 W shelly_tmcu.cpp:507     Heartbeat timed out!
16:46:53 W shelly_tmcu.cpp:507     Heartbeat timed out!
16:46:54 W shelly_tmcu.cpp:507     Heartbeat timed out!
16:46:55 W shelly_tmcu.cpp:507     Heartbeat timed out!
16:46:56 W shelly_tmcu.cpp:507     Heartbeat timed out!
16:46:57 W shelly_tmcu.cpp:507     Heartbeat timed out!
16:46:58 W shelly_tmcu.cpp:507     Heartbeat timed out!
16:46:59 W shelly_tmcu.cpp:507     Heartbeat timed out!
16:47:00 W shelly_tmcu.cpp:507     Heartbeat timed out!
16:47:01 W shelly_tmcu.cpp:507     Heartbeat timed out!
16:47:02 W shelly_tmcu.cpp:507     Heartbeat timed out!
16:47:03 W shelly_tmcu.cpp:507     Heartbeat timed out!
16:47:04 W shelly_tmcu.cpp:507     Heartbeat timed out!
16:47:05 W shelly_tmcu.cpp:507     Heartbeat timed out!
16:47:06 W shelly_tmcu.cpp:507     Heartbeat timed out!
16:47:07 W shelly_tmcu.cpp:507     Heartbeat timed out!
16:47:08 W shelly_tmcu.cpp:507     Heartbeat timed out!
16:47:09 W shelly_tmcu.cpp:507     Heartbeat timed out!
16:47:10 W shelly_tmcu.cpp:507     Heartbeat timed out!
16:47:11 W shelly_tmcu.cpp:507     Heartbeat timed out!
16:47:12 W shelly_tmcu.cpp:507     Heartbeat timed out!
16:47:13 W shelly_tmcu.cpp:507     Heartbeat timed out!
16:47:13 I shelly_script.cpp:204   service:0 0.0% CPU utilization
16:47:14 W shelly_tmcu.cpp:507     Heartbeat timed out!
16:47:15 W shelly_tmcu.cpp:507     Heartbeat timed out!
16:47:16 W shelly_tmcu.cpp:507     Heartbeat timed out!
16:47:17 W shelly_tmcu.cpp:507     Heartbeat timed out!
16:47:18 W shelly_tmcu.cpp:507     Heartbeat timed out!
16:47:19 W shelly_tmcu.cpp:507     Heartbeat timed out!
16:47:20 W shelly_tmcu.cpp:507     Heartbeat timed out!
16:47:21 W shelly_tmcu.cpp:507     Heartbeat timed out!
16:47:22 W shelly_tmcu.cpp:507     Heartbeat timed out!
16:47:23 W shelly_tmcu.cpp:507     Heartbeat timed out!
16:47:24 W shelly_tmcu.cpp:507     Heartbeat timed out!
16:47:25 W shelly_tmcu.cpp:507     Heartbeat timed out!
16:47:26 W shelly_tmcu.cpp:507     Heartbeat timed out!
16:47:27 W shelly_tmcu.cpp:507     Heartbeat timed out!
16:47:28 W shelly_tmcu.cpp:507     Heartbeat timed out!
16:47:29 W shelly_tmcu.cpp:507     Heartbeat timed out!
16:47:30 W shelly_tmcu.cpp:507     Heartbeat timed out!
16:47:31 W shelly_tmcu.cpp:507     Heartbeat timed out!
16:47:32 W shelly_tmcu.cpp:507     Heartbeat timed out!
16:47:33 W shelly_tmcu.cpp:507     Heartbeat timed out!
16:47:34 W shelly_tmcu.cpp:507     Heartbeat timed out!
16:47:35 W shelly_tmcu.cpp:507     Heartbeat timed out!
16:47:36 W shelly_tmcu.cpp:507     Heartbeat timed out!
16:47:37 W shelly_tmcu.cpp:507     Heartbeat timed out!
16:47:38 W shelly_tmcu.cpp:507     Heartbeat timed out!
16:47:39 W shelly_tmcu.cpp:507     Heartbeat timed out!
16:47:40 W shelly_tmcu.cpp:507     Heartbeat timed out!
16:47:41 W shelly_tmcu.cpp:507     Heartbeat timed out!
16:47:42 W shelly_tmcu.cpp:507     Heartbeat timed out!
16:47:43 W shelly_tmcu.cpp:507     Heartbeat timed out!
16:47:43 I shelly_script.cpp:204   service:0 0.0% CPU utilization
16:47:44 W shelly_tmcu.cpp:507     Heartbeat timed out!
16:47:45 W shelly_tmcu.cpp:507     Heartbeat timed out!
16:47:46 W shelly_tmcu.cpp:507     Heartbeat timed out!
16:47:47 W shelly_tmcu.cpp:507     Heartbeat timed out!
16:47:48 W shelly_tmcu.cpp:507     Heartbeat timed out!
16:47:49 W shelly_tmcu.cpp:507     Heartbeat timed out!
16:47:50 W shelly_tmcu.cpp:507     Heartbeat timed out!
16:47:51 W shelly_tmcu.cpp:507     Heartbeat timed out!
16:47:52 W shelly_tmcu.cpp:507     Heartbeat timed out!
16:47:53 W shelly_tmcu.cpp:507     Heartbeat timed out!
16:47:54 W shelly_tmcu.cpp:507     Heartbeat timed out!
16:47:55 W shelly_tmcu.cpp:507     Heartbeat timed out!
16:47:56 W shelly_tmcu.cpp:507     Heartbeat timed out!
16:47:57 W shelly_tmcu.cpp:507     Heartbeat timed out!
16:47:58 W shelly_tmcu.cpp:507     Heartbeat timed out!
16:47:59 W shelly_tmcu.cpp:507     Heartbeat timed out!
16:48:00 W shelly_tmcu.cpp:507     Heartbeat timed out!
16:48:01 W shelly_tmcu.cpp:507     Heartbeat timed out!
16:48:02 W shelly_tmcu.cpp:507     Heartbeat timed out!
16:48:03 W shelly_tmcu.cpp:507     Heartbeat timed out!
16:48:04 W shelly_tmcu.cpp:507     Heartbeat timed out!
16:48:05 W shelly_tmcu.cpp:507     Heartbeat timed out!
16:48:06 W shelly_tmcu.cpp:507     Heartbeat timed out!
16:48:07 W shelly_tmcu.cpp:507     Heartbeat timed out!
16:48:08 W shelly_tmcu.cpp:507     Heartbeat timed out!
16:48:09 W shelly_tmcu.cpp:507     Heartbeat timed out!
16:48:10 W shelly_tmcu.cpp:507     Heartbeat timed out!
16:48:11 W shelly_tmcu.cpp:507     Heartbeat timed out!
16:48:12 W shelly_tmcu.cpp:507     Heartbeat timed out!
16:48:13 W shelly_tmcu.cpp:507     Heartbeat timed out!
16:48:13 I shelly_script.cpp:204   service:0 0.0% CPU utilization
16:48:14 W shelly_tmcu.cpp:507     Heartbeat timed out!
16:48:15 W shelly_tmcu.cpp:507     Heartbeat timed out!
16:48:16 W shelly_tmcu.cpp:507     Heartbeat timed out!
16:48:17 W shelly_tmcu.cpp:507     Heartbeat timed out!
16:48:18 W shelly_tmcu.cpp:507     Heartbeat timed out!
16:48:19 W shelly_tmcu.cpp:507     Heartbeat timed out!
16:48:20 W shelly_tmcu.cpp:507     Heartbeat timed out!
16:48:21 W shelly_tmcu.cpp:507     Heartbeat timed out!
16:48:22 W shelly_tmcu.cpp:507     Heartbeat timed out!
16:48:23 W shelly_tmcu.cpp:507     Heartbeat timed out!
16:48:24 W shelly_tmcu.cpp:507     Heartbeat timed out!
16:48:25 W shelly_tmcu.cpp:507     Heartbeat timed out!
16:48:26 W shelly_tmcu.cpp:507     Heartbeat timed out!
16:48:27 W shelly_tmcu.cpp:507     Heartbeat timed out!
16:48:28 W shelly_tmcu.cpp:507     Heartbeat timed out!
16:48:29 W shelly_tmcu.cpp:507     Heartbeat timed out!
16:48:30 W shelly_tmcu.cpp:507     Heartbeat timed out!
16:48:31 W shelly_tmcu.cpp:507     Heartbeat timed out!
16:48:32 W shelly_tmcu.cpp:507     Heartbeat timed out!
16:48:33 W shelly_tmcu.cpp:507     Heartbeat timed out!
16:48:34 W shelly_tmcu.cpp:507     Heartbeat timed out!
16:48:35 W shelly_tmcu.cpp:507     Heartbeat timed out!
16:48:36 W shelly_tmcu.cpp:507     Heartbeat timed out!
16:48:37 W shelly_tmcu.cpp:507     Heartbeat timed out!
16:48:38 W shelly_tmcu.cpp:507     Heartbeat timed out!
16:48:39 W shelly_tmcu.cpp:507     Heartbeat timed out!
16:48:40 W shelly_tmcu.cpp:507     Heartbeat timed out!
16:48:41 W shelly_tmcu.cpp:507     Heartbeat timed out!
16:48:42 W shelly_tmcu.cpp:507     Heartbeat timed out!
16:48:43 W shelly_tmcu.cpp:507     Heartbeat timed out!
16:48:43 I shelly_script.cpp:204   service:0 0.0% CPU utilization
16:48:44 W shelly_tmcu.cpp:507     Heartbeat timed out!
16:48:45 W shelly_tmcu.cpp:507     Heartbeat timed out!
16:48:46 W shelly_tmcu.cpp:507     Heartbeat timed out!
16:48:47 W shelly_tmcu.cpp:507     Heartbeat timed out!
16:48:48 W shelly_tmcu.cpp:507     Heartbeat timed out!
16:48:49 W shelly_tmcu.cpp:507     Heartbeat timed out!
16:48:50 W shelly_tmcu.cpp:507     Heartbeat timed out!
16:48:51 W shelly_tmcu.cpp:507     Heartbeat timed out!
16:48:52 W shelly_tmcu.cpp:507     Heartbeat timed out!
16:48:53 W shelly_tmcu.cpp:507     Heartbeat timed out!
16:48:54 W shelly_tmcu.cpp:507     Heartbeat timed out!
16:48:55 W shelly_tmcu.cpp:507     Heartbeat timed out!
16:48:56 W shelly_tmcu.cpp:507     Heartbeat timed out!
16:48:57 W shelly_tmcu.cpp:507     Heartbeat timed out!
16:48:58 W shelly_tmcu.cpp:507     Heartbeat timed out!
16:48:59 W shelly_tmcu.cpp:507     Heartbeat timed out!
16:49:00 W shelly_tmcu.cpp:507     Heartbeat timed out!
16:49:01 W shelly_tmcu.cpp:507     Heartbeat timed out!
16:49:02 W shelly_tmcu.cpp:507     Heartbeat timed out!
16:49:03 W shelly_tmcu.cpp:507     Heartbeat timed out!
16:49:04 W shelly_tmcu.cpp:507     Heartbeat timed out!
16:49:05 W shelly_tmcu.cpp:507     Heartbeat timed out!
16:49:06 W shelly_tmcu.cpp:507     Heartbeat timed out!
16:49:07 W shelly_tmcu.cpp:507     Heartbeat timed out!
16:49:08 W shelly_tmcu.cpp:507     Heartbeat timed out!
16:49:09 W shelly_tmcu.cpp:507     Heartbeat timed out!
16:49:10 W shelly_tmcu.cpp:507     Heartbeat timed out!
16:49:11 W shelly_tmcu.cpp:507     Heartbeat timed out!
16:49:12 W shelly_tmcu.cpp:507     Heartbeat timed out!
16:49:13 W shelly_tmcu.cpp:507     Heartbeat timed out!
16:49:13 I shelly_script.cpp:204   service:0 0.0% CPU utilization
16:49:14 W shelly_tmcu.cpp:507     Heartbeat timed out!
16:49:15 W shelly_tmcu.cpp:507     Heartbeat timed out!
16:49:16 W shelly_tmcu.cpp:507     Heartbeat timed out!
16:49:17 W shelly_tmcu.cpp:507     Heartbeat timed out!
16:49:18 W shelly_tmcu.cpp:507     Heartbeat timed out!
16:49:19 W shelly_tmcu.cpp:507     Heartbeat timed out!
16:49:20 W shelly_tmcu.cpp:507     Heartbeat timed out!
16:49:21 W shelly_tmcu.cpp:507     Heartbeat timed out!
16:49:22 W shelly_tmcu.cpp:507     Heartbeat timed out!
16:49:23 W shelly_tmcu.cpp:507     Heartbeat timed out!
16:49:24 W shelly_tmcu.cpp:507     Heartbeat timed out!
16:49:25 W shelly_tmcu.cpp:507     Heartbeat timed out!
16:49:26 W shelly_tmcu.cpp:507     Heartbeat timed out!
16:49:27 W shelly_tmcu.cpp:507     Heartbeat timed out!
16:49:28 W shelly_tmcu.cpp:507     Heartbeat timed out!
16:49:29 W shelly_tmcu.cpp:507     Heartbeat timed out!
16:49:30 W shelly_tmcu.cpp:507     Heartbeat timed out!
16:49:31 W shelly_tmcu.cpp:507     Heartbeat timed out!
16:49:32 W shelly_tmcu.cpp:507     Heartbeat timed out!
16:49:33 W shelly_tmcu.cpp:507     Heartbeat timed out!
16:49:34 W shelly_tmcu.cpp:507     Heartbeat timed out!
16:49:35 W shelly_tmcu.cpp:507     Heartbeat timed out!
16:49:36 W shelly_tmcu.cpp:507     Heartbeat timed out!
16:49:37 W shelly_tmcu.cpp:507     Heartbeat timed out!
16:49:38 W shelly_tmcu.cpp:507     Heartbeat timed out!
16:49:39 W shelly_tmcu.cpp:507     Heartbeat timed out!
16:49:40 W shelly_tmcu.cpp:507     Heartbeat timed out!
16:49:41 W shelly_tmcu.cpp:507     Heartbeat timed out!
16:49:42 W shelly_tmcu.cpp:507     Heartbeat timed out!
16:49:43 W shelly_tmcu.cpp:507     Heartbeat timed out!
16:49:43 I shelly_script.cpp:204   service:0 0.0% CPU utilization
16:49:44 W shelly_tmcu.cpp:507     Heartbeat timed out!
16:49:45 W shelly_tmcu.cpp:507     Heartbeat timed out!
16:49:46 W shelly_tmcu.cpp:507     Heartbeat timed out!
16:49:47 W shelly_tmcu.cpp:507     Heartbeat timed out!
16:49:48 W shelly_tmcu.cpp:507     Heartbeat timed out!
16:49:49 W shelly_tmcu.cpp:507     Heartbeat timed out!
16:49:50 W shelly_tmcu.cpp:507     Heartbeat timed out!
16:49:51 W shelly_tmcu.cpp:507     Heartbeat timed out!
16:49:52 W shelly_tmcu.cpp:507     Heartbeat timed out!
16:49:53 W shelly_tmcu.cpp:507     Heartbeat timed out!
16:49:54 I shos_time.cpp:65        Setting time from SNTP (1790261394.824 delta +0.018)
16:49:54 I shelly_sys.cpp:360      Time set to 4062.422688 from 1
16:49:54 I y_notifications.cpp:168 Status change of sys: {"last_sync_ts":1790261394}
16:49:54 I y_notifications.cpp:168 Status change of sys: {"time":"16:49","unixtime":1790261394}
16:49:54 W shelly_tmcu.cpp:507     Heartbeat timed out!
16:49:55 W shelly_tmcu.cpp:507     Heartbeat timed out!
16:49:56 W shelly_tmcu.cpp:507     Heartbeat timed out!
16:49:57 W shelly_tmcu.cpp:507     Heartbeat timed out!
16:49:58 W shelly_tmcu.cpp:507     Heartbeat timed out!
16:49:59 W shelly_tmcu.cpp:507     Heartbeat timed out!
16:50:00 W shelly_tmcu.cpp:507     Heartbeat timed out!
16:50:01 W shelly_tmcu.cpp:507     Heartbeat timed out!
16:50:02 W shelly_tmcu.cpp:507     Heartbeat timed out!
16:50:03 W shelly_tmcu.cpp:507     Heartbeat timed out!
16:50:04 W shelly_tmcu.cpp:507     Heartbeat timed out!
16:50:05 W shelly_tmcu.cpp:507     Heartbeat timed out!
16:50:06 W shelly_tmcu.cpp:507     Heartbeat timed out!
16:50:07 W shelly_tmcu.cpp:507     Heartbeat timed out!
16:50:08 W shelly_tmcu.cpp:507     Heartbeat timed out!
16:50:09 W shelly_tmcu.cpp:507     Heartbeat timed out!
16:50:10 W shelly_tmcu.cpp:507     Heartbeat timed out!
16:50:11 W shelly_tmcu.cpp:507     Heartbeat timed out!
16:50:12 W shelly_tmcu.cpp:507     Heartbeat timed out!
16:50:13 W shelly_tmcu.cpp:507     Heartbeat timed out!
16:50:13 I shelly_script.cpp:204   service:0 0.0% CPU utilization
16:50:14 W shelly_tmcu.cpp:507     Heartbeat timed out!
16:50:15 W shelly_tmcu.cpp:507     Heartbeat timed out!
16:50:16 W shelly_tmcu.cpp:507     Heartbeat timed out!
16:50:17 W shelly_tmcu.cpp:507     Heartbeat timed out!
16:50:18 W shelly_tmcu.cpp:507     Heartbeat timed out!
16:50:19 W shelly_tmcu.cpp:507     Heartbeat timed out!
16:50:20 W shelly_tmcu.cpp:507     Heartbeat timed out!
16:50:21 W shelly_tmcu.cpp:507     Heartbeat timed out!
16:50:22 W shelly_tmcu.cpp:507     Heartbeat timed out!
16:50:23 W shelly_tmcu.cpp:507     Heartbeat timed out!
16:50:24 W shelly_tmcu.cpp:507     Heartbeat timed out!
16:50:25 W shelly_tmcu.cpp:507     Heartbeat timed out!
16:50:26 W shelly_tmcu.cpp:507     Heartbeat timed out!
16:50:27 W shelly_tmcu.cpp:507     Heartbeat timed out!
16:50:28 W shelly_tmcu.cpp:507     Heartbeat timed out!
16:50:29 W shelly_tmcu.cpp:507     Heartbeat timed out!
16:50:30 W shelly_tmcu.cpp:507     Heartbeat timed out!
16:50:31 W shelly_tmcu.cpp:507     Heartbeat timed out!
16:50:32 W shelly_tmcu.cpp:507     Heartbeat timed out!
16:50:33 W shelly_tmcu.cpp:507     Heartbeat timed out!
16:50:34 W shelly_tmcu.cpp:507     Heartbeat timed out!
16:50:35 W shelly_tmcu.cpp:507     Heartbeat timed out!
16:50:36 W shelly_tmcu.cpp:507     Heartbeat timed out!
16:50:37 W shelly_tmcu.cpp:507     Heartbeat timed out!
16:50:38 W shelly_tmcu.cpp:507     Heartbeat timed out!
16:50:39 W shelly_tmcu.cpp:507     Heartbeat timed out!
16:50:40 W shelly_tmcu.cpp:507     Heartbeat timed out!
16:50:41 W shelly_tmcu.cpp:507     Heartbeat timed out!
16:50:42 W shelly_tmcu.cpp:507     Heartbeat timed out!
16:50:43 W shelly_tmcu.cpp:507     Heartbeat timed out!
16:50:43 I shelly_script.cpp:204   service:0 0.1% CPU utilization
16:50:44 W shelly_tmcu.cpp:507     Heartbeat timed out!
16:50:45 W shelly_tmcu.cpp:507     Heartbeat timed out!
16:50:46 W shelly_tmcu.cpp:507     Heartbeat timed out!
16:50:47 W shelly_tmcu.cpp:507     Heartbeat timed out!
16:50:48 W shelly_tmcu.cpp:507     Heartbeat timed out!
16:50:49 W shelly_tmcu.cpp:507     Heartbeat timed out!
16:50:50 W shelly_tmcu.cpp:507     Heartbeat timed out!
16:50:51 W shelly_tmcu.cpp:507     Heartbeat timed out!
16:50:52 W shelly_tmcu.cpp:507     Heartbeat timed out!
16:50:53 W shelly_tmcu.cpp:507     Heartbeat timed out!
16:50:54 W shelly_tmcu.cpp:507     Heartbeat timed out!
16:50:55 W shelly_tmcu.cpp:507     Heartbeat timed out!
16:50:56 W shelly_tmcu.cpp:507     Heartbeat timed out!
16:50:57 W shelly_tmcu.cpp:507     Heartbeat timed out!
16:50:58 W shelly_tmcu.cpp:507     Heartbeat timed out!
16:50:59 W shelly_tmcu.cpp:507     Heartbeat timed out!
16:51:00 W shelly_tmcu.cpp:507     Heartbeat timed out!
16:51:01 W shelly_tmcu.cpp:507     Heartbeat timed out!
16:51:02 W shelly_tmcu.cpp:507     Heartbeat timed out!
16:51:03 W shelly_tmcu.cpp:507     Heartbeat timed out!
16:51:04 W shelly_tmcu.cpp:507     Heartbeat timed out!
16:51:05 W shelly_tmcu.cpp:507     Heartbeat timed out!
16:51:06 W shelly_tmcu.cpp:507     Heartbeat timed out!
16:51:07 W shelly_tmcu.cpp:507     Heartbeat timed out!
16:51:08 W shelly_tmcu.cpp:507     Heartbeat timed out!
16:51:09 W shelly_tmcu.cpp:507     Heartbeat timed out!
16:51:10 W shelly_tmcu.cpp:507     Heartbeat timed out!
16:51:11 W shelly_tmcu.cpp:507     Heartbeat timed out!
16:51:12 W shelly_tmcu.cpp:507     Heartbeat timed out!
16:51:13 W shelly_tmcu.cpp:507     Heartbeat timed out!
16:51:13 I shelly_script.cpp:204   service:0 0.0% CPU utilization
16:51:14 W shelly_tmcu.cpp:507     Heartbeat timed out!
16:51:15 W shelly_tmcu.cpp:507     Heartbeat timed out!
16:51:16 W shelly_tmcu.cpp:507     Heartbeat timed out!
16:51:17 W shelly_tmcu.cpp:507     Heartbeat timed out!
16:51:18 W shelly_tmcu.cpp:507     Heartbeat timed out!
16:51:19 W shelly_tmcu.cpp:507     Heartbeat timed out!
16:51:20 W shelly_tmcu.cpp:507     Heartbeat timed out!
16:51:21 W shelly_tmcu.cpp:507     Heartbeat timed out!
16:51:22 W shelly_tmcu.cpp:507     Heartbeat timed out!
16:51:23 W shelly_tmcu.cpp:507     Heartbeat timed out!
16:51:24 W shelly_tmcu.cpp:507     Heartbeat timed out!
16:51:25 W shelly_tmcu.cpp:507     Heartbeat timed out!
16:51:26 W shelly_tmcu.cpp:507     Heartbeat timed out!
16:51:27 W shelly_tmcu.cpp:507     Heartbeat timed out!
16:51:28 W shelly_tmcu.cpp:507     Heartbeat timed out!
16:51:29 W shelly_tmcu.cpp:507     Heartbeat timed out!
16:51:30 W shelly_tmcu.cpp:507     Heartbeat timed out!
16:51:31 W shelly_tmcu.cpp:507     Heartbeat timed out!
16:51:32 W shelly_tmcu.cpp:507     Heartbeat timed out!
16:51:33 W shelly_tmcu.cpp:507     Heartbeat timed out!
16:51:34 W shelly_tmcu.cpp:507     Heartbeat timed out!
16:51:35 W shelly_tmcu.cpp:507     Heartbeat timed out!
16:51:36 W shelly_tmcu.cpp:507     Heartbeat timed out!
16:51:37 W shelly_tmcu.cpp:507     Heartbeat timed out!
16:51:38 W shelly_tmcu.cpp:507     Heartbeat timed out!
16:51:39 W shelly_tmcu.cpp:507     Heartbeat timed out!
16:51:40 W shelly_tmcu.cpp:507     Heartbeat timed out!
16:51:41 W shelly_tmcu.cpp:507     Heartbeat timed out!
16:51:42 W shelly_tmcu.cpp:507     Heartbeat timed out!
16:51:43 W shelly_tmcu.cpp:507     Heartbeat timed out!
16:51:43 I shelly_script.cpp:204   service:0 0.1% CPU utilization
16:51:44 W shelly_tmcu.cpp:507     Heartbeat timed out!
16:51:45 W shelly_tmcu.cpp:507     Heartbeat timed out!
16:51:46 W shelly_tmcu.cpp:507     Heartbeat timed out!
16:51:47 W shelly_tmcu.cpp:507     Heartbeat timed out!
16:51:48 W shelly_tmcu.cpp:507     Heartbeat timed out!
16:51:49 W shelly_tmcu.cpp:507     Heartbeat timed out!
16:51:50 W shelly_tmcu.cpp:507     Heartbeat timed out!
16:51:51 W shelly_tmcu.cpp:507     Heartbeat timed out!
16:51:52 W shelly_tmcu.cpp:507     Heartbeat timed out!
16:51:53 W shelly_tmcu.cpp:507     Heartbeat timed out!
16:51:54 W shelly_tmcu.cpp:507     Heartbeat timed out!
16:51:55 W shelly_tmcu.cpp:507     Heartbeat timed out!
16:51:56 W shelly_tmcu.cpp:507     Heartbeat timed out!
16:51:57 W shelly_tmcu.cpp:507     Heartbeat timed out!
16:51:58 W shelly_tmcu.cpp:507     Heartbeat timed out!
16:51:59 W shelly_tmcu.cpp:507     Heartbeat timed out!
16:52:00 W shelly_tmcu.cpp:507     Heartbeat timed out!
16:52:01 W shelly_tmcu.cpp:507     Heartbeat timed out!
16:52:02 W shelly_tmcu.cpp:507     Heartbeat timed out!
16:52:03 W shelly_tmcu.cpp:507     Heartbeat timed out!
16:52:04 W shelly_tmcu.cpp:507     Heartbeat timed out!
16:52:05 W shelly_tmcu.cpp:507     Heartbeat timed out!
16:52:06 W shelly_tmcu.cpp:507     Heartbeat timed out!
16:52:07 W shelly_tmcu.cpp:507     Heartbeat timed out!
16:52:08 W shelly_tmcu.cpp:507     Heartbeat timed out!
16:52:09 W shelly_tmcu.cpp:507     Heartbeat timed out!
16:52:10 W shelly_tmcu.cpp:507     Heartbeat timed out!
16:52:11 W shelly_tmcu.cpp:507     Heartbeat timed out!
16:52:12 W shelly_tmcu.cpp:507     Heartbeat timed out!
16:52:13 W shelly_tmcu.cpp:507     Heartbeat timed out!
16:52:13 I shelly_script.cpp:204   service:0 0.0% CPU utilization
16:52:14 W shelly_tmcu.cpp:507     Heartbeat timed out!
16:52:15 W shelly_tmcu.cpp:507     Heartbeat timed out!
16:52:16 W shelly_tmcu.cpp:507     Heartbeat timed out!
16:52:17 W shelly_tmcu.cpp:507     Heartbeat timed out!
16:52:18 W shelly_tmcu.cpp:507     Heartbeat timed out!
16:52:19 W shelly_tmcu.cpp:507     Heartbeat timed out!
16:52:20 W shelly_tmcu.cpp:507     Heartbeat timed out!
16:52:21 W shelly_tmcu.cpp:507     Heartbeat timed out!
16:52:22 W shelly_tmcu.cpp:507     Heartbeat timed out!
16:52:23 W shelly_tmcu.cpp:507     Heartbeat timed out!
16:52:24 W shelly_tmcu.cpp:507     Heartbeat timed out!
16:52:25 W shelly_tmcu.cpp:507     Heartbeat timed out!
16:52:26 W shelly_tmcu.cpp:507     Heartbeat timed out!
16:52:27 W shelly_tmcu.cpp:507     Heartbeat timed out!
16:52:28 W shelly_tmcu.cpp:507     Heartbeat timed out!
16:52:29 W shelly_tmcu.cpp:507     Heartbeat timed out!
16:52:30 W shelly_tmcu.cpp:507     Heartbeat timed out!
16:52:31 W shelly_tmcu.cpp:507     Heartbeat timed out!
16:52:32 W shelly_tmcu.cpp:507     Heartbeat timed out!
16:52:33 W shelly_tmcu.cpp:507     Heartbeat timed out!
16:52:34 W shelly_tmcu.cpp:507     Heartbeat timed out!
16:52:35 W shelly_tmcu.cpp:507     Heartbeat timed out!
16:52:36 W shelly_tmcu.cpp:507     Heartbeat timed out!
16:52:37 W shelly_tmcu.cpp:507     Heartbeat timed out!
16:52:38 W shelly_tmcu.cpp:507     Heartbeat timed out!
16:52:39 W shelly_tmcu.cpp:507     Heartbeat timed out!
16:52:40 W shelly_tmcu.cpp:507     Heartbeat timed out!
16:52:41 W shelly_tmcu.cpp:507     Heartbeat timed out!
16:52:42 W shelly_tmcu.cpp:507     Heartbeat timed out!
16:52:43 W shelly_tmcu.cpp:507     Heartbeat timed out!
16:52:43 I shelly_script.cpp:204   service:0 0.0% CPU utilization
16:52:44 W shelly_tmcu.cpp:507     Heartbeat timed out!
16:52:45 W shelly_tmcu.cpp:507     Heartbeat timed out!
16:52:46 W shelly_tmcu.cpp:507     Heartbeat timed out!
16:52:47 W shelly_tmcu.cpp:507     Heartbeat timed out!
16:52:48 W shelly_tmcu.cpp:507     Heartbeat timed out!
16:52:49 W shelly_tmcu.cpp:507     Heartbeat timed out!
16:52:50 W shelly_tmcu.cpp:507     Heartbeat timed out!
16:52:51 W shelly_tmcu.cpp:507     Heartbeat timed out!
16:52:52 W shelly_tmcu.cpp:507     Heartbeat timed out!
