18:32:27 D hos_http_server.cpp:754 0x3fcc5634: Switching to WebSockets
18:32:27 I shelly_debug.cpp:245    Streaming logs to 192.168.0.57:60742
18:32:27 W shelly_tmcu.cpp:507     Heartbeat timed out!
18:32:27 D shelly_tmcu.cpp:927     Process 1 commands
18:32:27 D shelly_tmcu.cpp:890     TX: 0x00 v=3 [] (Expecting heartbeat)
18:32:28 D esp32xx_wifi_if.cpp:234 PK check: link 1 gw 1 UC 507 MC 890 ctr 20/105 ping 0 num_act 0
18:32:28 D hos_lwip_eth_if.cpp:513 ws(0x3fcc2404): Status: server 0 oper_up 1 link_up 1/1 hf 98312
18:32:28 W shelly_tmcu.cpp:507     Heartbeat timed out!
18:32:28 D shelly_tmcu.cpp:927     Process 1 commands
18:32:28 D shelly_tmcu.cpp:890     TX: 0x00 v=3 [] (Expecting heartbeat)
18:32:29 W shelly_tmcu.cpp:507     Heartbeat timed out!
18:32:29 D shelly_tmcu.cpp:927     Process 1 commands
18:32:29 D shelly_tmcu.cpp:890     TX: 0x00 v=3 [] (Expecting heartbeat)
18:32:30 D esp32xx_wifi_if.cpp:234 PK check: link 1 gw 1 UC 513 MC 898 ctr 16/105 ping 0 num_act 0
18:32:30 D hos_lwip_eth_if.cpp:513 ws(0x3fcc2404): Status: server 0 oper_up 1 link_up 1/1 hf 98312
18:32:30 W shelly_tmcu.cpp:507     Heartbeat timed out!
18:32:30 D shelly_tmcu.cpp:927     Process 1 commands
18:32:30 D shelly_tmcu.cpp:890     TX: 0x00 v=3 [] (Expecting heartbeat)
18:32:31 W shelly_tmcu.cpp:507     Heartbeat timed out!
18:32:31 D shelly_tmcu.cpp:927     Process 1 commands
18:32:31 D shelly_tmcu.cpp:890     TX: 0x00 v=3 [] (Expecting heartbeat)
18:32:32 D esp32xx_wifi_if.cpp:234 PK check: link 1 gw 1 UC 519 MC 903 ctr 16/105 ping 0 num_act 0
18:32:32 D hos_lwip_eth_if.cpp:513 ws(0x3fcc2404): Status: server 0 oper_up 1 link_up 1/1 hf 98312
18:32:32 W shelly_tmcu.cpp:507     Heartbeat timed out!
18:32:32 D shelly_tmcu.cpp:927     Process 1 commands
18:32:32 D shelly_tmcu.cpp:890     TX: 0x00 v=3 [] (Expecting heartbeat)
18:32:33 W shelly_tmcu.cpp:507     Heartbeat timed out!
18:32:33 D shelly_tmcu.cpp:927     Process 1 commands
18:32:33 D shelly_tmcu.cpp:890     TX: 0x00 v=3 [] (Expecting heartbeat)
18:32:34 D esp32xx_wifi_if.cpp:234 PK check: link 1 gw 1 UC 525 MC 911 ctr 16/105 ping 0 num_act 0
18:32:34 D hos_lwip_eth_if.cpp:513 ws(0x3fcc2404): Status: server 0 oper_up 1 link_up 1/1 hf 98312
18:32:34 W shelly_tmcu.cpp:507     Heartbeat timed out!
18:32:34 D shelly_tmcu.cpp:927     Process 1 commands
18:32:34 D shelly_tmcu.cpp:890     TX: 0x00 v=3 [] (Expecting heartbeat)
18:32:35 W shelly_tmcu.cpp:507     Heartbeat timed out!
18:32:35 D shelly_tmcu.cpp:927     Process 1 commands
18:32:35 D shelly_tmcu.cpp:890     TX: 0x00 v=3 [] (Expecting heartbeat)
18:32:36 D esp32xx_wifi_if.cpp:234 PK check: link 1 gw 1 UC 531 MC 915 ctr 16/105 ping 0 num_act 0
18:32:36 D hos_lwip_eth_if.cpp:513 ws(0x3fcc2404): Status: server 0 oper_up 1 link_up 1/1 hf 98196
18:32:36 W shelly_tmcu.cpp:507     Heartbeat timed out!
18:32:36 D shelly_tmcu.cpp:927     Process 1 commands
18:32:36 D shelly_tmcu.cpp:890     TX: 0x00 v=3 [] (Expecting heartbeat)
18:32:37 W shelly_tmcu.cpp:507     Heartbeat timed out!
18:32:37 D shelly_tmcu.cpp:927     Process 1 commands
18:32:37 D shelly_tmcu.cpp:890     TX: 0x00 v=3 [] (Expecting heartbeat)
18:32:37 D shos_vfs.c:622          lseek 256 0 0 => 0x3fca5bc0:0 => 0
18:32:37 D shos_vfs.c:622          lseek 256 0 0 => 0x3fca5bc0:0 => 0
18:32:37 D shos_vfs.c:622          lseek 256 3027 0 => 0x3fca5bc0:0 => 3027
18:32:37 D shos_vfs.c:622          lseek 256 0 0 => 0x3fca5bc0:0 => 0
18:32:37 D shos_vfs.c:622          lseek 256 0 0 => 0x3fca5bc0:0 => 0
18:32:37 D shos_vfs.c:622          lseek 256 803 0 => 0x3fca5bc0:0 => 803
18:32:37 I shelly_script.cpp:204   service:0 0.2% CPU utilization
18:32:38 D esp32xx_wifi_if.cpp:234 PK check: link 1 gw 1 UC 538 MC 920 ctr 16/105 ping 0 num_act 0
18:32:38 D hos_lwip_eth_if.cpp:513 ws(0x3fcc2404): Status: server 0 oper_up 1 link_up 1/1 hf 98196
18:32:38 W shelly_tmcu.cpp:507     Heartbeat timed out!
18:32:38 D shelly_tmcu.cpp:927     Process 1 commands
18:32:38 D shelly_tmcu.cpp:890     TX: 0x00 v=3 [] (Expecting heartbeat)
18:32:39 W shelly_tmcu.cpp:507     Heartbeat timed out!
18:32:39 D shelly_tmcu.cpp:927     Process 1 commands
18:32:39 D shelly_tmcu.cpp:890     TX: 0x00 v=3 [] (Expecting heartbeat)
18:32:39 D shos_wifi_sta.cpp:524   State 8 ev -1 timeout 1
18:32:39 D shos_wifi_sta.cpp:813   Avg RSSI -69, ok
18:32:40 D esp32xx_wifi_if.cpp:234 PK check: link 1 gw 1 UC 545 MC 931 ctr 16/105 ping 0 num_act 0
18:32:40 D hos_lwip_eth_if.cpp:513 ws(0x3fcc2404): Status: server 0 oper_up 1 link_up 1/1 hf 98196
18:32:40 W shelly_tmcu.cpp:507     Heartbeat timed out!
18:32:40 D shelly_tmcu.cpp:927     Process 1 commands
18:32:40 D shelly_tmcu.cpp:890     TX: 0x00 v=3 [] (Expecting heartbeat)
18:32:41 W shelly_tmcu.cpp:507     Heartbeat timed out!
18:32:41 D shelly_tmcu.cpp:927     Process 1 commands
18:32:41 D shelly_tmcu.cpp:890     TX: 0x00 v=3 [] (Expecting heartbeat)
18:32:42 D esp32xx_wifi_if.cpp:234 PK check: link 1 gw 1 UC 551 MC 935 ctr 16/105 ping 0 num_act 0
18:32:42 D hos_lwip_eth_if.cpp:513 ws(0x3fcc2404): Status: server 0 oper_up 1 link_up 1/1 hf 96440
18:32:42 W shelly_tmcu.cpp:507     Heartbeat timed out!
18:32:42 D shelly_tmcu.cpp:927     Process 1 commands
18:32:42 D shelly_tmcu.cpp:890     TX: 0x00 v=3 [] (Expecting heartbeat)
18:32:43 W shelly_tmcu.cpp:507     Heartbeat timed out!
18:32:43 D shelly_tmcu.cpp:927     Process 1 commands
18:32:43 D shelly_tmcu.cpp:890     TX: 0x00 v=3 [] (Expecting heartbeat)
18:32:44 D esp32xx_wifi_if.cpp:234 PK check: link 1 gw 1 UC 557 MC 943 ctr 16/105 ping 0 num_act 0
18:32:44 D hos_lwip_eth_if.cpp:513 ws(0x3fcc2404): Status: server 0 oper_up 1 link_up 1/1 hf 98200
18:32:44 W shelly_tmcu.cpp:507     Heartbeat timed out!
18:32:44 D shelly_tmcu.cpp:927     Process 1 commands
18:32:44 D shelly_tmcu.cpp:890     TX: 0x00 v=3 [] (Expecting heartbeat)
18:32:45 W shelly_tmcu.cpp:507     Heartbeat timed out!
18:32:45 D shelly_tmcu.cpp:927     Process 1 commands
18:32:45 D shelly_tmcu.cpp:890     TX: 0x00 v=3 [] (Expecting heartbeat)
18:32:46 D esp32xx_wifi_if.cpp:234 PK check: link 1 gw 1 UC 563 MC 948 ctr 16/105 ping 0 num_act 0
18:32:46 D hos_lwip_eth_if.cpp:513 ws(0x3fcc2404): Status: server 0 oper_up 1 link_up 1/1 hf 98196
18:32:46 W shelly_tmcu.cpp:507     Heartbeat timed out!
18:32:46 D shelly_tmcu.cpp:927     Process 1 commands
18:32:46 D shelly_tmcu.cpp:890     TX: 0x00 v=3 [] (Expecting heartbeat)
18:32:47 W shelly_tmcu.cpp:507     Heartbeat timed out!
18:32:47 D shelly_tmcu.cpp:927     Process 1 commands
18:32:47 D shelly_tmcu.cpp:890     TX: 0x00 v=3 [] (Expecting heartbeat)
18:32:48 D esp32xx_wifi_if.cpp:234 PK check: link 1 gw 1 UC 569 MC 955 ctr 16/105 ping 0 num_act 0
18:32:48 D hos_lwip_eth_if.cpp:513 ws(0x3fcc2404): Status: server 0 oper_up 1 link_up 1/1 hf 98196
18:32:48 W shelly_tmcu.cpp:507     Heartbeat timed out!
18:32:48 D shelly_tmcu.cpp:927     Process 1 commands
18:32:48 D shelly_tmcu.cpp:890     TX: 0x00 v=3 [] (Expecting heartbeat)
18:32:49 W shelly_tmcu.cpp:507     Heartbeat timed out!
18:32:49 D shelly_tmcu.cpp:927     Process 1 commands
18:32:49 D shelly_tmcu.cpp:890     TX: 0x00 v=3 [] (Expecting heartbeat)
18:32:50 D esp32xx_wifi_if.cpp:234 PK check: link 1 gw 1 UC 575 MC 959 ctr 16/105 ping 0 num_act 0
18:32:50 D hos_lwip_eth_if.cpp:513 ws(0x3fcc2404): Status: server 0 oper_up 1 link_up 1/1 hf 98196
18:32:50 W shelly_tmcu.cpp:507     Heartbeat timed out!
18:32:50 D shelly_tmcu.cpp:927     Process 1 commands
18:32:50 D shelly_tmcu.cpp:890     TX: 0x00 v=3 [] (Expecting heartbeat)
18:32:51 W shelly_tmcu.cpp:507     Heartbeat timed out!
18:32:51 D shelly_tmcu.cpp:927     Process 1 commands
18:32:51 D shelly_tmcu.cpp:890     TX: 0x00 v=3 [] (Expecting heartbeat)
18:32:52 D esp32xx_wifi_if.cpp:234 PK check: link 1 gw 1 UC 581 MC 964 ctr 16/105 ping 0 num_act 0
18:32:52 D hos_lwip_eth_if.cpp:513 ws(0x3fcc2404): Status: server 0 oper_up 1 link_up 1/1 hf 98196
18:32:52 W shelly_tmcu.cpp:507     Heartbeat timed out!
18:32:52 D shelly_tmcu.cpp:927     Process 1 commands
18:32:52 D shelly_tmcu.cpp:890     TX: 0x00 v=3 [] (Expecting heartbeat)
18:32:53 W shelly_tmcu.cpp:507     Heartbeat timed out!
18:32:53 D shelly_tmcu.cpp:927     Process 1 commands
18:32:53 D shelly_tmcu.cpp:890     TX: 0x00 v=3 [] (Expecting heartbeat)
18:32:54 D esp32xx_wifi_if.cpp:234 PK check: link 1 gw 1 UC 586 MC 969 ctr 16/105 ping 0 num_act 0
18:32:54 D hos_lwip_eth_if.cpp:513 ws(0x3fcc2404): Status: server 0 oper_up 1 link_up 1/1 hf 98196
18:32:54 W shelly_tmcu.cpp:507     Heartbeat timed out!
18:32:54 D shelly_tmcu.cpp:927     Process 1 commands
18:32:54 D shelly_tmcu.cpp:890     TX: 0x00 v=3 [] (Expecting heartbeat)
18:32:54 D shos_wifi_sta.cpp:524   State 8 ev -1 timeout 1
18:32:54 D shos_wifi_sta.cpp:813   Avg RSSI -69, ok
18:32:55 W shelly_tmcu.cpp:507     Heartbeat timed out!
18:32:55 D shelly_tmcu.cpp:927     Process 1 commands
18:32:55 D shelly_tmcu.cpp:890     TX: 0x00 v=3 [] (Expecting heartbeat)
18:32:56 D esp32xx_wifi_if.cpp:234 PK check: link 1 gw 1 UC 592 MC 974 ctr 16/105 ping 0 num_act 0
18:32:56 D hos_lwip_eth_if.cpp:513 ws(0x3fcc2404): Status: server 0 oper_up 1 link_up 1/1 hf 98196
18:32:56 W shelly_tmcu.cpp:507     Heartbeat timed out!
18:32:56 D shelly_tmcu.cpp:927     Process 1 commands
18:32:56 D shelly_tmcu.cpp:890     TX: 0x00 v=3 [] (Expecting heartbeat)
18:32:57 W shelly_tmcu.cpp:507     Heartbeat timed out!
18:32:57 D shelly_tmcu.cpp:927     Process 1 commands
18:32:57 D shelly_tmcu.cpp:890     TX: 0x00 v=3 [] (Expecting heartbeat)
18:32:58 D shos_http_base.cpp:443  0x3fcc5634: Send WS ping
18:32:58 D shos_http_base.cpp:555  0x3fcc5634: Recd WS pong
18:32:58 D esp32xx_wifi_if.cpp:234 PK check: link 1 gw 1 UC 599 MC 979 ctr 16/105 ping 0 num_act 0
18:32:58 D hos_lwip_eth_if.cpp:513 ws(0x3fcc2404): Status: server 0 oper_up 1 link_up 1/1 hf 98196
18:32:58 W shelly_tmcu.cpp:507     Heartbeat timed out!
18:32:58 D shelly_tmcu.cpp:927     Process 1 commands
18:32:58 D shelly_tmcu.cpp:890     TX: 0x00 v=3 [] (Expecting heartbeat)
18:32:59 W shelly_tmcu.cpp:507     Heartbeat timed out!
18:32:59 D shelly_tmcu.cpp:927     Process 1 commands
18:32:59 D shelly_tmcu.cpp:890     TX: 0x00 v=3 [] (Expecting heartbeat)
18:33:00 D esp32xx_wifi_if.cpp:234 PK check: link 1 gw 1 UC 604 MC 995 ctr 16/105 ping 0 num_act 0
18:33:00 W shelly_tmcu.cpp:507     Heartbeat timed out!
18:33:00 D hos_lwip_eth_if.cpp:513 ws(0x3fcc2404): Status: server 0 oper_up 1 link_up 1/1 hf 98096
18:33:00 D shelly_tmcu.cpp:927     Process 1 commands
18:33:00 D shelly_tmcu.cpp:890     TX: 0x00 v=3 [] (Expecting heartbeat)
18:33:01 W shelly_tmcu.cpp:507     Heartbeat timed out!
18:33:01 D shelly_tmcu.cpp:927     Process 1 commands
18:33:01 D shelly_tmcu.cpp:890     TX: 0x00 v=3 [] (Expecting heartbeat)
18:33:02 W shelly_tmcu.cpp:507     Heartbeat timed out!
18:33:02 D esp32xx_wifi_if.cpp:234 PK check: link 1 gw 1 UC 610 MC 1001 ctr 16/105 ping 0 num_act 0
18:33:02 D hos_lwip_eth_if.cpp:513 ws(0x3fcc2404): Status: server 0 oper_up 1 link_up 1/1 hf 97996
18:33:02 D shelly_tmcu.cpp:927     Process 1 commands
18:33:02 D shelly_tmcu.cpp:890     TX: 0x00 v=3 [] (Expecting heartbeat)
18:33:03 W shelly_tmcu.cpp:507     Heartbeat timed out!
18:33:03 D shelly_tmcu.cpp:927     Process 1 commands
18:33:03 D shelly_tmcu.cpp:890     TX: 0x00 v=3 [] (Expecting heartbeat)
18:33:04 W shelly_tmcu.cpp:507     Heartbeat timed out!
18:33:04 D esp32xx_wifi_if.cpp:234 PK check: link 1 gw 1 UC 615 MC 1006 ctr 16/105 ping 0 num_act 0
18:33:04 D hos_lwip_eth_if.cpp:513 ws(0x3fcc2404): Status: server 0 oper_up 1 link_up 1/1 hf 97996
18:33:04 D shelly_tmcu.cpp:927     Process 1 commands
18:33:04 D shelly_tmcu.cpp:890     TX: 0x00 v=3 [] (Expecting heartbeat)
18:33:05 W shelly_tmcu.cpp:507     Heartbeat timed out!
18:33:05 D shelly_tmcu.cpp:927     Process 1 commands
18:33:05 D shelly_tmcu.cpp:890     TX: 0x00 v=3 [] (Expecting heartbeat)
18:33:06 W shelly_tmcu.cpp:507     Heartbeat timed out!
18:33:06 D esp32xx_wifi_if.cpp:234 PK check: link 1 gw 1 UC 623 MC 1010 ctr 16/105 ping 0 num_act 0
18:33:06 D hos_lwip_eth_if.cpp:513 ws(0x3fcc2404): Status: server 0 oper_up 1 link_up 1/1 hf 98236
18:33:06 D shelly_tmcu.cpp:927     Process 1 commands
18:33:06 D shelly_tmcu.cpp:890     TX: 0x00 v=3 [] (Expecting heartbeat)
18:33:07 W shelly_tmcu.cpp:507     Heartbeat timed out!
18:33:07 D shelly_tmcu.cpp:927     Process 1 commands
18:33:07 D shelly_tmcu.cpp:890     TX: 0x00 v=3 [] (Expecting heartbeat)
18:33:07 D shos_vfs.c:622          lseek 256 0 0 => 0x3fca5bc0:0 => 0
18:33:07 D shos_vfs.c:622          lseek 256 0 0 => 0x3fca5bc0:0 => 0
18:33:07 D shos_vfs.c:622          lseek 256 3027 0 => 0x3fca5bc0:0 => 3027
18:33:07 D shos_vfs.c:622          lseek 256 0 0 => 0x3fca5bc0:0 => 0
18:33:07 D shos_vfs.c:622          lseek 256 0 0 => 0x3fca5bc0:0 => 0
18:33:07 D shos_vfs.c:622          lseek 256 803 0 => 0x3fca5bc0:0 => 803
18:33:07 I shelly_script.cpp:204   service:0 0.2% CPU utilization
18:33:08 W shelly_tmcu.cpp:507     Heartbeat timed out!
18:33:08 D esp32xx_wifi_if.cpp:234 PK check: link 1 gw 1 UC 630 MC 1016 ctr 16/105 ping 0 num_act 0
18:33:08 D hos_lwip_eth_if.cpp:513 ws(0x3fcc2404): Status: server 0 oper_up 1 link_up 1/1 hf 98236
18:33:08 D shelly_tmcu.cpp:927     Process 1 commands
18:33:08 D shelly_tmcu.cpp:890     TX: 0x00 v=3 [] (Expecting heartbeat)
18:33:09 W shelly_tmcu.cpp:507     Heartbeat timed out!
18:33:09 D shelly_tmcu.cpp:927     Process 1 commands
18:33:09 D shelly_tmcu.cpp:890     TX: 0x00 v=3 [] (Expecting heartbeat)
18:33:09 D shos_wifi_sta.cpp:524   State 8 ev -1 timeout 1
18:33:09 D shos_wifi_sta.cpp:813   Avg RSSI -69, ok
18:33:10 W shelly_tmcu.cpp:507     Heartbeat timed out!
18:33:10 D esp32xx_wifi_if.cpp:234 PK check: link 1 gw 1 UC 637 MC 1023 ctr 16/105 ping 0 num_act 0
18:33:10 D hos_lwip_eth_if.cpp:513 ws(0x3fcc2404): Status: server 0 oper_up 1 link_up 1/1 hf 98236
18:33:10 D shelly_tmcu.cpp:927     Process 1 commands
18:33:10 D shelly_tmcu.cpp:890     TX: 0x00 v=3 [] (Expecting heartbeat)
18:33:11 W shelly_tmcu.cpp:507     Heartbeat timed out!
18:33:11 D shelly_tmcu.cpp:927     Process 1 commands
18:33:11 D shelly_tmcu.cpp:890     TX: 0x00 v=3 [] (Expecting heartbeat)
18:33:12 W shelly_tmcu.cpp:507     Heartbeat timed out!
18:33:12 D esp32xx_wifi_if.cpp:234 PK check: link 1 gw 1 UC 643 MC 1028 ctr 16/105 ping 0 num_act 0
18:33:12 D hos_lwip_eth_if.cpp:513 ws(0x3fcc2404): Status: server 0 oper_up 1 link_up 1/1 hf 98236
18:33:12 D shelly_tmcu.cpp:927     Process 1 commands
18:33:12 D shelly_tmcu.cpp:890     TX: 0x00 v=3 [] (Expecting heartbeat)
18:33:13 W shelly_tmcu.cpp:507     Heartbeat timed out!
18:33:13 D shelly_tmcu.cpp:927     Process 1 commands
18:33:13 D shelly_tmcu.cpp:890     TX: 0x00 v=3 [] (Expecting heartbeat)
18:33:14 W shelly_tmcu.cpp:507     Heartbeat timed out!
18:33:14 D esp32xx_wifi_if.cpp:234 PK check: link 1 gw 1 UC 648 MC 1034 ctr 16/105 ping 0 num_act 0
18:33:14 D hos_lwip_eth_if.cpp:513 ws(0x3fcc2404): Status: server 0 oper_up 1 link_up 1/1 hf 98236
18:33:14 D shelly_tmcu.cpp:927     Process 1 commands
18:33:14 D shelly_tmcu.cpp:890     TX: 0x00 v=3 [] (Expecting heartbeat)
18:33:15 W shelly_tmcu.cpp:507     Heartbeat timed out!
18:33:15 D shelly_tmcu.cpp:927     Process 1 commands
18:33:15 D shelly_tmcu.cpp:890     TX: 0x00 v=3 [] (Expecting heartbeat)
18:33:16 W shelly_tmcu.cpp:507     Heartbeat timed out!
18:33:16 D esp32xx_wifi_if.cpp:234 PK check: link 1 gw 1 UC 654 MC 1039 ctr 16/105 ping 0 num_act 0
18:33:16 D hos_lwip_eth_if.cpp:513 ws(0x3fcc2404): Status: server 0 oper_up 1 link_up 1/1 hf 98236
18:33:16 D shelly_tmcu.cpp:927     Process 1 commands
18:33:16 D shelly_tmcu.cpp:890     TX: 0x00 v=3 [] (Expecting heartbeat)
18:33:17 W shelly_tmcu.cpp:507     Heartbeat timed out!
18:33:17 D shelly_tmcu.cpp:927     Process 1 commands
18:33:17 D shelly_tmcu.cpp:890     TX: 0x00 v=3 [] (Expecting heartbeat)
18:33:18 W shelly_tmcu.cpp:507     Heartbeat timed out!
18:33:18 D esp32xx_wifi_if.cpp:234 PK check: link 1 gw 1 UC 659 MC 1043 ctr 16/105 ping 0 num_act 0
18:33:18 D shelly_tmcu.cpp:927     Process 1 commands
18:33:18 D shelly_tmcu.cpp:890     TX: 0x00 v=3 [] (Expecting heartbeat)
18:33:18 D hos_lwip_eth_if.cpp:513 ws(0x3fcc2404): Status: server 0 oper_up 1 link_up 1/1 hf 97904
18:33:19 W shelly_tmcu.cpp:507     Heartbeat timed out!
18:33:19 D shelly_tmcu.cpp:927     Process 1 commands
18:33:19 D shelly_tmcu.cpp:890     TX: 0x00 v=3 [] (Expecting heartbeat)
18:33:20 W shelly_tmcu.cpp:507     Heartbeat timed out!
18:33:20 D shelly_tmcu.cpp:927     Process 1 commands
18:33:20 D shelly_tmcu.cpp:890     TX: 0x00 v=3 [] (Expecting heartbeat)
18:33:20 D esp32xx_wifi_if.cpp:234 PK check: link 1 gw 1 UC 664 MC 1056 ctr 16/105 ping 0 num_act 0
18:33:20 D hos_lwip_eth_if.cpp:513 ws(0x3fcc2404): Status: server 0 oper_up 1 link_up 1/1 hf 96548
18:33:21 W shelly_tmcu.cpp:507     Heartbeat timed out!
18:33:21 D shelly_tmcu.cpp:927     Process 1 commands
18:33:21 D shelly_tmcu.cpp:890     TX: 0x00 v=3 [] (Expecting heartbeat)
18:33:22 W shelly_tmcu.cpp:507     Heartbeat timed out!
18:33:22 D shelly_tmcu.cpp:927     Process 1 commands
18:33:22 D shelly_tmcu.cpp:890     TX: 0x00 v=3 [] (Expecting heartbeat)
18:33:22 D esp32xx_wifi_if.cpp:234 PK check: link 1 gw 1 UC 669 MC 1061 ctr 16/105 ping 0 num_act 0
18:33:22 D hos_lwip_eth_if.cpp:513 ws(0x3fcc2404): Status: server 0 oper_up 1 link_up 1/1 hf 96552
18:33:23 W shelly_tmcu.cpp:507     Heartbeat timed out!
18:33:23 D shelly_tmcu.cpp:927     Process 1 commands
18:33:23 D shelly_tmcu.cpp:890     TX: 0x00 v=3 [] (Expecting heartbeat)
18:33:24 W shelly_tmcu.cpp:507     Heartbeat timed out!
18:33:24 D shelly_tmcu.cpp:927     Process 1 commands
18:33:24 D shelly_tmcu.cpp:890     TX: 0x00 v=3 [] (Expecting heartbeat)
18:33:24 D esp32xx_wifi_if.cpp:234 PK check: link 1 gw 1 UC 674 MC 1066 ctr 16/105 ping 0 num_act 0
18:33:24 D hos_lwip_eth_if.cpp:513 ws(0x3fcc2404): Status: server 0 oper_up 1 link_up 1/1 hf 94792
18:33:24 D shos_wifi_sta.cpp:524   State 8 ev -1 timeout 1
18:33:24 D shos_wifi_sta.cpp:813   Avg RSSI -69, ok
18:33:25 W shelly_tmcu.cpp:507     Heartbeat timed out!
18:33:25 D shelly_tmcu.cpp:927     Process 1 commands
18:33:25 D shelly_tmcu.cpp:890     TX: 0x00 v=3 [] (Expecting heartbeat)
18:33:26 W shelly_tmcu.cpp:507     Heartbeat timed out!
18:33:26 D shelly_tmcu.cpp:927     Process 1 commands
18:33:26 D shelly_tmcu.cpp:890     TX: 0x00 v=3 [] (Expecting heartbeat)
18:33:26 D esp32xx_wifi_if.cpp:234 PK check: link 1 gw 1 UC 682 MC 1071 ctr 16/105 ping 0 num_act 0
18:33:26 D hos_lwip_eth_if.cpp:513 ws(0x3fcc2404): Status: server 0 oper_up 1 link_up 1/1 hf 98200
18:33:27 W shelly_tmcu.cpp:507     Heartbeat timed out!
18:33:27 D shelly_tmcu.cpp:927     Process 1 commands
18:33:27 D shelly_tmcu.cpp:890     TX: 0x00 v=3 [] (Expecting heartbeat)
18:33:28 W shelly_tmcu.cpp:507     Heartbeat timed out!
18:33:28 D shelly_tmcu.cpp:927     Process 1 commands
18:33:28 D shelly_tmcu.cpp:890     TX: 0x00 v=3 [] (Expecting heartbeat)
18:33:28 D esp32xx_wifi_if.cpp:234 PK check: link 1 gw 1 UC 688 MC 1075 ctr 16/105 ping 0 num_act 0
18:33:28 D hos_lwip_eth_if.cpp:513 ws(0x3fcc2404): Status: server 0 oper_up 1 link_up 1/1 hf 98196
18:33:29 D shos_http_base.cpp:443  0x3fcc5634: Send WS ping
18:33:29 D shos_http_base.cpp:555  0x3fcc5634: Recd WS pong
18:33:29 W shelly_tmcu.cpp:507     Heartbeat timed out!
18:33:29 D shelly_tmcu.cpp:927     Process 1 commands
18:33:29 D shelly_tmcu.cpp:890     TX: 0x00 v=3 [] (Expecting heartbeat)
18:33:30 W shelly_tmcu.cpp:507     Heartbeat timed out!
18:33:30 D shelly_tmcu.cpp:927     Process 1 commands
18:33:30 D shelly_tmcu.cpp:890     TX: 0x00 v=3 [] (Expecting heartbeat)
18:33:30 D esp32xx_wifi_if.cpp:234 PK check: link 1 gw 1 UC 696 MC 1086 ctr 16/105 ping 0 num_act 0
18:33:30 D hos_lwip_eth_if.cpp:513 ws(0x3fcc2404): Status: server 0 oper_up 1 link_up 1/1 hf 98196
18:33:31 W shelly_tmcu.cpp:507     Heartbeat timed out!
18:33:31 D shelly_tmcu.cpp:927     Process 1 commands
18:33:31 D shelly_tmcu.cpp:890     TX: 0x00 v=3 [] (Expecting heartbeat)
18:33:32 W shelly_tmcu.cpp:507     Heartbeat timed out!
18:33:32 D shelly_tmcu.cpp:927     Process 1 commands
18:33:32 D shelly_tmcu.cpp:890     TX: 0x00 v=3 [] (Expecting heartbeat)
18:33:32 D esp32xx_wifi_if.cpp:234 PK check: link 1 gw 1 UC 702 MC 1090 ctr 16/105 ping 0 num_act 0
18:33:32 D hos_lwip_eth_if.cpp:513 ws(0x3fcc2404): Status: server 0 oper_up 1 link_up 1/1 hf 98196
18:33:33 W shelly_tmcu.cpp:507     Heartbeat timed out!
18:33:33 D shelly_tmcu.cpp:927     Process 1 commands
18:33:33 D shelly_tmcu.cpp:890     TX: 0x00 v=3 [] (Expecting heartbeat)
18:33:34 W shelly_tmcu.cpp:507     Heartbeat timed out!
18:33:34 D shelly_tmcu.cpp:927     Process 1 commands
18:33:34 D shelly_tmcu.cpp:890     TX: 0x00 v=3 [] (Expecting heartbeat)
18:33:34 D esp32xx_wifi_if.cpp:234 PK check: link 1 gw 1 UC 708 MC 1094 ctr 16/105 ping 0 num_act 0
18:33:34 D hos_lwip_eth_if.cpp:513 ws(0x3fcc2404): Status: server 0 oper_up 1 link_up 1/1 hf 98196
18:33:35 W shelly_tmcu.cpp:507     Heartbeat timed out!
18:33:35 D shelly_tmcu.cpp:927     Process 1 commands
18:33:35 D shelly_tmcu.cpp:890     TX: 0x00 v=3 [] (Expecting heartbeat)
18:33:36 W shelly_tmcu.cpp:507     Heartbeat timed out!
18:33:36 D shelly_tmcu.cpp:927     Process 1 commands
18:33:36 D shelly_tmcu.cpp:890     TX: 0x00 v=3 [] (Expecting heartbeat)
18:33:36 D esp32xx_wifi_if.cpp:234 PK check: link 1 gw 1 UC 714 MC 1100 ctr 16/105 ping 0 num_act 0
18:33:36 D hos_lwip_eth_if.cpp:513 ws(0x3fcc2404): Status: server 0 oper_up 1 link_up 1/1 hf 98196
18:33:37 W shelly_tmcu.cpp:507     Heartbeat timed out!
18:33:37 D shelly_tmcu.cpp:927     Process 1 commands
18:33:37 D shelly_tmcu.cpp:890     TX: 0x00 v=3 [] (Expecting heartbeat)
18:33:37 D shos_vfs.c:622          lseek 256 0 0 => 0x3fca5bc0:0 => 0
18:33:37 D shos_vfs.c:622          lseek 256 0 0 => 0x3fca5bc0:0 => 0
18:33:37 D shos_vfs.c:622          lseek 256 3027 0 => 0x3fca5bc0:0 => 3027
18:33:37 D shos_vfs.c:622          lseek 256 0 0 => 0x3fca5bc0:0 => 0
18:33:37 D shos_vfs.c:622          lseek 256 0 0 => 0x3fca5bc0:0 => 0
18:33:37 D shos_vfs.c:622          lseek 256 803 0 => 0x3fca5bc0:0 => 803
18:33:37 I shelly_script.cpp:204   service:0 0.2% CPU utilization
18:33:38 W shelly_tmcu.cpp:507     Heartbeat timed out!
18:33:38 D shelly_tmcu.cpp:927     Process 1 commands
18:33:38 D shelly_tmcu.cpp:890     TX: 0x00 v=3 [] (Expecting heartbeat)
18:33:38 D esp32xx_wifi_if.cpp:234 PK check: link 1 gw 1 UC 721 MC 1103 ctr 16/105 ping 0 num_act 0
18:33:39 D hos_lwip_eth_if.cpp:513 ws(0x3fcc2404): Status: server 0 oper_up 1 link_up 1/1 hf 98196
18:33:39 W shelly_tmcu.cpp:507     Heartbeat timed out!
18:33:39 D shelly_tmcu.cpp:927     Process 1 commands
18:33:39 D shelly_tmcu.cpp:890     TX: 0x00 v=3 [] (Expecting heartbeat)
18:33:39 D shos_wifi_sta.cpp:524   State 8 ev -1 timeout 1
18:33:39 D shos_wifi_sta.cpp:813   Avg RSSI -69, ok
18:33:40 W shelly_tmcu.cpp:507     Heartbeat timed out!
18:33:40 D shelly_tmcu.cpp:927     Process 1 commands
18:33:40 D shelly_tmcu.cpp:890     TX: 0x00 v=3 [] (Expecting heartbeat)
18:33:40 D esp32xx_wifi_if.cpp:234 PK check: link 1 gw 1 UC 728 MC 1118 ctr 16/105 ping 0 num_act 0
18:33:41 D hos_lwip_eth_if.cpp:513 ws(0x3fcc2404): Status: server 0 oper_up 1 link_up 1/1 hf 98196
18:33:41 W shelly_tmcu.cpp:507     Heartbeat timed out!
18:33:41 D shelly_tmcu.cpp:927     Process 1 commands
18:33:41 D shelly_tmcu.cpp:890     TX: 0x00 v=3 [] (Expecting heartbeat)
18:33:42 W shelly_tmcu.cpp:507     Heartbeat timed out!
18:33:42 D shelly_tmcu.cpp:927     Process 1 commands
18:33:42 D shelly_tmcu.cpp:890     TX: 0x00 v=3 [] (Expecting heartbeat)
18:33:42 D esp32xx_wifi_if.cpp:234 PK check: link 1 gw 1 UC 734 MC 1126 ctr 16/105 ping 0 num_act 0
18:33:43 D hos_lwip_eth_if.cpp:513 ws(0x3fcc2404): Status: server 0 oper_up 1 link_up 1/1 hf 98196
18:33:43 W shelly_tmcu.cpp:507     Heartbeat timed out!
18:33:43 D shelly_tmcu.cpp:927     Process 1 commands
18:33:43 D shelly_tmcu.cpp:890     TX: 0x00 v=3 [] (Expecting heartbeat)
18:33:44 W shelly_tmcu.cpp:507     Heartbeat timed out!
18:33:44 D shelly_tmcu.cpp:927     Process 1 commands
18:33:44 D shelly_tmcu.cpp:890     TX: 0x00 v=3 [] (Expecting heartbeat)
18:33:45 D esp32xx_wifi_if.cpp:234 PK check: link 1 gw 1 UC 740 MC 1134 ctr 16/105 ping 0 num_act 0
18:33:45 D hos_lwip_eth_if.cpp:513 ws(0x3fcc2404): Status: server 0 oper_up 1 link_up 1/1 hf 96440
18:33:45 W shelly_tmcu.cpp:507     Heartbeat timed out!
18:33:45 D shelly_tmcu.cpp:927     Process 1 commands
18:33:45 D shelly_tmcu.cpp:890     TX: 0x00 v=3 [] (Expecting heartbeat)
18:33:46 W shelly_tmcu.cpp:507     Heartbeat timed out!
18:33:46 D shelly_tmcu.cpp:927     Process 1 commands
18:33:46 D shelly_tmcu.cpp:890     TX: 0x00 v=3 [] (Expecting heartbeat)
18:33:47 D esp32xx_wifi_if.cpp:234 PK check: link 1 gw 1 UC 746 MC 1141 ctr 16/105 ping 0 num_act 0
18:33:47 D hos_lwip_eth_if.cpp:513 ws(0x3fcc2404): Status: server 0 oper_up 1 link_up 1/1 hf 98200
18:33:47 W shelly_tmcu.cpp:507     Heartbeat timed out!
18:33:47 D shelly_tmcu.cpp:927     Process 1 commands
18:33:47 D shelly_tmcu.cpp:890     TX: 0x00 v=3 [] (Expecting heartbeat)
18:33:48 W shelly_tmcu.cpp:507     Heartbeat timed out!
18:33:48 D shelly_tmcu.cpp:927     Process 1 commands
18:33:48 D shelly_tmcu.cpp:890     TX: 0x00 v=3 [] (Expecting heartbeat)
18:33:49 D esp32xx_wifi_if.cpp:234 PK check: link 1 gw 1 UC 752 MC 1146 ctr 16/105 ping 0 num_act 0
18:33:49 D hos_lwip_eth_if.cpp:513 ws(0x3fcc2404): Status: server 0 oper_up 1 link_up 1/1 hf 98196
18:33:49 W shelly_tmcu.cpp:507     Heartbeat timed out!
18:33:49 D shelly_tmcu.cpp:927     Process 1 commands
18:33:49 D shelly_tmcu.cpp:890     TX: 0x00 v=3 [] (Expecting heartbeat)
18:33:50 W shelly_tmcu.cpp:507     Heartbeat timed out!
18:33:50 D shelly_tmcu.cpp:927     Process 1 commands
18:33:50 D shelly_tmcu.cpp:890     TX: 0x00 v=3 [] (Expecting heartbeat)
18:33:51 D esp32xx_wifi_if.cpp:234 PK check: link 1 gw 1 UC 758 MC 1152 ctr 16/105 ping 0 num_act 0
18:33:51 D hos_lwip_eth_if.cpp:513 ws(0x3fcc2404): Status: server 0 oper_up 1 link_up 1/1 hf 98196
18:33:51 W shelly_tmcu.cpp:507     Heartbeat timed out!
18:33:51 D shelly_tmcu.cpp:927     Process 1 commands
18:33:51 D shelly_tmcu.cpp:890     TX: 0x00 v=3 [] (Expecting heartbeat)
18:33:52 W shelly_tmcu.cpp:507     Heartbeat timed out!
18:33:52 D shelly_tmcu.cpp:927     Process 1 commands
18:33:52 D shelly_tmcu.cpp:890     TX: 0x00 v=3 [] (Expecting heartbeat)
18:33:53 D esp32xx_wifi_if.cpp:234 PK check: link 1 gw 1 UC 764 MC 1157 ctr 16/105 ping 0 num_act 0
18:33:53 D hos_lwip_eth_if.cpp:513 ws(0x3fcc2404): Status: server 0 oper_up 1 link_up 1/1 hf 98196
18:33:53 W shelly_tmcu.cpp:507     Heartbeat timed out!
18:33:53 D shelly_tmcu.cpp:927     Process 1 commands
18:33:53 D shelly_tmcu.cpp:890     TX: 0x00 v=3 [] (Expecting heartbeat)
18:33:54 W shelly_tmcu.cpp:507     Heartbeat timed out!
18:33:54 D shelly_tmcu.cpp:927     Process 1 commands
18:33:54 D shelly_tmcu.cpp:890     TX: 0x00 v=3 [] (Expecting heartbeat)
18:33:54 D shos_wifi_sta.cpp:524   State 8 ev -1 timeout 1
18:33:54 D shos_wifi_sta.cpp:813   Avg RSSI -69, ok
18:33:55 D esp32xx_wifi_if.cpp:234 PK check: link 1 gw 1 UC 771 MC 1162 ctr 16/105 ping 0 num_act 0
18:33:55 D hos_lwip_eth_if.cpp:513 ws(0x3fcc2404): Status: server 0 oper_up 1 link_up 1/1 hf 98196
18:33:55 W shelly_tmcu.cpp:507     Heartbeat timed out!
18:33:55 D shelly_tmcu.cpp:927     Process 1 commands
18:33:55 D shelly_tmcu.cpp:890     TX: 0x00 v=3 [] (Expecting heartbeat)
18:33:56 W shelly_tmcu.cpp:507     Heartbeat timed out!
18:33:56 D shelly_tmcu.cpp:927     Process 1 commands
18:33:56 D shelly_tmcu.cpp:890     TX: 0x00 v=3 [] (Expecting heartbeat)
18:33:57 D esp32xx_wifi_if.cpp:234 PK check: link 1 gw 1 UC 777 MC 1167 ctr 16/105 ping 0 num_act 0
18:33:57 D hos_lwip_eth_if.cpp:513 ws(0x3fcc2404): Status: server 0 oper_up 1 link_up 1/1 hf 98196
18:33:57 W shelly_tmcu.cpp:507     Heartbeat timed out!
18:33:57 D shelly_tmcu.cpp:927     Process 1 commands
18:33:57 D shelly_tmcu.cpp:890     TX: 0x00 v=3 [] (Expecting heartbeat)
18:33:58 W shelly_tmcu.cpp:507     Heartbeat timed out!
18:33:58 D shelly_tmcu.cpp:927     Process 1 commands
18:33:58 D shelly_tmcu.cpp:890     TX: 0x00 v=3 [] (Expecting heartbeat)
18:33:59 D esp32xx_wifi_if.cpp:234 PK check: link 1 gw 1 UC 784 MC 1172 ctr 16/105 ping 0 num_act 0
18:33:59 D hos_lwip_eth_if.cpp:513 ws(0x3fcc2404): Status: server 0 oper_up 1 link_up 1/1 hf 98196
18:33:59 W shelly_tmcu.cpp:507     Heartbeat timed out!
18:33:59 D shelly_tmcu.cpp:927     Process 1 commands
18:33:59 D shelly_tmcu.cpp:890     TX: 0x00 v=3 [] (Expecting heartbeat)
18:33:59 D shos_http_base.cpp:443  0x3fcc5634: Send WS ping
18:33:59 D shos_http_base.cpp:555  0x3fcc5634: Recd WS pong
18:34:00 W shelly_tmcu.cpp:507     Heartbeat timed out!
18:34:00 D shelly_tmcu.cpp:927     Process 1 commands
18:34:00 D shelly_tmcu.cpp:890     TX: 0x00 v=3 [] (Expecting heartbeat)
18:34:01 D esp32xx_wifi_if.cpp:234 PK check: link 1 gw 1 UC 792 MC 1188 ctr 16/105 ping 0 num_act 0
18:34:01 D hos_lwip_eth_if.cpp:513 ws(0x3fcc2404): Status: server 0 oper_up 1 link_up 1/1 hf 98196
18:34:01 W shelly_tmcu.cpp:507     Heartbeat timed out!
18:34:01 D shelly_tmcu.cpp:927     Process 1 commands
18:34:01 D shelly_tmcu.cpp:890     TX: 0x00 v=3 [] (Expecting heartbeat)
18:34:02 W shelly_tmcu.cpp:507     Heartbeat timed out!
18:34:02 D shelly_tmcu.cpp:927     Process 1 commands
18:34:02 D shelly_tmcu.cpp:890     TX: 0x00 v=3 [] (Expecting heartbeat)
18:34:03 D esp32xx_wifi_if.cpp:234 PK check: link 1 gw 1 UC 798 MC 1195 ctr 16/105 ping 0 num_act 0
18:34:03 D hos_lwip_eth_if.cpp:513 ws(0x3fcc2404): Status: server 0 oper_up 1 link_up 1/1 hf 98196
18:34:03 W shelly_tmcu.cpp:507     Heartbeat timed out!
18:34:03 D shelly_tmcu.cpp:927     Process 1 commands
18:34:03 D shelly_tmcu.cpp:890     TX: 0x00 v=3 [] (Expecting heartbeat)
18:34:04 W shelly_tmcu.cpp:507     Heartbeat timed out!
18:34:04 D shelly_tmcu.cpp:927     Process 1 commands
18:34:04 D shelly_tmcu.cpp:890     TX: 0x00 v=3 [] (Expecting heartbeat)
18:34:05 D esp32xx_wifi_if.cpp:234 PK check: link 1 gw 1 UC 804 MC 1199 ctr 16/105 ping 0 num_act 0
18:34:05 D hos_lwip_eth_if.cpp:513 ws(0x3fcc2404): Status: server 0 oper_up 1 link_up 1/1 hf 98196
18:34:05 W shelly_tmcu.cpp:507     Heartbeat timed out!
18:34:05 D shelly_tmcu.cpp:927     Process 1 commands
18:34:05 D shelly_tmcu.cpp:890     TX: 0x00 v=3 [] (Expecting heartbeat)
18:34:06 W shelly_tmcu.cpp:507     Heartbeat timed out!
18:34:06 D shelly_tmcu.cpp:927     Process 1 commands
18:34:06 D shelly_tmcu.cpp:890     TX: 0x00 v=3 [] (Expecting heartbeat)
18:34:07 D esp32xx_wifi_if.cpp:234 PK check: link 1 gw 1 UC 813 MC 1206 ctr 16/105 ping 0 num_act 0
18:34:07 D hos_lwip_eth_if.cpp:513 ws(0x3fcc2404): Status: server 0 oper_up 1 link_up 1/1 hf 98196
18:34:07 W shelly_tmcu.cpp:507     Heartbeat timed out!
18:34:07 D shelly_tmcu.cpp:927     Process 1 commands
18:34:07 D shelly_tmcu.cpp:890     TX: 0x00 v=3 [] (Expecting heartbeat)
18:34:07 D shos_vfs.c:622          lseek 256 0 0 => 0x3fca5bc0:0 => 0
18:34:07 D shos_vfs.c:622          lseek 256 0 0 => 0x3fca5bc0:0 => 0
18:34:07 D shos_vfs.c:622          lseek 256 3027 0 => 0x3fca5bc0:0 => 3027
18:34:07 D shos_vfs.c:622          lseek 256 0 0 => 0x3fca5bc0:0 => 0
18:34:07 D shos_vfs.c:622          lseek 256 0 0 => 0x3fca5bc0:0 => 0
18:34:07 D shos_vfs.c:622          lseek 256 803 0 => 0x3fca5bc0:0 => 803
18:34:07 I shelly_script.cpp:204   service:0 0.2% CPU utilization
18:34:08 W shelly_tmcu.cpp:507     Heartbeat timed out!
18:34:08 D shelly_tmcu.cpp:927     Process 1 commands
18:34:08 D shelly_tmcu.cpp:890     TX: 0x00 v=3 [] (Expecting heartbeat)
18:34:09 D esp32xx_wifi_if.cpp:234 PK check: link 1 gw 1 UC 820 MC 1212 ctr 16/105 ping 0 num_act 0
18:34:09 D hos_lwip_eth_if.cpp:513 ws(0x3fcc2404): Status: server 0 oper_up 1 link_up 1/1 hf 98196
18:34:09 W shelly_tmcu.cpp:507     Heartbeat timed out!
18:34:09 D shelly_tmcu.cpp:927     Process 1 commands
18:34:09 D shelly_tmcu.cpp:890     TX: 0x00 v=3 [] (Expecting heartbeat)
18:34:09 D shos_wifi_sta.cpp:524   State 8 ev -1 timeout 1
18:34:09 D shos_wifi_sta.cpp:813   Avg RSSI -69, ok
18:34:10 W shelly_tmcu.cpp:507     Heartbeat timed out!
18:34:10 D shelly_tmcu.cpp:927     Process 1 commands
18:34:10 D shelly_tmcu.cpp:890     TX: 0x00 v=3 [] (Expecting heartbeat)
18:34:11 D esp32xx_wifi_if.cpp:234 PK check: link 1 gw 1 UC 827 MC 1217 ctr 16/105 ping 0 num_act 0
18:34:11 D hos_lwip_eth_if.cpp:513 ws(0x3fcc2404): Status: server 0 oper_up 1 link_up 1/1 hf 98196
18:34:11 W shelly_tmcu.cpp:507     Heartbeat timed out!
18:34:11 D shelly_tmcu.cpp:927     Process 1 commands
18:34:11 D shelly_tmcu.cpp:890     TX: 0x00 v=3 [] (Expecting heartbeat)
18:34:12 W shelly_tmcu.cpp:507     Heartbeat timed out!
18:34:12 D shelly_tmcu.cpp:927     Process 1 commands
18:34:12 D shelly_tmcu.cpp:890     TX: 0x00 v=3 [] (Expecting heartbeat)
18:34:13 D esp32xx_wifi_if.cpp:234 PK check: link 1 gw 1 UC 833 MC 1223 ctr 16/105 ping 0 num_act 0
18:34:13 D hos_lwip_eth_if.cpp:513 ws(0x3fcc2404): Status: server 0 oper_up 1 link_up 1/1 hf 98196
18:34:13 W shelly_tmcu.cpp:507     Heartbeat timed out!
18:34:13 D shelly_tmcu.cpp:927     Process 1 commands
18:34:13 D shelly_tmcu.cpp:890     TX: 0x00 v=3 [] (Expecting heartbeat)
18:34:14 W shelly_tmcu.cpp:507     Heartbeat timed out!
18:34:14 D shelly_tmcu.cpp:927     Process 1 commands
18:34:14 D shelly_tmcu.cpp:890     TX: 0x00 v=3 [] (Expecting heartbeat)
18:34:15 D esp32xx_wifi_if.cpp:234 PK check: link 1 gw 1 UC 839 MC 1232 ctr 16/105 ping 0 num_act 0
18:34:15 D hos_lwip_eth_if.cpp:513 ws(0x3fcc2404): Status: server 0 oper_up 1 link_up 1/1 hf 98196
18:34:15 W shelly_tmcu.cpp:507     Heartbeat timed out!
18:34:15 D shelly_tmcu.cpp:927     Process 1 commands
18:34:15 D shelly_tmcu.cpp:890     TX: 0x00 v=3 [] (Expecting heartbeat)
18:34:16 W shelly_tmcu.cpp:507     Heartbeat timed out!
18:34:16 D shelly_tmcu.cpp:927     Process 1 commands
18:34:16 D shelly_tmcu.cpp:890     TX: 0x00 v=3 [] (Expecting heartbeat)
18:34:17 D esp32xx_wifi_if.cpp:234 PK check: link 1 gw 1 UC 845 MC 1237 ctr 16/105 ping 0 num_act 0
18:34:17 D hos_lwip_eth_if.cpp:513 ws(0x3fcc2404): Status: server 0 oper_up 1 link_up 1/1 hf 98196
18:34:17 W shelly_tmcu.cpp:507     Heartbeat timed out!
18:34:17 D shelly_tmcu.cpp:927     Process 1 commands
18:34:17 D shelly_tmcu.cpp:890     TX: 0x00 v=3 [] (Expecting heartbeat)
18:34:18 W shelly_tmcu.cpp:507     Heartbeat timed out!
18:34:18 D shelly_tmcu.cpp:927     Process 1 commands
18:34:18 D shelly_tmcu.cpp:890     TX: 0x00 v=3 [] (Expecting heartbeat)
18:34:19 D esp32xx_wifi_if.cpp:234 PK check: link 1 gw 1 UC 851 MC 1241 ctr 16/105 ping 0 num_act 0
18:34:19 D hos_lwip_eth_if.cpp:513 ws(0x3fcc2404): Status: server 0 oper_up 1 link_up 1/1 hf 98196
18:34:19 W shelly_tmcu.cpp:507     Heartbeat timed out!
18:34:19 D shelly_tmcu.cpp:927     Process 1 commands
18:34:19 D shelly_tmcu.cpp:890     TX: 0x00 v=3 [] (Expecting heartbeat)
18:34:20 W shelly_tmcu.cpp:507     Heartbeat timed out!
18:34:20 D shelly_tmcu.cpp:927     Process 1 commands
18:34:20 D shelly_tmcu.cpp:890     TX: 0x00 v=3 [] (Expecting heartbeat)
18:34:21 D esp32xx_wifi_if.cpp:234 PK check: link 1 gw 1 UC 857 MC 1255 ctr 16/105 ping 0 num_act 0
18:34:21 D hos_lwip_eth_if.cpp:513 ws(0x3fcc2404): Status: server 0 oper_up 1 link_up 1/1 hf 98196
18:34:21 W shelly_tmcu.cpp:507     Heartbeat timed out!
18:34:21 D shelly_tmcu.cpp:927     Process 1 commands
18:34:21 D shelly_tmcu.cpp:890     TX: 0x00 v=3 [] (Expecting heartbeat)
18:34:22 W shelly_tmcu.cpp:507     Heartbeat timed out!
18:34:22 D shelly_tmcu.cpp:927     Process 1 commands
18:34:22 D shelly_tmcu.cpp:890     TX: 0x00 v=3 [] (Expecting heartbeat)
18:34:23 D esp32xx_wifi_if.cpp:234 PK check: link 1 gw 1 UC 863 MC 1262 ctr 16/105 ping 0 num_act 0
18:34:23 D hos_lwip_eth_if.cpp:513 ws(0x3fcc2404): Status: server 0 oper_up 1 link_up 1/1 hf 98196
18:34:23 W shelly_tmcu.cpp:507     Heartbeat timed out!
18:34:23 D shelly_tmcu.cpp:927     Process 1 commands
18:34:23 D shelly_tmcu.cpp:890     TX: 0x00 v=3 [] (Expecting heartbeat)
18:34:24 W shelly_tmcu.cpp:507     Heartbeat timed out!
18:34:24 D shelly_tmcu.cpp:927     Process 1 commands
18:34:24 D shelly_tmcu.cpp:890     TX: 0x00 v=3 [] (Expecting heartbeat)
18:34:24 D shos_wifi_sta.cpp:524   State 8 ev -1 timeout 1
18:34:24 D shos_wifi_sta.cpp:813   Avg RSSI -70, ok
18:34:25 D esp32xx_wifi_if.cpp:234 PK check: link 1 gw 1 UC 870 MC 1266 ctr 16/105 ping 0 num_act 0
18:34:25 D hos_lwip_eth_if.cpp:513 ws(0x3fcc2404): Status: server 0 oper_up 1 link_up 1/1 hf 98200
18:34:25 W shelly_tmcu.cpp:507     Heartbeat timed out!
18:34:25 D shelly_tmcu.cpp:927     Process 1 commands
18:34:25 D shelly_tmcu.cpp:890     TX: 0x00 v=3 [] (Expecting heartbeat)
18:34:26 W shelly_tmcu.cpp:507     Heartbeat timed out!
18:34:26 D shelly_tmcu.cpp:927     Process 1 commands
18:34:26 D shelly_tmcu.cpp:890     TX: 0x00 v=3 [] (Expecting heartbeat)
18:34:27 D esp32xx_wifi_if.cpp:234 PK check: link 1 gw 1 UC 876 MC 1271 ctr 16/105 ping 0 num_act 0
18:34:27 D hos_lwip_eth_if.cpp:513 ws(0x3fcc2404): Status: server 0 oper_up 1 link_up 1/1 hf 98200
18:34:27 W shelly_tmcu.cpp:507     Heartbeat timed out!
18:34:27 D shelly_tmcu.cpp:927     Process 1 commands
18:34:27 D shelly_tmcu.cpp:890     TX: 0x00 v=3 [] (Expecting heartbeat)
18:34:28 W shelly_tmcu.cpp:507     Heartbeat timed out!
18:34:28 D shelly_tmcu.cpp:927     Process 1 commands
18:34:28 D shelly_tmcu.cpp:890     TX: 0x00 v=3 [] (Expecting heartbeat)
18:34:29 D esp32xx_wifi_if.cpp:234 PK check: link 1 gw 1 UC 882 MC 1278 ctr 16/105 ping 0 num_act 0
18:34:29 D hos_lwip_eth_if.cpp:513 ws(0x3fcc2404): Status: server 0 oper_up 1 link_up 1/1 hf 98200
18:34:29 W shelly_tmcu.cpp:507     Heartbeat timed out!
18:34:29 D shelly_tmcu.cpp:927     Process 1 commands
18:34:29 D shelly_tmcu.cpp:890     TX: 0x00 v=3 [] (Expecting heartbeat)
18:34:30 W shelly_tmcu.cpp:507     Heartbeat timed out!
18:34:30 D shos_http_base.cpp:443  0x3fcc5634: Send WS ping
18:34:30 D shelly_tmcu.cpp:927     Process 1 commands
18:34:30 D shelly_tmcu.cpp:890     TX: 0x00 v=3 [] (Expecting heartbeat)
18:34:30 D shos_http_base.cpp:555  0x3fcc5634: Recd WS pong
18:34:31 D esp32xx_wifi_if.cpp:234 PK check: link 1 gw 1 UC 888 MC 1284 ctr 16/105 ping 0 num_act 0
18:34:31 D hos_lwip_eth_if.cpp:513 ws(0x3fcc2404): Status: server 0 oper_up 1 link_up 1/1 hf 98204
18:34:31 W shelly_tmcu.cpp:507     Heartbeat timed out!
18:34:31 D shelly_tmcu.cpp:927     Process 1 commands
18:34:31 D shelly_tmcu.cpp:890     TX: 0x00 v=3 [] (Expecting heartbeat)
18:34:32 W shelly_tmcu.cpp:507     Heartbeat timed out!
18:34:32 D shelly_tmcu.cpp:927     Process 1 commands
18:34:32 D shelly_tmcu.cpp:890     TX: 0x00 v=3 [] (Expecting heartbeat)
18:34:33 D esp32xx_wifi_if.cpp:234 PK check: link 1 gw 1 UC 893 MC 1288 ctr 16/105 ping 0 num_act 0
18:34:33 D hos_lwip_eth_if.cpp:513 ws(0x3fcc2404): Status: server 0 oper_up 1 link_up 1/1 hf 98200
18:34:33 W shelly_tmcu.cpp:507     Heartbeat timed out!
18:34:33 D shelly_tmcu.cpp:927     Process 1 commands
18:34:33 D shelly_tmcu.cpp:890     TX: 0x00 v=3 [] (Expecting heartbeat)
18:34:34 W shelly_tmcu.cpp:507     Heartbeat timed out!
18:34:34 D shelly_tmcu.cpp:927     Process 1 commands
18:34:34 D shelly_tmcu.cpp:890     TX: 0x00 v=3 [] (Expecting heartbeat)
18:34:35 W shelly_tmcu.cpp:507     Heartbeat timed out!
18:34:35 D esp32xx_wifi_if.cpp:234 PK check: link 1 gw 1 UC 898 MC 1293 ctr 16/105 ping 0 num_act 0
18:34:35 D hos_lwip_eth_if.cpp:513 ws(0x3fcc2404): Status: server 0 oper_up 1 link_up 1/1 hf 98000
18:34:35 D shelly_tmcu.cpp:927     Process 1 commands
18:34:35 D shelly_tmcu.cpp:890     TX: 0x00 v=3 [] (Expecting heartbeat)
18:34:36 W shelly_tmcu.cpp:507     Heartbeat timed out!
18:34:36 D shelly_tmcu.cpp:927     Process 1 commands
18:34:36 D shelly_tmcu.cpp:890     TX: 0x00 v=3 [] (Expecting heartbeat)
18:34:37 W shelly_tmcu.cpp:507     Heartbeat timed out!
18:34:37 D esp32xx_wifi_if.cpp:234 PK check: link 1 gw 1 UC 903 MC 1298 ctr 16/105 ping 0 num_act 0
18:34:37 D hos_lwip_eth_if.cpp:513 ws(0x3fcc2404): Status: server 0 oper_up 1 link_up 1/1 hf 98000
18:34:37 D shelly_tmcu.cpp:927     Process 1 commands
18:34:37 D shelly_tmcu.cpp:890     TX: 0x00 v=3 [] (Expecting heartbeat)
18:34:37 D shos_vfs.c:622          lseek 256 0 0 => 0x3fca5bc0:0 => 0
18:34:37 D shos_vfs.c:622          lseek 256 0 0 => 0x3fca5bc0:0 => 0
18:34:37 D shos_vfs.c:622          lseek 256 3027 0 => 0x3fca5bc0:0 => 3027
18:34:37 D shos_vfs.c:622          lseek 256 0 0 => 0x3fca5bc0:0 => 0
18:34:37 D shos_vfs.c:622          lseek 256 0 0 => 0x3fca5bc0:0 => 0
18:34:37 D shos_vfs.c:622          lseek 256 803 0 => 0x3fca5bc0:0 => 803
18:34:37 I shelly_script.cpp:204   service:0 0.2% CPU utilization
18:34:38 W shelly_tmcu.cpp:507     Heartbeat timed out!
18:34:38 D shelly_tmcu.cpp:927     Process 1 commands
18:34:38 D shelly_tmcu.cpp:890     TX: 0x00 v=3 [] (Expecting heartbeat)
18:34:39 W shelly_tmcu.cpp:507     Heartbeat timed out!
18:34:39 D esp32xx_wifi_if.cpp:234 PK check: link 1 gw 1 UC 909 MC 1305 ctr 16/105 ping 0 num_act 0
18:34:39 D hos_lwip_eth_if.cpp:513 ws(0x3fcc2404): Status: server 0 oper_up 1 link_up 1/1 hf 96244
18:34:39 D shelly_tmcu.cpp:927     Process 1 commands
18:34:39 D shelly_tmcu.cpp:890     TX: 0x00 v=3 [] (Expecting heartbeat)
18:34:39 D shos_wifi_sta.cpp:524   State 8 ev -1 timeout 1
18:34:39 D shos_wifi_sta.cpp:813   Avg RSSI -70, ok
18:34:40 W shelly_tmcu.cpp:507     Heartbeat timed out!
18:34:40 D shelly_tmcu.cpp:927     Process 1 commands
18:34:40 D shelly_tmcu.cpp:890     TX: 0x00 v=3 [] (Expecting heartbeat)
18:34:41 W shelly_tmcu.cpp:507     Heartbeat timed out!
18:34:41 D esp32xx_wifi_if.cpp:234 PK check: link 1 gw 1 UC 915 MC 1312 ctr 16/105 ping 0 num_act 0
18:34:41 D hos_lwip_eth_if.cpp:513 ws(0x3fcc2404): Status: server 0 oper_up 1 link_up 1/1 hf 98004
18:34:41 D shelly_tmcu.cpp:927     Process 1 commands
18:34:41 D shelly_tmcu.cpp:890     TX: 0x00 v=3 [] (Expecting heartbeat)
18:34:42 W shelly_tmcu.cpp:507     Heartbeat timed out!
18:34:42 D shelly_tmcu.cpp:927     Process 1 commands
18:34:42 D shelly_tmcu.cpp:890     TX: 0x00 v=3 [] (Expecting heartbeat)
18:34:43 W shelly_tmcu.cpp:507     Heartbeat timed out!
18:34:43 D esp32xx_wifi_if.cpp:234 PK check: link 1 gw 1 UC 921 MC 1318 ctr 16/105 ping 0 num_act 0
18:34:43 D hos_lwip_eth_if.cpp:513 ws(0x3fcc2404): Status: server 0 oper_up 1 link_up 1/1 hf 98240
18:34:43 D shelly_tmcu.cpp:927     Process 1 commands
18:34:43 D shelly_tmcu.cpp:890     TX: 0x00 v=3 [] (Expecting heartbeat)
18:34:44 W shelly_tmcu.cpp:507     Heartbeat timed out!
18:34:44 D shelly_tmcu.cpp:927     Process 1 commands
18:34:44 D shelly_tmcu.cpp:890     TX: 0x00 v=3 [] (Expecting heartbeat)
18:34:45 W shelly_tmcu.cpp:507     Heartbeat timed out!
18:34:45 D esp32xx_wifi_if.cpp:234 PK check: link 1 gw 1 UC 927 MC 1324 ctr 16/105 ping 0 num_act 0
18:34:45 D hos_lwip_eth_if.cpp:513 ws(0x3fcc2404): Status: server 0 oper_up 1 link_up 1/1 hf 98240
18:34:45 D shelly_tmcu.cpp:927     Process 1 commands
18:34:45 D shelly_tmcu.cpp:890     TX: 0x00 v=3 [] (Expecting heartbeat)
18:34:46 W shelly_tmcu.cpp:507     Heartbeat timed out!
18:34:46 D shelly_tmcu.cpp:927     Process 1 commands
18:34:46 D shelly_tmcu.cpp:890     TX: 0x00 v=3 [] (Expecting heartbeat)
18:34:47 W shelly_tmcu.cpp:507     Heartbeat timed out!
18:34:47 D esp32xx_wifi_if.cpp:234 PK check: link 1 gw 1 UC 933 MC 1329 ctr 16/105 ping 0 num_act 0
18:34:47 D hos_lwip_eth_if.cpp:513 ws(0x3fcc2404): Status: server 0 oper_up 1 link_up 1/1 hf 98240
18:34:47 D shelly_tmcu.cpp:927     Process 1 commands
18:34:47 D shelly_tmcu.cpp:890     TX: 0x00 v=3 [] (Expecting heartbeat)
18:34:48 W shelly_tmcu.cpp:507     Heartbeat timed out!
18:34:48 D shelly_tmcu.cpp:927     Process 1 commands
18:34:48 D shelly_tmcu.cpp:890     TX: 0x00 v=3 [] (Expecting heartbeat)
18:34:49 W shelly_tmcu.cpp:507     Heartbeat timed out!
18:34:49 D esp32xx_wifi_if.cpp:234 PK check: link 1 gw 1 UC 938 MC 1332 ctr 16/105 ping 0 num_act 0
18:34:49 D hos_lwip_eth_if.cpp:513 ws(0x3fcc2404): Status: server 0 oper_up 1 link_up 1/1 hf 98240
18:34:49 D shelly_tmcu.cpp:927     Process 1 commands
18:34:49 D shelly_tmcu.cpp:890     TX: 0x00 v=3 [] (Expecting heartbeat)
18:34:50 W shelly_tmcu.cpp:507     Heartbeat timed out!
18:34:50 D shelly_tmcu.cpp:927     Process 1 commands
18:34:50 D shelly_tmcu.cpp:890     TX: 0x00 v=3 [] (Expecting heartbeat)
18:34:51 W shelly_tmcu.cpp:507     Heartbeat timed out!
18:34:51 D esp32xx_wifi_if.cpp:234 PK check: link 1 gw 1 UC 943 MC 1335 ctr 16/105 ping 0 num_act 0
18:34:51 D hos_lwip_eth_if.cpp:513 ws(0x3fcc2404): Status: server 0 oper_up 1 link_up 1/1 hf 98240
18:34:51 D shelly_tmcu.cpp:927     Process 1 commands
18:34:51 D shelly_tmcu.cpp:890     TX: 0x00 v=3 [] (Expecting heartbeat)
18:34:52 W shelly_tmcu.cpp:507     Heartbeat timed out!
18:34:52 D shelly_tmcu.cpp:927     Process 1 commands
18:34:52 D shelly_tmcu.cpp:890     TX: 0x00 v=3 [] (Expecting heartbeat)
18:34:53 W shelly_tmcu.cpp:507     Heartbeat timed out!
18:34:53 D esp32xx_wifi_if.cpp:234 PK check: link 1 gw 1 UC 948 MC 1341 ctr 16/105 ping 0 num_act 0
18:34:53 D shelly_tmcu.cpp:927     Process 1 commands
18:34:53 D shelly_tmcu.cpp:890     TX: 0x00 v=3 [] (Expecting heartbeat)
18:34:53 D hos_lwip_eth_if.cpp:513 ws(0x3fcc2404): Status: server 0 oper_up 1 link_up 1/1 hf 97896
18:34:54 W shelly_tmcu.cpp:507     Heartbeat timed out!
18:34:54 D shelly_tmcu.cpp:927     Process 1 commands
18:34:54 D shelly_tmcu.cpp:890     TX: 0x00 v=3 [] (Expecting heartbeat)
18:34:54 D shos_wifi_sta.cpp:524   State 8 ev -1 timeout 1
18:34:54 D shos_wifi_sta.cpp:813   Avg RSSI -68, ok
18:34:55 W shelly_tmcu.cpp:507     Heartbeat timed out!
18:34:55 D shelly_tmcu.cpp:927     Process 1 commands
18:34:55 D shelly_tmcu.cpp:890     TX: 0x00 v=3 [] (Expecting heartbeat)
18:34:55 D esp32xx_wifi_if.cpp:234 PK check: link 1 gw 1 UC 954 MC 1345 ctr 16/105 ping 0 num_act 0
18:34:55 D hos_lwip_eth_if.cpp:513 ws(0x3fcc2404): Status: server 0 oper_up 1 link_up 1/1 hf 96552
18:34:56 W shelly_tmcu.cpp:507     Heartbeat timed out!
18:34:56 D shelly_tmcu.cpp:927     Process 1 commands
18:34:56 D shelly_tmcu.cpp:890     TX: 0x00 v=3 [] (Expecting heartbeat)
18:34:57 W shelly_tmcu.cpp:507     Heartbeat timed out!
18:34:57 D shelly_tmcu.cpp:927     Process 1 commands
18:34:57 D shelly_tmcu.cpp:890     TX: 0x00 v=3 [] (Expecting heartbeat)
18:34:57 D esp32xx_wifi_if.cpp:234 PK check: link 1 gw 1 UC 959 MC 1351 ctr 16/105 ping 0 num_act 0
18:34:57 D hos_lwip_eth_if.cpp:513 ws(0x3fcc2404): Status: server 0 oper_up 1 link_up 1/1 hf 94792
18:34:58 W shelly_tmcu.cpp:507     Heartbeat timed out!
18:34:58 D shelly_tmcu.cpp:927     Process 1 commands
18:34:58 D shelly_tmcu.cpp:890     TX: 0x00 v=3 [] (Expecting heartbeat)
18:34:59 W shelly_tmcu.cpp:507     Heartbeat timed out!
18:34:59 D shelly_tmcu.cpp:927     Process 1 commands
18:34:59 D shelly_tmcu.cpp:890     TX: 0x00 v=3 [] (Expecting heartbeat)
18:34:59 D esp32xx_wifi_if.cpp:234 PK check: link 1 gw 1 UC 964 MC 1361 ctr 16/105 ping 0 num_act 0
18:34:59 D hos_lwip_eth_if.cpp:513 ws(0x3fcc2404): Status: server 0 oper_up 1 link_up 1/1 hf 93040
18:35:00 W shelly_tmcu.cpp:507     Heartbeat timed out!
18:35:00 D shelly_tmcu.cpp:927     Process 1 commands
18:35:00 D shelly_tmcu.cpp:890     TX: 0x00 v=3 [] (Expecting heartbeat)
18:35:01 W shelly_tmcu.cpp:507     Heartbeat timed out!
18:35:01 D shos_http_base.cpp:443  0x3fcc5634: Send WS ping
18:35:01 D shos_http_base.cpp:555  0x3fcc5634: Recd WS pong
18:35:01 D shelly_tmcu.cpp:927     Process 1 commands
18:35:01 D shelly_tmcu.cpp:890     TX: 0x00 v=3 [] (Expecting heartbeat)
18:35:01 D esp32xx_wifi_if.cpp:234 PK check: link 1 gw 1 UC 973 MC 1369 ctr 16/105 ping 0 num_act 0
18:35:01 D hos_lwip_eth_if.cpp:513 ws(0x3fcc2404): Status: server 0 oper_up 1 link_up 1/1 hf 98200
18:35:02 W shelly_tmcu.cpp:507     Heartbeat timed out!
18:35:02 D shelly_tmcu.cpp:927     Process 1 commands
18:35:02 D shelly_tmcu.cpp:890     TX: 0x00 v=3 [] (Expecting heartbeat)
18:35:03 W shelly_tmcu.cpp:507     Heartbeat timed out!
18:35:03 D shelly_tmcu.cpp:927     Process 1 commands
18:35:03 D shelly_tmcu.cpp:890     TX: 0x00 v=3 [] (Expecting heartbeat)
18:35:03 D esp32xx_wifi_if.cpp:234 PK check: link 1 gw 1 UC 978 MC 1374 ctr 16/105 ping 0 num_act 0
18:35:03 D hos_lwip_eth_if.cpp:513 ws(0x3fcc2404): Status: server 0 oper_up 1 link_up 1/1 hf 94792
18:35:04 W shelly_tmcu.cpp:507     Heartbeat timed out!
18:35:04 D shelly_tmcu.cpp:927     Process 1 commands
18:35:04 D shelly_tmcu.cpp:890     TX: 0x00 v=3 [] (Expecting heartbeat)
18:35:05 W shelly_tmcu.cpp:507     Heartbeat timed out!
18:35:05 D shelly_tmcu.cpp:927     Process 1 commands
18:35:05 D shelly_tmcu.cpp:890     TX: 0x00 v=3 [] (Expecting heartbeat)
18:35:05 D esp32xx_wifi_if.cpp:234 PK check: link 1 gw 1 UC 988 MC 1377 ctr 16/105 ping 0 num_act 0
18:35:05 D hos_lwip_eth_if.cpp:513 ws(0x3fcc2404): Status: server 0 oper_up 1 link_up 1/1 hf 98200
18:35:06 W shelly_tmcu.cpp:507     Heartbeat timed out!
18:35:06 D shelly_tmcu.cpp:927     Process 1 commands
18:35:06 D shelly_tmcu.cpp:890     TX: 0x00 v=3 [] (Expecting heartbeat)
18:35:07 W shelly_tmcu.cpp:507     Heartbeat timed out!
18:35:07 D shelly_tmcu.cpp:927     Process 1 commands
18:35:07 D shelly_tmcu.cpp:890     TX: 0x00 v=3 [] (Expecting heartbeat)
18:35:07 D shos_vfs.c:622          lseek 256 0 0 => 0x3fca5bc0:0 => 0
18:35:07 D shos_vfs.c:622          lseek 256 0 0 => 0x3fca5bc0:0 => 0
18:35:07 D shos_vfs.c:622          lseek 256 3027 0 => 0x3fca5bc0:0 => 3027
18:35:07 D shos_vfs.c:622          lseek 256 0 0 => 0x3fca5bc0:0 => 0
18:35:07 D shos_vfs.c:622          lseek 256 0 0 => 0x3fca5bc0:0 => 0
18:35:07 D shos_vfs.c:622          lseek 256 803 0 => 0x3fca5bc0:0 => 803
18:35:07 I shelly_script.cpp:204   service:0 0.2% CPU utilization
18:35:07 D esp32xx_wifi_if.cpp:234 PK check: link 1 gw 1 UC 994 MC 1382 ctr 16/105 ping 0 num_act 0
18:35:07 D hos_lwip_eth_if.cpp:513 ws(0x3fcc2404): Status: server 0 oper_up 1 link_up 1/1 hf 96596
18:35:08 W shelly_tmcu.cpp:507     Heartbeat timed out!
18:35:08 D shelly_tmcu.cpp:927     Process 1 commands
18:35:08 D shelly_tmcu.cpp:890     TX: 0x00 v=3 [] (Expecting heartbeat)
18:35:09 W shelly_tmcu.cpp:507     Heartbeat timed out!
18:35:09 D shelly_tmcu.cpp:927     Process 1 commands
18:35:09 D shelly_tmcu.cpp:890     TX: 0x00 v=3 [] (Expecting heartbeat)
18:35:09 D shos_wifi_sta.cpp:524   State 8 ev -1 timeout 1
18:35:09 D shos_wifi_sta.cpp:813   Avg RSSI -69, ok
18:35:09 D esp32xx_wifi_if.cpp:234 PK check: link 1 gw 1 UC 1000 MC 1385 ctr 16/105 ping 0 num_act 0
18:35:09 D hos_lwip_eth_if.cpp:513 ws(0x3fcc2404): Status: server 0 oper_up 1 link_up 1/1 hf 96548
18:35:10 W shelly_tmcu.cpp:507     Heartbeat timed out!
18:35:10 D shelly_tmcu.cpp:927     Process 1 commands
18:35:10 D shelly_tmcu.cpp:890     TX: 0x00 v=3 [] (Expecting heartbeat)
18:35:11 W shelly_tmcu.cpp:507     Heartbeat timed out!
18:35:11 D shelly_tmcu.cpp:927     Process 1 commands
18:35:11 D shelly_tmcu.cpp:890     TX: 0x00 v=3 [] (Expecting heartbeat)
18:35:11 D esp32xx_wifi_if.cpp:234 PK check: link 1 gw 1 UC 1006 MC 1388 ctr 16/105 ping 0 num_act 0
18:35:12 D hos_lwip_eth_if.cpp:513 ws(0x3fcc2404): Status: server 0 oper_up 1 link_up 1/1 hf 98200
18:35:12 W shelly_tmcu.cpp:507     Heartbeat timed out!
18:35:12 D shelly_tmcu.cpp:927     Process 1 commands
18:35:12 D shelly_tmcu.cpp:890     TX: 0x00 v=3 [] (Expecting heartbeat)
18:35:13 W shelly_tmcu.cpp:507     Heartbeat timed out!
18:35:13 D shelly_tmcu.cpp:927     Process 1 commands
18:35:13 D shelly_tmcu.cpp:890     TX: 0x00 v=3 [] (Expecting heartbeat)
18:35:13 D esp32xx_wifi_if.cpp:234 PK check: link 1 gw 1 UC 1013 MC 1393 ctr 16/105 ping 0 num_act 0
18:35:14 D hos_lwip_eth_if.cpp:513 ws(0x3fcc2404): Status: server 0 oper_up 1 link_up 1/1 hf 98200
18:35:14 W shelly_tmcu.cpp:507     Heartbeat timed out!
18:35:14 D shelly_tmcu.cpp:927     Process 1 commands
18:35:14 D shelly_tmcu.cpp:890     TX: 0x00 v=3 [] (Expecting heartbeat)
18:35:15 W shelly_tmcu.cpp:507     Heartbeat timed out!
18:35:15 D shelly_tmcu.cpp:927     Process 1 commands
18:35:15 D shelly_tmcu.cpp:890     TX: 0x00 v=3 [] (Expecting heartbeat)
18:35:16 D esp32xx_wifi_if.cpp:234 PK check: link 1 gw 1 UC 1019 MC 1401 ctr 16/105 ping 0 num_act 0
18:35:16 D hos_lwip_eth_if.cpp:513 ws(0x3fcc2404): Status: server 0 oper_up 1 link_up 1/1 hf 98200
18:35:16 W shelly_tmcu.cpp:507     Heartbeat timed out!
18:35:16 D shelly_tmcu.cpp:927     Process 1 commands
18:35:16 D shelly_tmcu.cpp:890     TX: 0x00 v=3 [] (Expecting heartbeat)
18:35:17 W shelly_tmcu.cpp:507     Heartbeat timed out!
18:35:17 D shelly_tmcu.cpp:927     Process 1 commands
18:35:17 D shelly_tmcu.cpp:890     TX: 0x00 v=3 [] (Expecting heartbeat)
18:35:20 D esp32xx_wifi_if.cpp:234 PK check: link 1 gw 1 UC 1024 MC 1409 ctr 16/105 ping 0 num_act 0
18:35:20 D hos_lwip_eth_if.cpp:513 ws(0x3fcc2404): Status: server 0 oper_up 1 link_up 1/1 hf 96552
18:35:20 W shelly_tmcu.cpp:507     Heartbeat timed out!
18:35:20 D shelly_tmcu.cpp:927     Process 1 commands
18:35:20 D shelly_tmcu.cpp:890     TX: 0x00 v=3 [] (Expecting heartbeat)
18:35:20 W shelly_tmcu.cpp:507     Heartbeat timed out!
18:35:20 D shelly_tmcu.cpp:927     Process 1 commands
18:35:20 D shelly_tmcu.cpp:890     TX: 0x00 v=3 [] (Expecting heartbeat)
18:35:20 D esp32xx_wifi_if.cpp:234 PK check: link 1 gw 1 UC 1024 MC 1437 ctr 16/105 ping 0 num_act 0
18:35:20 D hos_lwip_eth_if.cpp:513 ws(0x3fcc2404): Status: server 0 oper_up 1 link_up 1/1 hf 94992
18:35:20 W shelly_tmcu.cpp:507     Heartbeat timed out!
18:35:20 D shelly_tmcu.cpp:927     Process 1 commands
18:35:20 D shelly_tmcu.cpp:890     TX: 0x00 v=3 [] (Expecting heartbeat)
18:35:21 W shelly_tmcu.cpp:507     Heartbeat timed out!
18:35:21 D shelly_tmcu.cpp:927     Process 1 commands
18:35:21 D shelly_tmcu.cpp:890     TX: 0x00 v=3 [] (Expecting heartbeat)
18:35:22 D esp32xx_wifi_if.cpp:234 PK check: link 1 gw 1 UC 1030 MC 1449 ctr 17/105 ping 0 num_act 0
18:35:22 D hos_lwip_eth_if.cpp:513 ws(0x3fcc2404): Status: server 0 oper_up 1 link_up 1/1 hf 96448
18:35:22 W shelly_tmcu.cpp:507     Heartbeat timed out!
18:35:22 D shelly_tmcu.cpp:927     Process 1 commands
18:35:22 D shelly_tmcu.cpp:890     TX: 0x00 v=3 [] (Expecting heartbeat)
18:35:23 W shelly_tmcu.cpp:507     Heartbeat timed out!
18:35:23 D shelly_tmcu.cpp:927     Process 1 commands
18:35:23 D shelly_tmcu.cpp:890     TX: 0x00 v=3 [] (Expecting heartbeat)
18:35:24 D esp32xx_wifi_if.cpp:234 PK check: link 1 gw 1 UC 1035 MC 1455 ctr 16/105 ping 0 num_act 0
18:35:24 D hos_lwip_eth_if.cpp:513 ws(0x3fcc2404): Status: server 0 oper_up 1 link_up 1/1 hf 96556
18:35:24 W shelly_tmcu.cpp:507     Heartbeat timed out!
18:35:24 D shelly_tmcu.cpp:927     Process 1 commands
18:35:24 D shelly_tmcu.cpp:890     TX: 0x00 v=3 [] (Expecting heartbeat)
18:35:24 D shos_wifi_sta.cpp:524   State 8 ev -1 timeout 1
18:35:24 D shos_wifi_sta.cpp:813   Avg RSSI -69, ok
18:35:25 W shelly_tmcu.cpp:507     Heartbeat timed out!
18:35:25 D shelly_tmcu.cpp:927     Process 1 commands
18:35:25 D shelly_tmcu.cpp:890     TX: 0x00 v=3 [] (Expecting heartbeat)
18:35:26 D esp32xx_wifi_if.cpp:234 PK check: link 1 gw 1 UC 1042 MC 1466 ctr 16/105 ping 0 num_act 0
18:35:26 D hos_lwip_eth_if.cpp:513 ws(0x3fcc2404): Status: server 0 oper_up 1 link_up 1/1 hf 98204
18:35:26 W shelly_tmcu.cpp:507     Heartbeat timed out!
18:35:26 D shelly_tmcu.cpp:927     Process 1 commands
18:35:26 D shelly_tmcu.cpp:890     TX: 0x00 v=3 [] (Expecting heartbeat)
18:35:27 W shelly_tmcu.cpp:507     Heartbeat timed out!
18:35:27 D shelly_tmcu.cpp:927     Process 1 commands
18:35:27 D shelly_tmcu.cpp:890     TX: 0x00 v=3 [] (Expecting heartbeat)
18:35:28 D esp32xx_wifi_if.cpp:234 PK check: link 1 gw 1 UC 1048 MC 1474 ctr 16/105 ping 0 num_act 0
18:35:28 D hos_lwip_eth_if.cpp:513 ws(0x3fcc2404): Status: server 0 oper_up 1 link_up 1/1 hf 98204
18:35:28 W shelly_tmcu.cpp:507     Heartbeat timed out!
18:35:28 D shelly_tmcu.cpp:927     Process 1 commands
18:35:28 D shelly_tmcu.cpp:890     TX: 0x00 v=3 [] (Expecting heartbeat)
18:35:29 W shelly_tmcu.cpp:507     Heartbeat timed out!
18:35:29 D shelly_tmcu.cpp:927     Process 1 commands
18:35:29 D shelly_tmcu.cpp:890     TX: 0x00 v=3 [] (Expecting heartbeat)
18:35:30 D esp32xx_wifi_if.cpp:234 PK check: link 1 gw 1 UC 1054 MC 1486 ctr 16/105 ping 0 num_act 0
18:35:30 D hos_lwip_eth_if.cpp:513 ws(0x3fcc2404): Status: server 0 oper_up 1 link_up 1/1 hf 98200
18:35:30 W shelly_tmcu.cpp:507     Heartbeat timed out!
18:35:30 D shelly_tmcu.cpp:927     Process 1 commands
18:35:30 D shelly_tmcu.cpp:890     TX: 0x00 v=3 [] (Expecting heartbeat)
18:35:31 W shelly_tmcu.cpp:507     Heartbeat timed out!
18:35:31 D shelly_tmcu.cpp:927     Process 1 commands
18:35:31 D shelly_tmcu.cpp:890     TX: 0x00 v=3 [] (Expecting heartbeat)
18:35:32 D esp32xx_wifi_if.cpp:234 PK check: link 1 gw 1 UC 1060 MC 1491 ctr 16/105 ping 0 num_act 0
18:35:32 D hos_lwip_eth_if.cpp:513 ws(0x3fcc2404): Status: server 0 oper_up 1 link_up 1/1 hf 98200
18:35:32 D shos_http_base.cpp:443  0x3fcc5634: Send WS ping
18:35:32 W shelly_tmcu.cpp:507     Heartbeat timed out!
18:35:32 D shelly_tmcu.cpp:927     Process 1 commands
18:35:32 D shelly_tmcu.cpp:890     TX: 0x00 v=3 [] (Expecting heartbeat)
18:35:32 D shos_http_base.cpp:555  0x3fcc5634: Recd WS pong
18:35:33 W shelly_tmcu.cpp:507     Heartbeat timed out!
18:35:33 D shelly_tmcu.cpp:927     Process 1 commands
18:35:33 D shelly_tmcu.cpp:890     TX: 0x00 v=3 [] (Expecting heartbeat)
18:35:34 D esp32xx_wifi_if.cpp:234 PK check: link 1 gw 1 UC 1067 MC 1497 ctr 16/105 ping 0 num_act 0
18:35:34 D hos_lwip_eth_if.cpp:513 ws(0x3fcc2404): Status: server 0 oper_up 1 link_up 1/1 hf 98204
18:35:34 W shelly_tmcu.cpp:507     Heartbeat timed out!
18:35:34 D shelly_tmcu.cpp:927     Process 1 commands
18:35:34 D shelly_tmcu.cpp:890     TX: 0x00 v=3 [] (Expecting heartbeat)
18:35:35 W shelly_tmcu.cpp:507     Heartbeat timed out!
18:35:35 D shelly_tmcu.cpp:927     Process 1 commands
18:35:35 D shelly_tmcu.cpp:890     TX: 0x00 v=3 [] (Expecting heartbeat)
18:35:36 D esp32xx_wifi_if.cpp:234 PK check: link 1 gw 1 UC 1073 MC 1501 ctr 16/105 ping 0 num_act 0
18:35:36 D hos_lwip_eth_if.cpp:513 ws(0x3fcc2404): Status: server 0 oper_up 1 link_up 1/1 hf 98200
18:35:36 W shelly_tmcu.cpp:507     Heartbeat timed out!
18:35:36 D shelly_tmcu.cpp:927     Process 1 commands
18:35:36 D shelly_tmcu.cpp:890     TX: 0x00 v=3 [] (Expecting heartbeat)
18:35:37 W shelly_tmcu.cpp:507     Heartbeat timed out!
18:35:37 D shelly_tmcu.cpp:927     Process 1 commands
18:35:37 D shelly_tmcu.cpp:890     TX: 0x00 v=3 [] (Expecting heartbeat)
18:35:38 D shos_vfs.c:622          lseek 256 0 0 => 0x3fca5bc0:0 => 0
18:35:38 D shos_vfs.c:622          lseek 256 0 0 => 0x3fca5bc0:0 => 0
18:35:38 D shos_vfs.c:622          lseek 256 3027 0 => 0x3fca5bc0:0 => 3027
18:35:38 D shos_vfs.c:622          lseek 256 0 0 => 0x3fca5bc0:0 => 0
18:35:38 D shos_vfs.c:622          lseek 256 0 0 => 0x3fca5bc0:0 => 0
18:35:38 D shos_vfs.c:622          lseek 256 803 0 => 0x3fca5bc0:0 => 803
18:35:38 I shelly_script.cpp:204   service:0 0.2% CPU utilization
18:35:38 D esp32xx_wifi_if.cpp:234 PK check: link 1 gw 1 UC 1080 MC 1505 ctr 16/105 ping 0 num_act 0
18:35:38 D hos_lwip_eth_if.cpp:513 ws(0x3fcc2404): Status: server 0 oper_up 1 link_up 1/1 hf 98204
18:35:38 W shelly_tmcu.cpp:507     Heartbeat timed out!
18:35:38 D shelly_tmcu.cpp:927     Process 1 commands
18:35:38 D shelly_tmcu.cpp:890     TX: 0x00 v=3 [] (Expecting heartbeat)
18:35:39 W shelly_tmcu.cpp:507     Heartbeat timed out!
18:35:39 D shelly_tmcu.cpp:927     Process 1 commands
18:35:39 D shelly_tmcu.cpp:890     TX: 0x00 v=3 [] (Expecting heartbeat)
18:35:39 D shos_wifi_sta.cpp:524   State 8 ev -1 timeout 1
18:35:39 D shos_wifi_sta.cpp:813   Avg RSSI -70, ok
18:35:40 D esp32xx_wifi_if.cpp:234 PK check: link 1 gw 1 UC 1087 MC 1512 ctr 16/105 ping 0 num_act 0
18:35:40 D hos_lwip_eth_if.cpp:513 ws(0x3fcc2404): Status: server 0 oper_up 1 link_up 1/1 hf 98200
18:35:40 W shelly_tmcu.cpp:507     Heartbeat timed out!
18:35:40 D shelly_tmcu.cpp:927     Process 1 commands
18:35:40 D shelly_tmcu.cpp:890     TX: 0x00 v=3 [] (Expecting heartbeat)
18:35:41 W shelly_tmcu.cpp:507     Heartbeat timed out!
18:35:41 D shelly_tmcu.cpp:927     Process 1 commands
18:35:41 D shelly_tmcu.cpp:890     TX: 0x00 v=3 [] (Expecting heartbeat)
18:35:42 D esp32xx_wifi_if.cpp:234 PK check: link 1 gw 1 UC 1093 MC 1520 ctr 16/105 ping 0 num_act 0
18:35:42 D hos_lwip_eth_if.cpp:513 ws(0x3fcc2404): Status: server 0 oper_up 1 link_up 1/1 hf 98200
18:35:42 W shelly_tmcu.cpp:507     Heartbeat timed out!
18:35:42 D shelly_tmcu.cpp:927     Process 1 commands
18:35:42 D shelly_tmcu.cpp:890     TX: 0x00 v=3 [] (Expecting heartbeat)
18:35:43 W shelly_tmcu.cpp:507     Heartbeat timed out!
18:35:43 D shelly_tmcu.cpp:927     Process 1 commands
18:35:43 D shelly_tmcu.cpp:890     TX: 0x00 v=3 [] (Expecting heartbeat)
18:35:44 D esp32xx_wifi_if.cpp:234 PK check: link 1 gw 1 UC 1099 MC 1526 ctr 16/105 ping 0 num_act 0
18:35:44 D hos_lwip_eth_if.cpp:513 ws(0x3fcc2404): Status: server 0 oper_up 1 link_up 1/1 hf 98200
18:35:44 W shelly_tmcu.cpp:507     Heartbeat timed out!
18:35:44 D shelly_tmcu.cpp:927     Process 1 commands
18:35:44 D shelly_tmcu.cpp:890     TX: 0x00 v=3 [] (Expecting heartbeat)
18:35:45 W shelly_tmcu.cpp:507     Heartbeat timed out!
18:35:45 D shelly_tmcu.cpp:927     Process 1 commands
18:35:45 D shelly_tmcu.cpp:890     TX: 0x00 v=3 [] (Expecting heartbeat)
18:35:46 D esp32xx_wifi_if.cpp:234 PK check: link 1 gw 1 UC 1103 MC 1534 ctr 16/105 ping 0 num_act 0
18:35:46 D hos_lwip_eth_if.cpp:513 ws(0x3fcc2404): Status: server 0 oper_up 1 link_up 1/1 hf 98204
18:35:46 W shelly_tmcu.cpp:507     Heartbeat timed out!
18:35:46 D shelly_tmcu.cpp:927     Process 1 commands
18:35:46 D shelly_tmcu.cpp:890     TX: 0x00 v=3 [] (Expecting heartbeat)
18:35:47 W shelly_tmcu.cpp:507     Heartbeat timed out!
18:35:47 D shelly_tmcu.cpp:927     Process 1 commands
18:35:47 D shelly_tmcu.cpp:890     TX: 0x00 v=3 [] (Expecting heartbeat)
18:35:48 D esp32xx_wifi_if.cpp:234 PK check: link 1 gw 1 UC 1109 MC 1540 ctr 16/105 ping 0 num_act 0
18:35:48 D hos_lwip_eth_if.cpp:513 ws(0x3fcc2404): Status: server 0 oper_up 1 link_up 1/1 hf 98200
18:35:48 W shelly_tmcu.cpp:507     Heartbeat timed out!
18:35:48 D shelly_tmcu.cpp:927     Process 1 commands
18:35:48 D shelly_tmcu.cpp:890     TX: 0x00 v=3 [] (Expecting heartbeat)
18:35:49 W shelly_tmcu.cpp:507     Heartbeat timed out!
18:35:49 D shelly_tmcu.cpp:927     Process 1 commands
18:35:49 D shelly_tmcu.cpp:890     TX: 0x00 v=3 [] (Expecting heartbeat)
18:35:50 D esp32xx_wifi_if.cpp:234 PK check: link 1 gw 1 UC 1115 MC 1548 ctr 16/105 ping 0 num_act 0
18:35:50 D hos_lwip_eth_if.cpp:513 ws(0x3fcc2404): Status: server 0 oper_up 1 link_up 1/1 hf 98200
18:35:50 W shelly_tmcu.cpp:507     Heartbeat timed out!
18:35:50 D shelly_tmcu.cpp:927     Process 1 commands
18:35:50 D shelly_tmcu.cpp:890     TX: 0x00 v=3 [] (Expecting heartbeat)
18:35:51 W shelly_tmcu.cpp:507     Heartbeat timed out!
18:35:51 D shelly_tmcu.cpp:927     Process 1 commands
18:35:51 D shelly_tmcu.cpp:890     TX: 0x00 v=3 [] (Expecting heartbeat)
18:35:52 D esp32xx_wifi_if.cpp:234 PK check: link 1 gw 1 UC 1121 MC 1553 ctr 16/105 ping 0 num_act 0
18:35:52 D hos_lwip_eth_if.cpp:513 ws(0x3fcc2404): Status: server 0 oper_up 1 link_up 1/1 hf 98200
18:35:52 W shelly_tmcu.cpp:507     Heartbeat timed out!
18:35:52 D shelly_tmcu.cpp:927     Process 1 commands
18:35:52 D shelly_tmcu.cpp:890     TX: 0x00 v=3 [] (Expecting heartbeat)
18:35:53 W shelly_tmcu.cpp:507     Heartbeat timed out!
18:35:53 D shelly_tmcu.cpp:927     Process 1 commands
18:35:53 D shelly_tmcu.cpp:890     TX: 0x00 v=3 [] (Expecting heartbeat)
18:35:54 D esp32xx_wifi_if.cpp:234 PK check: link 1 gw 1 UC 1127 MC 1558 ctr 16/105 ping 0 num_act 0
18:35:54 D hos_lwip_eth_if.cpp:513 ws(0x3fcc2404): Status: server 0 oper_up 1 link_up 1/1 hf 98200
18:35:54 W shelly_tmcu.cpp:507     Heartbeat timed out!
18:35:54 D shelly_tmcu.cpp:927     Process 1 commands
18:35:54 D shelly_tmcu.cpp:890     TX: 0x00 v=3 [] (Expecting heartbeat)
18:35:54 D shos_wifi_sta.cpp:524   State 8 ev -1 timeout 1
18:35:54 D shos_wifi_sta.cpp:813   Avg RSSI -71, ok
18:35:55 W shelly_tmcu.cpp:507     Heartbeat timed out!
18:35:55 D shelly_tmcu.cpp:927     Process 1 commands
18:35:55 D shelly_tmcu.cpp:890     TX: 0x00 v=3 [] (Expecting heartbeat)
18:35:56 D esp32xx_wifi_if.cpp:234 PK check: link 1 gw 1 UC 1134 MC 1562 ctr 16/105 ping 0 num_act 0
18:35:56 D hos_lwip_eth_if.cpp:513 ws(0x3fcc2404): Status: server 0 oper_up 1 link_up 1/1 hf 98200
18:35:56 W shelly_tmcu.cpp:507     Heartbeat timed out!
18:35:56 D shelly_tmcu.cpp:927     Process 1 commands
18:35:56 D shelly_tmcu.cpp:890     TX: 0x00 v=3 [] (Expecting heartbeat)
18:35:57 W shelly_tmcu.cpp:507     Heartbeat timed out!
18:35:57 D shelly_tmcu.cpp:927     Process 1 commands
18:35:57 D shelly_tmcu.cpp:890     TX: 0x00 v=3 [] (Expecting heartbeat)
18:35:58 D esp32xx_wifi_if.cpp:234 PK check: link 1 gw 1 UC 1140 MC 1567 ctr 16/105 ping 0 num_act 0
18:35:58 D hos_lwip_eth_if.cpp:513 ws(0x3fcc2404): Status: server 0 oper_up 1 link_up 1/1 hf 98200
18:35:58 W shelly_tmcu.cpp:507     Heartbeat timed out!
18:35:58 D shelly_tmcu.cpp:927     Process 1 commands
18:35:58 D shelly_tmcu.cpp:890     TX: 0x00 v=3 [] (Expecting heartbeat)
18:35:59 W shelly_tmcu.cpp:507     Heartbeat timed out!
18:35:59 D shelly_tmcu.cpp:927     Process 1 commands
18:35:59 D shelly_tmcu.cpp:890     TX: 0x00 v=3 [] (Expecting heartbeat)
18:36:00 D esp32xx_wifi_if.cpp:234 PK check: link 1 gw 1 UC 1145 MC 1577 ctr 16/105 ping 0 num_act 0
18:36:00 D hos_lwip_eth_if.cpp:513 ws(0x3fcc2404): Status: server 0 oper_up 1 link_up 1/1 hf 98200
18:36:00 W shelly_tmcu.cpp:507     Heartbeat timed out!
18:36:00 D shelly_tmcu.cpp:927     Process 1 commands
18:36:00 D shelly_tmcu.cpp:890     TX: 0x00 v=3 [] (Expecting heartbeat)
18:36:01 W shelly_tmcu.cpp:507     Heartbeat timed out!
18:36:01 D shelly_tmcu.cpp:927     Process 1 commands
18:36:01 D shelly_tmcu.cpp:890     TX: 0x00 v=3 [] (Expecting heartbeat)
18:36:02 D esp32xx_wifi_if.cpp:234 PK check: link 1 gw 1 UC 1150 MC 1586 ctr 16/105 ping 0 num_act 0
18:36:02 D hos_lwip_eth_if.cpp:513 ws(0x3fcc2404): Status: server 0 oper_up 1 link_up 1/1 hf 98200
18:36:02 W shelly_tmcu.cpp:507     Heartbeat timed out!
18:36:02 D shelly_tmcu.cpp:927     Process 1 commands
18:36:02 D shelly_tmcu.cpp:890     TX: 0x00 v=3 [] (Expecting heartbeat)
18:36:03 D shos_http_base.cpp:443  0x3fcc5634: Send WS ping
18:36:03 D shos_http_base.cpp:555  0x3fcc5634: Recd WS pong
18:36:03 W shelly_tmcu.cpp:507     Heartbeat timed out!
18:36:03 D shelly_tmcu.cpp:927     Process 1 commands
18:36:03 D shelly_tmcu.cpp:890     TX: 0x00 v=3 [] (Expecting heartbeat)
18:36:04 D esp32xx_wifi_if.cpp:234 PK check: link 1 gw 1 UC 1157 MC 1590 ctr 16/105 ping 0 num_act 0
18:36:04 D hos_lwip_eth_if.cpp:513 ws(0x3fcc2404): Status: server 0 oper_up 1 link_up 1/1 hf 98232
18:36:04 W shelly_tmcu.cpp:507     Heartbeat timed out!
18:36:04 D shelly_tmcu.cpp:927     Process 1 commands
18:36:04 D shelly_tmcu.cpp:890     TX: 0x00 v=3 [] (Expecting heartbeat)
18:36:05 W shelly_tmcu.cpp:507     Heartbeat timed out!
18:36:05 D shelly_tmcu.cpp:927     Process 1 commands
18:36:05 D shelly_tmcu.cpp:890     TX: 0x00 v=3 [] (Expecting heartbeat)
18:36:06 W shelly_tmcu.cpp:507     Heartbeat timed out!
18:36:06 D esp32xx_wifi_if.cpp:234 PK check: link 1 gw 1 UC 1163 MC 1594 ctr 16/105 ping 0 num_act 0
18:36:06 D hos_lwip_eth_if.cpp:513 ws(0x3fcc2404): Status: server 0 oper_up 1 link_up 1/1 hf 98000
18:36:06 D shelly_tmcu.cpp:927     Process 1 commands
18:36:06 D shelly_tmcu.cpp:890     TX: 0x00 v=3 [] (Expecting heartbeat)
18:36:07 W shelly_tmcu.cpp:507     Heartbeat timed out!
18:36:07 D shelly_tmcu.cpp:927     Process 1 commands
18:36:07 D shelly_tmcu.cpp:890     TX: 0x00 v=3 [] (Expecting heartbeat)
18:36:07 D shos_vfs.c:622          lseek 256 0 0 => 0x3fca5bc0:0 => 0
18:36:07 D shos_vfs.c:622          lseek 256 0 0 => 0x3fca5bc0:0 => 0
18:36:07 D shos_vfs.c:622          lseek 256 3027 0 => 0x3fca5bc0:0 => 3027
18:36:07 D shos_vfs.c:622          lseek 256 0 0 => 0x3fca5bc0:0 => 0
18:36:07 D shos_vfs.c:622          lseek 256 0 0 => 0x3fca5bc0:0 => 0
18:36:07 D shos_vfs.c:622          lseek 256 803 0 => 0x3fca5bc0:0 => 803
18:36:07 I shelly_script.cpp:204   service:0 0.2% CPU utilization
18:36:08 W shelly_tmcu.cpp:507     Heartbeat timed out!
18:36:08 D esp32xx_wifi_if.cpp:234 PK check: link 1 gw 1 UC 1169 MC 1600 ctr 16/105 ping 0 num_act 0
18:36:08 D hos_lwip_eth_if.cpp:513 ws(0x3fcc2404): Status: server 0 oper_up 1 link_up 1/1 hf 97692
18:36:08 D shelly_tmcu.cpp:927     Process 1 commands
18:36:08 D shelly_tmcu.cpp:890     TX: 0x00 v=3 [] (Expecting heartbeat)
18:36:09 W shelly_tmcu.cpp:507     Heartbeat timed out!
18:36:09 D shelly_tmcu.cpp:927     Process 1 commands
18:36:09 D shelly_tmcu.cpp:890     TX: 0x00 v=3 [] (Expecting heartbeat)
18:36:09 D shos_wifi_sta.cpp:524   State 8 ev -1 timeout 1
18:36:09 D shos_wifi_sta.cpp:813   Avg RSSI -70, ok
18:36:10 W shelly_tmcu.cpp:507     Heartbeat timed out!
18:36:10 D esp32xx_wifi_if.cpp:234 PK check: link 1 gw 1 UC 1175 MC 1606 ctr 16/105 ping 0 num_act 0
18:36:10 D hos_lwip_eth_if.cpp:513 ws(0x3fcc2404): Status: server 0 oper_up 1 link_up 1/1 hf 94496
18:36:10 D shelly_tmcu.cpp:927     Process 1 commands
18:36:10 D shelly_tmcu.cpp:890     TX: 0x00 v=3 [] (Expecting heartbeat)
18:36:11 W shelly_tmcu.cpp:507     Heartbeat timed out!
18:36:11 D shelly_tmcu.cpp:927     Process 1 commands
18:36:11 D shelly_tmcu.cpp:890     TX: 0x00 v=3 [] (Expecting heartbeat)
18:36:12 W shelly_tmcu.cpp:507     Heartbeat timed out!
18:36:12 D esp32xx_wifi_if.cpp:234 PK check: link 1 gw 1 UC 1181 MC 1612 ctr 16/105 ping 0 num_act 0
18:36:12 D hos_lwip_eth_if.cpp:513 ws(0x3fcc2404): Status: server 0 oper_up 1 link_up 1/1 hf 96244
18:36:12 D shelly_tmcu.cpp:927     Process 1 commands
18:36:12 D shelly_tmcu.cpp:890     TX: 0x00 v=3 [] (Expecting heartbeat)
18:36:13 W shelly_tmcu.cpp:507     Heartbeat timed out!
18:36:13 D shelly_tmcu.cpp:927     Process 1 commands
18:36:13 D shelly_tmcu.cpp:890     TX: 0x00 v=3 [] (Expecting heartbeat)
18:36:14 W shelly_tmcu.cpp:507     Heartbeat timed out!
18:36:14 D esp32xx_wifi_if.cpp:234 PK check: link 1 gw 1 UC 1188 MC 1619 ctr 16/105 ping 0 num_act 0
18:36:14 D hos_lwip_eth_if.cpp:513 ws(0x3fcc2404): Status: server 0 oper_up 1 link_up 1/1 hf 98240
18:36:14 D shelly_tmcu.cpp:927     Process 1 commands
18:36:14 D shelly_tmcu.cpp:890     TX: 0x00 v=3 [] (Expecting heartbeat)
18:36:15 W shelly_tmcu.cpp:507     Heartbeat timed out!
18:36:15 D shelly_tmcu.cpp:927     Process 1 commands
18:36:15 D shelly_tmcu.cpp:890     TX: 0x00 v=3 [] (Expecting heartbeat)
18:36:16 W shelly_tmcu.cpp:507     Heartbeat timed out!
18:36:16 D esp32xx_wifi_if.cpp:234 PK check: link 1 gw 1 UC 1194 MC 1624 ctr 16/105 ping 0 num_act 0
18:36:16 D hos_lwip_eth_if.cpp:513 ws(0x3fcc2404): Status: server 0 oper_up 1 link_up 1/1 hf 98240
18:36:16 D shelly_tmcu.cpp:927     Process 1 commands
18:36:16 D shelly_tmcu.cpp:890     TX: 0x00 v=3 [] (Expecting heartbeat)
18:36:17 W shelly_tmcu.cpp:507     Heartbeat timed out!
18:36:17 D shelly_tmcu.cpp:927     Process 1 commands
18:36:17 D shelly_tmcu.cpp:890     TX: 0x00 v=3 [] (Expecting heartbeat)
18:36:18 W shelly_tmcu.cpp:507     Heartbeat timed out!
18:36:18 D esp32xx_wifi_if.cpp:234 PK check: link 1 gw 1 UC 1199 MC 1629 ctr 16/105 ping 0 num_act 0
18:36:18 D hos_lwip_eth_if.cpp:513 ws(0x3fcc2404): Status: server 0 oper_up 1 link_up 1/1 hf 98000
18:36:18 D shelly_tmcu.cpp:927     Process 1 commands
18:36:18 D shelly_tmcu.cpp:890     TX: 0x00 v=3 [] (Expecting heartbeat)
18:36:19 W shelly_tmcu.cpp:507     Heartbeat timed out!
18:36:19 D shelly_tmcu.cpp:927     Process 1 commands
18:36:19 D shelly_tmcu.cpp:890     TX: 0x00 v=3 [] (Expecting heartbeat)
18:36:20 W shelly_tmcu.cpp:507     Heartbeat timed out!
18:36:20 D esp32xx_wifi_if.cpp:234 PK check: link 1 gw 1 UC 1204 MC 1634 ctr 16/105 ping 0 num_act 0
18:36:20 D hos_lwip_eth_if.cpp:513 ws(0x3fcc2404): Status: server 0 oper_up 1 link_up 1/1 hf 96244
18:36:20 D shelly_tmcu.cpp:927     Process 1 commands
18:36:20 D shelly_tmcu.cpp:890     TX: 0x00 v=3 [] (Expecting heartbeat)
18:36:21 W shelly_tmcu.cpp:507     Heartbeat timed out!
18:36:21 D shelly_tmcu.cpp:927     Process 1 commands
18:36:21 D shelly_tmcu.cpp:890     TX: 0x00 v=3 [] (Expecting heartbeat)
18:36:22 D NimBLE                  ble_hs_hci_evt_acl_process(): conn_handle=1 pb=2 len=7 data=0x03 0x00 0x04 0x00 0x02 0x0f 0x02
18:36:22 D NimBLE                  host tx hci data; handle=1 length=7
18:36:22 D NimBLE                  ble_hs_hci_acl_tx(): 0x01 0x00 0x07 0x00 0x03 0x00 0x04 0x00 0x03 0xf7 0x00
18:36:22 D shos_bt_hci.c:320       HCI TX ACL: ch 1 ATT op=0x03 len=11
18:36:22 D shos_bt_hci.c:320       HCI RX ACL: ch 1 ATT op=0x03 len=11
18:36:22 D bt_nimble_gatts.cpp:459 MTU_EV ch 1 mtu 247
18:36:22 D NimBLE                  ble_hs_hci_evt_acl_process(): conn_handle=1 pb=2 len=7 data=0x03 0x00 0x04 0x00 0x03 0x0f 0x02
18:36:22 D NimBLE                  ble_att_tx_with_conn: wakeup but nothing in the queue
18:36:22 D bt_nimble_gatts.cpp:459 MTU_EV ch 1 mtu 247
18:36:22 D bt_nimble_gatts.cpp:340 MTU_FN ch 1 st 0 mtu 247
18:36:22 D shos_rpc_inst.c:539     0x3fcc4bb8 '' GATTS
18:36:22 D shos_rpc_inst.c:438     0x3fcc4bb8 CHAN OPEN (GATTS peer f4:26:79:20:c5:ff,p)
18:36:22 D bt_nimble_gatts.cpp:285 f4:26:79:20:c5:ff,p: Created 2 sessions
18:36:22 D shos_bt_manager.cpp:156 BT status: run 1 adv 1 scan 0 bond 0 gattc 0 gatts 1
18:36:22 D shos_bt_hci.c:179       HCI RX EVT: LE_META sub=0x07 len=13
18:36:22 I luetooth_server.cpp:185 BLE advertising enabled (RPC 1/0, auth 0, disc 1, locked 0, svcs 2, bond 0)
18:36:22 D shos_bt_hci.c:320       HCI RX ACL: ch 1 ATT op=0x06 len=17
18:36:22 D shos_bt_hci.c:185       HCI RX EVT: code=0x13 len=7
18:36:22 D gap_adv_manager.cpp:161 Cur: [system] 27/23 en 1 act 0 chg 0 ot 0 pmt 0 dwell 483310ms
18:36:22 D shos_bt_hci.c:340       HCI TX CMD: opcode=0x2008 len=32
18:36:22 D shos_bt_hci.c:183       HCI RX EVT: CMD_COMPLETE opcode=0x2008 status=0
18:36:22 D shos_bt_hci.c:340       HCI TX CMD: opcode=0x2009 len=32
18:36:22 D shos_bt_hci.c:183       HCI RX EVT: CMD_COMPLETE opcode=0x2009 status=0
18:36:22 D NimBLE                  GAP procedure initiated: advertise; disc_mode=2 adv_channel_map=7 own_addr_type=0 adv_filter_policy=0 adv_itvl_min=160 adv_itvl_max=240
18:36:22 D shos_bt_hci.c:340       HCI TX CMD: opcode=0x2006 len=15
18:36:22 D shos_bt_hci.c:183       HCI RX EVT: CMD_COMPLETE opcode=0x2006 status=0
18:36:22 D shos_bt_hci.c:340       HCI TX CMD: opcode=0x200a len=1
18:36:22 D shos_bt_hci.c:183       HCI RX EVT: CMD_COMPLETE opcode=0x200a status=0
18:36:22 D shos_bt_gap_adv.cpp:391 Slot[system] adv start: 02010617ffa90b0105000b01400a34635104325409001094000001 | 160961707131316465762d353433323034353136333334: 1
18:36:22 D gap_adv_manager.cpp:211 Slot[system] continue (dwell 494909ms)
18:36:22 D ly_notifications.cpp:72 will NOT notify 'GATTS'
18:36:22 D y_notifications.cpp:103 trying dst='shelly.cloud':SHC info='34.40.19.158:6022' ?
18:36:22 D shos_rpc_inst.c:179     'shelly.cloud' -> 0x3fcb2a04
18:36:22 D shos_rpc_inst.c:683     0x3fcb2a04 SEND FRAME (150): {"src":"apq11dev-543204516334","dst":"shelly.cloud","method":"NotifyStatus","params":{"ts":1790267782.81,"ble":{"flags":["advertising","connected"]}}} -> 1
18:36:22 D y_notifications.cpp:135 NotifyStatus: 'shelly.cloud' (SHC) -> ok? 1
18:36:22 D y_notifications.cpp:103 trying dst='':UART info='UART0' ?
18:36:22 D ly_notifications.cpp:72 will NOT notify 'UART'
18:36:22 D shos_bt_hci.c:179       HCI RX EVT: LE_META sub=0x06 len=13
18:36:22 D shos_bt_hci.c:307       HCI RX ACL: ch 1 ATT op=0x10 1-65535 uuid=2800
18:36:22 D y_notifications.cpp:103 trying dst='apq11dev-543204516334/events':MQTT info='' ?
18:36:22 D ly_notifications.cpp:72 will NOT notify 'MQTT'
18:36:23 D esp32xx_wifi_if.cpp:234 PK check: link 1 gw 1 UC 1212 MC 1642 ctr 16/105 ping 0 num_act 0
18:36:23 D shelly_tmcu.cpp:927     Process 1 commands
18:36:23 D shelly_tmcu.cpp:890     TX: 0x00 v=3 [] (Expecting heartbeat)
18:36:23 D hos_lwip_eth_if.cpp:513 ws(0x3fcc2404): Status: server 0 oper_up 1 link_up 1/1 hf 95728
18:36:23 D shos_bt_hci.c:307       HCI RX ACL: ch 1 ATT op=0x10 6-65535 uuid=2800
18:36:23 D NimBLE                  ble_hs_hci_evt_acl_process(): conn_handle=1 pb=2 len=11 data=0x07 0x00 0x04 0x00 0x10 0x06 0x00 0xff 0xff 0x00 0x28
18:36:23 D NimBLE                  host tx hci data; handle=1 length=26
18:36:23 D NimBLE                  ble_hs_hci_acl_tx(): 0x01 0x00 0x1a 0x00 0x16 0x00 0x04 0x00 0x11 0x14 0x06 0x00 0xff 0xff 0x5f 0x44 0x49 0x5f 0x43 0x56 0x53 0x5f 0x43 0x50 0x52 0x5f 0x53 0x4f 0x6d 0x5f
18:36:23 D shos_bt_hci.c:228       HCI TX ACL: ch 1 ATT SVC 6-65535 uuid=5f6d4f53-5f52-5043-5f53-56435f49445f
18:36:23 D shos_bt_hci.c:185       HCI RX EVT: code=0x13 len=7
18:36:23 D shos_bt_hci.c:307       HCI RX ACL: ch 1 ATT op=0x08 1-5 uuid=2802
18:36:23 D NimBLE                  ble_hs_hci_evt_acl_process(): conn_handle=1 pb=2 len=11 data=0x07 0x00 0x04 0x00 0x08 0x01 0x00 0x05 0x00 0x02 0x28
18:36:23 D NimBLE                  host tx hci data; handle=1 length=9
18:36:23 D NimBLE                  ble_hs_hci_acl_tx(): 0x01 0x00 0x09 0x00 0x05 0x00 0x04 0x00 0x01 0x08 0x01 0x00 0x0a
18:36:23 D shos_bt_hci.c:294       HCI TX ACL: ch 1 ATT ERR req=0x08 ah=1 err=10
18:36:23 D shos_bt_hci.c:185       HCI RX EVT: code=0x13 len=7
18:36:23 D shos_bt_hci.c:307       HCI RX ACL: ch 1 ATT op=0x08 1-5 uuid=2803
18:36:23 D NimBLE                  ble_hs_hci_evt_acl_process(): conn_handle=1 pb=2 len=11 data=0x07 0x00 0x04 0x00 0x08 0x01 0x00 0x05 0x00 0x03 0x28
18:36:23 D NimBLE                  host tx hci data; handle=1 length=20
18:36:23 D NimBLE                  ble_hs_hci_acl_tx(): 0x01 0x00 0x14 0x00 0x10 0x00 0x04 0x00 0x09 0x07 0x02 0x00 0x02 0x03 0x00 0x00 0x2a 0x04 0x00 0x02 0x05 0x00 0x01 0x2a
18:36:23 D shos_bt_hci.c:244       HCI TX ACL: ch 1 ATT CHR ah=2 vh=3 props=0x02 uuid=2a00
18:36:23 D shos_bt_hci.c:244       HCI TX ACL: ch 1 ATT CHR ah=4 vh=5 props=0x02 uuid=2a01
18:36:23 D shos_bt_hci.c:179       HCI RX EVT: LE_META sub=0x03 len=12
18:36:23 D shos_bt_hci.c:185       HCI RX EVT: code=0x13 len=7
18:36:23 D shos_bt_hci.c:307       HCI RX ACL: ch 1 ATT op=0x08 5-5 uuid=2803
18:36:23 D t_nimble_gap_adv.cpp:42 CONN_UPD f4:26:79:20:c5:ff,p ch 1 st 0 itvl 15.00ms lat 0 tmo 9600ms
18:36:23 D NimBLE                  ble_hs_hci_evt_acl_process(): conn_handle=1 pb=2 len=11 data=0x07 0x00 0x04 0x00 0x08 0x05 0x00 0x05 0x00 0x03 0x28
18:36:23 D NimBLE                  host tx hci data; handle=1 length=9
18:36:23 D NimBLE                  ble_hs_hci_acl_tx(): 0x01 0x00 0x09 0x00 0x05 0x00 0x04 0x00 0x01 0x08 0x05 0x00 0x0a
18:36:23 D shos_bt_hci.c:294       HCI TX ACL: ch 1 ATT ERR req=0x08 ah=5 err=10
18:36:23 D shos_bt_hci.c:185       HCI RX EVT: code=0x13 len=7
18:36:23 D shos_bt_hci.c:317       HCI RX ACL: ch 1 ATT op=0x0a ah=5 len=11
18:36:23 D NimBLE                  ble_hs_hci_evt_acl_process(): conn_handle=1 pb=2 len=7 data=0x03 0x00 0x04 0x00 0x0a 0x05 0x00
18:36:23 D bt_nimble_gatts.cpp:644 READ_CHR f4:26:79:20:c5:ff,p ch 1 ah 5 (2a01) -> 0 2
18:36:23 D NimBLE                  host tx hci data; handle=1 length=7
18:36:23 D NimBLE                  ble_hs_hci_acl_tx(): 0x01 0x00 0x07 0x00 0x03 0x00 0x04 0x00 0x0b 0x00 0x00
18:36:23 D shos_bt_hci.c:320       HCI TX ACL: ch 1 ATT op=0x0b len=11
18:36:23 D shos_bt_hci.c:185       HCI RX EVT: code=0x13 len=7
18:36:23 D shos_bt_hci.c:317       HCI RX ACL: ch 1 ATT op=0x0a ah=3 len=11
18:36:23 D shos_bt_hci.c:307       HCI RX ACL: ch 1 ATT op=0x10 1-65535 uuid=2800
18:36:23 D NimBLE                  ble_hs_hci_evt_acl_process(): conn_handle=1 pb=2 len=11 data=0x07 0x00 0x04 0x00 0x10 0x01 0x00 0xff 0xff 0x00 0x28
18:36:23 D NimBLE                  host tx hci data; handle=1 length=12
18:36:23 D NimBLE                  ble_hs_hci_acl_tx(): 0x01 0x00 0x0c 0x00 0x08 0x00 0x04 0x00 0x11 0x06 0x01 0x00 0x05 0x00 0x00 0x18
18:36:23 D shos_bt_hci.c:228       HCI TX ACL: ch 1 ATT SVC 1-5 uuid=1800
18:36:23 D shos_bt_hci.c:185       HCI RX EVT: code=0x13 len=7
18:36:23 D shos_bt_hci.c:307       HCI RX ACL: ch 1 ATT op=0x10 6-65535 uuid=2800
18:36:23 D NimBLE                  ble_hs_hci_evt_acl_process(): conn_handle=1 pb=2 len=11 data=0x07 0x00 0x04 0x00 0x10 0x06 0x00 0xff 0xff 0x00 0x28
18:36:23 D NimBLE                  host tx hci data; handle=1 length=26
18:36:23 D NimBLE                  ble_hs_hci_acl_tx(): 0x01 0x00 0x1a 0x00 0x16 0x00 0x04 0x00 0x11 0x14 0x06 0x00 0xff 0xff 0x5f 0x44 0x49 0x5f 0x43 0x56 0x53 0x5f 0x43 0x50 0x52 0x5f 0x53 0x4f 0x6d 0x5f
18:36:23 D shos_bt_hci.c:228       HCI TX ACL: ch 1 ATT SVC 6-65535 uuid=5f6d4f53-5f52-5043-5f53-56435f49445f
18:36:23 D shos_bt_hci.c:185       HCI RX EVT: code=0x13 len=7
18:36:23 D shos_bt_hci.c:307       HCI RX ACL: ch 1 ATT op=0x08 6-65535 uuid=2803
18:36:23 W shelly_tmcu.cpp:507     Heartbeat timed out!
18:36:23 D NimBLE                  ble_hs_hci_evt_acl_process(): conn_handle=1 pb=2 len=11 data=0x07 0x00 0x04 0x00 0x08 0x06 0x00 0xff 0xff 0x03 0x28
18:36:23 D NimBLE                  host tx hci data; handle=1 length=69
18:36:23 D NimBLE                  ble_hs_hci_acl_tx(): 0x01 0x00 0x45 0x00 0x41 0x00 0x04 0x00 0x09 0x15 0x07 0x00 0x3a 0x08 0x00 0x5f 0x5f 0x5f 0x61 0x74 0x61 0x64 0x5f 0x43 0x50 0x52 0x5f 0x53 0x4f 0x6d 0x5f 0x0a 0x00 0x32 0x0b 0x00 0x5f 0x6c 0x74 0x63 0x5f 0x78 0x72 0x5f 0x43 0x50 0x52 0x5f 0x53 0x4f 0x6d 0x5f 0x0d 0x00 0x08 0x0e 0x00 0x5f 0x6c 0x74 0x63 0x5f 0x78 0x74 0x5f 0x43 0x50 0x52 0x5f 0x53 0x4f 0x6d 0x5f
18:36:23 D shos_bt_hci.c:244       HCI TX ACL: ch 1 ATT CHR ah=7 vh=8 props=0x3a uuid=5f6d4f53-5f52-5043-5f64-6174615f5f5f
18:36:23 D shos_bt_hci.c:244       HCI TX ACL: ch 1 ATT CHR ah=10 vh=11 props=0x32 uuid=5f6d4f53-5f52-5043-5f72-785f63746c5f
18:36:23 D shos_bt_hci.c:244       HCI TX ACL: ch 1 ATT CHR ah=13 vh=14 props=0x08 uuid=5f6d4f53-5f52-5043-5f74-785f63746c5f
18:36:23 D shos_bt_hci.c:185       HCI RX EVT: code=0x13 len=7
18:36:23 D shos_bt_hci.c:307       HCI RX ACL: ch 1 ATT op=0x08 14-65535 uuid=2803
18:36:23 D shelly_tmcu.cpp:927     Process 1 commands
18:36:23 D shelly_tmcu.cpp:890     TX: 0x00 v=3 [] (Expecting heartbeat)
18:36:23 D NimBLE                  ble_hs_hci_evt_acl_process(): conn_handle=1 pb=2 len=11 data=0x07 0x00 0x04 0x00 0x08 0x0e 0x00 0xff 0xff 0x03 0x28
18:36:23 D NimBLE                  host tx hci data; handle=1 length=9
18:36:23 D NimBLE                  ble_hs_hci_acl_tx(): 0x01 0x00 0x09 0x00 0x05 0x00 0x04 0x00 0x01 0x08 0x0e 0x00 0x0a
18:36:23 D shos_bt_hci.c:294       HCI TX ACL: ch 1 ATT ERR req=0x08 ah=14 err=10
18:36:23 D shos_bt_hci.c:185       HCI RX EVT: code=0x13 len=7
18:36:23 D shos_bt_hci.c:313       HCI RX ACL: ch 1 ATT op=0x04 9-9
18:36:23 D NimBLE                  ble_hs_hci_evt_acl_process(): conn_handle=1 pb=2 len=9 data=0x05 0x00 0x04 0x00 0x04 0x09 0x00 0x09 0x00
18:36:23 D NimBLE                  host tx hci data; handle=1 length=10
18:36:23 D NimBLE                  ble_hs_hci_acl_tx(): 0x01 0x00 0x0a 0x00 0x06 0x00 0x04 0x00 0x05 0x01 0x09 0x00 0x02 0x29
18:36:23 D shos_bt_hci.c:269       HCI TX ACL: ch 1 ATT DESC ah=9 uuid=2902
18:36:23 D shos_bt_hci.c:185       HCI RX EVT: code=0x13 len=7
18:36:24 D shos_bt_hci.c:313       HCI RX ACL: ch 1 ATT op=0x04 15-65535
18:36:24 D NimBLE                  ble_hs_hci_evt_acl_process(): conn_handle=1 pb=2 len=9 data=0x05 0x00 0x04 0x00 0x04 0x0f 0x00 0xff 0xff
18:36:24 D NimBLE                  host tx hci data; handle=1 length=9
18:36:24 D NimBLE                  ble_hs_hci_acl_tx(): 0x01 0x00 0x09 0x00 0x05 0x00 0x04 0x00 0x01 0x04 0x0f 0x00 0x0a
18:36:24 D shos_bt_hci.c:294       HCI TX ACL: ch 1 ATT ERR req=0x04 ah=15 err=10
18:36:24 D shos_bt_hci.c:185       HCI RX EVT: code=0x13 len=7
18:36:24 D shos_bt_hci.c:313       HCI RX ACL: ch 1 ATT op=0x04 12-12
18:36:24 D NimBLE                  ble_hs_hci_evt_acl_process(): conn_handle=1 pb=2 len=9 data=0x05 0x00 0x04 0x00 0x04 0x0c 0x00 0x0c 0x00
18:36:24 D NimBLE                  host tx hci data; handle=1 length=10
18:36:24 D NimBLE                  ble_hs_hci_acl_tx(): 0x01 0x00 0x0a 0x00 0x06 0x00 0x04 0x00 0x05 0x01 0x0c 0x00 0x02 0x29
18:36:24 D shos_bt_hci.c:269       HCI TX ACL: ch 1 ATT DESC ah=12 uuid=2902
18:36:24 D shos_bt_hci.c:185       HCI RX EVT: code=0x13 len=7
18:36:24 D shos_bt_hci.c:317       HCI RX ACL: ch 1 ATT op=0x12 ah=12 len=13
18:36:24 D NimBLE                  ble_hs_hci_evt_acl_process(): conn_handle=1 pb=2 len=9 data=0x05 0x00 0x04 0x00 0x12 0x0c 0x00 0x01 0x00
18:36:24 D bt_nimble_gatts.cpp:502 NOTIFY_MODE ch 1 ah 11 5f6d4f53-5f52-5043-5f53-56435f49445f/5f6d4f53-5f52-5043-5f72-785f63746c5f 1
18:36:24 D NimBLE                  host tx hci data; handle=1 length=5
18:36:24 D NimBLE                  ble_hs_hci_acl_tx(): 0x01 0x00 0x05 0x00 0x01 0x00 0x04 0x00 0x13
18:36:24 D shos_bt_hci.c:320       HCI TX ACL: ch 1 ATT op=0x13 len=9
18:36:24 D shos_bt_hci.c:185       HCI RX EVT: code=0x13 len=7
18:36:24 D shos_bt_hci.c:317       HCI RX ACL: ch 1 ATT op=0x12 ah=14 len=15
18:36:24 D NimBLE                  ble_hs_hci_evt_acl_process(): conn_handle=1 pb=2 len=11 data=0x07 0x00 0x04 0x00 0x12 0x0e 0x00 0x00 0x00 0x00 0x4d
18:36:24 D c_channel_gatts.cpp:302 0x3fcc4bb4 expected_flen 77
18:36:24 D bt_nimble_gatts.cpp:677 WRITE_CHR f4:26:79:20:c5:ff,p ch 1 ah 14 (5f6d4f53-5f52-5043-5f74-785f63746c5f) len 4 -> 0
18:36:24 D NimBLE                  host tx hci data; handle=1 length=5
18:36:24 D NimBLE                  ble_hs_hci_acl_tx(): 0x01 0x00 0x05 0x00 0x01 0x00 0x04 0x00 0x13
18:36:24 D shos_bt_hci.c:320       HCI TX ACL: ch 1 ATT op=0x13 len=9
18:36:24 D shos_bt_hci.c:185       HCI RX EVT: code=0x13 len=7
18:36:24 D shos_bt_hci.c:317       HCI RX ACL: ch 1 ATT op=0x12 ah=8 len=75
18:36:24 W shelly_tmcu.cpp:507     Heartbeat timed out!
18:36:24 D NimBLE                  ble_hs_hci_evt_acl_process(): conn_handle=1 pb=2 len=71 data=0x43 0x00 0x04 0x00 0x12 0x08 0x00 0x7b 0x22 0x69 0x64 0x22 0x3a 0x38 0x31 0x32 0x39 0x33 0x32 0x30 0x39 0x2c 0x22 0x73 0x72 0x63 0x22 0x3a 0x22 0x53 0x68 0x65 0x6c 0x6c 0x79 0x52 0x50 0x43 0x22 0x2c 0x22 0x6d 0x65 0x74 0x68 0x6f 0x64 0x22 0x3a 0x22 0x53 0x68 0x65 0x6c 0x6c 0x79 0x2e 0x47 0x65 0x74 0x44 0x65 0x76 0x69 0x63 0x65 0x49 0x6e 0x66 0x6f 0x22
18:36:24 D c_channel_gatts.cpp:262 0x3fcc4bb4 got 64 of 77
18:36:24 D bt_nimble_gatts.cpp:677 WRITE_CHR f4:26:79:20:c5:ff,p ch 1 ah 8 (5f6d4f53-5f52-5043-5f64-6174615f5f5f) len 64 -> 0
18:36:24 D NimBLE                  host tx hci data; handle=1 length=5
18:36:24 D NimBLE                  ble_hs_hci_acl_tx(): 0x01 0x00 0x05 0x00 0x01 0x00 0x04 0x00 0x13
18:36:24 D shos_bt_hci.c:320       HCI TX ACL: ch 1 ATT op=0x13 len=9
18:36:24 D shos_bt_hci.c:185       HCI RX EVT: code=0x13 len=7
18:36:24 D shelly_tmcu.cpp:927     Process 1 commands
18:36:24 D shelly_tmcu.cpp:890     TX: 0x00 v=3 [] (Expecting heartbeat)
18:36:24 D esp32xx_wifi_if.cpp:234 PK check: link 1 gw 1 UC 1222 MC 1647 ctr 16/105 ping 0 num_act 0
18:36:24 D hos_lwip_eth_if.cpp:513 ws(0x3fcc2404): Status: server 0 oper_up 1 link_up 1/1 hf 96032
18:36:25 D shos_wifi_sta.cpp:524   State 8 ev -1 timeout 1
18:36:25 D shos_wifi_sta.cpp:813   Avg RSSI -69, ok
18:36:25 D shos_bt_hci.c:317       HCI RX ACL: ch 1 ATT op=0x12 ah=8 len=24
18:36:25 D shos_bt_hci.c:179       HCI RX EVT: LE_META sub=0x06 len=13
18:36:25 I shos_rpc_inst.c:241     Shelly.GetDeviceInfo [81293209@ShellyRPC] via GATTS peer f4:26:79:20:c5:ff,p
18:36:25 D NimBLE                  GATT procedure initiated: notify; att_handle=11
18:36:25 D NimBLE                  host tx hci data; handle=1 length=11
18:36:25 D NimBLE                  ble_hs_hci_acl_tx(): 0x01 0x00 0x0b 0x00 0x07 0x00 0x04 0x00 0x1b 0x0b 0x00 0x00 0x00 0x02 0x1e
18:36:25 D shos_bt_hci.c:320       HCI TX ACL: ch 1 ATT op=0x1b len=15
18:36:25 D bt_nimble_gatts.cpp:515 NOTIFY_TX ch 1 ah 11 st 0
18:36:25 D shos_bt_hci.c:185       HCI RX EVT: code=0x13 len=7
18:36:25 D shos_rpc_inst.c:683     0x3fcc4bb8 SEND FRAME (542): {"id":81293209,"src":"apq11dev-543204516334","dst":"ShellyRPC","result":{"name":null,"id":"apq11dev-543204516334","mac":"543204516334","slot":1,"model":"S3XT-0S","gen":3,"fw_id":"20260921-060046/2.0.0-beta11xciohttpfix-g35669f3","ver":"2.0.0+13109-3673","app":"XC3+evse:portable:3109","auth_en":false,"auth_domain":null,"jti":"001094000001","jwt":{"p":"apq11dev","n":"Q11 DevKit test","url":"https://amperepoint.pl","m":"Ampere Point"},"ch":[{"key":"service:0","type":"evse:portable:3109"}],"provision":"unmanaged","enhanced_security":false}} -> 1
18:36:25 D bt_nimble_gatts.cpp:677 WRITE_CHR f4:26:79:20:c5:ff,p ch 1 ah 8 (5f6d4f53-5f52-5043-5f64-6174615f5f5f) len 13 -> 0
18:36:25 D NimBLE                  host tx hci data; handle=1 length=5
18:36:25 D NimBLE                  ble_hs_hci_acl_tx(): 0x01 0x00 0x05 0x00 0x01 0x00 0x04 0x00 0x13
18:36:25 D shos_bt_hci.c:320       HCI TX ACL: ch 1 ATT op=0x13 len=9
18:36:25 D t_nimble_gap_adv.cpp:63 GAP Event 4
18:36:25 D shos_bt_hci.c:340       HCI TX CMD: opcode=0x2020 len=14
18:36:25 D shos_bt_hci.c:183       HCI RX EVT: CMD_COMPLETE opcode=0x2020 status=0
18:36:25 D shos_bt_hci.c:185       HCI RX EVT: code=0x13 len=7
18:36:25 D shos_bt_hci.c:179       HCI RX EVT: LE_META sub=0x03 len=12
18:36:25 D t_nimble_gap_adv.cpp:42 CONN_UPD f4:26:79:20:c5:ff,p ch 1 st 0 itvl 60.00ms lat 0 tmo 9600ms
18:36:25 D shos_bt_hci.c:317       HCI RX ACL: ch 1 ATT op=0x0a ah=8 len=11
18:36:25 D NimBLE                  ble_hs_hci_evt_acl_process(): conn_handle=1 pb=2 len=7 data=0x03 0x00 0x04 0x00 0x0a 0x08 0x00
18:36:25 D c_channel_gatts.cpp:228 0x3fcc4bb4 sending 244 @ 0 (298 left), mtu 247
18:36:25 D bt_nimble_gatts.cpp:644 READ_CHR f4:26:79:20:c5:ff,p ch 1 ah 8 (5f6d4f53-5f52-5043-5f64-6174615f5f5f) -> 0 244
18:36:25 D NimBLE                  host tx hci data; handle=1 length=249
18:36:25 D NimBLE                  ble_hs_hci_acl_tx(): 0x01 0x00 0xf9 0x00 0xf5 0x00 0x04 0x00 0x0b 0x7b 0x22 0x69 0x64 0x22 0x3a 0x38 0x31 0x32 0x39 0x33 0x32 0x30 0x39 0x2c 0x22 0x73 0x72 0x63 0x22 0x3a 0x22 0x61 0x70 0x71 0x31 0x31 0x64 0x65 0x76 0x2d 0x35 0x34 0x33 0x32 0x30 0x34 0x35 0x31 0x36 0x33 0x33 0x34 0x22 0x2c 0x22 0x64 0x73 0x74 0x22 0x3a 0x22 0x53 0x68 0x65 0x6c 0x6c 0x79 0x52 0x50 0x43 0x22 0x2c 0x22 0x72 0x65 0x73 0x75 0x6c 0x74 0x22 0x3a 0x7b 0x22 0x6e 0x61 0x6d 0x65 0x22 0x3a 0x6e 0x75 0x6c 0x6c 0x2c 0x22 0x69 0x64 0x22 0x3a 0x22 0x61 0x70 0x71 0x31 0x31 0x64 0x65 0x76 0x2d 0x35 0x34 0x33 0x32 0x30 0x34 0x35 0x31 0x36 0x33 0x33 0x34 0x22 0x2c 0x22 0x6d 0x61 0x63 0x22 0x3a 0x22 0x35 0x34 0x33 0x32 0x30 0x34 0x35 0x31 0x36 0x33 0x33 0x34 0x22 0x2c 0x22 0x73 0x6c 0x6f 0x74 0x22 0x3a 0x31 0x2c 0x22 0x6d 0x6f 0x64 0x65 0x6c 0x22 0x3a 0x22 0x53 0x33 0x58 0x54 0x2d 0x30 0x53 0x22 0x2c 0x22 0x67 0x65 0x6e 0x22 0x3a 0x33 0x2c 0x22 0x66 0x77 0x5f 0x69 0x64 0x22 0x3a 0x22 0x32 0x30 0x32 0x36 0x30 0x39 0x32 0x31 0x2d 0x30 0x36 0x30 0x30 0x34 0x36 0x2f 0x32 0x2e 0x30 0x2e 0x30 0x2d 0x62 0x65 0x74 0x61 0x31 0x31 0x78 0x63 0x69 0x6f 0x68 0x74 0x74 0x70 0x66 0x69 0x78 0x2d 0x67 0x33 0x35 0x36 0x36 0x39 0x66 0x33 0x22 0x2c 0x22 0x76 0x65 0x72 0x22 0x3a 0x22 0x32 0x2e 0x30 0x2e 0x30 0x2b 0x31 0x33
18:36:25 D shos_bt_hci.c:320       HCI TX ACL: ch 1 ATT op=0x0b len=253
18:36:25 W shelly_tmcu.cpp:507     Heartbeat timed out!
18:36:25 D shelly_tmcu.cpp:927     Process 1 commands
18:36:25 D shelly_tmcu.cpp:890     TX: 0x00 v=3 [] (Expecting heartbeat)
18:36:25 D shos_bt_hci.c:185       HCI RX EVT: code=0x13 len=7
18:36:26 D shos_bt_hci.c:317       HCI RX ACL: ch 1 ATT op=0x0a ah=8 len=11
18:36:26 D NimBLE                  ble_hs_hci_evt_acl_process(): conn_handle=1 pb=2 len=7 data=0x03 0x00 0x04 0x00 0x0a 0x08 0x00
18:36:26 D c_channel_gatts.cpp:228 0x3fcc4bb4 sending 244 @ 244 (54 left), mtu 247
18:36:26 D bt_nimble_gatts.cpp:644 READ_CHR f4:26:79:20:c5:ff,p ch 1 ah 8 (5f6d4f53-5f52-5043-5f64-6174615f5f5f) -> 0 244
18:36:26 D NimBLE                  host tx hci data; handle=1 length=249
18:36:26 D NimBLE                  ble_hs_hci_acl_tx(): 0x01 0x00 0xf9 0x00 0xf5 0x00 0x04 0x00 0x0b 0x31 0x30 0x39 0x2d 0x33 0x36 0x37 0x33 0x22 0x2c 0x22 0x61 0x70 0x70 0x22 0x3a 0x22 0x58 0x43 0x33 0x2b 0x65 0x76 0x73 0x65 0x3a 0x70 0x6f 0x72 0x74 0x61 0x62 0x6c 0x65 0x3a 0x33 0x31 0x30 0x39 0x22 0x2c 0x22 0x61 0x75 0x74 0x68 0x5f 0x65 0x6e 0x22 0x3a 0x66 0x61 0x6c 0x73 0x65 0x2c 0x22 0x61 0x75 0x74 0x68 0x5f 0x64 0x6f 0x6d 0x61 0x69 0x6e 0x22 0x3a 0x6e 0x75 0x6c 0x6c 0x2c 0x22 0x6a 0x74 0x69 0x22 0x3a 0x22 0x30 0x30 0x31 0x30 0x39 0x34 0x30 0x30 0x30 0x30 0x30 0x31 0x22 0x2c 0x22 0x6a 0x77 0x74 0x22 0x3a 0x7b 0x22 0x70 0x22 0x3a 0x22 0x61 0x70 0x71 0x31 0x31 0x64 0x65 0x76 0x22 0x2c 0x22 0x6e 0x22 0x3a 0x22 0x51 0x31 0x31 0x20 0x44 0x65 0x76 0x4b 0x69 0x74 0x20 0x74 0x65 0x73 0x74 0x22 0x2c 0x22 0x75 0x72 0x6c 0x22 0x3a 0x22 0x68 0x74 0x74 0x70 0x73 0x3a 0x2f 0x2f 0x61 0x6d 0x70 0x65 0x72 0x65 0x70 0x6f 0x69 0x6e 0x74 0x2e 0x70 0x6c 0x22 0x2c 0x22 0x6d 0x22 0x3a 0x22 0x41 0x6d 0x70 0x65 0x72 0x65 0x20 0x50 0x6f 0x69 0x6e 0x74 0x22 0x7d 0x2c 0x22 0x63 0x68 0x22 0x3a 0x5b 0x7b 0x22 0x6b 0x65 0x79 0x22 0x3a 0x22 0x73 0x65 0x72 0x76 0x69 0x63 0x65 0x3a 0x30 0x22 0x2c 0x22 0x74 0x79 0x70 0x65 0x22 0x3a 0x22 0x65 0x76 0x73 0x65 0x3a 0x70 0x6f 0x72 0x74 0x61 0x62 0x6c 0x65 0x3a 0x33 0x31 0x30 0x39 0x22
18:36:26 D shos_bt_hci.c:320       HCI TX ACL: ch 1 ATT op=0x0b len=253
18:36:26 D shos_bt_hci.c:185       HCI RX EVT: code=0x13 len=7
18:36:26 D shos_bt_hci.c:317       HCI RX ACL: ch 1 ATT op=0x0a ah=8 len=11
18:36:26 D NimBLE                  ble_hs_hci_evt_acl_process(): conn_handle=1 pb=2 len=7 data=0x03 0x00 0x04 0x00 0x0a 0x08 0x00
18:36:26 D c_channel_gatts.cpp:228 0x3fcc4bb4 sending 54 @ 488 (0 left), mtu 247
18:36:26 D shos_rpc_inst.c:479     0x3fcc4bb8 FRAME SENT (1)
18:36:26 D bt_nimble_gatts.cpp:644 READ_CHR f4:26:79:20:c5:ff,p ch 1 ah 8 (5f6d4f53-5f52-5043-5f64-6174615f5f5f) -> 0 54
18:36:26 D NimBLE                  host tx hci data; handle=1 length=59
18:36:26 D NimBLE                  ble_hs_hci_acl_tx(): 0x01 0x00 0x3b 0x00 0x37 0x00 0x04 0x00 0x0b 0x7d 0x5d 0x2c 0x22 0x70 0x72 0x6f 0x76 0x69 0x73 0x69 0x6f 0x6e 0x22 0x3a 0x22 0x75 0x6e 0x6d 0x61 0x6e 0x61 0x67 0x65 0x64 0x22 0x2c 0x22 0x65 0x6e 0x68 0x61 0x6e 0x63 0x65 0x64 0x5f 0x73 0x65 0x63 0x75 0x72 0x69 0x74 0x79 0x22 0x3a 0x66 0x61 0x6c 0x73 0x65 0x7d 0x7d
18:36:26 D shos_bt_hci.c:320       HCI TX ACL: ch 1 ATT op=0x0b len=63
18:36:26 D shos_bt_hci.c:185       HCI RX EVT: code=0x13 len=7
18:36:26 D shos_bt_hci.c:317       HCI RX ACL: ch 1 ATT op=0x12 ah=14 len=15
18:36:26 D NimBLE                  ble_hs_hci_evt_acl_process(): conn_handle=1 pb=2 len=11 data=0x07 0x00 0x04 0x00 0x12 0x0e 0x00 0x00 0x00 0x00 0x46
18:36:26 D c_channel_gatts.cpp:302 0x3fcc4bb4 expected_flen 70
18:36:26 D bt_nimble_gatts.cpp:677 WRITE_CHR f4:26:79:20:c5:ff,p ch 1 ah 14 (5f6d4f53-5f52-5043-5f74-785f63746c5f) len 4 -> 0
18:36:26 D NimBLE                  host tx hci data; handle=1 length=5
18:36:26 D NimBLE                  ble_hs_hci_acl_tx(): 0x01 0x00 0x05 0x00 0x01 0x00 0x04 0x00 0x13
18:36:26 D shos_bt_hci.c:320       HCI TX ACL: ch 1 ATT op=0x13 len=9
18:36:26 D shos_bt_hci.c:185       HCI RX EVT: code=0x13 len=7
18:36:26 D shos_bt_hci.c:317       HCI RX ACL: ch 1 ATT op=0x12 ah=8 len=75
18:36:26 D NimBLE                  ble_hs_hci_evt_acl_process(): conn_handle=1 pb=2 len=71 data=0x43 0x00 0x04 0x00 0x12 0x08 0x00 0x7b 0x22 0x69 0x64 0x22 0x3a 0x35 0x34 0x33 0x33 0x35 0x35 0x30 0x35 0x2c 0x22 0x73 0x72 0x63 0x22 0x3a 0x22 0x53 0x68 0x65 0x6c 0x6c 0x79 0x52 0x50 0x43 0x22 0x2c 0x22 0x6d 0x65 0x74 0x68 0x6f 0x64 0x22 0x3a 0x22 0x53 0x79 0x73 0x2e 0x47 0x65 0x74 0x53 0x74 0x61 0x74 0x75 0x73 0x22 0x2c 0x22 0x70 0x61 0x72 0x61 0x6d
18:36:26 D c_channel_gatts.cpp:262 0x3fcc4bb4 got 64 of 70
18:36:26 D bt_nimble_gatts.cpp:677 WRITE_CHR f4:26:79:20:c5:ff,p ch 1 ah 8 (5f6d4f53-5f52-5043-5f64-6174615f5f5f) len 64 -> 0
18:36:26 D NimBLE                  host tx hci data; handle=1 length=5
18:36:26 D NimBLE                  ble_hs_hci_acl_tx(): 0x01 0x00 0x05 0x00 0x01 0x00 0x04 0x00 0x13
18:36:26 D shos_bt_hci.c:320       HCI TX ACL: ch 1 ATT op=0x13 len=9
18:36:26 D shos_bt_hci.c:185       HCI RX EVT: code=0x13 len=7
18:36:26 W shelly_tmcu.cpp:507     Heartbeat timed out!
18:36:26 D shelly_tmcu.cpp:927     Process 1 commands
18:36:26 D shelly_tmcu.cpp:890     TX: 0x00 v=3 [] (Expecting heartbeat)
18:36:27 D shos_rpc_inst.c:452     0x3fcc4bb8 GOT FRAME (70): {"id":54335505,"src":"ShellyRPC","method":"Sys.GetStatus","params":{}}
18:36:27 D shos_rpc_inst.c:331     '54335505' 'ShellyRPC' '' 'Sys.GetStatus'
18:36:27 I shos_rpc_inst.c:241     Sys.GetStatus [54335505@ShellyRPC] via GATTS peer f4:26:79:20:c5:ff,p
18:36:27 D shos_vfs.c:295          / -> / pl 1 -> 1 0x3fca5bc0 (refs 2)
18:36:27 D shos_vfs.c:295          / -> / pl 1 -> 1 0x3fca5bc0 (refs 2)
18:36:27 D NimBLE                  GATT procedure initiated: notify; att_handle=11
18:36:27 D NimBLE                  host tx hci data; handle=1 length=11
18:36:27 D NimBLE                  ble_hs_hci_acl_tx(): 0x01 0x00 0x0b 0x00 0x07 0x00 0x04 0x00 0x1b 0x0b 0x00 0x00 0x00 0x01 0xdd
18:36:27 D shos_bt_hci.c:320       HCI TX ACL: ch 1 ATT op=0x1b len=15
18:36:27 D bt_nimble_gatts.cpp:515 NOTIFY_TX ch 1 ah 11 st 0
18:36:27 D shos_rpc_inst.c:683     0x3fcc4bb8 SEND FRAME (477): {"id":54335505,"src":"apq11dev-543204516334","dst":"ShellyRPC","result":{"mac":"543204516334","restart_required":false,"time":"18:36","unixtime":1790267787,"last_sync_ts":1790267291,"uptime":500,"ram_size":277064,"ram_free":89520,"ram_min_free":80700,"fs_size":917504,"fs_free":364544,"cfg_rev":26,"kvs_rev":0,"schedule_rev":0,"webhook_rev":0,"btrelay_rev":0,"bthc_rev":0,"available_updates":{},"reset_reason":1,"backup":{},"default_config":{"exists":false},"utc_offset":7200}} -> 1
18:36:27 D bt_nimble_gatts.cpp:677 WRITE_CHR f4:26:79:20:c5:ff,p ch 1 ah 8 (5f6d4f53-5f52-5043-5f64-6174615f5f5f) len 6 -> 0
18:36:27 D shos_bt_hci.c:185       HCI RX EVT: code=0x13 len=7
18:36:27 D NimBLE                  host tx hci data; handle=1 length=5
18:36:27 D NimBLE                  ble_hs_hci_acl_tx(): 0x01 0x00 0x05 0x00 0x01 0x00 0x04 0x00 0x13
18:36:27 D shos_bt_hci.c:320       HCI TX ACL: ch 1 ATT op=0x13 len=9
18:36:27 D shos_bt_hci.c:185       HCI RX EVT: code=0x13 len=7
18:36:27 D esp32xx_wifi_if.cpp:234 PK check: link 1 gw 1 UC 1237 MC 1651 ctr 16/105 ping 0 num_act 0
18:36:27 D hos_lwip_eth_if.cpp:513 ws(0x3fcc2404): Status: server 0 oper_up 1 link_up 1/1 hf 90072
18:36:27 D shos_bt_hci.c:317       HCI RX ACL: ch 1 ATT op=0x0a ah=8 len=11
18:36:27 D NimBLE                  ble_hs_hci_evt_acl_process(): conn_handle=1 pb=2 len=7 data=0x03 0x00 0x04 0x00 0x0a 0x08 0x00
18:36:27 D c_channel_gatts.cpp:228 0x3fcc4bb4 sending 244 @ 0 (233 left), mtu 247
18:36:27 D bt_nimble_gatts.cpp:644 READ_CHR f4:26:79:20:c5:ff,p ch 1 ah 8 (5f6d4f53-5f52-5043-5f64-6174615f5f5f) -> 0 244
18:36:27 D NimBLE                  host tx hci data; handle=1 length=249
18:36:27 D NimBLE                  ble_hs_hci_acl_tx(): 0x01 0x00 0xf9 0x00 0xf5 0x00 0x04 0x00 0x0b 0x7b 0x22 0x69 0x64 0x22 0x3a 0x35 0x34 0x33 0x33 0x35 0x35 0x30 0x35 0x2c 0x22 0x73 0x72 0x63 0x22 0x3a 0x22 0x61 0x70 0x71 0x31 0x31 0x64 0x65 0x76 0x2d 0x35 0x34 0x33 0x32 0x30 0x34 0x35 0x31 0x36 0x33 0x33 0x34 0x22 0x2c 0x22 0x64 0x73 0x74 0x22 0x3a 0x22 0x53 0x68 0x65 0x6c 0x6c 0x79 0x52 0x50 0x43 0x22 0x2c 0x22 0x72 0x65 0x73 0x75 0x6c 0x74 0x22 0x3a 0x7b 0x22 0x6d 0x61 0x63 0x22 0x3a 0x22 0x35 0x34 0x33 0x32 0x30 0x34 0x35 0x31 0x36 0x33 0x33 0x34 0x22 0x2c 0x22 0x72 0x65 0x73 0x74 0x61 0x72 0x74 0x5f 0x72 0x65 0x71 0x75 0x69 0x72 0x65 0x64 0x22 0x3a 0x66 0x61 0x6c 0x73 0x65 0x2c 0x22 0x74 0x69 0x6d 0x65 0x22 0x3a 0x22 0x31 0x38 0x3a 0x33 0x36 0x22 0x2c 0x22 0x75 0x6e 0x69 0x78 0x74 0x69 0x6d 0x65 0x22 0x3a 0x31 0x37 0x39 0x30 0x32 0x36 0x37 0x37 0x38 0x37 0x2c 0x22 0x6c 0x61 0x73 0x74 0x5f 0x73 0x79 0x6e 0x63 0x5f 0x74 0x73 0x22 0x3a 0x31 0x37 0x39 0x30 0x32 0x36 0x37 0x32 0x39 0x31 0x2c 0x22 0x75 0x70 0x74 0x69 0x6d 0x65 0x22 0x3a 0x35 0x30 0x30 0x2c 0x22 0x72 0x61 0x6d 0x5f 0x73 0x69 0x7a 0x65 0x22 0x3a 0x32 0x37 0x37 0x30 0x36 0x34 0x2c 0x22 0x72 0x61 0x6d 0x5f 0x66 0x72 0x65 0x65 0x22 0x3a 0x38 0x39 0x35 0x32 0x30 0x2c 0x22 0x72 0x61 0x6d 0x5f 0x6d 0x69 0x6e 0x5f 0x66 0x72 0x65 0x65 0x22
18:36:27 D shos_bt_hci.c:320       HCI TX ACL: ch 1 ATT op=0x0b len=253
18:36:27 D shos_bt_hci.c:185       HCI RX EVT: code=0x13 len=7
18:36:27 W shelly_tmcu.cpp:507     Heartbeat timed out!
18:36:27 D shos_bt_hci.c:317       HCI RX ACL: ch 1 ATT op=0x0a ah=8 len=11
18:36:27 D NimBLE                  ble_hs_hci_evt_acl_process(): conn_handle=1 pb=2 len=7 data=0x03 0x00 0x04 0x00 0x0a 0x08 0x00
18:36:27 D c_channel_gatts.cpp:228 0x3fcc4bb4 sending 233 @ 244 (0 left), mtu 247
18:36:27 D shos_rpc_inst.c:479     0x3fcc4bb8 FRAME SENT (1)
18:36:27 D bt_nimble_gatts.cpp:644 READ_CHR f4:26:79:20:c5:ff,p ch 1 ah 8 (5f6d4f53-5f52-5043-5f64-6174615f5f5f) -> 0 233
18:36:27 D NimBLE                  host tx hci data; handle=1 length=238
18:36:27 D NimBLE                  ble_hs_hci_acl_tx(): 0x01 0x00 0xee 0x00 0xea 0x00 0x04 0x00 0x0b 0x3a 0x38 0x30 0x37 0x30 0x30 0x2c 0x22 0x66 0x73 0x5f 0x73 0x69 0x7a 0x65 0x22 0x3a 0x39 0x31 0x37 0x35 0x30 0x34 0x2c 0x22 0x66 0x73 0x5f 0x66 0x72 0x65 0x65 0x22 0x3a 0x33 0x36 0x34 0x35 0x34 0x34 0x2c 0x22 0x63 0x66 0x67 0x5f 0x72 0x65 0x76 0x22 0x3a 0x32 0x36 0x2c 0x22 0x6b 0x76 0x73 0x5f 0x72 0x65 0x76 0x22 0x3a 0x30 0x2c 0x22 0x73 0x63 0x68 0x65 0x64 0x75 0x6c 0x65 0x5f 0x72 0x65 0x76 0x22 0x3a 0x30 0x2c 0x22 0x77 0x65 0x62 0x68 0x6f 0x6f 0x6b 0x5f 0x72 0x65 0x76 0x22 0x3a 0x30 0x2c 0x22 0x62 0x74 0x72 0x65 0x6c 0x61 0x79 0x5f 0x72 0x65 0x76 0x22 0x3a 0x30 0x2c 0x22 0x62 0x74 0x68 0x63 0x5f 0x72 0x65 0x76 0x22 0x3a 0x30 0x2c 0x22 0x61 0x76 0x61 0x69 0x6c 0x61 0x62 0x6c 0x65 0x5f 0x75 0x70 0x64 0x61 0x74 0x65 0x73 0x22 0x3a 0x7b 0x7d 0x2c 0x22 0x72 0x65 0x73 0x65 0x74 0x5f 0x72 0x65 0x61 0x73 0x6f 0x6e 0x22 0x3a 0x31 0x2c 0x22 0x62 0x61 0x63 0x6b 0x75 0x70 0x22 0x3a 0x7b 0x7d 0x2c 0x22 0x64 0x65 0x66 0x61 0x75 0x6c 0x74 0x5f 0x63 0x6f 0x6e 0x66 0x69 0x67 0x22 0x3a 0x7b 0x22 0x65 0x78 0x69 0x73 0x74 0x73 0x22 0x3a 0x66 0x61 0x6c 0x73 0x65 0x7d 0x2c 0x22 0x75 0x74 0x63 0x5f 0x6f 0x66 0x66 0x73 0x65 0x74 0x22 0x3a 0x37 0x32 0x30 0x30 0x7d 0x7d
18:36:27 D shos_bt_hci.c:320       HCI TX ACL: ch 1 ATT op=0x0b len=242
18:36:27 D shos_bt_hci.c:185       HCI RX EVT: code=0x13 len=7
18:36:27 D shos_bt_hci.c:317       HCI RX ACL: ch 1 ATT op=0x12 ah=14 len=15
18:36:27 D shelly_tmcu.cpp:927     Process 1 commands
18:36:27 D shelly_tmcu.cpp:890     TX: 0x00 v=3 [] (Expecting heartbeat)
18:36:27 D NimBLE                  ble_hs_hci_evt_acl_process(): conn_handle=1 pb=2 len=11 data=0x07 0x00 0x04 0x00 0x12 0x0e 0x00 0x00 0x00 0x00 0x48
18:36:27 D c_channel_gatts.cpp:302 0x3fcc4bb4 expected_flen 72
18:36:28 D bt_nimble_gatts.cpp:677 WRITE_CHR f4:26:79:20:c5:ff,p ch 1 ah 14 (5f6d4f53-5f52-5043-5f74-785f63746c5f) len 4 -> 0
18:36:28 D NimBLE                  host tx hci data; handle=1 length=5
18:36:28 D NimBLE                  ble_hs_hci_acl_tx(): 0x01 0x00 0x05 0x00 0x01 0x00 0x04 0x00 0x13
18:36:28 D shos_bt_hci.c:320       HCI TX ACL: ch 1 ATT op=0x13 len=9
18:36:28 D shos_bt_hci.c:185       HCI RX EVT: code=0x13 len=7
18:36:28 D shos_bt_hci.c:317       HCI RX ACL: ch 1 ATT op=0x12 ah=8 len=75
18:36:28 D NimBLE                  ble_hs_hci_evt_acl_process(): conn_handle=1 pb=2 len=71 data=0x43 0x00 0x04 0x00 0x12 0x08 0x00 0x7b 0x22 0x69 0x64 0x22 0x3a 0x33 0x36 0x38 0x37 0x30 0x34 0x33 0x37 0x2c 0x22 0x73 0x72 0x63 0x22 0x3a 0x22 0x53 0x68 0x65 0x6c 0x6c 0x79 0x52 0x50 0x43 0x22 0x2c 0x22 0x6d 0x65 0x74 0x68 0x6f 0x64 0x22 0x3a 0x22 0x43 0x6c 0x6f 0x75 0x64 0x2e 0x47 0x65 0x74 0x53 0x74 0x61 0x74 0x75 0x73 0x22 0x2c 0x22 0x70 0x61 0x72
18:36:28 D c_channel_gatts.cpp:262 0x3fcc4bb4 got 64 of 72
18:36:28 D bt_nimble_gatts.cpp:677 WRITE_CHR f4:26:79:20:c5:ff,p ch 1 ah 8 (5f6d4f53-5f52-5043-5f64-6174615f5f5f) len 64 -> 0
18:36:28 D NimBLE                  host tx hci data; handle=1 length=5
18:36:28 D NimBLE                  ble_hs_hci_acl_tx(): 0x01 0x00 0x05 0x00 0x01 0x00 0x04 0x00 0x13
18:36:28 D shos_bt_hci.c:320       HCI TX ACL: ch 1 ATT op=0x13 len=9
18:36:28 D shos_bt_hci.c:185       HCI RX EVT: code=0x13 len=7
18:36:28 D NimBLE                  ble_hs_hci_evt_acl_process(): conn_handle=1 pb=2 len=15 data=0x0b 0x00 0x04 0x00 0x12 0x08 0x00 0x61 0x6d 0x73 0x22 0x3a 0x7b 0x7d 0x7d
18:36:28 D c_channel_gatts.cpp:262 0x3fcc4bb4 got 72 of 72
18:36:28 D shos_rpc_inst.c:452     0x3fcc4bb8 GOT FRAME (72): {"id":36870437,"src":"ShellyRPC","method":"Cloud.GetStatus","params":{}}
18:36:28 D shos_rpc_inst.c:331     '36870437' 'ShellyRPC' '' 'Cloud.GetStatus'
18:36:28 I shos_rpc_inst.c:241     Cloud.GetStatus [36870437@ShellyRPC] via GATTS peer f4:26:79:20:c5:ff,p
18:36:28 D NimBLE                  GATT procedure initiated: notify; att_handle=11
18:36:28 D NimBLE                  host tx hci data; handle=1 length=11
18:36:28 D NimBLE                  ble_hs_hci_acl_tx(): 0x01 0x00 0x0b 0x00 0x07 0x00 0x04 0x00 0x1b 0x0b 0x00 0x00 0x00 0x00 0x5b
18:36:28 D shos_bt_hci.c:320       HCI TX ACL: ch 1 ATT op=0x1b len=15
18:36:28 D bt_nimble_gatts.cpp:515 NOTIFY_TX ch 1 ah 11 st 0
18:36:28 D shos_rpc_inst.c:683     0x3fcc4bb8 SEND FRAME (91): {"id":36870437,"src":"apq11dev-543204516334","dst":"ShellyRPC","result":{"connected":true}} -> 1
18:36:28 D bt_nimble_gatts.cpp:677 WRITE_CHR f4:26:79:20:c5:ff,p ch 1 ah 8 (5f6d4f53-5f52-5043-5f64-6174615f5f5f) len 8 -> 0
18:36:28 D NimBLE                  host tx hci data; handle=1 length=5
18:36:28 D NimBLE                  ble_hs_hci_acl_tx(): 0x01 0x00 0x05 0x00 0x01 0x00 0x04 0x00 0x13
18:36:28 D shos_bt_hci.c:320       HCI TX ACL: ch 1 ATT op=0x13 len=9
18:36:28 D shos_bt_hci.c:185       HCI RX EVT: code=0x13 len=7
18:36:28 D shos_bt_hci.c:185       HCI RX EVT: code=0x13 len=7
18:36:28 W shelly_tmcu.cpp:507     Heartbeat timed out!
18:36:28 D shelly_tmcu.cpp:927     Process 1 commands
18:36:28 D shelly_tmcu.cpp:890     TX: 0x00 v=3 [] (Expecting heartbeat)
18:36:28 D shos_bt_hci.c:317       HCI RX ACL: ch 1 ATT op=0x0a ah=8 len=11
18:36:28 D NimBLE                  ble_hs_hci_evt_acl_process(): conn_handle=1 pb=2 len=7 data=0x03 0x00 0x04 0x00 0x0a 0x08 0x00
18:36:28 D c_channel_gatts.cpp:228 0x3fcc4bb4 sending 91 @ 0 (0 left), mtu 247
18:36:28 D shos_rpc_inst.c:479     0x3fcc4bb8 FRAME SENT (1)
18:36:28 D bt_nimble_gatts.cpp:644 READ_CHR f4:26:79:20:c5:ff,p ch 1 ah 8 (5f6d4f53-5f52-5043-5f64-6174615f5f5f) -> 0 91
18:36:28 D NimBLE                  host tx hci data; handle=1 length=96
18:36:29 D NimBLE                  ble_hs_hci_acl_tx(): 0x01 0x00 0x60 0x00 0x5c 0x00 0x04 0x00 0x0b 0x7b 0x22 0x69 0x64 0x22 0x3a 0x33 0x36 0x38 0x37 0x30 0x34 0x33 0x37 0x2c 0x22 0x73 0x72 0x63 0x22 0x3a 0x22 0x61 0x70 0x71 0x31 0x31 0x64 0x65 0x76 0x2d 0x35 0x34 0x33 0x32 0x30 0x34 0x35 0x31 0x36 0x33 0x33 0x34 0x22 0x2c 0x22 0x64 0x73 0x74 0x22 0x3a 0x22 0x53 0x68 0x65 0x6c 0x6c 0x79 0x52 0x50 0x43 0x22 0x2c 0x22 0x72 0x65 0x73 0x75 0x6c 0x74 0x22 0x3a 0x7b 0x22 0x63 0x6f 0x6e 0x6e 0x65 0x63 0x74 0x65 0x64 0x22 0x3a 0x74 0x72 0x75 0x65 0x7d 0x7d
18:36:29 D shos_bt_hci.c:320       HCI TX ACL: ch 1 ATT op=0x0b len=100
18:36:29 D shos_bt_hci.c:185       HCI RX EVT: code=0x13 len=7
18:36:29 D shos_bt_hci.c:317       HCI RX ACL: ch 1 ATT op=0x12 ah=14 len=15
18:36:29 D NimBLE                  ble_hs_hci_evt_acl_process(): conn_handle=1 pb=2 len=11 data=0x07 0x00 0x04 0x00 0x12 0x0e 0x00 0x00 0x00 0x00 0x47
18:36:29 D c_channel_gatts.cpp:302 0x3fcc4bb4 expected_flen 71
18:36:29 D bt_nimble_gatts.cpp:677 WRITE_CHR f4:26:79:20:c5:ff,p ch 1 ah 14 (5f6d4f53-5f52-5043-5f74-785f63746c5f) len 4 -> 0
18:36:29 D NimBLE                  host tx hci data; handle=1 length=5
18:36:29 D NimBLE                  ble_hs_hci_acl_tx(): 0x01 0x00 0x05 0x00 0x01 0x00 0x04 0x00 0x13
18:36:29 D shos_bt_hci.c:320       HCI TX ACL: ch 1 ATT op=0x13 len=9
18:36:29 D shos_bt_hci.c:185       HCI RX EVT: code=0x13 len=7
18:36:29 D esp32xx_wifi_if.cpp:234 PK check: link 1 gw 1 UC 1247 MC 1656 ctr 16/105 ping 0 num_act 0
18:36:29 D hos_lwip_eth_if.cpp:513 ws(0x3fcc2404): Status: server 0 oper_up 1 link_up 1/1 hf 94088
18:36:29 D shos_bt_hci.c:317       HCI RX ACL: ch 1 ATT op=0x12 ah=8 len=75
18:36:29 D NimBLE                  ble_hs_hci_evt_acl_process(): conn_handle=1 pb=2 len=71 data=0x43 0x00 0x04 0x00 0x12 0x08 0x00 0x7b 0x22 0x69 0x64 0x22 0x3a 0x32 0x37 0x31 0x39 0x34 0x33 0x38 0x36 0x2c 0x22 0x73 0x72 0x63 0x22 0x3a 0x22 0x53 0x68 0x65 0x6c 0x6c 0x79 0x52 0x50 0x43 0x22 0x2c 0x22 0x6d 0x65 0x74 0x68 0x6f 0x64 0x22 0x3a 0x22 0x57 0x69 0x66 0x69 0x2e 0x47 0x65 0x74 0x53 0x74 0x61 0x74 0x75 0x73 0x22 0x2c 0x22 0x70 0x61 0x72 0x61
18:36:29 D c_channel_gatts.cpp:262 0x3fcc4bb4 got 64 of 71
18:36:29 D bt_nimble_gatts.cpp:677 WRITE_CHR f4:26:79:20:c5:ff,p ch 1 ah 8 (5f6d4f53-5f52-5043-5f64-6174615f5f5f) len 64 -> 0
18:36:29 D NimBLE                  host tx hci data; handle=1 length=5
18:36:29 D NimBLE                  ble_hs_hci_acl_tx(): 0x01 0x00 0x05 0x00 0x01 0x00 0x04 0x00 0x13
18:36:29 D shos_bt_hci.c:320       HCI TX ACL: ch 1 ATT op=0x13 len=9
18:36:29 D shos_bt_hci.c:185       HCI RX EVT: code=0x13 len=7
18:36:29 D NimBLE                  ble_hs_hci_evt_acl_process(): conn_handle=1 pb=2 len=14 data=0x0a 0x00 0x04 0x00 0x12 0x08 0x00 0x6d 0x73 0x22 0x3a 0x7b 0x7d 0x7d
18:36:29 D c_channel_gatts.cpp:262 0x3fcc4bb4 got 71 of 71
18:36:29 D shos_rpc_inst.c:452     0x3fcc4bb8 GOT FRAME (71): {"id":27194386,"src":"ShellyRPC","method":"Wifi.GetStatus","params":{}}
18:36:29 D shos_rpc_inst.c:331     '27194386' 'ShellyRPC' '' 'Wifi.GetStatus'
18:36:29 I shos_rpc_inst.c:241     Wifi.GetStatus [27194386@ShellyRPC] via GATTS peer f4:26:79:20:c5:ff,p
18:36:29 D NimBLE                  GATT procedure initiated: notify; att_handle=11
18:36:29 D NimBLE                  host tx hci data; handle=1 length=11
18:36:29 D NimBLE                  ble_hs_hci_acl_tx(): 0x01 0x00 0x0b 0x00 0x07 0x00 0x04 0x00 0x1b 0x0b 0x00 0x00 0x00 0x00 0xe5
18:36:29 D shos_bt_hci.c:320       HCI TX ACL: ch 1 ATT op=0x1b len=15
18:36:29 D bt_nimble_gatts.cpp:515 NOTIFY_TX ch 1 ah 11 st 0
18:36:29 D shos_rpc_inst.c:683     0x3fcc4bb8 SEND FRAME (229): {"id":27194386,"src":"apq11dev-543204516334","dst":"ShellyRPC","result":{"sta_ip":"192.168.0.238","status":"got ip","ssid":"AmperePoint","channel":11,"rssi":-66,"bssid":"ae:9c:6c:cc:eb:a8","sta_ip6":["fe80::5632:4ff:fe51:6334"]}} -> 1
18:36:29 D shos_bt_hci.c:185       HCI RX EVT: code=0x13 len=7
18:36:29 D bt_nimble_gatts.cpp:677 WRITE_CHR f4:26:79:20:c5:ff,p ch 1 ah 8 (5f6d4f53-5f52-5043-5f64-6174615f5f5f) len 7 -> 0
18:36:29 D NimBLE                  host tx hci data; handle=1 length=5
18:36:29 D NimBLE                  ble_hs_hci_acl_tx(): 0x01 0x00 0x05 0x00 0x01 0x00 0x04 0x00 0x13
18:36:29 D shos_bt_hci.c:320       HCI TX ACL: ch 1 ATT op=0x13 len=9
18:36:29 D shos_bt_hci.c:185       HCI RX EVT: code=0x13 len=7
18:36:29 W shelly_tmcu.cpp:507     Heartbeat timed out!
18:36:29 D shelly_tmcu.cpp:927     Process 1 commands
18:36:29 D shelly_tmcu.cpp:890     TX: 0x00 v=3 [] (Expecting heartbeat)
18:36:30 D shos_bt_hci.c:317       HCI RX ACL: ch 1 ATT op=0x0a ah=8 len=11
18:36:30 D NimBLE                  ble_hs_hci_evt_acl_process(): conn_handle=1 pb=2 len=7 data=0x03 0x00 0x04 0x00 0x0a 0x08 0x00
18:36:30 D c_channel_gatts.cpp:228 0x3fcc4bb4 sending 229 @ 0 (0 left), mtu 247
18:36:30 D shos_rpc_inst.c:479     0x3fcc4bb8 FRAME SENT (1)
18:36:30 D bt_nimble_gatts.cpp:644 READ_CHR f4:26:79:20:c5:ff,p ch 1 ah 8 (5f6d4f53-5f52-5043-5f64-6174615f5f5f) -> 0 229
18:36:30 D NimBLE                  host tx hci data; handle=1 length=234
18:36:30 D NimBLE                  ble_hs_hci_acl_tx(): 0x01 0x00 0xea 0x00 0xe6 0x00 0x04 0x00 0x0b 0x7b 0x22 0x69 0x64 0x22 0x3a 0x32 0x37 0x31 0x39 0x34 0x33 0x38 0x36 0x2c 0x22 0x73 0x72 0x63 0x22 0x3a 0x22 0x61 0x70 0x71 0x31 0x31 0x64 0x65 0x76 0x2d 0x35 0x34 0x33 0x32 0x30 0x34 0x35 0x31 0x36 0x33 0x33 0x34 0x22 0x2c 0x22 0x64 0x73 0x74 0x22 0x3a 0x22 0x53 0x68 0x65 0x6c 0x6c 0x79 0x52 0x50 0x43 0x22 0x2c 0x22 0x72 0x65 0x73 0x75 0x6c 0x74 0x22 0x3a 0x7b 0x22 0x73 0x74 0x61 0x5f 0x69 0x70 0x22 0x3a 0x22 0x31 0x39 0x32 0x2e 0x31 0x36 0x38 0x2e 0x30 0x2e 0x32 0x33 0x38 0x22 0x2c 0x22 0x73 0x74 0x61 0x74 0x75 0x73 0x22 0x3a 0x22 0x67 0x6f 0x74 0x20 0x69 0x70 0x22 0x2c 0x22 0x73 0x73 0x69 0x64 0x22 0x3a 0x22 0x41 0x6d 0x70 0x65 0x72 0x65 0x50 0x6f 0x69 0x6e 0x74 0x22 0x2c 0x22 0x63 0x68 0x61 0x6e 0x6e 0x65 0x6c 0x22 0x3a 0x31 0x31 0x2c 0x22 0x72 0x73 0x73 0x69 0x22 0x3a 0x2d 0x36 0x36 0x2c 0x22 0x62 0x73 0x73 0x69 0x64 0x22 0x3a 0x22 0x61 0x65 0x3a 0x39 0x63 0x3a 0x36 0x63 0x3a 0x63 0x63 0x3a 0x65 0x62 0x3a 0x61 0x38 0x22 0x2c 0x22 0x73 0x74 0x61 0x5f 0x69 0x70 0x36 0x22 0x3a 0x5b 0x22 0x66 0x65 0x38 0x30 0x3a 0x3a 0x35 0x36 0x33 0x32 0x3a 0x34 0x66 0x66 0x3a 0x66 0x65 0x35 0x31 0x3a 0x36 0x33 0x33 0x34 0x22 0x5d 0x7d 0x7d
18:36:30 D shos_bt_hci.c:320       HCI TX ACL: ch 1 ATT op=0x0b len=238
18:36:30 D shos_bt_hci.c:317       HCI RX ACL: ch 1 ATT op=0x12 ah=14 len=15
18:36:30 D shos_bt_hci.c:185       HCI RX EVT: code=0x13 len=7
18:36:30 D NimBLE                  ble_hs_hci_evt_acl_process(): conn_handle=1 pb=2 len=11 data=0x07 0x00 0x04 0x00 0x12 0x0e 0x00 0x00 0x00 0x00 0x4b
18:36:30 D c_channel_gatts.cpp:302 0x3fcc4bb4 expected_flen 75
18:36:30 D bt_nimble_gatts.cpp:677 WRITE_CHR f4:26:79:20:c5:ff,p ch 1 ah 14 (5f6d4f53-5f52-5043-5f74-785f63746c5f) len 4 -> 0
18:36:30 D NimBLE                  host tx hci data; handle=1 length=5
18:36:30 D NimBLE                  ble_hs_hci_acl_tx(): 0x01 0x00 0x05 0x00 0x01 0x00 0x04 0x00 0x13
18:36:30 D shos_bt_hci.c:320       HCI TX ACL: ch 1 ATT op=0x13 len=9
18:36:30 D shos_bt_hci.c:185       HCI RX EVT: code=0x13 len=7
18:36:30 D shos_bt_hci.c:317       HCI RX ACL: ch 1 ATT op=0x12 ah=8 len=75
18:36:30 D NimBLE                  ble_hs_hci_evt_acl_process(): conn_handle=1 pb=2 len=71 data=0x43 0x00 0x04 0x00 0x12 0x08 0x00 0x7b 0x22 0x69 0x64 0x22 0x3a 0x33 0x34 0x38 0x35 0x35 0x33 0x31 0x33 0x2c 0x22 0x73 0x72 0x63 0x22 0x3a 0x22 0x53 0x68 0x65 0x6c 0x6c 0x79 0x52 0x50 0x43 0x22 0x2c 0x22 0x6d 0x65 0x74 0x68 0x6f 0x64 0x22 0x3a 0x22 0x53 0x68 0x65 0x6c 0x6c 0x79 0x2e 0x4c 0x69 0x73 0x74 0x4d 0x65 0x74 0x68 0x6f 0x64 0x73 0x22 0x2c 0x22
18:36:30 D c_channel_gatts.cpp:262 0x3fcc4bb4 got 64 of 75
18:36:30 D bt_nimble_gatts.cpp:677 WRITE_CHR f4:26:79:20:c5:ff,p ch 1 ah 8 (5f6d4f53-5f52-5043-5f64-6174615f5f5f) len 64 -> 0
18:36:30 D NimBLE                  host tx hci data; handle=1 length=5
18:36:30 D NimBLE                  ble_hs_hci_acl_tx(): 0x01 0x00 0x05 0x00 0x01 0x00 0x04 0x00 0x13
18:36:30 D shos_bt_hci.c:320       HCI TX ACL: ch 1 ATT op=0x13 len=9
18:36:30 D shos_bt_hci.c:185       HCI RX EVT: code=0x13 len=7
18:36:30 W shelly_tmcu.cpp:507     Heartbeat timed out!
18:36:31 D shelly_tmcu.cpp:927     Process 1 commands
18:36:31 D shos_bt_hci.c:317       HCI RX ACL: ch 1 ATT op=0x12 ah=8 len=22
18:36:31 D shelly_tmcu.cpp:890     TX: 0x00 v=3 [] (Expecting heartbeat)
18:36:32 D shos_rpc_inst.c:331     '34855313' 'ShellyRPC' '' 'Shelly.ListMethods'
18:36:32 I shos_rpc_inst.c:241     Shelly.ListMethods [34855313@ShellyRPC] via GATTS peer f4:26:79:20:c5:ff,p
18:36:32 D NimBLE                  GATT procedure initiated: notify; att_handle=11
18:36:32 D NimBLE                  host tx hci data; handle=1 length=11
18:36:32 D NimBLE                  ble_hs_hci_acl_tx(): 0x01 0x00 0x0b 0x00 0x07 0x00 0x04 0x00 0x1b 0x0b 0x00 0x00 0x00 0x0c 0xd5
18:36:32 D shos_bt_hci.c:320       HCI TX ACL: ch 1 ATT op=0x1b len=15
18:36:32 D bt_nimble_gatts.cpp:515 NOTIFY_TX ch 1 ah 11 st 0
18:36:32 D shos_rpc_inst.c:683     0x3fcc4bb8 SEND FRAME (3285): {"id":34855313,"src":"apq11dev-543204516334","dst":"ShellyRPC","result":{"methods":["Service.GetFile","Service.PutFile","Service.GetResources","Service.GetInfo","Service.SetConfig","Service.GetConfig","Service.GetStatus","Service.Install","Object.SetConfig","Object.GetConfig","Object.GetStatus","Object.Set","Button.SetConfig","Button.GetConfig","Button.GetStatus","Button.Trigger","Text.SetConfig","Text.GetConfig","Text.GetStatus","Text.Set","Number.SetConfig","Number.GetConfig","Number.GetStatus","Number.Set","Group.SetConfig","Group.GetConfig","Group.GetStatus","Group.Set","Enum.SetConfig","Enum.GetConfig","Enum.GetStatus","Enum.Set","Boolean.SetConfig","Boolean.GetConfig","Boolean.GetStatus","Boolean.Set","Virtual.Delete","Virtual.Add","Serial.SetConfig","Serial.GetConfig","Serial.GetStatus","Schedule.Eval","Schedule.List","Schedule.DeleteAll","Schedule.Delete","Schedule.Update","Schedule.Create","Modbus.SetConfig","Modbus.GetConfig","Modbus.GetStatus","LNM.Call","LNM.Delete","LNM.Create","BTHomeControl.Enumerate","BTHomeControl.DeleteAll","BTHomeControl.List","BTHomeControl.Update","BTHomeControl.Create","BTHomeControl.SetConfig","BTHomeControl.GetConfig","BTHomeControl.GetStatus","BTHomeControl.StopLearning","BTHomeControl.StartLearning","BTHomeSensor.SetConfig","BTHomeSensor.GetConfig","BTHomeSensor.GetStatus","BTHomeDevice.ResetCounter","BTHomeDevice.UpdateFirmware","BTHomeDevice.GetKnownObjects","BTHomeDevice.SetConfig","BTHomeDevice.GetConfig","BTHomeDevice.GetStatus","BTHome.ResetEncryptionCounter","BTHome.GetObjectInfos","BTHome.DeleteSensor","BTHome.AddSensor","BTHome.DeleteDevice","BTHome.AddDevice","BTHome.StartDeviceDiscovery","BTHome.SetConfig","BTHome.GetConfig","BTHome.GetStatus","Webhook.ListAllSupported","Webhook.ListSupported","Webhook.List","Webhook.DeleteAll","Webhook.Delete","Webhook.Update","Webhook.Create","WS.SetConfig","WS.GetConfig","WS.GetStatus","Mqtt.SetConfig","Mqtt.GetConfig","Mqtt.GetStatus","Cloud.SetConfig","Cloud.GetConfig","Cloud.GetStatus","BLE.SendBTHomeCommand","BLE.AdvertiseOnce","BLE.DeletePairedDevice","BLE.ListPairedDevices","BLE.StopPairing","BLE.StartPairing","BLE.SetConfig","BLE.GetConfig","BLE.GetStatus","BLE.CloudRelay.ListInfos","BLE.CloudRelay.List","Wifi.Scan","Wifi.ListAPClients","Wifi.SetConfig","Wifi.GetConfig","Wifi.GetStatus","Sys.StopDiscovery","Sys.StartDiscovery","Sys.SetTime","Sys.SetConfig","Sys.GetConfig","Sys.GetStatus","KVS.Delete","KVS.Set","KVS.GetMany","KVS.Get","KVS.List","Shelly.Identify","HTTP.Request","HTTP.POST","HTTP.GET","Shelly.ListMethods","Shelly.PutHTTPServerCABundle","Shelly.PutHTTPServerKey","Shelly.PutHTTPServerCert","Shelly.PutTLSClientKey","Shelly.PutTLSClientCert","Shelly.PutUserCA","Shelly.Reboot","Shelly.SetAuth","Shelly.Update","Shelly.CheckForUpdate","Shelly.DetectLocation","Shelly.ListTimezones","Shelly.GetComponents","Shelly.GetStatus","Shelly.FactoryReset","Shelly.ResetWiFiConfig","Shelly.GetConfig","Shelly.GetDeviceInfo","XMOD.GetInfo","XMOD.ApplyProductJWS","Sys.DownloadBackup","Sys.ClearDefaultConfig","Sys.ApplyDefaultConfig","Sys.UploadDefaultConfig","Sys.RestoreBackup","Sys.UploadBackup","Sys.CreateDefaultConfig","Sys.CreateBackup","OTA.Abort","OTA.Write","OTA.Data","OTA.Start","OTA.Revert","OTA.Commit","OTA.Update","RPC.Ping"]}} -> 1
18:36:32 D shos_bt_hci.c:185       HCI RX EVT: code=0x13 len=7
18:36:32 D bt_nimble_gatts.cpp:677 WRITE_CHR f4:26:79:20:c5:ff,p ch 1 ah 8 (5f6d4f53-5f52-5043-5f64-6174615f5f5f) len 11 -> 0
18:36:32 D NimBLE                  host tx hci data; handle=1 length=5
18:36:32 D NimBLE                  ble_hs_hci_acl_tx(): 0x01 0x00 0x05 0x00 0x01 0x00 0x04 0x00 0x13
18:36:32 D shos_bt_hci.c:320       HCI TX ACL: ch 1 ATT op=0x13 len=9
18:36:32 I shos_init.cpp:108       New min heap free: 70244
18:36:32 D shos_bt_hci.c:317       HCI RX ACL: ch 1 ATT op=0x0a ah=8 len=11
18:36:32 D NimBLE                  ble_hs_hci_evt_acl_process(): conn_handle=1 pb=2 len=7 data=0x03 0x00 0x04 0x00 0x0a 0x08 0x00
18:36:32 D shos_bt_hci.c:317       HCI RX ACL: ch 1 ATT op=0x0a ah=8 len=11
18:36:32 D NimBLE                  ble_hs_hci_evt_acl_process(): conn_handle=1 pb=2 len=7 data=0x03 0x00 0x04 0x00 0x0a 0x08 0x00
18:36:32 D c_channel_gatts.cpp:228 0x3fcc4bb4 sending 244 @ 244 (2797 left), mtu 247
18:36:32 D bt_nimble_gatts.cpp:644 READ_CHR f4:26:79:20:c5:ff,p ch 1 ah 8 (5f6d4f53-5f52-5043-5f64-6174615f5f5f) -> 0 244
18:36:32 D NimBLE                  host tx hci data; handle=1 length=249
18:36:32 D NimBLE                  ble_hs_hci_acl_tx(): 0x01 0x00 0xf9 0x00 0xf5 0x00 0x04 0x00 0x0b 0x63 0x74 0x2e 0x53 0x65 0x74 0x43 0x6f 0x6e 0x66 0x69 0x67 0x22 0x2c 0x22 0x4f 0x62 0x6a 0x65 0x63 0x74 0x2e 0x47 0x65 0x74 0x43 0x6f 0x6e 0x66 0x69 0x67 0x22 0x2c 0x22 0x4f 0x62 0x6a 0x65 0x63 0x74 0x2e 0x47 0x65 0x74 0x53 0x74 0x61 0x74 0x75 0x73 0x22 0x2c 0x22 0x4f 0x62 0x6a 0x65 0x63 0x74 0x2e 0x53 0x65 0x74 0x22 0x2c 0x22 0x42 0x75 0x74 0x74 0x6f 0x6e 0x2e 0x53 0x65 0x74 0x43 0x6f 0x6e 0x66 0x69 0x67 0x22 0x2c 0x22 0x42 0x75 0x74 0x74 0x6f 0x6e 0x2e 0x47 0x65 0x74 0x43 0x6f 0x6e 0x66 0x69 0x67 0x22 0x2c 0x22 0x42 0x75 0x74 0x74 0x6f 0x6e 0x2e 0x47 0x65 0x74 0x53 0x74 0x61 0x74 0x75 0x73 0x22 0x2c 0x22 0x42 0x75 0x74 0x74 0x6f 0x6e 0x2e 0x54 0x72 0x69 0x67 0x67 0x65 0x72 0x22 0x2c 0x22 0x54 0x65 0x78 0x74 0x2e 0x53 0x65 0x74 0x43 0x6f 0x6e 0x66 0x69 0x67 0x22 0x2c 0x22 0x54 0x65 0x78 0x74 0x2e 0x47 0x65 0x74 0x43 0x6f 0x6e 0x66 0x69 0x67 0x22 0x2c 0x22 0x54 0x65 0x78 0x74 0x2e 0x47 0x65 0x74 0x53 0x74 0x61 0x74 0x75 0x73 0x22 0x2c 0x22 0x54 0x65 0x78 0x74 0x2e 0x53 0x65 0x74 0x22 0x2c 0x22 0x4e 0x75 0x6d 0x62 0x65 0x72 0x2e 0x53 0x65 0x74 0x43 0x6f 0x6e 0x66 0x69 0x67 0x22 0x2c 0x22 0x4e 0x75 0x6d 0x62 0x65 0x72 0x2e 0x47 0x65 0x74 0x43 0x6f 0x6e 0x66 0x69 0x67 0x22 0x2c 0x22 0x4e 0x75 0x6d 0x62
18:36:32 D shos_bt_hci.c:320       HCI TX ACL: ch 1 ATT op=0x0b len=253
18:36:32 D shos_bt_hci.c:185       HCI RX EVT: code=0x13 len=7
18:36:32 D shos_bt_hci.c:317       HCI RX ACL: ch 1 ATT op=0x0a ah=8 len=11
18:36:32 D NimBLE                  ble_hs_hci_evt_acl_process(): conn_handle=1 pb=2 len=7 data=0x03 0x00 0x04 0x00 0x0a 0x08 0x00
18:36:32 D c_channel_gatts.cpp:228 0x3fcc4bb4 sending 244 @ 488 (2553 left), mtu 247
18:36:32 D bt_nimble_gatts.cpp:644 READ_CHR f4:26:79:20:c5:ff,p ch 1 ah 8 (5f6d4f53-5f52-5043-5f64-6174615f5f5f) -> 0 244
18:36:32 D NimBLE                  host tx hci data; handle=1 length=249
18:36:32 D NimBLE                  ble_hs_hci_acl_tx(): 0x01 0x00 0xf9 0x00 0xf5 0x00 0x04 0x00 0x0b 0x65 0x72 0x2e 0x47 0x65 0x74 0x53 0x74 0x61 0x74 0x75 0x73 0x22 0x2c 0x22 0x4e 0x75 0x6d 0x62 0x65 0x72 0x2e 0x53 0x65 0x74 0x22 0x2c 0x22 0x47 0x72 0x6f 0x75 0x70 0x2e 0x53 0x65 0x74 0x43 0x6f 0x6e 0x66 0x69 0x67 0x22 0x2c 0x22 0x47 0x72 0x6f 0x75 0x70 0x2e 0x47 0x65 0x74 0x43 0x6f 0x6e 0x66 0x69 0x67 0x22 0x2c 0x22 0x47 0x72 0x6f 0x75 0x70 0x2e 0x47 0x65 0x74 0x53 0x74 0x61 0x74 0x75 0x73 0x22 0x2c 0x22 0x47 0x72 0x6f 0x75 0x70 0x2e 0x53 0x65 0x74 0x22 0x2c 0x22 0x45 0x6e 0x75 0x6d 0x2e 0x53 0x65 0x74 0x43 0x6f 0x6e 0x66 0x69 0x67 0x22 0x2c 0x22 0x45 0x6e 0x75 0x6d 0x2e 0x47 0x65 0x74 0x43 0x6f 0x6e 0x66 0x69 0x67 0x22 0x2c 0x22 0x45 0x6e 0x75 0x6d 0x2e 0x47 0x65 0x74 0x53 0x74 0x61 0x74 0x75 0x73 0x22 0x2c 0x22 0x45 0x6e 0x75 0x6d 0x2e 0x53 0x65 0x74 0x22 0x2c 0x22 0x42 0x6f 0x6f 0x6c 0x65 0x61 0x6e 0x2e 0x53 0x65 0x74 0x43 0x6f 0x6e 0x66 0x69 0x67 0x22 0x2c 0x22 0x42 0x6f 0x6f 0x6c 0x65 0x61 0x6e 0x2e 0x47 0x65 0x74 0x43 0x6f 0x6e 0x66 0x69 0x67 0x22 0x2c 0x22 0x42 0x6f 0x6f 0x6c 0x65 0x61 0x6e 0x2e 0x47 0x65 0x74 0x53 0x74 0x61 0x74 0x75 0x73 0x22 0x2c 0x22 0x42 0x6f 0x6f 0x6c 0x65 0x61 0x6e 0x2e 0x53 0x65 0x74 0x22 0x2c 0x22 0x56 0x69 0x72 0x74 0x75 0x61 0x6c 0x2e 0x44 0x65 0x6c 0x65 0x74 0x65
18:36:32 D shos_bt_hci.c:320       HCI TX ACL: ch 1 ATT op=0x0b len=253
18:36:32 D shelly_tmcu.cpp:927     Process 1 commands
18:36:32 D shelly_tmcu.cpp:890     TX: 0x00 v=3 [] (Expecting heartbeat)
18:36:33 D shos_bt_hci.c:185       HCI RX EVT: code=0x13 len=7
18:36:33 D shos_bt_hci.c:317       HCI RX ACL: ch 1 ATT op=0x0a ah=8 len=11
18:36:33 D NimBLE                  ble_hs_hci_evt_acl_process(): conn_handle=1 pb=2 len=7 data=0x03 0x00 0x04 0x00 0x0a 0x08 0x00
18:36:33 D c_channel_gatts.cpp:228 0x3fcc4bb4 sending 244 @ 732 (2309 left), mtu 247
18:36:33 D bt_nimble_gatts.cpp:644 READ_CHR f4:26:79:20:c5:ff,p ch 1 ah 8 (5f6d4f53-5f52-5043-5f64-6174615f5f5f) -> 0 244
18:36:33 D NimBLE                  host tx hci data; handle=1 length=249
18:36:33 D NimBLE                  ble_hs_hci_acl_tx(): 0x01 0x00 0xf9 0x00 0xf5 0x00 0x04 0x00 0x0b 0x22 0x2c 0x22 0x56 0x69 0x72 0x74 0x75 0x61 0x6c 0x2e 0x41 0x64 0x64 0x22 0x2c 0x22 0x53 0x65 0x72 0x69 0x61 0x6c 0x2e 0x53 0x65 0x74 0x43 0x6f 0x6e 0x66 0x69 0x67 0x22 0x2c 0x22 0x53 0x65 0x72 0x69 0x61 0x6c 0x2e 0x47 0x65 0x74 0x43 0x6f 0x6e 0x66 0x69 0x67 0x22 0x2c 0x22 0x53 0x65 0x72 0x69 0x61 0x6c 0x2e 0x47 0x65 0x74 0x53 0x74 0x61 0x74 0x75 0x73 0x22 0x2c 0x22 0x53 0x63 0x68 0x65 0x64 0x75 0x6c 0x65 0x2e 0x45 0x76 0x61 0x6c 0x22 0x2c 0x22 0x53 0x63 0x68 0x65 0x64 0x75 0x6c 0x65 0x2e 0x4c 0x69 0x73 0x74 0x22 0x2c 0x22 0x53 0x63 0x68 0x65 0x64 0x75 0x6c 0x65 0x2e 0x44 0x65 0x6c 0x65 0x74 0x65 0x41 0x6c 0x6c 0x22 0x2c 0x22 0x53 0x63 0x68 0x65 0x64 0x75 0x6c 0x65 0x2e 0x44 0x65 0x6c 0x65 0x74 0x65 0x22 0x2c 0x22 0x53 0x63 0x68 0x65 0x64 0x75 0x6c 0x65 0x2e 0x55 0x70 0x64 0x61 0x74 0x65 0x22 0x2c 0x22 0x53 0x63 0x68 0x65 0x64 0x75 0x6c 0x65 0x2e 0x43 0x72 0x65 0x61 0x74 0x65 0x22 0x2c 0x22 0x4d 0x6f 0x64 0x62 0x75 0x73 0x2e 0x53 0x65 0x74 0x43 0x6f 0x6e 0x66 0x69 0x67 0x22 0x2c 0x22 0x4d 0x6f 0x64 0x62 0x75 0x73 0x2e 0x47 0x65 0x74 0x43 0x6f 0x6e 0x66 0x69 0x67 0x22 0x2c 0x22 0x4d 0x6f 0x64 0x62 0x75 0x73 0x2e 0x47 0x65 0x74 0x53 0x74 0x61 0x74 0x75 0x73 0x22 0x2c 0x22 0x4c 0x4e 0x4d 0x2e 0x43 0x61
18:36:33 D shos_bt_hci.c:320       HCI TX ACL: ch 1 ATT op=0x0b len=253
18:36:33 D shos_bt_hci.c:185       HCI RX EVT: code=0x13 len=7
18:36:33 D shos_bt_hci.c:317       HCI RX ACL: ch 1 ATT op=0x0a ah=8 len=11
18:36:33 D NimBLE                  ble_hs_hci_evt_acl_process(): conn_handle=1 pb=2 len=7 data=0x03 0x00 0x04 0x00 0x0a 0x08 0x00
18:36:33 D c_channel_gatts.cpp:228 0x3fcc4bb4 sending 244 @ 976 (2065 left), mtu 247
18:36:33 D bt_nimble_gatts.cpp:644 READ_CHR f4:26:79:20:c5:ff,p ch 1 ah 8 (5f6d4f53-5f52-5043-5f64-6174615f5f5f) -> 0 244
18:36:33 D NimBLE                  host tx hci data; handle=1 length=249
18:36:33 D NimBLE                  ble_hs_hci_acl_tx(): 0x01 0x00 0xf9 0x00 0xf5 0x00 0x04 0x00 0x0b 0x6c 0x6c 0x22 0x2c 0x22 0x4c 0x4e 0x4d 0x2e 0x44 0x65 0x6c 0x65 0x74 0x65 0x22 0x2c 0x22 0x4c 0x4e 0x4d 0x2e 0x43 0x72 0x65 0x61 0x74 0x65 0x22 0x2c 0x22 0x42 0x54 0x48 0x6f 0x6d 0x65 0x43 0x6f 0x6e 0x74 0x72 0x6f 0x6c 0x2e 0x45 0x6e 0x75 0x6d 0x65 0x72 0x61 0x74 0x65 0x22 0x2c 0x22 0x42 0x54 0x48 0x6f 0x6d 0x65 0x43 0x6f 0x6e 0x74 0x72 0x6f 0x6c 0x2e 0x44 0x65 0x6c 0x65 0x74 0x65 0x41 0x6c 0x6c 0x22 0x2c 0x22 0x42 0x54 0x48 0x6f 0x6d 0x65 0x43 0x6f 0x6e 0x74 0x72 0x6f 0x6c 0x2e 0x4c 0x69 0x73 0x74 0x22 0x2c 0x22 0x42 0x54 0x48 0x6f 0x6d 0x65 0x43 0x6f 0x6e 0x74 0x72 0x6f 0x6c 0x2e 0x55 0x70 0x64 0x61 0x74 0x65 0x22 0x2c 0x22 0x42 0x54 0x48 0x6f 0x6d 0x65 0x43 0x6f 0x6e 0x74 0x72 0x6f 0x6c 0x2e 0x43 0x72 0x65 0x61 0x74 0x65 0x22 0x2c 0x22 0x42 0x54 0x48 0x6f 0x6d 0x65 0x43 0x6f 0x6e 0x74 0x72 0x6f 0x6c 0x2e 0x53 0x65 0x74 0x43 0x6f 0x6e 0x66 0x69 0x67 0x22 0x2c 0x22 0x42 0x54 0x48 0x6f 0x6d 0x65 0x43 0x6f 0x6e 0x74 0x72 0x6f 0x6c 0x2e 0x47 0x65 0x74 0x43 0x6f 0x6e 0x66 0x69 0x67 0x22 0x2c 0x22 0x42 0x54 0x48 0x6f 0x6d 0x65 0x43 0x6f 0x6e 0x74 0x72 0x6f 0x6c 0x2e 0x47 0x65 0x74 0x53 0x74 0x61 0x74 0x75 0x73 0x22 0x2c 0x22 0x42 0x54 0x48 0x6f 0x6d 0x65 0x43 0x6f 0x6e 0x74 0x72 0x6f 0x6c 0x2e 0x53 0x74
18:36:33 D shos_bt_hci.c:320       HCI TX ACL: ch 1 ATT op=0x0b len=253
18:36:33 D shos_bt_hci.c:185       HCI RX EVT: code=0x13 len=7
18:36:33 D shos_bt_hci.c:317       HCI RX ACL: ch 1 ATT op=0x0a ah=8 len=11
18:36:33 D NimBLE                  ble_hs_hci_evt_acl_process(): conn_handle=1 pb=2 len=7 data=0x03 0x00 0x04 0x00 0x0a 0x08 0x00
18:36:33 D c_channel_gatts.cpp:228 0x3fcc4bb4 sending 244 @ 1220 (1821 left), mtu 247
18:36:33 D bt_nimble_gatts.cpp:644 READ_CHR f4:26:79:20:c5:ff,p ch 1 ah 8 (5f6d4f53-5f52-5043-5f64-6174615f5f5f) -> 0 244
18:36:33 D NimBLE                  host tx hci data; handle=1 length=249
18:36:33 D NimBLE                  ble_hs_hci_acl_tx(): 0x01 0x00 0xf9 0x00 0xf5 0x00 0x04 0x00 0x0b 0x6f 0x70 0x4c 0x65 0x61 0x72 0x6e 0x69 0x6e 0x67 0x22 0x2c 0x22 0x42 0x54 0x48 0x6f 0x6d 0x65 0x43 0x6f 0x6e 0x74 0x72 0x6f 0x6c 0x2e 0x53 0x74 0x61 0x72 0x74 0x4c 0x65 0x61 0x72 0x6e 0x69 0x6e 0x67 0x22 0x2c 0x22 0x42 0x54 0x48 0x6f 0x6d 0x65 0x53 0x65 0x6e 0x73 0x6f 0x72 0x2e 0x53 0x65 0x74 0x43 0x6f 0x6e 0x66 0x69 0x67 0x22 0x2c 0x22 0x42 0x54 0x48 0x6f 0x6d 0x65 0x53 0x65 0x6e 0x73 0x6f 0x72 0x2e 0x47 0x65 0x74 0x43 0x6f 0x6e 0x66 0x69 0x67 0x22 0x2c 0x22 0x42 0x54 0x48 0x6f 0x6d 0x65 0x53 0x65 0x6e 0x73 0x6f 0x72 0x2e 0x47 0x65 0x74 0x53 0x74 0x61 0x74 0x75 0x73 0x22 0x2c 0x22 0x42 0x54 0x48 0x6f 0x6d 0x65 0x44 0x65 0x76 0x69 0x63 0x65 0x2e 0x52 0x65 0x73 0x65 0x74 0x43 0x6f 0x75 0x6e 0x74 0x65 0x72 0x22 0x2c 0x22 0x42 0x54 0x48 0x6f 0x6d 0x65 0x44 0x65 0x76 0x69 0x63 0x65 0x2e 0x55 0x70 0x64 0x61 0x74 0x65 0x46 0x69 0x72 0x6d 0x77 0x61 0x72 0x65 0x22 0x2c 0x22 0x42 0x54 0x48 0x6f 0x6d 0x65 0x44 0x65 0x76 0x69 0x63 0x65 0x2e 0x47 0x65 0x74 0x4b 0x6e 0x6f 0x77 0x6e 0x4f 0x62 0x6a 0x65 0x63 0x74 0x73 0x22 0x2c 0x22 0x42 0x54 0x48 0x6f 0x6d 0x65 0x44 0x65 0x76 0x69 0x63 0x65 0x2e 0x53 0x65 0x74 0x43 0x6f 0x6e 0x66 0x69 0x67 0x22 0x2c 0x22 0x42 0x54 0x48 0x6f 0x6d 0x65 0x44 0x65 0x76 0x69 0x63 0x65
18:36:33 D shos_bt_hci.c:320       HCI TX ACL: ch 1 ATT op=0x0b len=253
18:36:34 D shos_bt_hci.c:185       HCI RX EVT: code=0x13 len=7
18:36:34 D NimBLE                  ble_hs_hci_evt_acl_process(): conn_handle=1 pb=2 len=7 data=0x03 0x00 0x04 0x00 0x0a 0x08 0x00
18:36:34 D c_channel_gatts.cpp:228 0x3fcc4bb4 sending 244 @ 1464 (1577 left), mtu 247
18:36:34 D bt_nimble_gatts.cpp:644 READ_CHR f4:26:79:20:c5:ff,p ch 1 ah 8 (5f6d4f53-5f52-5043-5f64-6174615f5f5f) -> 0 244
18:36:34 D NimBLE                  host tx hci data; handle=1 length=249
18:36:34 D NimBLE                  ble_hs_hci_acl_tx(): 0x01 0x00 0xf9 0x00 0xf5 0x00 0x04 0x00 0x0b 0x2e 0x47 0x65 0x74 0x43 0x6f 0x6e 0x66 0x69 0x67 0x22 0x2c 0x22 0x42 0x54 0x48 0x6f 0x6d 0x65 0x44 0x65 0x76 0x69 0x63 0x65 0x2e 0x47 0x65 0x74 0x53 0x74 0x61 0x74 0x75 0x73 0x22 0x2c 0x22 0x42 0x54 0x48 0x6f 0x6d 0x65 0x2e 0x52 0x65 0x73 0x65 0x74 0x45 0x6e 0x63 0x72 0x79 0x70 0x74 0x69 0x6f 0x6e 0x43 0x6f 0x75 0x6e 0x74 0x65 0x72 0x22 0x2c 0x22 0x42 0x54 0x48 0x6f 0x6d 0x65 0x2e 0x47 0x65 0x74 0x4f 0x62 0x6a 0x65 0x63 0x74 0x49 0x6e 0x66 0x6f 0x73 0x22 0x2c 0x22 0x42 0x54 0x48 0x6f 0x6d 0x65 0x2e 0x44 0x65 0x6c 0x65 0x74 0x65 0x53 0x65 0x6e 0x73 0x6f 0x72 0x22 0x2c 0x22 0x42 0x54 0x48 0x6f 0x6d 0x65 0x2e 0x41 0x64 0x64 0x53 0x65 0x6e 0x73 0x6f 0x72 0x22 0x2c 0x22 0x42 0x54 0x48 0x6f 0x6d 0x65 0x2e 0x44 0x65 0x6c 0x65 0x74 0x65 0x44 0x65 0x76 0x69 0x63 0x65 0x22 0x2c 0x22 0x42 0x54 0x48 0x6f 0x6d 0x65 0x2e 0x41 0x64 0x64 0x44 0x65 0x76 0x69 0x63 0x65 0x22 0x2c 0x22 0x42 0x54 0x48 0x6f 0x6d 0x65 0x2e 0x53 0x74 0x61 0x72 0x74 0x44 0x65 0x76 0x69 0x63 0x65 0x44 0x69 0x73 0x63 0x6f 0x76 0x65 0x72 0x79 0x22 0x2c 0x22 0x42 0x54 0x48 0x6f 0x6d 0x65 0x2e 0x53 0x65 0x74 0x43 0x6f 0x6e 0x66 0x69 0x67 0x22 0x2c 0x22 0x42 0x54 0x48 0x6f 0x6d 0x65 0x2e 0x47 0x65 0x74 0x43 0x6f 0x6e 0x66 0x69 0x67 0x22 0x2c 0x22
18:36:34 D shos_bt_hci.c:320       HCI TX ACL: ch 1 ATT op=0x0b len=253
18:36:34 D shos_bt_hci.c:185       HCI RX EVT: code=0x13 len=7
18:36:34 D esp32xx_wifi_if.cpp:234 PK check: link 1 gw 1 UC 1266 MC 1673 ctr 16/105 ping 0 num_act 0
18:36:34 D hos_lwip_eth_if.cpp:513 ws(0x3fcc2404): Status: server 0 oper_up 1 link_up 1/1 hf 81552
18:36:34 D shos_bt_hci.c:317       HCI RX ACL: ch 1 ATT op=0x0a ah=8 len=11
18:36:34 D NimBLE                  ble_hs_hci_evt_acl_process(): conn_handle=1 pb=2 len=7 data=0x03 0x00 0x04 0x00 0x0a 0x08 0x00
18:36:34 D c_channel_gatts.cpp:228 0x3fcc4bb4 sending 244 @ 1708 (1333 left), mtu 247
18:36:34 D bt_nimble_gatts.cpp:644 READ_CHR f4:26:79:20:c5:ff,p ch 1 ah 8 (5f6d4f53-5f52-5043-5f64-6174615f5f5f) -> 0 244
18:36:34 D NimBLE                  host tx hci data; handle=1 length=249
18:36:34 D NimBLE                  ble_hs_hci_acl_tx(): 0x01 0x00 0xf9 0x00 0xf5 0x00 0x04 0x00 0x0b 0x42 0x54 0x48 0x6f 0x6d 0x65 0x2e 0x47 0x65 0x74 0x53 0x74 0x61 0x74 0x75 0x73 0x22 0x2c 0x22 0x57 0x65 0x62 0x68 0x6f 0x6f 0x6b 0x2e 0x4c 0x69 0x73 0x74 0x41 0x6c 0x6c 0x53 0x75 0x70 0x70 0x6f 0x72 0x74 0x65 0x64 0x22 0x2c 0x22 0x57 0x65 0x62 0x68 0x6f 0x6f 0x6b 0x2e 0x4c 0x69 0x73 0x74 0x53 0x75 0x70 0x70 0x6f 0x72 0x74 0x65 0x64 0x22 0x2c 0x22 0x57 0x65 0x62 0x68 0x6f 0x6f 0x6b 0x2e 0x4c 0x69 0x73 0x74 0x22 0x2c 0x22 0x57 0x65 0x62 0x68 0x6f 0x6f 0x6b 0x2e 0x44 0x65 0x6c 0x65 0x74 0x65 0x41 0x6c 0x6c 0x22 0x2c 0x22 0x57 0x65 0x62 0x68 0x6f 0x6f 0x6b 0x2e 0x44 0x65 0x6c 0x65 0x74 0x65 0x22 0x2c 0x22 0x57 0x65 0x62 0x68 0x6f 0x6f 0x6b 0x2e 0x55 0x70 0x64 0x61 0x74 0x65 0x22 0x2c 0x22 0x57 0x65 0x62 0x68 0x6f 0x6f 0x6b 0x2e 0x43 0x72 0x65 0x61 0x74 0x65 0x22 0x2c 0x22 0x57 0x53 0x2e 0x53 0x65 0x74 0x43 0x6f 0x6e 0x66 0x69 0x67 0x22 0x2c 0x22 0x57 0x53 0x2e 0x47 0x65 0x74 0x43 0x6f 0x6e 0x66 0x69 0x67 0x22 0x2c 0x22 0x57 0x53 0x2e 0x47 0x65 0x74 0x53 0x74 0x61 0x74 0x75 0x73 0x22 0x2c 0x22 0x4d 0x71 0x74 0x74 0x2e 0x53 0x65 0x74 0x43 0x6f 0x6e 0x66 0x69 0x67 0x22 0x2c 0x22 0x4d 0x71 0x74 0x74 0x2e 0x47 0x65 0x74 0x43 0x6f 0x6e 0x66 0x69 0x67 0x22 0x2c 0x22 0x4d 0x71 0x74 0x74 0x2e 0x47 0x65 0x74 0x53
18:36:34 D shos_bt_hci.c:320       HCI TX ACL: ch 1 ATT op=0x0b len=253
18:36:34 D shos_bt_hci.c:185       HCI RX EVT: code=0x13 len=7
18:36:34 D shos_http_base.cpp:443  0x3fcc5634: Send WS ping
18:36:34 D shos_bt_hci.c:317       HCI RX ACL: ch 1 ATT op=0x0a ah=8 len=11
18:36:34 D NimBLE                  ble_hs_hci_evt_acl_process(): conn_handle=1 pb=2 len=7 data=0x03 0x00 0x04 0x00 0x0a 0x08 0x00
18:36:34 D c_channel_gatts.cpp:228 0x3fcc4bb4 sending 244 @ 1952 (1089 left), mtu 247
18:36:34 D bt_nimble_gatts.cpp:644 READ_CHR f4:26:79:20:c5:ff,p ch 1 ah 8 (5f6d4f53-5f52-5043-5f64-6174615f5f5f) -> 0 244
18:36:34 D NimBLE                  host tx hci data; handle=1 length=249
18:36:34 D NimBLE                  ble_hs_hci_acl_tx(): 0x01 0x00 0xf9 0x00 0xf5 0x00 0x04 0x00 0x0b 0x74 0x61 0x74 0x75 0x73 0x22 0x2c 0x22 0x43 0x6c 0x6f 0x75 0x64 0x2e 0x53 0x65 0x74 0x43 0x6f 0x6e 0x66 0x69 0x67 0x22 0x2c 0x22 0x43 0x6c 0x6f 0x75 0x64 0x2e 0x47 0x65 0x74 0x43 0x6f 0x6e 0x66 0x69 0x67 0x22 0x2c 0x22 0x43 0x6c 0x6f 0x75 0x64 0x2e 0x47 0x65 0x74 0x53 0x74 0x61 0x74 0x75 0x73 0x22 0x2c 0x22 0x42 0x4c 0x45 0x2e 0x53 0x65 0x6e 0x64 0x42 0x54 0x48 0x6f 0x6d 0x65 0x43 0x6f 0x6d 0x6d 0x61 0x6e 0x64 0x22 0x2c 0x22 0x42 0x4c 0x45 0x2e 0x41 0x64 0x76 0x65 0x72 0x74 0x69 0x73 0x65 0x4f 0x6e 0x63 0x65 0x22 0x2c 0x22 0x42 0x4c 0x45 0x2e 0x44 0x65 0x6c 0x65 0x74 0x65 0x50 0x61 0x69 0x72 0x65 0x64 0x44 0x65 0x76 0x69 0x63 0x65 0x22 0x2c 0x22 0x42 0x4c 0x45 0x2e 0x4c 0x69 0x73 0x74 0x50 0x61 0x69 0x72 0x65 0x64 0x44 0x65 0x76 0x69 0x63 0x65 0x73 0x22 0x2c 0x22 0x42 0x4c 0x45 0x2e 0x53 0x74 0x6f 0x70 0x50 0x61 0x69 0x72 0x69 0x6e 0x67 0x22 0x2c 0x22 0x42 0x4c 0x45 0x2e 0x53 0x74 0x61 0x72 0x74 0x50 0x61 0x69 0x72 0x69 0x6e 0x67 0x22 0x2c 0x22 0x42 0x4c 0x45 0x2e 0x53 0x65 0x74 0x43 0x6f 0x6e 0x66 0x69 0x67 0x22 0x2c 0x22 0x42 0x4c 0x45 0x2e 0x47 0x65 0x74 0x43 0x6f 0x6e 0x66 0x69 0x67 0x22 0x2c 0x22 0x42 0x4c 0x45 0x2e 0x47 0x65 0x74 0x53 0x74 0x61 0x74 0x75 0x73 0x22 0x2c 0x22 0x42 0x4c 0x45 0x2e
18:36:34 D shos_bt_hci.c:320       HCI TX ACL: ch 1 ATT op=0x0b len=253
18:36:34 D shos_bt_hci.c:185       HCI RX EVT: code=0x13 len=7
18:36:34 D shos_bt_hci.c:317       HCI RX ACL: ch 1 ATT op=0x0a ah=8 len=11
18:36:34 W shelly_tmcu.cpp:507     Heartbeat timed out!
18:36:34 D NimBLE                  ble_hs_hci_evt_acl_process(): conn_handle=1 pb=2 len=7 data=0x03 0x00 0x04 0x00 0x0a 0x08 0x00
18:36:34 D c_channel_gatts.cpp:228 0x3fcc4bb4 sending 244 @ 2196 (845 left), mtu 247
18:36:34 D bt_nimble_gatts.cpp:644 READ_CHR f4:26:79:20:c5:ff,p ch 1 ah 8 (5f6d4f53-5f52-5043-5f64-6174615f5f5f) -> 0 244
18:36:34 D NimBLE                  host tx hci data; handle=1 length=249
18:36:35 D NimBLE                  ble_hs_hci_acl_tx(): 0x01 0x00 0xf9 0x00 0xf5 0x00 0x04 0x00 0x0b 0x43 0x6c 0x6f 0x75 0x64 0x52 0x65 0x6c 0x61 0x79 0x2e 0x4c 0x69 0x73 0x74 0x49 0x6e 0x66 0x6f 0x73 0x22 0x2c 0x22 0x42 0x4c 0x45 0x2e 0x43 0x6c 0x6f 0x75 0x64 0x52 0x65 0x6c 0x61 0x79 0x2e 0x4c 0x69 0x73 0x74 0x22 0x2c 0x22 0x57 0x69 0x66 0x69 0x2e 0x53 0x63 0x61 0x6e 0x22 0x2c 0x22 0x57 0x69 0x66 0x69 0x2e 0x4c 0x69 0x73 0x74 0x41 0x50 0x43 0x6c 0x69 0x65 0x6e 0x74 0x73 0x22 0x2c 0x22 0x57 0x69 0x66 0x69 0x2e 0x53 0x65 0x74 0x43 0x6f 0x6e 0x66 0x69 0x67 0x22 0x2c 0x22 0x57 0x69 0x66 0x69 0x2e 0x47 0x65 0x74 0x43 0x6f 0x6e 0x66 0x69 0x67 0x22 0x2c 0x22 0x57 0x69 0x66 0x69 0x2e 0x47 0x65 0x74 0x53 0x74 0x61 0x74 0x75 0x73 0x22 0x2c 0x22 0x53 0x79 0x73 0x2e 0x53 0x74 0x6f 0x70 0x44 0x69 0x73 0x63 0x6f 0x76 0x65 0x72 0x79 0x22 0x2c 0x22 0x53 0x79 0x73 0x2e 0x53 0x74 0x61 0x72 0x74 0x44 0x69 0x73 0x63 0x6f 0x76 0x65 0x72 0x79 0x22 0x2c 0x22 0x53 0x79 0x73 0x2e 0x53 0x65 0x74 0x54 0x69 0x6d 0x65 0x22 0x2c 0x22 0x53 0x79 0x73 0x2e 0x53 0x65 0x74 0x43 0x6f 0x6e 0x66 0x69 0x67 0x22 0x2c 0x22 0x53 0x79 0x73 0x2e 0x47 0x65 0x74 0x43 0x6f 0x6e 0x66 0x69 0x67 0x22 0x2c 0x22 0x53 0x79 0x73 0x2e 0x47 0x65 0x74 0x53 0x74 0x61 0x74 0x75 0x73 0x22 0x2c 0x22 0x4b 0x56 0x53 0x2e 0x44 0x65 0x6c 0x65 0x74 0x65 0x22 0x2c
18:36:35 D shos_bt_hci.c:320       HCI TX ACL: ch 1 ATT op=0x0b len=253
18:36:35 D shos_bt_hci.c:185       HCI RX EVT: code=0x13 len=7
18:36:35 D shelly_tmcu.cpp:927     Process 1 commands
18:36:35 D shelly_tmcu.cpp:890     TX: 0x00 v=3 [] (Expecting heartbeat)
18:36:35 D shos_http_base.cpp:555  0x3fcc5634: Recd WS pong
18:36:35 D shos_bt_hci.c:317       HCI RX ACL: ch 1 ATT op=0x0a ah=8 len=11
18:36:35 D NimBLE                  ble_hs_hci_evt_acl_process(): conn_handle=1 pb=2 len=7 data=0x03 0x00 0x04 0x00 0x0a 0x08 0x00
18:36:35 D c_channel_gatts.cpp:228 0x3fcc4bb4 sending 244 @ 2440 (601 left), mtu 247
18:36:35 D bt_nimble_gatts.cpp:644 READ_CHR f4:26:79:20:c5:ff,p ch 1 ah 8 (5f6d4f53-5f52-5043-5f64-6174615f5f5f) -> 0 244
18:36:35 D NimBLE                  host tx hci data; handle=1 length=249
18:36:35 D NimBLE                  ble_hs_hci_acl_tx(): 0x01 0x00 0xf9 0x00 0xf5 0x00 0x04 0x00 0x0b 0x22 0x4b 0x56 0x53 0x2e 0x53 0x65 0x74 0x22 0x2c 0x22 0x4b 0x56 0x53 0x2e 0x47 0x65 0x74 0x4d 0x61 0x6e 0x79 0x22 0x2c 0x22 0x4b 0x56 0x53 0x2e 0x47 0x65 0x74 0x22 0x2c 0x22 0x4b 0x56 0x53 0x2e 0x4c 0x69 0x73 0x74 0x22 0x2c 0x22 0x53 0x68 0x65 0x6c 0x6c 0x79 0x2e 0x49 0x64 0x65 0x6e 0x74 0x69 0x66 0x79 0x22 0x2c 0x22 0x48 0x54 0x54 0x50 0x2e 0x52 0x65 0x71 0x75 0x65 0x73 0x74 0x22 0x2c 0x22 0x48 0x54 0x54 0x50 0x2e 0x50 0x4f 0x53 0x54 0x22 0x2c 0x22 0x48 0x54 0x54 0x50 0x2e 0x47 0x45 0x54 0x22 0x2c 0x22 0x53 0x68 0x65 0x6c 0x6c 0x79 0x2e 0x4c 0x69 0x73 0x74 0x4d 0x65 0x74 0x68 0x6f 0x64 0x73 0x22 0x2c 0x22 0x53 0x68 0x65 0x6c 0x6c 0x79 0x2e 0x50 0x75 0x74 0x48 0x54 0x54 0x50 0x53 0x65 0x72 0x76 0x65 0x72 0x43 0x41 0x42 0x75 0x6e 0x64 0x6c 0x65 0x22 0x2c 0x22 0x53 0x68 0x65 0x6c 0x6c 0x79 0x2e 0x50 0x75 0x74 0x48 0x54 0x54 0x50 0x53 0x65 0x72 0x76 0x65 0x72 0x4b 0x65 0x79 0x22 0x2c 0x22 0x53 0x68 0x65 0x6c 0x6c 0x79 0x2e 0x50 0x75 0x74 0x48 0x54 0x54 0x50 0x53 0x65 0x72 0x76 0x65 0x72 0x43 0x65 0x72 0x74 0x22 0x2c 0x22 0x53 0x68 0x65 0x6c 0x6c 0x79 0x2e 0x50 0x75 0x74 0x54 0x4c 0x53 0x43 0x6c 0x69 0x65 0x6e 0x74 0x4b 0x65 0x79 0x22 0x2c 0x22 0x53 0x68 0x65 0x6c 0x6c 0x79 0x2e 0x50 0x75 0x74 0x54 0x4c
18:36:35 D shos_bt_hci.c:185       HCI RX EVT: code=0x13 len=7
18:36:35 D shos_bt_hci.c:317       HCI RX ACL: ch 1 ATT op=0x0a ah=8 len=11
18:36:35 D NimBLE                  ble_hs_hci_evt_acl_process(): conn_handle=1 pb=2 len=7 data=0x03 0x00 0x04 0x00 0x0a 0x08 0x00
18:36:35 D c_channel_gatts.cpp:228 0x3fcc4bb4 sending 244 @ 2684 (357 left), mtu 247
18:36:35 D bt_nimble_gatts.cpp:644 READ_CHR f4:26:79:20:c5:ff,p ch 1 ah 8 (5f6d4f53-5f52-5043-5f64-6174615f5f5f) -> 0 244
18:36:35 D NimBLE                  host tx hci data; handle=1 length=249
18:36:35 D NimBLE                  ble_hs_hci_acl_tx(): 0x01 0x00 0xf9 0x00 0xf5 0x00 0x04 0x00 0x0b 0x53 0x43 0x6c 0x69 0x65 0x6e 0x74 0x43 0x65 0x72 0x74 0x22 0x2c 0x22 0x53 0x68 0x65 0x6c 0x6c 0x79 0x2e 0x50 0x75 0x74 0x55 0x73 0x65 0x72 0x43 0x41 0x22 0x2c 0x22 0x53 0x68 0x65 0x6c 0x6c 0x79 0x2e 0x52 0x65 0x62 0x6f 0x6f 0x74 0x22 0x2c 0x22 0x53 0x68 0x65 0x6c 0x6c 0x79 0x2e 0x53 0x65 0x74 0x41 0x75 0x74 0x68 0x22 0x2c 0x22 0x53 0x68 0x65 0x6c 0x6c 0x79 0x2e 0x55 0x70 0x64 0x61 0x74 0x65 0x22 0x2c 0x22 0x53 0x68 0x65 0x6c 0x6c 0x79 0x2e 0x43 0x68 0x65 0x63 0x6b 0x46 0x6f 0x72 0x55 0x70 0x64 0x61 0x74 0x65 0x22 0x2c 0x22 0x53 0x68 0x65 0x6c 0x6c 0x79 0x2e 0x44 0x65 0x74 0x65 0x63 0x74 0x4c 0x6f 0x63 0x61 0x74 0x69 0x6f 0x6e 0x22 0x2c 0x22 0x53 0x68 0x65 0x6c 0x6c 0x79 0x2e 0x4c 0x69 0x73 0x74 0x54 0x69 0x6d 0x65 0x7a 0x6f 0x6e 0x65 0x73 0x22 0x2c 0x22 0x53 0x68 0x65 0x6c 0x6c 0x79 0x2e 0x47 0x65 0x74 0x43 0x6f 0x6d 0x70 0x6f 0x6e 0x65 0x6e 0x74 0x73 0x22 0x2c 0x22 0x53 0x68 0x65 0x6c 0x6c 0x79 0x2e 0x47 0x65 0x74 0x53 0x74 0x61 0x74 0x75 0x73 0x22 0x2c 0x22 0x53 0x68 0x65 0x6c 0x6c 0x79 0x2e 0x46 0x61 0x63 0x74 0x6f 0x72 0x79 0x52 0x65 0x73 0x65 0x74 0x22 0x2c 0x22 0x53 0x68 0x65 0x6c 0x6c 0x79 0x2e 0x52 0x65 0x73 0x65 0x74 0x57 0x69 0x46 0x69 0x43 0x6f 0x6e 0x66 0x69 0x67 0x22 0x2c 0x22 0x53 0x68
18:36:35 D shos_bt_hci.c:320       HCI TX ACL: ch 1 ATT op=0x0b len=253
18:36:35 D shos_bt_hci.c:185       HCI RX EVT: code=0x13 len=7
18:36:35 D shos_bt_hci.c:317       HCI RX ACL: ch 1 ATT op=0x0a ah=8 len=11
18:36:35 D NimBLE                  ble_hs_hci_evt_acl_process(): conn_handle=1 pb=2 len=7 data=0x03 0x00 0x04 0x00 0x0a 0x08 0x00
18:36:35 D c_channel_gatts.cpp:228 0x3fcc4bb4 sending 244 @ 2928 (113 left), mtu 247
18:36:35 D bt_nimble_gatts.cpp:644 READ_CHR f4:26:79:20:c5:ff,p ch 1 ah 8 (5f6d4f53-5f52-5043-5f64-6174615f5f5f) -> 0 244
18:36:35 D NimBLE                  host tx hci data; handle=1 length=249
18:36:35 D NimBLE                  ble_hs_hci_acl_tx(): 0x01 0x00 0xf9 0x00 0xf5 0x00 0x04 0x00 0x0b 0x65 0x6c 0x6c 0x79 0x2e 0x47 0x65 0x74 0x43 0x6f 0x6e 0x66 0x69 0x67 0x22 0x2c 0x22 0x53 0x68 0x65 0x6c 0x6c 0x79 0x2e 0x47 0x65 0x74 0x44 0x65 0x76 0x69 0x63 0x65 0x49 0x6e 0x66 0x6f 0x22 0x2c 0x22 0x58 0x4d 0x4f 0x44 0x2e 0x47 0x65 0x74 0x49 0x6e 0x66 0x6f 0x22 0x2c 0x22 0x58 0x4d 0x4f 0x44 0x2e 0x41 0x70 0x70 0x6c 0x79 0x50 0x72 0x6f 0x64 0x75 0x63 0x74 0x4a 0x57 0x53 0x22 0x2c 0x22 0x53 0x79 0x73 0x2e 0x44 0x6f 0x77 0x6e 0x6c 0x6f 0x61 0x64 0x42 0x61 0x63 0x6b 0x75 0x70 0x22 0x2c 0x22 0x53 0x79 0x73 0x2e 0x43 0x6c 0x65 0x61 0x72 0x44 0x65 0x66 0x61 0x75 0x6c 0x74 0x43 0x6f 0x6e 0x66 0x69 0x67 0x22 0x2c 0x22 0x53 0x79 0x73 0x2e 0x41 0x70 0x70 0x6c 0x79 0x44 0x65 0x66 0x61 0x75 0x6c 0x74 0x43 0x6f 0x6e 0x66 0x69 0x67 0x22 0x2c 0x22 0x53 0x79 0x73 0x2e 0x55 0x70 0x6c 0x6f 0x61 0x64 0x44 0x65 0x66 0x61 0x75 0x6c 0x74 0x43 0x6f 0x6e 0x66 0x69 0x67 0x22 0x2c 0x22 0x53 0x79 0x73 0x2e 0x52 0x65 0x73 0x74 0x6f 0x72 0x65 0x42 0x61 0x63 0x6b 0x75 0x70 0x22 0x2c 0x22 0x53 0x79 0x73 0x2e 0x55 0x70 0x6c 0x6f 0x61 0x64 0x42 0x61 0x63 0x6b 0x75 0x70 0x22 0x2c 0x22 0x53 0x79 0x73 0x2e 0x43 0x72 0x65 0x61 0x74 0x65 0x44 0x65 0x66 0x61 0x75 0x6c 0x74 0x43 0x6f 0x6e 0x66 0x69 0x67 0x22 0x2c 0x22 0x53 0x79 0x73 0x2e
18:36:35 D shos_bt_hci.c:320       HCI TX ACL: ch 1 ATT op=0x0b len=253
18:36:35 D shos_bt_hci.c:185       HCI RX EVT: code=0x13 len=7
18:36:35 W shelly_tmcu.cpp:507     Heartbeat timed out!
18:36:35 D shelly_tmcu.cpp:927     Process 1 commands
18:36:35 D shelly_tmcu.cpp:890     TX: 0x00 v=3 [] (Expecting heartbeat)
18:36:35 D shos_bt_hci.c:317       HCI RX ACL: ch 1 ATT op=0x0a ah=8 len=11
18:36:35 D NimBLE                  ble_hs_hci_evt_acl_process(): conn_handle=1 pb=2 len=7 data=0x03 0x00 0x04 0x00 0x0a 0x08 0x00
18:36:35 D c_channel_gatts.cpp:228 0x3fcc4bb4 sending 113 @ 3172 (0 left), mtu 247
18:36:35 D shos_rpc_inst.c:479     0x3fcc4bb8 FRAME SENT (1)
18:36:36 D bt_nimble_gatts.cpp:644 READ_CHR f4:26:79:20:c5:ff,p ch 1 ah 8 (5f6d4f53-5f52-5043-5f64-6174615f5f5f) -> 0 113
18:36:36 D NimBLE                  host tx hci data; handle=1 length=118
18:36:36 D NimBLE                  ble_hs_hci_acl_tx(): 0x01 0x00 0x76 0x00 0x72 0x00 0x04 0x00 0x0b 0x43 0x72 0x65 0x61 0x74 0x65 0x42 0x61 0x63 0x6b 0x75 0x70 0x22 0x2c 0x22 0x4f 0x54 0x41 0x2e 0x41 0x62 0x6f 0x72 0x74 0x22 0x2c 0x22 0x4f 0x54 0x41 0x2e 0x57 0x72 0x69 0x74 0x65 0x22 0x2c 0x22 0x4f 0x54 0x41 0x2e 0x44 0x61 0x74 0x61 0x22 0x2c 0x22 0x4f 0x54 0x41 0x2e 0x53 0x74 0x61 0x72 0x74 0x22 0x2c 0x22 0x4f 0x54 0x41 0x2e 0x52 0x65 0x76 0x65 0x72 0x74 0x22 0x2c 0x22 0x4f 0x54 0x41 0x2e 0x43 0x6f 0x6d 0x6d 0x69 0x74 0x22 0x2c 0x22 0x4f 0x54 0x41 0x2e 0x55 0x70 0x64 0x61 0x74 0x65 0x22 0x2c 0x22 0x52 0x50 0x43 0x2e 0x50 0x69 0x6e 0x67 0x22 0x5d 0x7d 0x7d
18:36:36 D shos_bt_hci.c:320       HCI TX ACL: ch 1 ATT op=0x0b len=122
18:36:36 D shos_bt_hci.c:185       HCI RX EVT: code=0x13 len=7
18:36:36 D esp32xx_wifi_if.cpp:234 PK check: link 1 gw 1 UC 1277 MC 1678 ctr 16/105 ping 0 num_act 0
18:36:36 D hos_lwip_eth_if.cpp:513 ws(0x3fcc2404): Status: server 0 oper_up 1 link_up 1/1 hf 91088
18:36:36 W shelly_tmcu.cpp:507     Heartbeat timed out!
18:36:36 D shelly_tmcu.cpp:927     Process 1 commands
18:36:36 D shelly_tmcu.cpp:890     TX: 0x00 v=3 [] (Expecting heartbeat)
18:36:37 W shelly_tmcu.cpp:507     Heartbeat timed out!
18:36:37 D shelly_tmcu.cpp:927     Process 1 commands
18:36:37 D shelly_tmcu.cpp:890     TX: 0x00 v=3 [] (Expecting heartbeat)
18:36:37 D shos_vfs.c:622          lseek 256 0 0 => 0x3fca5bc0:0 => 0
18:36:37 D shos_vfs.c:622          lseek 256 0 0 => 0x3fca5bc0:0 => 0
18:36:37 D shos_vfs.c:622          lseek 256 3027 0 => 0x3fca5bc0:0 => 3027
18:36:37 D shos_vfs.c:622          lseek 256 0 0 => 0x3fca5bc0:0 => 0
18:36:37 D shos_vfs.c:622          lseek 256 0 0 => 0x3fca5bc0:0 => 0
18:36:37 D shos_vfs.c:622          lseek 256 803 0 => 0x3fca5bc0:0 => 803
18:36:37 I shelly_script.cpp:204   service:0 0.2% CPU utilization
18:36:38 D esp32xx_wifi_if.cpp:234 PK check: link 1 gw 1 UC 1285 MC 1682 ctr 16/105 ping 0 num_act 0
18:36:38 D hos_lwip_eth_if.cpp:513 ws(0x3fcc2404): Status: server 0 oper_up 1 link_up 1/1 hf 94224
18:36:38 W shelly_tmcu.cpp:507     Heartbeat timed out!
18:36:38 D shelly_tmcu.cpp:927     Process 1 commands
18:36:38 D shelly_tmcu.cpp:890     TX: 0x00 v=3 [] (Expecting heartbeat)
18:36:39 W shelly_tmcu.cpp:507     Heartbeat timed out!
18:36:39 D shelly_tmcu.cpp:927     Process 1 commands
18:36:39 D shelly_tmcu.cpp:890     TX: 0x00 v=3 [] (Expecting heartbeat)
18:36:39 D shos_wifi_sta.cpp:524   State 8 ev -1 timeout 1
18:36:39 D shos_wifi_sta.cpp:813   Avg RSSI -68, ok
18:36:40 D esp32xx_wifi_if.cpp:234 PK check: link 1 gw 1 UC 1292 MC 1691 ctr 16/105 ping 0 num_act 0
18:36:40 D hos_lwip_eth_if.cpp:513 ws(0x3fcc2404): Status: server 0 oper_up 1 link_up 1/1 hf 94224
18:36:40 W shelly_tmcu.cpp:507     Heartbeat timed out!
18:36:40 D shelly_tmcu.cpp:927     Process 1 commands
18:36:40 D shelly_tmcu.cpp:890     TX: 0x00 v=3 [] (Expecting heartbeat)
18:36:41 W shelly_tmcu.cpp:507     Heartbeat timed out!
18:36:41 D shelly_tmcu.cpp:927     Process 1 commands
18:36:41 D shelly_tmcu.cpp:890     TX: 0x00 v=3 [] (Expecting heartbeat)
18:36:42 D esp32xx_wifi_if.cpp:234 PK check: link 1 gw 1 UC 1298 MC 1696 ctr 16/105 ping 0 num_act 0
18:36:42 D hos_lwip_eth_if.cpp:513 ws(0x3fcc2404): Status: server 0 oper_up 1 link_up 1/1 hf 94224
18:36:42 W shelly_tmcu.cpp:507     Heartbeat timed out!
18:36:42 D shelly_tmcu.cpp:927     Process 1 commands
18:36:42 D shelly_tmcu.cpp:890     TX: 0x00 v=3 [] (Expecting heartbeat)
18:36:43 W shelly_tmcu.cpp:507     Heartbeat timed out!
18:36:43 D shelly_tmcu.cpp:927     Process 1 commands
18:36:43 D shelly_tmcu.cpp:890     TX: 0x00 v=3 [] (Expecting heartbeat)
18:36:44 D esp32xx_wifi_if.cpp:234 PK check: link 1 gw 1 UC 1304 MC 1703 ctr 16/105 ping 0 num_act 0
18:36:44 D hos_lwip_eth_if.cpp:513 ws(0x3fcc2404): Status: server 0 oper_up 1 link_up 1/1 hf 94224
18:36:44 W shelly_tmcu.cpp:507     Heartbeat timed out!
18:36:44 D shelly_tmcu.cpp:927     Process 1 commands
18:36:44 D shelly_tmcu.cpp:890     TX: 0x00 v=3 [] (Expecting heartbeat)
18:36:45 W shelly_tmcu.cpp:507     Heartbeat timed out!
18:36:45 D shelly_tmcu.cpp:927     Process 1 commands
18:36:45 D shelly_tmcu.cpp:890     TX: 0x00 v=3 [] (Expecting heartbeat)
18:36:46 D esp32xx_wifi_if.cpp:234 PK check: link 1 gw 1 UC 1310 MC 1712 ctr 16/105 ping 0 num_act 0
18:36:46 D hos_lwip_eth_if.cpp:513 ws(0x3fcc2404): Status: server 0 oper_up 1 link_up 1/1 hf 94224
18:36:46 W shelly_tmcu.cpp:507     Heartbeat timed out!
18:36:46 D shelly_tmcu.cpp:927     Process 1 commands
18:36:46 D shelly_tmcu.cpp:890     TX: 0x00 v=3 [] (Expecting heartbeat)
18:36:47 W shelly_tmcu.cpp:507     Heartbeat timed out!
18:36:47 D shelly_tmcu.cpp:927     Process 1 commands
18:36:47 D shelly_tmcu.cpp:890     TX: 0x00 v=3 [] (Expecting heartbeat)
18:36:48 D esp32xx_wifi_if.cpp:234 PK check: link 1 gw 1 UC 1316 MC 1719 ctr 16/105 ping 0 num_act 0
18:36:48 D hos_lwip_eth_if.cpp:513 ws(0x3fcc2404): Status: server 0 oper_up 1 link_up 1/1 hf 94224
18:36:48 W shelly_tmcu.cpp:507     Heartbeat timed out!
18:36:48 D shelly_tmcu.cpp:927     Process 1 commands
18:36:48 D shelly_tmcu.cpp:890     TX: 0x00 v=3 [] (Expecting heartbeat)
18:36:49 W shelly_tmcu.cpp:507     Heartbeat timed out!
18:36:49 D shelly_tmcu.cpp:927     Process 1 commands
18:36:49 D shelly_tmcu.cpp:890     TX: 0x00 v=3 [] (Expecting heartbeat)
18:36:50 D esp32xx_wifi_if.cpp:234 PK check: link 1 gw 1 UC 1321 MC 1726 ctr 16/105 ping 0 num_act 0
18:36:50 D hos_lwip_eth_if.cpp:513 ws(0x3fcc2404): Status: server 0 oper_up 1 link_up 1/1 hf 94224
18:36:50 W shelly_tmcu.cpp:507     Heartbeat timed out!
18:36:50 D shelly_tmcu.cpp:927     Process 1 commands
18:36:50 D shelly_tmcu.cpp:890     TX: 0x00 v=3 [] (Expecting heartbeat)
18:36:51 W shelly_tmcu.cpp:507     Heartbeat timed out!
18:36:51 D shelly_tmcu.cpp:927     Process 1 commands
18:36:51 D shelly_tmcu.cpp:890     TX: 0x00 v=3 [] (Expecting heartbeat)
18:36:52 D esp32xx_wifi_if.cpp:234 PK check: link 1 gw 1 UC 1327 MC 1730 ctr 16/105 ping 0 num_act 0
18:36:52 D hos_lwip_eth_if.cpp:513 ws(0x3fcc2404): Status: server 0 oper_up 1 link_up 1/1 hf 94224
18:36:52 W shelly_tmcu.cpp:507     Heartbeat timed out!
18:36:52 D shelly_tmcu.cpp:927     Process 1 commands
18:36:52 D shelly_tmcu.cpp:890     TX: 0x00 v=3 [] (Expecting heartbeat)
18:36:53 W shelly_tmcu.cpp:507     Heartbeat timed out!
18:36:53 D shelly_tmcu.cpp:927     Process 1 commands
18:36:53 D shelly_tmcu.cpp:890     TX: 0x00 v=3 [] (Expecting heartbeat)
18:36:54 D esp32xx_wifi_if.cpp:234 PK check: link 1 gw 1 UC 1332 MC 1735 ctr 16/105 ping 0 num_act 0
18:36:54 D hos_lwip_eth_if.cpp:513 ws(0x3fcc2404): Status: server 0 oper_up 1 link_up 1/1 hf 94224
18:36:54 W shelly_tmcu.cpp:507     Heartbeat timed out!
18:36:54 D shelly_tmcu.cpp:927     Process 1 commands
18:36:54 D shelly_tmcu.cpp:890     TX: 0x00 v=3 [] (Expecting heartbeat)
18:36:54 D shos_wifi_sta.cpp:524   State 8 ev -1 timeout 1
18:36:54 D shos_wifi_sta.cpp:813   Avg RSSI -69, ok
18:36:55 W shelly_tmcu.cpp:507     Heartbeat timed out!
18:36:55 D shelly_tmcu.cpp:927     Process 1 commands
18:36:55 D shelly_tmcu.cpp:890     TX: 0x00 v=3 [] (Expecting heartbeat)
18:36:56 D esp32xx_wifi_if.cpp:234 PK check: link 1 gw 1 UC 1339 MC 1740 ctr 16/105 ping 0 num_act 0
18:36:56 D hos_lwip_eth_if.cpp:513 ws(0x3fcc2404): Status: server 0 oper_up 1 link_up 1/1 hf 94224
18:36:56 W shelly_tmcu.cpp:507     Heartbeat timed out!
18:36:56 D shelly_tmcu.cpp:927     Process 1 commands
18:36:56 D shelly_tmcu.cpp:890     TX: 0x00 v=3 [] (Expecting heartbeat)
18:36:57 W shelly_tmcu.cpp:507     Heartbeat timed out!
18:36:57 D shelly_tmcu.cpp:927     Process 1 commands
18:36:57 D shelly_tmcu.cpp:890     TX: 0x00 v=3 [] (Expecting heartbeat)
18:36:58 D esp32xx_wifi_if.cpp:234 PK check: link 1 gw 1 UC 1344 MC 1744 ctr 16/105 ping 0 num_act 0
18:36:58 D hos_lwip_eth_if.cpp:513 ws(0x3fcc2404): Status: server 0 oper_up 1 link_up 1/1 hf 94224
18:36:58 W shelly_tmcu.cpp:507     Heartbeat timed out!
18:36:58 D shelly_tmcu.cpp:927     Process 1 commands
18:36:58 D shelly_tmcu.cpp:890     TX: 0x00 v=3 [] (Expecting heartbeat)
18:36:59 W shelly_tmcu.cpp:507     Heartbeat timed out!
18:36:59 D shelly_tmcu.cpp:927     Process 1 commands
18:36:59 D shelly_tmcu.cpp:890     TX: 0x00 v=3 [] (Expecting heartbeat)
18:37:00 D esp32xx_wifi_if.cpp:234 PK check: link 1 gw 1 UC 1349 MC 1754 ctr 16/105 ping 0 num_act 0
18:37:00 D hos_lwip_eth_if.cpp:513 ws(0x3fcc2404): Status: server 0 oper_up 1 link_up 1/1 hf 94224
18:37:00 W shelly_tmcu.cpp:507     Heartbeat timed out!
18:37:00 D shelly_tmcu.cpp:927     Process 1 commands
18:37:00 D shelly_tmcu.cpp:890     TX: 0x00 v=3 [] (Expecting heartbeat)
18:37:01 W shelly_tmcu.cpp:507     Heartbeat timed out!
18:37:01 D shelly_tmcu.cpp:927     Process 1 commands
18:37:01 D shelly_tmcu.cpp:890     TX: 0x00 v=3 [] (Expecting heartbeat)
18:37:02 D esp32xx_wifi_if.cpp:234 PK check: link 1 gw 1 UC 1355 MC 1763 ctr 16/105 ping 0 num_act 0
18:37:02 D hos_lwip_eth_if.cpp:513 ws(0x3fcc2404): Status: server 0 oper_up 1 link_up 1/1 hf 94224
18:37:02 W shelly_tmcu.cpp:507     Heartbeat timed out!
18:37:02 D shelly_tmcu.cpp:927     Process 1 commands
18:37:02 D shelly_tmcu.cpp:890     TX: 0x00 v=3 [] (Expecting heartbeat)
18:37:03 W shelly_tmcu.cpp:507     Heartbeat timed out!
18:37:03 D shelly_tmcu.cpp:927     Process 1 commands
18:37:03 D shelly_tmcu.cpp:890     TX: 0x00 v=3 [] (Expecting heartbeat)
18:37:04 D esp32xx_wifi_if.cpp:234 PK check: link 1 gw 1 UC 1361 MC 1768 ctr 16/105 ping 0 num_act 0
18:37:04 D hos_lwip_eth_if.cpp:513 ws(0x3fcc2404): Status: server 0 oper_up 1 link_up 1/1 hf 94224
18:37:04 W shelly_tmcu.cpp:507     Heartbeat timed out!
18:37:04 D shelly_tmcu.cpp:927     Process 1 commands
18:37:04 D shelly_tmcu.cpp:890     TX: 0x00 v=3 [] (Expecting heartbeat)
18:37:04 D shos_http_base.cpp:443  0x3fcc5634: Send WS ping
18:37:04 D shos_http_base.cpp:555  0x3fcc5634: Recd WS pong
18:37:05 W shelly_tmcu.cpp:507     Heartbeat timed out!
18:37:05 D shelly_tmcu.cpp:927     Process 1 commands
18:37:05 D shelly_tmcu.cpp:890     TX: 0x00 v=3 [] (Expecting heartbeat)
18:37:06 D esp32xx_wifi_if.cpp:234 PK check: link 1 gw 1 UC 1368 MC 1772 ctr 16/105 ping 0 num_act 0
18:37:06 D hos_lwip_eth_if.cpp:513 ws(0x3fcc2404): Status: server 0 oper_up 1 link_up 1/1 hf 94224
18:37:06 W shelly_tmcu.cpp:507     Heartbeat timed out!
18:37:06 D shelly_tmcu.cpp:927     Process 1 commands
18:37:06 D shelly_tmcu.cpp:890     TX: 0x00 v=3 [] (Expecting heartbeat)
18:37:07 W shelly_tmcu.cpp:507     Heartbeat timed out!
18:37:07 D shelly_tmcu.cpp:927     Process 1 commands
18:37:07 D shelly_tmcu.cpp:890     TX: 0x00 v=3 [] (Expecting heartbeat)
18:37:08 D shos_vfs.c:622          lseek 256 0 0 => 0x3fca5bc0:0 => 0
18:37:08 D shos_vfs.c:622          lseek 256 0 0 => 0x3fca5bc0:0 => 0
18:37:08 D shos_vfs.c:622          lseek 256 3027 0 => 0x3fca5bc0:0 => 3027
18:37:08 D shos_vfs.c:622          lseek 256 0 0 => 0x3fca5bc0:0 => 0
18:37:08 D shos_vfs.c:622          lseek 256 0 0 => 0x3fca5bc0:0 => 0
18:37:08 D shos_vfs.c:622          lseek 256 803 0 => 0x3fca5bc0:0 => 803
18:37:08 I shelly_script.cpp:204   service:0 0.2% CPU utilization
18:37:08 D esp32xx_wifi_if.cpp:234 PK check: link 1 gw 1 UC 1376 MC 1777 ctr 16/105 ping 0 num_act 0
18:37:08 D hos_lwip_eth_if.cpp:513 ws(0x3fcc2404): Status: server 0 oper_up 1 link_up 1/1 hf 94224
18:37:08 W shelly_tmcu.cpp:507     Heartbeat timed out!
18:37:08 D shelly_tmcu.cpp:927     Process 1 commands
18:37:08 D shelly_tmcu.cpp:890     TX: 0x00 v=3 [] (Expecting heartbeat)
18:37:09 W shelly_tmcu.cpp:507     Heartbeat timed out!
18:37:09 D shelly_tmcu.cpp:927     Process 1 commands
18:37:09 D shelly_tmcu.cpp:890     TX: 0x00 v=3 [] (Expecting heartbeat)
18:37:09 D shos_wifi_sta.cpp:524   State 8 ev -1 timeout 1
18:37:09 D shos_wifi_sta.cpp:813   Avg RSSI -69, ok
18:37:10 D esp32xx_wifi_if.cpp:234 PK check: link 1 gw 1 UC 1384 MC 1783 ctr 16/105 ping 0 num_act 0
18:37:10 D hos_lwip_eth_if.cpp:513 ws(0x3fcc2404): Status: server 0 oper_up 1 link_up 1/1 hf 94224
18:37:10 W shelly_tmcu.cpp:507     Heartbeat timed out!
18:37:10 D shelly_tmcu.cpp:927     Process 1 commands
18:37:10 D shelly_tmcu.cpp:890     TX: 0x00 v=3 [] (Expecting heartbeat)
18:37:11 W shelly_tmcu.cpp:507     Heartbeat timed out!
18:37:11 D shelly_tmcu.cpp:927     Process 1 commands
18:37:11 D shelly_tmcu.cpp:890     TX: 0x00 v=3 [] (Expecting heartbeat)
18:37:12 D esp32xx_wifi_if.cpp:234 PK check: link 1 gw 1 UC 1388 MC 1788 ctr 16/105 ping 0 num_act 0
18:37:12 D hos_lwip_eth_if.cpp:513 ws(0x3fcc2404): Status: server 0 oper_up 1 link_up 1/1 hf 94224
18:37:12 W shelly_tmcu.cpp:507     Heartbeat timed out!
18:37:12 D shelly_tmcu.cpp:927     Process 1 commands
18:37:12 D shelly_tmcu.cpp:890     TX: 0x00 v=3 [] (Expecting heartbeat)
18:37:13 W shelly_tmcu.cpp:507     Heartbeat timed out!
18:37:13 D shelly_tmcu.cpp:927     Process 1 commands
18:37:13 D shelly_tmcu.cpp:890     TX: 0x00 v=3 [] (Expecting heartbeat)
18:37:15 D esp32xx_wifi_if.cpp:234 PK check: link 1 gw 1 UC 1392 MC 1793 ctr 16/105 ping 0 num_act 0
18:37:15 D hos_lwip_eth_if.cpp:513 ws(0x3fcc2404): Status: server 0 oper_up 1 link_up 1/1 hf 94224
18:37:15 W shelly_tmcu.cpp:507     Heartbeat timed out!
18:37:15 D shelly_tmcu.cpp:927     Process 1 commands
18:37:15 D shelly_tmcu.cpp:890     TX: 0x00 v=3 [] (Expecting heartbeat)
18:37:17 W shelly_tmcu.cpp:507     Heartbeat timed out!
18:37:17 D shelly_tmcu.cpp:927     Process 1 commands
18:37:17 D shelly_tmcu.cpp:890     TX: 0x00 v=3 [] (Expecting heartbeat)
18:37:18 D esp32xx_wifi_if.cpp:234 PK check: link 1 gw 1 UC 1394 MC 1799 ctr 16/105 ping 0 num_act 0
18:37:18 D hos_lwip_eth_if.cpp:513 ws(0x3fcc2404): Status: server 0 oper_up 1 link_up 1/1 hf 92656
18:37:18 W shelly_tmcu.cpp:507     Heartbeat timed out!
18:37:18 D shelly_tmcu.cpp:927     Process 1 commands
18:37:18 D shelly_tmcu.cpp:890     TX: 0x00 v=3 [] (Expecting heartbeat)
18:37:18 W shelly_tmcu.cpp:507     Heartbeat timed out!
18:37:18 D shelly_tmcu.cpp:927     Process 1 commands
18:37:18 D shelly_tmcu.cpp:890     TX: 0x00 v=3 [] (Expecting heartbeat)
18:37:18 D esp32xx_wifi_if.cpp:234 PK check: link 1 gw 1 UC 1396 MC 1802 ctr 16/105 ping 0 num_act 0
18:37:18 D hos_lwip_eth_if.cpp:513 ws(0x3fcc2404): Status: server 0 oper_up 1 link_up 1/1 hf 94220
18:37:18 W shelly_tmcu.cpp:507     Heartbeat timed out!
18:37:19 D shelly_tmcu.cpp:927     Process 1 commands
18:37:19 D shelly_tmcu.cpp:890     TX: 0x00 v=3 [] (Expecting heartbeat)
18:37:19 W shelly_tmcu.cpp:507     Heartbeat timed out!
18:37:21 D shelly_tmcu.cpp:927     Process 1 commands
18:37:21 D shelly_tmcu.cpp:890     TX: 0x00 v=3 [] (Expecting heartbeat)
18:37:21 D esp32xx_wifi_if.cpp:234 PK check: link 1 gw 1 UC 1398 MC 1807 ctr 16/105 ping 0 num_act 0
18:37:21 D hos_lwip_eth_if.cpp:513 ws(0x3fcc2404): Status: server 0 oper_up 1 link_up 1/1 hf 91092
18:37:21 W shelly_tmcu.cpp:507     Heartbeat timed out!
18:37:21 D shelly_tmcu.cpp:927     Process 1 commands
18:37:21 D shelly_tmcu.cpp:890     TX: 0x00 v=3 [] (Expecting heartbeat)
18:37:22 W shelly_tmcu.cpp:507     Heartbeat timed out!
18:37:22 D shelly_tmcu.cpp:927     Process 1 commands
18:37:22 D shelly_tmcu.cpp:890     TX: 0x00 v=3 [] (Expecting heartbeat)
18:37:22 D esp32xx_wifi_if.cpp:234 PK check: link 1 gw 1 UC 1401 MC 1815 ctr 16/105 ping 0 num_act 0
18:37:22 W shelly_tmcu.cpp:507     Heartbeat timed out!
18:37:22 D hos_lwip_eth_if.cpp:513 ws(0x3fcc2404): Status: server 0 oper_up 1 link_up 1/1 hf 94120
18:37:22 D shelly_tmcu.cpp:927     Process 1 commands
18:37:22 D shelly_tmcu.cpp:890     TX: 0x00 v=3 [] (Expecting heartbeat)
18:37:23 W shelly_tmcu.cpp:507     Heartbeat timed out!
18:37:23 D shelly_tmcu.cpp:927     Process 1 commands
18:37:23 D shelly_tmcu.cpp:890     TX: 0x00 v=3 [] (Expecting heartbeat)
18:37:24 W shelly_tmcu.cpp:507     Heartbeat timed out!
18:37:24 D esp32xx_wifi_if.cpp:234 PK check: link 1 gw 1 UC 1405 MC 1822 ctr 16/105 ping 0 num_act 0
18:37:24 D hos_lwip_eth_if.cpp:513 ws(0x3fcc2404): Status: server 0 oper_up 1 link_up 1/1 hf 94020
18:37:24 D shelly_tmcu.cpp:927     Process 1 commands
18:37:24 D shelly_tmcu.cpp:890     TX: 0x00 v=3 [] (Expecting heartbeat)
18:37:24 D shos_wifi_sta.cpp:524   State 8 ev -1 timeout 1
18:37:24 D shos_wifi_sta.cpp:813   Avg RSSI -70, ok
18:37:25 W shelly_tmcu.cpp:507     Heartbeat timed out!
18:37:25 D shelly_tmcu.cpp:927     Process 1 commands
18:37:25 D shelly_tmcu.cpp:890     TX: 0x00 v=3 [] (Expecting heartbeat)
18:37:26 W shelly_tmcu.cpp:507     Heartbeat timed out!
18:37:26 D esp32xx_wifi_if.cpp:234 PK check: link 1 gw 1 UC 1412 MC 1827 ctr 16/105 ping 0 num_act 0
18:37:26 D hos_lwip_eth_if.cpp:513 ws(0x3fcc2404): Status: server 0 oper_up 1 link_up 1/1 hf 94020
18:37:26 D shelly_tmcu.cpp:927     Process 1 commands
18:37:26 D shelly_tmcu.cpp:890     TX: 0x00 v=3 [] (Expecting heartbeat)
18:37:27 W shelly_tmcu.cpp:507     Heartbeat timed out!
18:37:27 D shelly_tmcu.cpp:927     Process 1 commands
18:37:27 D shelly_tmcu.cpp:890     TX: 0x00 v=3 [] (Expecting heartbeat)
18:37:28 D shos_bt_hci.c:317       HCI RX ACL: ch 1 ATT op=0x12 ah=14 len=15
18:37:28 D NimBLE                  ble_hs_hci_evt_acl_process(): conn_handle=1 pb=2 len=11 data=0x07 0x00 0x04 0x00 0x12 0x0e 0x00 0x00 0x00 0x00 0x4d
18:37:28 D c_channel_gatts.cpp:302 0x3fcc4bb4 expected_flen 77
18:37:28 D bt_nimble_gatts.cpp:677 WRITE_CHR f4:26:79:20:c5:ff,p ch 1 ah 14 (5f6d4f53-5f52-5043-5f74-785f63746c5f) len 4 -> 0
18:37:28 D NimBLE                  host tx hci data; handle=1 length=5
18:37:28 D NimBLE                  ble_hs_hci_acl_tx(): 0x01 0x00 0x05 0x00 0x01 0x00 0x04 0x00 0x13
18:37:28 D shos_bt_hci.c:320       HCI TX ACL: ch 1 ATT op=0x13 len=9
18:37:28 D shos_bt_hci.c:185       HCI RX EVT: code=0x13 len=7
18:37:28 D shos_bt_hci.c:317       HCI RX ACL: ch 1 ATT op=0x12 ah=8 len=75
18:37:28 D NimBLE                  ble_hs_hci_evt_acl_process(): conn_handle=1 pb=2 len=71 data=0x43 0x00 0x04 0x00 0x12 0x08 0x00 0x7b 0x22 0x69 0x64 0x22 0x3a 0x31 0x34 0x32 0x36 0x33 0x31 0x31 0x39 0x2c 0x22 0x73 0x72 0x63 0x22 0x3a 0x22 0x53 0x68 0x65 0x6c 0x6c 0x79 0x52 0x50 0x43 0x22 0x2c 0x22 0x6d 0x65 0x74 0x68 0x6f 0x64 0x22 0x3a 0x22 0x53 0x68 0x65 0x6c 0x6c 0x79 0x2e 0x47 0x65 0x74 0x44 0x65 0x76 0x69 0x63 0x65 0x49 0x6e 0x66 0x6f 0x22
18:37:28 D c_channel_gatts.cpp:262 0x3fcc4bb4 got 64 of 77
18:37:28 D bt_nimble_gatts.cpp:677 WRITE_CHR f4:26:79:20:c5:ff,p ch 1 ah 8 (5f6d4f53-5f52-5043-5f64-6174615f5f5f) len 64 -> 0
18:37:28 D NimBLE                  host tx hci data; handle=1 length=5
18:37:28 D NimBLE                  ble_hs_hci_acl_tx(): 0x01 0x00 0x05 0x00 0x01 0x00 0x04 0x00 0x13
18:37:28 D shos_bt_hci.c:320       HCI TX ACL: ch 1 ATT op=0x13 len=9
18:37:28 D shos_bt_hci.c:185       HCI RX EVT: code=0x13 len=7
18:37:28 W shelly_tmcu.cpp:507     Heartbeat timed out!
18:37:28 D esp32xx_wifi_if.cpp:234 PK check: link 1 gw 1 UC 1418 MC 1832 ctr 16/105 ping 0 num_act 0
18:37:28 D hos_lwip_eth_if.cpp:513 ws(0x3fcc2404): Status: server 0 oper_up 1 link_up 1/1 hf 91084
18:37:29 D NimBLE                  ble_hs_hci_evt_acl_process(): conn_handle=1 pb=2 len=20 data=0x10 0x00 0x04 0x00 0x12 0x08 0x00 0x2c 0x22 0x70 0x61 0x72 0x61 0x6d 0x73 0x22 0x3a 0x7b 0x7d 0x7d
18:37:29 D c_channel_gatts.cpp:262 0x3fcc4bb4 got 77 of 77
18:37:29 D shos_rpc_inst.c:452     0x3fcc4bb8 GOT FRAME (77): {"id":14263119,"src":"ShellyRPC","method":"Shelly.GetDeviceInfo","params":{}}
18:37:29 D shos_rpc_inst.c:331     '14263119' 'ShellyRPC' '' 'Shelly.GetDeviceInfo'
18:37:29 I shos_rpc_inst.c:241     Shelly.GetDeviceInfo [14263119@ShellyRPC] via GATTS peer f4:26:79:20:c5:ff,p
18:37:29 D NimBLE                  GATT procedure initiated: notify; att_handle=11
18:37:29 D NimBLE                  host tx hci data; handle=1 length=11
18:37:29 D NimBLE                  ble_hs_hci_acl_tx(): 0x01 0x00 0x0b 0x00 0x07 0x00 0x04 0x00 0x1b 0x0b 0x00 0x00 0x00 0x02 0x1e
18:37:29 D shos_bt_hci.c:320       HCI TX ACL: ch 1 ATT op=0x1b len=15
18:37:29 D bt_nimble_gatts.cpp:515 NOTIFY_TX ch 1 ah 11 st 0
18:37:29 D shos_rpc_inst.c:683     0x3fcc4bb8 SEND FRAME (542): {"id":14263119,"src":"apq11dev-543204516334","dst":"ShellyRPC","result":{"name":null,"id":"apq11dev-543204516334","mac":"543204516334","slot":1,"model":"S3XT-0S","gen":3,"fw_id":"20260921-060046/2.0.0-beta11xciohttpfix-g35669f3","ver":"2.0.0+13109-3673","app":"XC3+evse:portable:3109","auth_en":false,"auth_domain":null,"jti":"001094000001","jwt":{"p":"apq11dev","n":"Q11 DevKit test","url":"https://amperepoint.pl","m":"Ampere Point"},"ch":[{"key":"service:0","type":"evse:portable:3109"}],"provision":"unmanaged","enhanced_security":false}} -> 1
18:37:29 D shos_bt_hci.c:185       HCI RX EVT: code=0x13 len=7
18:37:29 D bt_nimble_gatts.cpp:677 WRITE_CHR f4:26:79:20:c5:ff,p ch 1 ah 8 (5f6d4f53-5f52-5043-5f64-6174615f5f5f) len 13 -> 0
18:37:29 D NimBLE                  host tx hci data; handle=1 length=5
18:37:29 D NimBLE                  ble_hs_hci_acl_tx(): 0x01 0x00 0x05 0x00 0x01 0x00 0x04 0x00 0x13
18:37:29 D shos_bt_hci.c:320       HCI TX ACL: ch 1 ATT op=0x13 len=9
18:37:29 D shos_bt_hci.c:185       HCI RX EVT: code=0x13 len=7
18:37:29 D shelly_tmcu.cpp:927     Process 1 commands
18:37:29 D shelly_tmcu.cpp:890     TX: 0x00 v=3 [] (Expecting heartbeat)
18:37:29 D shos_bt_hci.c:317       HCI RX ACL: ch 1 ATT op=0x0a ah=8 len=11
18:37:29 D NimBLE                  ble_hs_hci_evt_acl_process(): conn_handle=1 pb=2 len=7 data=0x03 0x00 0x04 0x00 0x0a 0x08 0x00
18:37:29 D c_channel_gatts.cpp:228 0x3fcc4bb4 sending 244 @ 0 (298 left), mtu 247
18:37:29 D bt_nimble_gatts.cpp:644 READ_CHR f4:26:79:20:c5:ff,p ch 1 ah 8 (5f6d4f53-5f52-5043-5f64-6174615f5f5f) -> 0 244
18:37:29 D NimBLE                  host tx hci data; handle=1 length=249
18:37:29 D NimBLE                  ble_hs_hci_acl_tx(): 0x01 0x00 0xf9 0x00 0xf5 0x00 0x04 0x00 0x0b 0x7b 0x22 0x69 0x64 0x22 0x3a 0x31 0x34 0x32 0x36 0x33 0x31 0x31 0x39 0x2c 0x22 0x73 0x72 0x63 0x22 0x3a 0x22 0x61 0x70 0x71 0x31 0x31 0x64 0x65 0x76 0x2d 0x35 0x34 0x33 0x32 0x30 0x34 0x35 0x31 0x36 0x33 0x33 0x34 0x22 0x2c 0x22 0x64 0x73 0x74 0x22 0x3a 0x22 0x53 0x68 0x65 0x6c 0x6c 0x79 0x52 0x50 0x43 0x22 0x2c 0x22 0x72 0x65 0x73 0x75 0x6c 0x74 0x22 0x3a 0x7b 0x22 0x6e 0x61 0x6d 0x65 0x22 0x3a 0x6e 0x75 0x6c 0x6c 0x2c 0x22 0x69 0x64 0x22 0x3a 0x22 0x61 0x70 0x71 0x31 0x31 0x64 0x65 0x76 0x2d 0x35 0x34 0x33 0x32 0x30 0x34 0x35 0x31 0x36 0x33 0x33 0x34 0x22 0x2c 0x22 0x6d 0x61 0x63 0x22 0x3a 0x22 0x35 0x34 0x33 0x32 0x30 0x34 0x35 0x31 0x36 0x33 0x33 0x34 0x22 0x2c 0x22 0x73 0x6c 0x6f 0x74 0x22 0x3a 0x31 0x2c 0x22 0x6d 0x6f 0x64 0x65 0x6c 0x22 0x3a 0x22 0x53 0x33 0x58 0x54 0x2d 0x30 0x53 0x22 0x2c 0x22 0x67 0x65 0x6e 0x22 0x3a 0x33 0x2c 0x22 0x66 0x77 0x5f 0x69 0x64 0x22 0x3a 0x22 0x32 0x30 0x32 0x36 0x30 0x39 0x32 0x31 0x2d 0x30 0x36 0x30 0x30 0x34 0x36 0x2f 0x32 0x2e 0x30 0x2e 0x30 0x2d 0x62 0x65 0x74 0x61 0x31 0x31 0x78 0x63 0x69 0x6f 0x68 0x74 0x74 0x70 0x66 0x69 0x78 0x2d 0x67 0x33 0x35 0x36 0x36 0x39 0x66 0x33 0x22 0x2c 0x22 0x76 0x65 0x72 0x22 0x3a 0x22 0x32 0x2e 0x30 0x2e 0x30 0x2b 0x31 0x33
18:37:29 D shos_bt_hci.c:320       HCI TX ACL: ch 1 ATT op=0x0b len=253
18:37:29 D shos_bt_hci.c:185       HCI RX EVT: code=0x13 len=7
18:37:29 D shos_bt_hci.c:317       HCI RX ACL: ch 1 ATT op=0x0a ah=8 len=11
18:37:29 D NimBLE                  ble_hs_hci_evt_acl_process(): conn_handle=1 pb=2 len=7 data=0x03 0x00 0x04 0x00 0x0a 0x08 0x00
18:37:29 D c_channel_gatts.cpp:228 0x3fcc4bb4 sending 244 @ 244 (54 left), mtu 247
18:37:29 D bt_nimble_gatts.cpp:644 READ_CHR f4:26:79:20:c5:ff,p ch 1 ah 8 (5f6d4f53-5f52-5043-5f64-6174615f5f5f) -> 0 244
18:37:29 D NimBLE                  host tx hci data; handle=1 length=249
18:37:29 D NimBLE                  ble_hs_hci_acl_tx(): 0x01 0x00 0xf9 0x00 0xf5 0x00 0x04 0x00 0x0b 0x31 0x30 0x39 0x2d 0x33 0x36 0x37 0x33 0x22 0x2c 0x22 0x61 0x70 0x70 0x22 0x3a 0x22 0x58 0x43 0x33 0x2b 0x65 0x76 0x73 0x65 0x3a 0x70 0x6f 0x72 0x74 0x61 0x62 0x6c 0x65 0x3a 0x33 0x31 0x30 0x39 0x22 0x2c 0x22 0x61 0x75 0x74 0x68 0x5f 0x65 0x6e 0x22 0x3a 0x66 0x61 0x6c 0x73 0x65 0x2c 0x22 0x61 0x75 0x74 0x68 0x5f 0x64 0x6f 0x6d 0x61 0x69 0x6e 0x22 0x3a 0x6e 0x75 0x6c 0x6c 0x2c 0x22 0x6a 0x74 0x69 0x22 0x3a 0x22 0x30 0x30 0x31 0x30 0x39 0x34 0x30 0x30 0x30 0x30 0x30 0x31 0x22 0x2c 0x22 0x6a 0x77 0x74 0x22 0x3a 0x7b 0x22 0x70 0x22 0x3a 0x22 0x61 0x70 0x71 0x31 0x31 0x64 0x65 0x76 0x22 0x2c 0x22 0x6e 0x22 0x3a 0x22 0x51 0x31 0x31 0x20 0x44 0x65 0x76 0x4b 0x69 0x74 0x20 0x74 0x65 0x73 0x74 0x22 0x2c 0x22 0x75 0x72 0x6c 0x22 0x3a 0x22 0x68 0x74 0x74 0x70 0x73 0x3a 0x2f 0x2f 0x61 0x6d 0x70 0x65 0x72 0x65 0x70 0x6f 0x69 0x6e 0x74 0x2e 0x70 0x6c 0x22 0x2c 0x22 0x6d 0x22 0x3a 0x22 0x41 0x6d 0x70 0x65 0x72 0x65 0x20 0x50 0x6f 0x69 0x6e 0x74 0x22 0x7d 0x2c 0x22 0x63 0x68 0x22 0x3a 0x5b 0x7b 0x22 0x6b 0x65 0x79 0x22 0x3a 0x22 0x73 0x65 0x72 0x76 0x69 0x63 0x65 0x3a 0x30 0x22 0x2c 0x22 0x74 0x79 0x70 0x65 0x22 0x3a 0x22 0x65 0x76 0x73 0x65 0x3a 0x70 0x6f 0x72 0x74 0x61 0x62 0x6c 0x65 0x3a 0x33 0x31 0x30 0x39 0x22
18:37:29 D shos_bt_hci.c:320       HCI TX ACL: ch 1 ATT op=0x0b len=253
18:37:29 D shos_bt_hci.c:185       HCI RX EVT: code=0x13 len=7
18:37:29 W shelly_tmcu.cpp:507     Heartbeat timed out!
18:37:29 D shelly_tmcu.cpp:927     Process 1 commands
18:37:29 D shelly_tmcu.cpp:890     TX: 0x00 v=3 [] (Expecting heartbeat)
18:37:29 D shos_bt_hci.c:317       HCI RX ACL: ch 1 ATT op=0x0a ah=8 len=11
18:37:29 D NimBLE                  ble_hs_hci_evt_acl_process(): conn_handle=1 pb=2 len=7 data=0x03 0x00 0x04 0x00 0x0a 0x08 0x00
18:37:29 D c_channel_gatts.cpp:228 0x3fcc4bb4 sending 54 @ 488 (0 left), mtu 247
18:37:29 D shos_rpc_inst.c:479     0x3fcc4bb8 FRAME SENT (1)
18:37:29 D bt_nimble_gatts.cpp:644 READ_CHR f4:26:79:20:c5:ff,p ch 1 ah 8 (5f6d4f53-5f52-5043-5f64-6174615f5f5f) -> 0 54
18:37:29 D NimBLE                  host tx hci data; handle=1 length=59
18:37:29 D NimBLE                  ble_hs_hci_acl_tx(): 0x01 0x00 0x3b 0x00 0x37 0x00 0x04 0x00 0x0b 0x7d 0x5d 0x2c 0x22 0x70 0x72 0x6f 0x76 0x69 0x73 0x69 0x6f 0x6e 0x22 0x3a 0x22 0x75 0x6e 0x6d 0x61 0x6e 0x61 0x67 0x65 0x64 0x22 0x2c 0x22 0x65 0x6e 0x68 0x61 0x6e 0x63 0x65 0x64 0x5f 0x73 0x65 0x63 0x75 0x72 0x69 0x74 0x79 0x22 0x3a 0x66 0x61 0x6c 0x73 0x65 0x7d 0x7d
18:37:29 D shos_bt_hci.c:320       HCI TX ACL: ch 1 ATT op=0x0b len=63
18:37:30 D shos_bt_hci.c:185       HCI RX EVT: code=0x13 len=7
18:37:30 D shos_bt_hci.c:317       HCI RX ACL: ch 1 ATT op=0x12 ah=14 len=15
18:37:30 D NimBLE                  ble_hs_hci_evt_acl_process(): conn_handle=1 pb=2 len=11 data=0x07 0x00 0x04 0x00 0x12 0x0e 0x00 0x00 0x00 0x00 0x58
18:37:30 D c_channel_gatts.cpp:302 0x3fcc4bb4 expected_flen 88
18:37:30 D bt_nimble_gatts.cpp:677 WRITE_CHR f4:26:79:20:c5:ff,p ch 1 ah 14 (5f6d4f53-5f52-5043-5f74-785f63746c5f) len 4 -> 0
18:37:30 D NimBLE                  host tx hci data; handle=1 length=5
18:37:30 D NimBLE                  ble_hs_hci_acl_tx(): 0x01 0x00 0x05 0x00 0x01 0x00 0x04 0x00 0x13
18:37:30 D shos_bt_hci.c:320       HCI TX ACL: ch 1 ATT op=0x13 len=9
18:37:30 D shos_bt_hci.c:185       HCI RX EVT: code=0x13 len=7
18:37:30 D shos_bt_hci.c:317       HCI RX ACL: ch 1 ATT op=0x12 ah=8 len=75
18:37:30 D NimBLE                  ble_hs_hci_evt_acl_process(): conn_handle=1 pb=2 len=71 data=0x43 0x00 0x04 0x00 0x12 0x08 0x00 0x7b 0x22 0x69 0x64 0x22 0x3a 0x39 0x31 0x37 0x37 0x34 0x39 0x31 0x2c 0x22 0x73 0x72 0x63 0x22 0x3a 0x22 0x53 0x68 0x65 0x6c 0x6c 0x79 0x52 0x50 0x43 0x22 0x2c 0x22 0x6d 0x65 0x74 0x68 0x6f 0x64 0x22 0x3a 0x22 0x53 0x68 0x65 0x6c 0x6c 0x79 0x2e 0x47 0x65 0x74 0x44 0x65 0x76 0x69 0x63 0x65 0x49 0x6e 0x66 0x6f 0x22 0x2c
18:37:30 D c_channel_gatts.cpp:262 0x3fcc4bb4 got 64 of 88
18:37:30 D bt_nimble_gatts.cpp:677 WRITE_CHR f4:26:79:20:c5:ff,p ch 1 ah 8 (5f6d4f53-5f52-5043-5f64-6174615f5f5f) len 64 -> 0
18:37:30 D NimBLE                  host tx hci data; handle=1 length=5
18:37:30 D NimBLE                  ble_hs_hci_acl_tx(): 0x01 0x00 0x05 0x00 0x01 0x00 0x04 0x00 0x13
18:37:30 D shos_bt_hci.c:320       HCI TX ACL: ch 1 ATT op=0x13 len=9
18:37:30 D shos_bt_hci.c:185       HCI RX EVT: code=0x13 len=7
18:37:30 D c_channel_gatts.cpp:262 0x3fcc4bb4 got 88 of 88
18:37:30 D shos_rpc_inst.c:452     0x3fcc4bb8 GOT FRAME (88): {"id":9177491,"src":"ShellyRPC","method":"Shelly.GetDeviceInfo","params":{"ident":true}}
18:37:30 D shos_rpc_inst.c:331     '9177491' 'ShellyRPC' '' 'Shelly.GetDeviceInfo'
18:37:30 I shos_rpc_inst.c:241     Shelly.GetDeviceInfo [9177491@ShellyRPC] via GATTS peer f4:26:79:20:c5:ff,p
18:37:30 D shelly_update.cpp:691   EFUSE signature bits: 00
18:37:30 D NimBLE                  GATT procedure initiated: notify; att_handle=11
18:37:30 D NimBLE                  host tx hci data; handle=1 length=11
18:37:30 D NimBLE                  ble_hs_hci_acl_tx(): 0x01 0x00 0x0b 0x00 0x07 0x00 0x04 0x00 0x1b 0x0b 0x00 0x00 0x00 0x06 0x0d
18:37:30 D shos_bt_hci.c:320       HCI TX ACL: ch 1 ATT op=0x1b len=15
18:37:30 D bt_nimble_gatts.cpp:515 NOTIFY_TX ch 1 ah 11 st 0
18:37:30 D shos_rpc_inst.c:683     0x3fcc4bb8 SEND FRAME (1549): {"id":9177491,"src":"apq11dev-543204516334","dst":"ShellyRPC","result":{"name":null,"id":"apq11dev-543204516334","mac":"543204516334","slot":1,"key":"eyJhbGciOiJFUzM4NCIsInR5cCI6IkpXVCJ9.eyJpYXQiOjE3ODA0OTA0NjQsIm1hYyI6IjU0MzIwNDUxNjMzNCIsIm0iOiJTM1hULTBTIiwiYiI6IlhDMy1kZXYtMDAxIiwiZnAiOiIwNzYzZGRhMiJ9.KhpLAzsnGmYA7rMdXeTlEq5EUTosXA7_V7UeetVppZRskWtZKipmBBPEYzeQ6spsW6le1vyA7mkIDzSua0WQx3re6AZzAtXawq7RUUccw0WYeVyYoNJEHAmV7vvSGiM0","batch":"XC3-dev-001","fw_sbits":"00","jws":"eyJhbGciOiJFUzM4NCIsInR5cCI6IkpXVCJ9.eyJhdWQiOiJYQzMsWEMzTGlnaHQiLCJjIjp7InNoZWxseSI6eyJzY3JpcHRzIjp7ImV4cG9zZSI6ZmFsc2V9fX0sImNoIjpbeyJrZXkiOiJzZXJ2aWNlOjAiLCJ0eXBlIjoiZXZzZTpwb3J0YWJsZTozMTA5In1dLCJmIjowLCJpYXQiOjE3OTAyNTUwODUsImp0aSI6IjAwMTA5NDAwMDAwMSIsIm0iOiJBbXBlcmUgUG9pbnQiLCJuIjoiUTExIERldktpdCB0ZXN0IiwicCI6ImFwcTExZGV2Iiwic3lzIjp7ImJ0biI6eyJpbyI6OX0sImxlZCI6eyJpbyI6OCwidCI6Mn19LCJ1cmwiOiJodHRwczovL2FtcGVyZXBvaW50LnBsIiwidiI6MiwieGMiOnsic3ZjIjpbeyJ0IjoiZXZzZTpwb3J0YWJsZTozMTA5In1dLCJ0bWN1IjpbeyJiIjo5NjAwLCJyeCI6NSwidHgiOjR9XX19.HKLLSINOX0iTOHRHodI_zdPS5_p9h_QYC7fU18mfwp0mS4JQEkABOqwq6qtkrBlhZWBcFpJF_ssxzLTtVP9FFLpKRAc0PV_q6-KbG5LXM1_uHGaPwxvv89QNXNyvKpWM","model":"S3XT-0S","gen":3,"fw_id":"20260921-060046/2.0.0-beta11xciohttpfix-g35669f3","ver":"2.0.0+13109-3673","app":"XC3+evse:portable:3109","auth_en":false,"auth_domain":null,"jti":"001094000001","jwt":{"p":"apq11dev","n":"Q11 DevKit test","url":"https://amperepoint.pl","m":"Ampere Point"},"ch":[{"key":"service:0","type":"evse:portable:3109"}],"provision":"unmanaged","enhanced_security":false}} -> 1
18:37:30 D shos_bt_hci.c:185       HCI RX EVT: code=0x13 len=7
18:37:30 D bt_nimble_gatts.cpp:677 WRITE_CHR f4:26:79:20:c5:ff,p ch 1 ah 8 (5f6d4f53-5f52-5043-5f64-6174615f5f5f) len 24 -> 0
18:37:30 D NimBLE                  host tx hci data; handle=1 length=5
18:37:30 D NimBLE                  ble_hs_hci_acl_tx(): 0x01 0x00 0x05 0x00 0x01 0x00 0x04 0x00 0x13
18:37:30 D shos_bt_hci.c:320       HCI TX ACL: ch 1 ATT op=0x13 len=9
18:37:30 D shos_bt_hci.c:185       HCI RX EVT: code=0x13 len=7
18:37:30 W shelly_tmcu.cpp:507     Heartbeat timed out!
18:37:30 D shelly_tmcu.cpp:927     Process 1 commands
18:37:31 D shelly_tmcu.cpp:890     TX: 0x00 v=3 [] (Expecting heartbeat)
18:37:31 D esp32xx_wifi_if.cpp:234 PK check: link 1 gw 1 UC 1430 MC 1841 ctr 16/105 ping 0 num_act 0
18:37:31 D hos_lwip_eth_if.cpp:513 ws(0x3fcc2404): Status: server 0 oper_up 1 link_up 1/1 hf 90688
18:37:31 D shos_bt_hci.c:317       HCI RX ACL: ch 1 ATT op=0x0a ah=8 len=11
18:37:31 D NimBLE                  ble_hs_hci_evt_acl_process(): conn_handle=1 pb=2 len=7 data=0x03 0x00 0x04 0x00 0x0a 0x08 0x00
18:37:31 D c_channel_gatts.cpp:228 0x3fcc4bb4 sending 244 @ 0 (1305 left), mtu 247
18:37:31 D bt_nimble_gatts.cpp:644 READ_CHR f4:26:79:20:c5:ff,p ch 1 ah 8 (5f6d4f53-5f52-5043-5f64-6174615f5f5f) -> 0 244
18:37:31 D NimBLE                  host tx hci data; handle=1 length=249
18:37:31 D NimBLE                  ble_hs_hci_acl_tx(): 0x01 0x00 0xf9 0x00 0xf5 0x00 0x04 0x00 0x0b 0x7b 0x22 0x69 0x64 0x22 0x3a 0x39 0x31 0x37 0x37 0x34 0x39 0x31 0x2c 0x22 0x73 0x72 0x63 0x22 0x3a 0x22 0x61 0x70 0x71 0x31 0x31 0x64 0x65 0x76 0x2d 0x35 0x34 0x33 0x32 0x30 0x34 0x35 0x31 0x36 0x33 0x33 0x34 0x22 0x2c 0x22 0x64 0x73 0x74 0x22 0x3a 0x22 0x53 0x68 0x65 0x6c 0x6c 0x79 0x52 0x50 0x43 0x22 0x2c 0x22 0x72 0x65 0x73 0x75 0x6c 0x74 0x22 0x3a 0x7b 0x22 0x6e 0x61 0x6d 0x65 0x22 0x3a 0x6e 0x75 0x6c 0x6c 0x2c 0x22 0x69 0x64 0x22 0x3a 0x22 0x61 0x70 0x71 0x31 0x31 0x64 0x65 0x76 0x2d 0x35 0x34 0x33 0x32 0x30 0x34 0x35 0x31 0x36 0x33 0x33 0x34 0x22 0x2c 0x22 0x6d 0x61 0x63 0x22 0x3a 0x22 0x35 0x34 0x33 0x32 0x30 0x34 0x35 0x31 0x36 0x33 0x33 0x34 0x22 0x2c 0x22 0x73 0x6c 0x6f 0x74 0x22 0x3a 0x31 0x2c 0x22 0x6b 0x65 0x79 0x22 0x3a 0x22 0x65 0x79 0x4a 0x68 0x62 0x47 0x63 0x69 0x4f 0x69 0x4a 0x46 0x55 0x7a 0x4d 0x34 0x4e 0x43 0x49 0x73 0x49 0x6e 0x52 0x35 0x63 0x43 0x49 0x36 0x49 0x6b 0x70 0x58 0x56 0x43 0x4a 0x39 0x2e 0x65 0x79 0x4a 0x70 0x59 0x58 0x51 0x69 0x4f 0x6a 0x45 0x33 0x4f 0x44 0x41 0x30 0x4f 0x54 0x41 0x30 0x4e 0x6a 0x51 0x73 0x49 0x6d 0x31 0x68 0x59 0x79 0x49 0x36 0x49 0x6a 0x55 0x30 0x4d 0x7a 0x49 0x77 0x4e 0x44 0x55 0x78 0x4e 0x6a 0x4d 0x7a 0x4e 0x43 0x49 0x73 0x49 0x6d 0x30 0x69 0x4f
18:37:31 D shos_bt_hci.c:320       HCI TX ACL: ch 1 ATT op=0x0b len=253
18:37:31 D shos_bt_hci.c:185       HCI RX EVT: code=0x13 len=7
18:37:31 D shos_bt_hci.c:317       HCI RX ACL: ch 1 ATT op=0x0a ah=8 len=11
18:37:31 D NimBLE                  ble_hs_hci_evt_acl_process(): conn_handle=1 pb=2 len=7 data=0x03 0x00 0x04 0x00 0x0a 0x08 0x00
18:37:31 D c_channel_gatts.cpp:228 0x3fcc4bb4 sending 244 @ 244 (1061 left), mtu 247
18:37:31 D bt_nimble_gatts.cpp:644 READ_CHR f4:26:79:20:c5:ff,p ch 1 ah 8 (5f6d4f53-5f52-5043-5f64-6174615f5f5f) -> 0 244
18:37:31 D NimBLE                  host tx hci data; handle=1 length=249
18:37:31 D NimBLE                  ble_hs_hci_acl_tx(): 0x01 0x00 0xf9 0x00 0xf5 0x00 0x04 0x00 0x0b 0x69 0x4a 0x54 0x4d 0x31 0x68 0x55 0x4c 0x54 0x42 0x54 0x49 0x69 0x77 0x69 0x59 0x69 0x49 0x36 0x49 0x6c 0x68 0x44 0x4d 0x79 0x31 0x6b 0x5a 0x58 0x59 0x74 0x4d 0x44 0x41 0x78 0x49 0x69 0x77 0x69 0x5a 0x6e 0x41 0x69 0x4f 0x69 0x49 0x77 0x4e 0x7a 0x59 0x7a 0x5a 0x47 0x52 0x68 0x4d 0x69 0x4a 0x39 0x2e 0x4b 0x68 0x70 0x4c 0x41 0x7a 0x73 0x6e 0x47 0x6d 0x59 0x41 0x37 0x72 0x4d 0x64 0x58 0x65 0x54 0x6c 0x45 0x71 0x35 0x45 0x55 0x54 0x6f 0x73 0x58 0x41 0x37 0x5f 0x56 0x37 0x55 0x65 0x65 0x74 0x56 0x70 0x70 0x5a 0x52 0x73 0x6b 0x57 0x74 0x5a 0x4b 0x69 0x70 0x6d 0x42 0x42 0x50 0x45 0x59 0x7a 0x65 0x51 0x36 0x73 0x70 0x73 0x57 0x36 0x6c 0x65 0x31 0x76 0x79 0x41 0x37 0x6d 0x6b 0x49 0x44 0x7a 0x53 0x75 0x61 0x30 0x57 0x51 0x78 0x33 0x72 0x65 0x36 0x41 0x5a 0x7a 0x41 0x74 0x58 0x61 0x77 0x71 0x37 0x52 0x55 0x55 0x63 0x63 0x77 0x30 0x57 0x59 0x65 0x56 0x79 0x59 0x6f 0x4e 0x4a 0x45 0x48 0x41 0x6d 0x56 0x37 0x76 0x76 0x53 0x47 0x69 0x4d 0x30 0x22 0x2c 0x22 0x62 0x61 0x74 0x63 0x68 0x22 0x3a 0x22 0x58 0x43 0x33 0x2d 0x64 0x65 0x76 0x2d 0x30 0x30 0x31 0x22 0x2c 0x22 0x66 0x77 0x5f 0x73 0x62 0x69 0x74 0x73 0x22 0x3a 0x22 0x30 0x30 0x22 0x2c 0x22 0x6a 0x77 0x73 0x22 0x3a 0x22 0x65 0x79 0x4a 0x68 0x62 0x47 0x63 0x69 0x4f
18:37:31 D shos_bt_hci.c:320       HCI TX ACL: ch 1 ATT op=0x0b len=253
18:37:31 D shos_bt_hci.c:185       HCI RX EVT: code=0x13 len=7
18:37:31 W shelly_tmcu.cpp:507     Heartbeat timed out!
18:37:31 D shos_bt_hci.c:317       HCI RX ACL: ch 1 ATT op=0x0a ah=8 len=11
18:37:31 D NimBLE                  ble_hs_hci_evt_acl_process(): conn_handle=1 pb=2 len=7 data=0x03 0x00 0x04 0x00 0x0a 0x08 0x00
18:37:31 D c_channel_gatts.cpp:228 0x3fcc4bb4 sending 244 @ 488 (817 left), mtu 247
18:37:31 D bt_nimble_gatts.cpp:644 READ_CHR f4:26:79:20:c5:ff,p ch 1 ah 8 (5f6d4f53-5f52-5043-5f64-6174615f5f5f) -> 0 244
18:37:31 D NimBLE                  host tx hci data; handle=1 length=249
18:37:32 D NimBLE                  ble_hs_hci_acl_tx(): 0x01 0x00 0xf9 0x00 0xf5 0x00 0x04 0x00 0x0b 0x69 0x4a 0x46 0x55 0x7a 0x4d 0x34 0x4e 0x43 0x49 0x73 0x49 0x6e 0x52 0x35 0x63 0x43 0x49 0x36 0x49 0x6b 0x70 0x58 0x56 0x43 0x4a 0x39 0x2e 0x65 0x79 0x4a 0x68 0x64 0x57 0x51 0x69 0x4f 0x69 0x4a 0x59 0x51 0x7a 0x4d 0x73 0x57 0x45 0x4d 0x7a 0x54 0x47 0x6c 0x6e 0x61 0x48 0x51 0x69 0x4c 0x43 0x4a 0x6a 0x49 0x6a 0x70 0x37 0x49 0x6e 0x4e 0x6f 0x5a 0x57 0x78 0x73 0x65 0x53 0x49 0x36 0x65 0x79 0x4a 0x7a 0x59 0x33 0x4a 0x70 0x63 0x48 0x52 0x7a 0x49 0x6a 0x70 0x37 0x49 0x6d 0x56 0x34 0x63 0x47 0x39 0x7a 0x5a 0x53 0x49 0x36 0x5a 0x6d 0x46 0x73 0x63 0x32 0x56 0x39 0x66 0x58 0x30 0x73 0x49 0x6d 0x4e 0x6f 0x49 0x6a 0x70 0x62 0x65 0x79 0x4a 0x72 0x5a 0x58 0x6b 0x69 0x4f 0x69 0x4a 0x7a 0x5a 0x58 0x4a 0x32 0x61 0x57 0x4e 0x6c 0x4f 0x6a 0x41 0x69 0x4c 0x43 0x4a 0x30 0x65 0x58 0x42 0x6c 0x49 0x6a 0x6f 0x69 0x5a 0x58 0x5a 0x7a 0x5a 0x54 0x70 0x77 0x62 0x33 0x4a 0x30 0x59 0x57 0x4a 0x73 0x5a 0x54 0x6f 0x7a 0x4d 0x54 0x41 0x35 0x49 0x6e 0x31 0x64 0x4c 0x43 0x4a 0x6d 0x49 0x6a 0x6f 0x77 0x4c 0x43 0x4a 0x70 0x59 0x58 0x51 0x69 0x4f 0x6a 0x45 0x33 0x4f 0x54 0x41 0x79 0x4e 0x54 0x55 0x77 0x4f 0x44 0x55 0x73 0x49 0x6d 0x70 0x30 0x61 0x53 0x49 0x36 0x49 0x6a 0x41 0x77 0x4d 0x54 0x41 0x35 0x4e 0x44 0x41 0x77 0x4d 0x44 0x41 0x77
18:37:32 D shos_bt_hci.c:320       HCI TX ACL: ch 1 ATT op=0x0b len=253
18:37:32 D shos_bt_hci.c:185       HCI RX EVT: code=0x13 len=7
18:37:32 D shelly_tmcu.cpp:927     Process 1 commands
18:37:32 D shelly_tmcu.cpp:890     TX: 0x00 v=3 [] (Expecting heartbeat)
18:37:32 D shos_bt_hci.c:317       HCI RX ACL: ch 1 ATT op=0x0a ah=8 len=11
18:37:32 D NimBLE                  ble_hs_hci_evt_acl_process(): conn_handle=1 pb=2 len=7 data=0x03 0x00 0x04 0x00 0x0a 0x08 0x00
18:37:32 D c_channel_gatts.cpp:228 0x3fcc4bb4 sending 244 @ 732 (573 left), mtu 247
18:37:32 D bt_nimble_gatts.cpp:644 READ_CHR f4:26:79:20:c5:ff,p ch 1 ah 8 (5f6d4f53-5f52-5043-5f64-6174615f5f5f) -> 0 244
18:37:32 D NimBLE                  host tx hci data; handle=1 length=249
18:37:32 D NimBLE                  ble_hs_hci_acl_tx(): 0x01 0x00 0xf9 0x00 0xf5 0x00 0x04 0x00 0x0b 0x4d 0x53 0x49 0x73 0x49 0x6d 0x30 0x69 0x4f 0x69 0x4a 0x42 0x62 0x58 0x42 0x6c 0x63 0x6d 0x55 0x67 0x55 0x47 0x39 0x70 0x62 0x6e 0x51 0x69 0x4c 0x43 0x4a 0x75 0x49 0x6a 0x6f 0x69 0x55 0x54 0x45 0x78 0x49 0x45 0x52 0x6c 0x64 0x6b 0x74 0x70 0x64 0x43 0x42 0x30 0x5a 0x58 0x4e 0x30 0x49 0x69 0x77 0x69 0x63 0x43 0x49 0x36 0x49 0x6d 0x46 0x77 0x63 0x54 0x45 0x78 0x5a 0x47 0x56 0x32 0x49 0x69 0x77 0x69 0x63 0x33 0x6c 0x7a 0x49 0x6a 0x70 0x37 0x49 0x6d 0x4a 0x30 0x62 0x69 0x49 0x36 0x65 0x79 0x4a 0x70 0x62 0x79 0x49 0x36 0x4f 0x58 0x30 0x73 0x49 0x6d 0x78 0x6c 0x5a 0x43 0x49 0x36 0x65 0x79 0x4a 0x70 0x62 0x79 0x49 0x36 0x4f 0x43 0x77 0x69 0x64 0x43 0x49 0x36 0x4d 0x6e 0x31 0x39 0x4c 0x43 0x4a 0x31 0x63 0x6d 0x77 0x69 0x4f 0x69 0x4a 0x6f 0x64 0x48 0x52 0x77 0x63 0x7a 0x6f 0x76 0x4c 0x32 0x46 0x74 0x63 0x47 0x56 0x79 0x5a 0x58 0x42 0x76 0x61 0x57 0x35 0x30 0x4c 0x6e 0x42 0x73 0x49 0x69 0x77 0x69 0x64 0x69 0x49 0x36 0x4d 0x69 0x77 0x69 0x65 0x47 0x4d 0x69 0x4f 0x6e 0x73 0x69 0x63 0x33 0x5a 0x6a 0x49 0x6a 0x70 0x62 0x65 0x79 0x4a 0x30 0x49 0x6a 0x6f 0x69 0x5a 0x58 0x5a 0x7a 0x5a 0x54 0x70 0x77 0x62 0x33 0x4a 0x30 0x59 0x57 0x4a 0x73 0x5a 0x54 0x6f 0x7a 0x4d 0x54 0x41 0x35 0x49 0x6e 0x31 0x64 0x4c 0x43 0x4a 0x30
18:37:32 D shos_bt_hci.c:320       HCI TX ACL: ch 1 ATT op=0x0b len=253
18:37:32 D shos_bt_hci.c:185       HCI RX EVT: code=0x13 len=7
18:37:32 D shos_bt_hci.c:317       HCI RX ACL: ch 1 ATT op=0x0a ah=8 len=11
18:37:32 D NimBLE                  ble_hs_hci_evt_acl_process(): conn_handle=1 pb=2 len=7 data=0x03 0x00 0x04 0x00 0x0a 0x08 0x00
18:37:32 D c_channel_gatts.cpp:228 0x3fcc4bb4 sending 244 @ 976 (329 left), mtu 247
18:37:32 D bt_nimble_gatts.cpp:644 READ_CHR f4:26:79:20:c5:ff,p ch 1 ah 8 (5f6d4f53-5f52-5043-5f64-6174615f5f5f) -> 0 244
18:37:32 D NimBLE                  host tx hci data; handle=1 length=249
18:37:32 D NimBLE                  ble_hs_hci_acl_tx(): 0x01 0x00 0xf9 0x00 0xf5 0x00 0x04 0x00 0x0b 0x62 0x57 0x4e 0x31 0x49 0x6a 0x70 0x62 0x65 0x79 0x4a 0x69 0x49 0x6a 0x6f 0x35 0x4e 0x6a 0x41 0x77 0x4c 0x43 0x4a 0x79 0x65 0x43 0x49 0x36 0x4e 0x53 0x77 0x69 0x64 0x48 0x67 0x69 0x4f 0x6a 0x52 0x39 0x58 0x58 0x31 0x39 0x2e 0x48 0x4b 0x4c 0x4c 0x53 0x49 0x4e 0x4f 0x58 0x30 0x69 0x54 0x4f 0x48 0x52 0x48 0x6f 0x64 0x49 0x5f 0x7a 0x64 0x50 0x53 0x35 0x5f 0x70 0x39 0x68 0x5f 0x51 0x59 0x43 0x37 0x66 0x55 0x31 0x38 0x6d 0x66 0x77 0x70 0x30 0x6d 0x53 0x34 0x4a 0x51 0x45 0x6b 0x41 0x42 0x4f 0x71 0x77 0x71 0x36 0x71 0x74 0x6b 0x72 0x42 0x6c 0x68 0x5a 0x57 0x42 0x63 0x46 0x70 0x4a 0x46 0x5f 0x73 0x73 0x78 0x7a 0x4c 0x54 0x74 0x56 0x50 0x39 0x46 0x46 0x4c 0x70 0x4b 0x52 0x41 0x63 0x30 0x50 0x56 0x5f 0x71 0x36 0x2d 0x4b 0x62 0x47 0x35 0x4c 0x58 0x4d 0x31 0x5f 0x75 0x48 0x47 0x61 0x50 0x77 0x78 0x76 0x76 0x38 0x39 0x51 0x4e 0x58 0x4e 0x79 0x76 0x4b 0x70 0x57 0x4d 0x22 0x2c 0x22 0x6d 0x6f 0x64 0x65 0x6c 0x22 0x3a 0x22 0x53 0x33 0x58 0x54 0x2d 0x30 0x53 0x22 0x2c 0x22 0x67 0x65 0x6e 0x22 0x3a 0x33 0x2c 0x22 0x66 0x77 0x5f 0x69 0x64 0x22 0x3a 0x22 0x32 0x30 0x32 0x36 0x30 0x39 0x32 0x31 0x2d 0x30 0x36 0x30 0x30 0x34 0x36 0x2f 0x32 0x2e 0x30 0x2e 0x30 0x2d 0x62 0x65 0x74 0x61 0x31 0x31 0x78 0x63 0x69 0x6f 0x68 0x74
18:37:32 D shos_bt_hci.c:317       HCI RX ACL: ch 1 ATT op=0x0a ah=8 len=11
18:37:32 D NimBLE                  ble_hs_hci_evt_acl_process(): conn_handle=1 pb=2 len=7 data=0x03 0x00 0x04 0x00 0x0a 0x08 0x00
18:37:32 D c_channel_gatts.cpp:228 0x3fcc4bb4 sending 244 @ 1220 (85 left), mtu 247
18:37:32 D bt_nimble_gatts.cpp:644 READ_CHR f4:26:79:20:c5:ff,p ch 1 ah 8 (5f6d4f53-5f52-5043-5f64-6174615f5f5f) -> 0 244
18:37:32 D NimBLE                  host tx hci data; handle=1 length=249
18:37:33 D NimBLE                  ble_hs_hci_acl_tx(): 0x01 0x00 0xf9 0x00 0xf5 0x00 0x04 0x00 0x0b 0x74 0x70 0x66 0x69 0x78 0x2d 0x67 0x33 0x35 0x36 0x36 0x39 0x66 0x33 0x22 0x2c 0x22 0x76 0x65 0x72 0x22 0x3a 0x22 0x32 0x2e 0x30 0x2e 0x30 0x2b 0x31 0x33 0x31 0x30 0x39 0x2d 0x33 0x36 0x37 0x33 0x22 0x2c 0x22 0x61 0x70 0x70 0x22 0x3a 0x22 0x58 0x43 0x33 0x2b 0x65 0x76 0x73 0x65 0x3a 0x70 0x6f 0x72 0x74 0x61 0x62 0x6c 0x65 0x3a 0x33 0x31 0x30 0x39 0x22 0x2c 0x22 0x61 0x75 0x74 0x68 0x5f 0x65 0x6e 0x22 0x3a 0x66 0x61 0x6c 0x73 0x65 0x2c 0x22 0x61 0x75 0x74 0x68 0x5f 0x64 0x6f 0x6d 0x61 0x69 0x6e 0x22 0x3a 0x6e 0x75 0x6c 0x6c 0x2c 0x22 0x6a 0x74 0x69 0x22 0x3a 0x22 0x30 0x30 0x31 0x30 0x39 0x34 0x30 0x30 0x30 0x30 0x30 0x31 0x22 0x2c 0x22 0x6a 0x77 0x74 0x22 0x3a 0x7b 0x22 0x70 0x22 0x3a 0x22 0x61 0x70 0x71 0x31 0x31 0x64 0x65 0x76 0x22 0x2c 0x22 0x6e 0x22 0x3a 0x22 0x51 0x31 0x31 0x20 0x44 0x65 0x76 0x4b 0x69 0x74 0x20 0x74 0x65 0x73 0x74 0x22 0x2c 0x22 0x75 0x72 0x6c 0x22 0x3a 0x22 0x68 0x74 0x74 0x70 0x73 0x3a 0x2f 0x2f 0x61 0x6d 0x70 0x65 0x72 0x65 0x70 0x6f 0x69 0x6e 0x74 0x2e 0x70 0x6c 0x22 0x2c 0x22 0x6d 0x22 0x3a 0x22 0x41 0x6d 0x70 0x65 0x72 0x65 0x20 0x50 0x6f 0x69 0x6e 0x74 0x22 0x7d 0x2c 0x22 0x63 0x68 0x22 0x3a 0x5b 0x7b 0x22 0x6b 0x65 0x79 0x22 0x3a 0x22 0x73 0x65 0x72 0x76 0x69 0x63 0x65
18:37:33 D shos_bt_hci.c:320       HCI TX ACL: ch 1 ATT op=0x0b len=253
18:37:33 D shos_bt_hci.c:185       HCI RX EVT: code=0x13 len=7
18:37:33 D shos_bt_hci.c:317       HCI RX ACL: ch 1 ATT op=0x0a ah=8 len=11
18:37:33 D shelly_tmcu.cpp:927     Process 1 commands
18:37:33 D shelly_tmcu.cpp:890     TX: 0x00 v=3 [] (Expecting heartbeat)
18:37:33 D NimBLE                  ble_hs_hci_evt_acl_process(): conn_handle=1 pb=2 len=7 data=0x03 0x00 0x04 0x00 0x0a 0x08 0x00
18:37:33 D c_channel_gatts.cpp:228 0x3fcc4bb4 sending 85 @ 1464 (0 left), mtu 247
18:37:33 D shos_rpc_inst.c:479     0x3fcc4bb8 FRAME SENT (1)
18:37:33 D bt_nimble_gatts.cpp:644 READ_CHR f4:26:79:20:c5:ff,p ch 1 ah 8 (5f6d4f53-5f52-5043-5f64-6174615f5f5f) -> 0 85
18:37:33 D NimBLE                  host tx hci data; handle=1 length=90
18:37:33 D NimBLE                  ble_hs_hci_acl_tx(): 0x01 0x00 0x5a 0x00 0x56 0x00 0x04 0x00 0x0b 0x3a 0x30 0x22 0x2c 0x22 0x74 0x79 0x70 0x65 0x22 0x3a 0x22 0x65 0x76 0x73 0x65 0x3a 0x70 0x6f 0x72 0x74 0x61 0x62 0x6c 0x65 0x3a 0x33 0x31 0x30 0x39 0x22 0x7d 0x5d 0x2c 0x22 0x70 0x72 0x6f 0x76 0x69 0x73 0x69 0x6f 0x6e 0x22 0x3a 0x22 0x75 0x6e 0x6d 0x61 0x6e 0x61 0x67 0x65 0x64 0x22 0x2c 0x22 0x65 0x6e 0x68 0x61 0x6e 0x63 0x65 0x64 0x5f 0x73 0x65 0x63 0x75 0x72 0x69 0x74 0x79 0x22 0x3a 0x66 0x61 0x6c 0x73 0x65 0x7d 0x7d
18:37:33 D shos_bt_hci.c:320       HCI TX ACL: ch 1 ATT op=0x0b len=94
18:37:33 D shos_bt_hci.c:185       HCI RX EVT: code=0x13 len=7
18:37:33 D esp32xx_wifi_if.cpp:234 PK check: link 1 gw 1 UC 1439 MC 1847 ctr 16/105 ping 0 num_act 0
18:37:33 D hos_lwip_eth_if.cpp:513 ws(0x3fcc2404): Status: server 0 oper_up 1 link_up 1/1 hf 89012
18:37:33 D shos_bt_hci.c:317       HCI RX ACL: ch 1 ATT op=0x12 ah=14 len=15
18:37:33 D NimBLE                  ble_hs_hci_evt_acl_process(): conn_handle=1 pb=2 len=11 data=0x07 0x00 0x04 0x00 0x12 0x0e 0x00 0x00 0x00 0x02 0xf6
18:37:33 D c_channel_gatts.cpp:302 0x3fcc4bb4 expected_flen 758
18:37:33 D bt_nimble_gatts.cpp:677 WRITE_CHR f4:26:79:20:c5:ff,p ch 1 ah 14 (5f6d4f53-5f52-5043-5f74-785f63746c5f) len 4 -> 0
18:37:33 D NimBLE                  host tx hci data; handle=1 length=5
18:37:33 D NimBLE                  ble_hs_hci_acl_tx(): 0x01 0x00 0x05 0x00 0x01 0x00 0x04 0x00 0x13
18:37:33 D shos_bt_hci.c:320       HCI TX ACL: ch 1 ATT op=0x13 len=9
18:37:33 D shos_bt_hci.c:185       HCI RX EVT: code=0x13 len=7
18:37:33 D shos_bt_hci.c:317       HCI RX ACL: ch 1 ATT op=0x12 ah=8 len=75
18:37:33 D NimBLE                  ble_hs_hci_evt_acl_process(): conn_handle=1 pb=2 len=71 data=0x43 0x00 0x04 0x00 0x12 0x08 0x00 0x7b 0x22 0x69 0x64 0x22 0x3a 0x35 0x38 0x36 0x38 0x30 0x39 0x36 0x34 0x2c 0x22 0x73 0x72 0x63 0x22 0x3a 0x22 0x53 0x68 0x65 0x6c 0x6c 0x79 0x52 0x50 0x43 0x22 0x2c 0x22 0x6d 0x65 0x74 0x68 0x6f 0x64 0x22 0x3a 0x22 0x58 0x4d 0x4f 0x44 0x2e 0x41 0x70 0x70 0x6c 0x79 0x50 0x72 0x6f 0x64 0x75 0x63 0x74 0x4a 0x57 0x53 0x22
18:37:33 D c_channel_gatts.cpp:262 0x3fcc4bb4 got 64 of 758
18:37:33 D bt_nimble_gatts.cpp:677 WRITE_CHR f4:26:79:20:c5:ff,p ch 1 ah 8 (5f6d4f53-5f52-5043-5f64-6174615f5f5f) len 64 -> 0
18:37:33 D NimBLE                  host tx hci data; handle=1 length=5
18:37:33 D NimBLE                  ble_hs_hci_acl_tx(): 0x01 0x00 0x05 0x00 0x01 0x00 0x04 0x00 0x13
18:37:33 D shos_bt_hci.c:320       HCI TX ACL: ch 1 ATT op=0x13 len=9
18:37:33 D shos_bt_hci.c:185       HCI RX EVT: code=0x13 len=7
18:37:33 D shos_bt_hci.c:317       HCI RX ACL: ch 1 ATT op=0x12 ah=8 len=75
18:37:33 D NimBLE                  ble_hs_hci_evt_acl_process(): conn_handle=1 pb=2 len=71 data=0x43 0x00 0x04 0x00 0x12 0x08 0x00 0x2c 0x22 0x70 0x61 0x72 0x61 0x6d 0x73 0x22 0x3a 0x7b 0x22 0x6a 0x77 0x73 0x22 0x3a 0x22 0x65 0x79 0x4a 0x68 0x62 0x47 0x63 0x69 0x4f 0x69 0x4a 0x46 0x55 0x7a 0x4d 0x34 0x4e 0x43 0x49 0x73 0x49 0x6e 0x52 0x35 0x63 0x43 0x49 0x36 0x49 0x6b 0x70 0x58 0x56 0x43 0x4a 0x39 0x2e 0x65 0x79 0x4a 0x68 0x64 0x57 0x51 0x69 0x4f
18:37:33 D c_channel_gatts.cpp:262 0x3fcc4bb4 got 128 of 758
18:37:33 D bt_nimble_gatts.cpp:677 WRITE_CHR f4:26:79:20:c5:ff,p ch 1 ah 8 (5f6d4f53-5f52-5043-5f64-6174615f5f5f) len 64 -> 0
18:37:33 D NimBLE                  host tx hci data; handle=1 length=5
18:37:33 D NimBLE                  ble_hs_hci_acl_tx(): 0x01 0x00 0x05 0x00 0x01 0x00 0x04 0x00 0x13
18:37:33 D shos_bt_hci.c:320       HCI TX ACL: ch 1 ATT op=0x13 len=9
18:37:33 D shos_bt_hci.c:185       HCI RX EVT: code=0x13 len=7
18:37:33 W shelly_tmcu.cpp:507     Heartbeat timed out!
18:37:33 D shelly_tmcu.cpp:927     Process 1 commands
18:37:33 D shelly_tmcu.cpp:890     TX: 0x00 v=3 [] (Expecting heartbeat)
18:37:34 D shos_bt_hci.c:317       HCI RX ACL: ch 1 ATT op=0x12 ah=8 len=75
18:37:34 D NimBLE                  ble_hs_hci_evt_acl_process(): conn_handle=1 pb=2 len=71 data=0x43 0x00 0x04 0x00 0x12 0x08 0x00 0x69 0x4a 0x59 0x51 0x7a 0x4d 0x73 0x57 0x45 0x4d 0x7a 0x54 0x47 0x6c 0x6e 0x61 0x48 0x51 0x69 0x4c 0x43 0x4a 0x6a 0x49 0x6a 0x70 0x37 0x49 0x6e 0x4e 0x6f 0x5a 0x57 0x78 0x73 0x65 0x53 0x49 0x36 0x65 0x79 0x4a 0x7a 0x59 0x33 0x4a 0x70 0x63 0x48 0x52 0x7a 0x49 0x6a 0x70 0x37 0x49 0x6d 0x56 0x34 0x63 0x47 0x39 0x7a 0x5a
18:37:34 D c_channel_gatts.cpp:262 0x3fcc4bb4 got 192 of 758
18:37:34 D bt_nimble_gatts.cpp:677 WRITE_CHR f4:26:79:20:c5:ff,p ch 1 ah 8 (5f6d4f53-5f52-5043-5f64-6174615f5f5f) len 64 -> 0
18:37:34 D NimBLE                  host tx hci data; handle=1 length=5
18:37:34 D NimBLE                  ble_hs_hci_acl_tx(): 0x01 0x00 0x05 0x00 0x01 0x00 0x04 0x00 0x13
18:37:34 D shos_bt_hci.c:320       HCI TX ACL: ch 1 ATT op=0x13 len=9
18:37:34 D shos_bt_hci.c:185       HCI RX EVT: code=0x13 len=7
18:37:34 D shos_bt_hci.c:317       HCI RX ACL: ch 1 ATT op=0x12 ah=8 len=75
18:37:34 D NimBLE                  ble_hs_hci_evt_acl_process(): conn_handle=1 pb=2 len=71 data=0x43 0x00 0x04 0x00 0x12 0x08 0x00 0x53 0x49 0x36 0x5a 0x6d 0x46 0x73 0x63 0x32 0x56 0x39 0x66 0x58 0x30 0x73 0x49 0x6d 0x4e 0x6f 0x49 0x6a 0x70 0x62 0x65 0x79 0x4a 0x72 0x5a 0x58 0x6b 0x69 0x4f 0x69 0x4a 0x7a 0x5a 0x58 0x4a 0x32 0x61 0x57 0x4e 0x6c 0x4f 0x6a 0x41 0x69 0x4c 0x43 0x4a 0x30 0x65 0x58 0x42 0x6c 0x49 0x6a 0x6f 0x69 0x5a 0x58 0x5a 0x7a 0x5a
18:37:34 D c_channel_gatts.cpp:262 0x3fcc4bb4 got 256 of 758
18:37:34 D bt_nimble_gatts.cpp:677 WRITE_CHR f4:26:79:20:c5:ff,p ch 1 ah 8 (5f6d4f53-5f52-5043-5f64-6174615f5f5f) len 64 -> 0
18:37:34 D NimBLE                  host tx hci data; handle=1 length=5
18:37:34 D NimBLE                  ble_hs_hci_acl_tx(): 0x01 0x00 0x05 0x00 0x01 0x00 0x04 0x00 0x13
18:37:34 D shos_bt_hci.c:320       HCI TX ACL: ch 1 ATT op=0x13 len=9
18:37:34 W shelly_tmcu.cpp:507     Heartbeat timed out!
18:37:34 D shos_bt_hci.c:185       HCI RX EVT: code=0x13 len=7
18:37:34 D shelly_tmcu.cpp:927     Process 1 commands
18:37:34 D shelly_tmcu.cpp:890     TX: 0x00 v=3 [] (Expecting heartbeat)
18:37:34 D shos_bt_hci.c:317       HCI RX ACL: ch 1 ATT op=0x12 ah=8 len=75
18:37:34 D NimBLE                  ble_hs_hci_evt_acl_process(): conn_handle=1 pb=2 len=71 data=0x43 0x00 0x04 0x00 0x12 0x08 0x00 0x54 0x70 0x77 0x62 0x33 0x4a 0x30 0x59 0x57 0x4a 0x73 0x5a 0x54 0x6f 0x7a 0x4d 0x54 0x41 0x35 0x49 0x6e 0x31 0x64 0x4c 0x43 0x4a 0x6d 0x49 0x6a 0x6f 0x77 0x4c 0x43 0x4a 0x70 0x59 0x58 0x51 0x69 0x4f 0x6a 0x45 0x33 0x4f 0x54 0x41 0x79 0x4e 0x6a 0x63 0x34 0x4d 0x6a 0x41 0x73 0x49 0x6d 0x70 0x30 0x61 0x53 0x49 0x36 0x49
18:37:34 D c_channel_gatts.cpp:262 0x3fcc4bb4 got 320 of 758
18:37:34 D bt_nimble_gatts.cpp:677 WRITE_CHR f4:26:79:20:c5:ff,p ch 1 ah 8 (5f6d4f53-5f52-5043-5f64-6174615f5f5f) len 64 -> 0
18:37:34 D NimBLE                  host tx hci data; handle=1 length=5
18:37:34 D NimBLE                  ble_hs_hci_acl_tx(): 0x01 0x00 0x05 0x00 0x01 0x00 0x04 0x00 0x13
18:37:34 D shos_bt_hci.c:320       HCI TX ACL: ch 1 ATT op=0x13 len=9
18:37:34 D shos_bt_hci.c:185       HCI RX EVT: code=0x13 len=7
18:37:35 D esp32xx_wifi_if.cpp:234 PK check: link 1 gw 1 UC 1454 MC 1851 ctr 16/105 ping 0 num_act 0
18:37:35 D hos_lwip_eth_if.cpp:513 ws(0x3fcc2404): Status: server 0 oper_up 1 link_up 1/1 hf 95692
18:37:35 D shos_bt_hci.c:317       HCI RX ACL: ch 1 ATT op=0x12 ah=8 len=75
18:37:35 D NimBLE                  ble_hs_hci_evt_acl_process(): conn_handle=1 pb=2 len=71 data=0x43 0x00 0x04 0x00 0x12 0x08 0x00 0x6a 0x41 0x77 0x4d 0x54 0x41 0x35 0x4e 0x44 0x41 0x77 0x4d 0x44 0x41 0x77 0x4d 0x69 0x49 0x73 0x49 0x6d 0x30 0x69 0x4f 0x69 0x4a 0x42 0x62 0x58 0x42 0x6c 0x63 0x6d 0x55 0x67 0x55 0x47 0x39 0x70 0x62 0x6e 0x51 0x69 0x4c 0x43 0x4a 0x75 0x49 0x6a 0x6f 0x69 0x55 0x54 0x45 0x78 0x49 0x45 0x52 0x6c 0x64 0x6b 0x74 0x70 0x64
18:37:35 D c_channel_gatts.cpp:262 0x3fcc4bb4 got 384 of 758
18:37:35 D bt_nimble_gatts.cpp:677 WRITE_CHR f4:26:79:20:c5:ff,p ch 1 ah 8 (5f6d4f53-5f52-5043-5f64-6174615f5f5f) len 64 -> 0
18:37:35 D NimBLE                  host tx hci data; handle=1 length=5
18:37:35 D NimBLE                  ble_hs_hci_acl_tx(): 0x01 0x00 0x05 0x00 0x01 0x00 0x04 0x00 0x13
18:37:35 D shos_bt_hci.c:320       HCI TX ACL: ch 1 ATT op=0x13 len=9
18:37:35 D shos_bt_hci.c:185       HCI RX EVT: code=0x13 len=7
18:37:35 D shos_bt_hci.c:317       HCI RX ACL: ch 1 ATT op=0x12 ah=8 len=75
18:37:35 D NimBLE                  ble_hs_hci_evt_acl_process(): conn_handle=1 pb=2 len=71 data=0x43 0x00 0x04 0x00 0x12 0x08 0x00 0x43 0x42 0x30 0x5a 0x58 0x4e 0x30 0x49 0x69 0x77 0x69 0x63 0x43 0x49 0x36 0x49 0x6d 0x46 0x77 0x63 0x54 0x45 0x78 0x5a 0x47 0x56 0x32 0x49 0x69 0x77 0x69 0x63 0x33 0x6c 0x7a 0x49 0x6a 0x70 0x37 0x49 0x6d 0x4a 0x30 0x62 0x69 0x49 0x36 0x65 0x79 0x4a 0x70 0x62 0x79 0x49 0x36 0x4f 0x58 0x30 0x73 0x49 0x6d 0x78 0x6c 0x5a
18:37:35 D c_channel_gatts.cpp:262 0x3fcc4bb4 got 448 of 758
18:37:35 D bt_nimble_gatts.cpp:677 WRITE_CHR f4:26:79:20:c5:ff,p ch 1 ah 8 (5f6d4f53-5f52-5043-5f64-6174615f5f5f) len 64 -> 0
18:37:35 D NimBLE                  host tx hci data; handle=1 length=5
18:37:35 D NimBLE                  ble_hs_hci_acl_tx(): 0x01 0x00 0x05 0x00 0x01 0x00 0x04 0x00 0x13
18:37:35 D shos_bt_hci.c:320       HCI TX ACL: ch 1 ATT op=0x13 len=9
18:37:35 D shos_bt_hci.c:185       HCI RX EVT: code=0x13 len=7
18:37:35 W shelly_tmcu.cpp:507     Heartbeat timed out!
18:37:35 D shelly_tmcu.cpp:927     Process 1 commands
18:37:35 D shelly_tmcu.cpp:890     TX: 0x00 v=3 [] (Expecting heartbeat)
18:37:35 D shos_http_base.cpp:443  0x3fcc5634: Send WS ping
18:37:35 D shos_bt_hci.c:317       HCI RX ACL: ch 1 ATT op=0x12 ah=8 len=75
18:37:36 D NimBLE                  ble_hs_hci_evt_acl_process(): conn_handle=1 pb=2 len=71 data=0x43 0x00 0x04 0x00 0x12 0x08 0x00 0x43 0x49 0x36 0x65 0x79 0x4a 0x70 0x62 0x79 0x49 0x36 0x4f 0x43 0x77 0x69 0x64 0x43 0x49 0x36 0x4d 0x6e 0x31 0x39 0x4c 0x43 0x4a 0x31 0x63 0x6d 0x77 0x69 0x4f 0x69 0x4a 0x6f 0x64 0x48 0x52 0x77 0x63 0x7a 0x6f 0x76 0x4c 0x32 0x46 0x74 0x63 0x47 0x56 0x79 0x5a 0x58 0x42 0x76 0x61 0x57 0x35 0x30 0x4c 0x6e 0x42 0x73 0x49
18:37:36 D c_channel_gatts.cpp:262 0x3fcc4bb4 got 512 of 758
18:37:36 D bt_nimble_gatts.cpp:677 WRITE_CHR f4:26:79:20:c5:ff,p ch 1 ah 8 (5f6d4f53-5f52-5043-5f64-6174615f5f5f) len 64 -> 0
18:37:36 D NimBLE                  host tx hci data; handle=1 length=5
18:37:36 D NimBLE                  ble_hs_hci_acl_tx(): 0x01 0x00 0x05 0x00 0x01 0x00 0x04 0x00 0x13
18:37:36 D shos_bt_hci.c:320       HCI TX ACL: ch 1 ATT op=0x13 len=9
18:37:36 D shos_bt_hci.c:185       HCI RX EVT: code=0x13 len=7
18:37:36 D shos_http_base.cpp:555  0x3fcc5634: Recd WS pong
18:37:36 D shos_bt_hci.c:317       HCI RX ACL: ch 1 ATT op=0x12 ah=8 len=75
18:37:36 D NimBLE                  ble_hs_hci_evt_acl_process(): conn_handle=1 pb=2 len=71 data=0x43 0x00 0x04 0x00 0x12 0x08 0x00 0x69 0x77 0x69 0x64 0x69 0x49 0x36 0x4d 0x69 0x77 0x69 0x65 0x47 0x4d 0x69 0x4f 0x6e 0x73 0x69 0x63 0x33 0x5a 0x6a 0x49 0x6a 0x70 0x62 0x65 0x79 0x4a 0x30 0x49 0x6a 0x6f 0x69 0x5a 0x58 0x5a 0x7a 0x5a 0x54 0x70 0x77 0x62 0x33 0x4a 0x30 0x59 0x57 0x4a 0x73 0x5a 0x54 0x6f 0x7a 0x4d 0x54 0x41 0x35 0x49 0x6e 0x31 0x64 0x4c
18:37:36 D c_channel_gatts.cpp:262 0x3fcc4bb4 got 576 of 758
18:37:36 D bt_nimble_gatts.cpp:677 WRITE_CHR f4:26:79:20:c5:ff,p ch 1 ah 8 (5f6d4f53-5f52-5043-5f64-6174615f5f5f) len 64 -> 0
18:37:36 D NimBLE                  host tx hci data; handle=1 length=5
18:37:36 D NimBLE                  ble_hs_hci_acl_tx(): 0x01 0x00 0x05 0x00 0x01 0x00 0x04 0x00 0x13
18:37:36 D shos_bt_hci.c:320       HCI TX ACL: ch 1 ATT op=0x13 len=9
18:37:36 D shos_bt_hci.c:185       HCI RX EVT: code=0x13 len=7
18:37:36 W shelly_tmcu.cpp:507     Heartbeat timed out!
18:37:36 D shos_bt_hci.c:317       HCI RX ACL: ch 1 ATT op=0x12 ah=8 len=75
18:37:36 D NimBLE                  ble_hs_hci_evt_acl_process(): conn_handle=1 pb=2 len=71 data=0x43 0x00 0x04 0x00 0x12 0x08 0x00 0x43 0x4a 0x30 0x62 0x57 0x4e 0x31 0x49 0x6a 0x70 0x62 0x65 0x79 0x4a 0x69 0x49 0x6a 0x6f 0x78 0x4d 0x54 0x55 0x79 0x4d 0x44 0x41 0x73 0x49 0x6e 0x4a 0x34 0x49 0x6a 0x6f 0x31 0x4c 0x43 0x4a 0x30 0x65 0x43 0x49 0x36 0x4e 0x48 0x31 0x64 0x66 0x58 0x30 0x2e 0x38 0x50 0x56 0x53 0x47 0x6a 0x74 0x54 0x5f 0x71 0x50 0x53 0x4b
18:37:36 D c_channel_gatts.cpp:262 0x3fcc4bb4 got 640 of 758
18:37:36 D bt_nimble_gatts.cpp:677 WRITE_CHR f4:26:79:20:c5:ff,p ch 1 ah 8 (5f6d4f53-5f52-5043-5f64-6174615f5f5f) len 64 -> 0
18:37:36 D NimBLE                  host tx hci data; handle=1 length=5
18:37:36 D NimBLE                  ble_hs_hci_acl_tx(): 0x01 0x00 0x05 0x00 0x01 0x00 0x04 0x00 0x13
18:37:36 D shos_bt_hci.c:320       HCI TX ACL: ch 1 ATT op=0x13 len=9
18:37:36 D shos_bt_hci.c:185       HCI RX EVT: code=0x13 len=7
18:37:36 D shelly_tmcu.cpp:927     Process 1 commands
18:37:36 D shelly_tmcu.cpp:890     TX: 0x00 v=3 [] (Expecting heartbeat)
18:37:37 D shos_bt_hci.c:317       HCI RX ACL: ch 1 ATT op=0x12 ah=8 len=75
18:37:37 D NimBLE                  ble_hs_hci_evt_acl_process(): conn_handle=1 pb=2 len=71 data=0x43 0x00 0x04 0x00 0x12 0x08 0x00 0x31 0x74 0x75 0x6e 0x72 0x4b 0x5f 0x37 0x42 0x46 0x4f 0x2d 0x34 0x4e 0x5f 0x54 0x36 0x55 0x41 0x75 0x54 0x45 0x52 0x71 0x58 0x50 0x53 0x57 0x5f 0x42 0x76 0x77 0x62 0x6f 0x56 0x70 0x56 0x76 0x74 0x4b 0x61 0x70 0x30 0x6e 0x6a 0x68 0x69 0x58 0x55 0x4b 0x75 0x68 0x6e 0x6c 0x64 0x7a 0x34 0x39 0x35 0x57 0x6a 0x46 0x73 0x6e
18:37:37 D c_channel_gatts.cpp:262 0x3fcc4bb4 got 704 of 758
18:37:37 D bt_nimble_gatts.cpp:677 WRITE_CHR f4:26:79:20:c5:ff,p ch 1 ah 8 (5f6d4f53-5f52-5043-5f64-6174615f5f5f) len 64 -> 0
18:37:37 D NimBLE                  host tx hci data; handle=1 length=5
18:37:37 D NimBLE                  ble_hs_hci_acl_tx(): 0x01 0x00 0x05 0x00 0x01 0x00 0x04 0x00 0x13
18:37:37 D shos_bt_hci.c:320       HCI TX ACL: ch 1 ATT op=0x13 len=9
18:37:37 D shos_bt_hci.c:185       HCI RX EVT: code=0x13 len=7
18:37:37 D esp32xx_wifi_if.cpp:234 PK check: link 1 gw 1 UC 1468 MC 1857 ctr 16/105 ping 0 num_act 0
18:37:37 D hos_lwip_eth_if.cpp:513 ws(0x3fcc2404): Status: server 0 oper_up 1 link_up 1/1 hf 92116
18:37:39 D shos_vfs.c:295          conf3.json -> /conf3.json pl 1 -> 1 0x3fca5bc0 (refs 2)
18:37:39 D shos_vfs.c:653          unlink conf3.json => 0x3fca5bc0 conf3.json => 0
18:37:39 D NimBLE                  GATT procedure initiated: notify; att_handle=11
18:37:39 D NimBLE                  host tx hci data; handle=1 length=11
18:37:39 D NimBLE                  ble_hs_hci_acl_tx(): 0x01 0x00 0x0b 0x00 0x07 0x00 0x04 0x00 0x1b 0x0b 0x00 0x00 0x00 0x00 0x4d
18:37:39 D shos_bt_hci.c:320       HCI TX ACL: ch 1 ATT op=0x1b len=15
18:37:39 D bt_nimble_gatts.cpp:515 NOTIFY_TX ch 1 ah 11 st 0
18:37:39 D shos_rpc_inst.c:683     0x3fcc4bb8 SEND FRAME (77): {"id":58680964,"src":"apq11dev-543204516334","dst":"ShellyRPC","result":null} -> 1
18:37:39 W shelly_config.cpp:297   Factory reset
18:37:39 I shos_system.c:66        Rebooting in 2000 ms
18:37:39 D bt_nimble_gatts.cpp:677 WRITE_CHR f4:26:79:20:c5:ff,p ch 1 ah 8 (5f6d4f53-5f52-5043-5f64-6174615f5f5f) len 54 -> 0
18:37:39 D NimBLE                  host tx hci data; handle=1 length=5
18:37:39 D NimBLE                  ble_hs_hci_acl_tx(): 0x01 0x00 0x05 0x00 0x01 0x00 0x04 0x00 0x13
18:37:39 D shos_bt_hci.c:320       HCI TX ACL: ch 1 ATT op=0x13 len=9
18:37:39 D shos_bt_hci.c:185       HCI RX EVT: code=0x13 len=7
18:37:39 I shos_init.cpp:108       New min heap free: 48320
18:37:39 D shos_bt_hci.c:185       HCI RX EVT: code=0x13 len=7
18:37:39 W shelly_tmcu.cpp:507     Heartbeat timed out!
18:37:39 D shelly_tmcu.cpp:927     Process 1 commands
18:37:39 D shelly_tmcu.cpp:890     TX: 0x00 v=3 [] (Expecting heartbeat)
18:37:39 D shos_vfs.c:622          lseek 256 0 0 => 0x3fca5bc0:0 => 0
18:37:39 D shos_vfs.c:622          lseek 256 0 0 => 0x3fca5bc0:0 => 0
18:37:39 D shos_vfs.c:622          lseek 256 3027 0 => 0x3fca5bc0:0 => 3027
18:37:39 D shos_vfs.c:622          lseek 256 0 0 => 0x3fca5bc0:0 => 0
18:37:39 D shos_vfs.c:622          lseek 256 0 0 => 0x3fca5bc0:0 => 0
18:37:39 D shos_vfs.c:622          lseek 256 803 0 => 0x3fca5bc0:0 => 803
18:37:39 I shelly_script.cpp:204   service:0 0.2% CPU utilization
18:37:39 D s_sd_responder.cpp:1197 Remove [apq11dev-543204516334.local any@any]
18:37:39 D s_sd_responder.cpp:1197 Remove [shelly.local any@WiFi AP]
18:37:39 D ns_sd_responder.cpp:411 ws(0x3fcc2404): Goodbye 1 apq11dev-543204516334.local any@any (192.168.0.238)
18:37:39 D ns_sd_responder.cpp:411 ws(0x3fcc2404): Goodbye 1 apq11dev-543204516334.local any@any (fe80::5632:4ff:fe51:6334)
18:37:39 D ns_sd_responder.cpp:798 Removed [apq11dev-543204516334.local any@any]
18:37:39 D ns_sd_responder.cpp:798 Removed [shelly.local any@WiFi AP]
18:37:39 D shos_bt_hci.c:317       HCI RX ACL: ch 1 ATT op=0x0a ah=8 len=11
18:37:39 D y_notifications.cpp:103 trying dst='ShellyRPC':GATTS info='peer f4:26:79:20:c5:ff,p' ?
18:37:39 D ly_notifications.cpp:72 will NOT notify 'GATTS'
18:37:39 D y_notifications.cpp:103 trying dst='shelly.cloud':SHC info='34.40.19.158:6022' ?
18:37:39 D shos_rpc_inst.c:179     'shelly.cloud' -> 0x3fcb2a04
18:37:39 D shos_rpc_inst.c:683     0x3fcb2a04 SEND FRAME (202): {"src":"apq11dev-543204516334","dst":"shelly.cloud","method":"NotifyEvent","params":{"ts":1790267859.61,"events":[{"component":"sys", "event":"scheduled_restart", "time_ms": 1795, "ts":1790267859.61}]}} -> 1
18:37:39 D y_notifications.cpp:135 NotifyEvent: 'shelly.cloud' (SHC) -> ok? 1
18:37:39 D y_notifications.cpp:103 trying dst='':UART info='UART0' ?
18:37:39 D ly_notifications.cpp:72 will NOT notify 'UART'
18:37:39 D NimBLE                  ble_hs_hci_evt_acl_process(): conn_handle=1 pb=2 len=7 data=0x03 0x00 0x04 0x00 0x0a 0x08 0x00
18:37:39 D c_channel_gatts.cpp:228 0x3fcc4bb4 sending 77 @ 0 (0 left), mtu 247
18:37:39 D shos_rpc_inst.c:479     0x3fcc4bb8 FRAME SENT (1)
18:37:39 D bt_nimble_gatts.cpp:644 READ_CHR f4:26:79:20:c5:ff,p ch 1 ah 8 (5f6d4f53-5f52-5043-5f64-6174615f5f5f) -> 0 77
18:37:39 D NimBLE                  host tx hci data; handle=1 length=82
18:37:39 D NimBLE                  ble_hs_hci_acl_tx(): 0x01 0x00 0x52 0x00 0x4e 0x00 0x04 0x00 0x0b 0x7b 0x22 0x69 0x64 0x22 0x3a 0x35 0x38 0x36 0x38 0x30 0x39 0x36 0x34 0x2c 0x22 0x73 0x72 0x63 0x22 0x3a 0x22 0x61 0x70 0x71 0x31 0x31 0x64 0x65 0x76 0x2d 0x35 0x34 0x33 0x32 0x30 0x34 0x35 0x31 0x36 0x33 0x33 0x34 0x22 0x2c 0x22 0x64 0x73 0x74 0x22 0x3a 0x22 0x53 0x68 0x65 0x6c 0x6c 0x79 0x52 0x50 0x43 0x22 0x2c 0x22 0x72 0x65 0x73 0x75 0x6c 0x74 0x22 0x3a 0x6e 0x75 0x6c 0x6c 0x7d
18:37:39 D shos_bt_hci.c:320       HCI TX ACL: ch 1 ATT op=0x0b len=86
18:37:39 D shos_rpc_inst.c:479     0x3fcb2a04 FRAME SENT (1)
18:37:39 D shos_bt_hci.c:185       HCI RX EVT: code=0x13 len=7
18:37:39 W shelly_tmcu.cpp:507     Heartbeat timed out!
18:37:39 D shelly_tmcu.cpp:927     Process 1 commands
18:37:39 D shelly_tmcu.cpp:890     TX: 0x00 v=3 [] (Expecting heartbeat)
18:37:39 D shos_wifi_sta.cpp:524   State 8 ev -1 timeout 1
18:37:39 D shos_wifi_sta.cpp:813   Avg RSSI -70, ok
18:37:40 W shelly_tmcu.cpp:507     Heartbeat timed out!
18:43:16 D hos_http_client.cpp:467 0x3fcc67c4: Connection result: 0
18:43:16 D hos_http_server.cpp:754 0x3fcc6c5c: Switching to WebSockets
18:43:16 I shelly_debug.cpp:245    Streaming logs to 192.168.0.57:58826
18:43:16 D ns_sd_responder.cpp:349 wa(0x3fcaf8a8): Probe 1 apq11dev-543204516334.local any@any (192.168.33.1)
18:43:16 D ns_sd_responder.cpp:349 ws(0x3fcc5afc): Probe 1 apq11dev-543204516334.local any@any (192.168.0.238)
18:43:16 D ns_sd_responder.cpp:349 wa(0x3fcaf8a8): Probe 1 apq11dev-543204516334.local any@any (fe80::5632:4ff:fe51:6335)
18:43:16 I hos_http_client.cpp:611 0x3fcc67c4: WS handshake complete
18:43:16 D hos_http_client.cpp:647 0x3fcc67c4: Headers parsed: code 101, 4 hdrs, 77 bytes left; body parser: WebSocket (0x3fcc7fbc)
18:43:16 D shos_rpc_inst.c:438     0x3fcc4144 CHAN OPEN (SHC 23.251.142.183:6022)
18:43:16 D loud_connection.cpp:299 shelly cloud channel open, awaiting SHC.ChannelReady
18:43:16 D shos_rpc_inst.c:452     0x3fcc4144 GOT FRAME (75): {"id":7343283,"src":"iotc_5_1-shelly-api-eu","method":"XMOD.GetProductJWS"}
18:43:16 D shos_rpc_inst.c:331     '7343283' 'iotc_5_1-shelly-api-eu' '' 'XMOD.GetProductJWS'
18:43:16 I shos_rpc_inst.c:241     XMOD.GetProductJWS [7343283@iotc_5_1-shelly-api-eu] via SHC 23.251.142.183:6022
18:43:16 D shos_rpc_inst.c:683     0x3fcc4144 SEND FRAME (768): {"id":7343283,"src":"apq11dev-543204516334","dst":"iotc_5_1-shelly-api-eu","result":{"jws":"eyJhbGciOiJFUzM4NCIsInR5cCI6IkpXVCJ9.eyJhdWQiOiJYQzMsWEMzTGlnaHQiLCJjIjp7InNoZWxseSI6eyJzY3JpcHRzIjp7ImV4cG9zZSI6ZmFsc2V9fX0sImNoIjpbeyJrZXkiOiJzZXJ2aWNlOjAiLCJ0eXBlIjoiZXZzZTpwb3J0YWJsZTozMTA5In1dLCJmIjowLCJpYXQiOjE3OTAyNjc4MjAsImp0aSI6IjAwMTA5NDAwMDAwMiIsIm0iOiJBbXBlcmUgUG9pbnQiLCJuIjoiUTExIERldktpdCB0ZXN0IiwicCI6ImFwcTExZGV2Iiwic3lzIjp7ImJ0biI6eyJpbyI6OX0sImxlZCI6eyJpbyI6OCwidCI6Mn19LCJ1cmwiOiJodHRwczovL2FtcGVyZXBvaW50LnBsIiwidiI6MiwieGMiOnsic3ZjIjpbeyJ0IjoiZXZzZTpwb3J0YWJsZTozMTA5In1dLCJ0bWN1IjpbeyJiIjoxMTUyMDAsInJ4Ijo1LCJ0eCI6NH1dfX0.8PVSGjtT_qPSK1tunrK_7BFO-4N_T6UAuTERqXPSW_BvwboVpVvtKap0njhiXUKuhnldz495WjFsnz7LH4_QeCHDyWfpKwPgI-rKV3VafBivEbuiINZ8YD-7TlWTby5E"}} -> 1
18:43:16 D ns_sd_responder.cpp:349 wa(0x3fcaf8a8): Probe 2 shelly.local any@WiFi AP (192.168.33.1)
18:43:16 D ns_sd_responder.cpp:349 wa(0x3fcaf8a8): Probe 1 shelly.local any@WiFi AP (fe80::5632:4ff:fe51:6335)
18:43:16 D ns_sd_responder.cpp:349 ws(0x3fcc5afc): Probe 2 apq11dev-543204516334.local any@any (fe80::5632:4ff:fe51:6334)
18:43:16 D shelly_tmcu.cpp:927     Process 1 commands
18:43:17 D shelly_tmcu.cpp:890     TX: 0x00 v=3 [] (Expecting heartbeat)
18:43:17 D shos_rpc_inst.c:479     0x3fcc4144 FRAME SENT (1)
18:43:17 D ns_sd_responder.cpp:349 wa(0x3fcaf8a8): Probe 2 apq11dev-543204516334.local any@any (192.168.33.1)
18:43:17 D ns_sd_responder.cpp:349 wa(0x3fcaf8a8): Probe 2 apq11dev-543204516334.local any@any (fe80::5632:4ff:fe51:6335)
18:43:17 D ns_sd_responder.cpp:349 ws(0x3fcc5afc): Probe 2 apq11dev-543204516334.local any@any (192.168.0.238)
18:43:18 D hos_lwip_eth_if.cpp:513 wa(0x3fcaf8a8): Status: server 1 oper_up 1 link_up 1/1 hf 67348
18:43:18 D shos_vfs.c:518          write 257 128 => 0x3fca5b3c:1 => 128
18:43:18 D shos_vfs.c:518          write 257 58 => 0x3fca5b3c:1 => 58
18:43:18 D shos_vfs.c:426          close 257 => 0x3fca5b3c:1 => 0 (refs 1)
18:43:18 D shos_vfs.c:295          conf9.json -> /conf9.json pl 1 -> 1 0x3fca5b3c (refs 2)
18:43:18 D shos_vfs.c:653          unlink conf9.json => 0x3fca5b3c conf9.json => 0
18:43:18 D shos_vfs.c:295          tmp -> /tmp pl 1 -> 1 0x3fca5b3c (refs 2)
18:43:18 D shos_vfs.c:295          conf9.json -> /conf9.json pl 1 -> 1 0x3fca5b3c (refs 3)
18:43:18 D esp32xx_wifi_if.cpp:234 PK check: link 1 gw 1 UC 57 MC 12 ctr 1/105 ping 0 num_act 0
18:43:18 D hos_lwip_eth_if.cpp:513 ws(0x3fcc5afc): Status: server 0 oper_up 1 link_up 1/1 hf 68332
18:43:18 D shos_vfs.c:690          rename tmp -> conf9.json => 0x3fca5b3c tmp -> conf9.json => 0
18:43:18 I loud_connection.cpp:194 Config changed (0x4), arming setup
18:43:18 D shos_rpc_inst.c:683     0x3fcc4144 SEND FRAME (111): {"id":7343318,"src":"apq11dev-543204516334","dst":"iotc_5_1-shelly-api-eu","result":{"restart_required":false}} -> 1
18:43:18 D ns_sd_responder.cpp:349 wa(0x3fcaf8a8): Probe 3 shelly.local any@WiFi AP (fe80::5632:4ff:fe51:6335)
18:43:18 D ns_sd_responder.cpp:411 wa(0x3fcaf8a8): Announce 1 shelly.local any@WiFi AP (fe80::5632:4ff:fe51:6335)
18:43:18 I shos_init.cpp:108       New min heap free: 62976
18:43:18 D shelly_tmcu.cpp:927     Process 1 commands
18:43:18 D shelly_tmcu.cpp:890     TX: 0x00 v=3 [] (Expecting heartbeat)
18:43:18 D y_notifications.cpp:135 NotifyStatus: 'shelly.cloud' (SHC) -> ok? 1
18:43:18 D y_notifications.cpp:103 trying dst='shelly-app':GATTS info='peer 77:2b:82:bf:9f:8a,rr' ?
18:43:18 D ly_notifications.cpp:72 will NOT notify 'GATTS'
18:43:18 D y_notifications.cpp:103 trying dst='ShellyRPC':GATTS info='peer f4:26:79:20:c5:ff,p' ?
18:43:18 D ly_notifications.cpp:72 will NOT notify 'GATTS'
18:43:18 D y_notifications.cpp:103 trying dst='':UART info='UART0' ?
18:43:18 D ly_notifications.cpp:72 will NOT notify 'UART'
18:43:18 D y_notifications.cpp:103 trying dst='apq11dev-543204516334/events':MQTT info='' ?
18:43:18 D ly_notifications.cpp:72 will NOT notify 'MQTT'
18:43:18 D y_notifications.cpp:103 trying dst='RPC.LOCAL':loopback info='' ?
18:43:18 D ly_notifications.cpp:72 will NOT notify 'loopback'
18:43:18 D y_notifications.cpp:139 notified 1 of 6 channels
18:43:18 D helly_ejs_event.cpp:123 notifying for status: {"cfg_rev":20}
18:43:18 D shos_rpc_inst.c:479     0x3fcc4144 FRAME SENT (1)
18:43:18 D shos_rpc_inst.c:683     0x3fcc4144 SEND FRAME (220): {"src":"apq11dev-543204516334","dst":"shelly.cloud","method":"NotifyEvent","params":{"ts":1790268198.42,"events":[{"component":"cloud","event":"config_changed","restart_required":false,"ts":1790268198.42,"cfg_rev":20}]}} -> 0
18:43:18 D shos_rpc_inst.c:683     0x3fcc4144 SEND FRAME (127): {"src":"apq11dev-543204516334","dst":"shelly.cloud","method":"NotifyStatus","params":{"ts":1790268198.42,"sys":{"cfg_rev":20}}} -> 0
18:43:18 D shos_rpc_inst.c:452     0x3fcbdae8 GOT FRAME (66): {"id":91,"src":"shelly-app","method":"WiFi.GetStatus","params":{}}
18:43:18 D shos_rpc_inst.c:331     '91' 'shelly-app' '' 'WiFi.GetStatus'
18:43:18 I shos_rpc_inst.c:241     WiFi.GetStatus [91@shelly-app] via GATTS peer 77:2b:82:bf:9f:8a,rr
18:43:18 D shos_rpc_inst.c:683     0x3fcbdae8 SEND FRAME (224): {"id":91,"src":"apq11dev-543204516334","dst":"shelly-app","result":{"sta_ip":"192.168.0.238","status":"got ip","ssid":"AmperePoint","channel":11,"rssi":-72,"bssid":"ae:9c:6c:cc:eb:a8","sta_ip6":["fe80::5632:4ff:fe51:6334"]}} -> 1
18:43:18 D bt_nimble_gatts.cpp:677 WRITE_CHR 77:2b:82:bf:9f:8a,rr ch 1 ah 8 (5f6d4f53-5f52-5043-5f64-6174615f5f5f) len 66 -> 0
18:43:18 D NimBLE                  host tx hci data; handle=1 length=5
18:43:18 D NimBLE                  ble_hs_hci_acl_tx(): 0x01 0x00 0x05 0x00 0x01 0x00 0x04 0x00 0x13
18:43:18 D shos_bt_hci.c:320       HCI TX ACL: ch 1 ATT op=0x13 len=9
18:43:18 I hos_http_client.cpp:681 0x3fcc67c4: Finished; bytes 1985/729, code 101, redir 0/3, auth 0, status ABORTED: Channel closed
18:43:18 D shos_bt_hci.c:185       HCI RX EVT: code=0x13 len=7
18:43:18 D shos_http_base.cpp:134  0x3fcc67c4: Deleted
18:43:18 D shos_rpc_inst.c:487     0x3fcc4144 CHAN CLOSED, remove? 1
18:43:18 D loud_connection.cpp:320 0x3fcc4144 discarded
18:43:18 D shos_rpc_inst.c:585     0x3fcc4144 REMOVING
18:43:18 D shelly_tmcu.cpp:927     Process 1 commands
18:43:18 I hos_http_client.cpp:339 0x3fcc8010: WSS shelly-api-eu.shelly.cloud:6022/jrpc (CA shelly_cloud.pem,ca.pem)
18:43:18 D ns_sd_responder.cpp:411 wa(0x3fcaf8a8): Announce 2 apq11dev-543204516334.local any@any (192.168.33.1)
18:43:18 D shos_bt_hci.c:317       HCI RX ACL: ch 1 ATT op=0x0a ah=11 len=11
18:43:18 I ns_sd_responder.cpp:236 wa(0x3fcaf8a8): Announced apq11dev-543204516334.local any@any (192.168.33.1)
18:43:18 D ns_sd_responder.cpp:411 wa(0x3fcaf8a8): Announce 2 apq11dev-543204516334.local any@any (fe80::5632:4ff:fe51:6335)
18:43:18 I ns_sd_responder.cpp:236 wa(0x3fcaf8a8): Announced apq11dev-543204516334.local any@any (fe80::5632:4ff:fe51:6335)
18:43:18 D ns_sd_responder.cpp:411 wa(0x3fcaf8a8): Announce 2 shelly.local any@WiFi AP (192.168.33.1)
18:43:18 I ns_sd_responder.cpp:236 wa(0x3fcaf8a8): Announced shelly.local any@WiFi AP (192.168.33.1)
18:43:19 D ns_sd_responder.cpp:411 ws(0x3fcc5afc): Announce 2 apq11dev-543204516334.local any@any (192.168.0.238)
18:43:19 I ns_sd_responder.cpp:236 ws(0x3fcc5afc): Announced apq11dev-543204516334.local any@any (192.168.0.238)
18:43:19 D ns_sd_responder.cpp:411 ws(0x3fcc5afc): Announce 2 apq11dev-543204516334.local any@any (fe80::5632:4ff:fe51:6334)
18:43:19 I ns_sd_responder.cpp:236 ws(0x3fcc5afc): Announced apq11dev-543204516334.local any@any (fe80::5632:4ff:fe51:6334)
18:43:19 D ns_sd_responder.cpp:411 wa(0x3fcaf8a8): Announce 2 shelly.local any@WiFi AP (fe80::5632:4ff:fe51:6335)
18:43:19 I ns_sd_responder.cpp:236 wa(0x3fcaf8a8): Announced shelly.local any@WiFi AP (fe80::5632:4ff:fe51:6335)
18:43:19 D hos_http_client.cpp:399 0x3fcc8010: Resolved shelly-api-eu.shelly.cloud to 23.251.142.183
18:43:19 D hos_http_client.cpp:402 0x3fcc8010: Connecting to 23.251.142.183: 0
18:43:19 D NimBLE                  ble_hs_hci_evt_acl_process(): conn_handle=1 pb=2 len=7 data=0x03 0x00 0x04 0x00 0x0a 0x0b 0x00
18:43:19 D bt_nimble_gatts.cpp:644 READ_CHR 77:2b:82:bf:9f:8a,rr ch 1 ah 11 (5f6d4f53-5f52-5043-5f72-785f63746c5f) -> 0 4
18:43:19 D NimBLE                  host tx hci data; handle=1 length=9
18:43:19 D NimBLE                  ble_hs_hci_acl_tx(): 0x01 0x00 0x09 0x00 0x05 0x00 0x04 0x00 0x0b 0x00 0x00 0x00 0xe0
18:43:19 D shos_bt_hci.c:320       HCI TX ACL: ch 1 ATT op=0x0b len=13
18:43:19 D shos_bt_hci.c:185       HCI RX EVT: code=0x13 len=7
18:43:19 D shos_vfs.c:295          shelly_cloud.pem -> /shelly_cloud.pem pl 1 -> 1 0x3fca5b3c (refs 2)
18:43:19 D shos_vfs.c:388          open shelly_cloud.pem 0x0 0x1b6 => 0x3fca5b3c shelly_cloud.pem 1 => 257 (refs 2)
18:43:19 D shos_vfs.c:588          fstat 257 => 0x3fca5b3c:1 => 0 (size 2129)
18:43:19 D shos_vfs.c:622          lseek 257 0 1 => 0x3fca5b3c:1 => 128
18:43:19 D shos_vfs.c:622          lseek 257 21 0 => 0x3fca5b3c:1 => 21
18:43:19 D shos_vfs.c:622          lseek 257 21 0 => 0x3fca5b3c:1 => 21
18:43:19 D shos_vfs.c:622          lseek 257 713 0 => 0x3fca5b3c:1 => 713
18:43:19 D shos_vfs.c:426          close 257 => 0x3fca5b3c:1 => 0 (refs 1)
18:43:19 D shos_vfs.c:295          ca.pem -> /ca.pem pl 1 -> 1 0x3fca5b3c (refs 2)
18:43:19 D shos_vfs.c:388          open ca.pem 0x0 0x1b6 => 0x3fca5b3c ca.pem 1 => 257 (refs 2)
18:43:19 D shos_vfs.c:588          fstat 257 => 0x3fca5b3c:1 => 0 (size 157130)
18:43:19 D shos_vfs.c:622          lseek 257 0 1 => 0x3fca5b3c:1 => 128
18:43:19 D shos_vfs.c:622          lseek 257 1312 0 => 0x3fca5b3c:1 => 1312
18:43:19 D shos_vfs.c:426          close 257 => 0x3fca5b3c:1 => 0 (refs 1)
18:43:19 W shelly_tmcu.cpp:507     Heartbeat timed out!
18:43:19 D shelly_tmcu.cpp:927     Process 1 commands
18:43:19 D shelly_tmcu.cpp:890     TX: 0x00 v=3 [] (Expecting heartbeat)
18:43:19 D hos_http_client.cpp:467 0x3fcc8010: Connection result: 0
18:43:20 I hos_http_client.cpp:611 0x3fcc8010: WS handshake complete
18:43:20 D hos_http_client.cpp:647 0x3fcc8010: Headers parsed: code 101, 4 hdrs, 133 bytes left; body parser: WebSocket (0x3fcbad78)
18:43:20 D shos_rpc_inst.c:438     0x3fcc94c8 CHAN OPEN (SHC 23.251.142.183:6022)
18:43:20 D loud_connection.cpp:299 shelly cloud channel open, awaiting SHC.ChannelReady
18:43:20 D shos_rpc_inst.c:452     0x3fcc94c8 GOT FRAME (129): {"id":7343794,"src":"iotc_5_1-shelly-api-eu","method":"Shelly.GetComponents","params":{"offset":0,"include":["config","status"]}}
18:43:20 D shos_rpc_inst.c:331     '7343794' 'iotc_5_1-shelly-api-eu' '' 'Shelly.GetComponents'
18:43:20 I shos_rpc_inst.c:241     Shelly.GetComponents [7343794@iotc_5_1-shelly-api-eu] via SHC 23.251.142.183:6022
18:43:20 D shos_vfs.c:295          ble_devices.json -> /ble_devices.json pl 1 -> 1 0x3fca5b3c (refs 2)
18:43:20 D shos_vfs.c:549          stat ble_devices.json => 0x3fca5b3c ble_devices.json => -2 (size 0)
18:43:20 D shos_rpc_inst.c:683     0x3fcc94c8 SEND FRAME (2289): {"id":7343794,"src":"apq11dev-543204516334","dst":"iotc_5_1-shelly-api-eu","result":{"components":[{"key":"ble","status":{"addr":"54:32:04:51:63:36,p","flags":["advertising","connected"]},"config":{"rpc":{"enable":true}}},{"key":"boolean:200","status":{"value":false,"source":"","last_update_ts":0},"config":{"id":200,"name":"Charging","meta":{"cloud":["log"],"ui":{"view":"toggle","titles":["Off","On"]}},"persisted":true,"default_value":false},"attrs":{"access":"crw","owner":"service:0","role":"state"}},{"key":"bthome","status":{},"config":{}},{"key":"cloud","status":{"connected":false},"config":{"enable":true,"server":"shelly-api-eu.shelly.cloud:6022/jrpc"}},{"key":"enum:200","status":{"value":"charger_free","source":"","last_update_ts":0},"config":{"id":200,"name":"Charger mode","options":["charger_free","charger_insert","charger_free_fault","charger_wait","charger_charging","charger_pause","charger_end","charger_fault"],"meta":{"cloud":["log"],"ui":{"view":"label","titles":{"charger_free":"Free","charger_insert":"Insert","charger_free_fault":"Free fault","charger_wait":"Wait","charger_charging":"Charging","charger_pause":"Pause","charger_end":"End","charger_fault":"Fault"}}},"persisted":false,"default_value":"charger_free"},"attrs":{"access":"cr","owner":"service:0","role":"mode"}},{"key":"modbus","status":{},"config":{"enable":true}},{"key":"mqtt","status":{"connected":false},"config":{"enable":false,"server":null,"client_id":"apq11dev-543204516334","user":null,"ssl_ca":null,"topic_prefix":"apq11dev-543204516334","rpc_ntf":true,"status_ntf":false,"use_client_cert":false,"enable_rpc":true,"enable_control":true}},{"key":"number:200","status":{"value":16,"source":"","last_update_ts":0},"config":{"id":200,"name":"Current limit","min":6,"max":16,"meta":{"cloud":["log"],"ui":{"view":"slider","unit":"A","step":1}},"persisted":true,"default_value":16},"attrs":{"access":"crw","owner":"service:0","role":"current_limit"}},{"key":"number:201","status":{"value":0,"source":"","last_update_ts":0},"config":{"id":201,"name":"Session duration","min":0,"max":50000,"meta":{"cloud":["log"],"ui":{"view":"label","unit":"min"}},"persisted":false,"default_value":0},"attrs":{"access":"cr","owner":"service:0","role":"session_duration"}}],"cfg_rev":20,"offset":0,"total":15}} -> 1
18:43:20 D shos_bt_hci.c:317       HCI RX ACL: ch 1 ATT op=0x0a ah=8 len=11
18:43:20 D hos_lwip_eth_if.cpp:513 wa(0x3fcaf8a8): Status: server 1 oper_up 1 link_up 1/1 hf 76360
18:43:20 D esp32xx_wifi_if.cpp:234 PK check: link 1 gw 1 UC 74 MC 24 ctr 2/105 ping 0 num_act 0
18:43:20 D hos_lwip_eth_if.cpp:513 ws(0x3fcc5afc): Status: server 0 oper_up 1 link_up 1/1 hf 75896
18:43:20 D shos_rpc_inst.c:479     0x3fcc94c8 FRAME SENT (1)
18:43:20 D NimBLE                  ble_hs_hci_evt_acl_process(): conn_handle=1 pb=2 len=7 data=0x03 0x00 0x04 0x00 0x0a 0x08 0x00
18:43:20 D c_channel_gatts.cpp:228 0x3fcbdae4 sending 224 @ 0 (0 left), mtu 247
18:43:20 D shos_rpc_inst.c:479     0x3fcbdae8 FRAME SENT (1)
18:43:20 D bt_nimble_gatts.cpp:644 READ_CHR 77:2b:82:bf:9f:8a,rr ch 1 ah 8 (5f6d4f53-5f52-5043-5f64-6174615f5f5f) -> 0 224
18:43:20 D NimBLE                  host tx hci data; handle=1 length=229
18:43:20 D NimBLE                  ble_hs_hci_acl_tx(): 0x01 0x00 0xe5 0x00 0xe1 0x00 0x04 0x00 0x0b 0x7b 0x22 0x69 0x64 0x22 0x3a 0x39 0x31 0x2c 0x22 0x73 0x72 0x63 0x22 0x3a 0x22 0x61 0x70 0x71 0x31 0x31 0x64 0x65 0x76 0x2d 0x35 0x34 0x33 0x32 0x30 0x34 0x35 0x31 0x36 0x33 0x33 0x34 0x22 0x2c 0x22 0x64 0x73 0x74 0x22 0x3a 0x22 0x73 0x68 0x65 0x6c 0x6c 0x79 0x2d 0x61 0x70 0x70 0x22 0x2c 0x22 0x72 0x65 0x73 0x75 0x6c 0x74 0x22 0x3a 0x7b 0x22 0x73 0x74 0x61 0x5f 0x69 0x70 0x22 0x3a 0x22 0x31 0x39 0x32 0x2e 0x31 0x36 0x38 0x2e 0x30 0x2e 0x32 0x33 0x38 0x22 0x2c 0x22 0x73 0x74 0x61 0x74 0x75 0x73 0x22 0x3a 0x22 0x67 0x6f 0x74 0x20 0x69 0x70 0x22 0x2c 0x22 0x73 0x73 0x69 0x64 0x22 0x3a 0x22 0x41 0x6d 0x70 0x65 0x72 0x65 0x50 0x6f 0x69 0x6e 0x74 0x22 0x2c 0x22 0x63 0x68 0x61 0x6e 0x6e 0x65 0x6c 0x22 0x3a 0x31 0x31 0x2c 0x22 0x72 0x73 0x73 0x69 0x22 0x3a 0x2d 0x37 0x32 0x2c 0x22 0x62 0x73 0x73 0x69 0x64 0x22 0x3a 0x22 0x61 0x65 0x3a 0x39 0x63 0x3a 0x36 0x63 0x3a 0x63 0x63 0x3a 0x65 0x62 0x3a 0x61 0x38 0x22 0x2c 0x22 0x73 0x74 0x61 0x5f 0x69 0x70 0x36 0x22 0x3a 0x5b 0x22 0x66 0x65 0x38 0x30 0x3a 0x3a 0x35 0x36 0x33 0x32 0x3a 0x34 0x66 0x66 0x3a 0x66 0x65 0x35 0x31 0x3a 0x36 0x33 0x33 0x34 0x22 0x5d 0x7d 0x7d
18:43:21 D shos_vfs.c:588          fstat 257 => 0x3fca5b3c:1 => 0 (size 3787)
18:43:21 D shos_vfs.c:426          close 257 => 0x3fca5b3c:1 => 0 (refs 1)
18:43:21 D shos_vfs.c:295          svc_0.mf -> /svc_0.mf pl 1 -> 1 0x3fca5b3c (refs 2)
18:43:21 D shos_vfs.c:388          open svc_0.mf 0x0 0x1b6 => 0x3fca5b3c svc_0.mf 1 => 257 (refs 2)
18:43:21 D shos_vfs.c:588          fstat 257 => 0x3fca5b3c:1 => 0 (size 2191)
18:43:21 D shos_vfs.c:426          close 257 => 0x3fca5b3c:1 => 0 (refs 1)
18:43:21 D shos_vfs.c:295          svc_0.ui.gz -> /svc_0.ui.gz pl 1 -> 1 0x3fca5b3c (refs 2)
18:43:21 D shos_vfs.c:388          open svc_0.ui.gz 0x0 0x1b6 => 0x3fca5b3c svc_0.ui.gz 1 => 257 (refs 2)
18:43:21 D shos_vfs.c:588          fstat 257 => 0x3fca5b3c:1 => 0 (size 7252)
18:43:21 D shos_vfs.c:426          close 257 => 0x3fca5b3c:1 => 0 (refs 1)
18:43:21 D shos_vfs.c:295          svc_0_test.js -> /svc_0_test.js pl 1 -> 1 0x3fca5b3c (refs 2)
18:43:21 D shos_vfs.c:388          open svc_0_test.js 0x0 0x1b6 => 0x3fca5b3c svc_0_test.js -2 => -2 (refs 1)
18:43:21 D shelly_service.cpp:585  service:0: GetConfig not implemented
18:43:21 D shos_vfs.c:295          / -> / pl 1 -> 1 0x3fca5b3c (refs 2)
18:43:21 D shos_vfs.c:295          / -> / pl 1 -> 1 0x3fca5b3c (refs 2)
18:43:21 D shos_rpc_inst.c:683     0x3fcc94c8 SEND FRAME (2288): {"id":7343898,"src":"apq11dev-543204516334","dst":"iotc_5_1-shelly-api-eu","result":{"components":[{"key":"number:202","status":{"value":0,"source":"","last_update_ts":0},"config":{"id":202,"name":"Session energy","min":0,"max":9999999999,"meta":{"cloud":["log"],"ui":{"view":"label","unit":"kWh"}},"persisted":false,"default_value":0},"attrs":{"access":"cr","owner":"service:0","role":"session_energy"}},{"key":"object:200","status":{"value":{"phase_a":{"voltage":0,"current":0,"power":0},"phase_b":{"voltage":0,"current":0,"power":0},"phase_c":{"voltage":0,"current":0,"power":0},"total_current":0,"total_power":0,"total_act_energy":0,"counter":{"total":0,"minute_ts":1789970400,"by_minute":[0,0,0]}},"source":"sys","last_update_ts":1789970447},"config":{"id":200,"name":"Consumption","meta":{"cloud":["bymin"],"ui":{"unit":"kWh"}}},"attrs":{"access":"cr","owner":"service:0","role":"phase_info"}},{"key":"service:0","status":{"etag":"fdb77abc46eb740c879713cd39cfa004","state":"running","dev_mode":true,"stats":{"mem":477,"mem_peak":580},"files":{"code":{"sha256":"7d33f47e6545e731b4dbc62fb5071ba571013ac3899d3cd58c094a89fe97ac23"},"manifest":{"sha256":"f76bd60610c9fdc5c28aea88d5224c2a5ff5719617bab427c4a57758b18da46d"},"ui":{"sha256":"8ba525eff60a93fbb68425d63abcdff8ef27b728f65819d9066453292fffa101"}}},"config":{}},{"key":"sys","status":{"mac":"543204516334","restart_required":false,"time":"18:43","unixtime":1790268201,"last_sync_ts":1790268194,"uptime":202,"ram_size":276864,"ram_free":73888,"ram_min_free":62976,"fs_size":917504,"fs_free":364544,"cfg_rev":20,"kvs_rev":0,"schedule_rev":0,"webhook_rev":0,"btrelay_rev":0,"bthc_rev":0,"available_updates":{},"reset_reason":3,"backup":{},"default_config":{"exists":false},"utc_offset":7200},"config":{"device":{"name":null,"mac":"543204516334","fw_id":"20260921-060046/2.0.0-beta11xciohttpfix-g35669f3","discoverable":true,"eco_mode":false,"tls_check_cert_validity_time":true,"enhanced_security":false},"location":{"tz":"Europe/Warsaw","lat":51.806100,"lon":21.898700},"debug":{"level":3,"file_level":null,"mqtt":{"enable":false},"websocket":{"enable":true},"udp":{"addr":null}},"ui_data":{},"rpc_udp":{"dst_addr":null,"listen_port":null},"sntp":{"server":"time.cloudflare.com"},"cfg_rev":20}}],"cfg_rev":20,"offset":9,"total":15}} -> 1
18:43:21 D shos_rpc_inst.c:479     0x3fcc94c8 FRAME SENT (1)
18:43:21 D shos_rpc_inst.c:452     0x3fcc94c8 GOT FRAME (130): {"id":7344022,"src":"iotc_5_1-shelly-api-eu","method":"Shelly.GetComponents","params":{"offset":13,"include":["config","status"]}}
18:43:21 D shos_rpc_inst.c:331     '7344022' 'iotc_5_1-shelly-api-eu' '' 'Shelly.GetComponents'
18:43:21 I shos_rpc_inst.c:241     Shelly.GetComponents [7344022@iotc_5_1-shelly-api-eu] via SHC 23.251.142.183:6022
18:43:21 D shos_rpc_inst.c:683     0x3fcc94c8 SEND FRAME (827): {"id":7344022,"src":"apq11dev-543204516334","dst":"iotc_5_1-shelly-api-eu","result":{"components":[{"key":"wifi","status":{"sta_ip":"192.168.0.238","status":"got ip","ssid":"AmperePoint","channel":11,"rssi":-71,"bssid":"ae:9c:6c:cc:eb:a8","sta_ip6":["fe80::5632:4ff:fe51:6334"]},"config":{"ap":{"ssid":"apq11dev-543204516334","is_open":true, "enable":true, "range_extender": {"enable":false}},"sta":{"ssid":"AmperePoint","is_open":false, "enable":true, "ipv4mode":"dhcp","ip":null,"netmask":null,"gw":null,"nameserver":null},"sta1":{"ssid":null,"is_open":true, "enable":false, "ipv4mode":"dhcp","ip":null,"netmask":null,"gw":null,"nameserver":null},"roam":{"rssi_thr":-80,"interval":60}}},{"key":"ws","status":{"connected":false},"config":{"enable":false,"server":null,"ssl_ca":"ca.pem"}}],"cfg_rev":20,"offset":13,"total":15}} -> 1
18:43:21 D shos_bt_hci.c:317       HCI RX ACL: ch 1 ATT op=0x12 ah=14 len=15
18:43:21 W shelly_tmcu.cpp:507     Heartbeat timed out!
18:43:21 D shelly_tmcu.cpp:927     Process 1 commands
18:43:21 D shelly_tmcu.cpp:890     TX: 0x00 v=3 [] (Expecting heartbeat)
18:43:21 D shos_rpc_inst.c:479     0x3fcc94c8 FRAME SENT (1)
18:43:21 D NimBLE                  ble_hs_hci_evt_acl_process(): conn_handle=1 pb=2 len=11 data=0x07 0x00 0x04 0x00 0x12 0x0e 0x00 0x00 0x00 0x00 0x6c
18:43:21 D c_channel_gatts.cpp:302 0x3fcbdae4 expected_flen 108
18:43:21 D bt_nimble_gatts.cpp:677 WRITE_CHR 77:2b:82:bf:9f:8a,rr ch 1 ah 14 (5f6d4f53-5f52-5043-5f74-785f63746c5f) len 4 -> 0
18:43:21 D NimBLE                  host tx hci data; handle=1 length=5
18:43:21 D NimBLE                  ble_hs_hci_acl_tx(): 0x01 0x00 0x05 0x00 0x01 0x00 0x04 0x00 0x13
18:43:21 D shos_bt_hci.c:320       HCI TX ACL: ch 1 ATT op=0x13 len=9
18:43:21 D shos_bt_hci.c:185       HCI RX EVT: code=0x13 len=7
18:43:21 D shos_rpc_inst.c:452     0x3fcc94c8 GOT FRAME (90): {"id":7344052,"src":"iotc_5_1-shelly-api-eu","method":"service.getinfo","params":{"id":0}}
18:43:21 D shos_rpc_inst.c:331     '7344052' 'iotc_5_1-shelly-api-eu' '' 'service.getinfo'
18:43:21 I shos_rpc_inst.c:241     service.getinfo [7344052@iotc_5_1-shelly-api-eu] via SHC 23.251.142.183:6022
18:43:21 D shos_rpc_inst.c:683     0x3fcc94c8 SEND FRAME (910): {"id":7344052,"src":"apq11dev-543204516334","dst":"iotc_5_1-shelly-api-eu","result":{"type":"evse:portable:3109","ver":"13109-3673","build_id":"20260924-133108/6c38841","etag":"fdb77abc46eb740c879713cd39cfa004","meta":{"roles_order":["state","current_limit","mode"],"integrations":{"aa":[{"class":"evse:portable"}],"gh":[{"class":"evse:portable"}],"st":[{"class":"evse:portable"}]},"ui":{"actions":[{"component":"state","name":"Charging","method":"Set","input":{"value":{"type":"boolean","view":"radio","titles":["Stop charging","Start charging"],"value":false}}},{"component":"current_limit","name":"Current Limit","method":"Set","input":{"value":{"type":"number","view":"input","value":10}}}],"conditions":{"mode":[{"name":"Charger mode","event":"enum.change"}],"session_energy":[{"name":"Session energy","event":"number.change"}],"session_duration":[{"name":"Session duration","event":"number.change"}]}}}}} -> 1
18:43:21 D shos_rpc_inst.c:479     0x3fcc94c8 FRAME SENT (1)
18:43:21 D shos_rpc_inst.c:452     0x3fcc94c8 GOT FRAME (85): {"id":7344114,"src":"iotc_5_1-shelly-api-eu","method":"shc.channelready","params":{}}
18:43:21 D shos_rpc_inst.c:331     '7344114' 'iotc_5_1-shelly-api-eu' '' 'shc.channelready'
18:43:21 I shos_rpc_inst.c:241     shc.channelready [7344114@iotc_5_1-shelly-api-eu] via SHC 23.251.142.183:6022
18:43:21 D loud_connection.cpp:255 shelly cloud is ready
18:43:21 D shos_rpc_inst.c:683     0x3fcc94c8 SEND FRAME (89): {"id":7344114,"src":"apq11dev-543204516334","dst":"iotc_5_1-shelly-api-eu","result":null} -> 1
18:43:22 D shos_rpc_inst.c:703     QUEUED FRAME (133): {"src":"apq11dev-543204516334","dst":"shelly.cloud","method":"NotifyStatus","params":{"ts":1790268202.41,"cloud":{"connected":true}}}
18:43:22 D y_notifications.cpp:135 NotifyStatus: 'shelly.cloud' (SHC) -> ok? 1
18:43:22 D y_notifications.cpp:103 trying dst='shelly-app':GATTS info='peer 77:2b:82:bf:9f:8a,rr' ?
18:43:22 D ly_notifications.cpp:72 will NOT notify 'GATTS'
18:43:22 D y_notifications.cpp:103 trying dst='ShellyRPC':GATTS info='peer f4:26:79:20:c5:ff,p' ?
18:43:22 D ly_notifications.cpp:72 will NOT notify 'GATTS'
18:43:22 D y_notifications.cpp:103 trying dst='':UART info='UART0' ?
18:43:22 D ly_notifications.cpp:72 will NOT notify 'UART'
18:43:22 D y_notifications.cpp:103 trying dst='apq11dev-543204516334/events':MQTT info='' ?
18:43:22 D ly_notifications.cpp:72 will NOT notify 'MQTT'
18:43:22 D y_notifications.cpp:103 trying dst='RPC.LOCAL':loopback info='' ?
18:43:22 D ly_notifications.cpp:72 will NOT notify 'loopback'
18:43:22 D y_notifications.cpp:139 notified 1 of 6 channels
18:43:22 D helly_ejs_event.cpp:123 notifying for status: {"connected":true}
18:43:22 D shos_rpc_inst.c:479     0x3fcc94c8 FRAME SENT (1)
18:43:22 D shos_rpc_inst.c:683     0x3fcc94c8 SEND FRAME (133): {"src":"apq11dev-543204516334","dst":"shelly.cloud","method":"NotifyStatus","params":{"ts":1790268202.41,"cloud":{"connected":true}}} -> 1
18:43:22 D shos_rpc_inst.c:479     0x3fcc94c8 FRAME SENT (1)
18:43:22 D hos_lwip_eth_if.cpp:513 wa(0x3fcaf8a8): Status: server 1 oper_up 1 link_up 1/1 hf 86432
18:43:22 D esp32xx_wifi_if.cpp:234 PK check: link 1 gw 1 UC 95 MC 35 ctr 3/105 ping 0 num_act 0
18:43:22 D hos_lwip_eth_if.cpp:513 ws(0x3fcc5afc): Status: server 0 oper_up 1 link_up 1/1 hf 85704
18:43:23 D shos_vfs.c:518          write 257 128 => 0x3fca5b3c:1 => 128
18:43:23 D shos_vfs.c:518          write 257 128 => 0x3fca5b3c:1 => 128
18:43:23 D shos_vfs.c:518          write 257 128 => 0x3fca5b3c:1 => 128
18:43:23 D shos_vfs.c:518          write 257 128 => 0x3fca5b3c:1 => 128
18:43:23 D shos_vfs.c:518          write 257 99 => 0x3fca5b3c:1 => 99
18:43:23 D shos_vfs.c:426          close 257 => 0x3fca5b3c:1 => 0 (refs 1)
18:43:23 D shos_vfs.c:295          conf9.json -> /conf9.json pl 1 -> 1 0x3fca5b3c (refs 2)
18:43:23 D shos_vfs.c:653          unlink conf9.json => 0x3fca5b3c conf9.json => 0
18:43:23 D shos_vfs.c:295          tmp -> /tmp pl 1 -> 1 0x3fca5b3c (refs 2)
18:43:23 D shos_vfs.c:295          conf9.json -> /conf9.json pl 1 -> 1 0x3fca5b3c (refs 3)
18:43:23 D shos_vfs.c:690          rename tmp -> conf9.json => 0x3fca5b3c tmp -> conf9.json => 0
18:43:23 D shos_rpc_inst.c:683     0x3fcbdae8 SEND FRAME (94): {"id":92,"src":"apq11dev-543204516334","dst":"shelly-app","result":{"restart_required":false}} -> 1
18:43:23 D bt_nimble_gatts.cpp:677 WRITE_CHR 77:2b:82:bf:9f:8a,rr ch 1 ah 8 (5f6d4f53-5f52-5043-5f64-6174615f5f5f) len 108 -> 0
18:43:23 D NimBLE                  host tx hci data; handle=1 length=5
18:43:23 D NimBLE                  ble_hs_hci_acl_tx(): 0x01 0x00 0x05 0x00 0x01 0x00 0x04 0x00 0x13
18:43:23 D shos_bt_hci.c:320       HCI TX ACL: ch 1 ATT op=0x13 len=9
18:43:23 D shos_bt_hci.c:185       HCI RX EVT: code=0x13 len=7
18:43:23 W shelly_tmcu.cpp:507     Heartbeat timed out!
18:43:23 D shelly_tmcu.cpp:927     Process 1 commands
18:43:23 D shelly_tmcu.cpp:890     TX: 0x00 v=3 [] (Expecting heartbeat)
18:43:23 D ly_notifications.cpp:72 will NOT notify 'GATTS'
18:43:23 D y_notifications.cpp:103 trying dst='ShellyRPC':GATTS info='peer f4:26:79:20:c5:ff,p' ?
18:43:23 D ly_notifications.cpp:72 will NOT notify 'GATTS'
18:43:23 D y_notifications.cpp:103 trying dst='':UART info='UART0' ?
18:43:23 D ly_notifications.cpp:72 will NOT notify 'UART'
18:43:23 D y_notifications.cpp:103 trying dst='apq11dev-543204516334/events':MQTT info='' ?
18:43:23 D ly_notifications.cpp:72 will NOT notify 'MQTT'
18:43:23 D y_notifications.cpp:103 trying dst='RPC.LOCAL':loopback info='' ?
18:43:23 D ly_notifications.cpp:72 will NOT notify 'loopback'
18:43:23 D y_notifications.cpp:139 notified 1 of 6 channels
18:43:23 D helly_ejs_event.cpp:123 notifying for status: {"cfg_rev":21}
18:43:23 D NimBLE                  ble_hs_hci_evt_acl_process(): conn_handle=1 pb=2 len=7 data=0x03 0x00 0x04 0x00 0x0a 0x0b 0x00
18:43:23 D bt_nimble_gatts.cpp:644 READ_CHR 77:2b:82:bf:9f:8a,rr ch 1 ah 11 (5f6d4f53-5f52-5043-5f72-785f63746c5f) -> 0 4
18:43:23 D NimBLE                  host tx hci data; handle=1 length=9
18:43:23 D NimBLE                  ble_hs_hci_acl_tx(): 0x01 0x00 0x09 0x00 0x05 0x00 0x04 0x00 0x0b 0x00 0x00 0x00 0x5e
18:43:23 D shos_bt_hci.c:320       HCI TX ACL: ch 1 ATT op=0x0b len=13
18:43:23 D shos_bt_hci.c:185       HCI RX EVT: code=0x13 len=7
18:43:23 D shelly_tmcu.cpp:927     Process 1 commands
18:43:23 D shelly_tmcu.cpp:890     TX: 0x00 v=3 [] (Expecting heartbeat)
18:43:23 D shos_rpc_inst.c:479     0x3fcc94c8 FRAME SENT (1)
18:43:23 D shos_rpc_inst.c:683     0x3fcc94c8 SEND FRAME (127): {"src":"apq11dev-543204516334","dst":"shelly.cloud","method":"NotifyStatus","params":{"ts":1790268203.80,"sys":{"cfg_rev":21}}} -> 1
18:43:23 D shos_rpc_inst.c:479     0x3fcc94c8 FRAME SENT (1)
18:43:23 D s_sd_responder.cpp:1242 wa(0x3fcaf8a8): Re-probe apq11dev-543204516334 IPv4 (9 0x8)
18:43:23 D s_sd_responder.cpp:1255 wa(0x3fcaf8a8): Re-probe apq11dev-543204516334 IPv6 (9 0x8)
18:43:23 D s_sd_responder.cpp:1242 wa(0x3fcaf8a8): Re-probe shelly IPv4 (9 0x8)
18:43:23 D s_sd_responder.cpp:1255 wa(0x3fcaf8a8): Re-probe shelly IPv6 (9 0x8)
18:43:23 D shos_lwip.cpp:202       wa(0x3fcaf8a8): Changed: ...S...... (0x8)
18:43:23 I shos_lwip.cpp:214       wa(0x3fcaf8a8): Status down
18:43:23 I wifi                    I (206214) wifi:mode : sta (54:32:04:51:63:34)
18:43:23 D event                   running post WIFI_EVENT:13 with handler 0x420b3f14 and context 0x3fca42dc on loop 0x3fca1a18
18:43:23 D os_esp32xx_wifi.cpp:296 WiFi: AP stopped
18:43:24 D ns_sd_responder.cpp:753 wa(0x3fcaf8a8): Remove
18:43:24 D ns_sd_responder.cpp:603 wa(0x3fcaf8a8): Leaving IPv4 MDNS group
18:43:24 D hos_lwip_eth_if.cpp:479 wa(0x3fcaf8a8): IGMP leave 224.0.0.251
18:43:24 D ns_sd_responder.cpp:610 wa(0x3fcaf8a8): Leaving IPv6 MDNS group
18:43:24 D hos_lwip_eth_if.cpp:489 wa(0x3fcaf8a8): MLD6 leave ff02::fb
18:43:24 D shos_lwip.cpp:202       wa(0x3fcaf8a8): Changed: ..L....... (0x4)
18:43:24 I shos_lwip.cpp:210       wa(0x3fcaf8a8): Link down
18:43:24 D hos_lwip_eth_if.cpp:513 wa(0x3fcaf8a8): Status: server 1 oper_up 0 link_up 0/0 hf 90064
18:43:24 D esp32xx_wifi_if.cpp:234 PK check: link 1 gw 1 UC 102 MC 38 ctr 4/105 ping 0 num_act 0
18:43:24 D hos_lwip_eth_if.cpp:513 ws(0x3fcc5afc): Status: server 0 oper_up 1 link_up 1/1 hf 89564
18:43:24 D shelly_tmcu.cpp:927     Process 1 commands
18:43:24 D shelly_tmcu.cpp:890     TX: 0x00 v=3 [] (Expecting heartbeat)
18:43:25 D shos_rpc_inst.c:452     0x3fcc94c8 GOT FRAME (120): {"id":7344537,"src":"iotc_5_1-shelly-api-eu","method":"Shelly.GetComponents","params":{"offset":0,"include":["config"]}}
18:43:25 D shos_rpc_inst.c:331     '7344537' 'iotc_5_1-shelly-api-eu' '' 'Shelly.GetComponents'
18:43:25 I shos_rpc_inst.c:241     Shelly.GetComponents [7344537@iotc_5_1-shelly-api-eu] via SHC 23.251.142.183:6022
18:43:25 D shos_bt_hci.c:317       HCI RX ACL: ch 1 ATT op=0x0a ah=8 len=11
18:43:25 D shos_rpc_inst.c:683     0x3fcc94c8 SEND FRAME (2159): {"id":7344537,"src":"apq11dev-543204516334","dst":"iotc_5_1-shelly-api-eu","result":{"components":[{"key":"ble","config":{"rpc":{"enable":true}}},{"key":"boolean:200","config":{"id":200,"name":"Charging","meta":{"cloud":["log"],"ui":{"view":"toggle","titles":["Off","On"]}},"persisted":true,"default_value":false},"attrs":{"access":"crw","owner":"service:0","role":"state"}},{"key":"bthome","config":{}},{"key":"cloud","config":{"enable":true,"server":"shelly-api-eu.shelly.cloud:6022/jrpc"}},{"key":"enum:200","config":{"id":200,"name":"Charger mode","options":["charger_free","charger_insert","charger_free_fault","charger_wait","charger_charging","charger_pause","charger_end","charger_fault"],"meta":{"cloud":["log"],"ui":{"view":"label","titles":{"charger_free":"Free","charger_insert":"Insert","charger_free_fault":"Free fault","charger_wait":"Wait","charger_charging":"Charging","charger_pause":"Pause","charger_end":"End","charger_fault":"Fault"}}},"persisted":false,"default_value":"charger_free"},"attrs":{"access":"cr","owner":"service:0","role":"mode"}},{"key":"modbus","config":{"enable":true}},{"key":"mqtt","config":{"enable":false,"server":null,"client_id":"apq11dev-543204516334","user":null,"ssl_ca":null,"topic_prefix":"apq11dev-543204516334","rpc_ntf":true,"status_ntf":false,"use_client_cert":false,"enable_rpc":true,"enable_control":true}},{"key":"number:200","config":{"id":200,"name":"Current limit","min":6,"max":16,"meta":{"cloud":["log"],"ui":{"view":"slider","unit":"A","step":1}},"persisted":true,"default_value":16},"attrs":{"access":"crw","owner":"service:0","role":"current_limit"}},{"key":"number:201","config":{"id":201,"name":"Session duration","min":0,"max":50000,"meta":{"cloud":["log"],"ui":{"view":"label","unit":"min"}},"persisted":false,"default_value":0},"attrs":{"access":"cr","owner":"service:0","role":"session_duration"}},{"key":"number:202","config":{"id":202,"name":"Session energy","min":0,"max":9999999999,"meta":{"cloud":["log"],"ui":{"view":"label","unit":"kWh"}},"persisted":false,"default_value":0},"attrs":{"access":"cr","owner":"service:0","role":"session_energy"}}],"cfg_rev":21,"offset":0,"total":15}} -> 1
18:43:25 D NimBLE                  ble_hs_hci_evt_acl_process(): conn_handle=1 pb=2 len=7 data=0x03 0x00 0x04 0x00 0x0a 0x08 0x00
18:43:25 D c_channel_gatts.cpp:228 0x3fcbdae4 sending 94 @ 0 (0 left), mtu 247
18:43:25 D shos_rpc_inst.c:479     0x3fcbdae8 FRAME SENT (1)
18:43:25 D bt_nimble_gatts.cpp:644 READ_CHR 77:2b:82:bf:9f:8a,rr ch 1 ah 8 (5f6d4f53-5f52-5043-5f64-6174615f5f5f) -> 0 94
18:43:25 D NimBLE                  host tx hci data; handle=1 length=99
18:43:25 D NimBLE                  ble_hs_hci_acl_tx(): 0x01 0x00 0x63 0x00 0x5f 0x00 0x04 0x00 0x0b 0x7b 0x22 0x69 0x64 0x22 0x3a 0x39 0x32 0x2c 0x22 0x73 0x72 0x63 0x22 0x3a 0x22 0x61 0x70 0x71 0x31 0x31 0x64 0x65 0x76 0x2d 0x35 0x34 0x33 0x32 0x30 0x34 0x35 0x31 0x36 0x33 0x33 0x34 0x22 0x2c 0x22 0x64 0x73 0x74 0x22 0x3a 0x22 0x73 0x68 0x65 0x6c 0x6c 0x79 0x2d 0x61 0x70 0x70 0x22 0x2c 0x22 0x72 0x65 0x73 0x75 0x6c 0x74 0x22 0x3a 0x7b 0x22 0x72 0x65 0x73 0x74 0x61 0x72 0x74 0x5f 0x72 0x65 0x71 0x75 0x69 0x72 0x65 0x64 0x22 0x3a 0x66 0x61 0x6c 0x73 0x65 0x7d 0x7d
18:43:25 D shos_bt_hci.c:320       HCI TX ACL: ch 1 ATT op=0x0b len=103
18:43:25 D shos_rpc_inst.c:479     0x3fcc94c8 FRAME SENT (1)
18:43:25 D shos_bt_hci.c:185       HCI RX EVT: code=0x13 len=7
18:43:25 D shos_rpc_inst.c:452     0x3fcc94c8 GOT FRAME (121): {"id":7344646,"src":"iotc_5_1-shelly-api-eu","method":"Shelly.GetComponents","params":{"offset":10,"include":["config"]}}
18:43:25 D shos_rpc_inst.c:331     '7344646' 'iotc_5_1-shelly-api-eu' '' 'Shelly.GetComponents'
18:43:25 I shos_rpc_inst.c:241     Shelly.GetComponents [7344646@iotc_5_1-shelly-api-eu] via SHC 23.251.142.183:6022
18:43:25 D shelly_service.cpp:585  service:0: GetConfig not implemented
18:43:25 D shos_rpc_inst.c:479     0x3fcc94c8 FRAME SENT (1)
18:43:25 D shelly_tmcu.cpp:927     Process 1 commands
18:43:25 D shelly_tmcu.cpp:890     TX: 0x00 v=3 [] (Expecting heartbeat)
18:43:26 D shos_bt_hci.c:317       HCI RX ACL: ch 1 ATT op=0x12 ah=14 len=15
18:43:26 D NimBLE                  ble_hs_hci_evt_acl_process(): conn_handle=1 pb=2 len=11 data=0x07 0x00 0x04 0x00 0x12 0x0e 0x00 0x00 0x00 0x00 0x78
18:43:26 D c_channel_gatts.cpp:302 0x3fcbdae4 expected_flen 120
18:43:26 D bt_nimble_gatts.cpp:677 WRITE_CHR 77:2b:82:bf:9f:8a,rr ch 1 ah 14 (5f6d4f53-5f52-5043-5f74-785f63746c5f) len 4 -> 0
18:43:26 D NimBLE                  host tx hci data; handle=1 length=5
18:43:26 D NimBLE                  ble_hs_hci_acl_tx(): 0x01 0x00 0x05 0x00 0x01 0x00 0x04 0x00 0x13
18:43:26 D shos_bt_hci.c:320       HCI TX ACL: ch 1 ATT op=0x13 len=9
18:43:26 D shos_bt_hci.c:185       HCI RX EVT: code=0x13 len=7
18:43:26 D hos_lwip_eth_if.cpp:513 wa(0x3fcaf8a8): Status: server 1 oper_up 0 link_up 0/0 hf 90024
18:43:26 D esp32xx_wifi_if.cpp:234 PK check: link 1 gw 1 UC 116 MC 43 ctr 5/105 ping 0 num_act 0
18:43:26 D hos_lwip_eth_if.cpp:513 ws(0x3fcc5afc): Status: server 0 oper_up 1 link_up 1/1 hf 89292
18:43:26 W shelly_tmcu.cpp:507     Heartbeat timed out!
18:43:26 D shelly_tmcu.cpp:927     Process 1 commands
18:43:26 D shelly_tmcu.cpp:890     TX: 0x00 v=3 [] (Expecting heartbeat)
18:43:26 D shos_bt_hci.c:317       HCI RX ACL: ch 1 ATT op=0x12 ah=8 len=131
18:43:26 D NimBLE                  ble_hs_hci_evt_acl_process(): conn_handle=1 pb=2 len=127 data=0x7b 0x00 0x04 0x00 0x12 0x08 0x00 0x7b 0x22 0x69 0x64 0x22 0x3a 0x39 0x33 0x2c 0x22 0x73 0x72 0x63 0x22 0x3a 0x22 0x73 0x68 0x65 0x6c 0x6c 0x79 0x2d 0x61 0x70 0x70 0x22 0x2c 0x22 0x6d 0x65 0x74 0x68 0x6f 0x64 0x22 0x3a 0x22 0x42 0x4c 0x45 0x2e 0x53 0x65 0x74 0x43 0x6f 0x6e 0x66 0x69 0x67 0x22 0x2c 0x22 0x70 0x61 0x72 0x61 0x6d 0x73 0x22 0x3a 0x7b 0x22 0x63 0x6f 0x6e 0x66 0x69 0x67 0x22 0x3a 0x7b 0x22 0x65 0x6e 0x61 0x62 0x6c 0x65 0x22 0x3a 0x66 0x61 0x6c 0x73 0x65 0x2c 0x22 0x6b 0x65 0x65 0x70 0x5f 0x72 0x75 0x6e 0x6e 0x69 0x6e 0x67 0x22 0x3a 0x74 0x72 0x75 0x65 0x7d 0x7d 0x2c 0x22 0x61 0x75 0x74 0x68 0x22 0x3a 0x7b 0x7d 0x7d
18:43:26 D c_channel_gatts.cpp:262 0x3fcbdae4 got 120 of 120
18:43:26 D shos_rpc_inst.c:452     0x3fcbdae8 GOT FRAME (120): {"id":93,"src":"shelly-app","method":"BLE.SetConfig","params":{"config":{"enable":false,"keep_running":true}},"auth":{}}
18:43:26 D shos_rpc_inst.c:331     '93' 'shelly-app' '' 'BLE.SetConfig'
18:43:26 I shos_rpc_inst.c:241     BLE.SetConfig [93@shelly-app] via GATTS peer 77:2b:82:bf:9f:8a,rr
18:43:26 D shos_rpc_inst.c:683     0x3fcbdae8 SEND FRAME (94): {"id":93,"src":"apq11dev-543204516334","dst":"shelly-app","result":{"restart_required":false}} -> 1
18:43:26 D bt_nimble_gatts.cpp:677 WRITE_CHR 77:2b:82:bf:9f:8a,rr ch 1 ah 8 (5f6d4f53-5f52-5043-5f64-6174615f5f5f) len 120 -> 0
18:43:26 D NimBLE                  host tx hci data; handle=1 length=5
18:43:26 D NimBLE                  ble_hs_hci_acl_tx(): 0x01 0x00 0x05 0x00 0x01 0x00 0x04 0x00 0x13
18:43:26 D shos_bt_hci.c:320       HCI TX ACL: ch 1 ATT op=0x13 len=9
18:43:26 D shos_bt_hci.c:185       HCI RX EVT: code=0x13 len=7
18:43:26 D os_vfs_dev_utils.cpp:43 Reading 512@boot+0...
18:43:26 D shos_vfs_dev.c:206      Close  (esp32part) refs 0
18:43:26 D shos_vfs.c:295          / -> / pl 1 -> 1 0x3fca5b3c (refs 2)
18:43:27 D shos_vfs.c:295          / -> / pl 1 -> 1 0x3fca5b3c (refs 2)
18:43:27 I shelly_update.cpp:372   Checking for updates (2.0.0+13109-3673 20260921-060046/2.0.0-beta11xciohttpfix-g35669f3 {"bl":16778239,"t":1790268207.459,"ut":208296535,"hf":88508,"hmf":62976,"fs":917504,"fsf":364544,"pkw":0})
18:43:27 I hos_http_client.cpp:339 0x3fcc7414: HTTPS GET https://updates.shelly.cloud/update/XC3+evse:portable:3109?src=auto1 (CA shelly_cloud.pem,ca.pem)
18:43:27 D hos_http_client.cpp:399 0x3fcc7414: Resolved updates.shelly.cloud to 35.242.243.136
18:43:27 D hos_http_client.cpp:402 0x3fcc7414: Connecting to 35.242.243.136: 0
18:43:27 D shos_vfs.c:295          shelly_cloud.pem -> /shelly_cloud.pem pl 1 -> 1 0x3fca5b3c (refs 2)
18:43:27 D shos_vfs.c:388          open shelly_cloud.pem 0x0 0x1b6 => 0x3fca5b3c shelly_cloud.pem 1 => 257 (refs 2)
18:43:27 D shos_vfs.c:588          fstat 257 => 0x3fca5b3c:1 => 0 (size 2129)
18:43:27 D shos_vfs.c:622          lseek 257 0 1 => 0x3fca5b3c:1 => 128
18:43:27 D shos_vfs.c:622          lseek 257 21 0 => 0x3fca5b3c:1 => 21
18:43:27 D shos_vfs.c:622          lseek 257 21 0 => 0x3fca5b3c:1 => 21
18:43:27 D shos_vfs.c:622          lseek 257 713 0 => 0x3fca5b3c:1 => 713
18:43:27 D shos_vfs.c:426          close 257 => 0x3fca5b3c:1 => 0 (refs 1)
18:43:27 D shos_vfs.c:295          ca.pem -> /ca.pem pl 1 -> 1 0x3fca5b3c (refs 2)
18:43:27 D shos_vfs.c:388          open ca.pem 0x0 0x1b6 => 0x3fca5b3c ca.pem 1 => 257 (refs 2)
18:43:27 D shos_vfs.c:588          fstat 257 => 0x3fca5b3c:1 => 0 (size 157130)
18:43:27 D shos_vfs.c:622          lseek 257 0 1 => 0x3fca5b3c:1 => 128
18:43:27 D shos_vfs.c:622          lseek 257 1312 0 => 0x3fca5b3c:1 => 1312
18:43:27 D shos_vfs.c:426          close 257 => 0x3fca5b3c:1 => 0 (refs 1)
18:43:27 D shos_bt_hci.c:317       HCI RX ACL: ch 1 ATT op=0x0a ah=11 len=11
18:43:27 D NimBLE                  ble_hs_hci_evt_acl_process(): conn_handle=1 pb=2 len=7 data=0x03 0x00 0x04 0x00 0x0a 0x0b 0x00
18:43:27 D bt_nimble_gatts.cpp:644 READ_CHR 77:2b:82:bf:9f:8a,rr ch 1 ah 11 (5f6d4f53-5f52-5043-5f72-785f63746c5f) -> 0 4
18:43:27 D NimBLE                  host tx hci data; handle=1 length=9
18:43:27 D NimBLE                  ble_hs_hci_acl_tx(): 0x01 0x00 0x09 0x00 0x05 0x00 0x04 0x00 0x0b 0x00 0x00 0x00 0x5e
18:43:27 D shos_bt_hci.c:320       HCI TX ACL: ch 1 ATT op=0x0b len=13
18:43:27 D hos_http_client.cpp:467 0x3fcc7414: Connection result: 0
18:43:27 D shos_bt_hci.c:185       HCI RX EVT: code=0x13 len=7
18:43:27 D shos_http_base.cpp:596  0x3fcc7414: Connection closed normally, 0x3fccbda4 0
18:43:27 D hos_http_client.cpp:647 0x3fcc7414: Headers parsed: code 404, 5 hdrs, 50 bytes left; body parser: identity (0x3fcbdb70)
18:43:27 I hos_http_client.cpp:681 0x3fcc7414: Finished; bytes 743/209, code 404, redir 0/3, auth 0, status OK
18:43:27 I shelly_update.cpp:418   Check for updates received bad response: -18: 404 Not Found
18:43:27 D shos_http_base.cpp:134  0x3fcc7414: Deleted
18:43:27 D shos_wifi_sta.cpp:524   State 8 ev -1 timeout 1
18:43:27 D shos_wifi_sta.cpp:813   Avg RSSI -70, ok
18:43:28 D hos_lwip_eth_if.cpp:513 wa(0x3fcaf8a8): Status: server 1 oper_up 0 link_up 0/0 hf 93172
18:43:28 D esp32xx_wifi_if.cpp:234 PK check: link 1 gw 1 UC 135 MC 49 ctr 6/105 ping 0 num_act 0
18:43:28 D hos_lwip_eth_if.cpp:513 ws(0x3fcc5afc): Status: server 0 oper_up 1 link_up 1/1 hf 90700
18:43:28 W shelly_tmcu.cpp:507     Heartbeat timed out!
18:43:28 D shelly_tmcu.cpp:927     Process 1 commands
18:43:28 D shelly_tmcu.cpp:890     TX: 0x00 v=3 [] (Expecting heartbeat)
18:43:28 D shos_bt_hci.c:317       HCI RX ACL: ch 1 ATT op=0x0a ah=8 len=11
18:43:28 D NimBLE                  ble_hs_hci_evt_acl_process(): conn_handle=1 pb=2 len=7 data=0x03 0x00 0x04 0x00 0x0a 0x08 0x00
18:43:28 D c_channel_gatts.cpp:228 0x3fcbdae4 sending 94 @ 0 (0 left), mtu 247
18:43:28 D shos_rpc_inst.c:479     0x3fcbdae8 FRAME SENT (1)
18:43:28 D bt_nimble_gatts.cpp:644 READ_CHR 77:2b:82:bf:9f:8a,rr ch 1 ah 8 (5f6d4f53-5f52-5043-5f64-6174615f5f5f) -> 0 94
18:43:28 D NimBLE                  host tx hci data; handle=1 length=99
18:43:28 D NimBLE                  ble_hs_hci_acl_tx(): 0x01 0x00 0x63 0x00 0x5f 0x00 0x04 0x00 0x0b 0x7b 0x22 0x69 0x64 0x22 0x3a 0x39 0x33 0x2c 0x22 0x73 0x72 0x63 0x22 0x3a 0x22 0x61 0x70 0x71 0x31 0x31 0x64 0x65 0x76 0x2d 0x35 0x34 0x33 0x32 0x30 0x34 0x35 0x31 0x36 0x33 0x33 0x34 0x22 0x2c 0x22 0x64 0x73 0x74 0x22 0x3a 0x22 0x73 0x68 0x65 0x6c 0x6c 0x79 0x2d 0x61 0x70 0x70 0x22 0x2c 0x22 0x72 0x65 0x73 0x75 0x6c 0x74 0x22 0x3a 0x7b 0x22 0x72 0x65 0x73 0x74 0x61 0x72 0x74 0x5f 0x72 0x65 0x71 0x75 0x69 0x72 0x65 0x64 0x22 0x3a 0x66 0x61 0x6c 0x73 0x65 0x7d 0x7d
18:43:28 D shos_bt_hci.c:320       HCI TX ACL: ch 1 ATT op=0x0b len=103
18:43:28 D shos_bt_hci.c:185       HCI RX EVT: code=0x13 len=7
18:43:29 W shelly_tmcu.cpp:507     Heartbeat timed out!
18:43:29 D shelly_tmcu.cpp:927     Process 1 commands
18:43:29 D shelly_tmcu.cpp:890     TX: 0x00 v=3 [] (Expecting heartbeat)
18:43:29 D shos_bt_hci.c:185       HCI RX EVT: code=0x05 len=6
18:43:29 I bt_nimble_gatts.cpp:401 DISCONNECT 77:2b:82:bf:9f:8a,rr ch 1 reason 531
18:43:29 D shos_rpc_inst.c:487     0x3fcbdae8 CHAN CLOSED, remove? 1
18:43:29 D shos_rpc_inst.c:585     0x3fcbdae8 REMOVING
18:43:29 D gap_adv_manager.cpp:161 Cur: [system] 27/23 en 1 act 1 chg 0 ot 0 pmt 0 dwell 205023ms
18:43:29 D gap_adv_manager.cpp:211 Slot[system] continue (dwell 209943ms)
18:43:30 D hos_lwip_eth_if.cpp:513 wa(0x3fcaf8a8): Status: server 1 oper_up 0 link_up 0/0 hf 93964
18:43:30 D esp32xx_wifi_if.cpp:234 PK check: link 1 gw 1 UC 144 MC 55 ctr 7/105 ping 0 num_act 0
18:43:30 D hos_lwip_eth_if.cpp:513 ws(0x3fcc5afc): Status: server 0 oper_up 1 link_up 1/1 hf 93240
18:43:30 W shelly_tmcu.cpp:507     Heartbeat timed out!
18:43:30 D shelly_tmcu.cpp:927     Process 1 commands
18:43:30 D shelly_tmcu.cpp:890     TX: 0x00 v=3 [] (Expecting heartbeat)
18:43:30 D shos_vfs.c:622          lseek 256 0 0 => 0x3fca5b3c:0 => 0
18:43:30 D shos_vfs.c:622          lseek 256 0 0 => 0x3fca5b3c:0 => 0
18:43:30 D shos_vfs.c:622          lseek 256 3027 0 => 0x3fca5b3c:0 => 3027
18:43:30 D shos_vfs.c:622          lseek 256 0 0 => 0x3fca5b3c:0 => 0
18:43:30 D shos_vfs.c:622          lseek 256 0 0 => 0x3fca5b3c:0 => 0
18:43:30 D shos_vfs.c:622          lseek 256 803 0 => 0x3fca5b3c:0 => 803
18:43:30 I shelly_script.cpp:204   service:0 0.2% CPU utilization
18:43:31 W shelly_tmcu.cpp:507     Heartbeat timed out!
18:43:31 D shelly_tmcu.cpp:927     Process 1 commands
18:43:31 D shelly_tmcu.cpp:890     TX: 0x00 v=3 [] (Expecting heartbeat)
18:43:32 D hos_lwip_eth_if.cpp:513 wa(0x3fcaf8a8): Status: server 1 oper_up 0 link_up 0/0 hf 93964
18:43:32 D esp32xx_wifi_if.cpp:234 PK check: link 1 gw 1 UC 150 MC 61 ctr 8/105 ping 0 num_act 0
18:43:32 D hos_lwip_eth_if.cpp:513 ws(0x3fcc5afc): Status: server 0 oper_up 1 link_up 1/1 hf 93240
18:43:32 W shelly_tmcu.cpp:507     Heartbeat timed out!
18:43:32 D shelly_tmcu.cpp:927     Process 1 commands
18:43:32 D shelly_tmcu.cpp:890     TX: 0x00 v=3 [] (Expecting heartbeat)
18:43:33 W shelly_tmcu.cpp:507     Heartbeat timed out!
18:43:33 D shelly_tmcu.cpp:927     Process 1 commands
18:43:33 D shelly_tmcu.cpp:890     TX: 0x00 v=3 [] (Expecting heartbeat)
18:43:34 D hos_lwip_eth_if.cpp:513 wa(0x3fcaf8a8): Status: server 1 oper_up 0 link_up 0/0 hf 93964
18:43:34 D esp32xx_wifi_if.cpp:234 PK check: link 1 gw 1 UC 155 MC 65 ctr 9/105 ping 0 num_act 0
18:43:34 D hos_lwip_eth_if.cpp:513 ws(0x3fcc5afc): Status: server 0 oper_up 1 link_up 1/1 hf 93240
18:43:34 W shelly_tmcu.cpp:507     Heartbeat timed out!
18:43:34 D shelly_tmcu.cpp:927     Process 1 commands
18:43:34 D shelly_tmcu.cpp:890     TX: 0x00 v=3 [] (Expecting heartbeat)
18:43:35 W shelly_tmcu.cpp:507     Heartbeat timed out!
18:43:35 D shelly_tmcu.cpp:927     Process 1 commands
18:43:35 D shelly_tmcu.cpp:890     TX: 0x00 v=3 [] (Expecting heartbeat)
18:43:36 W shelly_tmcu.cpp:507     Heartbeat timed out!
18:43:36 D hos_lwip_eth_if.cpp:513 wa(0x3fcaf8a8): Status: server 1 oper_up 0 link_up 0/0 hf 93732
18:43:36 D esp32xx_wifi_if.cpp:234 PK check: link 1 gw 1 UC 160 MC 71 ctr 10/105 ping 0 num_act 0
18:43:36 D hos_lwip_eth_if.cpp:513 ws(0x3fcc5afc): Status: server 0 oper_up 1 link_up 1/1 hf 93080
18:43:36 D shelly_tmcu.cpp:927     Process 1 commands
18:43:36 D shelly_tmcu.cpp:890     TX: 0x00 v=3 [] (Expecting heartbeat)
18:43:37 W shelly_tmcu.cpp:507     Heartbeat timed out!
18:43:37 D shelly_tmcu.cpp:927     Process 1 commands
18:43:37 D shelly_tmcu.cpp:890     TX: 0x00 v=3 [] (Expecting heartbeat)
18:43:38 W shelly_tmcu.cpp:507     Heartbeat timed out!
18:43:38 D hos_lwip_eth_if.cpp:513 wa(0x3fcaf8a8): Status: server 1 oper_up 0 link_up 0/0 hf 93792
18:43:38 D esp32xx_wifi_if.cpp:234 PK check: link 1 gw 1 UC 165 MC 76 ctr 11/105 ping 0 num_act 0
18:43:38 D hos_lwip_eth_if.cpp:513 ws(0x3fcc5afc): Status: server 0 oper_up 1 link_up 1/1 hf 93068
18:43:38 D shelly_tmcu.cpp:927     Process 1 commands
18:43:38 D shelly_tmcu.cpp:890     TX: 0x00 v=3 [] (Expecting heartbeat)
18:43:39 W shelly_tmcu.cpp:507     Heartbeat timed out!
18:43:39 D shelly_tmcu.cpp:927     Process 1 commands
18:43:39 D shelly_tmcu.cpp:890     TX: 0x00 v=3 [] (Expecting heartbeat)
18:43:40 W shelly_tmcu.cpp:507     Heartbeat timed out!
18:43:40 D hos_lwip_eth_if.cpp:513 wa(0x3fcaf8a8): Status: server 1 oper_up 0 link_up 0/0 hf 93792
18:43:40 D esp32xx_wifi_if.cpp:234 PK check: link 1 gw 1 UC 170 MC 82 ctr 12/105 ping 0 num_act 0
18:43:40 D hos_lwip_eth_if.cpp:513 ws(0x3fcc5afc): Status: server 0 oper_up 1 link_up 1/1 hf 93068
18:43:40 D shelly_tmcu.cpp:927     Process 1 commands
18:43:40 D shelly_tmcu.cpp:890     TX: 0x00 v=3 [] (Expecting heartbeat)
18:43:41 W shelly_tmcu.cpp:507     Heartbeat timed out!
18:43:41 D shelly_tmcu.cpp:927     Process 1 commands
18:43:41 D shelly_tmcu.cpp:890     TX: 0x00 v=3 [] (Expecting heartbeat)
18:43:42 W shelly_tmcu.cpp:507     Heartbeat timed out!
18:43:42 D hos_lwip_eth_if.cpp:513 wa(0x3fcaf8a8): Status: server 1 oper_up 0 link_up 0/0 hf 94028
18:43:42 D esp32xx_wifi_if.cpp:234 PK check: link 1 gw 1 UC 176 MC 95 ctr 13/105 ping 0 num_act 0
18:43:42 D hos_lwip_eth_if.cpp:513 ws(0x3fcc5afc): Status: server 0 oper_up 1 link_up 1/1 hf 93304
18:43:42 D shelly_tmcu.cpp:927     Process 1 commands
18:43:42 D shelly_tmcu.cpp:890     TX: 0x00 v=3 [] (Expecting heartbeat)
18:43:42 D shos_wifi_sta.cpp:524   State 8 ev -1 timeout 1
18:43:42 D shos_wifi_sta.cpp:813   Avg RSSI -70, ok
18:43:43 W shelly_tmcu.cpp:507     Heartbeat timed out!
18:43:43 D shelly_tmcu.cpp:927     Process 1 commands
18:43:43 D shelly_tmcu.cpp:890     TX: 0x00 v=3 [] (Expecting heartbeat)
18:43:44 W shelly_tmcu.cpp:507     Heartbeat timed out!
18:43:44 D hos_lwip_eth_if.cpp:513 wa(0x3fcaf8a8): Status: server 1 oper_up 0 link_up 0/0 hf 93816
18:43:44 D esp32xx_wifi_if.cpp:234 PK check: link 1 gw 1 UC 182 MC 102 ctr 14/105 ping 0 num_act 0
18:43:44 D hos_lwip_eth_if.cpp:513 ws(0x3fcc5afc): Status: server 0 oper_up 1 link_up 1/1 hf 93092
18:43:44 D shelly_tmcu.cpp:927     Process 1 commands
18:43:44 D shelly_tmcu.cpp:890     TX: 0x00 v=3 [] (Expecting heartbeat)
18:43:45 W shelly_tmcu.cpp:507     Heartbeat timed out!
18:43:45 D shelly_tmcu.cpp:927     Process 1 commands
18:43:45 D shelly_tmcu.cpp:890     TX: 0x00 v=3 [] (Expecting heartbeat)
18:43:46 W shelly_tmcu.cpp:507     Heartbeat timed out!
18:43:46 D hos_lwip_eth_if.cpp:513 wa(0x3fcaf8a8): Status: server 1 oper_up 0 link_up 0/0 hf 94052
18:43:46 D esp32xx_wifi_if.cpp:234 PK check: link 1 gw 1 UC 188 MC 108 ctr 15/105 ping 0 num_act 0
18:43:46 D esp32xx_wifi_if.cpp:279 PK check: sending probe (15)
18:43:46 D hos_lwip_eth_if.cpp:513 ws(0x3fcc5afc): Status: server 0 oper_up 1 link_up 1/1 hf 92904
18:43:46 D shelly_tmcu.cpp:927     Process 1 commands
18:43:46 D shelly_tmcu.cpp:890     TX: 0x00 v=3 [] (Expecting heartbeat)
18:43:46 D shos_lwip_ping.cpp:190  192.168.0.1 ping 0xc612 response seq 1 rtt 5 ms
18:43:46 D esp32xx_wifi_if.cpp:295 PK check: ctr 15 gateway is pingable
18:43:47 D shos_http_base.cpp:443  0x3fcc6c5c: Send WS ping
18:43:47 D shos_http_base.cpp:555  0x3fcc6c5c: Recd WS pong
18:43:47 W shelly_tmcu.cpp:507     Heartbeat timed out!
18:43:47 D shelly_tmcu.cpp:927     Process 1 commands
18:43:47 D shelly_tmcu.cpp:890     TX: 0x00 v=3 [] (Expecting heartbeat)
18:43:48 W shelly_tmcu.cpp:507     Heartbeat timed out!
18:43:48 D hos_lwip_eth_if.cpp:513 wa(0x3fcaf8a8): Status: server 1 oper_up 0 link_up 0/0 hf 94052
18:43:48 D esp32xx_wifi_if.cpp:234 PK check: link 1 gw 1 UC 197 MC 113 ctr 16/105 ping 0 num_act 0
18:43:48 D hos_lwip_eth_if.cpp:513 ws(0x3fcc5afc): Status: server 0 oper_up 1 link_up 1/1 hf 93328
18:43:48 D shelly_tmcu.cpp:927     Process 1 commands
18:43:48 D shelly_tmcu.cpp:890     TX: 0x00 v=3 [] (Expecting heartbeat)
18:43:49 W shelly_tmcu.cpp:507     Heartbeat timed out!
18:43:49 D shelly_tmcu.cpp:927     Process 1 commands
18:43:49 D shelly_tmcu.cpp:890     TX: 0x00 v=3 [] (Expecting heartbeat)
18:43:50 W shelly_tmcu.cpp:507     Heartbeat timed out!
18:43:50 D shelly_tmcu.cpp:927     Process 1 commands
18:43:50 D shelly_tmcu.cpp:890     TX: 0x00 v=3 [] (Expecting heartbeat)
18:43:50 D hos_lwip_eth_if.cpp:513 wa(0x3fcaf8a8): Status: server 1 oper_up 0 link_up 0/0 hf 92372
18:43:50 D esp32xx_wifi_if.cpp:234 PK check: link 1 gw 1 UC 202 MC 119 ctr 16/105 ping 0 num_act 0
18:43:50 D hos_lwip_eth_if.cpp:513 ws(0x3fcc5afc): Status: server 0 oper_up 1 link_up 1/1 hf 91644
18:43:51 W shelly_tmcu.cpp:507     Heartbeat timed out!
18:43:51 D shelly_tmcu.cpp:927     Process 1 commands
18:43:51 D shelly_tmcu.cpp:890     TX: 0x00 v=3 [] (Expecting heartbeat)
18:43:52 W shelly_tmcu.cpp:507     Heartbeat timed out!
18:43:52 D shelly_tmcu.cpp:927     Process 1 commands
18:43:52 D shelly_tmcu.cpp:890     TX: 0x00 v=3 [] (Expecting heartbeat)
18:43:52 D hos_lwip_eth_if.cpp:513 wa(0x3fcaf8a8): Status: server 1 oper_up 0 link_up 0/0 hf 92372
18:43:52 D esp32xx_wifi_if.cpp:234 PK check: link 1 gw 1 UC 207 MC 124 ctr 16/105 ping 0 num_act 0
18:43:52 D hos_lwip_eth_if.cpp:513 ws(0x3fcc5afc): Status: server 0 oper_up 1 link_up 1/1 hf 91644
18:43:52 D hos_http_server.cpp:288 0x3fcaead4: HTTP connection from 192.168.0.57:58841 via ws0
18:43:52 D hos_http_server.cpp:754 0x3fcaead4: Switching to WebSockets
18:43:52 I shelly_debug.cpp:245    Streaming logs to 192.168.0.57:58841
18:43:53 W shelly_tmcu.cpp:507     Heartbeat timed out!
18:43:53 D shelly_tmcu.cpp:927     Process 1 commands
18:43:53 D shelly_tmcu.cpp:890     TX: 0x00 v=3 [] (Expecting heartbeat)
18:43:54 W shelly_tmcu.cpp:507     Heartbeat timed out!
18:43:54 D shelly_tmcu.cpp:927     Process 1 commands
18:43:54 D shelly_tmcu.cpp:890     TX: 0x00 v=3 [] (Expecting heartbeat)
18:43:54 D hos_lwip_eth_if.cpp:513 wa(0x3fcaf8a8): Status: server 1 oper_up 0 link_up 0/0 hf 86328
18:43:54 D esp32xx_wifi_if.cpp:234 PK check: link 1 gw 1 UC 222 MC 130 ctr 16/105 ping 0 num_act 0
18:43:54 D hos_lwip_eth_if.cpp:513 ws(0x3fcc5afc): Status: server 0 oper_up 1 link_up 1/1 hf 81876
18:43:55 W shelly_tmcu.cpp:507     Heartbeat timed out!
18:43:55 D shelly_tmcu.cpp:927     Process 1 commands
18:43:55 D shelly_tmcu.cpp:890     TX: 0x00 v=3 [] (Expecting heartbeat)
18:43:56 W shelly_tmcu.cpp:507     Heartbeat timed out!
18:43:56 D shelly_tmcu.cpp:927     Process 1 commands
18:43:56 D shelly_tmcu.cpp:890     TX: 0x00 v=3 [] (Expecting heartbeat)
18:43:56 D hos_lwip_eth_if.cpp:513 wa(0x3fcaf8a8): Status: server 1 oper_up 0 link_up 0/0 hf 89624
18:43:56 D esp32xx_wifi_if.cpp:234 PK check: link 1 gw 1 UC 236 MC 135 ctr 16/105 ping 0 num_act 0
18:43:56 D hos_lwip_eth_if.cpp:513 ws(0x3fcc5afc): Status: server 0 oper_up 1 link_up 1/1 hf 88652
18:43:57 W shelly_tmcu.cpp:507     Heartbeat timed out!
18:43:57 D shelly_tmcu.cpp:927     Process 1 commands
18:43:57 D shelly_tmcu.cpp:890     TX: 0x00 v=3 [] (Expecting heartbeat)
18:43:57 D shos_wifi_sta.cpp:524   State 8 ev -1 timeout 1
18:43:57 D shos_wifi_sta.cpp:813   Avg RSSI -68, ok
18:43:58 W shelly_tmcu.cpp:507     Heartbeat timed out!
18:43:58 D shelly_tmcu.cpp:927     Process 1 commands
18:43:58 D shelly_tmcu.cpp:890     TX: 0x00 v=3 [] (Expecting heartbeat)
18:43:58 D hos_lwip_eth_if.cpp:513 wa(0x3fcaf8a8): Status: server 1 oper_up 0 link_up 0/0 hf 89624
18:43:58 D esp32xx_wifi_if.cpp:234 PK check: link 1 gw 1 UC 250 MC 139 ctr 16/105 ping 0 num_act 0
18:43:58 D hos_lwip_eth_if.cpp:513 ws(0x3fcc5afc): Status: server 0 oper_up 1 link_up 1/1 hf 88652
18:43:59 W shelly_tmcu.cpp:507     Heartbeat timed out!
18:43:59 D shelly_tmcu.cpp:927     Process 1 commands
18:43:59 D shelly_tmcu.cpp:890     TX: 0x00 v=3 [] (Expecting heartbeat)
18:44:00 W shelly_tmcu.cpp:507     Heartbeat timed out!
18:44:00 D shelly_tmcu.cpp:927     Process 1 commands
18:44:00 D shelly_tmcu.cpp:890     TX: 0x00 v=3 [] (Expecting heartbeat)
18:44:00 D shos_vfs.c:622          lseek 256 0 0 => 0x3fca5b3c:0 => 0
18:44:00 D shos_vfs.c:622          lseek 256 0 0 => 0x3fca5b3c:0 => 0
18:44:00 D shos_vfs.c:622          lseek 256 3027 0 => 0x3fca5b3c:0 => 3027
18:44:00 D shos_vfs.c:622          lseek 256 0 0 => 0x3fca5b3c:0 => 0
18:44:00 D shos_vfs.c:622          lseek 256 0 0 => 0x3fca5b3c:0 => 0
18:44:00 D shos_vfs.c:622          lseek 256 803 0 => 0x3fca5b3c:0 => 803
18:44:00 I shelly_script.cpp:204   service:0 0.2% CPU utilization
18:44:00 D hos_lwip_eth_if.cpp:513 wa(0x3fcaf8a8): Status: server 1 oper_up 0 link_up 0/0 hf 83208
18:44:00 D esp32xx_wifi_if.cpp:234 PK check: link 1 gw 1 UC 262 MC 146 ctr 16/105 ping 0 num_act 0
18:44:00 D hos_lwip_eth_if.cpp:513 ws(0x3fcc5afc): Status: server 0 oper_up 1 link_up 1/1 hf 78740
18:44:01 W shelly_tmcu.cpp:507     Heartbeat timed out!
18:44:01 D shelly_tmcu.cpp:927     Process 1 commands
18:44:01 D shelly_tmcu.cpp:890     TX: 0x00 v=3 [] (Expecting heartbeat)
18:44:02 W shelly_tmcu.cpp:507     Heartbeat timed out!
18:44:02 D shelly_tmcu.cpp:927     Process 1 commands
18:44:02 D shelly_tmcu.cpp:890     TX: 0x00 v=3 [] (Expecting heartbeat)
18:44:02 D hos_lwip_eth_if.cpp:513 wa(0x3fcaf8a8): Status: server 1 oper_up 0 link_up 0/0 hf 89624
18:44:02 D esp32xx_wifi_if.cpp:234 PK check: link 1 gw 1 UC 274 MC 162 ctr 16/105 ping 0 num_act 0
18:44:02 D hos_lwip_eth_if.cpp:513 ws(0x3fcc5afc): Status: server 0 oper_up 1 link_up 1/1 hf 88652
18:44:03 W shelly_tmcu.cpp:507     Heartbeat timed out!
18:44:03 D shelly_tmcu.cpp:927     Process 1 commands
18:44:03 D shelly_tmcu.cpp:890     TX: 0x00 v=3 [] (Expecting heartbeat)
18:44:04 W shelly_tmcu.cpp:507     Heartbeat timed out!
18:44:04 D shelly_tmcu.cpp:927     Process 1 commands
18:44:04 D shelly_tmcu.cpp:890     TX: 0x00 v=3 [] (Expecting heartbeat)
18:44:04 D hos_lwip_eth_if.cpp:513 wa(0x3fcaf8a8): Status: server 1 oper_up 0 link_up 0/0 hf 89624
18:44:04 D esp32xx_wifi_if.cpp:234 PK check: link 1 gw 1 UC 286 MC 166 ctr 16/105 ping 0 num_act 0
18:44:04 D hos_lwip_eth_if.cpp:513 ws(0x3fcc5afc): Status: server 0 oper_up 1 link_up 1/1 hf 88652
18:44:05 W shelly_tmcu.cpp:507     Heartbeat timed out!
18:44:05 D shelly_tmcu.cpp:927     Process 1 commands
18:44:05 D shelly_tmcu.cpp:890     TX: 0x00 v=3 [] (Expecting heartbeat)
18:44:06 D shos_vfs.c:588          fstat 257 => 0x3fca5b3c:1 => 0 (size 0)
18:44:06 D shos_vfs.c:518          write 257 128 => 0x3fca5b3c:1 => 128
18:44:06 D shos_vfs.c:518          write 257 128 => 0x3fca5b3c:1 => 128
18:44:06 D shos_vfs.c:518          write 257 128 => 0x3fca5b3c:1 => 128
18:44:06 D shos_vfs.c:518          write 257 128 => 0x3fca5b3c:1 => 128
18:44:06 D shos_vfs.c:518          write 257 128 => 0x3fca5b3c:1 => 128
18:44:06 D shos_vfs.c:518          write 257 128 => 0x3fca5b3c:1 => 128
18:44:06 D shos_vfs.c:518          write 257 43 => 0x3fca5b3c:1 => 43
18:44:06 D shos_vfs.c:426          close 257 => 0x3fca5b3c:1 => 0 (refs 1)
18:44:06 D shos_vfs.c:295          conf9.json -> /conf9.json pl 1 -> 1 0x3fca5b3c (refs 2)
18:44:06 D shos_vfs.c:653          unlink conf9.json => 0x3fca5b3c conf9.json => 0
18:44:07 D shos_vfs.c:295          tmp -> /tmp pl 1 -> 1 0x3fca5b3c (refs 2)
18:44:07 D shos_vfs.c:295          conf9.json -> /conf9.json pl 1 -> 1 0x3fca5b3c (refs 3)
18:44:07 D shos_vfs.c:690          rename tmp -> conf9.json => 0x3fca5b3c tmp -> conf9.json => 0
18:44:07 I loud_connection.cpp:194 Config changed (0x2), arming setup
18:44:07 D shos_rpc_inst.c:683     0x3fcc94c8 SEND FRAME (111): {"id":7351318,"src":"apq11dev-543204516334","dst":"iotc_5_1-shelly-api-eu","result":{"restart_required":false}} -> 1
18:44:07 W shelly_tmcu.cpp:507     Heartbeat timed out!
18:44:07 D shelly_tmcu.cpp:927     Process 1 commands
18:44:07 D shelly_tmcu.cpp:890     TX: 0x00 v=3 [] (Expecting heartbeat)
18:44:07 D y_notifications.cpp:103 trying dst='ShellyRPC':GATTS info='peer f4:26:79:20:c5:ff,p' ?
18:44:07 D ly_notifications.cpp:72 will NOT notify 'GATTS'
18:44:07 D y_notifications.cpp:103 trying dst='':UART info='UART0' ?
18:44:07 D ly_notifications.cpp:72 will NOT notify 'UART'
18:44:07 D y_notifications.cpp:103 trying dst='apq11dev-543204516334/events':MQTT info='' ?
18:44:07 D ly_notifications.cpp:72 will NOT notify 'MQTT'
18:44:07 D y_notifications.cpp:103 trying dst='RPC.LOCAL':loopback info='' ?
18:44:07 D ly_notifications.cpp:72 will NOT notify 'loopback'
18:44:07 D y_notifications.cpp:139 notified 1 of 5 channels
18:44:07 D helly_ejs_event.cpp:123 notifying for status: {"cfg_rev":22}
18:44:07 D hos_lwip_eth_if.cpp:513 wa(0x3fcaf8a8): Status: server 1 oper_up 0 link_up 0/0 hf 76288
18:44:07 D esp32xx_wifi_if.cpp:234 PK check: link 1 gw 1 UC 299 MC 169 ctr 16/105 ping 0 num_act 0
18:44:07 D hos_lwip_eth_if.cpp:513 ws(0x3fcc5afc): Status: server 0 oper_up 1 link_up 1/1 hf 76264
18:44:07 D shos_rpc_inst.c:479     0x3fcc94c8 FRAME SENT (1)
18:44:07 D shos_rpc_inst.c:683     0x3fcc94c8 SEND FRAME (220): {"src":"apq11dev-543204516334","dst":"shelly.cloud","method":"NotifyEvent","params":{"ts":1790268247.06,"events":[{"component":"cloud","event":"config_changed","restart_required":false,"ts":1790268247.06,"cfg_rev":22}]}} -> 0
18:44:07 D shos_rpc_inst.c:683     0x3fcc94c8 SEND FRAME (127): {"src":"apq11dev-543204516334","dst":"shelly.cloud","method":"NotifyStatus","params":{"ts":1790268247.06,"sys":{"cfg_rev":22}}} -> 0
18:44:07 I hos_http_client.cpp:681 0x3fcc8010: Finished; bytes 11897/1123, code 101, redir 0/3, auth 0, status ABORTED: Channel closed
18:44:07 D shos_http_base.cpp:134  0x3fcc8010: Deleted
18:44:07 D shos_rpc_inst.c:487     0x3fcc94c8 CHAN CLOSED, remove? 1
18:44:07 D loud_connection.cpp:314 0x3fcc94c8 shelly cloud is down
18:44:07 D loud_connection.cpp:320 0x3fcc94c8 discarded
18:44:07 D shos_rpc_inst.c:585     0x3fcc94c8 REMOVING
18:44:07 D helly_ejs_event.cpp:114 notifying for event: {"component":"cloud", "event":"disconnected", "ts":1790268247.66}
18:44:07 I y_notifications.cpp:168 Status change of cloud: {"connected":false}
18:44:07 D ly_notifications.cpp:99 notifying 4 channels
18:44:07 D y_notifications.cpp:103 trying dst='ShellyRPC':GATTS info='peer f4:26:79:20:c5:ff,p' ?
18:44:07 D ly_notifications.cpp:72 will NOT notify 'GATTS'
18:44:07 D y_notifications.cpp:103 trying dst='':UART info='UART0' ?
18:44:07 D ly_notifications.cpp:72 will NOT notify 'UART'
18:44:07 D y_notifications.cpp:103 trying dst='apq11dev-543204516334/events':MQTT info='' ?
18:44:07 D ly_notifications.cpp:72 will NOT notify 'MQTT'
18:44:07 D y_notifications.cpp:103 trying dst='RPC.LOCAL':loopback info='' ?
18:44:07 D ly_notifications.cpp:72 will NOT notify 'loopback'
18:44:07 D y_notifications.cpp:139 notified 0 of 4 channels
18:44:07 D helly_ejs_event.cpp:123 notifying for status: {"connected":false}
18:44:07 D shos_rpc_inst.c:539     0x3fcc7ac8 'shelly.cloud' SHC
18:44:07 D loud_connection.cpp:119 0x3fcc7ac8 cloud channel created
18:44:07 I hos_http_client.cpp:339 0x3fcc5d24: WSS iot.shelly.cloud:6012/jrpc (CA shelly_cloud.pem,ca.pem)
18:44:07 D hos_http_client.cpp:399 0x3fcc5d24: Resolved iot.shelly.cloud to 23.251.142.183
18:44:07 D hos_http_client.cpp:402 0x3fcc5d24: Connecting to 23.251.142.183: 0
18:44:07 W shelly_tmcu.cpp:507     Heartbeat timed out!
18:44:07 D shos_vfs.c:295          shelly_cloud.pem -> /shelly_cloud.pem pl 1 -> 1 0x3fca5b3c (refs 2)
18:44:07 D shos_vfs.c:388          open shelly_cloud.pem 0x0 0x1b6 => 0x3fca5b3c shelly_cloud.pem 1 => 257 (refs 2)
18:44:07 D shos_vfs.c:588          fstat 257 => 0x3fca5b3c:1 => 0 (size 2129)
18:44:07 D shos_vfs.c:622          lseek 257 0 1 => 0x3fca5b3c:1 => 128
18:44:07 D shos_vfs.c:622          lseek 257 21 0 => 0x3fca5b3c:1 => 21
18:44:07 D shos_vfs.c:622          lseek 257 21 0 => 0x3fca5b3c:1 => 21
18:44:07 D shos_vfs.c:622          lseek 257 713 0 => 0x3fca5b3c:1 => 713
18:44:07 D shos_vfs.c:426          close 257 => 0x3fca5b3c:1 => 0 (refs 1)
18:44:07 D shos_vfs.c:295          ca.pem -> /ca.pem pl 1 -> 1 0x3fca5b3c (refs 2)
18:44:07 D shos_vfs.c:388          open ca.pem 0x0 0x1b6 => 0x3fca5b3c ca.pem 1 => 257 (refs 2)
18:44:07 D shos_vfs.c:588          fstat 257 => 0x3fca5b3c:1 => 0 (size 157130)
18:44:07 D shos_vfs.c:622          lseek 257 0 1 => 0x3fca5b3c:1 => 128
18:44:07 D shos_vfs.c:622          lseek 257 1312 0 => 0x3fca5b3c:1 => 1312
18:44:07 D shos_vfs.c:426          close 257 => 0x3fca5b3c:1 => 0 (refs 1)
18:44:07 D shelly_tmcu.cpp:927     Process 1 commands
18:44:07 D shelly_tmcu.cpp:890     TX: 0x00 v=3 [] (Expecting heartbeat)
18:44:07 D hos_http_client.cpp:467 0x3fcc5d24: Connection result: 0
18:44:08 I hos_http_client.cpp:611 0x3fcc5d24: WS handshake complete
18:44:08 D hos_http_client.cpp:647 0x3fcc5d24: Headers parsed: code 101, 5 hdrs, 0 bytes left; body parser: WebSocket (0x3fcbdb3c)
18:44:08 D shos_rpc_inst.c:438     0x3fcc7ac8 CHAN OPEN (SHC 23.251.142.183:6012)
18:44:08 D loud_connection.cpp:299 shelly cloud channel open, awaiting SHC.ChannelReady
18:44:09 D shos_vfs.c:518          write 257 128 => 0x3fca5b3c:1 => 128
18:44:09 D shos_vfs.c:518          write 257 128 => 0x3fca5b3c:1 => 128
18:44:09 D shos_vfs.c:518          write 257 128 => 0x3fca5b3c:1 => 128
18:44:09 D esp32xx_wifi_if.cpp:234 PK check: link 1 gw 1 UC 325 MC 175 ctr 16/105 ping 0 num_act 0
18:44:09 D hos_lwip_eth_if.cpp:513 ws(0x3fcc5afc): Status: server 0 oper_up 1 link_up 1/1 hf 77736
18:44:09 D shos_vfs.c:518          write 257 128 => 0x3fca5b3c:1 => 128
18:44:09 D shos_vfs.c:518          write 257 128 => 0x3fca5b3c:1 => 128
18:44:09 D shos_vfs.c:518          write 257 99 => 0x3fca5b3c:1 => 99
18:44:09 D shos_vfs.c:426          close 257 => 0x3fca5b3c:1 => 0 (refs 1)
18:44:09 D shos_vfs.c:295          conf9.json -> /conf9.json pl 1 -> 1 0x3fca5b3c (refs 2)
18:44:09 D shos_vfs.c:653          unlink conf9.json => 0x3fca5b3c conf9.json => 0
18:44:09 D shos_vfs.c:295          tmp -> /tmp pl 1 -> 1 0x3fca5b3c (refs 2)
18:44:09 D shos_vfs.c:295          conf9.json -> /conf9.json pl 1 -> 1 0x3fca5b3c (refs 3)
18:44:09 D shos_vfs.c:690          rename tmp -> conf9.json => 0x3fca5b3c tmp -> conf9.json => 0
18:44:09 I loud_connection.cpp:194 Config changed (0x2), arming setup
18:44:09 D shos_rpc_inst.c:683     0x3fcc7ac8 SEND FRAME (109): {"id":40704,"src":"apq11dev-543204516334","dst":"iotd_1_2-shelly-api-eu","result":{"restart_required":false}} -> 1
18:44:09 D shelly_tmcu.cpp:927     Process 1 commands
18:44:09 D shelly_tmcu.cpp:890     TX: 0x00 v=3 [] (Expecting heartbeat)
18:44:09 D ly_notifications.cpp:99 notifying 5 channels
18:44:09 D y_notifications.cpp:103 trying dst='shelly.cloud':SHC info='0.0.0.0:0' ?
18:44:09 D shos_rpc_inst.c:179     'shelly.cloud' -> 0x3fcc7ac8
18:44:09 D shos_rpc_inst.c:703     QUEUED FRAME (127): {"src":"apq11dev-543204516334","dst":"shelly.cloud","method":"NotifyStatus","params":{"ts":1790268249.65,"sys":{"cfg_rev":23}}}
18:44:09 D y_notifications.cpp:135 NotifyStatus: 'shelly.cloud' (SHC) -> ok? 1
18:44:09 D y_notifications.cpp:103 trying dst='ShellyRPC':GATTS info='peer f4:26:79:20:c5:ff,p' ?
18:44:09 D ly_notifications.cpp:72 will NOT notify 'GATTS'
18:44:09 D y_notifications.cpp:103 trying dst='':UART info='UART0' ?
18:44:09 D ly_notifications.cpp:72 will NOT notify 'UART'
18:44:09 D y_notifications.cpp:103 trying dst='apq11dev-543204516334/events':MQTT info='' ?
18:44:09 D ly_notifications.cpp:72 will NOT notify 'MQTT'
18:44:09 D y_notifications.cpp:103 trying dst='RPC.LOCAL':loopback info='' ?
18:44:09 D ly_notifications.cpp:72 will NOT notify 'loopback'
18:44:09 D y_notifications.cpp:139 notified 1 of 5 channels
18:44:09 D helly_ejs_event.cpp:123 notifying for status: {"cfg_rev":23}
18:44:09 D shos_rpc_inst.c:479     0x3fcc7ac8 FRAME SENT (1)
18:44:09 D shelly_tmcu.cpp:927     Process 1 commands
18:44:09 D shelly_tmcu.cpp:890     TX: 0x00 v=3 [] (Expecting heartbeat)
18:44:09 D shos_http_base.cpp:134  0x3fcc5d24: Deleted
18:44:09 D shos_rpc_inst.c:487     0x3fcc7ac8 CHAN CLOSED, remove? 1
18:44:09 D loud_connection.cpp:320 0x3fcc7ac8 discarded
18:44:09 D shos_rpc_inst.c:585     0x3fcc7ac8 REMOVING
18:44:09 D shos_rpc_inst.c:539     0x3fcaf758 'shelly.cloud' SHC
18:44:09 D loud_connection.cpp:119 0x3fcaf758 cloud channel created
18:44:09 I hos_http_client.cpp:339 0x3fcbb89c: WSS shelly-288-eu.shelly.cloud:6022/jrpc (CA shelly_cloud.pem,ca.pem)
18:44:10 D hos_http_client.cpp:399 0x3fcbb89c: Resolved shelly-288-eu.shelly.cloud to 34.40.19.158
18:44:10 D hos_http_client.cpp:402 0x3fcbb89c: Connecting to 34.40.19.158: 0
18:44:10 D shos_vfs.c:295          shelly_cloud.pem -> /shelly_cloud.pem pl 1 -> 1 0x3fca5b3c (refs 2)
18:44:10 D shos_vfs.c:388          open shelly_cloud.pem 0x0 0x1b6 => 0x3fca5b3c shelly_cloud.pem 1 => 257 (refs 2)
18:44:10 D shos_vfs.c:588          fstat 257 => 0x3fca5b3c:1 => 0 (size 2129)
18:44:10 D shos_vfs.c:622          lseek 257 0 1 => 0x3fca5b3c:1 => 128
18:44:10 D shos_vfs.c:622          lseek 257 21 0 => 0x3fca5b3c:1 => 21
18:44:10 D shos_vfs.c:622          lseek 257 21 0 => 0x3fca5b3c:1 => 21
18:44:10 D shos_vfs.c:622          lseek 257 713 0 => 0x3fca5b3c:1 => 713
18:44:10 D shos_vfs.c:426          close 257 => 0x3fca5b3c:1 => 0 (refs 1)
18:44:10 D shos_vfs.c:295          ca.pem -> /ca.pem pl 1 -> 1 0x3fca5b3c (refs 2)
18:44:10 D shos_vfs.c:388          open ca.pem 0x0 0x1b6 => 0x3fca5b3c ca.pem 1 => 257 (refs 2)
18:44:10 D shos_vfs.c:588          fstat 257 => 0x3fca5b3c:1 => 0 (size 157130)
18:44:10 D shos_vfs.c:622          lseek 257 0 1 => 0x3fca5b3c:1 => 128
18:44:10 D shos_vfs.c:622          lseek 257 1312 0 => 0x3fca5b3c:1 => 1312
18:44:10 D shos_vfs.c:426          close 257 => 0x3fca5b3c:1 => 0 (refs 1)
18:44:10 D hos_http_client.cpp:467 0x3fcbb89c: Connection result: 0
18:44:10 W shelly_tmcu.cpp:507     Heartbeat timed out!
18:44:10 I hos_http_client.cpp:611 0x3fcbb89c: WS handshake complete
18:44:10 D hos_http_client.cpp:647 0x3fcbb89c: Headers parsed: code 101, 4 hdrs, 0 bytes left; body parser: WebSocket (0x3fcaecc8)
18:44:10 D shos_rpc_inst.c:438     0x3fcaf758 CHAN OPEN (SHC 34.40.19.158:6022)
18:44:10 D loud_connection.cpp:299 shelly cloud channel open, awaiting SHC.ChannelReady
18:44:10 D shelly_tmcu.cpp:927     Process 1 commands
18:44:10 D shelly_tmcu.cpp:890     TX: 0x00 v=3 [] (Expecting heartbeat)
18:44:11 D shos_rpc_inst.c:452     0x3fcaf758 GOT FRAME (131): {"id":7119394,"src":"iotc_291_1-shelly-288-eu","method":"Shelly.GetComponents","params":{"offset":0,"include":["config","status"]}}
18:44:11 D shos_rpc_inst.c:331     '7119394' 'iotc_291_1-shelly-288-eu' '' 'Shelly.GetComponents'
18:44:11 I shos_rpc_inst.c:241     Shelly.GetComponents [7119394@iotc_291_1-shelly-288-eu] via SHC 34.40.19.158:6022
18:44:11 D shos_vfs.c:295          ble_devices.json -> /ble_devices.json pl 1 -> 1 0x3fca5b3c (refs 2)
18:44:11 D shos_vfs.c:549          stat ble_devices.json => 0x3fca5b3c ble_devices.json => -2 (size 0)
18:44:11 D shos_rpc_inst.c:683     0x3fcaf758 SEND FRAME (2291): {"id":7119394,"src":"apq11dev-543204516334","dst":"iotc_291_1-shelly-288-eu","result":{"components":[{"key":"ble","status":{"addr":"54:32:04:51:63:36,p","flags":["advertising","connected"]},"config":{"rpc":{"enable":true}}},{"key":"boolean:200","status":{"value":false,"source":"","last_update_ts":0},"config":{"id":200,"name":"Charging","meta":{"cloud":["log"],"ui":{"view":"toggle","titles":["Off","On"]}},"persisted":true,"default_value":false},"attrs":{"access":"crw","owner":"service:0","role":"state"}},{"key":"bthome","status":{},"config":{}},{"key":"cloud","status":{"connected":false},"config":{"enable":true,"server":"shelly-288-eu.shelly.cloud:6022/jrpc"}},{"key":"enum:200","status":{"value":"charger_free","source":"","last_update_ts":0},"config":{"id":200,"name":"Charger mode","options":["charger_free","charger_insert","charger_free_fault","charger_wait","charger_charging","charger_pause","charger_end","charger_fault"],"meta":{"cloud":["log"],"ui":{"view":"label","titles":{"charger_free":"Free","charger_insert":"Insert","charger_free_fault":"Free fault","charger_wait":"Wait","charger_charging":"Charging","charger_pause":"Pause","charger_end":"End","charger_fault":"Fault"}}},"persisted":false,"default_value":"charger_free"},"attrs":{"access":"cr","owner":"service:0","role":"mode"}},{"key":"modbus","status":{},"config":{"enable":true}},{"key":"mqtt","status":{"connected":false},"config":{"enable":false,"server":null,"client_id":"apq11dev-543204516334","user":null,"ssl_ca":null,"topic_prefix":"apq11dev-543204516334","rpc_ntf":true,"status_ntf":false,"use_client_cert":false,"enable_rpc":true,"enable_control":true}},{"key":"number:200","status":{"value":16,"source":"","last_update_ts":0},"config":{"id":200,"name":"Current limit","min":6,"max":16,"meta":{"cloud":["log"],"ui":{"view":"slider","unit":"A","step":1}},"persisted":true,"default_value":16},"attrs":{"access":"crw","owner":"service:0","role":"current_limit"}},{"key":"number:201","status":{"value":0,"source":"","last_update_ts":0},"config":{"id":201,"name":"Session duration","min":0,"max":50000,"meta":{"cloud":["log"],"ui":{"view":"label","unit":"min"}},"persisted":false,"default_value":0},"attrs":{"access":"cr","owner":"service:0","role":"session_duration"}}],"cfg_rev":23,"offset":0,"total":15}} -> 1
18:44:11 D shos_rpc_inst.c:479     0x3fcaf758 FRAME SENT (1)
18:44:11 D hos_lwip_eth_if.cpp:513 wa(0x3fcaf8a8): Status: server 1 oper_up 0 link_up 0/0 hf 74800
18:44:11 D esp32xx_wifi_if.cpp:234 PK check: link 1 gw 1 UC 349 MC 180 ctr 16/105 ping 0 num_act 0
18:44:11 D hos_lwip_eth_if.cpp:513 ws(0x3fcc5afc): Status: server 0 oper_up 1 link_up 1/1 hf 74244
18:44:11 D shos_vfs.c:426          close 257 => 0x3fca5b3c:1 => 0 (refs 1)
18:44:11 D shos_vfs.c:295          svc_0.mf -> /svc_0.mf pl 1 -> 1 0x3fca5b3c (refs 2)
18:44:11 D shos_vfs.c:388          open svc_0.mf 0x0 0x1b6 => 0x3fca5b3c svc_0.mf 1 => 257 (refs 2)
18:44:11 D shos_vfs.c:588          fstat 257 => 0x3fca5b3c:1 => 0 (size 2191)
18:44:11 D shos_vfs.c:426          close 257 => 0x3fca5b3c:1 => 0 (refs 1)
18:44:11 D shos_vfs.c:295          svc_0.ui.gz -> /svc_0.ui.gz pl 1 -> 1 0x3fca5b3c (refs 2)
18:44:11 D shos_vfs.c:388          open svc_0.ui.gz 0x0 0x1b6 => 0x3fca5b3c svc_0.ui.gz 1 => 257 (refs 2)
18:44:11 D shos_vfs.c:588          fstat 257 => 0x3fca5b3c:1 => 0 (size 7252)
18:44:11 D shos_vfs.c:426          close 257 => 0x3fca5b3c:1 => 0 (refs 1)
18:44:11 D shos_vfs.c:295          svc_0_test.js -> /svc_0_test.js pl 1 -> 1 0x3fca5b3c (refs 2)
18:44:11 D shos_vfs.c:388          open svc_0_test.js 0x0 0x1b6 => 0x3fca5b3c svc_0_test.js -2 => -2 (refs 1)
18:44:11 D shelly_service.cpp:585  service:0: GetConfig not implemented
18:44:11 D shos_vfs.c:295          / -> / pl 1 -> 1 0x3fca5b3c (refs 2)
18:44:11 D shos_vfs.c:295          / -> / pl 1 -> 1 0x3fca5b3c (refs 2)
18:44:11 D shos_rpc_inst.c:683     0x3fcaf758 SEND FRAME (2290): {"id":7119404,"src":"apq11dev-543204516334","dst":"iotc_291_1-shelly-288-eu","result":{"components":[{"key":"number:202","status":{"value":0,"source":"","last_update_ts":0},"config":{"id":202,"name":"Session energy","min":0,"max":9999999999,"meta":{"cloud":["log"],"ui":{"view":"label","unit":"kWh"}},"persisted":false,"default_value":0},"attrs":{"access":"cr","owner":"service:0","role":"session_energy"}},{"key":"object:200","status":{"value":{"phase_a":{"voltage":0,"current":0,"power":0},"phase_b":{"voltage":0,"current":0,"power":0},"phase_c":{"voltage":0,"current":0,"power":0},"total_current":0,"total_power":0,"total_act_energy":0,"counter":{"total":0,"minute_ts":1789970400,"by_minute":[0,0,0]}},"source":"sys","last_update_ts":1789970447},"config":{"id":200,"name":"Consumption","meta":{"cloud":["bymin"],"ui":{"unit":"kWh"}}},"attrs":{"access":"cr","owner":"service:0","role":"phase_info"}},{"key":"service:0","status":{"etag":"fdb77abc46eb740c879713cd39cfa004","state":"running","dev_mode":true,"stats":{"mem":477,"mem_peak":580},"files":{"code":{"sha256":"7d33f47e6545e731b4dbc62fb5071ba571013ac3899d3cd58c094a89fe97ac23"},"manifest":{"sha256":"f76bd60610c9fdc5c28aea88d5224c2a5ff5719617bab427c4a57758b18da46d"},"ui":{"sha256":"8ba525eff60a93fbb68425d63abcdff8ef27b728f65819d9066453292fffa101"}}},"config":{}},{"key":"sys","status":{"mac":"543204516334","restart_required":false,"time":"18:44","unixtime":1790268251,"last_sync_ts":1790268194,"uptime":252,"ram_size":276888,"ram_free":69192,"ram_min_free":62976,"fs_size":917504,"fs_free":364544,"cfg_rev":23,"kvs_rev":0,"schedule_rev":0,"webhook_rev":0,"btrelay_rev":0,"bthc_rev":0,"available_updates":{},"reset_reason":3,"backup":{},"default_config":{"exists":false},"utc_offset":7200},"config":{"device":{"name":null,"mac":"543204516334","fw_id":"20260921-060046/2.0.0-beta11xciohttpfix-g35669f3","discoverable":true,"eco_mode":false,"tls_check_cert_validity_time":true,"enhanced_security":false},"location":{"tz":"Europe/Warsaw","lat":51.806100,"lon":21.898700},"debug":{"level":3,"file_level":null,"mqtt":{"enable":false},"websocket":{"enable":true},"udp":{"addr":null}},"ui_data":{},"rpc_udp":{"dst_addr":null,"listen_port":null},"sntp":{"server":"time.cloudflare.com"},"cfg_rev":23}}],"cfg_rev":23,"offset":9,"total":15}} -> 1
18:44:11 D shos_rpc_inst.c:479     0x3fcaf758 FRAME SENT (1)
18:44:12 D shos_rpc_inst.c:452     0x3fcaf758 GOT FRAME (132): {"id":7119406,"src":"iotc_291_1-shelly-288-eu","method":"Shelly.GetComponents","params":{"offset":13,"include":["config","status"]}}
18:44:12 D shos_rpc_inst.c:331     '7119406' 'iotc_291_1-shelly-288-eu' '' 'Shelly.GetComponents'
18:44:12 I shos_rpc_inst.c:241     Shelly.GetComponents [7119406@iotc_291_1-shelly-288-eu] via SHC 34.40.19.158:6022
18:44:12 D shos_rpc_inst.c:683     0x3fcaf758 SEND FRAME (830): {"id":7119406,"src":"apq11dev-543204516334","dst":"iotc_291_1-shelly-288-eu","result":{"components":[{"key":"wifi","status":{"sta_ip":"192.168.0.238","status":"got ip","ssid":"AmperePoint","channel":11,"rssi":-66,"bssid":"ae:9c:6c:cc:eb:a8","sta_ip6":["fe80::5632:4ff:fe51:6334"]},"config":{"ap":{"ssid":"apq11dev-543204516334","is_open":true, "enable":false, "range_extender": {"enable":false}},"sta":{"ssid":"AmperePoint","is_open":false, "enable":true, "ipv4mode":"dhcp","ip":null,"netmask":null,"gw":null,"nameserver":null},"sta1":{"ssid":null,"is_open":true, "enable":false, "ipv4mode":"dhcp","ip":null,"netmask":null,"gw":null,"nameserver":null},"roam":{"rssi_thr":-80,"interval":60}}},{"key":"ws","status":{"connected":false},"config":{"enable":false,"server":null,"ssl_ca":"ca.pem"}}],"cfg_rev":23,"offset":13,"total":15}} -> 1
18:44:12 D shos_rpc_inst.c:479     0x3fcaf758 FRAME SENT (1)
18:44:12 D shos_rpc_inst.c:452     0x3fcaf758 GOT FRAME (92): {"id":7119408,"src":"iotc_291_1-shelly-288-eu","method":"service.getinfo","params":{"id":0}}
18:44:12 D shos_rpc_inst.c:331     '7119408' 'iotc_291_1-shelly-288-eu' '' 'service.getinfo'
18:44:12 I shos_rpc_inst.c:241     service.getinfo [7119408@iotc_291_1-shelly-288-eu] via SHC 34.40.19.158:6022
18:44:12 D shos_rpc_inst.c:683     0x3fcaf758 SEND FRAME (912): {"id":7119408,"src":"apq11dev-543204516334","dst":"iotc_291_1-shelly-288-eu","result":{"type":"evse:portable:3109","ver":"13109-3673","build_id":"20260924-133108/6c38841","etag":"fdb77abc46eb740c879713cd39cfa004","meta":{"roles_order":["state","current_limit","mode"],"integrations":{"aa":[{"class":"evse:portable"}],"gh":[{"class":"evse:portable"}],"st":[{"class":"evse:portable"}]},"ui":{"actions":[{"component":"state","name":"Charging","method":"Set","input":{"value":{"type":"boolean","view":"radio","titles":["Stop charging","Start charging"],"value":false}}},{"component":"current_limit","name":"Current Limit","method":"Set","input":{"value":{"type":"number","view":"input","value":10}}}],"conditions":{"mode":[{"name":"Charger mode","event":"enum.change"}],"session_energy":[{"name":"Session energy","event":"number.change"}],"session_duration":[{"name":"Session duration","event":"number.change"}]}}}}} -> 1
18:44:12 D shelly_tmcu.cpp:927     Process 1 commands
18:44:12 D shelly_tmcu.cpp:890     TX: 0x00 v=3 [] (Expecting heartbeat)
18:44:12 D shos_rpc_inst.c:479     0x3fcaf758 FRAME SENT (1)
18:44:12 D shos_rpc_inst.c:452     0x3fcaf758 GOT FRAME (87): {"id":7119410,"src":"iotc_291_1-shelly-288-eu","method":"shc.channelready","params":{}}
18:44:12 D shos_rpc_inst.c:331     '7119410' 'iotc_291_1-shelly-288-eu' '' 'shc.channelready'
18:44:12 I shos_rpc_inst.c:241     shc.channelready [7119410@iotc_291_1-shelly-288-eu] via SHC 34.40.19.158:6022
18:44:12 D loud_connection.cpp:255 shelly cloud is ready
18:44:12 D shos_rpc_inst.c:683     0x3fcaf758 SEND FRAME (91): {"id":7119410,"src":"apq11dev-543204516334","dst":"iotc_291_1-shelly-288-eu","result":null} -> 1
18:44:12 D y_notifications.cpp:103 trying dst='ShellyRPC':GATTS info='peer f4:26:79:20:c5:ff,p' ?
18:44:12 D ly_notifications.cpp:72 will NOT notify 'GATTS'
18:44:12 D y_notifications.cpp:103 trying dst='':UART info='UART0' ?
18:44:12 D ly_notifications.cpp:72 will NOT notify 'UART'
18:44:12 D y_notifications.cpp:103 trying dst='apq11dev-543204516334/events':MQTT info='' ?
18:44:12 D ly_notifications.cpp:72 will NOT notify 'MQTT'
18:44:12 D y_notifications.cpp:103 trying dst='RPC.LOCAL':loopback info='' ?
18:44:12 D ly_notifications.cpp:72 will NOT notify 'loopback'
18:44:12 D y_notifications.cpp:139 notified 1 of 5 channels
18:44:12 D helly_ejs_event.cpp:123 notifying for status: {"connected":true}
18:44:12 D shos_rpc_inst.c:479     0x3fcaf758 FRAME SENT (1)
18:44:12 D shos_rpc_inst.c:683     0x3fcaf758 SEND FRAME (133): {"src":"apq11dev-543204516334","dst":"shelly.cloud","method":"NotifyStatus","params":{"ts":1790268253.14,"cloud":{"connected":true}}} -> 1
18:44:12 D shos_http_base.cpp:626  0x3fcaead4: Connection error: -14
18:44:12 D hos_http_server.cpp:523 0x3fcaead4: Connection closed prematurely: -1: Connection error: -14
18:44:12 D shos_http_base.cpp:134  0x3fcaead4: Deleted
18:44:12 I shelly_debug.cpp:143    Stopped streaming logs to 192.168.0.57:58841
18:44:12 D shos_rpc_inst.c:479     0x3fcaf758 FRAME SENT (1)
18:44:12 D hos_http_server.cpp:288 0x3fcaee04: HTTP connection from 192.168.0.57:58850 via ws0
18:44:12 D shos_rpc_inst.c:539     0x3fcaead8 '' HTTP_in
18:44:12 D shos_rpc_inst.c:438     0x3fcaead8 CHAN OPEN (HTTP_in GET from 192.168.0.57:58850 via ws0)
18:44:12 D shos_rpc_inst.c:464     0x3fcaead8 GOT PARSED FRAME: '' -> '' 919514956 args '{}'
18:44:12 I shos_rpc_inst.c:241     Sys.GetConfig [919514956@] via HTTP_in GET from 192.168.0.57:58850 via ws0
18:44:12 D shos_rpc_inst.c:683     0x3fcaead8 SEND FRAME (548): {"id":919514956,"src":"apq11dev-543204516334","result":{"device":{"name":null,"mac":"543204516334","fw_id":"20260921-060046/2.0.0-beta11xciohttpfix-g35669f3","discoverable":true,"eco_mode":false,"tls_check_cert_validity_time":true,"enhanced_security":false},"location":{"tz":"Europe/Warsaw","lat":51.806100,"lon":21.898700},"debug":{"level":3,"file_level":null,"mqtt":{"enable":false},"websocket":{"enable":true},"udp":{"addr":null}},"ui_data":{},"rpc_udp":{"dst_addr":null,"listen_port":null},"sntp":{"server":"time.cloudflare.com"},"cfg_rev":23}} -> 1
18:44:12 D shos_wifi_sta.cpp:524   State 8 ev -1 timeout 1
18:44:13 D shos_wifi_sta.cpp:813   Avg RSSI -66, ok
18:44:13 D shos_rpc_inst.c:479     0x3fcaead8 FRAME SENT (1)
18:44:13 D shos_rpc_inst.c:487     0x3fcaead8 CHAN CLOSED, remove? 1
18:44:13 D shos_rpc_inst.c:585     0x3fcaead8 REMOVING
18:44:13 D shos_http_base.cpp:596  0x3fcaee04: Connection closed normally, 0x0 0
18:44:13 D shos_http_base.cpp:134  0x3fcaee04: Deleted
18:44:13 D hos_lwip_eth_if.cpp:513 wa(0x3fcaf8a8): Status: server 1 oper_up 0 link_up 0/0 hf 88208
18:44:13 D esp32xx_wifi_if.cpp:234 PK check: link 1 gw 1 UC 380 MC 185 ctr 16/105 ping 0 num_act 0
18:44:13 D hos_lwip_eth_if.cpp:513 ws(0x3fcc5afc): Status: server 0 oper_up 1 link_up 1/1 hf 87488
18:44:13 D hos_http_server.cpp:288 0x3fcaee04: HTTP connection from 192.168.0.57:58851 via ws0
18:44:13 D shos_rpc_inst.c:539     0x3fcaeac0 '' HTTP_in
18:44:13 D shos_rpc_inst.c:438     0x3fcaeac0 CHAN OPEN (HTTP_in GET from 192.168.0.57:58851 via ws0)
18:44:13 D shos_rpc_inst.c:464     0x3fcaeac0 GOT PARSED FRAME: '' -> '' 1693337409 args '{"id":200}'
18:44:13 I shos_rpc_inst.c:241     Enum.GetStatus [1693337409@] via HTTP_in GET from 192.168.0.57:58851 via ws0
18:44:13 D shos_rpc_inst.c:683     0x3fcaeac0 SEND FRAME (112): {"id":1693337409,"src":"apq11dev-543204516334","result":{"value":"charger_free","source":"","last_update_ts":0}} -> 1
18:44:13 D shos_rpc_inst.c:479     0x3fcaeac0 FRAME SENT (1)
18:44:13 D shos_rpc_inst.c:487     0x3fcaeac0 CHAN CLOSED, remove? 1
18:44:13 D shos_rpc_inst.c:585     0x3fcaeac0 REMOVING
18:44:13 D shos_http_base.cpp:596  0x3fcaee04: Connection closed normally, 0x0 0
18:44:13 W shelly_tmcu.cpp:507     Heartbeat timed out!
18:44:13 D shos_http_base.cpp:134  0x3fcaee04: Deleted
18:44:13 D hos_http_server.cpp:288 0x3fcaee04: HTTP connection from 192.168.0.57:58852 via ws0
18:44:13 D shos_rpc_inst.c:539     0x3fcaeac0 '' HTTP_in
18:44:13 D shos_rpc_inst.c:438     0x3fcaeac0 CHAN OPEN (HTTP_in GET from 192.168.0.57:58852 via ws0)
18:44:13 D shos_rpc_inst.c:464     0x3fcaeac0 GOT PARSED FRAME: '' -> '' 285820444 args '{"id":200}'
18:44:13 I shos_rpc_inst.c:241     Number.GetStatus [285820444@] via HTTP_in GET from 192.168.0.57:58852 via ws0
18:44:13 D shos_rpc_inst.c:683     0x3fcaeac0 SEND FRAME (99): {"id":285820444,"src":"apq11dev-543204516334","result":{"value":16,"source":"","last_update_ts":0}} -> 1
18:44:13 D shelly_tmcu.cpp:927     Process 1 commands
18:44:13 D shelly_tmcu.cpp:890     TX: 0x00 v=3 [] (Expecting heartbeat)
18:44:13 D shos_rpc_inst.c:479     0x3fcaeac0 FRAME SENT (1)
18:44:13 D shos_rpc_inst.c:487     0x3fcaeac0 CHAN CLOSED, remove? 1
18:44:13 D shos_rpc_inst.c:585     0x3fcaeac0 REMOVING
18:44:13 D shos_http_base.cpp:596  0x3fcaee04: Connection closed normally, 0x0 0
18:44:13 D shos_http_base.cpp:134  0x3fcaee04: Deleted
18:44:13 D hos_http_server.cpp:288 0x3fcaee04: HTTP connection from 192.168.0.57:58853 via ws0
18:44:13 D shos_rpc_inst.c:539     0x3fcaeac0 '' HTTP_in
18:44:13 D shos_rpc_inst.c:438     0x3fcaeac0 CHAN OPEN (HTTP_in GET from 192.168.0.57:58853 via ws0)
18:44:13 D shos_rpc_inst.c:464     0x3fcaeac0 GOT PARSED FRAME: '' -> '' 868762639 args '{"id":200}'
18:44:13 I shos_rpc_inst.c:241     Boolean.GetStatus [868762639@] via HTTP_in GET from 192.168.0.57:58853 via ws0
18:44:13 D shos_rpc_inst.c:683     0x3fcaeac0 SEND FRAME (102): {"id":868762639,"src":"apq11dev-543204516334","result":{"value":false,"source":"","last_update_ts":0}} -> 1
18:44:13 D shos_rpc_inst.c:479     0x3fcaeac0 FRAME SENT (1)
18:44:13 D shos_rpc_inst.c:487     0x3fcaeac0 CHAN CLOSED, remove? 1
18:44:13 D shos_rpc_inst.c:585     0x3fcaeac0 REMOVING
18:44:13 D shos_http_base.cpp:596  0x3fcaee04: Connection closed normally, 0x0 0
18:44:13 D shos_http_base.cpp:134  0x3fcaee04: Deleted
18:44:14 W shelly_tmcu.cpp:507     Heartbeat timed out!
18:44:14 D shelly_tmcu.cpp:927     Process 1 commands
18:44:14 D shelly_tmcu.cpp:890     TX: 0x00 v=3 [] (Expecting heartbeat)
18:44:15 D hos_lwip_eth_if.cpp:513 wa(0x3fcaf8a8): Status: server 1 oper_up 0 link_up 0/0 hf 91408
18:44:15 D esp32xx_wifi_if.cpp:234 PK check: link 1 gw 1 UC 408 MC 190 ctr 16/105 ping 0 num_act 0
18:44:15 D hos_lwip_eth_if.cpp:513 ws(0x3fcc5afc): Status: server 0 oper_up 1 link_up 1/1 hf 90684
18:44:15 W shelly_tmcu.cpp:507     Heartbeat timed out!
18:44:15 D shelly_tmcu.cpp:927     Process 1 commands
18:44:15 D shelly_tmcu.cpp:890     TX: 0x00 v=3 [] (Expecting heartbeat)
18:44:16 W shelly_tmcu.cpp:507     Heartbeat timed out!
18:44:16 D shelly_tmcu.cpp:927     Process 1 commands
18:44:16 D shelly_tmcu.cpp:890     TX: 0x00 v=3 [] (Expecting heartbeat)
18:44:17 D hos_lwip_eth_if.cpp:513 wa(0x3fcaf8a8): Status: server 1 oper_up 0 link_up 0/0 hf 91408
18:44:17 D esp32xx_wifi_if.cpp:234 PK check: link 1 gw 1 UC 413 MC 196 ctr 16/105 ping 0 num_act 0
18:44:17 D hos_lwip_eth_if.cpp:513 ws(0x3fcc5afc): Status: server 0 oper_up 1 link_up 1/1 hf 90684
18:44:17 W shelly_tmcu.cpp:507     Heartbeat timed out!
18:44:17 D shelly_tmcu.cpp:927     Process 1 commands
18:44:17 D shelly_tmcu.cpp:890     TX: 0x00 v=3 [] (Expecting heartbeat)
18:44:17 D shos_http_base.cpp:443  0x3fcc6c5c: Send WS ping
18:44:17 D shos_http_base.cpp:555  0x3fcc6c5c: Recd WS pong
18:44:18 W shelly_tmcu.cpp:507     Heartbeat timed out!
18:44:18 D shelly_tmcu.cpp:927     Process 1 commands
18:44:18 D shelly_tmcu.cpp:890     TX: 0x00 v=3 [] (Expecting heartbeat)
18:44:19 D hos_lwip_eth_if.cpp:513 wa(0x3fcaf8a8): Status: server 1 oper_up 0 link_up 0/0 hf 91408
18:44:19 D esp32xx_wifi_if.cpp:234 PK check: link 1 gw 1 UC 420 MC 200 ctr 16/105 ping 0 num_act 0
18:44:19 D hos_lwip_eth_if.cpp:513 ws(0x3fcc5afc): Status: server 0 oper_up 1 link_up 1/1 hf 90684
18:44:19 W shelly_tmcu.cpp:507     Heartbeat timed out!
18:44:19 D shelly_tmcu.cpp:927     Process 1 commands
18:44:19 D shelly_tmcu.cpp:890     TX: 0x00 v=3 [] (Expecting heartbeat)
18:44:20 W shelly_tmcu.cpp:507     Heartbeat timed out!
18:44:20 D shelly_tmcu.cpp:927     Process 1 commands
18:44:20 D shelly_tmcu.cpp:890     TX: 0x00 v=3 [] (Expecting heartbeat)
18:44:21 D hos_lwip_eth_if.cpp:513 wa(0x3fcaf8a8): Status: server 1 oper_up 0 link_up 0/0 hf 91408
18:44:21 D esp32xx_wifi_if.cpp:234 PK check: link 1 gw 1 UC 425 MC 210 ctr 16/105 ping 0 num_act 0
18:44:21 D hos_lwip_eth_if.cpp:513 ws(0x3fcc5afc): Status: server 0 oper_up 1 link_up 1/1 hf 90684
18:44:21 W shelly_tmcu.cpp:507     Heartbeat timed out!
18:44:21 D shelly_tmcu.cpp:927     Process 1 commands
18:44:21 D shelly_tmcu.cpp:890     TX: 0x00 v=3 [] (Expecting heartbeat)
18:44:22 W shelly_tmcu.cpp:507     Heartbeat timed out!
18:44:22 D shelly_tmcu.cpp:927     Process 1 commands
18:44:22 D shelly_tmcu.cpp:890     TX: 0x00 v=3 [] (Expecting heartbeat)
18:44:23 W shelly_tmcu.cpp:507     Heartbeat timed out!
18:44:23 D hos_lwip_eth_if.cpp:513 wa(0x3fcaf8a8): Status: server 1 oper_up 0 link_up 0/0 hf 91208
18:44:23 D esp32xx_wifi_if.cpp:234 PK check: link 1 gw 1 UC 430 MC 218 ctr 16/105 ping 0 num_act 0
18:44:23 D hos_lwip_eth_if.cpp:513 ws(0x3fcc5afc): Status: server 0 oper_up 1 link_up 1/1 hf 90484
18:44:23 D shelly_tmcu.cpp:927     Process 1 commands
18:44:23 D shelly_tmcu.cpp:890     TX: 0x00 v=3 [] (Expecting heartbeat)
18:44:23 D hos_http_server.cpp:288 0x3fcaee04: HTTP connection from 192.168.0.57:64454 via ws0
18:44:23 D shos_rpc_inst.c:539     0x3fcaf198 '' HTTP_in
18:44:23 D shos_rpc_inst.c:438     0x3fcaf198 CHAN OPEN (HTTP_in GET from 192.168.0.57:64454 via ws0)
18:44:23 D shos_rpc_inst.c:464     0x3fcaf198 GOT PARSED FRAME: '' -> '' 2100113574 args '{}'
18:44:23 I shos_rpc_inst.c:241     XMOD.GetInfo [2100113574@] via HTTP_in GET from 192.168.0.57:64454 via ws0
18:44:23 D shos_rpc_inst.c:683     0x3fcaf198 SEND FRAME (189): {"id":2100113574,"src":"apq11dev-543204516334","result":{"jwt":{"jti":"001094000002","n":"Q11 DevKit test","m":"Ampere Point","url":"https://amperepoint.pl","f":0},"x":{"mod":"DevKitM-1"}}} -> 1
18:44:23 D shos_rpc_inst.c:479     0x3fcaf198 FRAME SENT (1)
18:44:23 D shos_rpc_inst.c:487     0x3fcaf198 CHAN CLOSED, remove? 1
18:44:23 D shos_rpc_inst.c:585     0x3fcaf198 REMOVING
18:44:23 D shos_http_base.cpp:596  0x3fcaee04: Connection closed normally, 0x0 0
18:44:23 D shos_http_base.cpp:134  0x3fcaee04: Deleted
18:44:23 D hos_http_server.cpp:288 0x3fcaee04: HTTP connection from 192.168.0.57:64455 via ws0
18:44:24 D shos_rpc_inst.c:539     0x3fcaf198 '' HTTP_in
18:44:24 D shos_rpc_inst.c:438     0x3fcaf198 CHAN OPEN (HTTP_in GET from 192.168.0.57:64455 via ws0)
18:44:24 D shos_rpc_inst.c:464     0x3fcaf198 GOT PARSED FRAME: '' -> '' 1919657307 args '{}'
18:44:24 I shos_rpc_inst.c:241     Shelly.GetDeviceInfo [1919657307@] via HTTP_in GET from 192.168.0.57:64455 via ws0
18:44:24 D shos_rpc_inst.c:683     0x3fcaf198 SEND FRAME (526): {"id":1919657307,"src":"apq11dev-543204516334","result":{"name":null,"id":"apq11dev-543204516334","mac":"543204516334","slot":1,"model":"S3XT-0S","gen":3,"fw_id":"20260921-060046/2.0.0-beta11xciohttpfix-g35669f3","ver":"2.0.0+13109-3673","app":"XC3+evse:portable:3109","auth_en":false,"auth_domain":null,"jti":"001094000002","jwt":{"p":"apq11dev","n":"Q11 DevKit test","url":"https://amperepoint.pl","m":"Ampere Point"},"ch":[{"key":"service:0","type":"evse:portable:3109"}],"provision":"unmanaged","enhanced_security":false}} -> 1
18:44:24 D shos_rpc_inst.c:479     0x3fcaf198 FRAME SENT (1)
18:44:24 D shos_rpc_inst.c:487     0x3fcaf198 CHAN CLOSED, remove? 1
18:44:24 D shos_rpc_inst.c:585     0x3fcaf198 REMOVING
18:44:24 D shos_http_base.cpp:596  0x3fcaee04: Connection closed normally, 0x0 0
18:44:24 D shos_http_base.cpp:134  0x3fcaee04: Deleted
18:44:24 W shelly_tmcu.cpp:507     Heartbeat timed out!
18:44:24 D shelly_tmcu.cpp:927     Process 1 commands
18:44:24 D shelly_tmcu.cpp:890     TX: 0x00 v=3 [] (Expecting heartbeat)
18:44:24 D hos_http_server.cpp:288 0x3fcaf194: HTTP connection from 192.168.0.146:57004 via ws0
18:44:24 D shos_rpc_inst.c:331     '1790268263312' 'ShellyApp' '' 'boolean.set'
18:44:24 I shos_rpc_inst.c:241     boolean.set [1790268263312@ShellyApp] via HTTP_in POST from 192.168.0.146:57004 via ws0
18:44:24 D ly_rate_limiter.hpp:106 used 0.000000; win 0.000000/60.000000 cnt 0 0
18:44:24 D shos_vfs.c:295          storage.json -> /storage.json pl 1 -> 1 0x3fca5b3c (refs 2)
18:44:24 D shos_vfs.c:388          open storage.json 0x0 0x1b6 => 0x3fca5b3c storage.json 1 => 257 (refs 2)
18:44:24 D shos_vfs.c:588          fstat 257 => 0x3fca5b3c:1 => 0 (size 136)
18:44:24 D shos_vfs.c:622          lseek 257 0 2 => 0x3fca5b3c:1 => 136
18:44:24 D shos_vfs.c:588          fstat 257 => 0x3fca5b3c:1 => 0 (size 136)
18:44:24 D shos_vfs.c:622          lseek 257 0 0 => 0x3fca5b3c:1 => 0
18:44:24 D shos_vfs.c:426          close 257 => 0x3fca5b3c:1 => 0 (refs 1)
18:44:25 D shos_jstore.c:188       Got id: 'number:200'
18:44:25 D shos_jstore.c:229       Got data: '{"value":16,"source":0,"last_update_ts":0}'
18:44:25 D shos_jstore.c:188       Got id: 'boolean:200'
18:44:25 D shos_jstore.c:229       Got data: '{"value":false,"source":0,"last_update_ts":0}'
18:44:25 I ly_virtual_base.cpp:488 Persistent status save
18:44:25 D shos_rpc_inst.c:683     0x3fcaf32c SEND FRAME (82): {"id":1790268263312,"src":"apq11dev-543204516334","dst":"ShellyApp","result":null} -> 1
18:44:25 D y_notifications.cpp:103 trying dst='ShellyRPC':GATTS info='peer f4:26:79:20:c5:ff,p' ?
18:44:25 D ly_notifications.cpp:72 will NOT notify 'GATTS'
18:44:25 D y_notifications.cpp:103 trying dst='':UART info='UART0' ?
18:44:25 D ly_notifications.cpp:72 will NOT notify 'UART'
18:44:25 D y_notifications.cpp:103 trying dst='apq11dev-543204516334/events':MQTT info='' ?
18:44:25 D ly_notifications.cpp:72 will NOT notify 'MQTT'
18:44:25 D y_notifications.cpp:103 trying dst='RPC.LOCAL':loopback info='' ?
18:44:25 D ly_notifications.cpp:72 will NOT notify 'loopback'
18:44:25 D y_notifications.cpp:139 notified 1 of 6 channels
18:44:25 D helly_ejs_event.cpp:123 notifying for status: {"source":"rpc","value":true}
18:44:25 D shos_rpc_inst.c:479     0x3fcaf32c FRAME SENT (1)
18:44:25 D shos_rpc_inst.c:487     0x3fcaf32c CHAN CLOSED, remove? 1
18:44:25 D shos_rpc_inst.c:585     0x3fcaf32c REMOVING
18:44:25 D shos_http_base.cpp:134  0x3fcaf194: Deleted
18:44:25 D shelly_tmcu.cpp:927     Process 1 commands
18:44:25 D shelly_tmcu.cpp:890     TX: 0x06 v=3 [1201000101] (Expecting heartbeat)
18:44:25 W shelly_tmcu.cpp:507     Heartbeat timed out!
18:44:25 D shos_rpc_inst.c:479     0x3fcaf758 FRAME SENT (1)
18:44:25 D hos_lwip_eth_if.cpp:513 wa(0x3fcaf8a8): Status: server 1 oper_up 0 link_up 0/0 hf 85036
18:44:25 D esp32xx_wifi_if.cpp:234 PK check: link 1 gw 1 UC 464 MC 224 ctr 16/105 ping 0 num_act 0
18:44:25 D hos_lwip_eth_if.cpp:513 ws(0x3fcc5afc): Status: server 0 oper_up 1 link_up 1/1 hf 82560
18:44:25 D shelly_tmcu.cpp:927     Process 1 commands
18:44:25 D shelly_tmcu.cpp:938     response to 07 timed out after 0.3043 s
18:44:25 D shelly_tmcu.cpp:890     TX: 0x06 v=3 [1201000101] (Expecting heartbeat)
18:44:25 D shelly_tmcu.cpp:927     Process 1 commands
18:44:25 D shelly_tmcu.cpp:938     response to 07 timed out after 0.3036 s
18:44:25 D shelly_tmcu.cpp:890     TX: 0x06 v=3 [1201000101] (Expecting heartbeat)
18:44:26 D shelly_tmcu.cpp:927     Process 1 commands
18:44:26 D shelly_tmcu.cpp:938     response to 07 timed out after 0.3041 s
18:44:26 D shelly_tmcu.cpp:890     TX: 0x06 v=3 [1201000101] (Expecting heartbeat)
18:44:26 W shelly_tmcu.cpp:507     Heartbeat timed out!
18:44:26 D shelly_tmcu.cpp:927     Process 2 commands
18:44:26 D shelly_tmcu.cpp:938     response to 07 timed out after 0.3042 s
18:44:26 D shelly_tmcu.cpp:890     TX: 0x06 v=3 [1201000101] (Expecting heartbeat)
18:44:26 D shelly_tmcu.cpp:927     Process 2 commands
18:44:26 D shelly_tmcu.cpp:938     response to 07 timed out after 0.3037 s
18:44:26 D shelly_tmcu.cpp:890     TX: 0x06 v=3 [1201000101] (Expecting heartbeat)
18:44:27 D shos_vfs.c:295          storage.json -> /storage.json pl 1 -> 1 0x3fca5b3c (refs 2)
18:44:27 D shos_vfs.c:388          open storage.json 0x601 0x1b6 => 0x3fca5b3c storage.json 1 => 257 (refs 2)
18:44:27 D shos_vfs.c:588          fstat 257 => 0x3fca5b3c:1 => 0 (size 0)
18:44:27 D shos_vfs.c:518          write 257 128 => 0x3fca5b3c:1 => 128
18:44:27 D shos_vfs.c:518          write 257 16 => 0x3fca5b3c:1 => 16
18:44:27 D shos_vfs.c:426          close 257 => 0x3fca5b3c:1 => 0 (refs 1)
18:44:27 D shos_vfs.c:295          storage.json -> /storage.json pl 1 -> 1 0x3fca5b3c (refs 2)
18:44:27 D shos_vfs.c:388          open storage.json 0x0 0x1b6 => 0x3fca5b3c storage.json 1 => 257 (refs 2)
18:44:27 D shos_vfs.c:588          fstat 257 => 0x3fca5b3c:1 => 0 (size 144)
18:44:27 D shos_vfs.c:622          lseek 257 0 2 => 0x3fca5b3c:1 => 144
18:44:27 D shos_vfs.c:588          fstat 257 => 0x3fca5b3c:1 => 0 (size 144)
18:44:27 D shos_vfs.c:622          lseek 257 0 0 => 0x3fca5b3c:1 => 0
18:44:27 D shos_vfs.c:426          close 257 => 0x3fca5b3c:1 => 0 (refs 1)
18:44:27 D shelly_storage.cpp:171  storage.json: {"items":[
["number:200", {"value":16,"source":0,"last_update_ts":0}],
["boolean:200", {"value":true,"source":1,"last_update_ts":1790268265}]
]}
18:44:27 D shelly_tmcu.cpp:927     Process 2 commands
18:44:27 D shelly_tmcu.cpp:938     response to 07 timed out after 0.4584 s
18:44:27 E shelly_tmcu.cpp:942     Initialization failed at init_state 0 Expecting heartbeat
18:44:27 D shelly_tmcu.cpp:79      Tmcu Event 3 (0x0)
18:44:27 D shelly_tmcu.cpp:890     TX: 0x00 v=3 [] (Expecting heartbeat)
18:44:27 W shelly_tmcu.cpp:507     Heartbeat timed out!
18:44:27 D shelly_tmcu.cpp:927     Process 1 commands
18:44:27 D shelly_tmcu.cpp:890     TX: 0x00 v=3 [] (Expecting heartbeat)
18:44:27 I shos_rpc_inst.c:241     boolean.set [1790268265773@ShellyApp] via HTTP_in POST from 192.168.0.146:60164 via ws0
18:44:27 D lly_rate_limiter.hpp:99 0, 1, at 266.245397, now 268.801110
18:44:27 D ly_rate_limiter.hpp:106 used 1.000000; win 2.555713/57.444287 cnt 0 1
18:44:27 D shos_vfs.c:295          storage.json -> /storage.json pl 1 -> 1 0x3fca5b3c (refs 2)
18:44:27 D shos_vfs.c:388          open storage.json 0x0 0x1b6 => 0x3fca5b3c storage.json 1 => 257 (refs 2)
18:44:27 D shos_vfs.c:588          fstat 257 => 0x3fca5b3c:1 => 0 (size 144)
18:44:27 D shos_vfs.c:622          lseek 257 0 2 => 0x3fca5b3c:1 => 144
18:44:27 D shos_vfs.c:588          fstat 257 => 0x3fca5b3c:1 => 0 (size 144)
18:44:27 D shos_vfs.c:622          lseek 257 0 0 => 0x3fca5b3c:1 => 0
18:44:27 D shos_vfs.c:426          close 257 => 0x3fca5b3c:1 => 0 (refs 1)
18:44:27 D shos_jstore.c:188       Got id: 'number:200'
18:44:27 D shos_jstore.c:229       Got data: '{"value":16,"source":0,"last_update_ts":0}'
18:44:27 D shos_jstore.c:188       Got id: 'boolean:200'
18:44:27 D shos_jstore.c:229       Got data: '{"value":true,"source":1,"last_update_ts":1790268265}'
18:44:27 I ly_virtual_base.cpp:488 Persistent status save
18:44:27 D shos_rpc_inst.c:683     0x3fcaef68 SEND FRAME (82): {"id":1790268265773,"src":"apq11dev-543204516334","dst":"ShellyApp","result":null} -> 1
18:44:27 D shelly_tmcu.cpp:927     Process 1 commands
18:44:27 D shelly_tmcu.cpp:890     TX: 0x00 v=3 [] (Expecting heartbeat)
18:44:27 D y_notifications.cpp:103 trying dst='ShellyRPC':GATTS info='peer f4:26:79:20:c5:ff,p' ?
18:44:27 D ly_notifications.cpp:72 will NOT notify 'GATTS'
18:44:27 D y_notifications.cpp:103 trying dst='':UART info='UART0' ?
18:44:27 D ly_notifications.cpp:72 will NOT notify 'UART'
18:44:27 D y_notifications.cpp:103 trying dst='apq11dev-543204516334/events':MQTT info='' ?
18:44:27 D ly_notifications.cpp:72 will NOT notify 'MQTT'
18:44:27 D y_notifications.cpp:103 trying dst='RPC.LOCAL':loopback info='' ?
18:44:27 D ly_notifications.cpp:72 will NOT notify 'loopback'
18:44:27 D y_notifications.cpp:139 notified 1 of 6 channels
18:44:27 D helly_ejs_event.cpp:123 notifying for status: {"value":false}
18:44:27 D shos_rpc_inst.c:479     0x3fcaef68 FRAME SENT (1)
18:44:27 D shos_rpc_inst.c:487     0x3fcaef68 CHAN CLOSED, remove? 1
18:44:27 D shos_rpc_inst.c:585     0x3fcaef68 REMOVING
18:44:27 D shos_http_base.cpp:596  0x3fcaf388: Connection closed normally, 0x0 0
18:44:27 D shelly_tmcu.cpp:927     Process 1 commands
18:44:27 D shelly_tmcu.cpp:890     TX: 0x06 v=3 [1201000100] (Expecting heartbeat)
18:44:27 D shos_rpc_inst.c:479     0x3fcaf758 FRAME SENT (1)
18:44:27 D shos_http_base.cpp:134  0x3fcaf388: Deleted
18:44:27 D shos_wifi_sta.cpp:524   State 8 ev -1 timeout 1
18:44:27 D shos_wifi_sta.cpp:813   Avg RSSI -65, ok
18:44:27 D shelly_tmcu.cpp:927     Process 0 commands
18:44:27 D shelly_tmcu.cpp:938     response to 07 timed out after 0.3036 s
18:44:27 D shelly_tmcu.cpp:890     TX: 0x06 v=3 [1201000100] (Expecting heartbeat)
18:44:28 W shelly_tmcu.cpp:507     Heartbeat timed out!
18:44:28 D shelly_tmcu.cpp:927     Process 0 commands
18:44:28 D shelly_tmcu.cpp:938     response to 07 timed out after 0.3047 s
18:44:28 D shelly_tmcu.cpp:890     TX: 0x06 v=3 [1201000100] (Expecting heartbeat)
18:44:28 D shelly_tmcu.cpp:927     Process 1 commands
18:44:28 D shelly_tmcu.cpp:938     response to 07 timed out after 0.3039 s
18:44:28 D shelly_tmcu.cpp:890     TX: 0x06 v=3 [1201000100] (Expecting heartbeat)
18:44:28 D shelly_tmcu.cpp:927     Process 1 commands
18:44:28 D shelly_tmcu.cpp:938     response to 07 timed out after 0.3037 s
18:44:28 D shelly_tmcu.cpp:890     TX: 0x06 v=3 [1201000100] (Expecting heartbeat)
18:44:29 W shelly_tmcu.cpp:507     Heartbeat timed out!
18:44:29 D shelly_tmcu.cpp:927     Process 1 commands
18:44:29 D shelly_tmcu.cpp:938     response to 07 timed out after 0.3044 s
18:44:29 D shelly_tmcu.cpp:890     TX: 0x06 v=3 [1201000100] (Expecting heartbeat)
18:44:29 D hos_lwip_eth_if.cpp:513 wa(0x3fcaf8a8): Status: server 1 oper_up 0 link_up 0/0 hf 89008
18:44:29 D esp32xx_wifi_if.cpp:234 PK check: link 1 gw 1 UC 486 MC 233 ctr 16/105 ping 0 num_act 0
18:44:29 D hos_lwip_eth_if.cpp:513 ws(0x3fcc5afc): Status: server 0 oper_up 1 link_up 1/1 hf 88280
18:44:29 D shos_vfs.c:295          storage.json -> /storage.json pl 1 -> 1 0x3fca5b3c (refs 2)
18:44:29 D shos_vfs.c:388          open storage.json 0x601 0x1b6 => 0x3fca5b3c storage.json 1 => 257 (refs 2)
18:44:29 D shos_vfs.c:588          fstat 257 => 0x3fca5b3c:1 => 0 (size 0)
18:44:29 D shos_vfs.c:518          write 257 128 => 0x3fca5b3c:1 => 128
18:44:29 D shos_vfs.c:518          write 257 17 => 0x3fca5b3c:1 => 17
18:44:29 D shos_vfs.c:426          close 257 => 0x3fca5b3c:1 => 0 (refs 1)
18:44:29 D shos_vfs.c:295          storage.json -> /storage.json pl 1 -> 1 0x3fca5b3c (refs 2)
18:44:29 D shos_vfs.c:388          open storage.json 0x0 0x1b6 => 0x3fca5b3c storage.json 1 => 257 (refs 2)
18:44:29 D shos_vfs.c:588          fstat 257 => 0x3fca5b3c:1 => 0 (size 145)
18:44:29 D shos_vfs.c:622          lseek 257 0 2 => 0x3fca5b3c:1 => 145
18:44:29 D shos_vfs.c:588          fstat 257 => 0x3fca5b3c:1 => 0 (size 145)
18:44:29 D shos_vfs.c:622          lseek 257 0 0 => 0x3fca5b3c:1 => 0
18:44:29 D shos_vfs.c:426          close 257 => 0x3fca5b3c:1 => 0 (refs 1)
18:44:29 D shelly_storage.cpp:171  storage.json: {"items":[
["number:200", {"value":16,"source":0,"last_update_ts":0}],
["boolean:200", {"value":false,"source":1,"last_update_ts":1790268267}]
]}
18:44:29 D shelly_tmcu.cpp:927     Process 2 commands
18:44:29 D shelly_tmcu.cpp:938     response to 07 timed out after 0.3432 s
18:44:29 E shelly_tmcu.cpp:942     Initialization failed at init_state 0 Expecting heartbeat
18:44:29 D shelly_tmcu.cpp:79      Tmcu Event 3 (0x0)
18:44:29 D shelly_tmcu.cpp:890     TX: 0x00 v=3 [] (Expecting heartbeat)
18:44:29 D shelly_tmcu.cpp:927     Process 1 commands
18:44:29 D shelly_tmcu.cpp:890     TX: 0x00 v=3 [] (Expecting heartbeat)
18:44:30 W shelly_tmcu.cpp:507     Heartbeat timed out!
18:44:30 D shelly_tmcu.cpp:927     Process 1 commands
18:44:30 D shelly_tmcu.cpp:890     TX: 0x00 v=3 [] (Expecting heartbeat)
18:44:30 D shos_vfs.c:622          lseek 256 0 0 => 0x3fca5b3c:0 => 0
18:44:30 D shos_vfs.c:622          lseek 256 0 0 => 0x3fca5b3c:0 => 0
18:44:30 D shos_vfs.c:622          lseek 256 3027 0 => 0x3fca5b3c:0 => 3027
18:44:30 D shos_vfs.c:622          lseek 256 0 0 => 0x3fca5b3c:0 => 0
18:44:30 D shos_vfs.c:622          lseek 256 0 0 => 0x3fca5b3c:0 => 0
18:44:30 D shos_vfs.c:622          lseek 256 803 0 => 0x3fca5b3c:0 => 803
18:44:31 W shelly_tmcu.cpp:507     Heartbeat timed out!
18:44:31 D hos_lwip_eth_if.cpp:513 wa(0x3fcaf8a8): Status: server 1 oper_up 0 link_up 0/0 hf 91284
18:44:31 D esp32xx_wifi_if.cpp:234 PK check: link 1 gw 1 UC 494 MC 243 ctr 16/105 ping 0 num_act 0
18:44:31 D hos_lwip_eth_if.cpp:513 ws(0x3fcc5afc): Status: server 0 oper_up 1 link_up 1/1 hf 90560
18:44:31 D shelly_tmcu.cpp:927     Process 1 commands
18:44:31 D shelly_tmcu.cpp:890     TX: 0x00 v=3 [] (Expecting heartbeat)
18:44:32 W shelly_tmcu.cpp:507     Heartbeat timed out!
18:44:32 D shelly_tmcu.cpp:927     Process 1 commands
18:44:32 D shelly_tmcu.cpp:890     TX: 0x00 v=3 [] (Expecting heartbeat)
18:44:32 D hos_http_server.cpp:288 0x3fcaee04: HTTP connection from 192.168.0.146:60172 via ws0
18:44:33 I shos_rpc_inst.c:241     boolean.set [1790268271571@ShellyApp] via HTTP_in POST from 192.168.0.146:60172 via ws0
18:44:33 D lly_rate_limiter.hpp:99 0, 2, at 266.245397, now 274.229437
18:44:33 D ly_rate_limiter.hpp:106 used 2.000000; win 7.984040/52.015960 cnt 0 2
18:44:33 D shos_vfs.c:295          storage.json -> /storage.json pl 1 -> 1 0x3fca5b3c (refs 2)
18:44:33 D shos_vfs.c:388          open storage.json 0x0 0x1b6 => 0x3fca5b3c storage.json 1 => 257 (refs 2)
18:44:33 D shos_vfs.c:588          fstat 257 => 0x3fca5b3c:1 => 0 (size 145)
18:44:33 D shos_vfs.c:622          lseek 257 0 2 => 0x3fca5b3c:1 => 145
18:44:33 D shos_vfs.c:588          fstat 257 => 0x3fca5b3c:1 => 0 (size 145)
18:44:33 D shos_vfs.c:622          lseek 257 0 0 => 0x3fca5b3c:1 => 0
18:44:33 D shos_vfs.c:426          close 257 => 0x3fca5b3c:1 => 0 (refs 1)
18:44:33 D shos_jstore.c:188       Got id: 'number:200'
18:44:33 D shos_jstore.c:229       Got data: '{"value":16,"source":0,"last_update_ts":0}'
18:44:33 D shos_jstore.c:188       Got id: 'boolean:200'
18:44:33 D shos_jstore.c:229       Got data: '{"value":false,"source":1,"last_update_ts":1790268267}'
18:44:33 I ly_virtual_base.cpp:488 Persistent status save
18:44:33 D shos_rpc_inst.c:683     0x3fcbae40 SEND FRAME (82): {"id":1790268271571,"src":"apq11dev-543204516334","dst":"ShellyApp","result":null} -> 1
18:44:33 D y_notifications.cpp:103 trying dst='ShellyRPC':GATTS info='peer f4:26:79:20:c5:ff,p' ?
18:44:33 D ly_notifications.cpp:72 will NOT notify 'GATTS'
18:44:33 D y_notifications.cpp:103 trying dst='':UART info='UART0' ?
18:44:33 D ly_notifications.cpp:72 will NOT notify 'UART'
18:44:33 D y_notifications.cpp:103 trying dst='apq11dev-543204516334/events':MQTT info='' ?
18:44:33 D ly_notifications.cpp:72 will NOT notify 'MQTT'
18:44:33 D y_notifications.cpp:103 trying dst='RPC.LOCAL':loopback info='' ?
18:44:33 D ly_notifications.cpp:72 will NOT notify 'loopback'
18:44:33 D y_notifications.cpp:139 notified 1 of 6 channels
18:44:33 D helly_ejs_event.cpp:123 notifying for status: {"value":true}
18:44:33 D shos_rpc_inst.c:479     0x3fcbae40 FRAME SENT (1)
18:44:33 D shos_rpc_inst.c:487     0x3fcbae40 CHAN CLOSED, remove? 1
18:44:33 D shos_rpc_inst.c:585     0x3fcbae40 REMOVING
18:44:33 D shos_http_base.cpp:596  0x3fcaee04: Connection closed normally, 0x0 0
18:44:33 D shelly_tmcu.cpp:927     Process 1 commands
18:44:33 D shelly_tmcu.cpp:890     TX: 0x06 v=3 [1201000101] (Expecting heartbeat)
18:44:33 D shos_rpc_inst.c:479     0x3fcaf758 FRAME SENT (1)
18:44:33 D shos_http_base.cpp:134  0x3fcaee04: Deleted
18:44:33 W shelly_tmcu.cpp:507     Heartbeat timed out!
18:44:33 D hos_lwip_eth_if.cpp:513 wa(0x3fcaf8a8): Status: server 1 oper_up 0 link_up 0/0 hf 90848
18:44:33 D esp32xx_wifi_if.cpp:234 PK check: link 1 gw 1 UC 510 MC 248 ctr 16/105 ping 0 num_act 0
18:44:33 D hos_lwip_eth_if.cpp:513 ws(0x3fcc5afc): Status: server 0 oper_up 1 link_up 1/1 hf 90120
18:44:33 D shelly_tmcu.cpp:927     Process 1 commands
18:44:33 D shelly_tmcu.cpp:938     response to 07 timed out after 0.3041 s
18:44:33 D shelly_tmcu.cpp:890     TX: 0x06 v=3 [1201000101] (Expecting heartbeat)
18:44:33 D shelly_tmcu.cpp:927     Process 1 commands
18:44:33 D shelly_tmcu.cpp:938     response to 07 timed out after 0.3037 s
18:44:33 D shelly_tmcu.cpp:890     TX: 0x06 v=3 [1201000101] (Expecting heartbeat)
18:44:34 D shelly_tmcu.cpp:927     Process 1 commands
18:44:34 D shelly_tmcu.cpp:938     response to 07 timed out after 0.3037 s
18:44:34 D shelly_tmcu.cpp:890     TX: 0x06 v=3 [1201000101] (Expecting heartbeat)
18:44:34 W shelly_tmcu.cpp:507     Heartbeat timed out!
18:44:34 D shelly_tmcu.cpp:927     Process 1 commands
18:44:34 D shelly_tmcu.cpp:938     response to 07 timed out after 0.3039 s
18:44:34 D shelly_tmcu.cpp:890     TX: 0x06 v=3 [1201000101] (Expecting heartbeat)
18:44:34 D shelly_tmcu.cpp:927     Process 2 commands
18:44:34 D shelly_tmcu.cpp:938     response to 07 timed out after 0.3044 s
18:44:34 D shelly_tmcu.cpp:890     TX: 0x06 v=3 [1201000101] (Expecting heartbeat)
18:44:35 D shos_vfs.c:295          storage.json -> /storage.json pl 1 -> 1 0x3fca5b3c (refs 2)
18:44:35 D shos_vfs.c:388          open storage.json 0x601 0x1b6 => 0x3fca5b3c storage.json 1 => 257 (refs 2)
18:44:35 D shos_vfs.c:588          fstat 257 => 0x3fca5b3c:1 => 0 (size 0)
18:44:35 D shos_vfs.c:518          write 257 128 => 0x3fca5b3c:1 => 128
18:44:35 D shos_vfs.c:518          write 257 16 => 0x3fca5b3c:1 => 16
18:44:35 D shos_vfs.c:426          close 257 => 0x3fca5b3c:1 => 0 (refs 1)
18:44:35 D shos_vfs.c:295          storage.json -> /storage.json pl 1 -> 1 0x3fca5b3c (refs 2)
18:44:35 D shos_vfs.c:388          open storage.json 0x0 0x1b6 => 0x3fca5b3c storage.json 1 => 257 (refs 2)
18:44:35 D shos_vfs.c:588          fstat 257 => 0x3fca5b3c:1 => 0 (size 144)
18:44:35 D shos_vfs.c:622          lseek 257 0 2 => 0x3fca5b3c:1 => 144
18:44:35 D shos_vfs.c:588          fstat 257 => 0x3fca5b3c:1 => 0 (size 144)
18:44:35 D shos_vfs.c:622          lseek 257 0 0 => 0x3fca5b3c:1 => 0
18:44:35 D shos_vfs.c:426          close 257 => 0x3fca5b3c:1 => 0 (refs 1)
18:44:35 D shelly_storage.cpp:171  storage.json: {"items":[
["number:200", {"value":16,"source":0,"last_update_ts":0}],
["boolean:200", {"value":true,"source":1,"last_update_ts":1790268273}]
]}
18:44:35 D shelly_tmcu.cpp:927     Process 2 commands
18:44:35 D shelly_tmcu.cpp:938     response to 07 timed out after 0.3556 s
18:44:35 E shelly_tmcu.cpp:942     Initialization failed at init_state 0 Expecting heartbeat
18:44:35 D shelly_tmcu.cpp:79      Tmcu Event 3 (0x0)
18:44:35 D shelly_tmcu.cpp:890     TX: 0x00 v=3 [] (Expecting heartbeat)
18:44:35 D shelly_tmcu.cpp:927     Process 1 commands
18:44:35 D shelly_tmcu.cpp:890     TX: 0x00 v=3 [] (Expecting heartbeat)
18:44:35 W shelly_tmcu.cpp:507     Heartbeat timed out!
18:44:35 D hos_lwip_eth_if.cpp:513 wa(0x3fcaf8a8): Status: server 1 oper_up 0 link_up 0/0 hf 91276
18:44:35 D esp32xx_wifi_if.cpp:234 PK check: link 1 gw 1 UC 520 MC 252 ctr 16/105 ping 0 num_act 0
18:44:35 D hos_lwip_eth_if.cpp:513 ws(0x3fcc5afc): Status: server 0 oper_up 1 link_up 1/1 hf 90548
18:44:35 D shelly_tmcu.cpp:927     Process 1 commands
18:44:35 D shelly_tmcu.cpp:890     TX: 0x00 v=3 [] (Expecting heartbeat)
18:44:35 D hos_http_server.cpp:288 0x3fcaee04: HTTP connection from 192.168.0.146:45838 via ws0
18:44:35 I shos_rpc_inst.c:241     boolean.set [1790268274329@ShellyApp] via HTTP_in POST from 192.168.0.146:45838 via ws0
18:44:35 D lly_rate_limiter.hpp:99 0, 3, at 266.245397, now 277.003380
18:44:35 D ly_rate_limiter.hpp:106 used 3.000000; win 10.757983/49.242017 cnt 0 3
18:44:35 D shos_vfs.c:295          storage.json -> /storage.json pl 1 -> 1 0x3fca5b3c (refs 2)
18:44:35 D shos_vfs.c:388          open storage.json 0x0 0x1b6 => 0x3fca5b3c storage.json 1 => 257 (refs 2)
18:44:35 D shos_vfs.c:588          fstat 257 => 0x3fca5b3c:1 => 0 (size 144)
18:44:35 D shos_vfs.c:622          lseek 257 0 2 => 0x3fca5b3c:1 => 144
18:44:35 D shos_vfs.c:588          fstat 257 => 0x3fca5b3c:1 => 0 (size 144)
18:44:35 D shos_vfs.c:622          lseek 257 0 0 => 0x3fca5b3c:1 => 0
18:44:35 D shos_vfs.c:426          close 257 => 0x3fca5b3c:1 => 0 (refs 1)
18:44:35 D shos_jstore.c:188       Got id: 'number:200'
18:44:35 D shos_jstore.c:229       Got data: '{"value":16,"source":0,"last_update_ts":0}'
18:44:35 D shos_jstore.c:188       Got id: 'boolean:200'
18:44:35 D shos_jstore.c:229       Got data: '{"value":true,"source":1,"last_update_ts":1790268273}'
18:44:35 I ly_virtual_base.cpp:488 Persistent status save
18:44:35 D shos_rpc_inst.c:683     0x3fcbae40 SEND FRAME (82): {"id":1790268274329,"src":"apq11dev-543204516334","dst":"ShellyApp","result":null} -> 1
18:44:35 D y_notifications.cpp:103 trying dst='ShellyRPC':GATTS info='peer f4:26:79:20:c5:ff,p' ?
18:44:35 D ly_notifications.cpp:72 will NOT notify 'GATTS'
18:44:35 D y_notifications.cpp:103 trying dst='':UART info='UART0' ?
18:44:35 D ly_notifications.cpp:72 will NOT notify 'UART'
18:44:35 D y_notifications.cpp:103 trying dst='apq11dev-543204516334/events':MQTT info='' ?
18:44:35 D ly_notifications.cpp:72 will NOT notify 'MQTT'
18:44:35 D y_notifications.cpp:103 trying dst='RPC.LOCAL':loopback info='' ?
18:44:35 D ly_notifications.cpp:72 will NOT notify 'loopback'
18:44:35 D y_notifications.cpp:139 notified 1 of 6 channels
18:44:35 D helly_ejs_event.cpp:123 notifying for status: {"value":false}
18:44:35 D shos_rpc_inst.c:479     0x3fcbae40 FRAME SENT (1)
18:44:35 D shos_rpc_inst.c:487     0x3fcbae40 CHAN CLOSED, remove? 1
18:44:35 D shos_rpc_inst.c:585     0x3fcbae40 REMOVING
18:44:35 D shos_http_base.cpp:596  0x3fcaee04: Connection closed normally, 0x0 0
18:44:35 D shelly_tmcu.cpp:927     Process 1 commands
18:44:35 D shelly_tmcu.cpp:890     TX: 0x06 v=3 [1201000100] (Expecting heartbeat)
18:44:36 D hos_http_server.cpp:288 0x3fcc4aec: HTTP connection from 192.168.0.57:64462 via ws0
18:44:36 D shos_rpc_inst.c:479     0x3fcaf758 FRAME SENT (1)
18:44:36 D shos_http_base.cpp:134  0x3fcaee04: Deleted
18:44:36 D shos_rpc_inst.c:539     0x3fcaf4b4 '' HTTP_in
18:44:36 D shos_rpc_inst.c:438     0x3fcaf4b4 CHAN OPEN (HTTP_in GET from 192.168.0.57:64462 via ws0)
18:44:36 D shos_rpc_inst.c:464     0x3fcaf4b4 GOT PARSED FRAME: '' -> '' 1953581479 args '{}'
18:44:36 D shos_rpc_inst.c:683     0x3fcaf4b4 SEND FRAME (93): {"id":1953581479,"src":"apq11dev-543204516334","error":{"code":403,"message":"unauthorized"}} -> 1
18:44:36 D shos_rpc_inst.c:479     0x3fcaf4b4 FRAME SENT (1)
18:44:36 D shos_rpc_inst.c:487     0x3fcaf4b4 CHAN CLOSED, remove? 1
18:44:36 D shos_rpc_inst.c:585     0x3fcaf4b4 REMOVING
18:44:36 D shos_http_base.cpp:596  0x3fcc4aec: Connection closed normally, 0x0 0
18:44:36 D shos_http_base.cpp:134  0x3fcc4aec: Deleted
18:44:36 D shelly_tmcu.cpp:927     Process 0 commands
18:44:36 D shelly_tmcu.cpp:938     response to 07 timed out after 0.3037 s
18:44:36 D shelly_tmcu.cpp:890     TX: 0x06 v=3 [1201000100] (Expecting heartbeat)
18:44:36 W shelly_tmcu.cpp:507     Heartbeat timed out!
18:44:36 D shelly_tmcu.cpp:927     Process 1 commands
18:44:36 D shelly_tmcu.cpp:938     response to 07 timed out after 0.3037 s
18:44:36 D shelly_tmcu.cpp:890     TX: 0x06 v=3 [1201000100] (Expecting heartbeat)
18:44:36 D shelly_tmcu.cpp:927     Process 1 commands
18:44:36 D shelly_tmcu.cpp:938     response to 07 timed out after 0.3040 s
18:44:36 D shelly_tmcu.cpp:890     TX: 0x06 v=3 [1201000100] (Expecting heartbeat)
18:44:37 D shelly_tmcu.cpp:927     Process 1 commands
18:44:37 D shelly_tmcu.cpp:938     response to 07 timed out after 0.3037 s
18:44:37 D shelly_tmcu.cpp:890     TX: 0x06 v=3 [1201000100] (Expecting heartbeat)
18:44:37 W shelly_tmcu.cpp:507     Heartbeat timed out!
18:44:37 D hos_lwip_eth_if.cpp:513 wa(0x3fcaf8a8): Status: server 1 oper_up 0 link_up 0/0 hf 90752
18:44:37 D esp32xx_wifi_if.cpp:234 PK check: link 1 gw 1 UC 544 MC 259 ctr 16/105 ping 0 num_act 0
18:44:37 D hos_lwip_eth_if.cpp:513 ws(0x3fcc5afc): Status: server 0 oper_up 1 link_up 1/1 hf 90024
18:44:37 D shelly_tmcu.cpp:927     Process 2 commands
18:44:37 D shelly_tmcu.cpp:938     response to 07 timed out after 0.3043 s
18:44:37 D shelly_tmcu.cpp:890     TX: 0x06 v=3 [1201000100] (Expecting heartbeat)
18:44:37 D shos_vfs.c:295          storage.json -> /storage.json pl 1 -> 1 0x3fca5b3c (refs 2)
18:44:37 D shos_vfs.c:388          open storage.json 0x601 0x1b6 => 0x3fca5b3c storage.json 1 => 257 (refs 2)
18:44:37 D shos_vfs.c:588          fstat 257 => 0x3fca5b3c:1 => 0 (size 0)
18:44:37 D shos_vfs.c:518          write 257 128 => 0x3fca5b3c:1 => 128
18:44:37 D shos_vfs.c:518          write 257 17 => 0x3fca5b3c:1 => 17
18:44:37 D shos_vfs.c:426          close 257 => 0x3fca5b3c:1 => 0 (refs 1)
18:44:37 D shos_vfs.c:295          storage.json -> /storage.json pl 1 -> 1 0x3fca5b3c (refs 2)
18:44:37 D shos_vfs.c:388          open storage.json 0x0 0x1b6 => 0x3fca5b3c storage.json 1 => 257 (refs 2)
18:44:37 D shos_vfs.c:588          fstat 257 => 0x3fca5b3c:1 => 0 (size 145)
18:44:37 D shos_vfs.c:622          lseek 257 0 2 => 0x3fca5b3c:1 => 145
18:44:37 D shos_vfs.c:588          fstat 257 => 0x3fca5b3c:1 => 0 (size 145)
18:44:37 D shos_vfs.c:622          lseek 257 0 0 => 0x3fca5b3c:1 => 0
18:44:37 D shos_vfs.c:426          close 257 => 0x3fca5b3c:1 => 0 (refs 1)
18:44:37 D shelly_storage.cpp:171  storage.json: {"items":[
["number:200", {"value":16,"source":0,"last_update_ts":0}],
["boolean:200", {"value":false,"source":1,"last_update_ts":1790268276}]
]}
18:44:37 D shelly_tmcu.cpp:927     Process 2 commands
18:44:37 D shelly_tmcu.cpp:938     response to 07 timed out after 0.3558 s
18:44:37 E shelly_tmcu.cpp:942     Initialization failed at init_state 0 Expecting heartbeat
18:44:37 D shelly_tmcu.cpp:79      Tmcu Event 3 (0x0)
18:44:37 D shelly_tmcu.cpp:890     TX: 0x00 v=3 [] (Expecting heartbeat)
18:44:37 D shelly_tmcu.cpp:927     Process 1 commands
18:44:37 D shelly_tmcu.cpp:890     TX: 0x00 v=3 [] (Expecting heartbeat)
18:44:38 W shelly_tmcu.cpp:507     Heartbeat timed out!
18:44:38 D hos_http_server.cpp:288 0x3fcaee04: HTTP connection from 192.168.0.146:45844 via ws0
18:44:38 D ly_rate_limiter.hpp:106 used 0.000000; win 0.000000/60.000000 cnt 0 0
18:44:38 D shos_vfs.c:295          storage.json -> /storage.json pl 1 -> 1 0x3fca5b3c (refs 2)
18:44:38 D shos_vfs.c:388          open storage.json 0x0 0x1b6 => 0x3fca5b3c storage.json 1 => 257 (refs 2)
18:44:38 D shos_vfs.c:588          fstat 257 => 0x3fca5b3c:1 => 0 (size 145)
18:44:38 D shos_vfs.c:622          lseek 257 0 2 => 0x3fca5b3c:1 => 145
18:44:38 D shos_vfs.c:588          fstat 257 => 0x3fca5b3c:1 => 0 (size 145)
18:44:38 D shos_vfs.c:622          lseek 257 0 0 => 0x3fca5b3c:1 => 0
18:44:38 D shos_vfs.c:426          close 257 => 0x3fca5b3c:1 => 0 (refs 1)
18:44:38 D shos_jstore.c:188       Got id: 'number:200'
18:44:38 D shos_jstore.c:229       Got data: '{"value":16,"source":0,"last_update_ts":0}'
18:44:38 D shos_jstore.c:188       Got id: 'boolean:200'
18:44:38 D shos_jstore.c:229       Got data: '{"value":false,"source":1,"last_update_ts":1790268276}'
18:44:38 I ly_virtual_base.cpp:488 Persistent status save
18:44:38 D shos_rpc_inst.c:683     0x3fcbae40 SEND FRAME (82): {"id":1790268277232,"src":"apq11dev-543204516334","dst":"ShellyApp","result":null} -> 1
18:44:38 D shelly_tmcu.cpp:927     Process 1 commands
18:44:38 D shelly_tmcu.cpp:890     TX: 0x00 v=3 [] (Expecting heartbeat)
18:44:38 D y_notifications.cpp:135 NotifyStatus: 'shelly.cloud' (SHC) -> ok? 1
18:44:38 D y_notifications.cpp:103 trying dst='ShellyRPC':GATTS info='peer f4:26:79:20:c5:ff,p' ?
18:44:38 D ly_notifications.cpp:72 will NOT notify 'GATTS'
18:44:38 D y_notifications.cpp:103 trying dst='':UART info='UART0' ?
18:44:38 D ly_notifications.cpp:72 will NOT notify 'UART'
18:44:38 D y_notifications.cpp:103 trying dst='apq11dev-543204516334/events':MQTT info='' ?
18:44:38 D ly_notifications.cpp:72 will NOT notify 'MQTT'
18:44:38 D y_notifications.cpp:103 trying dst='RPC.LOCAL':loopback info='' ?
18:44:38 D ly_notifications.cpp:72 will NOT notify 'loopback'
18:44:38 D y_notifications.cpp:139 notified 1 of 6 channels
18:44:38 D helly_ejs_event.cpp:123 notifying for status: {"source":"rpc","value":12}
18:44:38 D shos_rpc_inst.c:479     0x3fcbae40 FRAME SENT (1)
18:44:38 D shos_rpc_inst.c:487     0x3fcbae40 CHAN CLOSED, remove? 1
18:44:38 D shos_rpc_inst.c:585     0x3fcbae40 REMOVING
18:44:38 D shelly_tmcu.cpp:927     Process 1 commands
18:44:38 D shelly_tmcu.cpp:890     TX: 0x06 v=3 [040200040000000c] (Expecting heartbeat)
18:44:38 D shos_http_base.cpp:596  0x3fcaee04: Connection closed normally, 0x0 0
18:44:38 D shos_rpc_inst.c:479     0x3fcaf758 FRAME SENT (1)
18:44:38 D shos_http_base.cpp:134  0x3fcaee04: Deleted
18:44:39 D shelly_tmcu.cpp:927     Process 0 commands
18:44:39 D shelly_tmcu.cpp:938     response to 07 timed out after 0.3036 s
18:44:39 D shelly_tmcu.cpp:890     TX: 0x06 v=3 [040200040000000c] (Expecting heartbeat)
18:44:39 W shelly_tmcu.cpp:507     Heartbeat timed out!
18:44:39 D shelly_tmcu.cpp:927     Process 1 commands
18:44:39 D shelly_tmcu.cpp:938     response to 07 timed out after 0.3046 s
18:44:39 D shelly_tmcu.cpp:890     TX: 0x06 v=3 [040200040000000c] (Expecting heartbeat)
18:44:39 D hos_lwip_eth_if.cpp:513 wa(0x3fcaf8a8): Status: server 1 oper_up 0 link_up 0/0 hf 88824
18:44:39 D esp32xx_wifi_if.cpp:234 PK check: link 1 gw 1 UC 561 MC 263 ctr 16/105 ping 0 num_act 0
18:44:39 D hos_lwip_eth_if.cpp:513 ws(0x3fcc5afc): Status: server 0 oper_up 1 link_up 1/1 hf 88092
18:44:39 D shelly_tmcu.cpp:927     Process 1 commands
18:44:39 D shelly_tmcu.cpp:938     response to 07 timed out after 0.3037 s
18:44:39 D shelly_tmcu.cpp:890     TX: 0x06 v=3 [040200040000000c] (Expecting heartbeat)
18:44:40 D shelly_tmcu.cpp:927     Process 1 commands
18:44:40 D shelly_tmcu.cpp:938     response to 07 timed out after 0.3037 s
18:44:40 D shelly_tmcu.cpp:890     TX: 0x06 v=3 [040200040000000c] (Expecting heartbeat)
18:44:40 W shelly_tmcu.cpp:507     Heartbeat timed out!
18:44:40 D shelly_tmcu.cpp:927     Process 1 commands
18:44:40 D shelly_tmcu.cpp:938     response to 07 timed out after 0.3039 s
18:44:40 D shelly_tmcu.cpp:890     TX: 0x06 v=3 [040200040000000c] (Expecting heartbeat)
18:44:40 D shos_vfs.c:295          storage.json -> /storage.json pl 1 -> 1 0x3fca5b3c (refs 2)
18:44:40 D shos_vfs.c:388          open storage.json 0x601 0x1b6 => 0x3fca5b3c storage.json 1 => 257 (refs 2)
18:44:40 D shos_vfs.c:588          fstat 257 => 0x3fca5b3c:1 => 0 (size 0)
18:44:40 D shos_vfs.c:518          write 257 128 => 0x3fca5b3c:1 => 128
18:44:40 D shos_vfs.c:518          write 257 26 => 0x3fca5b3c:1 => 26
18:44:40 D shos_vfs.c:426          close 257 => 0x3fca5b3c:1 => 0 (refs 1)
18:44:40 D shos_vfs.c:295          storage.json -> /storage.json pl 1 -> 1 0x3fca5b3c (refs 2)
18:44:40 D shos_vfs.c:388          open storage.json 0x0 0x1b6 => 0x3fca5b3c storage.json 1 => 257 (refs 2)
18:44:40 D shos_vfs.c:588          fstat 257 => 0x3fca5b3c:1 => 0 (size 154)
18:44:40 D shos_vfs.c:622          lseek 257 0 2 => 0x3fca5b3c:1 => 154
18:44:40 D shos_vfs.c:588          fstat 257 => 0x3fca5b3c:1 => 0 (size 154)
18:44:40 D shos_vfs.c:622          lseek 257 0 0 => 0x3fca5b3c:1 => 0
18:44:40 D shos_vfs.c:426          close 257 => 0x3fca5b3c:1 => 0 (refs 1)
18:44:40 D shelly_storage.cpp:171  storage.json: {"items":[
["number:200", {"value":12,"source":1,"last_update_ts":1790268279}],
["boolean:200", {"value":false,"source":1,"last_update_ts":1790268276}]
]}
18:44:40 D shelly_tmcu.cpp:927     Process 2 commands
18:44:40 D shelly_tmcu.cpp:938     response to 07 timed out after 0.3490 s
18:44:40 E shelly_tmcu.cpp:942     Initialization failed at init_state 0 Expecting heartbeat
18:44:40 D shelly_tmcu.cpp:79      Tmcu Event 3 (0x0)
18:44:40 D shelly_tmcu.cpp:890     TX: 0x00 v=3 [] (Expecting heartbeat)
18:44:40 D shelly_tmcu.cpp:927     Process 1 commands
18:44:40 D shelly_tmcu.cpp:890     TX: 0x00 v=3 [] (Expecting heartbeat)
18:44:41 W shelly_tmcu.cpp:507     Heartbeat timed out!
18:44:41 D shelly_tmcu.cpp:927     Process 1 commands
18:44:41 D shelly_tmcu.cpp:890     TX: 0x00 v=3 [] (Expecting heartbeat)
18:44:41 D hos_lwip_eth_if.cpp:513 wa(0x3fcaf8a8): Status: server 1 oper_up 0 link_up 0/0 hf 89428
18:44:41 D esp32xx_wifi_if.cpp:234 PK check: link 1 gw 1 UC 570 MC 273 ctr 16/105 ping 0 num_act 0
18:44:41 D hos_lwip_eth_if.cpp:513 ws(0x3fcc5afc): Status: server 0 oper_up 1 link_up 1/1 hf 88708
18:44:41 D hos_http_server.cpp:288 0x3fcaee04: HTTP connection from 192.168.0.146:45846 via ws0
18:44:42 I shos_rpc_inst.c:241     Number.set [1790268280791@ShellyApp] via HTTP_in POST from 192.168.0.146:45846 via ws0
18:44:42 D lly_rate_limiter.hpp:99 0, 1, at 279.907922, now 283.455397
18:44:42 D ly_rate_limiter.hpp:106 used 1.000000; win 3.547475/56.452525 cnt 0 1
18:44:42 D shos_vfs.c:295          storage.json -> /storage.json pl 1 -> 1 0x3fca5b3c (refs 2)
18:44:42 D shos_vfs.c:388          open storage.json 0x0 0x1b6 => 0x3fca5b3c storage.json 1 => 257 (refs 2)
18:44:42 D shos_vfs.c:588          fstat 257 => 0x3fca5b3c:1 => 0 (size 154)
18:44:42 D shos_vfs.c:622          lseek 257 0 2 => 0x3fca5b3c:1 => 154
18:44:42 D shos_vfs.c:588          fstat 257 => 0x3fca5b3c:1 => 0 (size 154)
18:44:42 D shos_vfs.c:622          lseek 257 0 0 => 0x3fca5b3c:1 => 0
18:44:42 D shos_vfs.c:426          close 257 => 0x3fca5b3c:1 => 0 (refs 1)
18:44:42 D shos_jstore.c:188       Got id: 'number:200'
18:44:42 D shos_jstore.c:229       Got data: '{"value":12,"source":1,"last_update_ts":1790268279}'
18:44:42 D shos_jstore.c:188       Got id: 'boolean:200'
18:44:42 D shos_jstore.c:229       Got data: '{"value":false,"source":1,"last_update_ts":1790268276}'
18:44:42 I ly_virtual_base.cpp:488 Persistent status save
18:44:42 D shos_rpc_inst.c:683     0x3fcbae40 SEND FRAME (82): {"id":1790268280791,"src":"apq11dev-543204516334","dst":"ShellyApp","result":null} -> 1
18:44:42 D y_notifications.cpp:103 trying dst='ShellyRPC':GATTS info='peer f4:26:79:20:c5:ff,p' ?
18:44:42 D ly_notifications.cpp:72 will NOT notify 'GATTS'
18:44:42 D y_notifications.cpp:103 trying dst='':UART info='UART0' ?
18:44:42 D ly_notifications.cpp:72 will NOT notify 'UART'
18:44:42 D y_notifications.cpp:103 trying dst='apq11dev-543204516334/events':MQTT info='' ?
18:44:42 D ly_notifications.cpp:72 will NOT notify 'MQTT'
18:44:42 D y_notifications.cpp:103 trying dst='RPC.LOCAL':loopback info='' ?
18:44:42 D ly_notifications.cpp:72 will NOT notify 'loopback'
18:44:42 D y_notifications.cpp:139 notified 1 of 6 channels
18:44:42 D helly_ejs_event.cpp:123 notifying for status: {"value":16}
18:44:42 D shos_rpc_inst.c:479     0x3fcbae40 FRAME SENT (1)
18:44:42 D shos_rpc_inst.c:487     0x3fcbae40 CHAN CLOSED, remove? 1
18:44:42 D shos_rpc_inst.c:585     0x3fcbae40 REMOVING
18:44:42 D shos_http_base.cpp:596  0x3fcaee04: Connection closed normally, 0x0 0
18:44:42 D shelly_tmcu.cpp:927     Process 1 commands
18:44:42 D shelly_tmcu.cpp:890     TX: 0x06 v=3 [0402000400000010] (Expecting heartbeat)
18:44:42 W shelly_tmcu.cpp:507     Heartbeat timed out!
18:44:42 D shos_rpc_inst.c:479     0x3fcaf758 FRAME SENT (1)
18:44:42 D shos_http_base.cpp:134  0x3fcaee04: Deleted
18:44:42 D shelly_tmcu.cpp:927     Process 1 commands
18:44:42 D shelly_tmcu.cpp:938     response to 07 timed out after 0.3039 s
18:44:42 D shelly_tmcu.cpp:890     TX: 0x06 v=3 [0402000400000010] (Expecting heartbeat)
18:44:42 D shos_wifi_sta.cpp:524   State 8 ev -1 timeout 1
18:44:42 D shos_wifi_sta.cpp:813   Avg RSSI -64, ok
18:44:42 D shelly_tmcu.cpp:927     Process 1 commands
18:44:42 D shelly_tmcu.cpp:938     response to 07 timed out after 0.3041 s
18:44:42 D shelly_tmcu.cpp:890     TX: 0x06 v=3 [0402000400000010] (Expecting heartbeat)
18:44:43 W shelly_tmcu.cpp:507     Heartbeat timed out!
18:44:43 D shelly_tmcu.cpp:927     Process 1 commands
18:44:43 D shelly_tmcu.cpp:938     response to 07 timed out after 0.3043 s
18:44:43 D shelly_tmcu.cpp:890     TX: 0x06 v=3 [0402000400000010] (Expecting heartbeat)
18:44:43 D hos_lwip_eth_if.cpp:513 wa(0x3fcaf8a8): Status: server 1 oper_up 0 link_up 0/0 hf 90588
18:44:43 D esp32xx_wifi_if.cpp:234 PK check: link 1 gw 1 UC 588 MC 282 ctr 16/105 ping 0 num_act 0
18:44:43 D hos_lwip_eth_if.cpp:513 ws(0x3fcc5afc): Status: server 0 oper_up 1 link_up 1/1 hf 89860
18:44:43 D shelly_tmcu.cpp:927     Process 2 commands
18:44:43 D shelly_tmcu.cpp:938     response to 07 timed out after 0.3041 s
18:44:43 D shelly_tmcu.cpp:890     TX: 0x06 v=3 [0402000400000010] (Expecting heartbeat)
18:44:43 D shelly_tmcu.cpp:927     Process 2 commands
18:44:43 D shelly_tmcu.cpp:938     response to 07 timed out after 0.3036 s
18:44:43 D shelly_tmcu.cpp:890     TX: 0x06 v=3 [0402000400000010] (Expecting heartbeat)
18:44:44 D shos_vfs.c:295          storage.json -> /storage.json pl 1 -> 1 0x3fca5b3c (refs 2)
18:44:44 D shos_vfs.c:388          open storage.json 0x601 0x1b6 => 0x3fca5b3c storage.json 1 => 257 (refs 2)
18:44:44 D shos_vfs.c:588          fstat 257 => 0x3fca5b3c:1 => 0 (size 0)
18:44:44 D shos_vfs.c:518          write 257 128 => 0x3fca5b3c:1 => 128
18:44:44 D shos_vfs.c:518          write 257 26 => 0x3fca5b3c:1 => 26
18:44:44 D shos_vfs.c:426          close 257 => 0x3fca5b3c:1 => 0 (refs 1)
18:44:44 D shos_vfs.c:295          storage.json -> /storage.json pl 1 -> 1 0x3fca5b3c (refs 2)
18:44:44 D shos_vfs.c:388          open storage.json 0x0 0x1b6 => 0x3fca5b3c storage.json 1 => 257 (refs 2)
18:44:44 D shos_vfs.c:588          fstat 257 => 0x3fca5b3c:1 => 0 (size 154)
18:44:44 D shos_vfs.c:622          lseek 257 0 2 => 0x3fca5b3c:1 => 154
18:44:44 D shos_vfs.c:588          fstat 257 => 0x3fca5b3c:1 => 0 (size 154)
18:44:44 D shos_vfs.c:622          lseek 257 0 0 => 0x3fca5b3c:1 => 0
18:44:44 D shos_vfs.c:426          close 257 => 0x3fca5b3c:1 => 0 (refs 1)
18:44:44 D shelly_storage.cpp:171  storage.json: {"items":[
["number:200", {"value":16,"source":1,"last_update_ts":1790268282}],
["boolean:200", {"value":false,"source":1,"last_update_ts":1790268276}]
]}
18:44:44 W shelly_tmcu.cpp:507     Heartbeat timed out!
18:44:44 D shelly_tmcu.cpp:927     Process 2 commands
18:44:44 D shelly_tmcu.cpp:938     response to 07 timed out after 0.3690 s
18:44:44 E shelly_tmcu.cpp:942     Initialization failed at init_state 0 Expecting heartbeat
18:44:44 D shelly_tmcu.cpp:79      Tmcu Event 3 (0x0)
18:44:44 D shelly_tmcu.cpp:890     TX: 0x00 v=3 [] (Expecting heartbeat)
18:44:44 D shelly_tmcu.cpp:927     Process 1 commands
18:44:44 D shelly_tmcu.cpp:890     TX: 0x00 v=3 [] (Expecting heartbeat)
18:44:44 D shelly_tmcu.cpp:927     Process 1 commands
18:44:44 D shelly_tmcu.cpp:890     TX: 0x00 v=3 [] (Expecting heartbeat)
18:44:44 D hos_http_server.cpp:288 0x3fcaee04: HTTP connection from 192.168.0.57:64466 via ws0
18:44:44 D shos_rpc_inst.c:539     0x3fcaf414 '' HTTP_in
18:44:44 D shos_rpc_inst.c:438     0x3fcaf414 CHAN OPEN (HTTP_in GET from 192.168.0.57:64466 via ws0)
18:44:44 D shos_rpc_inst.c:464     0x3fcaf414 GOT PARSED FRAME: '' -> '' 1209796055 args '{}'
18:44:44 D shos_rpc_inst.c:683     0x3fcaf414 SEND FRAME (93): {"id":1209796055,"src":"apq11dev-543204516334","error":{"code":403,"message":"unauthorized"}} -> 1
18:44:44 D shos_rpc_inst.c:479     0x3fcaf414 FRAME SENT (1)
18:44:44 D shos_rpc_inst.c:487     0x3fcaf414 CHAN CLOSED, remove? 1
18:44:44 D shos_rpc_inst.c:585     0x3fcaf414 REMOVING
18:44:44 D shos_http_base.cpp:596  0x3fcaee04: Connection closed normally, 0x0 0
18:44:44 D shos_http_base.cpp:134  0x3fcaee04: Deleted
18:44:45 W shelly_tmcu.cpp:507     Heartbeat timed out!
18:44:45 D shelly_tmcu.cpp:927     Process 1 commands
18:44:45 D shelly_tmcu.cpp:890     TX: 0x00 v=3 [] (Expecting heartbeat)
18:44:45 D hos_lwip_eth_if.cpp:513 wa(0x3fcaf8a8): Status: server 1 oper_up 0 link_up 0/0 hf 91064
18:44:45 D esp32xx_wifi_if.cpp:234 PK check: link 1 gw 1 UC 603 MC 286 ctr 16/105 ping 0 num_act 0
18:44:45 D hos_lwip_eth_if.cpp:513 ws(0x3fcc5afc): Status: server 0 oper_up 1 link_up 1/1 hf 90344
18:44:46 W shelly_tmcu.cpp:507     Heartbeat timed out!
18:44:46 D shelly_tmcu.cpp:927     Process 1 commands
18:44:46 D shelly_tmcu.cpp:890     TX: 0x00 v=3 [] (Expecting heartbeat)
18:44:47 W shelly_tmcu.cpp:507     Heartbeat timed out!
18:44:47 D shelly_tmcu.cpp:927     Process 1 commands
18:44:47 D shelly_tmcu.cpp:890     TX: 0x00 v=3 [] (Expecting heartbeat)
18:44:47 D hos_lwip_eth_if.cpp:513 wa(0x3fcaf8a8): Status: server 1 oper_up 0 link_up 0/0 hf 91068
18:44:47 D esp32xx_wifi_if.cpp:234 PK check: link 1 gw 1 UC 609 MC 293 ctr 16/105 ping 0 num_act 0
18:44:47 D hos_lwip_eth_if.cpp:513 ws(0x3fcc5afc): Status: server 0 oper_up 1 link_up 1/1 hf 90348
18:44:48 W shelly_tmcu.cpp:507     Heartbeat timed out!
18:44:48 D shelly_tmcu.cpp:927     Process 1 commands
18:44:48 D shelly_tmcu.cpp:890     TX: 0x00 v=3 [] (Expecting heartbeat)
18:44:48 D shos_http_base.cpp:443  0x3fcc6c5c: Send WS ping
18:44:48 D shos_http_base.cpp:555  0x3fcc6c5c: Recd WS pong
18:44:49 W shelly_tmcu.cpp:507     Heartbeat timed out!
18:44:49 D shelly_tmcu.cpp:927     Process 1 commands
18:44:49 D shelly_tmcu.cpp:890     TX: 0x00 v=3 [] (Expecting heartbeat)
18:44:49 D hos_lwip_eth_if.cpp:513 wa(0x3fcaf8a8): Status: server 1 oper_up 0 link_up 0/0 hf 91068
18:44:49 D esp32xx_wifi_if.cpp:234 PK check: link 1 gw 1 UC 617 MC 297 ctr 16/105 ping 0 num_act 0
18:44:49 D hos_lwip_eth_if.cpp:513 ws(0x3fcc5afc): Status: server 0 oper_up 1 link_up 1/1 hf 90348
18:44:50 W shelly_tmcu.cpp:507     Heartbeat timed out!
18:44:50 D shelly_tmcu.cpp:927     Process 1 commands
18:44:50 D shelly_tmcu.cpp:890     TX: 0x00 v=3 [] (Expecting heartbeat)
18:44:51 W shelly_tmcu.cpp:507     Heartbeat timed out!
18:44:51 D shelly_tmcu.cpp:927     Process 1 commands
18:44:51 D shelly_tmcu.cpp:890     TX: 0x00 v=3 [] (Expecting heartbeat)
18:44:51 D hos_lwip_eth_if.cpp:513 wa(0x3fcaf8a8): Status: server 1 oper_up 0 link_up 0/0 hf 91068
18:44:51 D esp32xx_wifi_if.cpp:234 PK check: link 1 gw 1 UC 623 MC 305 ctr 16/105 ping 0 num_act 0
18:44:51 D hos_lwip_eth_if.cpp:513 ws(0x3fcc5afc): Status: server 0 oper_up 1 link_up 1/1 hf 90348
18:44:52 W shelly_tmcu.cpp:507     Heartbeat timed out!
18:44:52 D shelly_tmcu.cpp:927     Process 1 commands
18:44:52 D shelly_tmcu.cpp:890     TX: 0x00 v=3 [] (Expecting heartbeat)
18:44:53 W shelly_tmcu.cpp:507     Heartbeat timed out!
18:44:53 D hos_http_server.cpp:288 0x3fcaee04: HTTP connection from 192.168.0.146:37708 via ws0
18:44:53 I shos_rpc_inst.c:241     Number.set [1790268292153@ShellyApp] via HTTP_in POST from 192.168.0.146:37708 via ws0
18:44:53 D lly_rate_limiter.hpp:99 0, 2, at 279.907922, now 294.826128
18:44:53 D ly_rate_limiter.hpp:106 used 2.000000; win 14.918206/45.081794 cnt 0 2
18:44:53 D shos_vfs.c:295          storage.json -> /storage.json pl 1 -> 1 0x3fca5b3c (refs 2)
18:44:53 D shos_vfs.c:388          open storage.json 0x0 0x1b6 => 0x3fca5b3c storage.json 1 => 257 (refs 2)
18:44:53 D shos_vfs.c:588          fstat 257 => 0x3fca5b3c:1 => 0 (size 154)
18:44:53 D shos_vfs.c:622          lseek 257 0 2 => 0x3fca5b3c:1 => 154
18:44:53 D shos_vfs.c:588          fstat 257 => 0x3fca5b3c:1 => 0 (size 154)
18:44:53 D shos_vfs.c:622          lseek 257 0 0 => 0x3fca5b3c:1 => 0
18:44:53 D shos_vfs.c:426          close 257 => 0x3fca5b3c:1 => 0 (refs 1)
18:44:53 D shos_jstore.c:188       Got id: 'number:200'
18:44:53 D shos_jstore.c:229       Got data: '{"value":16,"source":1,"last_update_ts":1790268282}'
18:44:53 D shos_jstore.c:188       Got id: 'boolean:200'
18:44:53 D shos_jstore.c:229       Got data: '{"value":false,"source":1,"last_update_ts":1790268276}'
18:44:53 I ly_virtual_base.cpp:488 Persistent status save
18:44:53 D shos_rpc_inst.c:683     0x3fcbae40 SEND FRAME (82): {"id":1790268292153,"src":"apq11dev-543204516334","dst":"ShellyApp","result":null} -> 1
18:44:53 D shelly_tmcu.cpp:927     Process 1 commands
18:44:53 D shelly_tmcu.cpp:890     TX: 0x00 v=3 [] (Expecting heartbeat)
18:44:53 D ly_notifications.cpp:72 will NOT notify 'UART'
18:44:53 D y_notifications.cpp:103 trying dst='apq11dev-543204516334/events':MQTT info='' ?
18:44:53 D ly_notifications.cpp:72 will NOT notify 'MQTT'
18:44:53 D y_notifications.cpp:103 trying dst='RPC.LOCAL':loopback info='' ?
18:44:53 D ly_notifications.cpp:72 will NOT notify 'loopback'
18:44:53 D y_notifications.cpp:139 notified 1 of 6 channels
18:44:53 D helly_ejs_event.cpp:123 notifying for status: {"value":13}
18:44:53 D shos_rpc_inst.c:479     0x3fcbae40 FRAME SENT (1)
18:44:53 D shos_rpc_inst.c:487     0x3fcbae40 CHAN CLOSED, remove? 1
18:44:53 D shos_rpc_inst.c:585     0x3fcbae40 REMOVING
18:44:53 D hos_lwip_eth_if.cpp:513 wa(0x3fcaf8a8): Status: server 1 oper_up 0 link_up 0/0 hf 77268
18:44:53 D esp32xx_wifi_if.cpp:234 PK check: link 1 gw 1 UC 634 MC 311 ctr 16/105 ping 0 num_act 0
18:44:53 D hos_lwip_eth_if.cpp:513 ws(0x3fcc5afc): Status: server 0 oper_up 1 link_up 1/1 hf 77192
18:44:53 D shos_http_base.cpp:596  0x3fcaee04: Connection closed normally, 0x0 0
18:44:53 D shelly_tmcu.cpp:927     Process 1 commands
18:44:53 D shelly_tmcu.cpp:890     TX: 0x06 v=3 [040200040000000d] (Expecting heartbeat)
18:44:53 D shos_rpc_inst.c:479     0x3fcaf758 FRAME SENT (1)
18:44:53 D shos_http_base.cpp:134  0x3fcaee04: Deleted
18:44:54 D shelly_tmcu.cpp:927     Process 0 commands
18:44:54 D shelly_tmcu.cpp:938     response to 07 timed out after 0.3036 s
18:44:54 D shelly_tmcu.cpp:890     TX: 0x06 v=3 [040200040000000d] (Expecting heartbeat)
18:44:54 W shelly_tmcu.cpp:507     Heartbeat timed out!
18:44:54 D shelly_tmcu.cpp:927     Process 0 commands
18:44:54 D shelly_tmcu.cpp:938     response to 07 timed out after 0.3038 s
18:44:54 D shelly_tmcu.cpp:890     TX: 0x06 v=3 [040200040000000d] (Expecting heartbeat)
18:44:54 D shelly_tmcu.cpp:927     Process 1 commands
18:44:54 D shelly_tmcu.cpp:938     response to 07 timed out after 0.3041 s
18:44:54 D shelly_tmcu.cpp:890     TX: 0x06 v=3 [040200040000000d] (Expecting heartbeat)
18:44:55 D shelly_tmcu.cpp:927     Process 1 commands
18:44:55 D shelly_tmcu.cpp:938     response to 07 timed out after 0.3036 s
18:44:55 D shelly_tmcu.cpp:890     TX: 0x06 v=3 [040200040000000d] (Expecting heartbeat)
18:44:55 W shelly_tmcu.cpp:507     Heartbeat timed out!
18:44:55 D shelly_tmcu.cpp:927     Process 1 commands
18:44:55 D shelly_tmcu.cpp:938     response to 07 timed out after 0.3040 s
18:44:55 D shelly_tmcu.cpp:890     TX: 0x06 v=3 [040200040000000d] (Expecting heartbeat)
18:44:55 D shos_vfs.c:295          storage.json -> /storage.json pl 1 -> 1 0x3fca5b3c (refs 2)
18:44:55 D shos_vfs.c:388          open storage.json 0x601 0x1b6 => 0x3fca5b3c storage.json 1 => 257 (refs 2)
18:44:55 D shos_vfs.c:588          fstat 257 => 0x3fca5b3c:1 => 0 (size 0)
18:44:55 D shos_vfs.c:518          write 257 128 => 0x3fca5b3c:1 => 128
18:44:55 D shos_vfs.c:518          write 257 26 => 0x3fca5b3c:1 => 26
18:44:55 D shos_vfs.c:426          close 257 => 0x3fca5b3c:1 => 0 (refs 1)
18:44:55 D shos_vfs.c:295          storage.json -> /storage.json pl 1 -> 1 0x3fca5b3c (refs 2)
18:44:55 D shos_vfs.c:388          open storage.json 0x0 0x1b6 => 0x3fca5b3c storage.json 1 => 257 (refs 2)
18:44:55 D shos_vfs.c:588          fstat 257 => 0x3fca5b3c:1 => 0 (size 154)
18:44:55 D shos_vfs.c:622          lseek 257 0 2 => 0x3fca5b3c:1 => 154
18:44:55 D shos_vfs.c:588          fstat 257 => 0x3fca5b3c:1 => 0 (size 154)
18:44:55 D shos_vfs.c:622          lseek 257 0 0 => 0x3fca5b3c:1 => 0
18:44:55 D shos_vfs.c:426          close 257 => 0x3fca5b3c:1 => 0 (refs 1)
18:44:55 D shelly_storage.cpp:171  storage.json: {"items":[
["number:200", {"value":13,"source":1,"last_update_ts":1790268293}],
["boolean:200", {"value":false,"source":1,"last_update_ts":1790268276}]
]}
18:44:55 D shelly_tmcu.cpp:927     Process 2 commands
18:44:55 D shelly_tmcu.cpp:938     response to 07 timed out after 0.3150 s
18:44:55 E shelly_tmcu.cpp:942     Initialization failed at init_state 0 Expecting heartbeat
18:44:55 D shelly_tmcu.cpp:79      Tmcu Event 3 (0x0)
18:44:55 D shelly_tmcu.cpp:890     TX: 0x00 v=3 [] (Expecting heartbeat)
18:44:55 D shelly_tmcu.cpp:927     Process 1 commands
18:44:55 D shelly_tmcu.cpp:890     TX: 0x00 v=3 [] (Expecting heartbeat)
18:44:55 D hos_lwip_eth_if.cpp:513 wa(0x3fcaf8a8): Status: server 1 oper_up 0 link_up 0/0 hf 86328
18:44:55 D esp32xx_wifi_if.cpp:234 PK check: link 1 gw 1 UC 648 MC 316 ctr 16/105 ping 0 num_act 0
18:44:55 D hos_lwip_eth_if.cpp:513 ws(0x3fcc5afc): Status: server 0 oper_up 1 link_up 1/1 hf 83848
18:44:56 W shelly_tmcu.cpp:507     Heartbeat timed out!
18:44:56 D shelly_tmcu.cpp:927     Process 1 commands
18:44:56 D shelly_tmcu.cpp:890     TX: 0x00 v=3 [] (Expecting heartbeat)
18:44:57 W shelly_tmcu.cpp:507     Heartbeat timed out!
18:44:57 D shelly_tmcu.cpp:927     Process 1 commands
18:44:57 D shelly_tmcu.cpp:890     TX: 0x00 v=3 [] (Expecting heartbeat)
18:44:57 D hos_lwip_eth_if.cpp:513 wa(0x3fcaf8a8): Status: server 1 oper_up 0 link_up 0/0 hf 91072
18:44:57 D esp32xx_wifi_if.cpp:234 PK check: link 1 gw 1 UC 654 MC 321 ctr 16/105 ping 0 num_act 0
18:44:57 D hos_lwip_eth_if.cpp:513 ws(0x3fcc5afc): Status: server 0 oper_up 1 link_up 1/1 hf 90352
18:44:57 D shos_wifi_sta.cpp:524   State 8 ev -1 timeout 1
18:44:57 D shos_wifi_sta.cpp:813   Avg RSSI -64, ok
18:44:58 W shelly_tmcu.cpp:507     Heartbeat timed out!
18:44:58 D shelly_tmcu.cpp:927     Process 1 commands
18:44:58 D shelly_tmcu.cpp:890     TX: 0x00 v=3 [] (Expecting heartbeat)
18:44:59 W shelly_tmcu.cpp:507     Heartbeat timed out!
18:44:59 D shelly_tmcu.cpp:927     Process 1 commands
18:44:59 D shelly_tmcu.cpp:890     TX: 0x00 v=3 [] (Expecting heartbeat)
18:44:59 D hos_lwip_eth_if.cpp:513 wa(0x3fcaf8a8): Status: server 1 oper_up 0 link_up 0/0 hf 91072
18:44:59 D esp32xx_wifi_if.cpp:234 PK check: link 1 gw 1 UC 661 MC 326 ctr 16/105 ping 0 num_act 0
18:44:59 D hos_lwip_eth_if.cpp:513 ws(0x3fcc5afc): Status: server 0 oper_up 1 link_up 1/1 hf 90352
18:45:00 W shelly_tmcu.cpp:507     Heartbeat timed out!
18:45:00 D shelly_tmcu.cpp:927     Process 1 commands
18:45:00 D shelly_tmcu.cpp:890     TX: 0x00 v=3 [] (Expecting heartbeat)
18:45:00 D shos_vfs.c:622          lseek 256 0 0 => 0x3fca5b3c:0 => 0
18:45:00 D shos_vfs.c:622          lseek 256 0 0 => 0x3fca5b3c:0 => 0
18:45:00 D shos_vfs.c:622          lseek 256 3027 0 => 0x3fca5b3c:0 => 3027
18:45:00 D shos_vfs.c:622          lseek 256 0 0 => 0x3fca5b3c:0 => 0
18:45:00 D shos_vfs.c:622          lseek 256 0 0 => 0x3fca5b3c:0 => 0
18:45:00 D shos_vfs.c:622          lseek 256 803 0 => 0x3fca5b3c:0 => 803
18:45:01 W shelly_tmcu.cpp:507     Heartbeat timed out!
18:45:01 D shelly_tmcu.cpp:927     Process 1 commands
18:45:01 D shelly_tmcu.cpp:890     TX: 0x00 v=3 [] (Expecting heartbeat)
18:45:01 D hos_lwip_eth_if.cpp:513 wa(0x3fcaf8a8): Status: server 1 oper_up 0 link_up 0/0 hf 91072
18:45:01 D esp32xx_wifi_if.cpp:234 PK check: link 1 gw 1 UC 668 MC 337 ctr 16/105 ping 0 num_act 0
18:45:01 D hos_lwip_eth_if.cpp:513 ws(0x3fcc5afc): Status: server 0 oper_up 1 link_up 1/1 hf 90352
18:45:02 W shelly_tmcu.cpp:507     Heartbeat timed out!
18:45:02 D shelly_tmcu.cpp:927     Process 1 commands
18:45:02 D shelly_tmcu.cpp:890     TX: 0x00 v=3 [] (Expecting heartbeat)
18:45:03 W shelly_tmcu.cpp:507     Heartbeat timed out!
18:45:03 D shelly_tmcu.cpp:927     Process 1 commands
18:45:03 D shelly_tmcu.cpp:890     TX: 0x00 v=3 [] (Expecting heartbeat)
18:45:03 D hos_lwip_eth_if.cpp:513 wa(0x3fcaf8a8): Status: server 1 oper_up 0 link_up 0/0 hf 91072
18:45:03 D esp32xx_wifi_if.cpp:234 PK check: link 1 gw 1 UC 674 MC 346 ctr 16/105 ping 0 num_act 0
18:45:03 D hos_lwip_eth_if.cpp:513 ws(0x3fcc5afc): Status: server 0 oper_up 1 link_up 1/1 hf 90352
18:45:04 W shelly_tmcu.cpp:507     Heartbeat timed out!
18:45:04 D shelly_tmcu.cpp:927     Process 1 commands
18:45:04 D shelly_tmcu.cpp:890     TX: 0x00 v=3 [] (Expecting heartbeat)
18:45:05 W shelly_tmcu.cpp:507     Heartbeat timed out!
18:45:05 D shelly_tmcu.cpp:927     Process 1 commands
18:45:05 D shelly_tmcu.cpp:890     TX: 0x00 v=3 [] (Expecting heartbeat)
18:45:05 D hos_lwip_eth_if.cpp:513 wa(0x3fcaf8a8): Status: server 1 oper_up 0 link_up 0/0 hf 91072
18:45:05 D esp32xx_wifi_if.cpp:234 PK check: link 1 gw 1 UC 680 MC 350 ctr 16/105 ping 0 num_act 0
18:45:05 D hos_lwip_eth_if.cpp:513 ws(0x3fcc5afc): Status: server 0 oper_up 1 link_up 1/1 hf 90352
18:45:06 W shelly_tmcu.cpp:507     Heartbeat timed out!
18:45:06 D shelly_tmcu.cpp:927     Process 1 commands
18:45:06 D shelly_tmcu.cpp:890     TX: 0x00 v=3 [] (Expecting heartbeat)
18:45:07 W shelly_tmcu.cpp:507     Heartbeat timed out!
18:45:07 D shelly_tmcu.cpp:927     Process 1 commands
18:45:07 D shelly_tmcu.cpp:890     TX: 0x00 v=3 [] (Expecting heartbeat)
18:45:07 D hos_lwip_eth_if.cpp:513 wa(0x3fcaf8a8): Status: server 1 oper_up 0 link_up 0/0 hf 91072
18:45:07 D esp32xx_wifi_if.cpp:234 PK check: link 1 gw 1 UC 688 MC 355 ctr 16/105 ping 0 num_act 0
18:45:07 D hos_lwip_eth_if.cpp:513 ws(0x3fcc5afc): Status: server 0 oper_up 1 link_up 1/1 hf 88600
18:45:08 W shelly_tmcu.cpp:507     Heartbeat timed out!
18:45:08 D shelly_tmcu.cpp:927     Process 1 commands
18:45:08 D shelly_tmcu.cpp:890     TX: 0x00 v=3 [] (Expecting heartbeat)
18:45:09 W shelly_tmcu.cpp:507     Heartbeat timed out!
18:45:09 D shelly_tmcu.cpp:927     Process 1 commands
18:45:09 D shelly_tmcu.cpp:890     TX: 0x00 v=3 [] (Expecting heartbeat)
18:45:09 D hos_lwip_eth_if.cpp:513 wa(0x3fcaf8a8): Status: server 1 oper_up 0 link_up 0/0 hf 91072
18:45:09 D esp32xx_wifi_if.cpp:234 PK check: link 1 gw 1 UC 694 MC 361 ctr 16/105 ping 0 num_act 0
18:45:09 D hos_lwip_eth_if.cpp:513 ws(0x3fcc5afc): Status: server 0 oper_up 1 link_up 1/1 hf 90352
18:45:10 W shelly_tmcu.cpp:507     Heartbeat timed out!
18:45:10 D shelly_tmcu.cpp:927     Process 1 commands
18:45:10 D shelly_tmcu.cpp:890     TX: 0x00 v=3 [] (Expecting heartbeat)
18:45:11 W shelly_tmcu.cpp:507     Heartbeat timed out!
18:45:11 D shelly_tmcu.cpp:927     Process 1 commands
18:45:11 D shelly_tmcu.cpp:890     TX: 0x00 v=3 [] (Expecting heartbeat)
18:45:11 D hos_lwip_eth_if.cpp:513 wa(0x3fcaf8a8): Status: server 1 oper_up 0 link_up 0/0 hf 91072
18:45:12 D esp32xx_wifi_if.cpp:234 PK check: link 1 gw 1 UC 700 MC 366 ctr 16/105 ping 0 num_act 0
18:45:12 D hos_lwip_eth_if.cpp:513 ws(0x3fcc5afc): Status: server 0 oper_up 1 link_up 1/1 hf 90352
18:45:12 W shelly_tmcu.cpp:507     Heartbeat timed out!
18:45:12 D shelly_tmcu.cpp:927     Process 1 commands
18:45:12 D shelly_tmcu.cpp:890     TX: 0x00 v=3 [] (Expecting heartbeat)
18:45:12 D shos_wifi_sta.cpp:524   State 8 ev -1 timeout 1
18:45:12 D shos_wifi_sta.cpp:813   Avg RSSI -64, ok
18:45:13 W shelly_tmcu.cpp:507     Heartbeat timed out!
18:45:13 D shelly_tmcu.cpp:927     Process 1 commands
18:45:13 D shelly_tmcu.cpp:890     TX: 0x00 v=3 [] (Expecting heartbeat)
18:45:13 D hos_lwip_eth_if.cpp:513 wa(0x3fcaf8a8): Status: server 1 oper_up 0 link_up 0/0 hf 91072
18:45:14 D esp32xx_wifi_if.cpp:234 PK check: link 1 gw 1 UC 707 MC 373 ctr 16/105 ping 0 num_act 0
18:45:14 D hos_lwip_eth_if.cpp:513 ws(0x3fcc5afc): Status: server 0 oper_up 1 link_up 1/1 hf 90352
18:45:14 W shelly_tmcu.cpp:507     Heartbeat timed out!
18:45:14 D shelly_tmcu.cpp:927     Process 1 commands
18:45:14 D shelly_tmcu.cpp:890     TX: 0x00 v=3 [] (Expecting heartbeat)
18:45:14 D hos_http_server.cpp:288 0x3fcaee04: HTTP connection from 192.168.0.146:37814 via ws0
18:45:15 I shos_rpc_inst.c:241     boolean.set [1790268313572@ShellyApp] via HTTP_in POST from 192.168.0.146:37814 via ws0
18:45:15 D lly_rate_limiter.hpp:99 0, 4, at 266.245397, now 316.246530
18:45:15 D ly_rate_limiter.hpp:106 used 4.000000; win 50.001133/9.998867 cnt 0 4
18:45:15 D shos_vfs.c:295          storage.json -> /storage.json pl 1 -> 1 0x3fca5b3c (refs 2)
18:45:15 D shos_vfs.c:388          open storage.json 0x0 0x1b6 => 0x3fca5b3c storage.json 1 => 257 (refs 2)
18:45:15 D shos_vfs.c:588          fstat 257 => 0x3fca5b3c:1 => 0 (size 154)
18:45:15 D shos_vfs.c:622          lseek 257 0 2 => 0x3fca5b3c:1 => 154
18:45:15 D shos_vfs.c:588          fstat 257 => 0x3fca5b3c:1 => 0 (size 154)
18:45:15 D shos_vfs.c:622          lseek 257 0 0 => 0x3fca5b3c:1 => 0
18:45:15 D shos_vfs.c:426          close 257 => 0x3fca5b3c:1 => 0 (refs 1)
18:45:15 D shos_jstore.c:188       Got id: 'number:200'
18:45:15 D shos_jstore.c:229       Got data: '{"value":13,"source":1,"last_update_ts":1790268293}'
18:45:15 D shos_jstore.c:188       Got id: 'boolean:200'
18:45:15 D shos_jstore.c:229       Got data: '{"value":false,"source":1,"last_update_ts":1790268276}'
18:45:15 I ly_virtual_base.cpp:488 Persistent status save
18:45:15 D shos_rpc_inst.c:683     0x3fcbae40 SEND FRAME (82): {"id":1790268313572,"src":"apq11dev-543204516334","dst":"ShellyApp","result":null} -> 1
18:45:15 D y_notifications.cpp:103 trying dst='ShellyRPC':GATTS info='peer f4:26:79:20:c5:ff,p' ?
18:45:15 D ly_notifications.cpp:72 will NOT notify 'GATTS'
18:45:15 D y_notifications.cpp:103 trying dst='':UART info='UART0' ?
18:45:15 D ly_notifications.cpp:72 will NOT notify 'UART'
18:45:15 D y_notifications.cpp:103 trying dst='apq11dev-543204516334/events':MQTT info='' ?
18:45:15 D ly_notifications.cpp:72 will NOT notify 'MQTT'
18:45:15 D y_notifications.cpp:103 trying dst='RPC.LOCAL':loopback info='' ?
18:45:15 D ly_notifications.cpp:72 will NOT notify 'loopback'
18:45:15 D y_notifications.cpp:139 notified 1 of 6 channels
18:45:15 D helly_ejs_event.cpp:123 notifying for status: {"value":true}
18:45:15 D shos_rpc_inst.c:479     0x3fcbae40 FRAME SENT (1)
18:45:15 D shos_rpc_inst.c:487     0x3fcbae40 CHAN CLOSED, remove? 1
18:45:15 D shos_rpc_inst.c:585     0x3fcbae40 REMOVING
18:45:15 D shos_http_base.cpp:596  0x3fcaee04: Connection closed normally, 0x0 0
18:45:15 D shelly_tmcu.cpp:927     Process 1 commands
18:45:15 D shelly_tmcu.cpp:890     TX: 0x06 v=3 [1201000101] (Expecting heartbeat)
18:45:15 W shelly_tmcu.cpp:507     Heartbeat timed out!
18:45:15 D shos_rpc_inst.c:479     0x3fcaf758 FRAME SENT (1)
18:45:15 D shos_http_base.cpp:134  0x3fcaee04: Deleted
18:45:15 D shelly_tmcu.cpp:927     Process 1 commands
18:45:15 D shelly_tmcu.cpp:938     response to 07 timed out after 0.3044 s
18:45:15 D shelly_tmcu.cpp:890     TX: 0x06 v=3 [1201000101] (Expecting heartbeat)
18:45:15 D shelly_tmcu.cpp:927     Process 1 commands
18:45:15 D shelly_tmcu.cpp:938     response to 07 timed out after 0.3037 s
18:45:15 D shelly_tmcu.cpp:890     TX: 0x06 v=3 [1201000101] (Expecting heartbeat)
18:45:16 D hos_lwip_eth_if.cpp:513 wa(0x3fcaf8a8): Status: server 1 oper_up 0 link_up 0/0 hf 90580
18:45:16 D esp32xx_wifi_if.cpp:234 PK check: link 1 gw 1 UC 724 MC 380 ctr 16/105 ping 0 num_act 0
18:45:16 D hos_lwip_eth_if.cpp:513 ws(0x3fcc5afc): Status: server 0 oper_up 1 link_up 1/1 hf 89856
18:45:16 D shelly_tmcu.cpp:927     Process 1 commands
18:45:16 D shelly_tmcu.cpp:938     response to 07 timed out after 0.3037 s
18:45:16 D shelly_tmcu.cpp:890     TX: 0x06 v=3 [1201000101] (Expecting heartbeat)
18:45:16 W shelly_tmcu.cpp:507     Heartbeat timed out!
18:45:16 D shelly_tmcu.cpp:927     Process 2 commands
18:45:16 D shelly_tmcu.cpp:938     response to 07 timed out after 0.3039 s
18:45:16 D shelly_tmcu.cpp:890     TX: 0x06 v=3 [1201000101] (Expecting heartbeat)
18:45:16 D shelly_tmcu.cpp:927     Process 2 commands
18:45:16 D shelly_tmcu.cpp:938     response to 07 timed out after 0.3037 s
18:45:16 D shelly_tmcu.cpp:890     TX: 0x06 v=3 [1201000101] (Expecting heartbeat)
18:45:17 D shos_vfs.c:295          storage.json -> /storage.json pl 1 -> 1 0x3fca5b3c (refs 2)
18:45:17 D shos_vfs.c:388          open storage.json 0x601 0x1b6 => 0x3fca5b3c storage.json 1 => 257 (refs 2)
18:45:17 D shos_vfs.c:588          fstat 257 => 0x3fca5b3c:1 => 0 (size 0)
18:45:17 D shos_vfs.c:518          write 257 128 => 0x3fca5b3c:1 => 128
18:45:17 D shos_vfs.c:518          write 257 25 => 0x3fca5b3c:1 => 25
18:45:17 D shos_vfs.c:426          close 257 => 0x3fca5b3c:1 => 0 (refs 1)
18:45:17 D shos_vfs.c:295          storage.json -> /storage.json pl 1 -> 1 0x3fca5b3c (refs 2)
18:45:17 D shos_vfs.c:388          open storage.json 0x0 0x1b6 => 0x3fca5b3c storage.json 1 => 257 (refs 2)
18:45:17 D shos_vfs.c:588          fstat 257 => 0x3fca5b3c:1 => 0 (size 153)
18:45:17 D shos_vfs.c:622          lseek 257 0 2 => 0x3fca5b3c:1 => 153
18:45:17 D shos_vfs.c:588          fstat 257 => 0x3fca5b3c:1 => 0 (size 153)
18:45:17 D shos_vfs.c:622          lseek 257 0 0 => 0x3fca5b3c:1 => 0
18:45:17 D shos_vfs.c:426          close 257 => 0x3fca5b3c:1 => 0 (refs 1)
18:45:17 D shelly_storage.cpp:171  storage.json: {"items":[
["number:200", {"value":13,"source":1,"last_update_ts":1790268293}],
["boolean:200", {"value":true,"source":1,"last_update_ts":1790268315}]
]}
18:45:17 D shelly_tmcu.cpp:927     Process 2 commands
18:45:17 D shelly_tmcu.cpp:938     response to 07 timed out after 0.3365 s
18:45:17 E shelly_tmcu.cpp:942     Initialization failed at init_state 0 Expecting heartbeat
18:45:17 D shelly_tmcu.cpp:79      Tmcu Event 3 (0x0)
18:45:17 D shelly_tmcu.cpp:890     TX: 0x00 v=3 [] (Expecting heartbeat)
18:45:17 D shelly_tmcu.cpp:927     Process 1 commands
18:45:17 D shelly_tmcu.cpp:890     TX: 0x00 v=3 [] (Expecting heartbeat)
18:45:17 W shelly_tmcu.cpp:507     Heartbeat timed out!
18:45:17 D shelly_tmcu.cpp:927     Process 1 commands
18:45:17 D shelly_tmcu.cpp:890     TX: 0x00 v=3 [] (Expecting heartbeat)
18:45:18 D hos_lwip_eth_if.cpp:513 wa(0x3fcaf8a8): Status: server 1 oper_up 0 link_up 0/0 hf 91064
18:45:18 D esp32xx_wifi_if.cpp:234 PK check: link 1 gw 1 UC 733 MC 385 ctr 16/105 ping 0 num_act 0
18:45:18 D hos_lwip_eth_if.cpp:513 ws(0x3fcc5afc): Status: server 0 oper_up 1 link_up 1/1 hf 90340
18:45:18 W shelly_tmcu.cpp:507     Heartbeat timed out!
18:45:18 D shelly_tmcu.cpp:927     Process 1 commands
18:45:18 D shelly_tmcu.cpp:890     TX: 0x00 v=3 [] (Expecting heartbeat)
18:45:19 W shelly_tmcu.cpp:507     Heartbeat timed out!
18:45:19 D shelly_tmcu.cpp:927     Process 1 commands
18:45:19 D shelly_tmcu.cpp:890     TX: 0x00 v=3 [] (Expecting heartbeat)
18:45:19 D shos_http_base.cpp:443  0x3fcc6c5c: Send WS ping
18:45:19 D shos_http_base.cpp:555  0x3fcc6c5c: Recd WS pong
18:45:20 D hos_lwip_eth_if.cpp:513 wa(0x3fcaf8a8): Status: server 1 oper_up 0 link_up 0/0 hf 91064
18:45:20 D esp32xx_wifi_if.cpp:234 PK check: link 1 gw 1 UC 740 MC 388 ctr 16/105 ping 0 num_act 0
18:45:20 D hos_lwip_eth_if.cpp:513 ws(0x3fcc5afc): Status: server 0 oper_up 1 link_up 1/1 hf 90340
18:45:20 W shelly_tmcu.cpp:507     Heartbeat timed out!
18:45:20 D shelly_tmcu.cpp:927     Process 1 commands
18:45:20 D shelly_tmcu.cpp:890     TX: 0x00 v=3 [] (Expecting heartbeat)
18:45:21 W shelly_tmcu.cpp:507     Heartbeat timed out!
18:45:21 D shelly_tmcu.cpp:927     Process 1 commands
18:45:21 D shelly_tmcu.cpp:890     TX: 0x00 v=3 [] (Expecting heartbeat)
18:45:21 D hos_http_server.cpp:288 0x3fcaee04: HTTP connection from 192.168.0.146:37818 via ws0
18:45:22 I shos_rpc_inst.c:241     boolean.set [1790268320621@ShellyApp] via HTTP_in POST from 192.168.0.146:37818 via ws0
18:45:22 D lly_rate_limiter.hpp:99 0, 5, at 266.245397, now 323.284026
18:45:22 D ly_rate_limiter.hpp:106 used 5.000000; win 57.038629/2.961371 cnt 0 5
18:45:22 D shos_vfs.c:295          storage.json -> /storage.json pl 1 -> 1 0x3fca5b3c (refs 2)
18:45:22 D shos_vfs.c:388          open storage.json 0x0 0x1b6 => 0x3fca5b3c storage.json 1 => 257 (refs 2)
18:45:22 D shos_vfs.c:588          fstat 257 => 0x3fca5b3c:1 => 0 (size 153)
18:45:22 D shos_vfs.c:622          lseek 257 0 2 => 0x3fca5b3c:1 => 153
18:45:22 D shos_vfs.c:588          fstat 257 => 0x3fca5b3c:1 => 0 (size 153)
18:45:22 D shos_vfs.c:622          lseek 257 0 0 => 0x3fca5b3c:1 => 0
18:45:22 D shos_vfs.c:426          close 257 => 0x3fca5b3c:1 => 0 (refs 1)
18:45:22 D shos_jstore.c:188       Got id: 'number:200'
18:45:22 D shos_jstore.c:229       Got data: '{"value":13,"source":1,"last_update_ts":1790268293}'
18:45:22 D shos_jstore.c:188       Got id: 'boolean:200'
18:45:22 D shos_jstore.c:229       Got data: '{"value":true,"source":1,"last_update_ts":1790268315}'
18:45:22 I ly_virtual_base.cpp:488 Persistent status save
18:45:22 D shos_rpc_inst.c:683     0x3fcbae40 SEND FRAME (82): {"id":1790268320621,"src":"apq11dev-543204516334","dst":"ShellyApp","result":null} -> 1
18:45:22 D ly_notifications.cpp:72 will NOT notify 'UART'
18:45:22 D y_notifications.cpp:103 trying dst='apq11dev-543204516334/events':MQTT info='' ?
18:45:22 D ly_notifications.cpp:72 will NOT notify 'MQTT'
18:45:22 D y_notifications.cpp:103 trying dst='RPC.LOCAL':loopback info='' ?
18:45:22 D ly_notifications.cpp:72 will NOT notify 'loopback'
18:45:22 D y_notifications.cpp:139 notified 1 of 6 channels
18:45:22 D helly_ejs_event.cpp:123 notifying for status: {"value":false}
18:45:22 D shos_rpc_inst.c:479     0x3fcbae40 FRAME SENT (1)
18:45:22 D shos_rpc_inst.c:487     0x3fcbae40 CHAN CLOSED, remove? 1
18:45:22 D shos_rpc_inst.c:585     0x3fcbae40 REMOVING
18:45:22 D hos_lwip_eth_if.cpp:513 wa(0x3fcaf8a8): Status: server 1 oper_up 0 link_up 0/0 hf 75584
18:45:22 D esp32xx_wifi_if.cpp:234 PK check: link 1 gw 1 UC 752 MC 401 ctr 16/105 ping 0 num_act 0
18:45:22 D hos_lwip_eth_if.cpp:513 ws(0x3fcc5afc): Status: server 0 oper_up 1 link_up 1/1 hf 75508
18:45:22 D shos_http_base.cpp:596  0x3fcaee04: Connection closed normally, 0x0 0
18:45:22 D shelly_tmcu.cpp:927     Process 1 commands
18:45:22 D shelly_tmcu.cpp:890     TX: 0x06 v=3 [1201000100] (Expecting heartbeat)
18:45:22 W shelly_tmcu.cpp:507     Heartbeat timed out!
18:45:22 D shos_rpc_inst.c:479     0x3fcaf758 FRAME SENT (1)
18:45:22 D shos_http_base.cpp:134  0x3fcaee04: Deleted
18:45:22 D shelly_tmcu.cpp:927     Process 1 commands
18:45:22 D shelly_tmcu.cpp:938     response to 07 timed out after 0.3042 s
18:45:22 D shelly_tmcu.cpp:890     TX: 0x06 v=3 [1201000100] (Expecting heartbeat)
18:45:22 D shelly_tmcu.cpp:927     Process 1 commands
18:45:22 D shelly_tmcu.cpp:938     response to 07 timed out after 0.3037 s
18:45:22 D shelly_tmcu.cpp:890     TX: 0x06 v=3 [1201000100] (Expecting heartbeat)
18:45:23 D shelly_tmcu.cpp:927     Process 1 commands
18:45:23 D shelly_tmcu.cpp:938     response to 07 timed out after 0.3037 s
18:45:23 D shelly_tmcu.cpp:890     TX: 0x06 v=3 [1201000100] (Expecting heartbeat)
18:45:23 W shelly_tmcu.cpp:507     Heartbeat timed out!
18:45:23 D shelly_tmcu.cpp:927     Process 2 commands
18:45:23 D shelly_tmcu.cpp:938     response to 07 timed out after 0.3042 s
18:45:23 D shelly_tmcu.cpp:890     TX: 0x06 v=3 [1201000100] (Expecting heartbeat)
18:45:23 D shelly_tmcu.cpp:927     Process 2 commands
18:45:23 D shelly_tmcu.cpp:938     response to 07 timed out after 0.3037 s
18:45:23 D shelly_tmcu.cpp:890     TX: 0x06 v=3 [1201000100] (Expecting heartbeat)
18:45:24 D shos_vfs.c:295          storage.json -> /storage.json pl 1 -> 1 0x3fca5b3c (refs 2)
18:45:24 D shos_vfs.c:388          open storage.json 0x601 0x1b6 => 0x3fca5b3c storage.json 1 => 257 (refs 2)
18:45:24 D shos_vfs.c:588          fstat 257 => 0x3fca5b3c:1 => 0 (size 0)
18:45:24 D shos_vfs.c:518          write 257 128 => 0x3fca5b3c:1 => 128
18:45:24 D shos_vfs.c:518          write 257 26 => 0x3fca5b3c:1 => 26
18:45:24 D shos_vfs.c:426          close 257 => 0x3fca5b3c:1 => 0 (refs 1)
18:45:24 D shos_vfs.c:295          storage.json -> /storage.json pl 1 -> 1 0x3fca5b3c (refs 2)
18:45:24 D shos_vfs.c:388          open storage.json 0x0 0x1b6 => 0x3fca5b3c storage.json 1 => 257 (refs 2)
18:45:24 D shos_vfs.c:588          fstat 257 => 0x3fca5b3c:1 => 0 (size 154)
18:45:24 D shos_vfs.c:622          lseek 257 0 2 => 0x3fca5b3c:1 => 154
18:45:24 D shos_vfs.c:588          fstat 257 => 0x3fca5b3c:1 => 0 (size 154)
18:45:24 D shos_vfs.c:622          lseek 257 0 0 => 0x3fca5b3c:1 => 0
18:45:24 D shos_vfs.c:426          close 257 => 0x3fca5b3c:1 => 0 (refs 1)
18:45:24 D shelly_storage.cpp:171  storage.json: {"items":[
["number:200", {"value":13,"source":1,"last_update_ts":1790268293}],
["boolean:200", {"value":false,"source":1,"last_update_ts":1790268322}]
]}
18:45:24 D shelly_tmcu.cpp:927     Process 2 commands
18:45:24 D shelly_tmcu.cpp:938     response to 07 timed out after 0.3380 s
18:45:24 E shelly_tmcu.cpp:942     Initialization failed at init_state 0 Expecting heartbeat
18:45:24 D shelly_tmcu.cpp:79      Tmcu Event 3 (0x0)
18:45:24 D shelly_tmcu.cpp:890     TX: 0x00 v=3 [] (Expecting heartbeat)
18:45:24 D shelly_tmcu.cpp:927     Process 1 commands
18:45:24 D shelly_tmcu.cpp:890     TX: 0x00 v=3 [] (Expecting heartbeat)
18:45:24 D hos_lwip_eth_if.cpp:513 wa(0x3fcaf8a8): Status: server 1 oper_up 0 link_up 0/0 hf 87340
18:45:24 D esp32xx_wifi_if.cpp:234 PK check: link 1 gw 1 UC 763 MC 407 ctr 16/105 ping 0 num_act 0
18:45:24 D hos_lwip_eth_if.cpp:513 ws(0x3fcc5afc): Status: server 0 oper_up 1 link_up 1/1 hf 86692
18:45:24 W shelly_tmcu.cpp:507     Heartbeat timed out!
18:45:24 D shelly_tmcu.cpp:927     Process 1 commands
18:45:24 D shelly_tmcu.cpp:890     TX: 0x00 v=3 [] (Expecting heartbeat)
18:45:25 W shelly_tmcu.cpp:507     Heartbeat timed out!
18:45:25 D shelly_tmcu.cpp:927     Process 1 commands
18:45:25 D shelly_tmcu.cpp:890     TX: 0x00 v=3 [] (Expecting heartbeat)
18:45:26 W shelly_tmcu.cpp:507     Heartbeat timed out!
18:45:26 D hos_lwip_eth_if.cpp:513 wa(0x3fcaf8a8): Status: server 1 oper_up 0 link_up 0/0 hf 90872
18:45:26 D esp32xx_wifi_if.cpp:234 PK check: link 1 gw 1 UC 768 MC 411 ctr 16/105 ping 0 num_act 0
18:45:26 D hos_lwip_eth_if.cpp:513 ws(0x3fcc5afc): Status: server 0 oper_up 1 link_up 1/1 hf 90148
18:45:26 D shelly_tmcu.cpp:927     Process 1 commands
18:45:26 D shelly_tmcu.cpp:890     TX: 0x00 v=3 [] (Expecting heartbeat)
18:45:27 W shelly_tmcu.cpp:507     Heartbeat timed out!
18:45:27 D shelly_tmcu.cpp:927     Process 1 commands
18:45:27 D shelly_tmcu.cpp:890     TX: 0x00 v=3 [] (Expecting heartbeat)
18:45:27 D shos_wifi_sta.cpp:524   State 8 ev -1 timeout 1
18:45:27 D shos_wifi_sta.cpp:813   Avg RSSI -64, ok
18:45:28 W shelly_tmcu.cpp:507     Heartbeat timed out!
18:45:28 D hos_lwip_eth_if.cpp:513 wa(0x3fcaf8a8): Status: server 1 oper_up 0 link_up 0/0 hf 90872
18:45:28 D esp32xx_wifi_if.cpp:234 PK check: link 1 gw 1 UC 774 MC 416 ctr 16/105 ping 0 num_act 0
18:45:28 D hos_lwip_eth_if.cpp:513 ws(0x3fcc5afc): Status: server 0 oper_up 1 link_up 1/1 hf 90148
18:45:28 D shelly_tmcu.cpp:927     Process 1 commands
18:45:28 D shelly_tmcu.cpp:890     TX: 0x00 v=3 [] (Expecting heartbeat)
18:45:29 W shelly_tmcu.cpp:507     Heartbeat timed out!
18:45:29 D shelly_tmcu.cpp:927     Process 1 commands
18:45:29 D shelly_tmcu.cpp:890     TX: 0x00 v=3 [] (Expecting heartbeat)
18:45:30 W shelly_tmcu.cpp:507     Heartbeat timed out!
18:45:30 D hos_lwip_eth_if.cpp:513 wa(0x3fcaf8a8): Status: server 1 oper_up 0 link_up 0/0 hf 90872
18:45:30 D esp32xx_wifi_if.cpp:234 PK check: link 1 gw 1 UC 780 MC 421 ctr 16/105 ping 0 num_act 0
18:45:30 D hos_lwip_eth_if.cpp:513 ws(0x3fcc5afc): Status: server 0 oper_up 1 link_up 1/1 hf 88392
18:45:30 D shelly_tmcu.cpp:927     Process 1 commands
18:45:30 D shelly_tmcu.cpp:890     TX: 0x00 v=3 [] (Expecting heartbeat)
18:45:30 D shos_vfs.c:622          lseek 256 0 0 => 0x3fca5b3c:0 => 0
18:45:30 D shos_vfs.c:622          lseek 256 0 0 => 0x3fca5b3c:0 => 0
18:45:30 D shos_vfs.c:622          lseek 256 3027 0 => 0x3fca5b3c:0 => 3027
18:45:30 D shos_vfs.c:622          lseek 256 0 0 => 0x3fca5b3c:0 => 0
18:45:30 D shos_vfs.c:622          lseek 256 0 0 => 0x3fca5b3c:0 => 0
18:45:30 D shos_vfs.c:622          lseek 256 803 0 => 0x3fca5b3c:0 => 803
18:45:30 I shelly_script.cpp:204   service:0 0.4% CPU utilization
18:45:31 W shelly_tmcu.cpp:507     Heartbeat timed out!
18:45:31 D shelly_tmcu.cpp:927     Process 1 commands
18:45:31 D shelly_tmcu.cpp:890     TX: 0x00 v=3 [] (Expecting heartbeat)
18:45:32 W shelly_tmcu.cpp:507     Heartbeat timed out!
18:45:32 D hos_lwip_eth_if.cpp:513 wa(0x3fcaf8a8): Status: server 1 oper_up 0 link_up 0/0 hf 90872
18:45:32 D esp32xx_wifi_if.cpp:234 PK check: link 1 gw 1 UC 786 MC 427 ctr 16/105 ping 0 num_act 0
18:45:32 D hos_lwip_eth_if.cpp:513 ws(0x3fcc5afc): Status: server 0 oper_up 1 link_up 1/1 hf 90148
18:45:32 D shelly_tmcu.cpp:927     Process 1 commands
18:45:32 D shelly_tmcu.cpp:890     TX: 0x00 v=3 [] (Expecting heartbeat)
18:45:33 W shelly_tmcu.cpp:507     Heartbeat timed out!
18:45:33 D shelly_tmcu.cpp:927     Process 1 commands
18:45:33 D shelly_tmcu.cpp:890     TX: 0x00 v=3 [] (Expecting heartbeat)
18:45:34 W shelly_tmcu.cpp:507     Heartbeat timed out!
18:45:34 D hos_lwip_eth_if.cpp:513 wa(0x3fcaf8a8): Status: server 1 oper_up 0 link_up 0/0 hf 91108
18:45:34 D esp32xx_wifi_if.cpp:234 PK check: link 1 gw 1 UC 792 MC 434 ctr 16/105 ping 0 num_act 0
18:45:34 D hos_lwip_eth_if.cpp:513 ws(0x3fcc5afc): Status: server 0 oper_up 1 link_up 1/1 hf 90380
18:45:34 D shelly_tmcu.cpp:927     Process 1 commands
18:45:34 D shelly_tmcu.cpp:890     TX: 0x00 v=3 [] (Expecting heartbeat)
18:45:35 W shelly_tmcu.cpp:507     Heartbeat timed out!
18:45:35 D shelly_tmcu.cpp:927     Process 1 commands
18:45:35 D shelly_tmcu.cpp:890     TX: 0x00 v=3 [] (Expecting heartbeat)
18:45:36 W shelly_tmcu.cpp:507     Heartbeat timed out!
18:45:36 D hos_lwip_eth_if.cpp:513 wa(0x3fcaf8a8): Status: server 1 oper_up 0 link_up 0/0 hf 91108
18:45:36 D esp32xx_wifi_if.cpp:234 PK check: link 1 gw 1 UC 797 MC 440 ctr 16/105 ping 0 num_act 0
18:45:36 D hos_lwip_eth_if.cpp:513 ws(0x3fcc5afc): Status: server 0 oper_up 1 link_up 1/1 hf 90380
18:45:36 D shelly_tmcu.cpp:927     Process 1 commands
18:45:36 D shelly_tmcu.cpp:890     TX: 0x00 v=3 [] (Expecting heartbeat)
18:45:37 W shelly_tmcu.cpp:507     Heartbeat timed out!
18:45:37 D shelly_tmcu.cpp:927     Process 1 commands
18:45:37 D shelly_tmcu.cpp:890     TX: 0x00 v=3 [] (Expecting heartbeat)
18:45:38 W shelly_tmcu.cpp:507     Heartbeat timed out!
18:45:38 D hos_lwip_eth_if.cpp:513 wa(0x3fcaf8a8): Status: server 1 oper_up 0 link_up 0/0 hf 91108
18:45:38 D esp32xx_wifi_if.cpp:234 PK check: link 1 gw 1 UC 802 MC 444 ctr 16/105 ping 0 num_act 0
18:45:38 D hos_lwip_eth_if.cpp:513 ws(0x3fcc5afc): Status: server 0 oper_up 1 link_up 1/1 hf 90380
18:45:38 D shelly_tmcu.cpp:927     Process 1 commands
18:45:38 D shelly_tmcu.cpp:890     TX: 0x00 v=3 [] (Expecting heartbeat)
18:45:39 W shelly_tmcu.cpp:507     Heartbeat timed out!
18:45:39 D shelly_tmcu.cpp:927     Process 1 commands
18:45:39 D shelly_tmcu.cpp:890     TX: 0x00 v=3 [] (Expecting heartbeat)
18:45:40 W shelly_tmcu.cpp:507     Heartbeat timed out!
18:45:40 D shelly_tmcu.cpp:927     Process 1 commands
18:45:40 D shelly_tmcu.cpp:890     TX: 0x00 v=3 [] (Expecting heartbeat)
18:45:40 D hos_lwip_eth_if.cpp:513 wa(0x3fcaf8a8): Status: server 1 oper_up 0 link_up 0/0 hf 89428
18:45:40 D esp32xx_wifi_if.cpp:234 PK check: link 1 gw 1 UC 807 MC 450 ctr 16/105 ping 0 num_act 0
18:45:40 D hos_lwip_eth_if.cpp:513 ws(0x3fcc5afc): Status: server 0 oper_up 1 link_up 1/1 hf 88696
18:45:41 W shelly_tmcu.cpp:507     Heartbeat timed out!
18:45:41 D shelly_tmcu.cpp:927     Process 1 commands
18:45:41 D shelly_tmcu.cpp:890     TX: 0x00 v=3 [] (Expecting heartbeat)
18:45:42 W shelly_tmcu.cpp:507     Heartbeat timed out!
18:45:42 D shelly_tmcu.cpp:927     Process 1 commands
18:45:42 D shelly_tmcu.cpp:890     TX: 0x00 v=3 [] (Expecting heartbeat)
18:45:42 D hos_lwip_eth_if.cpp:513 wa(0x3fcaf8a8): Status: server 1 oper_up 0 link_up 0/0 hf 89428
18:45:42 D esp32xx_wifi_if.cpp:234 PK check: link 1 gw 1 UC 812 MC 463 ctr 16/105 ping 0 num_act 0
18:45:42 D hos_lwip_eth_if.cpp:513 ws(0x3fcc5afc): Status: server 0 oper_up 1 link_up 1/1 hf 88696
18:45:42 D shos_wifi_sta.cpp:524   State 8 ev -1 timeout 1
18:45:42 D shos_wifi_sta.cpp:813   Avg RSSI -64, ok
18:45:43 W shelly_tmcu.cpp:507     Heartbeat timed out!
18:45:43 D shelly_tmcu.cpp:927     Process 1 commands
18:45:43 D shelly_tmcu.cpp:890     TX: 0x00 v=3 [] (Expecting heartbeat)
18:45:44 W shelly_tmcu.cpp:507     Heartbeat timed out!
18:45:44 D shelly_tmcu.cpp:927     Process 1 commands
18:45:44 D shelly_tmcu.cpp:890     TX: 0x00 v=3 [] (Expecting heartbeat)
18:45:44 D hos_lwip_eth_if.cpp:513 wa(0x3fcaf8a8): Status: server 1 oper_up 0 link_up 0/0 hf 91072
18:45:44 D esp32xx_wifi_if.cpp:234 PK check: link 1 gw 1 UC 819 MC 478 ctr 16/105 ping 0 num_act 0
18:45:44 D hos_lwip_eth_if.cpp:513 ws(0x3fcc5afc): Status: server 0 oper_up 1 link_up 1/1 hf 90344
18:45:45 W shelly_tmcu.cpp:507     Heartbeat timed out!
18:45:45 D shelly_tmcu.cpp:927     Process 1 commands
18:45:45 D shelly_tmcu.cpp:890     TX: 0x00 v=3 [] (Expecting heartbeat)
18:45:46 W shelly_tmcu.cpp:507     Heartbeat timed out!
18:45:46 D shelly_tmcu.cpp:927     Process 1 commands
18:45:46 D shelly_tmcu.cpp:890     TX: 0x00 v=3 [] (Expecting heartbeat)
18:45:46 D hos_lwip_eth_if.cpp:513 wa(0x3fcaf8a8): Status: server 1 oper_up 0 link_up 0/0 hf 91072
18:45:46 D esp32xx_wifi_if.cpp:234 PK check: link 1 gw 1 UC 825 MC 484 ctr 16/105 ping 0 num_act 0
18:45:46 D hos_lwip_eth_if.cpp:513 ws(0x3fcc5afc): Status: server 0 oper_up 1 link_up 1/1 hf 90344
18:45:47 W shelly_tmcu.cpp:507     Heartbeat timed out!
18:45:47 D shelly_tmcu.cpp:927     Process 1 commands
18:45:47 D shelly_tmcu.cpp:890     TX: 0x00 v=3 [] (Expecting heartbeat)
18:45:48 W shelly_tmcu.cpp:507     Heartbeat timed out!
18:45:48 D shelly_tmcu.cpp:927     Process 1 commands
18:45:48 D shelly_tmcu.cpp:890     TX: 0x00 v=3 [] (Expecting heartbeat)
18:45:48 D hos_lwip_eth_if.cpp:513 wa(0x3fcaf8a8): Status: server 1 oper_up 0 link_up 0/0 hf 91072
18:45:48 D esp32xx_wifi_if.cpp:234 PK check: link 1 gw 1 UC 831 MC 490 ctr 16/105 ping 0 num_act 0
18:45:48 D hos_lwip_eth_if.cpp:513 ws(0x3fcc5afc): Status: server 0 oper_up 1 link_up 1/1 hf 90344
18:45:49 W shelly_tmcu.cpp:507     Heartbeat timed out!
18:45:49 D shelly_tmcu.cpp:927     Process 1 commands
18:45:49 D shelly_tmcu.cpp:890     TX: 0x00 v=3 [] (Expecting heartbeat)
18:45:50 W shelly_tmcu.cpp:507     Heartbeat timed out!
18:45:50 D shelly_tmcu.cpp:927     Process 1 commands
18:45:50 D shelly_tmcu.cpp:890     TX: 0x00 v=3 [] (Expecting heartbeat)
18:45:50 D shos_http_base.cpp:443  0x3fcc6c5c: Send WS ping
18:45:50 D shos_http_base.cpp:555  0x3fcc6c5c: Recd WS pong
18:45:50 D hos_lwip_eth_if.cpp:513 wa(0x3fcaf8a8): Status: server 1 oper_up 0 link_up 0/0 hf 90828
18:45:50 D esp32xx_wifi_if.cpp:234 PK check: link 1 gw 1 UC 838 MC 495 ctr 16/105 ping 0 num_act 0
18:45:50 D hos_lwip_eth_if.cpp:513 ws(0x3fcc5afc): Status: server 0 oper_up 1 link_up 1/1 hf 88344
18:45:51 W shelly_tmcu.cpp:507     Heartbeat timed out!
18:45:51 D shelly_tmcu.cpp:927     Process 1 commands
18:45:51 D shelly_tmcu.cpp:890     TX: 0x00 v=3 [] (Expecting heartbeat)
18:45:52 W shelly_tmcu.cpp:507     Heartbeat timed out!
18:45:52 D shelly_tmcu.cpp:927     Process 1 commands
18:45:52 D shelly_tmcu.cpp:890     TX: 0x00 v=3 [] (Expecting heartbeat)
18:45:52 D hos_lwip_eth_if.cpp:513 wa(0x3fcaf8a8): Status: server 1 oper_up 0 link_up 0/0 hf 91072
18:45:52 D esp32xx_wifi_if.cpp:234 PK check: link 1 gw 1 UC 844 MC 502 ctr 16/105 ping 0 num_act 0
18:45:52 D hos_lwip_eth_if.cpp:513 ws(0x3fcc5afc): Status: server 0 oper_up 1 link_up 1/1 hf 90344
18:45:53 W shelly_tmcu.cpp:507     Heartbeat timed out!
18:45:53 D shelly_tmcu.cpp:927     Process 1 commands
18:45:53 D shelly_tmcu.cpp:890     TX: 0x00 v=3 [] (Expecting heartbeat)
18:45:54 W shelly_tmcu.cpp:507     Heartbeat timed out!
18:45:54 D shelly_tmcu.cpp:927     Process 1 commands
18:45:54 D shelly_tmcu.cpp:890     TX: 0x00 v=3 [] (Expecting heartbeat)
18:45:54 D hos_lwip_eth_if.cpp:513 wa(0x3fcaf8a8): Status: server 1 oper_up 0 link_up 0/0 hf 89428
18:45:54 D esp32xx_wifi_if.cpp:234 PK check: link 1 gw 1 UC 850 MC 507 ctr 16/105 ping 0 num_act 0
18:45:54 D hos_lwip_eth_if.cpp:513 ws(0x3fcc5afc): Status: server 0 oper_up 1 link_up 1/1 hf 86940
18:45:55 W shelly_tmcu.cpp:507     Heartbeat timed out!
18:45:55 D shelly_tmcu.cpp:927     Process 1 commands
18:45:55 D shelly_tmcu.cpp:890     TX: 0x00 v=3 [] (Expecting heartbeat)
18:45:56 W shelly_tmcu.cpp:507     Heartbeat timed out!
18:45:56 D shelly_tmcu.cpp:927     Process 1 commands
18:45:56 D shelly_tmcu.cpp:890     TX: 0x00 v=3 [] (Expecting heartbeat)
18:45:56 D hos_lwip_eth_if.cpp:513 wa(0x3fcaf8a8): Status: server 1 oper_up 0 link_up 0/0 hf 91072
18:45:56 D esp32xx_wifi_if.cpp:234 PK check: link 1 gw 1 UC 856 MC 513 ctr 16/105 ping 0 num_act 0
18:45:56 D hos_lwip_eth_if.cpp:513 ws(0x3fcc5afc): Status: server 0 oper_up 1 link_up 1/1 hf 90344
18:45:57 W shelly_tmcu.cpp:507     Heartbeat timed out!
18:45:57 D shelly_tmcu.cpp:927     Process 1 commands
18:45:57 D shelly_tmcu.cpp:890     TX: 0x00 v=3 [] (Expecting heartbeat)
18:45:57 D shos_wifi_sta.cpp:524   State 8 ev -1 timeout 1
18:45:57 D shos_wifi_sta.cpp:813   Avg RSSI -63, ok
18:45:58 W shelly_tmcu.cpp:507     Heartbeat timed out!
18:45:58 D shelly_tmcu.cpp:927     Process 1 commands
18:45:58 D shelly_tmcu.cpp:890     TX: 0x00 v=3 [] (Expecting heartbeat)
18:45:58 D hos_lwip_eth_if.cpp:513 wa(0x3fcaf8a8): Status: server 1 oper_up 0 link_up 0/0 hf 91072
18:45:58 D esp32xx_wifi_if.cpp:234 PK check: link 1 gw 1 UC 863 MC 517 ctr 16/105 ping 0 num_act 0
18:45:58 D hos_lwip_eth_if.cpp:513 ws(0x3fcc5afc): Status: server 0 oper_up 1 link_up 1/1 hf 90344
18:45:59 W shelly_tmcu.cpp:507     Heartbeat timed out!
18:45:59 D shelly_tmcu.cpp:927     Process 1 commands
18:45:59 D shelly_tmcu.cpp:890     TX: 0x00 v=3 [] (Expecting heartbeat)
18:46:00 W shelly_tmcu.cpp:507     Heartbeat timed out!
18:46:00 D shelly_tmcu.cpp:927     Process 1 commands
18:46:00 D shelly_tmcu.cpp:890     TX: 0x00 v=3 [] (Expecting heartbeat)
18:46:00 D shos_vfs.c:622          lseek 256 0 0 => 0x3fca5b3c:0 => 0
18:46:00 D shos_vfs.c:622          lseek 256 0 0 => 0x3fca5b3c:0 => 0
18:46:00 D shos_vfs.c:622          lseek 256 3027 0 => 0x3fca5b3c:0 => 3027
18:46:00 D shos_vfs.c:622          lseek 256 0 0 => 0x3fca5b3c:0 => 0
18:46:00 D shos_vfs.c:622          lseek 256 0 0 => 0x3fca5b3c:0 => 0
18:46:00 D shos_vfs.c:622          lseek 256 803 0 => 0x3fca5b3c:0 => 803
18:46:00 I shelly_script.cpp:204   service:0 0.2% CPU utilization
18:46:00 D hos_lwip_eth_if.cpp:513 wa(0x3fcaf8a8): Status: server 1 oper_up 0 link_up 0/0 hf 91072
18:46:00 D esp32xx_wifi_if.cpp:234 PK check: link 1 gw 1 UC 871 MC 523 ctr 16/105 ping 0 num_act 0
18:46:00 D hos_lwip_eth_if.cpp:513 ws(0x3fcc5afc): Status: server 0 oper_up 1 link_up 1/1 hf 90344
18:46:01 W shelly_tmcu.cpp:507     Heartbeat timed out!
18:46:01 D shelly_tmcu.cpp:927     Process 1 commands
18:46:01 D shelly_tmcu.cpp:890     TX: 0x00 v=3 [] (Expecting heartbeat)
18:46:02 W shelly_tmcu.cpp:507     Heartbeat timed out!
18:46:02 D shelly_tmcu.cpp:927     Process 1 commands
18:46:02 D shelly_tmcu.cpp:890     TX: 0x00 v=3 [] (Expecting heartbeat)
18:46:02 D hos_lwip_eth_if.cpp:513 wa(0x3fcaf8a8): Status: server 1 oper_up 0 link_up 0/0 hf 91072
18:46:02 D esp32xx_wifi_if.cpp:234 PK check: link 1 gw 1 UC 877 MC 536 ctr 16/105 ping 0 num_act 0
18:46:02 D hos_lwip_eth_if.cpp:513 ws(0x3fcc5afc): Status: server 0 oper_up 1 link_up 1/1 hf 90344
18:46:03 W shelly_tmcu.cpp:507     Heartbeat timed out!
18:46:03 D shelly_tmcu.cpp:927     Process 1 commands
18:46:03 D shelly_tmcu.cpp:890     TX: 0x00 v=3 [] (Expecting heartbeat)
18:46:04 W shelly_tmcu.cpp:507     Heartbeat timed out!
18:46:04 D shelly_tmcu.cpp:927     Process 1 commands
18:46:04 D shelly_tmcu.cpp:890     TX: 0x00 v=3 [] (Expecting heartbeat)
18:46:04 D hos_lwip_eth_if.cpp:513 wa(0x3fcaf8a8): Status: server 1 oper_up 0 link_up 0/0 hf 91072
18:46:04 D esp32xx_wifi_if.cpp:234 PK check: link 1 gw 1 UC 883 MC 541 ctr 16/105 ping 0 num_act 0
18:46:04 D hos_lwip_eth_if.cpp:513 ws(0x3fcc5afc): Status: server 0 oper_up 1 link_up 1/1 hf 90344
18:46:05 W shelly_tmcu.cpp:507     Heartbeat timed out!
18:46:05 D shelly_tmcu.cpp:927     Process 1 commands
18:46:05 D shelly_tmcu.cpp:890     TX: 0x00 v=3 [] (Expecting heartbeat)
18:46:06 W shelly_tmcu.cpp:507     Heartbeat timed out!
18:46:06 D shelly_tmcu.cpp:927     Process 1 commands
18:46:06 D shelly_tmcu.cpp:890     TX: 0x00 v=3 [] (Expecting heartbeat)
18:46:06 D hos_lwip_eth_if.cpp:513 wa(0x3fcaf8a8): Status: server 1 oper_up 0 link_up 0/0 hf 91072
18:46:06 D esp32xx_wifi_if.cpp:234 PK check: link 1 gw 1 UC 891 MC 546 ctr 16/105 ping 0 num_act 0
18:46:06 D hos_lwip_eth_if.cpp:513 ws(0x3fcc5afc): Status: server 0 oper_up 1 link_up 1/1 hf 90344
18:46:07 W shelly_tmcu.cpp:507     Heartbeat timed out!
18:46:07 D shelly_tmcu.cpp:927     Process 1 commands
18:46:07 D shelly_tmcu.cpp:890     TX: 0x00 v=3 [] (Expecting heartbeat)
18:46:08 W shelly_tmcu.cpp:507     Heartbeat timed out!
18:46:08 D shelly_tmcu.cpp:927     Process 1 commands
18:46:08 D shelly_tmcu.cpp:890     TX: 0x00 v=3 [] (Expecting heartbeat)
18:46:08 D hos_lwip_eth_if.cpp:513 wa(0x3fcaf8a8): Status: server 1 oper_up 0 link_up 0/0 hf 91072
18:46:08 D esp32xx_wifi_if.cpp:234 PK check: link 1 gw 1 UC 897 MC 550 ctr 16/105 ping 0 num_act 0
18:46:08 D hos_lwip_eth_if.cpp:513 ws(0x3fcc5afc): Status: server 0 oper_up 1 link_up 1/1 hf 90344
18:46:09 W shelly_tmcu.cpp:507     Heartbeat timed out!
18:46:09 D shelly_tmcu.cpp:927     Process 1 commands
18:46:09 D shelly_tmcu.cpp:890     TX: 0x00 v=3 [] (Expecting heartbeat)
18:46:10 W shelly_tmcu.cpp:507     Heartbeat timed out!
18:46:10 D shelly_tmcu.cpp:927     Process 1 commands
18:46:10 D shelly_tmcu.cpp:890     TX: 0x00 v=3 [] (Expecting heartbeat)
18:46:10 D hos_lwip_eth_if.cpp:513 wa(0x3fcaf8a8): Status: server 1 oper_up 0 link_up 0/0 hf 91072
18:46:10 D esp32xx_wifi_if.cpp:234 PK check: link 1 gw 1 UC 903 MC 555 ctr 16/105 ping 0 num_act 0
18:46:10 D hos_lwip_eth_if.cpp:513 ws(0x3fcc5afc): Status: server 0 oper_up 1 link_up 1/1 hf 90344
18:46:11 W shelly_tmcu.cpp:507     Heartbeat timed out!
18:46:11 D shelly_tmcu.cpp:927     Process 1 commands
18:46:11 D shelly_tmcu.cpp:890     TX: 0x00 v=3 [] (Expecting heartbeat)
18:46:12 W shelly_tmcu.cpp:507     Heartbeat timed out!
18:46:12 D shelly_tmcu.cpp:927     Process 1 commands
18:46:12 D shelly_tmcu.cpp:890     TX: 0x00 v=3 [] (Expecting heartbeat)
18:46:12 D hos_lwip_eth_if.cpp:513 wa(0x3fcaf8a8): Status: server 1 oper_up 0 link_up 0/0 hf 91072
18:46:12 D esp32xx_wifi_if.cpp:234 PK check: link 1 gw 1 UC 909 MC 559 ctr 16/105 ping 0 num_act 0
18:46:12 D hos_lwip_eth_if.cpp:513 ws(0x3fcc5afc): Status: server 0 oper_up 1 link_up 1/1 hf 90344
18:46:12 D shos_wifi_sta.cpp:524   State 8 ev -1 timeout 1
18:46:12 D shos_wifi_sta.cpp:813   Avg RSSI -64, ok
18:46:13 W shelly_tmcu.cpp:507     Heartbeat timed out!
18:46:13 D shelly_tmcu.cpp:927     Process 1 commands
18:46:13 D shelly_tmcu.cpp:890     TX: 0x00 v=3 [] (Expecting heartbeat)
18:46:14 W shelly_tmcu.cpp:507     Heartbeat timed out!
18:46:14 D shelly_tmcu.cpp:927     Process 1 commands
18:46:14 D shelly_tmcu.cpp:890     TX: 0x00 v=3 [] (Expecting heartbeat)
18:46:14 D hos_lwip_eth_if.cpp:513 wa(0x3fcaf8a8): Status: server 1 oper_up 0 link_up 0/0 hf 91076
18:46:14 D esp32xx_wifi_if.cpp:234 PK check: link 1 gw 1 UC 915 MC 564 ctr 16/105 ping 0 num_act 0
18:46:14 D hos_lwip_eth_if.cpp:513 ws(0x3fcc5afc): Status: server 0 oper_up 1 link_up 1/1 hf 90348
18:46:15 W shelly_tmcu.cpp:507     Heartbeat timed out!
18:46:15 D shelly_tmcu.cpp:927     Process 1 commands
18:46:15 D shelly_tmcu.cpp:890     TX: 0x00 v=3 [] (Expecting heartbeat)
18:46:16 W shelly_tmcu.cpp:507     Heartbeat timed out!
18:46:16 D shelly_tmcu.cpp:927     Process 1 commands
18:46:16 D shelly_tmcu.cpp:890     TX: 0x00 v=3 [] (Expecting heartbeat)
18:46:16 D hos_lwip_eth_if.cpp:513 wa(0x3fcaf8a8): Status: server 1 oper_up 0 link_up 0/0 hf 91076
18:46:16 D esp32xx_wifi_if.cpp:234 PK check: link 1 gw 1 UC 921 MC 571 ctr 16/105 ping 0 num_act 0
18:46:16 D hos_lwip_eth_if.cpp:513 ws(0x3fcc5afc): Status: server 0 oper_up 1 link_up 1/1 hf 88592
18:46:17 W shelly_tmcu.cpp:507     Heartbeat timed out!
18:46:17 D shelly_tmcu.cpp:927     Process 1 commands
18:46:17 D shelly_tmcu.cpp:890     TX: 0x00 v=3 [] (Expecting heartbeat)
18:46:18 W shelly_tmcu.cpp:507     Heartbeat timed out!
18:46:18 D shelly_tmcu.cpp:927     Process 1 commands
18:46:18 D shelly_tmcu.cpp:890     TX: 0x00 v=3 [] (Expecting heartbeat)
18:46:18 D hos_lwip_eth_if.cpp:513 wa(0x3fcaf8a8): Status: server 1 oper_up 0 link_up 0/0 hf 91076
18:46:18 D esp32xx_wifi_if.cpp:234 PK check: link 1 gw 1 UC 927 MC 575 ctr 16/105 ping 0 num_act 0
18:46:18 D hos_lwip_eth_if.cpp:513 ws(0x3fcc5afc): Status: server 0 oper_up 1 link_up 1/1 hf 90348
18:46:19 W shelly_tmcu.cpp:507     Heartbeat timed out!
18:46:19 D shelly_tmcu.cpp:927     Process 1 commands
18:46:19 D shelly_tmcu.cpp:890     TX: 0x00 v=3 [] (Expecting heartbeat)
18:46:20 W shelly_tmcu.cpp:507     Heartbeat timed out!
18:46:20 D shelly_tmcu.cpp:927     Process 1 commands
18:46:20 D shelly_tmcu.cpp:890     TX: 0x00 v=3 [] (Expecting heartbeat)
18:46:20 D hos_lwip_eth_if.cpp:513 wa(0x3fcaf8a8): Status: server 1 oper_up 0 link_up 0/0 hf 91076
18:46:21 D esp32xx_wifi_if.cpp:234 PK check: link 1 gw 1 UC 933 MC 580 ctr 16/105 ping 0 num_act 0
18:46:21 D hos_lwip_eth_if.cpp:513 ws(0x3fcc5afc): Status: server 0 oper_up 1 link_up 1/1 hf 90348
18:46:21 W shelly_tmcu.cpp:507     Heartbeat timed out!
18:46:21 D shos_http_base.cpp:443  0x3fcc6c5c: Send WS ping
18:46:21 D shos_http_base.cpp:555  0x3fcc6c5c: Recd WS pong
18:46:21 D shelly_tmcu.cpp:927     Process 1 commands
18:46:21 D shelly_tmcu.cpp:890     TX: 0x00 v=3 [] (Expecting heartbeat)
18:46:22 W shelly_tmcu.cpp:507     Heartbeat timed out!
18:46:22 D shelly_tmcu.cpp:927     Process 1 commands
18:46:22 D shelly_tmcu.cpp:890     TX: 0x00 v=3 [] (Expecting heartbeat)
18:46:22 D hos_lwip_eth_if.cpp:513 wa(0x3fcaf8a8): Status: server 1 oper_up 0 link_up 0/0 hf 91076
18:46:23 D esp32xx_wifi_if.cpp:234 PK check: link 1 gw 1 UC 941 MC 593 ctr 16/105 ping 0 num_act 0
18:46:23 D hos_lwip_eth_if.cpp:513 ws(0x3fcc5afc): Status: server 0 oper_up 1 link_up 1/1 hf 90348
18:46:23 W shelly_tmcu.cpp:507     Heartbeat timed out!
18:46:23 D shelly_tmcu.cpp:927     Process 1 commands
18:46:23 D shelly_tmcu.cpp:890     TX: 0x00 v=3 [] (Expecting heartbeat)
18:46:24 W shelly_tmcu.cpp:507     Heartbeat timed out!
18:46:24 D shelly_tmcu.cpp:927     Process 1 commands
18:46:24 D shelly_tmcu.cpp:890     TX: 0x00 v=3 [] (Expecting heartbeat)
18:46:25 D hos_lwip_eth_if.cpp:513 wa(0x3fcaf8a8): Status: server 1 oper_up 0 link_up 0/0 hf 91076
18:46:25 D esp32xx_wifi_if.cpp:234 PK check: link 1 gw 1 UC 948 MC 598 ctr 16/105 ping 0 num_act 0
18:46:25 D hos_lwip_eth_if.cpp:513 ws(0x3fcc5afc): Status: server 0 oper_up 1 link_up 1/1 hf 90348
18:46:25 W shelly_tmcu.cpp:507     Heartbeat timed out!
18:46:25 D shelly_tmcu.cpp:927     Process 1 commands
18:46:25 D shelly_tmcu.cpp:890     TX: 0x00 v=3 [] (Expecting heartbeat)
18:46:26 W shelly_tmcu.cpp:507     Heartbeat timed out!
18:46:26 D shelly_tmcu.cpp:927     Process 1 commands
18:46:26 D shelly_tmcu.cpp:890     TX: 0x00 v=3 [] (Expecting heartbeat)
18:46:27 D hos_lwip_eth_if.cpp:513 wa(0x3fcaf8a8): Status: server 1 oper_up 0 link_up 0/0 hf 91076
18:46:27 D esp32xx_wifi_if.cpp:234 PK check: link 1 gw 1 UC 954 MC 603 ctr 16/105 ping 0 num_act 0
18:46:27 D hos_lwip_eth_if.cpp:513 ws(0x3fcc5afc): Status: server 0 oper_up 1 link_up 1/1 hf 90348
18:46:27 W shelly_tmcu.cpp:507     Heartbeat timed out!
18:46:27 D shelly_tmcu.cpp:927     Process 1 commands
18:46:27 D shelly_tmcu.cpp:890     TX: 0x00 v=3 [] (Expecting heartbeat)
18:46:27 D shos_wifi_sta.cpp:524   State 8 ev -1 timeout 1
18:46:27 D shos_wifi_sta.cpp:813   Avg RSSI -63, ok
18:46:28 W shelly_tmcu.cpp:507     Heartbeat timed out!
18:46:28 D shelly_tmcu.cpp:927     Process 1 commands
18:46:28 D shelly_tmcu.cpp:890     TX: 0x00 v=3 [] (Expecting heartbeat)
18:46:29 D hos_lwip_eth_if.cpp:513 wa(0x3fcaf8a8): Status: server 1 oper_up 0 link_up 0/0 hf 91076
18:46:29 D esp32xx_wifi_if.cpp:234 PK check: link 1 gw 1 UC 961 MC 609 ctr 16/105 ping 0 num_act 0
18:46:29 D hos_lwip_eth_if.cpp:513 ws(0x3fcc5afc): Status: server 0 oper_up 1 link_up 1/1 hf 90348
18:46:29 W shelly_tmcu.cpp:507     Heartbeat timed out!
18:46:29 D shelly_tmcu.cpp:927     Process 1 commands
18:46:29 D shelly_tmcu.cpp:890     TX: 0x00 v=3 [] (Expecting heartbeat)
18:46:30 W shelly_tmcu.cpp:507     Heartbeat timed out!
18:46:30 D shelly_tmcu.cpp:927     Process 1 commands
18:46:30 D shelly_tmcu.cpp:890     TX: 0x00 v=3 [] (Expecting heartbeat)
18:46:30 D shos_vfs.c:622          lseek 256 0 0 => 0x3fca5b3c:0 => 0
18:46:30 D shos_vfs.c:622          lseek 256 0 0 => 0x3fca5b3c:0 => 0
18:46:30 D shos_vfs.c:622          lseek 256 3027 0 => 0x3fca5b3c:0 => 3027
18:46:30 D shos_vfs.c:622          lseek 256 0 0 => 0x3fca5b3c:0 => 0
18:46:30 D shos_vfs.c:622          lseek 256 0 0 => 0x3fca5b3c:0 => 0
18:46:30 D shos_vfs.c:622          lseek 256 803 0 => 0x3fca5b3c:0 => 803
18:46:30 I shelly_script.cpp:204   service:0 0.2% CPU utilization
18:46:31 D hos_lwip_eth_if.cpp:513 wa(0x3fcaf8a8): Status: server 1 oper_up 0 link_up 0/0 hf 91076
18:46:31 D esp32xx_wifi_if.cpp:234 PK check: link 1 gw 1 UC 968 MC 616 ctr 16/105 ping 0 num_act 0
18:46:31 D hos_lwip_eth_if.cpp:513 ws(0x3fcc5afc): Status: server 0 oper_up 1 link_up 1/1 hf 90348
18:46:31 W shelly_tmcu.cpp:507     Heartbeat timed out!
18:46:31 D shelly_tmcu.cpp:927     Process 1 commands
18:46:31 D shelly_tmcu.cpp:890     TX: 0x00 v=3 [] (Expecting heartbeat)
18:46:32 W shelly_tmcu.cpp:507     Heartbeat timed out!
18:46:32 D shelly_tmcu.cpp:927     Process 1 commands
18:46:32 D shelly_tmcu.cpp:890     TX: 0x00 v=3 [] (Expecting heartbeat)
18:46:33 D hos_lwip_eth_if.cpp:513 wa(0x3fcaf8a8): Status: server 1 oper_up 0 link_up 0/0 hf 91076
18:46:33 D esp32xx_wifi_if.cpp:234 PK check: link 1 gw 1 UC 973 MC 620 ctr 16/105 ping 0 num_act 0
18:46:33 D hos_lwip_eth_if.cpp:513 ws(0x3fcc5afc): Status: server 0 oper_up 1 link_up 1/1 hf 90348
18:46:33 W shelly_tmcu.cpp:507     Heartbeat timed out!
18:46:33 D shelly_tmcu.cpp:927     Process 1 commands
18:46:33 D shelly_tmcu.cpp:890     TX: 0x00 v=3 [] (Expecting heartbeat)
18:46:34 W shelly_tmcu.cpp:507     Heartbeat timed out!
18:46:34 D shelly_tmcu.cpp:927     Process 1 commands
18:46:34 D shelly_tmcu.cpp:890     TX: 0x00 v=3 [] (Expecting heartbeat)
18:46:35 D hos_lwip_eth_if.cpp:513 wa(0x3fcaf8a8): Status: server 1 oper_up 0 link_up 0/0 hf 91076
18:46:35 W shelly_tmcu.cpp:507     Heartbeat timed out!
18:46:35 D esp32xx_wifi_if.cpp:234 PK check: link 1 gw 1 UC 978 MC 625 ctr 16/105 ping 0 num_act 0
18:46:35 D hos_lwip_eth_if.cpp:513 ws(0x3fcc5afc): Status: server 0 oper_up 1 link_up 1/1 hf 90244
18:46:35 D shelly_tmcu.cpp:927     Process 1 commands
18:46:35 D shelly_tmcu.cpp:890     TX: 0x00 v=3 [] (Expecting heartbeat)
18:46:36 W shelly_tmcu.cpp:507     Heartbeat timed out!
18:46:36 D shelly_tmcu.cpp:927     Process 1 commands
18:46:36 D shelly_tmcu.cpp:890     TX: 0x00 v=3 [] (Expecting heartbeat)
18:46:37 W shelly_tmcu.cpp:507     Heartbeat timed out!
18:46:37 D hos_lwip_eth_if.cpp:513 wa(0x3fcaf8a8): Status: server 1 oper_up 0 link_up 0/0 hf 90876
18:46:37 D esp32xx_wifi_if.cpp:234 PK check: link 1 gw 1 UC 983 MC 631 ctr 16/105 ping 0 num_act 0
18:46:37 D hos_lwip_eth_if.cpp:513 ws(0x3fcc5afc): Status: server 0 oper_up 1 link_up 1/1 hf 90152
18:46:37 D shelly_tmcu.cpp:927     Process 1 commands
18:46:37 D shelly_tmcu.cpp:890     TX: 0x00 v=3 [] (Expecting heartbeat)
18:46:38 W shelly_tmcu.cpp:507     Heartbeat timed out!
18:46:38 D shelly_tmcu.cpp:927     Process 1 commands
18:46:38 D shelly_tmcu.cpp:890     TX: 0x00 v=3 [] (Expecting heartbeat)
18:46:39 W shelly_tmcu.cpp:507     Heartbeat timed out!
18:46:39 D hos_lwip_eth_if.cpp:513 wa(0x3fcaf8a8): Status: server 1 oper_up 0 link_up 0/0 hf 91112
18:46:39 D esp32xx_wifi_if.cpp:234 PK check: link 1 gw 1 UC 990 MC 635 ctr 16/105 ping 0 num_act 0
18:46:39 D hos_lwip_eth_if.cpp:513 ws(0x3fcc5afc): Status: server 0 oper_up 1 link_up 1/1 hf 90384
18:46:39 D shelly_tmcu.cpp:927     Process 1 commands
18:46:39 D shelly_tmcu.cpp:890     TX: 0x00 v=3 [] (Expecting heartbeat)
18:46:40 W shelly_tmcu.cpp:507     Heartbeat timed out!
18:46:40 D shelly_tmcu.cpp:927     Process 1 commands
18:46:40 D shelly_tmcu.cpp:890     TX: 0x00 v=3 [] (Expecting heartbeat)
18:46:41 W shelly_tmcu.cpp:507     Heartbeat timed out!
18:46:41 D hos_lwip_eth_if.cpp:513 wa(0x3fcaf8a8): Status: server 1 oper_up 0 link_up 0/0 hf 91112
18:46:41 D esp32xx_wifi_if.cpp:234 PK check: link 1 gw 1 UC 996 MC 643 ctr 16/105 ping 0 num_act 0
18:46:41 D hos_lwip_eth_if.cpp:513 ws(0x3fcc5afc): Status: server 0 oper_up 1 link_up 1/1 hf 90384
18:46:41 D shelly_tmcu.cpp:927     Process 1 commands
18:46:41 D shelly_tmcu.cpp:890     TX: 0x00 v=3 [] (Expecting heartbeat)
18:46:42 W shelly_tmcu.cpp:507     Heartbeat timed out!
18:46:42 D shelly_tmcu.cpp:927     Process 1 commands
18:46:42 D shelly_tmcu.cpp:890     TX: 0x00 v=3 [] (Expecting heartbeat)
18:46:42 D shos_wifi_sta.cpp:524   State 8 ev -1 timeout 1
18:46:42 D shos_wifi_sta.cpp:813   Avg RSSI -63, ok
18:46:43 W shelly_tmcu.cpp:507     Heartbeat timed out!
18:46:43 D hos_lwip_eth_if.cpp:513 wa(0x3fcaf8a8): Status: server 1 oper_up 0 link_up 0/0 hf 91112
18:46:43 D esp32xx_wifi_if.cpp:234 PK check: link 1 gw 1 UC 1002 MC 654 ctr 16/105 ping 0 num_act 0
18:46:43 D hos_lwip_eth_if.cpp:513 ws(0x3fcc5afc): Status: server 0 oper_up 1 link_up 1/1 hf 90380
18:46:43 D shelly_tmcu.cpp:927     Process 1 commands
18:46:43 D shelly_tmcu.cpp:890     TX: 0x00 v=3 [] (Expecting heartbeat)
18:46:44 W shelly_tmcu.cpp:507     Heartbeat timed out!
18:46:44 D shelly_tmcu.cpp:927     Process 1 commands
18:46:44 D shelly_tmcu.cpp:890     TX: 0x00 v=3 [] (Expecting heartbeat)
18:46:45 W shelly_tmcu.cpp:507     Heartbeat timed out!
18:46:45 D hos_lwip_eth_if.cpp:513 wa(0x3fcaf8a8): Status: server 1 oper_up 0 link_up 0/0 hf 91112
18:46:45 D esp32xx_wifi_if.cpp:234 PK check: link 1 gw 1 UC 1007 MC 659 ctr 16/105 ping 0 num_act 0
18:46:45 D hos_lwip_eth_if.cpp:513 ws(0x3fcc5afc): Status: server 0 oper_up 1 link_up 1/1 hf 90380
18:46:45 D shelly_tmcu.cpp:927     Process 1 commands
18:46:45 D shelly_tmcu.cpp:890     TX: 0x00 v=3 [] (Expecting heartbeat)
18:46:46 W shelly_tmcu.cpp:507     Heartbeat timed out!
18:46:46 D shelly_tmcu.cpp:927     Process 1 commands
18:46:46 D shelly_tmcu.cpp:890     TX: 0x00 v=3 [] (Expecting heartbeat)
18:46:47 W shelly_tmcu.cpp:507     Heartbeat timed out!
18:46:47 D hos_lwip_eth_if.cpp:513 wa(0x3fcaf8a8): Status: server 1 oper_up 0 link_up 0/0 hf 91112
18:46:47 D esp32xx_wifi_if.cpp:234 PK check: link 1 gw 1 UC 1012 MC 665 ctr 16/105 ping 0 num_act 0
18:46:47 D hos_lwip_eth_if.cpp:513 ws(0x3fcc5afc): Status: server 0 oper_up 1 link_up 1/1 hf 90380
18:46:47 D shelly_tmcu.cpp:927     Process 1 commands
18:46:47 D shelly_tmcu.cpp:890     TX: 0x00 v=3 [] (Expecting heartbeat)
18:46:48 W shelly_tmcu.cpp:507     Heartbeat timed out!
18:46:48 D shelly_tmcu.cpp:927     Process 1 commands
18:46:48 D shelly_tmcu.cpp:890     TX: 0x00 v=3 [] (Expecting heartbeat)
18:46:49 W shelly_tmcu.cpp:507     Heartbeat timed out!
18:46:49 D shelly_tmcu.cpp:927     Process 1 commands
18:46:49 D shelly_tmcu.cpp:890     TX: 0x00 v=3 [] (Expecting heartbeat)
18:46:49 D hos_lwip_eth_if.cpp:513 wa(0x3fcaf8a8): Status: server 1 oper_up 0 link_up 0/0 hf 90624
18:46:49 D esp32xx_wifi_if.cpp:234 PK check: link 1 gw 1 UC 1017 MC 670 ctr 16/105 ping 0 num_act 0
18:46:49 D hos_lwip_eth_if.cpp:513 ws(0x3fcc5afc): Status: server 0 oper_up 1 link_up 1/1 hf 89972
18:46:50 W shelly_tmcu.cpp:507     Heartbeat timed out!
18:46:50 D shelly_tmcu.cpp:927     Process 1 commands
18:46:50 D shelly_tmcu.cpp:890     TX: 0x00 v=3 [] (Expecting heartbeat)
18:46:51 W shelly_tmcu.cpp:507     Heartbeat timed out!
18:46:51 D shelly_tmcu.cpp:927     Process 1 commands
18:46:51 D shelly_tmcu.cpp:890     TX: 0x00 v=3 [] (Expecting heartbeat)
18:46:51 D hos_lwip_eth_if.cpp:513 wa(0x3fcaf8a8): Status: server 1 oper_up 0 link_up 0/0 hf 89432
18:46:51 D esp32xx_wifi_if.cpp:234 PK check: link 1 gw 1 UC 1022 MC 677 ctr 16/105 ping 0 num_act 0
18:46:51 D hos_lwip_eth_if.cpp:513 ws(0x3fcc5afc): Status: server 0 oper_up 1 link_up 1/1 hf 88696
18:46:52 D shos_http_base.cpp:443  0x3fcc6c5c: Send WS ping
18:46:52 W shelly_tmcu.cpp:507     Heartbeat timed out!
18:46:52 D shos_http_base.cpp:555  0x3fcc6c5c: Recd WS pong
18:46:52 D shelly_tmcu.cpp:927     Process 1 commands
18:46:52 D shelly_tmcu.cpp:890     TX: 0x00 v=3 [] (Expecting heartbeat)
18:46:53 W shelly_tmcu.cpp:507     Heartbeat timed out!
18:46:53 D shelly_tmcu.cpp:927     Process 1 commands
18:46:53 D shelly_tmcu.cpp:890     TX: 0x00 v=3 [] (Expecting heartbeat)
18:46:53 D hos_lwip_eth_if.cpp:513 wa(0x3fcaf8a8): Status: server 1 oper_up 0 link_up 0/0 hf 91076
18:46:53 D esp32xx_wifi_if.cpp:234 PK check: link 1 gw 1 UC 1030 MC 682 ctr 16/105 ping 0 num_act 0
18:46:53 D hos_lwip_eth_if.cpp:513 ws(0x3fcc5afc): Status: server 0 oper_up 1 link_up 1/1 hf 90344
18:46:54 W shelly_tmcu.cpp:507     Heartbeat timed out!
18:46:54 D shelly_tmcu.cpp:927     Process 1 commands
18:46:54 D shelly_tmcu.cpp:890     TX: 0x00 v=3 [] (Expecting heartbeat)
18:46:55 W shelly_tmcu.cpp:507     Heartbeat timed out!
18:46:55 D shelly_tmcu.cpp:927     Process 1 commands
18:46:55 D shelly_tmcu.cpp:890     TX: 0x00 v=3 [] (Expecting heartbeat)
18:46:55 D hos_lwip_eth_if.cpp:513 wa(0x3fcaf8a8): Status: server 1 oper_up 0 link_up 0/0 hf 91076
18:46:55 D esp32xx_wifi_if.cpp:234 PK check: link 1 gw 1 UC 1036 MC 686 ctr 16/105 ping 0 num_act 0
18:46:55 D hos_lwip_eth_if.cpp:513 ws(0x3fcc5afc): Status: server 0 oper_up 1 link_up 1/1 hf 90344
18:46:56 W shelly_tmcu.cpp:507     Heartbeat timed out!
18:46:56 D shelly_tmcu.cpp:927     Process 1 commands
18:46:56 D shelly_tmcu.cpp:890     TX: 0x00 v=3 [] (Expecting heartbeat)
18:46:57 W shelly_tmcu.cpp:507     Heartbeat timed out!
18:46:57 D shelly_tmcu.cpp:927     Process 1 commands
18:46:57 D shelly_tmcu.cpp:890     TX: 0x00 v=3 [] (Expecting heartbeat)
18:46:57 D hos_lwip_eth_if.cpp:513 wa(0x3fcaf8a8): Status: server 1 oper_up 0 link_up 0/0 hf 91076
18:46:57 D esp32xx_wifi_if.cpp:234 PK check: link 1 gw 1 UC 1042 MC 692 ctr 16/105 ping 0 num_act 0
18:46:57 D hos_lwip_eth_if.cpp:513 ws(0x3fcc5afc): Status: server 0 oper_up 1 link_up 1/1 hf 90344
18:46:57 D shos_wifi_sta.cpp:524   State 8 ev -1 timeout 1
18:46:57 D shos_wifi_sta.cpp:813   Avg RSSI -63, ok
18:46:58 W shelly_tmcu.cpp:507     Heartbeat timed out!
18:46:58 D shelly_tmcu.cpp:927     Process 1 commands
18:46:58 D shelly_tmcu.cpp:890     TX: 0x00 v=3 [] (Expecting heartbeat)
18:46:59 W shelly_tmcu.cpp:507     Heartbeat timed out!
18:46:59 D shelly_tmcu.cpp:927     Process 1 commands
18:46:59 D shelly_tmcu.cpp:890     TX: 0x00 v=3 [] (Expecting heartbeat)
18:46:59 D hos_lwip_eth_if.cpp:513 wa(0x3fcaf8a8): Status: server 1 oper_up 0 link_up 0/0 hf 91076
18:46:59 D esp32xx_wifi_if.cpp:234 PK check: link 1 gw 1 UC 1049 MC 696 ctr 16/105 ping 0 num_act 0
18:46:59 D hos_lwip_eth_if.cpp:513 ws(0x3fcc5afc): Status: server 0 oper_up 1 link_up 1/1 hf 90344
18:47:00 W shelly_tmcu.cpp:507     Heartbeat timed out!
18:47:00 D shelly_tmcu.cpp:927     Process 1 commands
18:47:00 D shelly_tmcu.cpp:890     TX: 0x00 v=3 [] (Expecting heartbeat)
18:47:00 D shos_vfs.c:622          lseek 256 0 0 => 0x3fca5b3c:0 => 0
18:47:00 D shos_vfs.c:622          lseek 256 0 0 => 0x3fca5b3c:0 => 0
18:47:00 D shos_vfs.c:622          lseek 256 3027 0 => 0x3fca5b3c:0 => 3027
18:47:00 D shos_vfs.c:622          lseek 256 0 0 => 0x3fca5b3c:0 => 0
18:47:00 D shos_vfs.c:622          lseek 256 0 0 => 0x3fca5b3c:0 => 0
18:47:00 D shos_vfs.c:622          lseek 256 803 0 => 0x3fca5b3c:0 => 803
18:47:00 I shelly_script.cpp:204   service:0 0.2% CPU utilization
18:47:01 W shelly_tmcu.cpp:507     Heartbeat timed out!
18:47:01 D shelly_tmcu.cpp:927     Process 1 commands
18:47:01 D shelly_tmcu.cpp:890     TX: 0x00 v=3 [] (Expecting heartbeat)
18:47:01 D hos_lwip_eth_if.cpp:513 wa(0x3fcaf8a8): Status: server 1 oper_up 0 link_up 0/0 hf 91076
18:47:01 D esp32xx_wifi_if.cpp:234 PK check: link 1 gw 1 UC 1056 MC 709 ctr 16/105 ping 0 num_act 0
18:47:01 D hos_lwip_eth_if.cpp:513 ws(0x3fcc5afc): Status: server 0 oper_up 1 link_up 1/1 hf 90344
18:47:02 W shelly_tmcu.cpp:507     Heartbeat timed out!
18:47:02 D shelly_tmcu.cpp:927     Process 1 commands
18:47:02 D shelly_tmcu.cpp:890     TX: 0x00 v=3 [] (Expecting heartbeat)
18:47:03 W shelly_tmcu.cpp:507     Heartbeat timed out!
18:47:03 D shelly_tmcu.cpp:927     Process 1 commands
18:47:03 D shelly_tmcu.cpp:890     TX: 0x00 v=3 [] (Expecting heartbeat)
18:47:03 D hos_lwip_eth_if.cpp:513 wa(0x3fcaf8a8): Status: server 1 oper_up 0 link_up 0/0 hf 91076
18:47:03 D esp32xx_wifi_if.cpp:234 PK check: link 1 gw 1 UC 1062 MC 716 ctr 16/105 ping 0 num_act 0
18:47:03 D hos_lwip_eth_if.cpp:513 ws(0x3fcc5afc): Status: server 0 oper_up 1 link_up 1/1 hf 90344
18:47:04 W shelly_tmcu.cpp:507     Heartbeat timed out!
18:47:04 D shelly_tmcu.cpp:927     Process 1 commands
18:47:04 D shelly_tmcu.cpp:890     TX: 0x00 v=3 [] (Expecting heartbeat)
18:47:05 W shelly_tmcu.cpp:507     Heartbeat timed out!
18:47:05 D shelly_tmcu.cpp:927     Process 1 commands
18:47:05 D shelly_tmcu.cpp:890     TX: 0x00 v=3 [] (Expecting heartbeat)
18:47:05 D hos_lwip_eth_if.cpp:513 wa(0x3fcaf8a8): Status: server 1 oper_up 0 link_up 0/0 hf 91076
18:47:05 D esp32xx_wifi_if.cpp:234 PK check: link 1 gw 1 UC 1068 MC 722 ctr 16/105 ping 0 num_act 0
18:47:05 D hos_lwip_eth_if.cpp:513 ws(0x3fcc5afc): Status: server 0 oper_up 1 link_up 1/1 hf 90344
18:47:06 W shelly_tmcu.cpp:507     Heartbeat timed out!
18:47:06 D shelly_tmcu.cpp:927     Process 1 commands
18:47:06 D shelly_tmcu.cpp:890     TX: 0x00 v=3 [] (Expecting heartbeat)
18:47:07 W shelly_tmcu.cpp:507     Heartbeat timed out!
18:47:07 D shelly_tmcu.cpp:927     Process 1 commands
18:47:07 D shelly_tmcu.cpp:890     TX: 0x00 v=3 [] (Expecting heartbeat)
18:47:07 D hos_lwip_eth_if.cpp:513 wa(0x3fcaf8a8): Status: server 1 oper_up 0 link_up 0/0 hf 91076
18:47:07 D esp32xx_wifi_if.cpp:234 PK check: link 1 gw 1 UC 1076 MC 728 ctr 16/105 ping 0 num_act 0
18:47:07 D hos_lwip_eth_if.cpp:513 ws(0x3fcc5afc): Status: server 0 oper_up 1 link_up 1/1 hf 90344
18:47:08 W shelly_tmcu.cpp:507     Heartbeat timed out!
18:47:08 D shelly_tmcu.cpp:927     Process 1 commands
18:47:08 D shelly_tmcu.cpp:890     TX: 0x00 v=3 [] (Expecting heartbeat)
18:47:09 W shelly_tmcu.cpp:507     Heartbeat timed out!
18:47:09 D shelly_tmcu.cpp:927     Process 1 commands
18:47:09 D shelly_tmcu.cpp:890     TX: 0x00 v=3 [] (Expecting heartbeat)
18:47:09 D hos_lwip_eth_if.cpp:513 wa(0x3fcaf8a8): Status: server 1 oper_up 0 link_up 0/0 hf 91076
18:47:09 D esp32xx_wifi_if.cpp:234 PK check: link 1 gw 1 UC 1082 MC 733 ctr 16/105 ping 0 num_act 0
18:47:09 D hos_lwip_eth_if.cpp:513 ws(0x3fcc5afc): Status: server 0 oper_up 1 link_up 1/1 hf 90344
18:47:10 W shelly_tmcu.cpp:507     Heartbeat timed out!
18:47:10 D shelly_tmcu.cpp:927     Process 1 commands
18:47:10 D shelly_tmcu.cpp:890     TX: 0x00 v=3 [] (Expecting heartbeat)
18:47:11 W shelly_tmcu.cpp:507     Heartbeat timed out!
18:47:11 D shelly_tmcu.cpp:927     Process 1 commands
18:47:11 D shelly_tmcu.cpp:890     TX: 0x00 v=3 [] (Expecting heartbeat)
18:47:11 D hos_lwip_eth_if.cpp:513 wa(0x3fcaf8a8): Status: server 1 oper_up 0 link_up 0/0 hf 91076
18:47:11 D esp32xx_wifi_if.cpp:234 PK check: link 1 gw 1 UC 1088 MC 739 ctr 16/105 ping 0 num_act 0
18:47:11 D hos_lwip_eth_if.cpp:513 ws(0x3fcc5afc): Status: server 0 oper_up 1 link_up 1/1 hf 90336
18:47:12 W shelly_tmcu.cpp:507     Heartbeat timed out!
18:47:12 D shelly_tmcu.cpp:927     Process 1 commands
18:47:12 D shelly_tmcu.cpp:890     TX: 0x00 v=3 [] (Expecting heartbeat)
18:47:12 D shos_wifi_sta.cpp:524   State 8 ev -1 timeout 1
18:47:12 D shos_wifi_sta.cpp:813   Avg RSSI -63, ok
18:47:13 W shelly_tmcu.cpp:507     Heartbeat timed out!
18:47:13 D shelly_tmcu.cpp:927     Process 1 commands
18:47:13 D shelly_tmcu.cpp:890     TX: 0x00 v=3 [] (Expecting heartbeat)
18:47:13 D hos_lwip_eth_if.cpp:513 wa(0x3fcaf8a8): Status: server 1 oper_up 0 link_up 0/0 hf 91076
18:47:13 D esp32xx_wifi_if.cpp:234 PK check: link 1 gw 1 UC 1095 MC 744 ctr 16/105 ping 0 num_act 0
18:47:13 D hos_lwip_eth_if.cpp:513 ws(0x3fcc5afc): Status: server 0 oper_up 1 link_up 1/1 hf 90336
18:47:14 W shelly_tmcu.cpp:507     Heartbeat timed out!
18:47:14 D shelly_tmcu.cpp:927     Process 1 commands
18:47:14 D shelly_tmcu.cpp:890     TX: 0x00 v=3 [] (Expecting heartbeat)
18:47:15 W shelly_tmcu.cpp:507     Heartbeat timed out!
18:47:15 D shelly_tmcu.cpp:927     Process 1 commands
18:47:15 D shelly_tmcu.cpp:890     TX: 0x00 v=3 [] (Expecting heartbeat)
18:47:15 D hos_lwip_eth_if.cpp:513 wa(0x3fcaf8a8): Status: server 1 oper_up 0 link_up 0/0 hf 91076
18:47:15 D esp32xx_wifi_if.cpp:234 PK check: link 1 gw 1 UC 1101 MC 749 ctr 16/105 ping 0 num_act 0
18:47:15 D hos_lwip_eth_if.cpp:513 ws(0x3fcc5afc): Status: server 0 oper_up 1 link_up 1/1 hf 90336
18:47:16 W shelly_tmcu.cpp:507     Heartbeat timed out!
18:47:16 D shelly_tmcu.cpp:927     Process 1 commands
18:47:16 D shelly_tmcu.cpp:890     TX: 0x00 v=3 [] (Expecting heartbeat)
18:47:17 W shelly_tmcu.cpp:507     Heartbeat timed out!
18:47:17 D shelly_tmcu.cpp:927     Process 1 commands
18:47:17 D shelly_tmcu.cpp:890     TX: 0x00 v=3 [] (Expecting heartbeat)
18:47:17 D hos_lwip_eth_if.cpp:513 wa(0x3fcaf8a8): Status: server 1 oper_up 0 link_up 0/0 hf 91076
18:47:17 D esp32xx_wifi_if.cpp:234 PK check: link 1 gw 1 UC 1107 MC 755 ctr 16/105 ping 0 num_act 0
18:47:17 D hos_lwip_eth_if.cpp:513 ws(0x3fcc5afc): Status: server 0 oper_up 1 link_up 1/1 hf 90336
18:47:18 W shelly_tmcu.cpp:507     Heartbeat timed out!
18:47:18 D shelly_tmcu.cpp:927     Process 1 commands
18:47:18 D shelly_tmcu.cpp:890     TX: 0x00 v=3 [] (Expecting heartbeat)
18:47:19 W shelly_tmcu.cpp:507     Heartbeat timed out!
18:47:19 D shelly_tmcu.cpp:927     Process 1 commands
18:47:19 D shelly_tmcu.cpp:890     TX: 0x00 v=3 [] (Expecting heartbeat)
18:47:19 D hos_lwip_eth_if.cpp:513 wa(0x3fcaf8a8): Status: server 1 oper_up 0 link_up 0/0 hf 91076
18:47:19 D esp32xx_wifi_if.cpp:234 PK check: link 1 gw 1 UC 1113 MC 760 ctr 16/105 ping 0 num_act 0
18:47:19 D hos_lwip_eth_if.cpp:513 ws(0x3fcc5afc): Status: server 0 oper_up 1 link_up 1/1 hf 90336
18:47:20 W shelly_tmcu.cpp:507     Heartbeat timed out!
18:47:20 D shelly_tmcu.cpp:927     Process 1 commands
18:47:20 D shelly_tmcu.cpp:890     TX: 0x00 v=3 [] (Expecting heartbeat)
18:47:21 W shelly_tmcu.cpp:507     Heartbeat timed out!
18:47:21 D shelly_tmcu.cpp:927     Process 1 commands
18:47:21 D shelly_tmcu.cpp:890     TX: 0x00 v=3 [] (Expecting heartbeat)
18:47:21 D hos_lwip_eth_if.cpp:513 wa(0x3fcaf8a8): Status: server 1 oper_up 0 link_up 0/0 hf 91076
18:47:21 D esp32xx_wifi_if.cpp:234 PK check: link 1 gw 1 UC 1119 MC 771 ctr 16/105 ping 0 num_act 0
18:47:21 D hos_lwip_eth_if.cpp:513 ws(0x3fcc5afc): Status: server 0 oper_up 1 link_up 1/1 hf 90336
18:47:22 W shelly_tmcu.cpp:507     Heartbeat timed out!
18:47:22 D shelly_tmcu.cpp:927     Process 1 commands
18:47:22 D shelly_tmcu.cpp:890     TX: 0x00 v=3 [] (Expecting heartbeat)
18:47:22 D shos_http_base.cpp:443  0x3fcc6c5c: Send WS ping
18:47:22 D shos_http_base.cpp:555  0x3fcc6c5c: Recd WS pong
18:47:23 W shelly_tmcu.cpp:507     Heartbeat timed out!
18:47:23 D shelly_tmcu.cpp:927     Process 1 commands
18:47:23 D shelly_tmcu.cpp:890     TX: 0x00 v=3 [] (Expecting heartbeat)
18:47:23 D hos_lwip_eth_if.cpp:513 wa(0x3fcaf8a8): Status: server 1 oper_up 0 link_up 0/0 hf 91076
18:47:23 D esp32xx_wifi_if.cpp:234 PK check: link 1 gw 1 UC 1127 MC 779 ctr 16/105 ping 0 num_act 0
18:47:23 D hos_lwip_eth_if.cpp:513 ws(0x3fcc5afc): Status: server 0 oper_up 1 link_up 1/1 hf 90336
18:47:24 W shelly_tmcu.cpp:507     Heartbeat timed out!
18:47:24 D shelly_tmcu.cpp:927     Process 1 commands
18:47:24 D shelly_tmcu.cpp:890     TX: 0x00 v=3 [] (Expecting heartbeat)
18:47:25 W shelly_tmcu.cpp:507     Heartbeat timed out!
18:47:25 D shelly_tmcu.cpp:927     Process 1 commands
18:47:25 D shelly_tmcu.cpp:890     TX: 0x00 v=3 [] (Expecting heartbeat)
18:47:25 D hos_lwip_eth_if.cpp:513 wa(0x3fcaf8a8): Status: server 1 oper_up 0 link_up 0/0 hf 91076
18:47:25 D esp32xx_wifi_if.cpp:234 PK check: link 1 gw 1 UC 1133 MC 782 ctr 16/105 ping 0 num_act 0
18:47:25 D hos_lwip_eth_if.cpp:513 ws(0x3fcc5afc): Status: server 0 oper_up 1 link_up 1/1 hf 90336
18:47:26 W shelly_tmcu.cpp:507     Heartbeat timed out!
18:47:26 D shelly_tmcu.cpp:927     Process 1 commands
18:47:26 D shelly_tmcu.cpp:890     TX: 0x00 v=3 [] (Expecting heartbeat)
18:47:27 W shelly_tmcu.cpp:507     Heartbeat timed out!
18:47:27 D shelly_tmcu.cpp:927     Process 1 commands
18:47:27 D shelly_tmcu.cpp:890     TX: 0x00 v=3 [] (Expecting heartbeat)
18:47:27 D shos_wifi_sta.cpp:524   State 8 ev -1 timeout 1
18:47:27 D shos_wifi_sta.cpp:813   Avg RSSI -63, ok
18:47:27 D hos_lwip_eth_if.cpp:513 wa(0x3fcaf8a8): Status: server 1 oper_up 0 link_up 0/0 hf 89424
18:47:27 D esp32xx_wifi_if.cpp:234 PK check: link 1 gw 1 UC 1139 MC 786 ctr 16/105 ping 0 num_act 0
18:47:27 D hos_lwip_eth_if.cpp:513 ws(0x3fcc5afc): Status: server 0 oper_up 1 link_up 1/1 hf 88684
18:47:28 W shelly_tmcu.cpp:507     Heartbeat timed out!
18:47:28 D shelly_tmcu.cpp:927     Process 1 commands
18:47:28 D shelly_tmcu.cpp:890     TX: 0x00 v=3 [] (Expecting heartbeat)
18:47:29 W shelly_tmcu.cpp:507     Heartbeat timed out!
18:47:29 D shelly_tmcu.cpp:927     Process 1 commands
18:47:29 D shelly_tmcu.cpp:890     TX: 0x00 v=3 [] (Expecting heartbeat)
18:47:29 D hos_lwip_eth_if.cpp:513 wa(0x3fcaf8a8): Status: server 1 oper_up 0 link_up 0/0 hf 91076
18:47:29 D esp32xx_wifi_if.cpp:234 PK check: link 1 gw 1 UC 1146 MC 794 ctr 16/105 ping 0 num_act 0
18:47:29 D hos_lwip_eth_if.cpp:513 ws(0x3fcc5afc): Status: server 0 oper_up 1 link_up 1/1 hf 88580
18:47:30 W shelly_tmcu.cpp:507     Heartbeat timed out!
18:47:30 D shelly_tmcu.cpp:927     Process 1 commands
18:47:30 D shelly_tmcu.cpp:890     TX: 0x00 v=3 [] (Expecting heartbeat)
18:47:30 D shos_vfs.c:622          lseek 256 0 0 => 0x3fca5b3c:0 => 0
18:47:30 D shos_vfs.c:622          lseek 256 0 0 => 0x3fca5b3c:0 => 0
18:47:30 D shos_vfs.c:622          lseek 256 3027 0 => 0x3fca5b3c:0 => 3027
18:47:30 D shos_vfs.c:622          lseek 256 0 0 => 0x3fca5b3c:0 => 0
18:47:30 D shos_vfs.c:622          lseek 256 0 0 => 0x3fca5b3c:0 => 0
18:47:30 D shos_vfs.c:622          lseek 256 803 0 => 0x3fca5b3c:0 => 803
18:47:30 I shelly_script.cpp:204   service:0 0.2% CPU utilization
18:47:31 W shelly_tmcu.cpp:507     Heartbeat timed out!
18:47:31 D shelly_tmcu.cpp:927     Process 1 commands
18:47:31 D shelly_tmcu.cpp:890     TX: 0x00 v=3 [] (Expecting heartbeat)
18:47:31 D hos_lwip_eth_if.cpp:513 wa(0x3fcaf8a8): Status: server 1 oper_up 0 link_up 0/0 hf 91076
18:47:32 D esp32xx_wifi_if.cpp:234 PK check: link 1 gw 1 UC 1154 MC 800 ctr 16/105 ping 0 num_act 0
18:47:32 D hos_lwip_eth_if.cpp:513 ws(0x3fcc5afc): Status: server 0 oper_up 1 link_up 1/1 hf 90336
18:47:32 W shelly_tmcu.cpp:507     Heartbeat timed out!
18:47:32 D shelly_tmcu.cpp:927     Process 1 commands
18:47:32 D shelly_tmcu.cpp:890     TX: 0x00 v=3 [] (Expecting heartbeat)
18:47:33 W shelly_tmcu.cpp:507     Heartbeat timed out!
18:47:33 D shelly_tmcu.cpp:927     Process 1 commands
18:47:33 D shelly_tmcu.cpp:890     TX: 0x00 v=3 [] (Expecting heartbeat)
18:47:33 D hos_lwip_eth_if.cpp:513 wa(0x3fcaf8a8): Status: server 1 oper_up 0 link_up 0/0 hf 91076
18:47:34 D esp32xx_wifi_if.cpp:234 PK check: link 1 gw 1 UC 1160 MC 805 ctr 16/105 ping 0 num_act 0
18:47:34 D hos_lwip_eth_if.cpp:513 ws(0x3fcc5afc): Status: server 0 oper_up 1 link_up 1/1 hf 90336
18:47:34 W shelly_tmcu.cpp:507     Heartbeat timed out!
18:47:34 D shelly_tmcu.cpp:927     Process 1 commands
18:47:34 D shelly_tmcu.cpp:890     TX: 0x00 v=3 [] (Expecting heartbeat)
18:47:35 W shelly_tmcu.cpp:507     Heartbeat timed out!
18:47:35 D shelly_tmcu.cpp:927     Process 1 commands
18:47:35 D shelly_tmcu.cpp:890     TX: 0x00 v=3 [] (Expecting heartbeat)
18:47:36 D hos_lwip_eth_if.cpp:513 wa(0x3fcaf8a8): Status: server 1 oper_up 0 link_up 0/0 hf 91076
18:47:36 D esp32xx_wifi_if.cpp:234 PK check: link 1 gw 1 UC 1166 MC 810 ctr 16/105 ping 0 num_act 0
18:47:36 D hos_lwip_eth_if.cpp:513 ws(0x3fcc5afc): Status: server 0 oper_up 1 link_up 1/1 hf 90336
18:47:36 W shelly_tmcu.cpp:507     Heartbeat timed out!
18:47:36 D shelly_tmcu.cpp:927     Process 1 commands
18:47:36 D shelly_tmcu.cpp:890     TX: 0x00 v=3 [] (Expecting heartbeat)
18:47:37 W shelly_tmcu.cpp:507     Heartbeat timed out!
18:47:37 D shelly_tmcu.cpp:927     Process 1 commands
18:47:37 D shelly_tmcu.cpp:890     TX: 0x00 v=3 [] (Expecting heartbeat)
18:47:38 D hos_lwip_eth_if.cpp:513 wa(0x3fcaf8a8): Status: server 1 oper_up 0 link_up 0/0 hf 91076
18:47:38 D esp32xx_wifi_if.cpp:234 PK check: link 1 gw 1 UC 1172 MC 816 ctr 16/105 ping 0 num_act 0
18:47:38 D hos_lwip_eth_if.cpp:513 ws(0x3fcc5afc): Status: server 0 oper_up 1 link_up 1/1 hf 90336
18:47:38 W shelly_tmcu.cpp:507     Heartbeat timed out!
18:47:38 D shelly_tmcu.cpp:927     Process 1 commands
18:47:38 D shelly_tmcu.cpp:890     TX: 0x00 v=3 [] (Expecting heartbeat)
18:47:39 W shelly_tmcu.cpp:507     Heartbeat timed out!
18:47:39 D shelly_tmcu.cpp:927     Process 1 commands
18:47:39 D shelly_tmcu.cpp:890     TX: 0x00 v=3 [] (Expecting heartbeat)
18:47:40 D hos_lwip_eth_if.cpp:513 wa(0x3fcaf8a8): Status: server 1 oper_up 0 link_up 0/0 hf 91076
18:47:40 D esp32xx_wifi_if.cpp:234 PK check: link 1 gw 1 UC 1178 MC 820 ctr 16/105 ping 0 num_act 0
18:47:40 D hos_lwip_eth_if.cpp:513 ws(0x3fcc5afc): Status: server 0 oper_up 1 link_up 1/1 hf 90336
18:47:40 W shelly_tmcu.cpp:507     Heartbeat timed out!
18:47:40 D shelly_tmcu.cpp:927     Process 1 commands
18:47:40 D shelly_tmcu.cpp:890     TX: 0x00 v=3 [] (Expecting heartbeat)
18:47:41 W shelly_tmcu.cpp:507     Heartbeat timed out!
18:47:41 D shelly_tmcu.cpp:927     Process 1 commands
18:47:41 D shelly_tmcu.cpp:890     TX: 0x00 v=3 [] (Expecting heartbeat)
18:47:42 D hos_lwip_eth_if.cpp:513 wa(0x3fcaf8a8): Status: server 1 oper_up 0 link_up 0/0 hf 91076
18:47:42 D esp32xx_wifi_if.cpp:234 PK check: link 1 gw 1 UC 1183 MC 833 ctr 16/105 ping 0 num_act 0
18:47:42 D hos_lwip_eth_if.cpp:513 ws(0x3fcc5afc): Status: server 0 oper_up 1 link_up 1/1 hf 90336
18:47:42 W shelly_tmcu.cpp:507     Heartbeat timed out!
18:47:42 D shelly_tmcu.cpp:927     Process 1 commands
18:47:42 D shelly_tmcu.cpp:890     TX: 0x00 v=3 [] (Expecting heartbeat)
18:47:42 D shos_wifi_sta.cpp:524   State 8 ev -1 timeout 1
18:47:42 D shos_wifi_sta.cpp:813   Avg RSSI -63, ok
18:47:43 W shelly_tmcu.cpp:507     Heartbeat timed out!
18:47:43 D shelly_tmcu.cpp:927     Process 1 commands
18:47:43 D shelly_tmcu.cpp:890     TX: 0x00 v=3 [] (Expecting heartbeat)
18:47:44 D hos_lwip_eth_if.cpp:513 wa(0x3fcaf8a8): Status: server 1 oper_up 0 link_up 0/0 hf 91076
18:47:44 D esp32xx_wifi_if.cpp:234 PK check: link 1 gw 1 UC 1189 MC 847 ctr 16/105 ping 0 num_act 0
18:47:44 D hos_lwip_eth_if.cpp:513 ws(0x3fcc5afc): Status: server 0 oper_up 1 link_up 1/1 hf 90336
18:47:44 W shelly_tmcu.cpp:507     Heartbeat timed out!
18:47:44 D shelly_tmcu.cpp:927     Process 1 commands
18:47:44 D shelly_tmcu.cpp:890     TX: 0x00 v=3 [] (Expecting heartbeat)
18:47:45 W shelly_tmcu.cpp:507     Heartbeat timed out!
18:47:45 D shelly_tmcu.cpp:927     Process 1 commands
18:47:45 D shelly_tmcu.cpp:890     TX: 0x00 v=3 [] (Expecting heartbeat)
18:47:46 W shelly_tmcu.cpp:507     Heartbeat timed out!
18:47:46 D hos_lwip_eth_if.cpp:513 wa(0x3fcaf8a8): Status: server 1 oper_up 0 link_up 0/0 hf 90872
18:47:46 D esp32xx_wifi_if.cpp:234 PK check: link 1 gw 1 UC 1194 MC 854 ctr 16/105 ping 0 num_act 0
18:47:46 D hos_lwip_eth_if.cpp:513 ws(0x3fcc5afc): Status: server 0 oper_up 1 link_up 1/1 hf 90136
18:47:46 D shelly_tmcu.cpp:927     Process 1 commands
18:47:46 D shelly_tmcu.cpp:890     TX: 0x00 v=3 [] (Expecting heartbeat)
18:47:47 W shelly_tmcu.cpp:507     Heartbeat timed out!
18:47:47 D shelly_tmcu.cpp:927     Process 1 commands
18:47:47 D shelly_tmcu.cpp:890     TX: 0x00 v=3 [] (Expecting heartbeat)
18:47:48 W shelly_tmcu.cpp:507     Heartbeat timed out!
18:47:48 D hos_lwip_eth_if.cpp:513 wa(0x3fcaf8a8): Status: server 1 oper_up 0 link_up 0/0 hf 90872
18:47:48 D esp32xx_wifi_if.cpp:234 PK check: link 1 gw 1 UC 1199 MC 863 ctr 16/105 ping 0 num_act 0
18:47:48 D hos_lwip_eth_if.cpp:513 ws(0x3fcc5afc): Status: server 0 oper_up 1 link_up 1/1 hf 90136
18:47:48 D shelly_tmcu.cpp:927     Process 1 commands
18:47:48 D shelly_tmcu.cpp:890     TX: 0x00 v=3 [] (Expecting heartbeat)
18:47:49 W shelly_tmcu.cpp:507     Heartbeat timed out!
18:47:49 D shelly_tmcu.cpp:927     Process 1 commands
18:47:49 D shelly_tmcu.cpp:890     TX: 0x00 v=3 [] (Expecting heartbeat)
18:47:50 W shelly_tmcu.cpp:507     Heartbeat timed out!
18:47:50 D hos_lwip_eth_if.cpp:513 wa(0x3fcaf8a8): Status: server 1 oper_up 0 link_up 0/0 hf 90872
18:47:50 D esp32xx_wifi_if.cpp:234 PK check: link 1 gw 1 UC 1205 MC 869 ctr 16/105 ping 0 num_act 0
18:47:50 D hos_lwip_eth_if.cpp:513 ws(0x3fcc5afc): Status: server 0 oper_up 1 link_up 1/1 hf 88380
18:47:50 D shelly_tmcu.cpp:927     Process 1 commands
18:47:50 D shelly_tmcu.cpp:890     TX: 0x00 v=3 [] (Expecting heartbeat)
18:47:51 W shelly_tmcu.cpp:507     Heartbeat timed out!
18:47:51 D shelly_tmcu.cpp:927     Process 1 commands
18:47:51 D shelly_tmcu.cpp:890     TX: 0x00 v=3 [] (Expecting heartbeat)
18:47:52 W shelly_tmcu.cpp:507     Heartbeat timed out!
18:47:52 D hos_lwip_eth_if.cpp:513 wa(0x3fcaf8a8): Status: server 1 oper_up 0 link_up 0/0 hf 91112
18:47:52 D esp32xx_wifi_if.cpp:234 PK check: link 1 gw 1 UC 1211 MC 881 ctr 16/105 ping 0 num_act 0
18:47:52 D hos_lwip_eth_if.cpp:513 ws(0x3fcc5afc): Status: server 0 oper_up 1 link_up 1/1 hf 90372
18:47:52 D shelly_tmcu.cpp:927     Process 1 commands
18:47:52 D shelly_tmcu.cpp:890     TX: 0x00 v=3 [] (Expecting heartbeat)
18:47:53 W shelly_tmcu.cpp:507     Heartbeat timed out!
18:47:53 D shelly_tmcu.cpp:927     Process 1 commands
18:47:53 D shelly_tmcu.cpp:890     TX: 0x00 v=3 [] (Expecting heartbeat)
18:47:53 D shos_http_base.cpp:443  0x3fcc6c5c: Send WS ping
18:47:53 D shos_http_base.cpp:555  0x3fcc6c5c: Recd WS pong
18:47:54 W shelly_tmcu.cpp:507     Heartbeat timed out!
18:47:54 D hos_lwip_eth_if.cpp:513 wa(0x3fcaf8a8): Status: server 1 oper_up 0 link_up 0/0 hf 91112
18:47:54 D esp32xx_wifi_if.cpp:234 PK check: link 1 gw 1 UC 1219 MC 887 ctr 16/105 ping 0 num_act 0
18:47:54 D hos_lwip_eth_if.cpp:513 ws(0x3fcc5afc): Status: server 0 oper_up 1 link_up 1/1 hf 90372
18:47:54 D shelly_tmcu.cpp:927     Process 1 commands
18:47:54 D shelly_tmcu.cpp:890     TX: 0x00 v=3 [] (Expecting heartbeat)
18:47:55 W shelly_tmcu.cpp:507     Heartbeat timed out!
18:47:55 D shelly_tmcu.cpp:927     Process 1 commands
18:47:55 D shelly_tmcu.cpp:890     TX: 0x00 v=3 [] (Expecting heartbeat)
18:47:56 W shelly_tmcu.cpp:507     Heartbeat timed out!
18:47:56 D hos_lwip_eth_if.cpp:513 wa(0x3fcaf8a8): Status: server 1 oper_up 0 link_up 0/0 hf 91112
18:47:56 D esp32xx_wifi_if.cpp:234 PK check: link 1 gw 1 UC 1224 MC 895 ctr 16/105 ping 0 num_act 0
18:47:56 D hos_lwip_eth_if.cpp:513 ws(0x3fcc5afc): Status: server 0 oper_up 1 link_up 1/1 hf 90372
18:47:56 D shelly_tmcu.cpp:927     Process 1 commands
18:47:56 D shelly_tmcu.cpp:890     TX: 0x00 v=3 [] (Expecting heartbeat)
18:47:57 W shelly_tmcu.cpp:507     Heartbeat timed out!
18:47:57 D shelly_tmcu.cpp:927     Process 1 commands
18:47:57 D shelly_tmcu.cpp:890     TX: 0x00 v=3 [] (Expecting heartbeat)
18:47:57 D shos_wifi_sta.cpp:524   State 8 ev -1 timeout 1
18:47:57 D shos_wifi_sta.cpp:813   Avg RSSI -63, ok
18:47:58 W shelly_tmcu.cpp:507     Heartbeat timed out!
18:47:58 D hos_lwip_eth_if.cpp:513 wa(0x3fcaf8a8): Status: server 1 oper_up 0 link_up 0/0 hf 91112
18:47:58 D esp32xx_wifi_if.cpp:234 PK check: link 1 gw 1 UC 1230 MC 901 ctr 16/105 ping 0 num_act 0
18:47:58 D hos_lwip_eth_if.cpp:513 ws(0x3fcc5afc): Status: server 0 oper_up 1 link_up 1/1 hf 90372
18:47:58 D shelly_tmcu.cpp:927     Process 1 commands
18:47:58 D shelly_tmcu.cpp:890     TX: 0x00 v=3 [] (Expecting heartbeat)
18:47:59 W shelly_tmcu.cpp:507     Heartbeat timed out!
18:47:59 D shelly_tmcu.cpp:927     Process 1 commands
18:47:59 D shelly_tmcu.cpp:890     TX: 0x00 v=3 [] (Expecting heartbeat)
18:48:00 W shelly_tmcu.cpp:507     Heartbeat timed out!
18:48:00 D shelly_tmcu.cpp:927     Process 1 commands
18:48:00 D shelly_tmcu.cpp:890     TX: 0x00 v=3 [] (Expecting heartbeat)
18:48:00 D hos_lwip_eth_if.cpp:513 wa(0x3fcaf8a8): Status: server 1 oper_up 0 link_up 0/0 hf 89428
18:48:00 D esp32xx_wifi_if.cpp:234 PK check: link 1 gw 1 UC 1235 MC 914 ctr 16/105 ping 0 num_act 0
18:48:00 D hos_lwip_eth_if.cpp:513 ws(0x3fcc5afc): Status: server 0 oper_up 1 link_up 1/1 hf 88688
18:48:00 D shos_vfs.c:622          lseek 256 0 0 => 0x3fca5b3c:0 => 0
18:48:00 D shos_vfs.c:622          lseek 256 0 0 => 0x3fca5b3c:0 => 0
18:48:00 D shos_vfs.c:622          lseek 256 3027 0 => 0x3fca5b3c:0 => 3027
18:48:00 D shos_vfs.c:622          lseek 256 0 0 => 0x3fca5b3c:0 => 0
18:48:00 D shos_vfs.c:622          lseek 256 0 0 => 0x3fca5b3c:0 => 0
18:48:00 D shos_vfs.c:622          lseek 256 803 0 => 0x3fca5b3c:0 => 803
18:48:00 I shelly_script.cpp:204   service:0 0.2% CPU utilization
18:48:01 W shelly_tmcu.cpp:507     Heartbeat timed out!
18:48:01 D shelly_tmcu.cpp:927     Process 1 commands
18:48:01 D shelly_tmcu.cpp:890     TX: 0x00 v=3 [] (Expecting heartbeat)
18:48:02 W shelly_tmcu.cpp:507     Heartbeat timed out!
18:48:02 D shelly_tmcu.cpp:927     Process 1 commands
18:48:02 D shelly_tmcu.cpp:890     TX: 0x00 v=3 [] (Expecting heartbeat)
18:48:02 D hos_lwip_eth_if.cpp:513 wa(0x3fcaf8a8): Status: server 1 oper_up 0 link_up 0/0 hf 89428
18:48:02 D esp32xx_wifi_if.cpp:234 PK check: link 1 gw 1 UC 1240 MC 927 ctr 16/105 ping 0 num_act 0
18:48:02 D hos_lwip_eth_if.cpp:513 ws(0x3fcc5afc): Status: server 0 oper_up 1 link_up 1/1 hf 83432
18:48:03 W shelly_tmcu.cpp:507     Heartbeat timed out!
18:48:03 D shelly_tmcu.cpp:927     Process 1 commands
18:48:03 D shelly_tmcu.cpp:890     TX: 0x00 v=3 [] (Expecting heartbeat)
18:48:04 W shelly_tmcu.cpp:507     Heartbeat timed out!
18:48:04 D shelly_tmcu.cpp:927     Process 1 commands
18:48:04 D shelly_tmcu.cpp:890     TX: 0x00 v=3 [] (Expecting heartbeat)
18:48:04 D hos_lwip_eth_if.cpp:513 wa(0x3fcaf8a8): Status: server 1 oper_up 0 link_up 0/0 hf 89432
18:48:04 D esp32xx_wifi_if.cpp:234 PK check: link 1 gw 1 UC 1246 MC 931 ctr 16/105 ping 0 num_act 0
18:48:04 D hos_lwip_eth_if.cpp:513 ws(0x3fcc5afc): Status: server 0 oper_up 1 link_up 1/1 hf 86928
18:48:05 W shelly_tmcu.cpp:507     Heartbeat timed out!
18:48:05 D shelly_tmcu.cpp:927     Process 1 commands
18:48:05 D shelly_tmcu.cpp:890     TX: 0x00 v=3 [] (Expecting heartbeat)
18:48:06 W shelly_tmcu.cpp:507     Heartbeat timed out!
18:48:06 D shelly_tmcu.cpp:927     Process 1 commands
18:48:06 D shelly_tmcu.cpp:890     TX: 0x00 v=3 [] (Expecting heartbeat)
18:48:06 D hos_lwip_eth_if.cpp:513 wa(0x3fcaf8a8): Status: server 1 oper_up 0 link_up 0/0 hf 91076
18:48:06 D esp32xx_wifi_if.cpp:234 PK check: link 1 gw 1 UC 1254 MC 937 ctr 16/105 ping 0 num_act 0
18:48:06 D hos_lwip_eth_if.cpp:513 ws(0x3fcc5afc): Status: server 0 oper_up 1 link_up 1/1 hf 90336
18:48:07 W shelly_tmcu.cpp:507     Heartbeat timed out!
18:48:07 D shelly_tmcu.cpp:927     Process 1 commands
18:48:07 D shelly_tmcu.cpp:890     TX: 0x00 v=3 [] (Expecting heartbeat)
18:48:08 W shelly_tmcu.cpp:507     Heartbeat timed out!
18:48:08 D shelly_tmcu.cpp:927     Process 1 commands
18:48:08 D shelly_tmcu.cpp:890     TX: 0x00 v=3 [] (Expecting heartbeat)
18:48:08 D hos_lwip_eth_if.cpp:513 wa(0x3fcaf8a8): Status: server 1 oper_up 0 link_up 0/0 hf 91076
18:48:08 D esp32xx_wifi_if.cpp:234 PK check: link 1 gw 1 UC 1260 MC 946 ctr 16/105 ping 0 num_act 0
18:48:08 D hos_lwip_eth_if.cpp:513 ws(0x3fcc5afc): Status: server 0 oper_up 1 link_up 1/1 hf 90336
18:48:09 W shelly_tmcu.cpp:507     Heartbeat timed out!
18:48:09 D shelly_tmcu.cpp:927     Process 1 commands
18:48:09 D shelly_tmcu.cpp:890     TX: 0x00 v=3 [] (Expecting heartbeat)
18:48:10 W shelly_tmcu.cpp:507     Heartbeat timed out!
18:48:10 D shelly_tmcu.cpp:927     Process 1 commands
18:48:10 D shelly_tmcu.cpp:890     TX: 0x00 v=3 [] (Expecting heartbeat)
18:48:10 D hos_lwip_eth_if.cpp:513 wa(0x3fcaf8a8): Status: server 1 oper_up 0 link_up 0/0 hf 91076
18:48:10 D esp32xx_wifi_if.cpp:234 PK check: link 1 gw 1 UC 1267 MC 951 ctr 16/105 ping 0 num_act 0
18:48:10 D hos_lwip_eth_if.cpp:513 ws(0x3fcc5afc): Status: server 0 oper_up 1 link_up 1/1 hf 90336
18:48:11 W shelly_tmcu.cpp:507     Heartbeat timed out!
18:48:11 D shelly_tmcu.cpp:927     Process 1 commands
18:48:11 D shelly_tmcu.cpp:890     TX: 0x00 v=3 [] (Expecting heartbeat)
18:48:12 W shelly_tmcu.cpp:507     Heartbeat timed out!
18:48:12 D shelly_tmcu.cpp:927     Process 1 commands
18:48:12 D shelly_tmcu.cpp:890     TX: 0x00 v=3 [] (Expecting heartbeat)
18:48:12 D hos_lwip_eth_if.cpp:513 wa(0x3fcaf8a8): Status: server 1 oper_up 0 link_up 0/0 hf 91076
18:48:12 D esp32xx_wifi_if.cpp:234 PK check: link 1 gw 1 UC 1273 MC 959 ctr 16/105 ping 0 num_act 0
18:48:12 D hos_lwip_eth_if.cpp:513 ws(0x3fcc5afc): Status: server 0 oper_up 1 link_up 1/1 hf 90336
18:48:12 D shos_wifi_sta.cpp:524   State 8 ev -1 timeout 1
18:48:12 D shos_wifi_sta.cpp:813   Avg RSSI -64, ok
18:48:13 W shelly_tmcu.cpp:507     Heartbeat timed out!
18:48:13 D shelly_tmcu.cpp:927     Process 1 commands
18:48:13 D shelly_tmcu.cpp:890     TX: 0x00 v=3 [] (Expecting heartbeat)
18:48:14 W shelly_tmcu.cpp:507     Heartbeat timed out!
18:48:14 D shelly_tmcu.cpp:927     Process 1 commands
18:48:14 D shelly_tmcu.cpp:890     TX: 0x00 v=3 [] (Expecting heartbeat)
18:48:14 D hos_lwip_eth_if.cpp:513 wa(0x3fcaf8a8): Status: server 1 oper_up 0 link_up 0/0 hf 91076
18:48:14 D esp32xx_wifi_if.cpp:234 PK check: link 1 gw 1 UC 1280 MC 965 ctr 16/105 ping 0 num_act 0
18:48:14 D hos_lwip_eth_if.cpp:513 ws(0x3fcc5afc): Status: server 0 oper_up 1 link_up 1/1 hf 90336
18:48:15 W shelly_tmcu.cpp:507     Heartbeat timed out!
18:48:15 D shelly_tmcu.cpp:927     Process 1 commands
18:48:15 D shelly_tmcu.cpp:890     TX: 0x00 v=3 [] (Expecting heartbeat)
18:48:16 W shelly_tmcu.cpp:507     Heartbeat timed out!
18:48:16 D shelly_tmcu.cpp:927     Process 1 commands
18:48:16 D shelly_tmcu.cpp:890     TX: 0x00 v=3 [] (Expecting heartbeat)
18:48:16 D hos_lwip_eth_if.cpp:513 wa(0x3fcaf8a8): Status: server 1 oper_up 0 link_up 0/0 hf 91076
18:48:16 D esp32xx_wifi_if.cpp:234 PK check: link 1 gw 1 UC 1286 MC 974 ctr 16/105 ping 0 num_act 0
18:48:16 D hos_lwip_eth_if.cpp:513 ws(0x3fcc5afc): Status: server 0 oper_up 1 link_up 1/1 hf 90336
18:48:17 W shelly_tmcu.cpp:507     Heartbeat timed out!
18:48:17 D shelly_tmcu.cpp:927     Process 1 commands
18:48:17 D shelly_tmcu.cpp:890     TX: 0x00 v=3 [] (Expecting heartbeat)
18:48:18 W shelly_tmcu.cpp:507     Heartbeat timed out!
18:48:18 D shelly_tmcu.cpp:927     Process 1 commands
18:48:18 D shelly_tmcu.cpp:890     TX: 0x00 v=3 [] (Expecting heartbeat)
18:48:18 D hos_lwip_eth_if.cpp:513 wa(0x3fcaf8a8): Status: server 1 oper_up 0 link_up 0/0 hf 91076
18:48:18 D esp32xx_wifi_if.cpp:234 PK check: link 1 gw 1 UC 1292 MC 979 ctr 16/105 ping 0 num_act 0
18:48:18 D hos_lwip_eth_if.cpp:513 ws(0x3fcc5afc): Status: server 0 oper_up 1 link_up 1/1 hf 90336
18:48:19 W shelly_tmcu.cpp:507     Heartbeat timed out!
18:48:19 D shelly_tmcu.cpp:927     Process 1 commands
18:48:19 D shelly_tmcu.cpp:890     TX: 0x00 v=3 [] (Expecting heartbeat)
18:48:20 W shelly_tmcu.cpp:507     Heartbeat timed out!
18:48:20 D shelly_tmcu.cpp:927     Process 1 commands
18:48:20 D shelly_tmcu.cpp:890     TX: 0x00 v=3 [] (Expecting heartbeat)
18:48:20 D hos_lwip_eth_if.cpp:513 wa(0x3fcaf8a8): Status: server 1 oper_up 0 link_up 0/0 hf 91076
18:48:20 D esp32xx_wifi_if.cpp:234 PK check: link 1 gw 1 UC 1298 MC 983 ctr 16/105 ping 0 num_act 0
18:48:20 D hos_lwip_eth_if.cpp:513 ws(0x3fcc5afc): Status: server 0 oper_up 1 link_up 1/1 hf 90336
18:48:21 W shelly_tmcu.cpp:507     Heartbeat timed out!
18:48:21 D shelly_tmcu.cpp:927     Process 1 commands
18:48:21 D shelly_tmcu.cpp:890     TX: 0x00 v=3 [] (Expecting heartbeat)
18:48:22 W shelly_tmcu.cpp:507     Heartbeat timed out!
18:48:22 D shelly_tmcu.cpp:927     Process 1 commands
18:48:22 D shelly_tmcu.cpp:890     TX: 0x00 v=3 [] (Expecting heartbeat)
18:48:22 D hos_lwip_eth_if.cpp:513 wa(0x3fcaf8a8): Status: server 1 oper_up 0 link_up 0/0 hf 91072
18:48:22 D esp32xx_wifi_if.cpp:234 PK check: link 1 gw 1 UC 1304 MC 997 ctr 16/105 ping 0 num_act 0
18:48:22 D hos_lwip_eth_if.cpp:513 ws(0x3fcc5afc): Status: server 0 oper_up 1 link_up 1/1 hf 90332
18:48:23 W shelly_tmcu.cpp:507     Heartbeat timed out!
18:48:23 D shelly_tmcu.cpp:927     Process 1 commands
18:48:23 D shelly_tmcu.cpp:890     TX: 0x00 v=3 [] (Expecting heartbeat)
18:48:24 W shelly_tmcu.cpp:507     Heartbeat timed out!
18:48:24 D shelly_tmcu.cpp:927     Process 1 commands
18:48:24 D shelly_tmcu.cpp:890     TX: 0x00 v=3 [] (Expecting heartbeat)
18:48:24 D shos_http_base.cpp:443  0x3fcc6c5c: Send WS ping
18:48:24 D shos_http_base.cpp:555  0x3fcc6c5c: Recd WS pong
18:48:24 D hos_lwip_eth_if.cpp:513 wa(0x3fcaf8a8): Status: server 1 oper_up 0 link_up 0/0 hf 90824
18:48:24 D esp32xx_wifi_if.cpp:234 PK check: link 1 gw 1 UC 1311 MC 1003 ctr 16/105 ping 0 num_act 0
18:48:24 D hos_lwip_eth_if.cpp:513 ws(0x3fcc5afc): Status: server 0 oper_up 1 link_up 1/1 hf 90084
18:48:25 W shelly_tmcu.cpp:507     Heartbeat timed out!
18:48:25 D shelly_tmcu.cpp:927     Process 1 commands
18:48:25 D shelly_tmcu.cpp:890     TX: 0x00 v=3 [] (Expecting heartbeat)
18:48:26 W shelly_tmcu.cpp:507     Heartbeat timed out!
18:48:26 D shelly_tmcu.cpp:927     Process 1 commands
18:48:26 D shelly_tmcu.cpp:890     TX: 0x00 v=3 [] (Expecting heartbeat)
18:48:26 D hos_lwip_eth_if.cpp:513 wa(0x3fcaf8a8): Status: server 1 oper_up 0 link_up 0/0 hf 91072
18:48:26 D esp32xx_wifi_if.cpp:234 PK check: link 1 gw 1 UC 1317 MC 1007 ctr 16/105 ping 0 num_act 0
18:48:26 D hos_lwip_eth_if.cpp:513 ws(0x3fcc5afc): Status: server 0 oper_up 1 link_up 1/1 hf 90332
18:48:27 W shelly_tmcu.cpp:507     Heartbeat timed out!
18:48:27 D shelly_tmcu.cpp:927     Process 1 commands
18:48:27 D shelly_tmcu.cpp:890     TX: 0x00 v=3 [] (Expecting heartbeat)
18:48:27 D shos_wifi_sta.cpp:524   State 8 ev -1 timeout 1
18:48:27 D shos_wifi_sta.cpp:813   Avg RSSI -64, ok
18:48:28 W shelly_tmcu.cpp:507     Heartbeat timed out!
18:48:28 D shelly_tmcu.cpp:927     Process 1 commands
18:48:28 D shelly_tmcu.cpp:890     TX: 0x00 v=3 [] (Expecting heartbeat)
18:48:28 D hos_lwip_eth_if.cpp:513 wa(0x3fcaf8a8): Status: server 1 oper_up 0 link_up 0/0 hf 91072
18:48:28 D esp32xx_wifi_if.cpp:234 PK check: link 1 gw 1 UC 1324 MC 1012 ctr 16/105 ping 0 num_act 0
18:48:28 D hos_lwip_eth_if.cpp:513 ws(0x3fcc5afc): Status: server 0 oper_up 1 link_up 1/1 hf 90332
18:48:29 W shelly_tmcu.cpp:507     Heartbeat timed out!
18:48:29 D shelly_tmcu.cpp:927     Process 1 commands
18:48:29 D shelly_tmcu.cpp:890     TX: 0x00 v=3 [] (Expecting heartbeat)
18:48:30 W shelly_tmcu.cpp:507     Heartbeat timed out!
18:48:30 D shelly_tmcu.cpp:927     Process 1 commands
18:48:30 D shelly_tmcu.cpp:890     TX: 0x00 v=3 [] (Expecting heartbeat)
18:48:30 D shos_vfs.c:622          lseek 256 0 0 => 0x3fca5b3c:0 => 0
18:48:30 D shos_vfs.c:622          lseek 256 0 0 => 0x3fca5b3c:0 => 0
18:48:30 D shos_vfs.c:622          lseek 256 3027 0 => 0x3fca5b3c:0 => 3027
18:48:30 D shos_vfs.c:622          lseek 256 0 0 => 0x3fca5b3c:0 => 0
18:48:30 D shos_vfs.c:622          lseek 256 0 0 => 0x3fca5b3c:0 => 0
18:48:30 D shos_vfs.c:622          lseek 256 803 0 => 0x3fca5b3c:0 => 803
18:48:30 I shelly_script.cpp:204   service:0 0.2% CPU utilization
18:48:30 D hos_lwip_eth_if.cpp:513 wa(0x3fcaf8a8): Status: server 1 oper_up 0 link_up 0/0 hf 91072
18:48:30 D esp32xx_wifi_if.cpp:234 PK check: link 1 gw 1 UC 1331 MC 1018 ctr 16/105 ping 0 num_act 0
18:48:30 D hos_lwip_eth_if.cpp:513 ws(0x3fcc5afc): Status: server 0 oper_up 1 link_up 1/1 hf 90332
18:48:31 W shelly_tmcu.cpp:507     Heartbeat timed out!
18:48:31 D shelly_tmcu.cpp:927     Process 1 commands
18:48:31 D shelly_tmcu.cpp:890     TX: 0x00 v=3 [] (Expecting heartbeat)
18:48:32 W shelly_tmcu.cpp:507     Heartbeat timed out!
18:48:32 D shelly_tmcu.cpp:927     Process 1 commands
18:48:32 D shelly_tmcu.cpp:890     TX: 0x00 v=3 [] (Expecting heartbeat)
18:48:32 D hos_lwip_eth_if.cpp:513 wa(0x3fcaf8a8): Status: server 1 oper_up 0 link_up 0/0 hf 91072
18:48:32 D esp32xx_wifi_if.cpp:234 PK check: link 1 gw 1 UC 1337 MC 1027 ctr 16/105 ping 0 num_act 0
18:48:32 D hos_lwip_eth_if.cpp:513 ws(0x3fcc5afc): Status: server 0 oper_up 1 link_up 1/1 hf 90332
18:48:33 W shelly_tmcu.cpp:507     Heartbeat timed out!
18:48:33 D shelly_tmcu.cpp:927     Process 1 commands
18:48:33 D shelly_tmcu.cpp:890     TX: 0x00 v=3 [] (Expecting heartbeat)
18:48:34 W shelly_tmcu.cpp:507     Heartbeat timed out!
18:48:34 D shelly_tmcu.cpp:927     Process 1 commands
18:48:34 D shelly_tmcu.cpp:890     TX: 0x00 v=3 [] (Expecting heartbeat)
18:48:34 D hos_lwip_eth_if.cpp:513 wa(0x3fcaf8a8): Status: server 1 oper_up 0 link_up 0/0 hf 91072
18:48:34 D esp32xx_wifi_if.cpp:234 PK check: link 1 gw 1 UC 1343 MC 1031 ctr 16/105 ping 0 num_act 0
18:48:34 D hos_lwip_eth_if.cpp:513 ws(0x3fcc5afc): Status: server 0 oper_up 1 link_up 1/1 hf 90332
18:48:35 W shelly_tmcu.cpp:507     Heartbeat timed out!
18:48:35 D shelly_tmcu.cpp:927     Process 1 commands
18:48:35 D shelly_tmcu.cpp:890     TX: 0x00 v=3 [] (Expecting heartbeat)
18:48:36 W shelly_tmcu.cpp:507     Heartbeat timed out!
18:48:36 D shelly_tmcu.cpp:927     Process 1 commands
18:48:36 D shelly_tmcu.cpp:890     TX: 0x00 v=3 [] (Expecting heartbeat)
18:48:36 D hos_lwip_eth_if.cpp:513 wa(0x3fcaf8a8): Status: server 1 oper_up 0 link_up 0/0 hf 91072
18:48:36 D esp32xx_wifi_if.cpp:234 PK check: link 1 gw 1 UC 1350 MC 1036 ctr 16/105 ping 0 num_act 0
18:48:36 D hos_lwip_eth_if.cpp:513 ws(0x3fcc5afc): Status: server 0 oper_up 1 link_up 1/1 hf 90332
18:48:37 W shelly_tmcu.cpp:507     Heartbeat timed out!
18:48:37 D shelly_tmcu.cpp:927     Process 1 commands
18:48:37 D shelly_tmcu.cpp:890     TX: 0x00 v=3 [] (Expecting heartbeat)
18:48:38 W shelly_tmcu.cpp:507     Heartbeat timed out!
18:48:38 D shelly_tmcu.cpp:927     Process 1 commands
18:48:38 D shelly_tmcu.cpp:890     TX: 0x00 v=3 [] (Expecting heartbeat)
18:48:38 D hos_lwip_eth_if.cpp:513 wa(0x3fcaf8a8): Status: server 1 oper_up 0 link_up 0/0 hf 91072
18:48:38 D esp32xx_wifi_if.cpp:234 PK check: link 1 gw 1 UC 1356 MC 1040 ctr 16/105 ping 0 num_act 0
18:48:38 D hos_lwip_eth_if.cpp:513 ws(0x3fcc5afc): Status: server 0 oper_up 1 link_up 1/1 hf 90332
18:48:39 W shelly_tmcu.cpp:507     Heartbeat timed out!
18:48:39 D shelly_tmcu.cpp:927     Process 1 commands
18:48:39 D shelly_tmcu.cpp:890     TX: 0x00 v=3 [] (Expecting heartbeat)
18:48:40 W shelly_tmcu.cpp:507     Heartbeat timed out!
18:48:40 D shelly_tmcu.cpp:927     Process 1 commands
18:48:40 D shelly_tmcu.cpp:890     TX: 0x00 v=3 [] (Expecting heartbeat)
18:48:40 D hos_lwip_eth_if.cpp:513 wa(0x3fcaf8a8): Status: server 1 oper_up 0 link_up 0/0 hf 91072
18:48:41 D esp32xx_wifi_if.cpp:234 PK check: link 1 gw 1 UC 1362 MC 1045 ctr 16/105 ping 0 num_act 0
18:48:41 D hos_lwip_eth_if.cpp:513 ws(0x3fcc5afc): Status: server 0 oper_up 1 link_up 1/1 hf 88576
18:48:41 W shelly_tmcu.cpp:507     Heartbeat timed out!
18:48:41 D shelly_tmcu.cpp:927     Process 1 commands
18:48:41 D shelly_tmcu.cpp:890     TX: 0x00 v=3 [] (Expecting heartbeat)
18:48:42 W shelly_tmcu.cpp:507     Heartbeat timed out!
18:48:42 D shelly_tmcu.cpp:927     Process 1 commands
18:48:42 D shelly_tmcu.cpp:890     TX: 0x00 v=3 [] (Expecting heartbeat)
18:48:42 D shos_wifi_sta.cpp:524   State 8 ev -1 timeout 1
18:48:42 D shos_wifi_sta.cpp:813   Avg RSSI -65, ok
18:48:42 D hos_lwip_eth_if.cpp:513 wa(0x3fcaf8a8): Status: server 1 oper_up 0 link_up 0/0 hf 91072
18:48:43 D esp32xx_wifi_if.cpp:234 PK check: link 1 gw 1 UC 1369 MC 1058 ctr 16/105 ping 0 num_act 0
18:48:43 D hos_lwip_eth_if.cpp:513 ws(0x3fcc5afc): Status: server 0 oper_up 1 link_up 1/1 hf 90332
18:48:43 W shelly_tmcu.cpp:507     Heartbeat timed out!
18:48:43 D shelly_tmcu.cpp:927     Process 1 commands
18:48:43 D shelly_tmcu.cpp:890     TX: 0x00 v=3 [] (Expecting heartbeat)
18:48:44 W shelly_tmcu.cpp:507     Heartbeat timed out!
18:48:44 D shelly_tmcu.cpp:927     Process 1 commands
18:48:44 D shelly_tmcu.cpp:890     TX: 0x00 v=3 [] (Expecting heartbeat)
18:48:45 D hos_lwip_eth_if.cpp:513 wa(0x3fcaf8a8): Status: server 1 oper_up 0 link_up 0/0 hf 91072
18:48:45 D esp32xx_wifi_if.cpp:234 PK check: link 1 gw 1 UC 1375 MC 1064 ctr 16/105 ping 0 num_act 0
18:48:45 D hos_lwip_eth_if.cpp:513 ws(0x3fcc5afc): Status: server 0 oper_up 1 link_up 1/1 hf 90332
18:48:45 W shelly_tmcu.cpp:507     Heartbeat timed out!
18:48:45 D shelly_tmcu.cpp:927     Process 1 commands
18:48:45 D shelly_tmcu.cpp:890     TX: 0x00 v=3 [] (Expecting heartbeat)
18:48:46 W shelly_tmcu.cpp:507     Heartbeat timed out!
18:48:46 D shelly_tmcu.cpp:927     Process 1 commands
18:48:46 D shelly_tmcu.cpp:890     TX: 0x00 v=3 [] (Expecting heartbeat)
18:48:47 D hos_lwip_eth_if.cpp:513 wa(0x3fcaf8a8): Status: server 1 oper_up 0 link_up 0/0 hf 91072
18:48:47 D esp32xx_wifi_if.cpp:234 PK check: link 1 gw 1 UC 1381 MC 1070 ctr 16/105 ping 0 num_act 0
18:48:47 D hos_lwip_eth_if.cpp:513 ws(0x3fcc5afc): Status: server 0 oper_up 1 link_up 1/1 hf 90332
18:48:47 W shelly_tmcu.cpp:507     Heartbeat timed out!
18:48:47 D shelly_tmcu.cpp:927     Process 1 commands
18:48:47 D shelly_tmcu.cpp:890     TX: 0x00 v=3 [] (Expecting heartbeat)
18:48:48 W shelly_tmcu.cpp:507     Heartbeat timed out!
18:48:48 D shelly_tmcu.cpp:927     Process 1 commands
18:48:48 D shelly_tmcu.cpp:890     TX: 0x00 v=3 [] (Expecting heartbeat)
18:48:49 D hos_lwip_eth_if.cpp:513 wa(0x3fcaf8a8): Status: server 1 oper_up 0 link_up 0/0 hf 91072
18:48:49 D esp32xx_wifi_if.cpp:234 PK check: link 1 gw 1 UC 1387 MC 1074 ctr 16/105 ping 0 num_act 0
18:48:49 D hos_lwip_eth_if.cpp:513 ws(0x3fcc5afc): Status: server 0 oper_up 1 link_up 1/1 hf 90332
18:48:49 W shelly_tmcu.cpp:507     Heartbeat timed out!
18:48:49 D shelly_tmcu.cpp:927     Process 1 commands
18:48:49 D shelly_tmcu.cpp:890     TX: 0x00 v=3 [] (Expecting heartbeat)
18:48:50 W shelly_tmcu.cpp:507     Heartbeat timed out!
18:48:50 D shelly_tmcu.cpp:927     Process 1 commands
18:48:50 D shelly_tmcu.cpp:890     TX: 0x00 v=3 [] (Expecting heartbeat)
18:48:51 D hos_lwip_eth_if.cpp:513 wa(0x3fcaf8a8): Status: server 1 oper_up 0 link_up 0/0 hf 91072
18:48:51 D esp32xx_wifi_if.cpp:234 PK check: link 1 gw 1 UC 1393 MC 1079 ctr 16/105 ping 0 num_act 0
18:48:51 D hos_lwip_eth_if.cpp:513 ws(0x3fcc5afc): Status: server 0 oper_up 1 link_up 1/1 hf 90332
18:48:51 W shelly_tmcu.cpp:507     Heartbeat timed out!
18:48:51 D shelly_tmcu.cpp:927     Process 1 commands
18:48:51 D shelly_tmcu.cpp:890     TX: 0x00 v=3 [] (Expecting heartbeat)
18:48:52 W shelly_tmcu.cpp:507     Heartbeat timed out!
18:48:52 D shelly_tmcu.cpp:927     Process 1 commands
18:48:52 D shelly_tmcu.cpp:890     TX: 0x00 v=3 [] (Expecting heartbeat)
18:48:53 D hos_lwip_eth_if.cpp:513 wa(0x3fcaf8a8): Status: server 1 oper_up 0 link_up 0/0 hf 91072
18:48:53 D esp32xx_wifi_if.cpp:234 PK check: link 1 gw 1 UC 1398 MC 1087 ctr 16/105 ping 0 num_act 0
18:48:53 D hos_lwip_eth_if.cpp:513 ws(0x3fcc5afc): Status: server 0 oper_up 1 link_up 1/1 hf 90332
18:48:53 W shelly_tmcu.cpp:507     Heartbeat timed out!
18:48:53 D shelly_tmcu.cpp:927     Process 1 commands
18:48:53 D shelly_tmcu.cpp:890     TX: 0x00 v=3 [] (Expecting heartbeat)
18:48:54 W shelly_tmcu.cpp:507     Heartbeat timed out!
18:48:54 D shelly_tmcu.cpp:927     Process 1 commands
18:48:54 D shelly_tmcu.cpp:890     TX: 0x00 v=3 [] (Expecting heartbeat)
18:48:55 D hos_lwip_eth_if.cpp:513 wa(0x3fcaf8a8): Status: server 1 oper_up 0 link_up 0/0 hf 91072
18:48:55 W shelly_tmcu.cpp:507     Heartbeat timed out!
18:48:55 D esp32xx_wifi_if.cpp:234 PK check: link 1 gw 1 UC 1403 MC 1094 ctr 16/105 ping 0 num_act 0
18:48:55 D hos_lwip_eth_if.cpp:513 ws(0x3fcc5afc): Status: server 0 oper_up 1 link_up 1/1 hf 90228
18:48:55 D shelly_tmcu.cpp:927     Process 1 commands
18:48:55 D shelly_tmcu.cpp:890     TX: 0x00 v=3 [] (Expecting heartbeat)
18:48:55 D shos_http_base.cpp:443  0x3fcc6c5c: Send WS ping
18:48:55 D shos_http_base.cpp:555  0x3fcc6c5c: Recd WS pong
18:48:56 W shelly_tmcu.cpp:507     Heartbeat timed out!
18:48:56 D shelly_tmcu.cpp:927     Process 1 commands
18:48:56 D shelly_tmcu.cpp:890     TX: 0x00 v=3 [] (Expecting heartbeat)
18:48:57 W shelly_tmcu.cpp:507     Heartbeat timed out!
18:48:57 D hos_lwip_eth_if.cpp:513 wa(0x3fcaf8a8): Status: server 1 oper_up 0 link_up 0/0 hf 90868
18:48:57 D esp32xx_wifi_if.cpp:234 PK check: link 1 gw 1 UC 1410 MC 1099 ctr 16/105 ping 0 num_act 0
18:48:57 D hos_lwip_eth_if.cpp:513 ws(0x3fcc5afc): Status: server 0 oper_up 1 link_up 1/1 hf 90132
18:48:57 D shelly_tmcu.cpp:927     Process 1 commands
18:48:57 D shelly_tmcu.cpp:890     TX: 0x00 v=3 [] (Expecting heartbeat)
18:48:57 D shos_wifi_sta.cpp:524   State 8 ev -1 timeout 1
18:48:57 D shos_wifi_sta.cpp:813   Avg RSSI -65, ok
18:48:58 W shelly_tmcu.cpp:507     Heartbeat timed out!
18:48:58 D shelly_tmcu.cpp:927     Process 1 commands
18:48:58 D shelly_tmcu.cpp:890     TX: 0x00 v=3 [] (Expecting heartbeat)
18:48:59 W shelly_tmcu.cpp:507     Heartbeat timed out!
18:48:59 D hos_lwip_eth_if.cpp:513 wa(0x3fcaf8a8): Status: server 1 oper_up 0 link_up 0/0 hf 90864
18:48:59 D esp32xx_wifi_if.cpp:234 PK check: link 1 gw 1 UC 1417 MC 1102 ctr 16/105 ping 0 num_act 0
18:48:59 D hos_lwip_eth_if.cpp:513 ws(0x3fcc5afc): Status: server 0 oper_up 1 link_up 1/1 hf 88364
18:48:59 D shelly_tmcu.cpp:927     Process 1 commands
18:48:59 D shelly_tmcu.cpp:890     TX: 0x00 v=3 [] (Expecting heartbeat)
18:49:00 W shelly_tmcu.cpp:507     Heartbeat timed out!
18:49:00 D shelly_tmcu.cpp:927     Process 1 commands
18:49:00 D shelly_tmcu.cpp:890     TX: 0x00 v=3 [] (Expecting heartbeat)
18:49:00 D shos_vfs.c:622          lseek 256 0 0 => 0x3fca5b3c:0 => 0
18:49:00 D shos_vfs.c:622          lseek 256 0 0 => 0x3fca5b3c:0 => 0
18:49:00 D shos_vfs.c:622          lseek 256 3027 0 => 0x3fca5b3c:0 => 3027
18:49:00 D shos_vfs.c:622          lseek 256 0 0 => 0x3fca5b3c:0 => 0
18:49:00 D shos_vfs.c:622          lseek 256 0 0 => 0x3fca5b3c:0 => 0
18:49:00 D shos_vfs.c:622          lseek 256 803 0 => 0x3fca5b3c:0 => 803
18:49:00 I shelly_script.cpp:204   service:0 0.2% CPU utilization
18:49:01 W shelly_tmcu.cpp:507     Heartbeat timed out!
18:49:01 D hos_lwip_eth_if.cpp:513 wa(0x3fcaf8a8): Status: server 1 oper_up 0 link_up 0/0 hf 91108
18:49:01 D esp32xx_wifi_if.cpp:234 PK check: link 1 gw 1 UC 1424 MC 1109 ctr 16/105 ping 0 num_act 0
18:49:01 D hos_lwip_eth_if.cpp:513 ws(0x3fcc5afc): Status: server 0 oper_up 1 link_up 1/1 hf 90364
18:49:01 D shelly_tmcu.cpp:927     Process 1 commands
18:49:01 D shelly_tmcu.cpp:890     TX: 0x00 v=3 [] (Expecting heartbeat)
18:49:02 W shelly_tmcu.cpp:507     Heartbeat timed out!
18:49:02 D shelly_tmcu.cpp:927     Process 1 commands
18:49:02 D shelly_tmcu.cpp:890     TX: 0x00 v=3 [] (Expecting heartbeat)
18:49:03 W shelly_tmcu.cpp:507     Heartbeat timed out!
18:49:03 D hos_lwip_eth_if.cpp:513 wa(0x3fcaf8a8): Status: server 1 oper_up 0 link_up 0/0 hf 91108
18:49:03 D esp32xx_wifi_if.cpp:234 PK check: link 1 gw 1 UC 1430 MC 1121 ctr 16/105 ping 0 num_act 0
18:49:03 D hos_lwip_eth_if.cpp:513 ws(0x3fcc5afc): Status: server 0 oper_up 1 link_up 1/1 hf 90364
18:49:03 D shelly_tmcu.cpp:927     Process 1 commands
18:49:03 D shelly_tmcu.cpp:890     TX: 0x00 v=3 [] (Expecting heartbeat)
18:49:04 W shelly_tmcu.cpp:507     Heartbeat timed out!
18:49:04 D shelly_tmcu.cpp:927     Process 1 commands
18:49:04 D shelly_tmcu.cpp:890     TX: 0x00 v=3 [] (Expecting heartbeat)
18:49:05 W shelly_tmcu.cpp:507     Heartbeat timed out!
18:49:05 D hos_lwip_eth_if.cpp:513 wa(0x3fcaf8a8): Status: server 1 oper_up 0 link_up 0/0 hf 91108
18:49:05 D esp32xx_wifi_if.cpp:234 PK check: link 1 gw 1 UC 1435 MC 1127 ctr 16/105 ping 0 num_act 0
18:49:05 D hos_lwip_eth_if.cpp:513 ws(0x3fcc5afc): Status: server 0 oper_up 1 link_up 1/1 hf 90364
18:49:05 D shelly_tmcu.cpp:927     Process 1 commands
18:49:05 D shelly_tmcu.cpp:890     TX: 0x00 v=3 [] (Expecting heartbeat)
18:49:06 W shelly_tmcu.cpp:507     Heartbeat timed out!
18:49:06 D shelly_tmcu.cpp:927     Process 1 commands
18:49:06 D shelly_tmcu.cpp:890     TX: 0x00 v=3 [] (Expecting heartbeat)
18:49:07 W shelly_tmcu.cpp:507     Heartbeat timed out!
18:49:07 D hos_lwip_eth_if.cpp:513 wa(0x3fcaf8a8): Status: server 1 oper_up 0 link_up 0/0 hf 91108
18:49:07 D esp32xx_wifi_if.cpp:234 PK check: link 1 gw 1 UC 1442 MC 1132 ctr 16/105 ping 0 num_act 0
18:49:07 D hos_lwip_eth_if.cpp:513 ws(0x3fcc5afc): Status: server 0 oper_up 1 link_up 1/1 hf 90364
18:49:07 D shelly_tmcu.cpp:927     Process 1 commands
18:49:07 D shelly_tmcu.cpp:890     TX: 0x00 v=3 [] (Expecting heartbeat)
18:49:08 W shelly_tmcu.cpp:507     Heartbeat timed out!
18:49:08 D shelly_tmcu.cpp:927     Process 1 commands
18:49:08 D shelly_tmcu.cpp:890     TX: 0x00 v=3 [] (Expecting heartbeat)
18:49:09 W shelly_tmcu.cpp:507     Heartbeat timed out!
18:49:09 D shelly_tmcu.cpp:927     Process 1 commands
18:49:09 D shelly_tmcu.cpp:890     TX: 0x00 v=3 [] (Expecting heartbeat)
18:49:09 D hos_lwip_eth_if.cpp:513 wa(0x3fcaf8a8): Status: server 1 oper_up 0 link_up 0/0 hf 89424
18:49:09 D esp32xx_wifi_if.cpp:234 PK check: link 1 gw 1 UC 1447 MC 1136 ctr 16/105 ping 0 num_act 0
18:49:09 D hos_lwip_eth_if.cpp:513 ws(0x3fcc5afc): Status: server 0 oper_up 1 link_up 1/1 hf 88676
18:49:10 W shelly_tmcu.cpp:507     Heartbeat timed out!
18:49:10 D shelly_tmcu.cpp:927     Process 1 commands
18:49:10 D shelly_tmcu.cpp:890     TX: 0x00 v=3 [] (Expecting heartbeat)
18:49:11 W shelly_tmcu.cpp:507     Heartbeat timed out!
18:49:11 D shelly_tmcu.cpp:927     Process 1 commands
18:49:11 D shelly_tmcu.cpp:890     TX: 0x00 v=3 [] (Expecting heartbeat)
18:49:11 D hos_lwip_eth_if.cpp:513 wa(0x3fcaf8a8): Status: server 1 oper_up 0 link_up 0/0 hf 89424
18:49:11 D esp32xx_wifi_if.cpp:234 PK check: link 1 gw 1 UC 1452 MC 1141 ctr 16/105 ping 0 num_act 0
18:49:11 D hos_lwip_eth_if.cpp:513 ws(0x3fcc5afc): Status: server 0 oper_up 1 link_up 1/1 hf 88676
18:49:12 W shelly_tmcu.cpp:507     Heartbeat timed out!
18:49:12 D shelly_tmcu.cpp:927     Process 1 commands
18:49:12 D shelly_tmcu.cpp:890     TX: 0x00 v=3 [] (Expecting heartbeat)
18:49:12 D shos_wifi_sta.cpp:524   State 8 ev -1 timeout 1
18:49:12 D shos_wifi_sta.cpp:813   Avg RSSI -64, ok
18:49:13 W shelly_tmcu.cpp:507     Heartbeat timed out!
18:49:13 D shelly_tmcu.cpp:927     Process 1 commands
18:49:13 D shelly_tmcu.cpp:890     TX: 0x00 v=3 [] (Expecting heartbeat)
18:49:13 D hos_lwip_eth_if.cpp:513 wa(0x3fcaf8a8): Status: server 1 oper_up 0 link_up 0/0 hf 91072
18:49:13 D esp32xx_wifi_if.cpp:234 PK check: link 1 gw 1 UC 1459 MC 1147 ctr 16/105 ping 0 num_act 0
18:49:13 D hos_lwip_eth_if.cpp:513 ws(0x3fcc5afc): Status: server 0 oper_up 1 link_up 1/1 hf 90328
18:49:14 W shelly_tmcu.cpp:507     Heartbeat timed out!
18:49:14 D shelly_tmcu.cpp:927     Process 1 commands
18:49:14 D shelly_tmcu.cpp:890     TX: 0x00 v=3 [] (Expecting heartbeat)
18:49:15 W shelly_tmcu.cpp:507     Heartbeat timed out!
18:49:15 D shelly_tmcu.cpp:927     Process 1 commands
18:49:15 D shelly_tmcu.cpp:890     TX: 0x00 v=3 [] (Expecting heartbeat)
18:49:15 D hos_lwip_eth_if.cpp:513 wa(0x3fcaf8a8): Status: server 1 oper_up 0 link_up 0/0 hf 91072
18:49:15 D esp32xx_wifi_if.cpp:234 PK check: link 1 gw 1 UC 1466 MC 1152 ctr 16/105 ping 0 num_act 0
18:49:15 D hos_lwip_eth_if.cpp:513 ws(0x3fcc5afc): Status: server 0 oper_up 1 link_up 1/1 hf 90328
18:49:16 W shelly_tmcu.cpp:507     Heartbeat timed out!
18:49:16 D shelly_tmcu.cpp:927     Process 1 commands
18:49:16 D shelly_tmcu.cpp:890     TX: 0x00 v=3 [] (Expecting heartbeat)
18:49:17 W shelly_tmcu.cpp:507     Heartbeat timed out!
18:49:17 D shelly_tmcu.cpp:927     Process 1 commands
18:49:17 D shelly_tmcu.cpp:890     TX: 0x00 v=3 [] (Expecting heartbeat)
18:49:17 D hos_lwip_eth_if.cpp:513 wa(0x3fcaf8a8): Status: server 1 oper_up 0 link_up 0/0 hf 91072
18:49:17 D esp32xx_wifi_if.cpp:234 PK check: link 1 gw 1 UC 1472 MC 1158 ctr 16/105 ping 0 num_act 0
18:49:17 D hos_lwip_eth_if.cpp:513 ws(0x3fcc5afc): Status: server 0 oper_up 1 link_up 1/1 hf 90328
18:49:18 W shelly_tmcu.cpp:507     Heartbeat timed out!
18:49:18 D shelly_tmcu.cpp:927     Process 1 commands
18:49:18 D shelly_tmcu.cpp:890     TX: 0x00 v=3 [] (Expecting heartbeat)
18:49:19 W shelly_tmcu.cpp:507     Heartbeat timed out!
18:49:19 D shelly_tmcu.cpp:927     Process 1 commands
18:49:19 D shelly_tmcu.cpp:890     TX: 0x00 v=3 [] (Expecting heartbeat)
18:49:19 D hos_lwip_eth_if.cpp:513 wa(0x3fcaf8a8): Status: server 1 oper_up 0 link_up 0/0 hf 91072
18:49:19 D esp32xx_wifi_if.cpp:234 PK check: link 1 gw 1 UC 1478 MC 1162 ctr 16/105 ping 0 num_act 0
18:49:19 D hos_lwip_eth_if.cpp:513 ws(0x3fcc5afc): Status: server 0 oper_up 1 link_up 1/1 hf 90328
18:49:20 W shelly_tmcu.cpp:507     Heartbeat timed out!
18:49:20 D shelly_tmcu.cpp:927     Process 1 commands
18:49:20 D shelly_tmcu.cpp:890     TX: 0x00 v=3 [] (Expecting heartbeat)
18:49:21 W shelly_tmcu.cpp:507     Heartbeat timed out!
18:49:21 D shelly_tmcu.cpp:927     Process 1 commands
18:49:21 D shelly_tmcu.cpp:890     TX: 0x00 v=3 [] (Expecting heartbeat)
18:49:21 D hos_lwip_eth_if.cpp:513 wa(0x3fcaf8a8): Status: server 1 oper_up 0 link_up 0/0 hf 91072
18:49:21 D esp32xx_wifi_if.cpp:234 PK check: link 1 gw 1 UC 1484 MC 1167 ctr 16/105 ping 0 num_act 0
18:49:21 D hos_lwip_eth_if.cpp:513 ws(0x3fcc5afc): Status: server 0 oper_up 1 link_up 1/1 hf 90328
18:49:22 W shelly_tmcu.cpp:507     Heartbeat timed out!
18:49:22 D shelly_tmcu.cpp:927     Process 1 commands
18:49:22 D shelly_tmcu.cpp:890     TX: 0x00 v=3 [] (Expecting heartbeat)
18:49:23 W shelly_tmcu.cpp:507     Heartbeat timed out!
18:49:23 D shelly_tmcu.cpp:927     Process 1 commands
18:49:23 D shelly_tmcu.cpp:890     TX: 0x00 v=3 [] (Expecting heartbeat)
18:49:23 D hos_lwip_eth_if.cpp:513 wa(0x3fcaf8a8): Status: server 1 oper_up 0 link_up 0/0 hf 91072
18:49:23 D esp32xx_wifi_if.cpp:234 PK check: link 1 gw 1 UC 1490 MC 1175 ctr 16/105 ping 0 num_act 0
18:49:23 D hos_lwip_eth_if.cpp:513 ws(0x3fcc5afc): Status: server 0 oper_up 1 link_up 1/1 hf 90328
18:49:24 W shelly_tmcu.cpp:507     Heartbeat timed out!
18:49:24 D shelly_tmcu.cpp:927     Process 1 commands
18:49:24 D shelly_tmcu.cpp:890     TX: 0x00 v=3 [] (Expecting heartbeat)
18:49:25 W shelly_tmcu.cpp:507     Heartbeat timed out!
18:49:25 D shelly_tmcu.cpp:927     Process 1 commands
18:49:25 D shelly_tmcu.cpp:890     TX: 0x00 v=3 [] (Expecting heartbeat)
18:49:25 D hos_lwip_eth_if.cpp:513 wa(0x3fcaf8a8): Status: server 1 oper_up 0 link_up 0/0 hf 91072
18:49:25 D esp32xx_wifi_if.cpp:234 PK check: link 1 gw 1 UC 1496 MC 1180 ctr 16/105 ping 0 num_act 0
18:49:25 D hos_lwip_eth_if.cpp:513 ws(0x3fcc5afc): Status: server 0 oper_up 1 link_up 1/1 hf 90328
18:49:26 W shelly_tmcu.cpp:507     Heartbeat timed out!
18:49:26 D shelly_tmcu.cpp:927     Process 1 commands
18:49:26 D shelly_tmcu.cpp:890     TX: 0x00 v=3 [] (Expecting heartbeat)
18:49:26 D shos_http_base.cpp:443  0x3fcc6c5c: Send WS ping
18:49:26 D shos_http_base.cpp:555  0x3fcc6c5c: Recd WS pong
18:49:27 W shelly_tmcu.cpp:507     Heartbeat timed out!
18:49:27 D shelly_tmcu.cpp:927     Process 1 commands
18:49:27 D shelly_tmcu.cpp:890     TX: 0x00 v=3 [] (Expecting heartbeat)
18:49:27 D hos_lwip_eth_if.cpp:513 wa(0x3fcaf8a8): Status: server 1 oper_up 0 link_up 0/0 hf 91072
18:49:27 D esp32xx_wifi_if.cpp:234 PK check: link 1 gw 1 UC 1504 MC 1182 ctr 16/105 ping 0 num_act 0
18:49:27 D hos_lwip_eth_if.cpp:513 ws(0x3fcc5afc): Status: server 0 oper_up 1 link_up 1/1 hf 90328
18:49:27 D shos_wifi_sta.cpp:524   State 8 ev -1 timeout 1
18:49:27 D shos_wifi_sta.cpp:813   Avg RSSI -64, ok
18:49:28 W shelly_tmcu.cpp:507     Heartbeat timed out!
18:49:28 D shelly_tmcu.cpp:927     Process 1 commands
18:49:28 D shelly_tmcu.cpp:890     TX: 0x00 v=3 [] (Expecting heartbeat)
18:49:29 W shelly_tmcu.cpp:507     Heartbeat timed out!
18:49:29 D shelly_tmcu.cpp:927     Process 1 commands
18:49:29 D shelly_tmcu.cpp:890     TX: 0x00 v=3 [] (Expecting heartbeat)
18:49:29 D hos_lwip_eth_if.cpp:513 wa(0x3fcaf8a8): Status: server 1 oper_up 0 link_up 0/0 hf 91072
18:49:29 D esp32xx_wifi_if.cpp:234 PK check: link 1 gw 1 UC 1511 MC 1190 ctr 16/105 ping 0 num_act 0
18:49:29 D hos_lwip_eth_if.cpp:513 ws(0x3fcc5afc): Status: server 0 oper_up 1 link_up 1/1 hf 90328
18:49:30 W shelly_tmcu.cpp:507     Heartbeat timed out!
18:49:30 D shelly_tmcu.cpp:927     Process 1 commands
18:49:30 D shelly_tmcu.cpp:890     TX: 0x00 v=3 [] (Expecting heartbeat)
18:49:30 D shos_vfs.c:622          lseek 256 0 0 => 0x3fca5b3c:0 => 0
18:49:30 D shos_vfs.c:622          lseek 256 0 0 => 0x3fca5b3c:0 => 0
18:49:30 D shos_vfs.c:622          lseek 256 3027 0 => 0x3fca5b3c:0 => 3027
18:49:30 D shos_vfs.c:622          lseek 256 0 0 => 0x3fca5b3c:0 => 0
18:49:30 D shos_vfs.c:622          lseek 256 0 0 => 0x3fca5b3c:0 => 0
18:49:30 D shos_vfs.c:622          lseek 256 803 0 => 0x3fca5b3c:0 => 803
18:49:30 I shelly_script.cpp:204   service:0 0.2% CPU utilization
18:49:31 W shelly_tmcu.cpp:507     Heartbeat timed out!
18:49:31 D shelly_tmcu.cpp:927     Process 1 commands
18:49:31 D shelly_tmcu.cpp:890     TX: 0x00 v=3 [] (Expecting heartbeat)
18:49:31 D hos_lwip_eth_if.cpp:513 wa(0x3fcaf8a8): Status: server 1 oper_up 0 link_up 0/0 hf 91072
18:49:31 D esp32xx_wifi_if.cpp:234 PK check: link 1 gw 1 UC 1518 MC 1197 ctr 16/105 ping 0 num_act 0
18:49:31 D hos_lwip_eth_if.cpp:513 ws(0x3fcc5afc): Status: server 0 oper_up 1 link_up 1/1 hf 90328
18:49:32 W shelly_tmcu.cpp:507     Heartbeat timed out!
18:49:32 D shelly_tmcu.cpp:927     Process 1 commands
18:49:32 D shelly_tmcu.cpp:890     TX: 0x00 v=3 [] (Expecting heartbeat)
18:49:33 W shelly_tmcu.cpp:507     Heartbeat timed out!
18:49:33 D shelly_tmcu.cpp:927     Process 1 commands
18:49:33 D shelly_tmcu.cpp:890     TX: 0x00 v=3 [] (Expecting heartbeat)
18:49:33 D hos_lwip_eth_if.cpp:513 wa(0x3fcaf8a8): Status: server 1 oper_up 0 link_up 0/0 hf 91072
18:49:33 D esp32xx_wifi_if.cpp:234 PK check: link 1 gw 1 UC 1524 MC 1201 ctr 16/105 ping 0 num_act 0
18:49:33 D hos_lwip_eth_if.cpp:513 ws(0x3fcc5afc): Status: server 0 oper_up 1 link_up 1/1 hf 90328
18:49:34 W shelly_tmcu.cpp:507     Heartbeat timed out!
18:49:34 D shelly_tmcu.cpp:927     Process 1 commands
18:49:34 D shelly_tmcu.cpp:890     TX: 0x00 v=3 [] (Expecting heartbeat)
18:49:35 W shelly_tmcu.cpp:507     Heartbeat timed out!
18:49:35 D shelly_tmcu.cpp:927     Process 1 commands
18:49:35 D shelly_tmcu.cpp:890     TX: 0x00 v=3 [] (Expecting heartbeat)
18:49:35 D hos_lwip_eth_if.cpp:513 wa(0x3fcaf8a8): Status: server 1 oper_up 0 link_up 0/0 hf 91072
18:49:35 D esp32xx_wifi_if.cpp:234 PK check: link 1 gw 1 UC 1530 MC 1207 ctr 16/105 ping 0 num_act 0
18:49:35 D hos_lwip_eth_if.cpp:513 ws(0x3fcc5afc): Status: server 0 oper_up 1 link_up 1/1 hf 90328
18:49:36 W shelly_tmcu.cpp:507     Heartbeat timed out!
18:49:36 D shelly_tmcu.cpp:927     Process 1 commands
18:49:36 D shelly_tmcu.cpp:890     TX: 0x00 v=3 [] (Expecting heartbeat)
18:49:37 W shelly_tmcu.cpp:507     Heartbeat timed out!
18:49:37 D shelly_tmcu.cpp:927     Process 1 commands
18:49:37 D shelly_tmcu.cpp:890     TX: 0x00 v=3 [] (Expecting heartbeat)
18:49:37 D hos_lwip_eth_if.cpp:513 wa(0x3fcaf8a8): Status: server 1 oper_up 0 link_up 0/0 hf 91072
18:49:37 D esp32xx_wifi_if.cpp:234 PK check: link 1 gw 1 UC 1536 MC 1214 ctr 16/105 ping 0 num_act 0
18:49:37 D hos_lwip_eth_if.cpp:513 ws(0x3fcc5afc): Status: server 0 oper_up 1 link_up 1/1 hf 90328
18:49:38 W shelly_tmcu.cpp:507     Heartbeat timed out!
18:49:38 D shelly_tmcu.cpp:927     Process 1 commands
18:49:38 D shelly_tmcu.cpp:890     TX: 0x00 v=3 [] (Expecting heartbeat)
18:49:39 W shelly_tmcu.cpp:507     Heartbeat timed out!
18:49:39 D shelly_tmcu.cpp:927     Process 1 commands
18:49:39 D shelly_tmcu.cpp:890     TX: 0x00 v=3 [] (Expecting heartbeat)
18:49:39 D hos_lwip_eth_if.cpp:513 wa(0x3fcaf8a8): Status: server 1 oper_up 0 link_up 0/0 hf 91072
18:49:39 D esp32xx_wifi_if.cpp:234 PK check: link 1 gw 1 UC 1542 MC 1217 ctr 16/105 ping 0 num_act 0
18:49:39 D hos_lwip_eth_if.cpp:513 ws(0x3fcc5afc): Status: server 0 oper_up 1 link_up 1/1 hf 90328
18:49:40 W shelly_tmcu.cpp:507     Heartbeat timed out!
18:49:40 D shelly_tmcu.cpp:927     Process 1 commands
18:49:40 D shelly_tmcu.cpp:890     TX: 0x00 v=3 [] (Expecting heartbeat)
18:49:41 W shelly_tmcu.cpp:507     Heartbeat timed out!
18:49:41 D shelly_tmcu.cpp:927     Process 1 commands
18:49:41 D shelly_tmcu.cpp:890     TX: 0x00 v=3 [] (Expecting heartbeat)
18:49:41 D hos_lwip_eth_if.cpp:513 wa(0x3fcaf8a8): Status: server 1 oper_up 0 link_up 0/0 hf 91072
18:49:41 D esp32xx_wifi_if.cpp:234 PK check: link 1 gw 1 UC 1549 MC 1227 ctr 16/105 ping 0 num_act 0
18:49:41 D hos_lwip_eth_if.cpp:513 ws(0x3fcc5afc): Status: server 0 oper_up 1 link_up 1/1 hf 90328
18:49:42 W shelly_tmcu.cpp:507     Heartbeat timed out!
18:49:42 D shelly_tmcu.cpp:927     Process 1 commands
18:49:42 D shelly_tmcu.cpp:890     TX: 0x00 v=3 [] (Expecting heartbeat)
18:49:42 D shos_wifi_sta.cpp:524   State 8 ev -1 timeout 1
18:49:42 D shos_wifi_sta.cpp:813   Avg RSSI -65, ok
18:49:43 W shelly_tmcu.cpp:507     Heartbeat timed out!
18:49:43 D shelly_tmcu.cpp:927     Process 1 commands
18:49:43 D shelly_tmcu.cpp:890     TX: 0x00 v=3 [] (Expecting heartbeat)
18:49:43 D hos_lwip_eth_if.cpp:513 wa(0x3fcaf8a8): Status: server 1 oper_up 0 link_up 0/0 hf 91072
18:49:43 D esp32xx_wifi_if.cpp:234 PK check: link 1 gw 1 UC 1556 MC 1237 ctr 16/105 ping 0 num_act 0
18:49:43 D hos_lwip_eth_if.cpp:513 ws(0x3fcc5afc): Status: server 0 oper_up 1 link_up 1/1 hf 90328
18:49:44 W shelly_tmcu.cpp:507     Heartbeat timed out!
18:49:44 D shelly_tmcu.cpp:927     Process 1 commands
18:49:44 D shelly_tmcu.cpp:890     TX: 0x00 v=3 [] (Expecting heartbeat)
18:49:45 W shelly_tmcu.cpp:507     Heartbeat timed out!
18:49:45 D shelly_tmcu.cpp:927     Process 1 commands
18:49:45 D shelly_tmcu.cpp:890     TX: 0x00 v=3 [] (Expecting heartbeat)
18:49:45 D hos_lwip_eth_if.cpp:513 wa(0x3fcaf8a8): Status: server 1 oper_up 0 link_up 0/0 hf 91072
18:49:45 D esp32xx_wifi_if.cpp:234 PK check: link 1 gw 1 UC 1562 MC 1241 ctr 16/105 ping 0 num_act 0
18:49:45 D hos_lwip_eth_if.cpp:513 ws(0x3fcc5afc): Status: server 0 oper_up 1 link_up 1/1 hf 90328
18:49:46 W shelly_tmcu.cpp:507     Heartbeat timed out!
18:49:46 D shelly_tmcu.cpp:927     Process 1 commands
18:49:46 D shelly_tmcu.cpp:890     TX: 0x00 v=3 [] (Expecting heartbeat)
18:49:47 W shelly_tmcu.cpp:507     Heartbeat timed out!
18:49:47 D shelly_tmcu.cpp:927     Process 1 commands
18:49:47 D shelly_tmcu.cpp:890     TX: 0x00 v=3 [] (Expecting heartbeat)
18:49:47 D hos_lwip_eth_if.cpp:513 wa(0x3fcaf8a8): Status: server 1 oper_up 0 link_up 0/0 hf 91072
18:49:47 D esp32xx_wifi_if.cpp:234 PK check: link 1 gw 1 UC 1568 MC 1248 ctr 16/105 ping 0 num_act 0
18:49:47 D hos_lwip_eth_if.cpp:513 ws(0x3fcc5afc): Status: server 0 oper_up 1 link_up 1/1 hf 90328
18:49:48 W shelly_tmcu.cpp:507     Heartbeat timed out!
18:49:48 D shelly_tmcu.cpp:927     Process 1 commands
18:49:48 D shelly_tmcu.cpp:890     TX: 0x00 v=3 [] (Expecting heartbeat)
18:49:49 W shelly_tmcu.cpp:507     Heartbeat timed out!
18:49:49 D shelly_tmcu.cpp:927     Process 1 commands
18:49:49 D shelly_tmcu.cpp:890     TX: 0x00 v=3 [] (Expecting heartbeat)
18:49:49 D hos_lwip_eth_if.cpp:513 wa(0x3fcaf8a8): Status: server 1 oper_up 0 link_up 0/0 hf 91072
18:49:50 D esp32xx_wifi_if.cpp:234 PK check: link 1 gw 1 UC 1574 MC 1252 ctr 16/105 ping 0 num_act 0
18:49:50 D hos_lwip_eth_if.cpp:513 ws(0x3fcc5afc): Status: server 0 oper_up 1 link_up 1/1 hf 90328
18:49:50 W shelly_tmcu.cpp:507     Heartbeat timed out!
18:49:50 D shelly_tmcu.cpp:927     Process 1 commands
18:49:50 D shelly_tmcu.cpp:890     TX: 0x00 v=3 [] (Expecting heartbeat)
18:49:51 W shelly_tmcu.cpp:507     Heartbeat timed out!
18:49:51 D shelly_tmcu.cpp:927     Process 1 commands
18:49:51 D shelly_tmcu.cpp:890     TX: 0x00 v=3 [] (Expecting heartbeat)
18:49:51 D hos_lwip_eth_if.cpp:513 wa(0x3fcaf8a8): Status: server 1 oper_up 0 link_up 0/0 hf 91072
18:49:52 D esp32xx_wifi_if.cpp:234 PK check: link 1 gw 1 UC 1580 MC 1259 ctr 16/105 ping 0 num_act 0
18:49:52 D hos_lwip_eth_if.cpp:513 ws(0x3fcc5afc): Status: server 0 oper_up 1 link_up 1/1 hf 90328
18:49:52 W shelly_tmcu.cpp:507     Heartbeat timed out!
18:49:52 D shelly_tmcu.cpp:927     Process 1 commands
18:49:52 D shelly_tmcu.cpp:890     TX: 0x00 v=3 [] (Expecting heartbeat)
18:49:53 W shelly_tmcu.cpp:507     Heartbeat timed out!
18:49:53 D shelly_tmcu.cpp:927     Process 1 commands
18:49:53 D shelly_tmcu.cpp:890     TX: 0x00 v=3 [] (Expecting heartbeat)
18:49:54 D hos_lwip_eth_if.cpp:513 wa(0x3fcaf8a8): Status: server 1 oper_up 0 link_up 0/0 hf 91072
18:49:54 D esp32xx_wifi_if.cpp:234 PK check: link 1 gw 1 UC 1587 MC 1263 ctr 16/105 ping 0 num_act 0
18:49:54 D hos_lwip_eth_if.cpp:513 ws(0x3fcc5afc): Status: server 0 oper_up 1 link_up 1/1 hf 88568
18:49:54 W shelly_tmcu.cpp:507     Heartbeat timed out!
18:49:54 D shelly_tmcu.cpp:927     Process 1 commands
18:49:54 D shelly_tmcu.cpp:890     TX: 0x00 v=3 [] (Expecting heartbeat)
18:49:55 W shelly_tmcu.cpp:507     Heartbeat timed out!
18:49:55 D shelly_tmcu.cpp:927     Process 1 commands
18:49:55 D shelly_tmcu.cpp:890     TX: 0x00 v=3 [] (Expecting heartbeat)
18:49:56 D hos_lwip_eth_if.cpp:513 wa(0x3fcaf8a8): Status: server 1 oper_up 0 link_up 0/0 hf 91072
18:49:56 D esp32xx_wifi_if.cpp:234 PK check: link 1 gw 1 UC 1593 MC 1268 ctr 16/105 ping 0 num_act 0
18:49:56 D hos_lwip_eth_if.cpp:513 ws(0x3fcc5afc): Status: server 0 oper_up 1 link_up 1/1 hf 90328
18:49:56 W shelly_tmcu.cpp:507     Heartbeat timed out!
18:49:56 D shelly_tmcu.cpp:927     Process 1 commands
18:49:56 D shelly_tmcu.cpp:890     TX: 0x00 v=3 [] (Expecting heartbeat)
18:49:57 W shelly_tmcu.cpp:507     Heartbeat timed out!
18:49:57 D shos_http_base.cpp:443  0x3fcc6c5c: Send WS ping
18:49:57 D shos_http_base.cpp:555  0x3fcc6c5c: Recd WS pong
18:49:57 D shelly_tmcu.cpp:927     Process 1 commands
18:49:57 D shelly_tmcu.cpp:890     TX: 0x00 v=3 [] (Expecting heartbeat)
18:49:57 D shos_wifi_sta.cpp:524   State 8 ev -1 timeout 1
18:49:57 D shos_wifi_sta.cpp:813   Avg RSSI -65, ok
18:49:58 D hos_lwip_eth_if.cpp:513 wa(0x3fcaf8a8): Status: server 1 oper_up 0 link_up 0/0 hf 91072
18:49:58 D esp32xx_wifi_if.cpp:234 PK check: link 1 gw 1 UC 1602 MC 1273 ctr 16/105 ping 0 num_act 0
18:49:58 D hos_lwip_eth_if.cpp:513 ws(0x3fcc5afc): Status: server 0 oper_up 1 link_up 1/1 hf 90328
18:49:58 W shelly_tmcu.cpp:507     Heartbeat timed out!
18:49:58 D shelly_tmcu.cpp:927     Process 1 commands
18:49:58 D shelly_tmcu.cpp:890     TX: 0x00 v=3 [] (Expecting heartbeat)
18:49:59 W shelly_tmcu.cpp:507     Heartbeat timed out!
18:49:59 D shelly_tmcu.cpp:927     Process 1 commands
18:49:59 D shelly_tmcu.cpp:890     TX: 0x00 v=3 [] (Expecting heartbeat)
18:50:00 D hos_lwip_eth_if.cpp:513 wa(0x3fcaf8a8): Status: server 1 oper_up 0 link_up 0/0 hf 91072
18:50:00 D esp32xx_wifi_if.cpp:234 PK check: link 1 gw 1 UC 1608 MC 1278 ctr 16/105 ping 0 num_act 0
18:50:00 D hos_lwip_eth_if.cpp:513 ws(0x3fcc5afc): Status: server 0 oper_up 1 link_up 1/1 hf 90328
18:50:00 W shelly_tmcu.cpp:507     Heartbeat timed out!
18:50:00 D shelly_tmcu.cpp:927     Process 1 commands
18:50:00 D shelly_tmcu.cpp:890     TX: 0x00 v=3 [] (Expecting heartbeat)
18:50:00 D shos_vfs.c:622          lseek 256 0 0 => 0x3fca5b3c:0 => 0
18:50:00 D shos_vfs.c:622          lseek 256 0 0 => 0x3fca5b3c:0 => 0
18:50:00 D shos_vfs.c:622          lseek 256 3027 0 => 0x3fca5b3c:0 => 3027
18:50:00 D shos_vfs.c:622          lseek 256 0 0 => 0x3fca5b3c:0 => 0
18:50:00 D shos_vfs.c:622          lseek 256 0 0 => 0x3fca5b3c:0 => 0
18:50:00 D shos_vfs.c:622          lseek 256 803 0 => 0x3fca5b3c:0 => 803
18:50:00 I shelly_script.cpp:204   service:0 0.2% CPU utilization
18:50:01 W shelly_tmcu.cpp:507     Heartbeat timed out!
18:50:01 D shelly_tmcu.cpp:927     Process 1 commands
18:50:01 D shelly_tmcu.cpp:890     TX: 0x00 v=3 [] (Expecting heartbeat)
18:50:02 D hos_lwip_eth_if.cpp:513 wa(0x3fcaf8a8): Status: server 1 oper_up 0 link_up 0/0 hf 91072
18:50:02 D esp32xx_wifi_if.cpp:234 PK check: link 1 gw 1 UC 1614 MC 1287 ctr 16/105 ping 0 num_act 0
18:50:02 D hos_lwip_eth_if.cpp:513 ws(0x3fcc5afc): Status: server 0 oper_up 1 link_up 1/1 hf 90328
18:50:02 W shelly_tmcu.cpp:507     Heartbeat timed out!
18:50:02 D shelly_tmcu.cpp:927     Process 1 commands
18:50:02 D shelly_tmcu.cpp:890     TX: 0x00 v=3 [] (Expecting heartbeat)
18:50:03 W shelly_tmcu.cpp:507     Heartbeat timed out!
18:50:03 D shelly_tmcu.cpp:927     Process 1 commands
18:50:03 D shelly_tmcu.cpp:890     TX: 0x00 v=3 [] (Expecting heartbeat)
18:50:04 D hos_lwip_eth_if.cpp:513 wa(0x3fcaf8a8): Status: server 1 oper_up 0 link_up 0/0 hf 91072
18:50:04 D esp32xx_wifi_if.cpp:234 PK check: link 1 gw 1 UC 1619 MC 1295 ctr 16/105 ping 0 num_act 0
18:50:04 W shelly_tmcu.cpp:507     Heartbeat timed out!
18:50:04 D hos_lwip_eth_if.cpp:513 ws(0x3fcc5afc): Status: server 0 oper_up 1 link_up 1/1 hf 90436
18:50:04 D shelly_tmcu.cpp:927     Process 1 commands
18:50:04 D shelly_tmcu.cpp:890     TX: 0x00 v=3 [] (Expecting heartbeat)
18:50:05 W shelly_tmcu.cpp:507     Heartbeat timed out!
18:50:05 D shelly_tmcu.cpp:927     Process 1 commands
18:50:05 D shelly_tmcu.cpp:890     TX: 0x00 v=3 [] (Expecting heartbeat)
18:50:06 W shelly_tmcu.cpp:507     Heartbeat timed out!
18:50:06 D hos_lwip_eth_if.cpp:513 wa(0x3fcaf8a8): Status: server 1 oper_up 0 link_up 0/0 hf 90864
18:50:06 D esp32xx_wifi_if.cpp:234 PK check: link 1 gw 1 UC 1626 MC 1300 ctr 16/105 ping 0 num_act 0
18:50:06 D hos_lwip_eth_if.cpp:513 ws(0x3fcc5afc): Status: server 0 oper_up 1 link_up 1/1 hf 88364
18:50:06 D shelly_tmcu.cpp:927     Process 1 commands
18:50:06 D shelly_tmcu.cpp:890     TX: 0x00 v=3 [] (Expecting heartbeat)
18:50:07 W shelly_tmcu.cpp:507     Heartbeat timed out!
18:50:07 D shelly_tmcu.cpp:927     Process 1 commands
18:50:07 D shelly_tmcu.cpp:890     TX: 0x00 v=3 [] (Expecting heartbeat)
18:50:08 W shelly_tmcu.cpp:507     Heartbeat timed out!
18:50:08 D hos_lwip_eth_if.cpp:513 wa(0x3fcaf8a8): Status: server 1 oper_up 0 link_up 0/0 hf 90868
18:50:08 D esp32xx_wifi_if.cpp:234 PK check: link 1 gw 1 UC 1632 MC 1308 ctr 16/105 ping 0 num_act 0
18:50:08 D hos_lwip_eth_if.cpp:513 ws(0x3fcc5afc): Status: server 0 oper_up 1 link_up 1/1 hf 88380
18:50:08 D shelly_tmcu.cpp:927     Process 1 commands
18:50:08 D shelly_tmcu.cpp:890     TX: 0x00 v=3 [] (Expecting heartbeat)
18:50:09 W shelly_tmcu.cpp:507     Heartbeat timed out!
18:50:09 D shelly_tmcu.cpp:927     Process 1 commands
18:50:09 D shelly_tmcu.cpp:890     TX: 0x00 v=3 [] (Expecting heartbeat)
18:50:10 W shelly_tmcu.cpp:507     Heartbeat timed out!
18:50:10 D hos_lwip_eth_if.cpp:513 wa(0x3fcaf8a8): Status: server 1 oper_up 0 link_up 0/0 hf 91108
18:50:10 D esp32xx_wifi_if.cpp:234 PK check: link 1 gw 1 UC 1638 MC 1313 ctr 16/105 ping 0 num_act 0
18:50:10 D hos_lwip_eth_if.cpp:513 ws(0x3fcc5afc): Status: server 0 oper_up 1 link_up 1/1 hf 90364
18:50:10 D shelly_tmcu.cpp:927     Process 1 commands
18:50:10 D shelly_tmcu.cpp:890     TX: 0x00 v=3 [] (Expecting heartbeat)
18:50:11 W shelly_tmcu.cpp:507     Heartbeat timed out!
18:50:11 D shelly_tmcu.cpp:927     Process 1 commands
18:50:11 D shelly_tmcu.cpp:890     TX: 0x00 v=3 [] (Expecting heartbeat)
18:50:12 W shelly_tmcu.cpp:507     Heartbeat timed out!
18:50:12 D hos_lwip_eth_if.cpp:513 wa(0x3fcaf8a8): Status: server 1 oper_up 0 link_up 0/0 hf 91108
18:50:12 D esp32xx_wifi_if.cpp:234 PK check: link 1 gw 1 UC 1644 MC 1319 ctr 16/105 ping 0 num_act 0
18:50:12 D hos_lwip_eth_if.cpp:513 ws(0x3fcc5afc): Status: server 0 oper_up 1 link_up 1/1 hf 90364
18:50:12 D shelly_tmcu.cpp:927     Process 1 commands
18:50:12 D shelly_tmcu.cpp:890     TX: 0x00 v=3 [] (Expecting heartbeat)
18:50:12 D shos_wifi_sta.cpp:524   State 8 ev -1 timeout 1
18:50:12 D shos_wifi_sta.cpp:813   Avg RSSI -67, ok
18:50:13 W shelly_tmcu.cpp:507     Heartbeat timed out!
18:50:13 D shelly_tmcu.cpp:927     Process 1 commands
18:50:13 D shelly_tmcu.cpp:890     TX: 0x00 v=3 [] (Expecting heartbeat)
18:50:14 W shelly_tmcu.cpp:507     Heartbeat timed out!
18:50:14 D hos_lwip_eth_if.cpp:513 wa(0x3fcaf8a8): Status: server 1 oper_up 0 link_up 0/0 hf 91108
18:50:14 D esp32xx_wifi_if.cpp:234 PK check: link 1 gw 1 UC 1650 MC 1323 ctr 16/105 ping 0 num_act 0
18:50:14 D hos_lwip_eth_if.cpp:513 ws(0x3fcc5afc): Status: server 0 oper_up 1 link_up 1/1 hf 90364
18:50:14 D shelly_tmcu.cpp:927     Process 1 commands
18:50:14 D shelly_tmcu.cpp:890     TX: 0x00 v=3 [] (Expecting heartbeat)
18:50:15 W shelly_tmcu.cpp:507     Heartbeat timed out!
18:50:15 D shelly_tmcu.cpp:927     Process 1 commands
18:50:15 D shelly_tmcu.cpp:890     TX: 0x00 v=3 [] (Expecting heartbeat)
18:50:16 W shelly_tmcu.cpp:507     Heartbeat timed out!
18:50:16 D hos_lwip_eth_if.cpp:513 wa(0x3fcaf8a8): Status: server 1 oper_up 0 link_up 0/0 hf 91108
18:50:16 D esp32xx_wifi_if.cpp:234 PK check: link 1 gw 1 UC 1655 MC 1327 ctr 16/105 ping 0 num_act 0
18:50:16 D hos_lwip_eth_if.cpp:513 ws(0x3fcc5afc): Status: server 0 oper_up 1 link_up 1/1 hf 90364
18:50:16 D shelly_tmcu.cpp:927     Process 1 commands
18:50:16 D shelly_tmcu.cpp:890     TX: 0x00 v=3 [] (Expecting heartbeat)
18:50:17 W shelly_tmcu.cpp:507     Heartbeat timed out!
18:50:17 D shelly_tmcu.cpp:927     Process 1 commands
18:50:17 D shelly_tmcu.cpp:890     TX: 0x00 v=3 [] (Expecting heartbeat)
18:50:18 W shelly_tmcu.cpp:507     Heartbeat timed out!
18:50:18 D shelly_tmcu.cpp:927     Process 1 commands
18:50:18 D shelly_tmcu.cpp:890     TX: 0x00 v=3 [] (Expecting heartbeat)
18:50:18 D hos_lwip_eth_if.cpp:513 wa(0x3fcaf8a8): Status: server 1 oper_up 0 link_up 0/0 hf 89424
18:50:18 D esp32xx_wifi_if.cpp:234 PK check: link 1 gw 1 UC 1660 MC 1334 ctr 16/105 ping 0 num_act 0
18:50:18 D hos_lwip_eth_if.cpp:513 ws(0x3fcc5afc): Status: server 0 oper_up 1 link_up 1/1 hf 88676
18:50:19 W shelly_tmcu.cpp:507     Heartbeat timed out!
18:50:19 D shelly_tmcu.cpp:927     Process 1 commands
18:50:19 D shelly_tmcu.cpp:890     TX: 0x00 v=3 [] (Expecting heartbeat)
18:50:20 W shelly_tmcu.cpp:507     Heartbeat timed out!
18:50:20 D shelly_tmcu.cpp:927     Process 1 commands
18:50:20 D shelly_tmcu.cpp:890     TX: 0x00 v=3 [] (Expecting heartbeat)
18:50:20 D hos_lwip_eth_if.cpp:513 wa(0x3fcaf8a8): Status: server 1 oper_up 0 link_up 0/0 hf 89424
18:50:20 D esp32xx_wifi_if.cpp:234 PK check: link 1 gw 1 UC 1665 MC 1337 ctr 16/105 ping 0 num_act 0
18:50:20 D hos_lwip_eth_if.cpp:513 ws(0x3fcc5afc): Status: server 0 oper_up 1 link_up 1/1 hf 88676
18:50:21 W shelly_tmcu.cpp:507     Heartbeat timed out!
18:50:21 D shelly_tmcu.cpp:927     Process 1 commands
18:50:21 D shelly_tmcu.cpp:890     TX: 0x00 v=3 [] (Expecting heartbeat)
18:50:22 W shelly_tmcu.cpp:507     Heartbeat timed out!
18:50:22 D shelly_tmcu.cpp:927     Process 1 commands
18:50:22 D shelly_tmcu.cpp:890     TX: 0x00 v=3 [] (Expecting heartbeat)
18:50:22 D hos_lwip_eth_if.cpp:513 wa(0x3fcaf8a8): Status: server 1 oper_up 0 link_up 0/0 hf 91072
18:50:22 D esp32xx_wifi_if.cpp:234 PK check: link 1 gw 1 UC 1671 MC 1347 ctr 16/105 ping 0 num_act 0
18:50:22 D hos_lwip_eth_if.cpp:513 ws(0x3fcc5afc): Status: server 0 oper_up 1 link_up 1/1 hf 90328
18:50:23 W shelly_tmcu.cpp:507     Heartbeat timed out!
18:50:23 D shelly_tmcu.cpp:927     Process 1 commands
18:50:23 D shelly_tmcu.cpp:890     TX: 0x00 v=3 [] (Expecting heartbeat)
18:50:24 W shelly_tmcu.cpp:507     Heartbeat timed out!
18:50:24 D shelly_tmcu.cpp:927     Process 1 commands
18:50:24 D shelly_tmcu.cpp:890     TX: 0x00 v=3 [] (Expecting heartbeat)
18:50:24 D hos_lwip_eth_if.cpp:513 wa(0x3fcaf8a8): Status: server 1 oper_up 0 link_up 0/0 hf 91072
18:50:24 D esp32xx_wifi_if.cpp:234 PK check: link 1 gw 1 UC 1677 MC 1355 ctr 16/105 ping 0 num_act 0
18:50:24 D hos_lwip_eth_if.cpp:513 ws(0x3fcc5afc): Status: server 0 oper_up 1 link_up 1/1 hf 90328
18:50:25 W shelly_tmcu.cpp:507     Heartbeat timed out!
18:50:25 D shelly_tmcu.cpp:927     Process 1 commands
18:50:25 D shelly_tmcu.cpp:890     TX: 0x00 v=3 [] (Expecting heartbeat)
18:50:26 W shelly_tmcu.cpp:507     Heartbeat timed out!
18:50:26 D shelly_tmcu.cpp:927     Process 1 commands
18:50:26 D shelly_tmcu.cpp:890     TX: 0x00 v=3 [] (Expecting heartbeat)
18:50:26 D hos_lwip_eth_if.cpp:513 wa(0x3fcaf8a8): Status: server 1 oper_up 0 link_up 0/0 hf 91072
18:50:26 D esp32xx_wifi_if.cpp:234 PK check: link 1 gw 1 UC 1683 MC 1360 ctr 16/105 ping 0 num_act 0
18:50:26 D hos_lwip_eth_if.cpp:513 ws(0x3fcc5afc): Status: server 0 oper_up 1 link_up 1/1 hf 90328
18:50:27 W shelly_tmcu.cpp:507     Heartbeat timed out!
18:50:27 D shelly_tmcu.cpp:927     Process 1 commands
18:50:27 D shelly_tmcu.cpp:890     TX: 0x00 v=3 [] (Expecting heartbeat)
18:50:27 D shos_wifi_sta.cpp:524   State 8 ev -1 timeout 1
18:50:27 D shos_wifi_sta.cpp:813   Avg RSSI -65, ok
18:50:28 D shos_http_base.cpp:443  0x3fcc6c5c: Send WS ping
18:50:28 D shos_http_base.cpp:555  0x3fcc6c5c: Recd WS pong
18:50:28 W shelly_tmcu.cpp:507     Heartbeat timed out!
18:50:28 D shelly_tmcu.cpp:927     Process 1 commands
18:50:28 D shelly_tmcu.cpp:890     TX: 0x00 v=3 [] (Expecting heartbeat)
18:52:33 D hos_http_server.cpp:754 0x3fcbf7dc: Switching to WebSockets
18:52:33 I shelly_debug.cpp:245    Streaming logs to 192.168.0.57:50836
18:52:33 W shelly_tmcu.cpp:507     Heartbeat timed out!
18:52:33 D shelly_tmcu.cpp:927     Process 1 commands
18:52:33 D shelly_tmcu.cpp:890     TX: 0x00 v=3 [] (Expecting heartbeat)
18:52:34 D ns_sd_responder.cpp:411 ws(0x3fcbe7f8): Announce 2 apq11dev-543204516334.local any@any (fe80::5632:4ff:fe51:6334)
18:52:34 I ns_sd_responder.cpp:236 ws(0x3fcbe7f8): Announced apq11dev-543204516334.local any@any (fe80::5632:4ff:fe51:6334)
18:52:34 W shelly_tmcu.cpp:507     Heartbeat timed out!
18:52:34 D shelly_tmcu.cpp:927     Process 1 commands
18:52:34 D shelly_tmcu.cpp:890     TX: 0x00 v=3 [] (Expecting heartbeat)
18:52:35 D esp32xx_wifi_if.cpp:234 PK check: link 1 gw 1 UC 42 MC 31 ctr 2/105 ping 0 num_act 0
18:52:35 D hos_lwip_eth_if.cpp:513 ws(0x3fcbe7f8): Status: server 0 oper_up 1 link_up 1/1 hf 98460
18:52:35 W shelly_tmcu.cpp:507     Heartbeat timed out!
18:52:35 D shelly_tmcu.cpp:927     Process 1 commands
18:52:35 D shelly_tmcu.cpp:890     TX: 0x00 v=3 [] (Expecting heartbeat)
18:52:36 W shelly_tmcu.cpp:507     Heartbeat timed out!
18:52:36 D shelly_tmcu.cpp:927     Process 1 commands
18:52:36 D shelly_tmcu.cpp:890     TX: 0x00 v=3 [] (Expecting heartbeat)
18:52:37 D esp32xx_wifi_if.cpp:234 PK check: link 1 gw 1 UC 48 MC 37 ctr 3/105 ping 0 num_act 0
18:52:37 D hos_lwip_eth_if.cpp:513 ws(0x3fcbe7f8): Status: server 0 oper_up 1 link_up 1/1 hf 98460
18:52:37 W shelly_tmcu.cpp:507     Heartbeat timed out!
18:52:37 D shelly_tmcu.cpp:927     Process 1 commands
18:52:37 D shelly_tmcu.cpp:890     TX: 0x00 v=3 [] (Expecting heartbeat)
18:52:38 W shelly_tmcu.cpp:507     Heartbeat timed out!
18:52:38 D shelly_tmcu.cpp:927     Process 1 commands
18:52:38 D shelly_tmcu.cpp:890     TX: 0x00 v=3 [] (Expecting heartbeat)
18:52:39 D esp32xx_wifi_if.cpp:234 PK check: link 1 gw 1 UC 54 MC 40 ctr 4/105 ping 0 num_act 0
18:52:39 D hos_lwip_eth_if.cpp:513 ws(0x3fcbe7f8): Status: server 0 oper_up 1 link_up 1/1 hf 98460
18:52:39 W shelly_tmcu.cpp:507     Heartbeat timed out!
18:52:39 D shelly_tmcu.cpp:927     Process 1 commands
18:52:39 D shelly_tmcu.cpp:890     TX: 0x00 v=3 [] (Expecting heartbeat)
18:52:40 W shelly_tmcu.cpp:507     Heartbeat timed out!
18:52:41 D shelly_tmcu.cpp:927     Process 1 commands
18:52:41 D shelly_tmcu.cpp:890     TX: 0x00 v=3 [] (Expecting heartbeat)
18:52:41 D os_vfs_dev_utils.cpp:43 Reading 512@boot+0...
18:52:41 D shos_vfs_dev.c:206      Close  (esp32part) refs 0
18:52:41 D shos_vfs.c:295          / -> / pl 1 -> 1 0x3fca5b3c (refs 2)
18:52:41 D shos_vfs.c:295          / -> / pl 1 -> 1 0x3fca5b3c (refs 2)
18:52:41 I shelly_update.cpp:372   Checking for updates (2.0.0+13109-3673 20260921-060046/2.0.0-beta11xciohttpfix-g35669f3 {"bl":16778239,"t":1790268761.664,"ut":24529793,"hf":96760,"hmf":75152,"fs":917504,"fsf":364544,"pkw":0})
18:52:41 I hos_http_client.cpp:339 0x3fcc6950: HTTPS GET https://updates.shelly.cloud/update/XC3+evse:portable:3109?src=auto1 (CA shelly_cloud.pem,ca.pem)
18:52:41 D hos_http_client.cpp:399 0x3fcc6950: Resolved updates.shelly.cloud to 35.242.243.136
18:52:41 D hos_http_client.cpp:402 0x3fcc6950: Connecting to 35.242.243.136: 0
18:52:41 D shos_vfs.c:295          shelly_cloud.pem -> /shelly_cloud.pem pl 1 -> 1 0x3fca5b3c (refs 2)
18:52:41 D shos_vfs.c:388          open shelly_cloud.pem 0x0 0x1b6 => 0x3fca5b3c shelly_cloud.pem 1 => 257 (refs 2)
18:52:41 D shos_vfs.c:588          fstat 257 => 0x3fca5b3c:1 => 0 (size 2129)
18:52:41 D shos_vfs.c:622          lseek 257 0 1 => 0x3fca5b3c:1 => 128
18:52:41 D shos_vfs.c:622          lseek 257 21 0 => 0x3fca5b3c:1 => 21
18:52:41 D shos_vfs.c:622          lseek 257 21 0 => 0x3fca5b3c:1 => 21
18:52:41 D shos_vfs.c:622          lseek 257 713 0 => 0x3fca5b3c:1 => 713
18:52:41 D shos_vfs.c:426          close 257 => 0x3fca5b3c:1 => 0 (refs 1)
18:52:41 D shos_vfs.c:295          ca.pem -> /ca.pem pl 1 -> 1 0x3fca5b3c (refs 2)
18:52:41 D shos_vfs.c:388          open ca.pem 0x0 0x1b6 => 0x3fca5b3c ca.pem 1 => 257 (refs 2)
18:52:41 D shos_vfs.c:588          fstat 257 => 0x3fca5b3c:1 => 0 (size 157130)
18:52:41 D shos_vfs.c:622          lseek 257 0 1 => 0x3fca5b3c:1 => 128
18:52:41 D shos_vfs.c:622          lseek 257 1312 0 => 0x3fca5b3c:1 => 1312
18:52:41 D shos_vfs.c:426          close 257 => 0x3fca5b3c:1 => 0 (refs 1)
18:52:41 I shos_init.cpp:108       New min heap free: 75040
18:52:41 D esp32xx_wifi_if.cpp:234 PK check: link 1 gw 1 UC 66 MC 45 ctr 5/105 ping 0 num_act 0
18:52:41 D hos_lwip_eth_if.cpp:513 ws(0x3fcbe7f8): Status: server 0 oper_up 1 link_up 1/1 hf 83892
18:52:41 D hos_http_client.cpp:467 0x3fcc6950: Connection result: 0
18:52:41 W shelly_tmcu.cpp:507     Heartbeat timed out!
18:52:41 D shos_http_base.cpp:596  0x3fcc6950: Connection closed normally, 0x3fcc8d58 0
18:52:41 D hos_http_client.cpp:647 0x3fcc6950: Headers parsed: code 404, 5 hdrs, 50 bytes left; body parser: identity (0x3fcb3470)
18:52:41 I hos_http_client.cpp:681 0x3fcc6950: Finished; bytes 742/209, code 404, redir 0/3, auth 0, status OK
18:52:41 I shelly_update.cpp:418   Check for updates received bad response: -18: 404 Not Found
18:52:41 D shos_http_base.cpp:134  0x3fcc6950: Deleted
18:52:41 D shelly_tmcu.cpp:927     Process 1 commands
18:52:41 D shelly_tmcu.cpp:890     TX: 0x00 v=3 [] (Expecting heartbeat)
18:52:42 W shelly_tmcu.cpp:507     Heartbeat timed out!
18:52:42 D shelly_tmcu.cpp:927     Process 1 commands
18:52:42 D shelly_tmcu.cpp:890     TX: 0x00 v=3 [] (Expecting heartbeat)
18:52:43 D esp32xx_wifi_if.cpp:234 PK check: link 1 gw 1 UC 76 MC 57 ctr 6/105 ping 0 num_act 0
18:52:43 D hos_lwip_eth_if.cpp:513 ws(0x3fcbe7f8): Status: server 0 oper_up 1 link_up 1/1 hf 98440
18:52:43 W shelly_tmcu.cpp:507     Heartbeat timed out!
18:52:43 D shos_wifi_sta.cpp:524   State 8 ev -1 timeout 1
18:52:43 D shos_wifi_sta.cpp:813   Avg RSSI -61, ok
18:52:43 D shelly_tmcu.cpp:927     Process 1 commands
18:52:43 D shelly_tmcu.cpp:890     TX: 0x00 v=3 [] (Expecting heartbeat)
18:52:44 W shelly_tmcu.cpp:507     Heartbeat timed out!
18:52:44 D shelly_tmcu.cpp:927     Process 1 commands
18:52:44 D shelly_tmcu.cpp:890     TX: 0x00 v=3 [] (Expecting heartbeat)
18:52:45 D esp32xx_wifi_if.cpp:234 PK check: link 1 gw 1 UC 82 MC 64 ctr 7/105 ping 0 num_act 0
18:52:45 D hos_lwip_eth_if.cpp:513 ws(0x3fcbe7f8): Status: server 0 oper_up 1 link_up 1/1 hf 98440
18:52:45 W shelly_tmcu.cpp:507     Heartbeat timed out!
18:52:45 D shelly_tmcu.cpp:927     Process 1 commands
18:52:45 D shelly_tmcu.cpp:890     TX: 0x00 v=3 [] (Expecting heartbeat)
18:52:46 W shelly_tmcu.cpp:507     Heartbeat timed out!
18:52:46 D shelly_tmcu.cpp:927     Process 1 commands
18:52:46 D shelly_tmcu.cpp:890     TX: 0x00 v=3 [] (Expecting heartbeat)
18:52:47 D esp32xx_wifi_if.cpp:234 PK check: link 1 gw 1 UC 87 MC 70 ctr 8/105 ping 0 num_act 0
18:52:47 W shelly_tmcu.cpp:507     Heartbeat timed out!
18:52:47 D hos_lwip_eth_if.cpp:513 ws(0x3fcbe7f8): Status: server 0 oper_up 1 link_up 1/1 hf 96588
18:52:47 D shelly_tmcu.cpp:927     Process 1 commands
18:52:47 D shelly_tmcu.cpp:890     TX: 0x00 v=3 [] (Expecting heartbeat)
18:52:48 W shelly_tmcu.cpp:507     Heartbeat timed out!
18:52:48 D shelly_tmcu.cpp:927     Process 1 commands
18:52:48 D shelly_tmcu.cpp:890     TX: 0x00 v=3 [] (Expecting heartbeat)
18:52:49 W shelly_tmcu.cpp:507     Heartbeat timed out!
18:52:49 D esp32xx_wifi_if.cpp:234 PK check: link 1 gw 1 UC 92 MC 75 ctr 9/105 ping 0 num_act 0
18:52:49 D hos_lwip_eth_if.cpp:513 ws(0x3fcbe7f8): Status: server 0 oper_up 1 link_up 1/1 hf 98248
18:52:49 D shelly_tmcu.cpp:927     Process 1 commands
18:52:49 D shelly_tmcu.cpp:890     TX: 0x00 v=3 [] (Expecting heartbeat)
18:52:50 W shelly_tmcu.cpp:507     Heartbeat timed out!
18:52:50 D shelly_tmcu.cpp:927     Process 1 commands
18:52:50 D shelly_tmcu.cpp:890     TX: 0x00 v=3 [] (Expecting heartbeat)
18:52:51 W shelly_tmcu.cpp:507     Heartbeat timed out!
18:52:51 D esp32xx_wifi_if.cpp:234 PK check: link 1 gw 1 UC 97 MC 80 ctr 10/105 ping 0 num_act 0
18:52:51 D hos_lwip_eth_if.cpp:513 ws(0x3fcbe7f8): Status: server 0 oper_up 1 link_up 1/1 hf 96488
18:52:51 D shelly_tmcu.cpp:927     Process 1 commands
18:52:51 D shelly_tmcu.cpp:890     TX: 0x00 v=3 [] (Expecting heartbeat)
18:52:52 W shelly_tmcu.cpp:507     Heartbeat timed out!
18:52:52 D shelly_tmcu.cpp:927     Process 1 commands
18:52:52 D shelly_tmcu.cpp:890     TX: 0x00 v=3 [] (Expecting heartbeat)
18:52:53 W shelly_tmcu.cpp:507     Heartbeat timed out!
18:52:53 D esp32xx_wifi_if.cpp:234 PK check: link 1 gw 1 UC 102 MC 86 ctr 11/105 ping 0 num_act 0
18:52:53 D hos_lwip_eth_if.cpp:513 ws(0x3fcbe7f8): Status: server 0 oper_up 1 link_up 1/1 hf 96488
18:52:53 D shelly_tmcu.cpp:927     Process 1 commands
18:52:53 D shelly_tmcu.cpp:890     TX: 0x00 v=3 [] (Expecting heartbeat)
18:52:54 W shelly_tmcu.cpp:507     Heartbeat timed out!
18:52:54 D shelly_tmcu.cpp:927     Process 1 commands
18:52:54 D shelly_tmcu.cpp:890     TX: 0x00 v=3 [] (Expecting heartbeat)
18:52:55 D shos_vfs.c:622          lseek 256 0 0 => 0x3fca5b3c:0 => 0
18:52:55 D shos_vfs.c:622          lseek 256 0 0 => 0x3fca5b3c:0 => 0
18:52:55 D shos_vfs.c:622          lseek 256 3027 0 => 0x3fca5b3c:0 => 3027
18:52:55 D shos_vfs.c:622          lseek 256 0 0 => 0x3fca5b3c:0 => 0
18:52:55 D shos_vfs.c:622          lseek 256 0 0 => 0x3fca5b3c:0 => 0
18:52:55 D shos_vfs.c:622          lseek 256 803 0 => 0x3fca5b3c:0 => 803
18:52:55 I shelly_script.cpp:204   service:0 6.2% CPU utilization
18:52:55 W shelly_tmcu.cpp:507     Heartbeat timed out!
18:52:55 D esp32xx_wifi_if.cpp:234 PK check: link 1 gw 1 UC 110 MC 90 ctr 12/105 ping 0 num_act 0
18:52:55 D hos_lwip_eth_if.cpp:513 ws(0x3fcbe7f8): Status: server 0 oper_up 1 link_up 1/1 hf 98484
18:52:55 D shelly_tmcu.cpp:927     Process 1 commands
18:52:55 D shelly_tmcu.cpp:890     TX: 0x00 v=3 [] (Expecting heartbeat)
18:52:56 W shelly_tmcu.cpp:507     Heartbeat timed out!
18:52:56 D shelly_tmcu.cpp:927     Process 1 commands
18:52:56 D shelly_tmcu.cpp:890     TX: 0x00 v=3 [] (Expecting heartbeat)
18:52:57 W shelly_tmcu.cpp:507     Heartbeat timed out!
18:52:57 D esp32xx_wifi_if.cpp:234 PK check: link 1 gw 1 UC 116 MC 96 ctr 13/105 ping 0 num_act 0
18:52:57 D hos_lwip_eth_if.cpp:513 ws(0x3fcbe7f8): Status: server 0 oper_up 1 link_up 1/1 hf 98484
18:52:57 D shelly_tmcu.cpp:927     Process 1 commands
18:52:57 D shelly_tmcu.cpp:890     TX: 0x00 v=3 [] (Expecting heartbeat)
18:52:58 W shelly_tmcu.cpp:507     Heartbeat timed out!
18:52:58 D shos_wifi_sta.cpp:524   State 8 ev -1 timeout 1
18:52:58 D shos_wifi_sta.cpp:813   Avg RSSI -61, ok
18:52:58 D shelly_tmcu.cpp:927     Process 1 commands
18:52:58 D shelly_tmcu.cpp:890     TX: 0x00 v=3 [] (Expecting heartbeat)
18:52:59 W shelly_tmcu.cpp:507     Heartbeat timed out!
18:52:59 D esp32xx_wifi_if.cpp:234 PK check: link 1 gw 1 UC 123 MC 99 ctr 14/105 ping 0 num_act 0
18:52:59 D hos_lwip_eth_if.cpp:513 ws(0x3fcbe7f8): Status: server 0 oper_up 1 link_up 1/1 hf 98484
18:52:59 D shelly_tmcu.cpp:927     Process 1 commands
18:52:59 D shelly_tmcu.cpp:890     TX: 0x00 v=3 [] (Expecting heartbeat)
18:53:00 W shelly_tmcu.cpp:507     Heartbeat timed out!
18:53:00 D shelly_tmcu.cpp:927     Process 1 commands
18:53:00 D shelly_tmcu.cpp:890     TX: 0x00 v=3 [] (Expecting heartbeat)
18:53:01 W shelly_tmcu.cpp:507     Heartbeat timed out!
18:53:01 D esp32xx_wifi_if.cpp:234 PK check: link 1 gw 1 UC 128 MC 106 ctr 15/105 ping 0 num_act 0
18:53:01 D esp32xx_wifi_if.cpp:279 PK check: sending probe (15)
18:53:01 D hos_lwip_eth_if.cpp:513 ws(0x3fcbe7f8): Status: server 0 oper_up 1 link_up 1/1 hf 97900
18:53:01 D shos_lwip_ping.cpp:190  192.168.0.1 ping 0x59cd response seq 1 rtt 15 ms
18:53:01 D esp32xx_wifi_if.cpp:295 PK check: ctr 15 gateway is pingable
18:53:01 D shelly_tmcu.cpp:927     Process 1 commands
18:53:01 D shelly_tmcu.cpp:890     TX: 0x00 v=3 [] (Expecting heartbeat)
18:53:02 W shelly_tmcu.cpp:507     Heartbeat timed out!
18:53:02 D shelly_tmcu.cpp:927     Process 1 commands
18:53:02 D shelly_tmcu.cpp:890     TX: 0x00 v=3 [] (Expecting heartbeat)
18:53:03 W shelly_tmcu.cpp:507     Heartbeat timed out!
18:53:03 D esp32xx_wifi_if.cpp:234 PK check: link 1 gw 1 UC 134 MC 118 ctr 16/105 ping 0 num_act 0
18:53:03 D hos_lwip_eth_if.cpp:513 ws(0x3fcbe7f8): Status: server 0 oper_up 1 link_up 1/1 hf 98484
18:53:03 D shelly_tmcu.cpp:927     Process 1 commands
18:53:03 D shelly_tmcu.cpp:890     TX: 0x00 v=3 [] (Expecting heartbeat)
18:53:04 D shos_http_base.cpp:443  0x3fcbf7dc: Send WS ping
18:53:04 D shos_http_base.cpp:555  0x3fcbf7dc: Recd WS pong
18:53:04 W shelly_tmcu.cpp:507     Heartbeat timed out!
18:53:04 D shelly_tmcu.cpp:927     Process 1 commands
18:53:04 D shelly_tmcu.cpp:890     TX: 0x00 v=3 [] (Expecting heartbeat)
18:53:05 W shelly_tmcu.cpp:507     Heartbeat timed out!
18:53:05 D esp32xx_wifi_if.cpp:234 PK check: link 1 gw 1 UC 143 MC 122 ctr 16/105 ping 0 num_act 0
18:53:05 D shelly_tmcu.cpp:927     Process 1 commands
18:53:05 D shelly_tmcu.cpp:890     TX: 0x00 v=3 [] (Expecting heartbeat)
18:53:06 D hos_lwip_eth_if.cpp:513 ws(0x3fcbe7f8): Status: server 0 oper_up 1 link_up 1/1 hf 98140
18:53:06 W shelly_tmcu.cpp:507     Heartbeat timed out!
18:53:06 D shelly_tmcu.cpp:927     Process 1 commands
18:53:06 D shelly_tmcu.cpp:890     TX: 0x00 v=3 [] (Expecting heartbeat)
18:53:07 W shelly_tmcu.cpp:507     Heartbeat timed out!
18:53:07 D shelly_tmcu.cpp:927     Process 1 commands
18:53:07 D shelly_tmcu.cpp:890     TX: 0x00 v=3 [] (Expecting heartbeat)
18:53:07 D esp32xx_wifi_if.cpp:234 PK check: link 1 gw 1 UC 148 MC 130 ctr 16/105 ping 0 num_act 0
18:53:07 D hos_lwip_eth_if.cpp:513 ws(0x3fcbe7f8): Status: server 0 oper_up 1 link_up 1/1 hf 96792
18:53:08 W shelly_tmcu.cpp:507     Heartbeat timed out!
18:53:08 D shelly_tmcu.cpp:927     Process 1 commands
18:53:08 D shelly_tmcu.cpp:890     TX: 0x00 v=3 [] (Expecting heartbeat)
18:53:09 W shelly_tmcu.cpp:507     Heartbeat timed out!
18:53:09 D shelly_tmcu.cpp:927     Process 1 commands
18:53:09 D shelly_tmcu.cpp:890     TX: 0x00 v=3 [] (Expecting heartbeat)
18:53:10 D esp32xx_wifi_if.cpp:234 PK check: link 1 gw 1 UC 153 MC 134 ctr 16/105 ping 0 num_act 0
18:53:10 D hos_lwip_eth_if.cpp:513 ws(0x3fcbe7f8): Status: server 0 oper_up 1 link_up 1/1 hf 96792
18:53:10 W shelly_tmcu.cpp:507     Heartbeat timed out!
18:53:10 D shelly_tmcu.cpp:927     Process 1 commands
18:53:10 D shelly_tmcu.cpp:890     TX: 0x00 v=3 [] (Expecting heartbeat)
18:53:11 W shelly_tmcu.cpp:507     Heartbeat timed out!
18:53:11 D shelly_tmcu.cpp:927     Process 1 commands
18:53:11 D shelly_tmcu.cpp:890     TX: 0x00 v=3 [] (Expecting heartbeat)
18:53:12 D esp32xx_wifi_if.cpp:234 PK check: link 1 gw 1 UC 160 MC 140 ctr 16/105 ping 0 num_act 0
18:53:12 D hos_lwip_eth_if.cpp:513 ws(0x3fcbe7f8): Status: server 0 oper_up 1 link_up 1/1 hf 98440
18:53:12 W shelly_tmcu.cpp:507     Heartbeat timed out!
18:53:12 D shelly_tmcu.cpp:927     Process 1 commands
18:53:12 D shelly_tmcu.cpp:890     TX: 0x00 v=3 [] (Expecting heartbeat)
18:53:13 W shelly_tmcu.cpp:507     Heartbeat timed out!
18:53:13 D shos_wifi_sta.cpp:524   State 8 ev -1 timeout 1
18:53:13 D shos_wifi_sta.cpp:813   Avg RSSI -60, ok
18:53:13 D shelly_tmcu.cpp:927     Process 1 commands
18:53:13 D shelly_tmcu.cpp:890     TX: 0x00 v=3 [] (Expecting heartbeat)
18:53:14 D esp32xx_wifi_if.cpp:234 PK check: link 1 gw 1 UC 167 MC 145 ctr 16/105 ping 0 num_act 0
18:53:14 D hos_lwip_eth_if.cpp:513 ws(0x3fcbe7f8): Status: server 0 oper_up 1 link_up 1/1 hf 98440
18:53:14 W shelly_tmcu.cpp:507     Heartbeat timed out!
18:53:14 D shelly_tmcu.cpp:927     Process 1 commands
18:53:14 D shelly_tmcu.cpp:890     TX: 0x00 v=3 [] (Expecting heartbeat)
18:53:15 W shelly_tmcu.cpp:507     Heartbeat timed out!
18:53:15 D shelly_tmcu.cpp:927     Process 1 commands
18:53:15 D shelly_tmcu.cpp:890     TX: 0x00 v=3 [] (Expecting heartbeat)
18:53:16 D esp32xx_wifi_if.cpp:234 PK check: link 1 gw 1 UC 173 MC 149 ctr 16/105 ping 0 num_act 0
18:53:16 D hos_lwip_eth_if.cpp:513 ws(0x3fcbe7f8): Status: server 0 oper_up 1 link_up 1/1 hf 98440
18:53:16 W shelly_tmcu.cpp:507     Heartbeat timed out!
18:53:16 D shelly_tmcu.cpp:927     Process 1 commands
18:53:16 D shelly_tmcu.cpp:890     TX: 0x00 v=3 [] (Expecting heartbeat)
