18:53:31  Monitor DevKitu przez Wi-Fi, 192.168.0.238. Ustawienia na starcie:
18:53:31      Ładowanie włączone (DP 18): nie
18:53:31      Limit prądu (DP 4): 13 A
18:53:31      Stan ładowarki (DP 3): Wolna
18:53:31      odczyty: energia sesji 0 kWh | czas sesji 0 min | moc 0 W, prąd 0 A, napięcia 0/0/0 V, licznik 0 kWh
18:53:31  Log przez Wi-Fi: połączono z 192.168.0.238
18:53:31  Q11: mikrokontroler nie odpowiada (Heartbeat timed out); kolejne takie same pomijam
18:53:52  [strona WWW] strona DevKitu została otwarta
19:00:58      TMCU: D shos_config.c:148       Unknown key [xc.tmcu]
19:01:12      TMCU: D shos_config.c:148       Unknown key [xc.tmcu]
19:02:24      TMCU: D shos_config.c:148       Unknown key [xc.tmcu]
19:02:47      TMCU: D shos_config.c:148       Unknown key [xc.tmcu]
19:04:53  Log przez Wi-Fi: brak połączenia (DevKit zamknął log); ponawiam za 5 s
19:05:08  Log przez Wi-Fi: brak połączenia (timed out); ponawiam za 5 s
19:05:23  Log przez Wi-Fi: brak połączenia (timed out); ponawiam za 5 s
19:05:38  Log przez Wi-Fi: brak połączenia (timed out); ponawiam za 5 s
19:05:53  Log przez Wi-Fi: brak połączenia (timed out); ponawiam za 5 s
19:06:08  Log przez Wi-Fi: brak połączenia (timed out); ponawiam za 5 s
19:06:23  Log przez Wi-Fi: brak połączenia (timed out); ponawiam za 5 s
19:06:38  Log przez Wi-Fi: brak połączenia (timed out); ponawiam za 5 s
19:06:53  Log przez Wi-Fi: brak połączenia (timed out); ponawiam za 5 s
19:07:08  Log przez Wi-Fi: brak połączenia (timed out); ponawiam za 5 s
19:07:23  Log przez Wi-Fi: brak połączenia (timed out); ponawiam za 5 s
19:07:38  Log przez Wi-Fi: brak połączenia (timed out); ponawiam za 5 s
19:07:53  Log przez Wi-Fi: brak połączenia (timed out); ponawiam za 5 s
19:08:08  Log przez Wi-Fi: brak połączenia (timed out); ponawiam za 5 s
19:08:23  Log przez Wi-Fi: brak połączenia (timed out); ponawiam za 5 s
19:08:38  Log przez Wi-Fi: brak połączenia (timed out); ponawiam za 5 s
19:08:53  Log przez Wi-Fi: brak połączenia (timed out); ponawiam za 5 s
19:09:08  Log przez Wi-Fi: brak połączenia (timed out); ponawiam za 5 s
19:09:23  Log przez Wi-Fi: brak połączenia (timed out); ponawiam za 5 s
19:09:38  Log przez Wi-Fi: brak połączenia (timed out); ponawiam za 5 s
19:09:53  Log przez Wi-Fi: brak połączenia (timed out); ponawiam za 5 s
19:10:08  Log przez Wi-Fi: brak połączenia (timed out); ponawiam za 5 s
19:10:23  Log przez Wi-Fi: brak połączenia (timed out); ponawiam za 5 s
19:10:38  Log przez Wi-Fi: brak połączenia (timed out); ponawiam za 5 s
19:10:53  Log przez Wi-Fi: brak połączenia (timed out); ponawiam za 5 s
19:11:08  Log przez Wi-Fi: brak połączenia (timed out); ponawiam za 5 s
19:11:23  Log przez Wi-Fi: brak połączenia (timed out); ponawiam za 5 s
19:11:38  Log przez Wi-Fi: brak połączenia (timed out); ponawiam za 5 s
19:11:53  Log przez Wi-Fi: brak połączenia (timed out); ponawiam za 5 s
19:12:08  Log przez Wi-Fi: brak połączenia (timed out); ponawiam za 5 s
19:12:23  Log przez Wi-Fi: brak połączenia (timed out); ponawiam za 5 s
19:12:38  Log przez Wi-Fi: brak połączenia (timed out); ponawiam za 5 s
19:12:53  Log przez Wi-Fi: brak połączenia (timed out); ponawiam za 5 s
19:13:08  Log przez Wi-Fi: brak połączenia (timed out); ponawiam za 5 s
19:13:23  Log przez Wi-Fi: brak połączenia (timed out); ponawiam za 5 s
19:13:38  Log przez Wi-Fi: brak połączenia (timed out); ponawiam za 5 s
19:13:43  Log przez Wi-Fi: brak połączenia (HTTP/1.1 404 Not Found); ponawiam za 5 s
19:13:51  Log przez Wi-Fi: połączono z 192.168.0.238
19:13:53  [Bluetooth] polecenie BLE.SetConfig
19:14:01  TEST: koniec 115200 b/s: odpowiedz na pytania 0 B; lacznie przy tej predkosci 0 B
19:14:01  TEST: === predkosc 19200 b/s: 6 s nasluchu, potem pytania v0/v3
19:14:08  TEST: nasluch 6 s bez pytania: odebrano 0 B
19:14:20  TEST: koniec 19200 b/s: odpowiedz na pytania 0 B; lacznie przy tej predkosci 0 B
19:14:21  [SHC] polecenie service.getinfo
19:14:21  [SHC] polecenie shc.channelready
19:14:27  TEST: nasluch 6 s bez pytania: odebrano 0 B
19:14:40  TEST: koniec 38400 b/s: odpowiedz na pytania 0 B; lacznie przy tej predkosci 0 B
19:14:40  TEST: === predkosc 57600 b/s: 6 s nasluchu, potem pytania v0/v3
19:14:47  TEST: nasluch 6 s bez pytania: odebrano 0 B
19:15:00  TEST: koniec 57600 b/s: odpowiedz na pytania 0 B; lacznie przy tej predkosci 0 B
19:15:00  TEST: === predkosc 4800 b/s: 6 s nasluchu, potem pytania v0/v3
19:15:07  TEST: nasluch 6 s bez pytania: odebrano 0 B
19:15:20  TEST: koniec 4800 b/s: odpowiedz na pytania 0 B; lacznie przy tej predkosci 0 B
19:15:20  TEST: PODSUMOWANIE bajtow wg predkosci: [9600,115200,19200,38400,57600,4800] -> [0,0,0,0,0,0]
19:15:20  TEST: === predkosc 9600 b/s: 6 s nasluchu, potem pytania v0/v3
19:15:27  TEST: nasluch 6 s bez pytania: odebrano 0 B
19:15:40  TEST: koniec 9600 b/s: odpowiedz na pytania 0 B; lacznie przy tej predkosci 0 B
19:15:40  TEST: === predkosc 115200 b/s: 6 s nasluchu, potem pytania v0/v3
19:15:47  TEST: nasluch 6 s bez pytania: odebrano 0 B
19:16:00  TEST: koniec 115200 b/s: odpowiedz na pytania 0 B; lacznie przy tej predkosci 0 B
19:16:00  TEST: === predkosc 19200 b/s: 6 s nasluchu, potem pytania v0/v3
19:16:07  TEST: nasluch 6 s bez pytania: odebrano 0 B
19:16:20  TEST: koniec 19200 b/s: odpowiedz na pytania 0 B; lacznie przy tej predkosci 0 B
19:16:20  TEST: === predkosc 38400 b/s: 6 s nasluchu, potem pytania v0/v3
19:16:27  TEST: nasluch 6 s bez pytania: odebrano 0 B
19:16:40  TEST: koniec 38400 b/s: odpowiedz na pytania 0 B; lacznie przy tej predkosci 0 B
19:16:40  TEST: === predkosc 57600 b/s: 6 s nasluchu, potem pytania v0/v3
19:16:47  TEST: nasluch 6 s bez pytania: odebrano 0 B
19:17:00  TEST: koniec 57600 b/s: odpowiedz na pytania 0 B; lacznie przy tej predkosci 0 B
19:17:00  TEST: === predkosc 4800 b/s: 6 s nasluchu, potem pytania v0/v3
19:17:07  TEST: nasluch 6 s bez pytania: odebrano 0 B
19:17:20  TEST: koniec 4800 b/s: odpowiedz na pytania 0 B; lacznie przy tej predkosci 0 B
19:17:20  TEST: PODSUMOWANIE bajtow wg predkosci: [9600,115200,19200,38400,57600,4800] -> [0,0,0,0,0,0]
19:17:20  TEST: === predkosc 9600 b/s: 6 s nasluchu, potem pytania v0/v3
19:17:27  TEST: nasluch 6 s bez pytania: odebrano 0 B
19:17:40  TEST: koniec 9600 b/s: odpowiedz na pytania 0 B; lacznie przy tej predkosci 0 B
19:17:40  TEST: === predkosc 115200 b/s: 6 s nasluchu, potem pytania v0/v3
19:17:47  TEST: nasluch 6 s bez pytania: odebrano 0 B
19:18:00  TEST: koniec 115200 b/s: odpowiedz na pytania 0 B; lacznie przy tej predkosci 0 B
19:18:00  TEST: === predkosc 19200 b/s: 6 s nasluchu, potem pytania v0/v3
19:18:07  TEST: nasluch 6 s bez pytania: odebrano 0 B
19:18:20  TEST: koniec 19200 b/s: odpowiedz na pytania 0 B; lacznie przy tej predkosci 0 B
19:18:20  TEST: === predkosc 38400 b/s: 6 s nasluchu, potem pytania v0/v3
19:18:27  TEST: nasluch 6 s bez pytania: odebrano 0 B
19:18:40  TEST: koniec 38400 b/s: odpowiedz na pytania 0 B; lacznie przy tej predkosci 0 B
19:18:40  TEST: === predkosc 57600 b/s: 6 s nasluchu, potem pytania v0/v3
19:18:47  TEST: nasluch 6 s bez pytania: odebrano 0 B
19:19:00  TEST: koniec 57600 b/s: odpowiedz na pytania 0 B; lacznie przy tej predkosci 0 B
19:19:00  TEST: === predkosc 4800 b/s: 6 s nasluchu, potem pytania v0/v3
19:19:07  TEST: nasluch 6 s bez pytania: odebrano 0 B
19:19:20  TEST: koniec 4800 b/s: odpowiedz na pytania 0 B; lacznie przy tej predkosci 0 B
19:19:20  TEST: PODSUMOWANIE bajtow wg predkosci: [9600,115200,19200,38400,57600,4800] -> [0,0,0,0,0,0]
19:19:20  TEST: === predkosc 9600 b/s: 6 s nasluchu, potem pytania v0/v3
19:19:27  TEST: nasluch 6 s bez pytania: odebrano 0 B
19:19:40  TEST: koniec 9600 b/s: odpowiedz na pytania 0 B; lacznie przy tej predkosci 0 B
19:19:40  TEST: === predkosc 115200 b/s: 6 s nasluchu, potem pytania v0/v3
19:19:47  TEST: nasluch 6 s bez pytania: odebrano 0 B
19:20:00  TEST: koniec 115200 b/s: odpowiedz na pytania 0 B; lacznie przy tej predkosci 0 B
19:20:00  TEST: === predkosc 19200 b/s: 6 s nasluchu, potem pytania v0/v3
19:20:51  Log przez Wi-Fi: brak połączenia (45 s bez żadnego wiersza logu); ponawiam za 5 s
19:21:06  Log przez Wi-Fi: brak połączenia (timed out); ponawiam za 5 s
19:21:21  Log przez Wi-Fi: brak połączenia (timed out); ponawiam za 5 s
19:21:36  Log przez Wi-Fi: brak połączenia (timed out); ponawiam za 5 s
19:21:51  Log przez Wi-Fi: brak połączenia (timed out); ponawiam za 5 s
19:22:06  Log przez Wi-Fi: brak połączenia (timed out); ponawiam za 5 s
19:22:21  Log przez Wi-Fi: brak połączenia (timed out); ponawiam za 5 s
19:22:36  Log przez Wi-Fi: brak połączenia (timed out); ponawiam za 5 s
19:22:51  Log przez Wi-Fi: brak połączenia (timed out); ponawiam za 5 s
19:23:06  Log przez Wi-Fi: brak połączenia (timed out); ponawiam za 5 s
19:23:21  Log przez Wi-Fi: brak połączenia (timed out); ponawiam za 5 s
19:23:36  Log przez Wi-Fi: brak połączenia (timed out); ponawiam za 5 s
19:23:51  Log przez Wi-Fi: brak połączenia (timed out); ponawiam za 5 s
19:24:06  Log przez Wi-Fi: brak połączenia (timed out); ponawiam za 5 s
19:24:21  Log przez Wi-Fi: brak połączenia (timed out); ponawiam za 5 s
19:24:36  Log przez Wi-Fi: brak połączenia (timed out); ponawiam za 5 s
19:24:51  Log przez Wi-Fi: brak połączenia (timed out); ponawiam za 5 s
19:25:06  Log przez Wi-Fi: brak połączenia (timed out); ponawiam za 5 s
19:25:21  Log przez Wi-Fi: brak połączenia (timed out); ponawiam za 5 s
19:25:36  Log przez Wi-Fi: brak połączenia (timed out); ponawiam za 5 s
19:25:51  Log przez Wi-Fi: brak połączenia (timed out); ponawiam za 5 s
19:26:06  Log przez Wi-Fi: brak połączenia (timed out); ponawiam za 5 s
19:26:21  Log przez Wi-Fi: brak połączenia (timed out); ponawiam za 5 s
19:26:36  Log przez Wi-Fi: brak połączenia (timed out); ponawiam za 5 s
19:26:42  Log przez Wi-Fi: połączono z 192.168.0.238
19:26:43  TEST: nasluch 6 s bez pytania: odebrano 0 B
19:26:44  TEST: koniec 9600 b/s: odpowiedz na pytania 0 B; lacznie przy tej predkosci 0 B
19:26:44  TEST: === predkosc 115200 b/s: 6 s nasluchu, potem pytania v0/v3
19:26:46  [SHC] polecenie service.getinfo
19:26:47  [SHC] polecenie shc.channelready
19:26:51  TEST: nasluch 6 s bez pytania: odebrano 0 B
19:27:03  TEST: koniec 115200 b/s: odpowiedz na pytania 0 B; lacznie przy tej predkosci 0 B
19:27:03  TEST: === predkosc 19200 b/s: 6 s nasluchu, potem pytania v0/v3
19:27:10  TEST: nasluch 6 s bez pytania: odebrano 0 B
19:27:23  TEST: koniec 19200 b/s: odpowiedz na pytania 0 B; lacznie przy tej predkosci 0 B
19:27:23  TEST: === predkosc 38400 b/s: 6 s nasluchu, potem pytania v0/v3
19:27:30  TEST: nasluch 6 s bez pytania: odebrano 0 B
19:27:42  TEST: koniec 38400 b/s: odpowiedz na pytania 0 B; lacznie przy tej predkosci 0 B
19:27:42  TEST: === predkosc 57600 b/s: 6 s nasluchu, potem pytania v0/v3
19:27:49  TEST: nasluch 6 s bez pytania: odebrano 0 B
19:28:01  TEST: koniec 57600 b/s: odpowiedz na pytania 0 B; lacznie przy tej predkosci 0 B
19:28:01  TEST: === predkosc 4800 b/s: 6 s nasluchu, potem pytania v0/v3
19:28:08  TEST: nasluch 6 s bez pytania: odebrano 0 B
19:28:21  TEST: koniec 4800 b/s: odpowiedz na pytania 0 B; lacznie przy tej predkosci 0 B
19:28:21  TEST: PODSUMOWANIE bajtow wg predkosci: [9600,115200,19200,38400,57600,4800] -> [0,0,0,0,0,0]
19:28:21  TEST: === predkosc 9600 b/s: 6 s nasluchu, potem pytania v0/v3
19:28:28  TEST: nasluch 6 s bez pytania: odebrano 0 B
19:28:41  TEST: koniec 9600 b/s: odpowiedz na pytania 0 B; lacznie przy tej predkosci 0 B
19:28:41  TEST: === predkosc 115200 b/s: 6 s nasluchu, potem pytania v0/v3
19:28:48  TEST: nasluch 6 s bez pytania: odebrano 0 B
19:29:01  TEST: koniec 115200 b/s: odpowiedz na pytania 0 B; lacznie przy tej predkosci 0 B
19:29:01  TEST: === predkosc 19200 b/s: 6 s nasluchu, potem pytania v0/v3
19:29:08  TEST: nasluch 6 s bez pytania: odebrano 0 B
19:30:01  Log przez Wi-Fi: brak połączenia (45 s bez żadnego wiersza logu); ponawiam za 5 s
19:30:06  Log przez Wi-Fi: połączono z 192.168.0.238
19:31:26  TEST: PODSUMOWANIE cyklu: cisza we wszystkich 21 kombinacjach
19:31:57      usługa: I shelly_service.cpp:483  service:0: state running -> terminated; ntf? 1
19:31:57  Log przez Wi-Fi: brak połączenia (DevKit zamknął log); ponawiam za 5 s
19:32:12  Log przez Wi-Fi: brak połączenia (timed out); ponawiam za 5 s
19:32:17  Log przez Wi-Fi: połączono z 192.168.0.238
19:33:52  TEST: PODSUMOWANIE cyklu: cisza we wszystkich 21 kombinacjach
19:35:38  TEST: PODSUMOWANIE cyklu: cisza we wszystkich 21 kombinacjach
19:36:29  Log przez Wi-Fi: brak połączenia (45 s bez żadnego wiersza logu); ponawiam za 5 s
19:36:34  Log przez Wi-Fi: połączono z 192.168.0.238
19:37:52  TEST: PODSUMOWANIE cyklu: cisza we wszystkich 21 kombinacjach
19:39:37  TEST: PODSUMOWANIE cyklu: cisza we wszystkich 21 kombinacjach
19:40:24  Log przez Wi-Fi: brak połączenia (45 s bez żadnego wiersza logu); ponawiam za 5 s
19:40:39  Log przez Wi-Fi: brak połączenia (timed out); ponawiam za 5 s
19:40:54  Log przez Wi-Fi: brak połączenia (timed out); ponawiam za 5 s
19:41:09  Log przez Wi-Fi: brak połączenia (timed out); ponawiam za 5 s
19:41:24  Log przez Wi-Fi: brak połączenia (timed out); ponawiam za 5 s
19:41:39  Log przez Wi-Fi: brak połączenia (timed out); ponawiam za 5 s
19:41:54  Log przez Wi-Fi: brak połączenia (timed out); ponawiam za 5 s
19:42:09  Log przez Wi-Fi: brak połączenia (timed out); ponawiam za 5 s
19:42:24  Log przez Wi-Fi: brak połączenia (timed out); ponawiam za 5 s
19:42:39  Log przez Wi-Fi: brak połączenia (timed out); ponawiam za 5 s
19:42:54  Log przez Wi-Fi: brak połączenia (timed out); ponawiam za 5 s
19:43:09  Log przez Wi-Fi: brak połączenia (timed out); ponawiam za 5 s
19:43:24  Log przez Wi-Fi: brak połączenia (timed out); ponawiam za 5 s
19:43:39  Log przez Wi-Fi: brak połączenia (timed out); ponawiam za 5 s
19:43:54  Log przez Wi-Fi: brak połączenia (timed out); ponawiam za 5 s
19:44:09  Log przez Wi-Fi: brak połączenia (timed out); ponawiam za 5 s
19:44:24  Log przez Wi-Fi: brak połączenia (timed out); ponawiam za 5 s
19:44:39  Log przez Wi-Fi: brak połączenia (timed out); ponawiam za 5 s
19:44:54  Log przez Wi-Fi: brak połączenia (timed out); ponawiam za 5 s
19:45:09  Log przez Wi-Fi: brak połączenia (timed out); ponawiam za 5 s
19:45:24  Log przez Wi-Fi: brak połączenia (timed out); ponawiam za 5 s
19:45:39  Log przez Wi-Fi: brak połączenia (timed out); ponawiam za 5 s
19:45:54  Log przez Wi-Fi: brak połączenia (timed out); ponawiam za 5 s
19:46:09  Log przez Wi-Fi: brak połączenia (timed out); ponawiam za 5 s
19:46:24  Log przez Wi-Fi: brak połączenia (timed out); ponawiam za 5 s
19:46:39  Log przez Wi-Fi: brak połączenia (timed out); ponawiam za 5 s
19:46:54  Log przez Wi-Fi: brak połączenia (timed out); ponawiam za 5 s
19:47:09  Log przez Wi-Fi: brak połączenia (timed out); ponawiam za 5 s
19:47:24  Log przez Wi-Fi: brak połączenia (timed out); ponawiam za 5 s
19:47:39  Log przez Wi-Fi: brak połączenia (timed out); ponawiam za 5 s
19:47:54  Log przez Wi-Fi: brak połączenia (timed out); ponawiam za 5 s
19:48:09  Log przez Wi-Fi: brak połączenia (timed out); ponawiam za 5 s
19:48:24  Log przez Wi-Fi: brak połączenia (timed out); ponawiam za 5 s
19:48:39  Log przez Wi-Fi: brak połączenia (timed out); ponawiam za 5 s
19:48:54  Log przez Wi-Fi: brak połączenia (timed out); ponawiam za 5 s
19:49:09  Log przez Wi-Fi: brak połączenia (timed out); ponawiam za 5 s
19:49:24  Log przez Wi-Fi: brak połączenia (timed out); ponawiam za 5 s
19:49:39  Log przez Wi-Fi: brak połączenia (timed out); ponawiam za 5 s
19:49:54  Log przez Wi-Fi: brak połączenia (timed out); ponawiam za 5 s
19:50:09  Log przez Wi-Fi: brak połączenia (timed out); ponawiam za 5 s
19:50:24  Log przez Wi-Fi: brak połączenia (timed out); ponawiam za 5 s
19:50:39  Log przez Wi-Fi: brak połączenia (timed out); ponawiam za 5 s
19:50:54  Log przez Wi-Fi: brak połączenia (timed out); ponawiam za 5 s
19:51:09  Log przez Wi-Fi: brak połączenia (timed out); ponawiam za 5 s
19:51:24  Log przez Wi-Fi: brak połączenia (timed out); ponawiam za 5 s
19:51:39  Log przez Wi-Fi: brak połączenia (timed out); ponawiam za 5 s
19:51:54  Log przez Wi-Fi: brak połączenia (timed out); ponawiam za 5 s
19:52:09  Log przez Wi-Fi: brak połączenia (timed out); ponawiam za 5 s
19:52:24  Log przez Wi-Fi: brak połączenia (timed out); ponawiam za 5 s
19:52:39  Log przez Wi-Fi: brak połączenia (timed out); ponawiam za 5 s
19:52:54  Log przez Wi-Fi: brak połączenia (timed out); ponawiam za 5 s
19:53:09  Log przez Wi-Fi: brak połączenia (timed out); ponawiam za 5 s
19:53:24  Log przez Wi-Fi: brak połączenia (timed out); ponawiam za 5 s
19:53:39  Log przez Wi-Fi: brak połączenia (timed out); ponawiam za 5 s
19:53:54  Log przez Wi-Fi: brak połączenia (timed out); ponawiam za 5 s
19:54:09  Log przez Wi-Fi: brak połączenia (timed out); ponawiam za 5 s
19:54:24  Log przez Wi-Fi: brak połączenia (timed out); ponawiam za 5 s
19:54:39  Log przez Wi-Fi: brak połączenia (timed out); ponawiam za 5 s
19:54:54  Log przez Wi-Fi: brak połączenia (timed out); ponawiam za 5 s
19:55:09  Log przez Wi-Fi: brak połączenia (timed out); ponawiam za 5 s
19:55:24  Log przez Wi-Fi: brak połączenia (timed out); ponawiam za 5 s
19:55:39  Log przez Wi-Fi: brak połączenia (timed out); ponawiam za 5 s
19:55:54  Log przez Wi-Fi: brak połączenia (timed out); ponawiam za 5 s
19:56:09  Log przez Wi-Fi: brak połączenia (timed out); ponawiam za 5 s
19:56:24  Log przez Wi-Fi: brak połączenia (timed out); ponawiam za 5 s
19:56:39  Log przez Wi-Fi: brak połączenia (timed out); ponawiam za 5 s
19:56:54  Log przez Wi-Fi: brak połączenia (timed out); ponawiam za 5 s
19:57:09  Log przez Wi-Fi: brak połączenia (timed out); ponawiam za 5 s
19:57:24  Log przez Wi-Fi: brak połączenia (timed out); ponawiam za 5 s
19:57:39  Log przez Wi-Fi: brak połączenia (timed out); ponawiam za 5 s
19:57:54  Log przez Wi-Fi: brak połączenia (timed out); ponawiam za 5 s
19:58:09  Log przez Wi-Fi: brak połączenia (timed out); ponawiam za 5 s
19:58:24  Log przez Wi-Fi: brak połączenia (timed out); ponawiam za 5 s
19:58:39  Log przez Wi-Fi: brak połączenia (timed out); ponawiam za 5 s
19:58:54  Log przez Wi-Fi: brak połączenia (timed out); ponawiam za 5 s
19:59:09  Log przez Wi-Fi: brak połączenia (timed out); ponawiam za 5 s
19:59:24  Log przez Wi-Fi: brak połączenia (timed out); ponawiam za 5 s
19:59:39  Log przez Wi-Fi: brak połączenia (timed out); ponawiam za 5 s
19:59:54  Log przez Wi-Fi: brak połączenia (timed out); ponawiam za 5 s
20:00:09  Log przez Wi-Fi: brak połączenia (timed out); ponawiam za 5 s
20:00:24  Log przez Wi-Fi: brak połączenia (timed out); ponawiam za 5 s
20:00:39  Log przez Wi-Fi: brak połączenia (timed out); ponawiam za 5 s
20:00:54  Log przez Wi-Fi: brak połączenia (timed out); ponawiam za 5 s
20:01:09  Log przez Wi-Fi: brak połączenia (timed out); ponawiam za 5 s
20:01:24  Log przez Wi-Fi: brak połączenia (timed out); ponawiam za 5 s
20:01:39  Log przez Wi-Fi: brak połączenia (timed out); ponawiam za 5 s
20:01:54  Log przez Wi-Fi: brak połączenia (timed out); ponawiam za 5 s
20:02:48  Log przez Wi-Fi: brak połączenia (timed out); ponawiam za 5 s
22:52:01  Log przez Wi-Fi: brak połączenia ([WinError 10053] Nawiązane połączenie zostało przerwane przez oprogramowanie zainstalowane w komputerze-hoście); ponawiam za 5 s
05:32:47  Log przez Wi-Fi: brak połączenia ([WinError 10051] Próba przeprowadzenia operacji, wykonywanej przez gniazdo, na nieosiągalnej sieci); ponawiam za 5 s
05:32:52  Log przez Wi-Fi: brak połączenia ([WinError 10065] Próba przeprowadzenia operacji, wykonywanej przez gniazdo, na nieosiągalnym hoście); ponawiam za 5 s
05:32:57  Log przez Wi-Fi: brak połączenia ([WinError 10065] Próba przeprowadzenia operacji, wykonywanej przez gniazdo, na nieosiągalnym hoście); ponawiam za 5 s
09:58:43  Log przez Wi-Fi: brak połączenia ([WinError 10065] Próba przeprowadzenia operacji, wykonywanej przez gniazdo, na nieosiągalnym hoście); ponawiam za 5 s
09:58:48  Log przez Wi-Fi: brak połączenia ([WinError 10065] Próba przeprowadzenia operacji, wykonywanej przez gniazdo, na nieosiągalnym hoście); ponawiam za 5 s
09:58:53  Log przez Wi-Fi: brak połączenia ([WinError 10065] Próba przeprowadzenia operacji, wykonywanej przez gniazdo, na nieosiągalnym hoście); ponawiam za 5 s
09:58:58  Log przez Wi-Fi: brak połączenia ([WinError 10065] Próba przeprowadzenia operacji, wykonywanej przez gniazdo, na nieosiągalnym hoście); ponawiam za 5 s
09:59:03  Log przez Wi-Fi: brak połączenia ([WinError 10065] Próba przeprowadzenia operacji, wykonywanej przez gniazdo, na nieosiągalnym hoście); ponawiam za 5 s
09:59:08  Log przez Wi-Fi: brak połączenia ([WinError 10065] Próba przeprowadzenia operacji, wykonywanej przez gniazdo, na nieosiągalnym hoście); ponawiam za 5 s
09:59:13  Log przez Wi-Fi: brak połączenia ([WinError 10065] Próba przeprowadzenia operacji, wykonywanej przez gniazdo, na nieosiągalnym hoście); ponawiam za 5 s
09:59:18  Log przez Wi-Fi: brak połączenia ([WinError 10065] Próba przeprowadzenia operacji, wykonywanej przez gniazdo, na nieosiągalnym hoście); ponawiam za 5 s
09:59:23  Log przez Wi-Fi: brak połączenia ([WinError 10065] Próba przeprowadzenia operacji, wykonywanej przez gniazdo, na nieosiągalnym hoście); ponawiam za 5 s
09:59:28  Log przez Wi-Fi: brak połączenia ([WinError 10065] Próba przeprowadzenia operacji, wykonywanej przez gniazdo, na nieosiągalnym hoście); ponawiam za 5 s
09:59:33  Log przez Wi-Fi: brak połączenia ([WinError 10065] Próba przeprowadzenia operacji, wykonywanej przez gniazdo, na nieosiągalnym hoście); ponawiam za 5 s
09:59:38  Log przez Wi-Fi: brak połączenia ([WinError 10065] Próba przeprowadzenia operacji, wykonywanej przez gniazdo, na nieosiągalnym hoście); ponawiam za 5 s
09:59:43  Log przez Wi-Fi: brak połączenia ([WinError 10065] Próba przeprowadzenia operacji, wykonywanej przez gniazdo, na nieosiągalnym hoście); ponawiam za 5 s
09:59:48  Log przez Wi-Fi: brak połączenia ([WinError 10065] Próba przeprowadzenia operacji, wykonywanej przez gniazdo, na nieosiągalnym hoście); ponawiam za 5 s
09:59:53  Log przez Wi-Fi: brak połączenia ([WinError 10065] Próba przeprowadzenia operacji, wykonywanej przez gniazdo, na nieosiągalnym hoście); ponawiam za 5 s
09:59:58  Log przez Wi-Fi: brak połączenia ([WinError 10065] Próba przeprowadzenia operacji, wykonywanej przez gniazdo, na nieosiągalnym hoście); ponawiam za 5 s
10:00:03  Log przez Wi-Fi: brak połączenia ([WinError 10065] Próba przeprowadzenia operacji, wykonywanej przez gniazdo, na nieosiągalnym hoście); ponawiam za 5 s
10:00:08  Log przez Wi-Fi: brak połączenia ([WinError 10065] Próba przeprowadzenia operacji, wykonywanej przez gniazdo, na nieosiągalnym hoście); ponawiam za 5 s
10:00:13  Log przez Wi-Fi: brak połączenia ([WinError 10065] Próba przeprowadzenia operacji, wykonywanej przez gniazdo, na nieosiągalnym hoście); ponawiam za 5 s
10:00:18  Log przez Wi-Fi: brak połączenia ([WinError 10065] Próba przeprowadzenia operacji, wykonywanej przez gniazdo, na nieosiągalnym hoście); ponawiam za 5 s
10:00:23  Log przez Wi-Fi: brak połączenia ([WinError 10065] Próba przeprowadzenia operacji, wykonywanej przez gniazdo, na nieosiągalnym hoście); ponawiam za 5 s
10:00:28  Log przez Wi-Fi: brak połączenia ([WinError 10065] Próba przeprowadzenia operacji, wykonywanej przez gniazdo, na nieosiągalnym hoście); ponawiam za 5 s
10:00:33  Log przez Wi-Fi: brak połączenia ([WinError 10065] Próba przeprowadzenia operacji, wykonywanej przez gniazdo, na nieosiągalnym hoście); ponawiam za 5 s
10:00:38  Log przez Wi-Fi: brak połączenia ([WinError 10065] Próba przeprowadzenia operacji, wykonywanej przez gniazdo, na nieosiągalnym hoście); ponawiam za 5 s
10:00:43  Log przez Wi-Fi: brak połączenia ([WinError 10065] Próba przeprowadzenia operacji, wykonywanej przez gniazdo, na nieosiągalnym hoście); ponawiam za 5 s
10:00:48  Log przez Wi-Fi: brak połączenia ([WinError 10065] Próba przeprowadzenia operacji, wykonywanej przez gniazdo, na nieosiągalnym hoście); ponawiam za 5 s
10:00:53  Log przez Wi-Fi: brak połączenia ([WinError 10065] Próba przeprowadzenia operacji, wykonywanej przez gniazdo, na nieosiągalnym hoście); ponawiam za 5 s
10:00:58  Log przez Wi-Fi: brak połączenia ([WinError 10065] Próba przeprowadzenia operacji, wykonywanej przez gniazdo, na nieosiągalnym hoście); ponawiam za 5 s
10:01:03  Log przez Wi-Fi: brak połączenia ([WinError 10065] Próba przeprowadzenia operacji, wykonywanej przez gniazdo, na nieosiągalnym hoście); ponawiam za 5 s
10:01:08  Log przez Wi-Fi: brak połączenia ([WinError 10065] Próba przeprowadzenia operacji, wykonywanej przez gniazdo, na nieosiągalnym hoście); ponawiam za 5 s
10:01:13  Log przez Wi-Fi: brak połączenia ([WinError 10065] Próba przeprowadzenia operacji, wykonywanej przez gniazdo, na nieosiągalnym hoście); ponawiam za 5 s
10:01:18  Log przez Wi-Fi: brak połączenia ([WinError 10065] Próba przeprowadzenia operacji, wykonywanej przez gniazdo, na nieosiągalnym hoście); ponawiam za 5 s
10:01:23  Log przez Wi-Fi: brak połączenia ([WinError 10065] Próba przeprowadzenia operacji, wykonywanej przez gniazdo, na nieosiągalnym hoście); ponawiam za 5 s
10:01:28  Log przez Wi-Fi: brak połączenia ([WinError 10065] Próba przeprowadzenia operacji, wykonywanej przez gniazdo, na nieosiągalnym hoście); ponawiam za 5 s
10:01:33  Log przez Wi-Fi: brak połączenia ([WinError 10065] Próba przeprowadzenia operacji, wykonywanej przez gniazdo, na nieosiągalnym hoście); ponawiam za 5 s
10:01:38  Log przez Wi-Fi: brak połączenia ([WinError 10065] Próba przeprowadzenia operacji, wykonywanej przez gniazdo, na nieosiągalnym hoście); ponawiam za 5 s
10:01:43  Log przez Wi-Fi: brak połączenia ([WinError 10065] Próba przeprowadzenia operacji, wykonywanej przez gniazdo, na nieosiągalnym hoście); ponawiam za 5 s
10:01:48  Log przez Wi-Fi: brak połączenia ([WinError 10065] Próba przeprowadzenia operacji, wykonywanej przez gniazdo, na nieosiągalnym hoście); ponawiam za 5 s
10:01:53  Log przez Wi-Fi: brak połączenia ([WinError 10065] Próba przeprowadzenia operacji, wykonywanej przez gniazdo, na nieosiągalnym hoście); ponawiam za 5 s
10:01:58  Log przez Wi-Fi: brak połączenia ([WinError 10065] Próba przeprowadzenia operacji, wykonywanej przez gniazdo, na nieosiągalnym hoście); ponawiam za 5 s
10:02:03  Log przez Wi-Fi: brak połączenia ([WinError 10065] Próba przeprowadzenia operacji, wykonywanej przez gniazdo, na nieosiągalnym hoście); ponawiam za 5 s
10:02:08  Log przez Wi-Fi: brak połączenia ([WinError 10065] Próba przeprowadzenia operacji, wykonywanej przez gniazdo, na nieosiągalnym hoście); ponawiam za 5 s
10:02:13  Log przez Wi-Fi: brak połączenia ([WinError 10065] Próba przeprowadzenia operacji, wykonywanej przez gniazdo, na nieosiągalnym hoście); ponawiam za 5 s
10:02:18  Log przez Wi-Fi: brak połączenia ([WinError 10065] Próba przeprowadzenia operacji, wykonywanej przez gniazdo, na nieosiągalnym hoście); ponawiam za 5 s
10:02:23  Log przez Wi-Fi: brak połączenia ([WinError 10065] Próba przeprowadzenia operacji, wykonywanej przez gniazdo, na nieosiągalnym hoście); ponawiam za 5 s
10:02:28  Log przez Wi-Fi: brak połączenia ([WinError 10065] Próba przeprowadzenia operacji, wykonywanej przez gniazdo, na nieosiągalnym hoście); ponawiam za 5 s
10:02:33  Log przez Wi-Fi: brak połączenia ([WinError 10065] Próba przeprowadzenia operacji, wykonywanej przez gniazdo, na nieosiągalnym hoście); ponawiam za 5 s
10:02:38  Log przez Wi-Fi: brak połączenia ([WinError 10065] Próba przeprowadzenia operacji, wykonywanej przez gniazdo, na nieosiągalnym hoście); ponawiam za 5 s
10:02:43  Log przez Wi-Fi: brak połączenia ([WinError 10065] Próba przeprowadzenia operacji, wykonywanej przez gniazdo, na nieosiągalnym hoście); ponawiam za 5 s
10:02:58  Log przez Wi-Fi: brak połączenia (timed out); ponawiam za 5 s
10:03:13  Log przez Wi-Fi: brak połączenia (timed out); ponawiam za 5 s
10:03:28  Log przez Wi-Fi: brak połączenia (timed out); ponawiam za 5 s
10:03:43  Log przez Wi-Fi: brak połączenia (timed out); ponawiam za 5 s
10:03:58  Log przez Wi-Fi: brak połączenia (timed out); ponawiam za 5 s
10:04:14  Log przez Wi-Fi: brak połączenia (timed out); ponawiam za 5 s
10:04:29  Log przez Wi-Fi: brak połączenia (timed out); ponawiam za 5 s
10:04:44  Log przez Wi-Fi: brak połączenia (timed out); ponawiam za 5 s
10:04:59  Log przez Wi-Fi: brak połączenia (timed out); ponawiam za 5 s
10:05:14  Log przez Wi-Fi: brak połączenia (timed out); ponawiam za 5 s
10:05:29  Log przez Wi-Fi: brak połączenia (timed out); ponawiam za 5 s
10:05:44  Log przez Wi-Fi: brak połączenia (timed out); ponawiam za 5 s
10:05:59  Log przez Wi-Fi: brak połączenia (timed out); ponawiam za 5 s
10:06:14  Log przez Wi-Fi: brak połączenia (timed out); ponawiam za 5 s
10:06:29  Log przez Wi-Fi: brak połączenia (timed out); ponawiam za 5 s
10:06:44  Log przez Wi-Fi: brak połączenia (timed out); ponawiam za 5 s
10:06:59  Log przez Wi-Fi: brak połączenia (timed out); ponawiam za 5 s
10:07:14  Log przez Wi-Fi: brak połączenia (timed out); ponawiam za 5 s
10:07:29  Log przez Wi-Fi: brak połączenia (timed out); ponawiam za 5 s
10:07:44  Log przez Wi-Fi: brak połączenia (timed out); ponawiam za 5 s
10:07:59  Log przez Wi-Fi: brak połączenia (timed out); ponawiam za 5 s
10:08:14  Log przez Wi-Fi: brak połączenia (timed out); ponawiam za 5 s
10:08:29  Log przez Wi-Fi: brak połączenia (timed out); ponawiam za 5 s
10:08:44  Log przez Wi-Fi: brak połączenia (timed out); ponawiam za 5 s
10:08:59  Log przez Wi-Fi: brak połączenia (timed out); ponawiam za 5 s
10:09:14  Log przez Wi-Fi: brak połączenia (timed out); ponawiam za 5 s
10:09:29  Log przez Wi-Fi: brak połączenia (timed out); ponawiam za 5 s
10:09:44  Log przez Wi-Fi: brak połączenia (timed out); ponawiam za 5 s
10:09:59  Log przez Wi-Fi: brak połączenia (timed out); ponawiam za 5 s
10:10:14  Log przez Wi-Fi: brak połączenia (timed out); ponawiam za 5 s
10:10:29  Log przez Wi-Fi: brak połączenia (timed out); ponawiam za 5 s
10:10:44  Log przez Wi-Fi: brak połączenia (timed out); ponawiam za 5 s
10:10:59  Log przez Wi-Fi: brak połączenia (timed out); ponawiam za 5 s
10:11:14  Log przez Wi-Fi: brak połączenia (timed out); ponawiam za 5 s
10:11:29  Log przez Wi-Fi: brak połączenia (timed out); ponawiam za 5 s
10:11:44  Log przez Wi-Fi: brak połączenia (timed out); ponawiam za 5 s
10:11:59  Log przez Wi-Fi: brak połączenia (timed out); ponawiam za 5 s
10:12:14  Log przez Wi-Fi: brak połączenia (timed out); ponawiam za 5 s
10:12:29  Log przez Wi-Fi: brak połączenia (timed out); ponawiam za 5 s
10:12:44  Log przez Wi-Fi: brak połączenia (timed out); ponawiam za 5 s
10:12:59  Log przez Wi-Fi: brak połączenia (timed out); ponawiam za 5 s
10:13:14  Log przez Wi-Fi: brak połączenia (timed out); ponawiam za 5 s
10:13:29  Log przez Wi-Fi: brak połączenia (timed out); ponawiam za 5 s
10:13:44  Log przez Wi-Fi: brak połączenia (timed out); ponawiam za 5 s
10:13:59  Log przez Wi-Fi: brak połączenia (timed out); ponawiam za 5 s
10:14:14  Log przez Wi-Fi: brak połączenia (timed out); ponawiam za 5 s
10:14:29  Log przez Wi-Fi: brak połączenia (timed out); ponawiam za 5 s
10:14:44  Log przez Wi-Fi: brak połączenia (timed out); ponawiam za 5 s
10:14:59  Log przez Wi-Fi: brak połączenia (timed out); ponawiam za 5 s
10:15:14  Log przez Wi-Fi: brak połączenia (timed out); ponawiam za 5 s
10:15:29  Log przez Wi-Fi: brak połączenia (timed out); ponawiam za 5 s
10:15:44  Log przez Wi-Fi: brak połączenia (timed out); ponawiam za 5 s
10:15:59  Log przez Wi-Fi: brak połączenia (timed out); ponawiam za 5 s
10:16:14  Log przez Wi-Fi: brak połączenia (timed out); ponawiam za 5 s
10:16:29  Log przez Wi-Fi: brak połączenia (timed out); ponawiam za 5 s
10:16:44  Log przez Wi-Fi: brak połączenia (timed out); ponawiam za 5 s
10:16:59  Log przez Wi-Fi: brak połączenia (timed out); ponawiam za 5 s
10:17:14  Log przez Wi-Fi: brak połączenia (timed out); ponawiam za 5 s
10:17:29  Log przez Wi-Fi: brak połączenia (timed out); ponawiam za 5 s
10:17:44  Log przez Wi-Fi: brak połączenia (timed out); ponawiam za 5 s
10:17:59  Log przez Wi-Fi: brak połączenia (timed out); ponawiam za 5 s
10:18:14  Log przez Wi-Fi: brak połączenia (timed out); ponawiam za 5 s
10:18:29  Log przez Wi-Fi: brak połączenia (timed out); ponawiam za 5 s
10:18:44  Log przez Wi-Fi: brak połączenia (timed out); ponawiam za 5 s
10:18:59  Log przez Wi-Fi: brak połączenia (timed out); ponawiam za 5 s
10:19:14  Log przez Wi-Fi: brak połączenia (timed out); ponawiam za 5 s
10:19:29  Log przez Wi-Fi: brak połączenia (timed out); ponawiam za 5 s
10:19:44  Log przez Wi-Fi: brak połączenia (timed out); ponawiam za 5 s
10:19:59  Log przez Wi-Fi: brak połączenia (timed out); ponawiam za 5 s
10:20:14  Log przez Wi-Fi: brak połączenia (timed out); ponawiam za 5 s
10:20:29  Log przez Wi-Fi: brak połączenia (timed out); ponawiam za 5 s
10:20:44  Log przez Wi-Fi: brak połączenia (timed out); ponawiam za 5 s
10:20:59  Log przez Wi-Fi: brak połączenia (timed out); ponawiam za 5 s
10:21:14  Log przez Wi-Fi: brak połączenia (timed out); ponawiam za 5 s
10:21:29  Log przez Wi-Fi: brak połączenia (timed out); ponawiam za 5 s
10:21:44  Log przez Wi-Fi: brak połączenia (timed out); ponawiam za 5 s
10:21:59  Log przez Wi-Fi: brak połączenia (timed out); ponawiam za 5 s
10:22:14  Log przez Wi-Fi: brak połączenia (timed out); ponawiam za 5 s
10:22:29  Log przez Wi-Fi: brak połączenia (timed out); ponawiam za 5 s
10:22:44  Log przez Wi-Fi: brak połączenia (timed out); ponawiam za 5 s
10:22:59  Log przez Wi-Fi: brak połączenia (timed out); ponawiam za 5 s
10:23:14  Log przez Wi-Fi: brak połączenia (timed out); ponawiam za 5 s
10:23:29  Log przez Wi-Fi: brak połączenia (timed out); ponawiam za 5 s
10:23:44  Log przez Wi-Fi: brak połączenia (timed out); ponawiam za 5 s
10:23:59  Log przez Wi-Fi: brak połączenia (timed out); ponawiam za 5 s
10:24:14  Log przez Wi-Fi: brak połączenia (timed out); ponawiam za 5 s
10:24:29  Log przez Wi-Fi: brak połączenia (timed out); ponawiam za 5 s
10:24:44  Log przez Wi-Fi: brak połączenia (timed out); ponawiam za 5 s
10:24:59  Log przez Wi-Fi: brak połączenia (timed out); ponawiam za 5 s
10:25:14  Log przez Wi-Fi: brak połączenia (timed out); ponawiam za 5 s
10:25:29  Log przez Wi-Fi: brak połączenia (timed out); ponawiam za 5 s
10:25:44  Log przez Wi-Fi: brak połączenia (timed out); ponawiam za 5 s
10:25:59  Log przez Wi-Fi: brak połączenia (timed out); ponawiam za 5 s
10:26:14  Log przez Wi-Fi: brak połączenia (timed out); ponawiam za 5 s
10:26:29  Log przez Wi-Fi: brak połączenia (timed out); ponawiam za 5 s
10:26:44  Log przez Wi-Fi: brak połączenia (timed out); ponawiam za 5 s
10:26:59  Log przez Wi-Fi: brak połączenia (timed out); ponawiam za 5 s
10:27:14  Log przez Wi-Fi: brak połączenia (timed out); ponawiam za 5 s
10:27:29  Log przez Wi-Fi: brak połączenia (timed out); ponawiam za 5 s
10:27:44  Log przez Wi-Fi: brak połączenia (timed out); ponawiam za 5 s
10:27:59  Log przez Wi-Fi: brak połączenia (timed out); ponawiam za 5 s
10:28:14  Log przez Wi-Fi: brak połączenia (timed out); ponawiam za 5 s
10:28:29  Log przez Wi-Fi: brak połączenia (timed out); ponawiam za 5 s
10:28:44  Log przez Wi-Fi: brak połączenia (timed out); ponawiam za 5 s
10:28:59  Log przez Wi-Fi: brak połączenia (timed out); ponawiam za 5 s
10:29:14  Log przez Wi-Fi: brak połączenia (timed out); ponawiam za 5 s
10:29:29  Log przez Wi-Fi: brak połączenia (timed out); ponawiam za 5 s
10:29:44  Log przez Wi-Fi: brak połączenia (timed out); ponawiam za 5 s
10:29:50  Log przez Wi-Fi: połączono z 192.168.0.238
10:29:52  TEST: RX 9600 8E1, po: mb1-03 (10 B): 55 b5 07 08 42 20 04 00 00 fe
10:29:53  [SHC] polecenie service.getinfo
10:29:54  [SHC] polecenie shc.channelready
10:29:55  TEST: ODPOWIEDZ przy 9600 8E1: 43 B
10:29:56  TEST: RX 9600 8O1, po: nasluch (5 B): 55 b5 24 00 f2
10:29:57  TEST: RX 9600 8O1, po: tuya0 (6 B): 55 b5 00 01 40 f0
10:30:00  TEST: ODPOWIEDZ przy 9600 8O1: 20 B
10:30:01  TEST: RX 19200 8N1, po: nasluch (20 B): 66 66 66 1e 7e 00 80 80 80 60 00 00 60 00 00 00 1e 60 80 fe
10:30:05  TEST: ODPOWIEDZ przy 19200 8N1: 20 B
10:30:09  TEST: RX 19200 8E1, po: mb2-03 (9 B): 66 66 66 1e 60 18 00 78 f8
10:30:10  TEST: ODPOWIEDZ przy 19200 8E1: 18 B
10:30:27  TEST: RX 115200 8O1, po: nasluch (10 B): 00 00 00 00 00 00 00 00 00 00
10:30:30  TEST: ODPOWIEDZ przy 115200 8O1: 36 B
10:30:54  TEST: RX 57600 8E1, po: mb1-04 (27 B): e0 00 00 00 00 00 00 00 e0 e0 e0 e0 e0 00 e0 e0 e0 e0 00 00 00 00 00 00 00 00 00
10:30:55  TEST: ODPOWIEDZ przy 57600 8E1: 36 B
10:31:17  TEST: RX 2400 8N1, po: nasluch (4 B): 4f 40 40 f2
10:31:20  TEST: ODPOWIEDZ przy 2400 8N1: 6 B
10:31:26  TEST: RX 2400 8O1, po: nasluch (2 B): 1d f4
10:31:30  TEST: ODPOWIEDZ przy 2400 8O1: 2 B
10:31:30  TEST: PODSUMOWANIE cyklu: odpowiedzi: ["9600 8N1/tuya0","9600 8N1/mb2-03","9600 8E1/mb1-03","9600 8O1/nasluch","9600 8O1/tuya0
10:31:32  TEST: RX 9600 8N1, po: tuya0 (8 B): 55 aa 03 00 00 01 01 04
10:31:35  TEST: ODPOWIEDZ przy 9600 8N1: 8 B
10:31:38  TEST: RX 9600 8E1, po: mb2-03 (10 B): 55 b5 1c 00 fc 55 b5 24 00 f2
10:31:40  TEST: ODPOWIEDZ przy 9600 8E1: 10 B
10:31:42  TEST: RX 9600 8O1, po: tuya0 (6 B): 55 b5 00 01 40 f0
10:31:45  TEST: ODPOWIEDZ przy 9600 8O1: 6 B
10:31:57  TEST: RX 19200 8O1, po: nasluch (9 B): 66 66 66 1e 60 18 00 78 f8
10:32:00  TEST: ODPOWIEDZ przy 19200 8O1: 18 B
10:32:23  TEST: RX 38400 8E1, po: mb1-04 (20 B): 00 00 00 80 00 78 78 78 78 f8 f8 00 00 80 80 00 00 80 80 80
10:32:25  TEST: ODPOWIEDZ przy 38400 8E1: 28 B
10:32:47  TEST: RX 4800 8N1, po: nasluch (3 B): 61 09 a8
10:32:50  TEST: ODPOWIEDZ przy 4800 8N1: 3 B
10:32:56  TEST: RX 4800 8O1, po: nasluch (3 B): a1 a0 a8
10:33:00  TEST: ODPOWIEDZ przy 4800 8O1: 3 B
10:33:08  TEST: RX 2400 8E1, po: mb2-03 (4 B): d5 f6 15 f4
10:33:10  TEST: ODPOWIEDZ przy 2400 8E1: 4 B
10:33:15  TEST: PODSUMOWANIE cyklu: odpowiedzi: ["9600 8N1/tuya0","9600 8N1/mb2-03","9600 8E1/mb1-03","9600 8O1/nasluch","9600 8O1/tuya0
10:33:17  TEST: RX 9600 8N1, po: tuya0 (8 B): 55 aa 03 00 00 01 01 04
10:33:20  TEST: ODPOWIEDZ przy 9600 8N1: 8 B
10:33:26  TEST: RX 9600 8O1, po: nasluch (10 B): 55 b5 1c 00 fc 55 b5 24 00 f2
10:33:27  TEST: RX 9600 8O1, po: tuya0 (6 B): 55 b5 00 01 40 f0
10:33:30  TEST: ODPOWIEDZ przy 9600 8O1: 16 B
10:33:54  TEST: RX 115200 8E1, po: mb1-04 (35 B): 00 00 00 00 00 00 00 00 00 00 00 00 00 00 00 00 00 00 00 00 00 00 00 00 00 00 00 00 00
10:33:55  TEST: ODPOWIEDZ przy 115200 8E1: 36 B
10:34:17  TEST: RX 57600 8N1, po: nasluch (10 B): e0 00 00 00 00 00 00 00 00 00
10:34:20  TEST: ODPOWIEDZ przy 57600 8N1: 19 B
10:34:26  TEST: RX 57600 8O1, po: nasluch (10 B): e0 00 00 00 00 00 00 00 00 00
10:34:30  TEST: ODPOWIEDZ przy 57600 8O1: 19 B
10:34:38  TEST: RX 4800 8E1, po: mb1-04 (3 B): a1 a0 a8
10:34:40  TEST: ODPOWIEDZ przy 4800 8E1: 6 B
10:34:56  TEST: RX 2400 8O1, po: nasluch (4 B): 0f f6 4f f0
10:35:00  TEST: ODPOWIEDZ przy 2400 8O1: 4 B
10:35:00  TEST: PODSUMOWANIE cyklu: odpowiedzi: ["9600 8N1/tuya0","9600 8N1/mb2-03","9600 8E1/mb1-03","9600 8O1/nasluch","9600 8O1/tuya0
10:35:02  TEST: RX 9600 8N1, po: tuya0 (8 B): 55 aa 03 00 00 01 01 04
10:35:05  TEST: ODPOWIEDZ przy 9600 8N1: 8 B
10:35:12  TEST: RX 9600 8O1, po: tuya0 (6 B): 55 b5 00 01 40 f0
10:35:15  TEST: ODPOWIEDZ przy 9600 8O1: 6 B
10:35:23  TEST: RX 19200 8E1, po: mb1-04 (9 B): 66 66 66 1e 60 18 00 78 f8
10:35:25  TEST: ODPOWIEDZ przy 19200 8E1: 18 B
10:35:47  TEST: RX 38400 8N1, po: nasluch (15 B): 78 78 78 78 f8 f8 00 00 80 80 00 00 80 80 80
10:35:50  TEST: ODPOWIEDZ przy 38400 8N1: 15 B
10:35:56  TEST: RX 38400 8O1, po: nasluch (15 B): 78 78 78 78 f8 f8 00 00 80 80 00 00 80 80 80
10:36:00  TEST: ODPOWIEDZ przy 38400 8O1: 15 B
10:36:09  TEST: RX 57600 8E1, po: mb1-04 (27 B): e0 00 00 00 00 00 00 00 e0 e0 e0 e0 e0 00 e0 e0 e0 e0 00 00 00 00 00 00 00 00 00
10:36:10  TEST: ODPOWIEDZ przy 57600 8E1: 36 B
10:36:21  TEST: RX 4800 8E1, po: nasluch (6 B): 61 40 0a 08 08 88
10:36:25  TEST: ODPOWIEDZ przy 4800 8E1: 6 B
10:36:26  TEST: RX 4800 8O1, po: nasluch (3 B): 61 09 f9
10:36:30  TEST: ODPOWIEDZ przy 4800 8O1: 6 B
10:36:45  TEST: PODSUMOWANIE cyklu: odpowiedzi: ["9600 8N1/tuya0","9600 8N1/mb2-03","9600 8E1/mb1-03","9600 8O1/nasluch","9600 8O1/tuya0
10:36:47  TEST: RX 9600 8N1, po: tuya0 (8 B): 55 aa 03 00 00 01 01 04
10:36:50  TEST: ODPOWIEDZ przy 9600 8N1: 8 B
10:36:53  TEST: RX 9600 8E1, po: mb2-03 (10 B): 55 b5 1c 00 fc 55 b5 24 00 f2
10:36:55  TEST: ODPOWIEDZ przy 9600 8E1: 10 B
10:36:57  TEST: RX 9600 8O1, po: tuya0 (6 B): 55 b5 00 01 40 f0
10:37:00  TEST: ODPOWIEDZ przy 9600 8O1: 6 B
10:37:17  TEST: RX 115200 8N1, po: nasluch (18 B): 00 00 00 00 00 00 00 00 00 00 00 00 00 00 00 00 00 00
10:37:20  TEST: ODPOWIEDZ przy 115200 8N1: 19 B
10:37:26  TEST: RX 115200 8O1, po: nasluch (18 B): 00 00 00 00 00 00 00 00 00 00 00 00 00 00 00 00 00 00
10:37:30  TEST: ODPOWIEDZ przy 115200 8O1: 19 B
10:37:38  TEST: RX 38400 8E1, po: mb2-03 (28 B): 78 78 78 78 f8 f8 00 00 00 00 00 80 00 78 78 78 78 f8 f8 00 00 80 80 00 00 80 80 80
10:37:40  TEST: ODPOWIEDZ przy 38400 8E1: 28 B
10:37:57  TEST: RX 57600 8O1, po: nasluch (2 B): 00 00
10:38:00  TEST: ODPOWIEDZ przy 57600 8O1: 36 B
10:38:23  TEST: RX 2400 8E1, po: mb1-04 (2 B): 55 f6
10:38:25  TEST: ODPOWIEDZ przy 2400 8E1: 4 B
10:38:30  TEST: PODSUMOWANIE cyklu: odpowiedzi: ["9600 8N1/tuya0","9600 8N1/mb2-03","9600 8E1/mb1-03","9600 8O1/nasluch","9600 8O1/tuya0
10:38:32  TEST: RX 9600 8N1, po: tuya0 (8 B): 55 aa 03 00 00 01 01 04
10:38:35  TEST: ODPOWIEDZ przy 9600 8N1: 8 B
10:38:42  TEST: RX 9600 8O1, po: tuya0 (6 B): 55 b5 00 01 40 f0
10:38:45  TEST: ODPOWIEDZ przy 9600 8O1: 6 B
10:38:47  TEST: RX 19200 8N1, po: nasluch (9 B): 66 66 66 1e 60 18 00 78 f8
10:38:50  TEST: ODPOWIEDZ przy 19200 8N1: 9 B
10:38:56  TEST: RX 19200 8O1, po: nasluch (9 B): 66 66 66 1e 60 18 00 78 f8
10:39:00  TEST: ODPOWIEDZ przy 19200 8O1: 9 B
10:39:08  TEST: RX 115200 8E1, po: mb2-03 (36 B): 00 00 00 00 00 00 00 00 00 00 00 00 00 00 00 00 00 00 00 00 00 00 00 00 00 00 00 00 00
10:39:10  TEST: ODPOWIEDZ przy 115200 8E1: 36 B
10:39:26  TEST: RX 38400 8O1, po: nasluch (28 B): 78 78 78 78 f8 f8 00 00 00 00 00 80 00 78 78 78 78 f8 f8 00 00 80 80 00 00 80 80 80
10:39:30  TEST: ODPOWIEDZ przy 38400 8O1: 28 B
10:39:53  TEST: RX 4800 8E1, po: mb1-04 (3 B): a9 a0 a8
10:39:55  TEST: ODPOWIEDZ przy 4800 8E1: 6 B
10:40:01  TEST: RX 2400 8N1, po: nasluch (4 B): 4f 42 40 f0
10:40:05  TEST: ODPOWIEDZ przy 2400 8N1: 19 B
10:40:15  TEST: PODSUMOWANIE cyklu: odpowiedzi: ["9600 8N1/tuya0","9600 8N1/mb2-03","9600 8E1/mb1-03","9600 8O1/nasluch","9600 8O1/tuya0
10:40:17  TEST: RX 9600 8N1, po: tuya0 (8 B): 55 aa 03 00 00 01 01 04
10:40:20  TEST: ODPOWIEDZ przy 9600 8N1: 15 B
10:40:26  TEST: RX 9600 8O1, po: nasluch (5 B): 55 b5 24 00 f2
10:40:27  TEST: RX 9600 8O1, po: tuya0 (6 B): 55 b5 00 01 40 f0
10:40:30  TEST: ODPOWIEDZ przy 9600 8O1: 11 B
10:40:39  TEST: RX 19200 8E1, po: mb2-03 (9 B): 66 66 66 1e 60 18 00 78 f8
10:40:40  TEST: ODPOWIEDZ przy 19200 8E1: 18 B
10:40:57  TEST: RX 115200 8O1, po: nasluch (35 B): 00 00 00 00 00 00 00 00 00 00 00 00 00 00 00 00 00 00 00 00 00 00 00 00 00 00 00 00 0
10:41:00  TEST: ODPOWIEDZ przy 115200 8O1: 36 B
10:41:24  TEST: RX 57600 8E1, po: mb2-03 (27 B): e0 00 00 00 00 00 00 00 e0 e0 e0 e0 e0 00 e0 e0 e0 e0 00 00 00 00 00 00 00 00 00
10:41:25  TEST: ODPOWIEDZ przy 57600 8E1: 36 B
10:41:47  TEST: RX 2400 8N1, po: tuya0 (2 B): 1c e0
10:41:50  TEST: ODPOWIEDZ przy 2400 8N1: 2 B
10:41:56  TEST: RX 2400 8O1, po: nasluch (2 B): 55 f6
10:42:00  TEST: ODPOWIEDZ przy 2400 8O1: 2 B
10:42:00  TEST: PODSUMOWANIE cyklu: odpowiedzi: ["9600 8N1/tuya0","9600 8N1/mb2-03","9600 8E1/mb1-03","9600 8O1/nasluch","9600 8O1/tuya0
10:42:02  TEST: RX 9600 8N1, po: tuya0 (8 B): 55 aa 03 00 00 01 01 04
10:42:05  TEST: ODPOWIEDZ przy 9600 8N1: 8 B
10:42:09  TEST: RX 9600 8E1, po: mb2-03 (10 B): 55 b5 1c 00 fc 55 b5 24 00 f2
10:42:10  TEST: ODPOWIEDZ przy 9600 8E1: 10 B
10:42:12  TEST: RX 9600 8O1, po: tuya0 (6 B): 55 b5 00 01 40 f0
10:42:15  TEST: ODPOWIEDZ przy 9600 8O1: 6 B
10:42:27  TEST: RX 19200 8O1, po: nasluch (9 B): 66 66 66 1e 60 18 00 78 f8
10:42:30  TEST: ODPOWIEDZ przy 19200 8O1: 18 B
10:42:41  TEST: RX 115200 8O1, po: nasluch (31 B): 00 00 00 00 00 00 00 00 00 00 00 00 00 00 00 00 00 00 00 00 00 00 00 00 00 00 00 00 0
10:42:45  TEST: ODPOWIEDZ przy 115200 8O1: 32 B
10:42:54  TEST: RX 38400 8E1, po: mb2-03 (20 B): 00 00 00 80 00 78 78 78 78 f8 f8 00 00 80 80 00 00 80 80 80
10:42:55  TEST: ODPOWIEDZ przy 38400 8E1: 28 B
10:43:17  TEST: RX 4800 8N1, po: tuya0 (3 B): a1 84 a8
10:43:20  TEST: ODPOWIEDZ przy 4800 8N1: 3 B
10:43:26  TEST: RX 4800 8O1, po: nasluch (3 B): 61 09 f9
10:43:30  TEST: ODPOWIEDZ przy 4800 8O1: 3 B
10:43:39  TEST: RX 2400 8E1, po: mb2-03 (2 B): 4f f4
10:43:45  TEST: PODSUMOWANIE cyklu: odpowiedzi: ["9600 8N1/tuya0","9600 8N1/mb2-03","9600 8E1/mb1-03","9600 8O1/nasluch","9600 8O1/tuya0
10:43:47  TEST: RX 9600 8N1, po: tuya0 (8 B): 55 aa 03 00 00 01 01 04
10:43:51  TEST: ODPOWIEDZ przy 9600 8N1: 8 B
10:43:57  TEST: RX 9600 8O1, po: nasluch (10 B): 55 b5 1c 00 fc 55 b5 24 00 f2
10:44:01  TEST: ODPOWIEDZ przy 9600 8O1: 16 B
10:44:08  TEST: RX 19200 8E1, po: nasluch (77 B): 66 66 66 1e 7e 00 9e 78 00 00 7e 00 00 00 00 00 00 00 06 f8 66 66 66 1e 7e 00 9e 7e 00
10:44:09  Log przez Wi-Fi: brak połączenia (DevKit zamknął log); ponawiam za 5 s
10:44:24  Log przez Wi-Fi: brak połączenia (timed out); ponawiam za 5 s
10:44:39  Log przez Wi-Fi: brak połączenia (timed out); ponawiam za 5 s
10:44:54  Log przez Wi-Fi: brak połączenia (timed out); ponawiam za 5 s
10:45:09  Log przez Wi-Fi: brak połączenia (timed out); ponawiam za 5 s
10:45:24  Log przez Wi-Fi: brak połączenia (timed out); ponawiam za 5 s
10:45:39  Log przez Wi-Fi: brak połączenia (timed out); ponawiam za 5 s
10:45:54  Log przez Wi-Fi: brak połączenia (timed out); ponawiam za 5 s
10:46:09  Log przez Wi-Fi: brak połączenia (timed out); ponawiam za 5 s
10:46:24  Log przez Wi-Fi: brak połączenia (timed out); ponawiam za 5 s
10:46:39  Log przez Wi-Fi: brak połączenia (timed out); ponawiam za 5 s
10:46:54  Log przez Wi-Fi: brak połączenia (timed out); ponawiam za 5 s
10:47:09  Log przez Wi-Fi: brak połączenia (timed out); ponawiam za 5 s
10:47:24  Log przez Wi-Fi: brak połączenia (timed out); ponawiam za 5 s
10:47:39  Log przez Wi-Fi: brak połączenia (timed out); ponawiam za 5 s
10:47:54  Log przez Wi-Fi: brak połączenia (timed out); ponawiam za 5 s
10:48:09  Log przez Wi-Fi: brak połączenia (timed out); ponawiam za 5 s
10:48:24  Log przez Wi-Fi: brak połączenia (timed out); ponawiam za 5 s
10:48:39  Log przez Wi-Fi: brak połączenia (timed out); ponawiam za 5 s
10:48:54  Log przez Wi-Fi: brak połączenia (timed out); ponawiam za 5 s
10:49:09  Log przez Wi-Fi: brak połączenia (timed out); ponawiam za 5 s
10:49:24  Log przez Wi-Fi: brak połączenia (timed out); ponawiam za 5 s
10:49:39  Log przez Wi-Fi: brak połączenia (timed out); ponawiam za 5 s
10:49:54  Log przez Wi-Fi: brak połączenia (timed out); ponawiam za 5 s
10:50:09  Log przez Wi-Fi: brak połączenia (timed out); ponawiam za 5 s
10:50:24  Log przez Wi-Fi: brak połączenia (timed out); ponawiam za 5 s
10:50:39  Log przez Wi-Fi: brak połączenia (timed out); ponawiam za 5 s
10:50:54  Log przez Wi-Fi: brak połączenia (timed out); ponawiam za 5 s
10:51:09  Log przez Wi-Fi: brak połączenia (timed out); ponawiam za 5 s
10:51:24  Log przez Wi-Fi: brak połączenia (timed out); ponawiam za 5 s
10:51:29  Log przez Wi-Fi: brak połączenia (HTTP/1.1 404 Not Found); ponawiam za 5 s
10:51:35  Log przez Wi-Fi: połączono z 192.168.0.238
10:51:40  [Bluetooth] polecenie BLE.SetConfig
10:51:42  Q11: mikrokontroler się odezwał
10:51:42      TMCU: D shelly_tmcu.cpp:598     RX: 0x00 v=3 [01] (state Ready)
10:51:42      TMCU: D shelly_tmcu.cpp:79      Tmcu Event 1 (0x3fca0e40)
10:51:55      TMCU: D shelly_tmcu.cpp:993     wifi report state is SendRealState
10:51:55      TMCU: D shelly_tmcu.cpp:520     Sending WiFi status 4
10:51:55      TMCU: D shelly_tmcu.cpp:890     TX: 0x03 v=3 [04] (Ready)
10:51:55      TMCU: D shelly_tmcu.cpp:598     RX: 0x03 v=3 [] (state Ready)
10:51:57      TMCU: D shelly_tmcu.cpp:598     RX: 0x00 v=3 [01] (state Ready)
10:51:57      TMCU: D shelly_tmcu.cpp:79      Tmcu Event 1 (0x3fca0e40)
10:51:58      TMCU: D shelly_tmcu.cpp:598     RX: 0x1c v=3 [] (state Ready)
10:51:58      TMCU: D shelly_tmcu.cpp:890     TX: 0x1c v=3 [011a09190a340005] (Ready)
10:51:58      TMCU: D shelly_tmcu.cpp:598     RX: 0x24 v=3 [] (state Ready)
10:51:58      TMCU: D shelly_tmcu.cpp:890     TX: 0x24 v=3 [c8] (Ready)
10:52:09  [SHC] polecenie Shelly.getDeviceInfo
10:52:13      TMCU: D shelly_tmcu.cpp:598     RX: 0x00 v=3 [01] (state Ready)
10:52:13      TMCU: D shelly_tmcu.cpp:79      Tmcu Event 1 (0x3fca0e40)
10:52:13  [SHC] polecenie service.getinfo
10:52:13  [SHC] polecenie shc.channelready
10:52:20  [SHC] polecenie boolean.set
10:52:20      TMCU: D shelly_tmcu.cpp:890     TX: 0x06 v=3 [1201000100] (Ready)
10:52:20      TMCU: D shelly_tmcu.cpp:598     RX: 0x07 v=3 [1201000101] (state Ready)
10:52:20      TMCU: D shelly_tmcu.cpp:862     same bool 18 = true
10:52:21      TMCU: D shelly_tmcu.cpp:598     RX: 0x24 v=3 [] (state Ready)
10:52:21      TMCU: D shelly_tmcu.cpp:890     TX: 0x24 v=3 [c6] (Ready)
10:52:23  [SHC] polecenie boolean.set
10:52:23      TMCU: D shelly_tmcu.cpp:890     TX: 0x06 v=3 [1201000101] (Ready)
10:52:23      TMCU: D shelly_tmcu.cpp:598     RX: 0x07 v=3 [1201000101] (state Ready)
10:52:23      TMCU: D shelly_tmcu.cpp:862     same bool 18 = true
10:52:25      TMCU: D shelly_tmcu.cpp:993     wifi report state is SendRealState
10:52:25      TMCU: D shelly_tmcu.cpp:520     Sending WiFi status 4
10:52:25      TMCU: D shelly_tmcu.cpp:890     TX: 0x03 v=3 [04] (Ready)
10:52:26      TMCU: D shelly_tmcu.cpp:598     RX: 0x03 v=3 [] (state Ready)
10:52:26      TMCU: D shelly_tmcu.cpp:598     RX: 0x07 v=3 [0d04000102] (state Ready)
10:52:26      TMCU: D shelly_tmcu.cpp:860     upd enum 13 = 2
10:52:26      TMCU: D shelly_tmcu.cpp:79      Tmcu Event 4 (0x3fca0d80)
10:52:26      Stan ładowarki (DP 3): Czeka na harmonogram
10:52:27      TMCU: D shelly_tmcu.cpp:598     RX: 0x00 v=3 [01] (state Ready)
10:52:27      TMCU: D shelly_tmcu.cpp:79      Tmcu Event 1 (0x3fca0e40)
10:52:27      TMCU: D shelly_tmcu.cpp:598     RX: 0x07 v=3 [12010001010e04000100] (state Ready)
10:52:27      TMCU: D shelly_tmcu.cpp:862     same bool 18 = true
10:52:27      TMCU: D shelly_tmcu.cpp:862     same enum 14 = 0
10:52:29      TMCU: D shelly_tmcu.cpp:598     RX: 0x07 v=3 [0902000400000000] (state Ready)
10:52:29      TMCU: D shelly_tmcu.cpp:862     same int 9 = 0
10:52:29      TMCU: D shelly_tmcu.cpp:598     RX: 0x07 v=3 [0d04000104] (state Ready)
10:52:29      TMCU: D shelly_tmcu.cpp:860     upd enum 13 = 4
10:52:29      TMCU: D shelly_tmcu.cpp:79      Tmcu Event 4 (0x3fca0d80)
10:52:30      odczyty: energia sesji 0 kWh | czas sesji 0 min | moc 0 W, prąd 0 A, napięcia 226/227/228 V, licznik 0 kWh
10:52:30      TMCU: D shelly_tmcu.cpp:890     TX: 0x06 v=3 [1201000100] (Ready)
10:52:30      TMCU: D shelly_tmcu.cpp:598     RX: 0x07 v=3 [1201000100] (state Ready)
10:52:30      TMCU: D shelly_tmcu.cpp:860     upd bool 18 = false
10:52:30      TMCU: D shelly_tmcu.cpp:79      Tmcu Event 4 (0x3fca0d80)
10:52:31      TMCU: D shelly_tmcu.cpp:598     RX: 0x07 v=3 [1201000100] (state Ready)
10:52:31      TMCU: D shelly_tmcu.cpp:862     same bool 18 = false
10:52:31      TMCU: D shelly_tmcu.cpp:598     RX: 0x24 v=3 [] (state Ready)
10:52:31      TMCU: D shelly_tmcu.cpp:890     TX: 0x24 v=3 [c7] (Ready)
10:52:37      TMCU: D shelly_tmcu.cpp:598     RX: 0x07 v=3 [0902000400000000] (state Ready)
10:52:37      TMCU: D shelly_tmcu.cpp:862     same int 9 = 0
10:52:37  [SHC] polecenie boolean.set
10:52:37      TMCU: D shelly_tmcu.cpp:890     TX: 0x06 v=3 [1201000101] (Ready)
10:52:38      TMCU: D shelly_tmcu.cpp:598     RX: 0x07 v=3 [1201000101] (state Ready)
10:52:38      TMCU: D shelly_tmcu.cpp:860     upd bool 18 = true
10:52:38      TMCU: D shelly_tmcu.cpp:79      Tmcu Event 4 (0x3fca0d80)
10:52:40      TMCU: D shelly_tmcu.cpp:598     RX: 0x07 v=3 [0902000400000000] (state Ready)
10:52:40      TMCU: D shelly_tmcu.cpp:862     same int 9 = 0
10:52:40      TMCU: D shelly_tmcu.cpp:598     RX: 0x07 v=3 [1201000101] (state Ready)
10:52:40      TMCU: D shelly_tmcu.cpp:862     same bool 18 = true
10:52:41      odczyty: energia sesji 0 kWh | czas sesji 0 min | moc 0 W, prąd 0 A, napięcia 227/228/228 V, licznik 0 kWh
10:52:42      TMCU: D shelly_tmcu.cpp:598     RX: 0x00 v=3 [01] (state Ready)
10:52:42      TMCU: D shelly_tmcu.cpp:79      Tmcu Event 1 (0x3fca0e40)
10:52:44  [SHC] polecenie boolean.set
10:52:44      TMCU: D shelly_tmcu.cpp:890     TX: 0x06 v=3 [1201000100] (Ready)
10:52:44      TMCU: D shelly_tmcu.cpp:598     RX: 0x07 v=3 [1201000100] (state Ready)
10:52:44      TMCU: D shelly_tmcu.cpp:860     upd bool 18 = false
10:52:44      TMCU: D shelly_tmcu.cpp:79      Tmcu Event 4 (0x3fca0d80)
10:52:45      TMCU: D shelly_tmcu.cpp:598     RX: 0x07 v=3 [1201000100] (state Ready)
10:52:45      TMCU: D shelly_tmcu.cpp:862     same bool 18 = false
10:52:45      TMCU: D shelly_tmcu.cpp:598     RX: 0x1c v=3 [] (state Ready)
10:52:45      TMCU: D shelly_tmcu.cpp:598     RX: 0x24 v=3 [] (state Ready)
10:52:45      TMCU: D shelly_tmcu.cpp:890     TX: 0x1c v=3 [011a09190a342f05] (Ready)
10:52:45      TMCU: D shelly_tmcu.cpp:890     TX: 0x24 v=3 [c3] (Ready)
10:52:50      TMCU: D shelly_tmcu.cpp:598     RX: 0x07 v=3 [0902000400000000] (state Ready)
10:52:50      TMCU: D shelly_tmcu.cpp:862     same int 9 = 0
10:52:55      TMCU: D shelly_tmcu.cpp:993     wifi report state is SendRealState
10:52:55      TMCU: D shelly_tmcu.cpp:520     Sending WiFi status 4
10:52:55      TMCU: D shelly_tmcu.cpp:890     TX: 0x03 v=3 [04] (Ready)
10:52:55      TMCU: D shelly_tmcu.cpp:598     RX: 0x03 v=3 [] (state Ready)
10:52:57      TMCU: D shelly_tmcu.cpp:598     RX: 0x00 v=3 [01] (state Ready)
10:52:57      TMCU: D shelly_tmcu.cpp:79      Tmcu Event 1 (0x3fca0e40)
10:53:03      TMCU: D shelly_tmcu.cpp:598     RX: 0x1c v=3 [] (state Ready)
10:53:03      TMCU: D shelly_tmcu.cpp:890     TX: 0x1c v=3 [011a09190a350505] (Ready)
10:53:03      TMCU: D shelly_tmcu.cpp:598     RX: 0x24 v=3 [] (state Ready)
10:53:03      TMCU: D shelly_tmcu.cpp:890     TX: 0x24 v=3 [c7] (Ready)
10:53:12      TMCU: D shelly_tmcu.cpp:598     RX: 0x00 v=3 [01] (state Ready)
10:53:12      TMCU: D shelly_tmcu.cpp:79      Tmcu Event 1 (0x3fca0e40)
10:53:24  [SHC] polecenie schedule.list
10:53:25      TMCU: D shelly_tmcu.cpp:993     wifi report state is SendRealState
10:53:25      TMCU: D shelly_tmcu.cpp:520     Sending WiFi status 4
10:53:25      TMCU: D shelly_tmcu.cpp:890     TX: 0x03 v=3 [04] (Ready)
10:53:25      TMCU: D shelly_tmcu.cpp:598     RX: 0x03 v=3 [] (state Ready)
10:53:27      TMCU: D shelly_tmcu.cpp:598     RX: 0x00 v=3 [01] (state Ready)
10:53:27      TMCU: D shelly_tmcu.cpp:79      Tmcu Event 1 (0x3fca0e40)
10:53:29  [SHC] polecenie webhook.list
10:53:30      TMCU: D shelly_tmcu.cpp:598     RX: 0x1c v=3 [] (state Ready)
10:53:30      TMCU: D shelly_tmcu.cpp:890     TX: 0x1c v=3 [011a09190a352005] (Ready)
10:53:30      TMCU: D shelly_tmcu.cpp:598     RX: 0x24 v=3 [] (state Ready)
10:53:30      TMCU: D shelly_tmcu.cpp:890     TX: 0x24 v=3 [c8] (Ready)
10:53:36      TMCU: D shelly_tmcu.cpp:890     TX: 0x06 v=3 [040200040000000c] (Ready)
10:53:36      TMCU: D shelly_tmcu.cpp:598     RX: 0x07 v=3 [0402000400000010] (state Ready)
10:53:36      TMCU: D shelly_tmcu.cpp:862     same int 4 = 16
10:53:37      TMCU: D shelly_tmcu.cpp:598     RX: 0x07 v=3 [040200040000000c] (state Ready)
10:53:37      TMCU: D shelly_tmcu.cpp:860     upd int 4 = 12
10:53:37      TMCU: D shelly_tmcu.cpp:79      Tmcu Event 4 (0x3fca0d80)
10:53:42      TMCU: D shelly_tmcu.cpp:598     RX: 0x00 v=3 [01] (state Ready)
10:53:42      TMCU: D shelly_tmcu.cpp:79      Tmcu Event 1 (0x3fca0e40)
10:53:46      TMCU: D shelly_tmcu.cpp:890     TX: 0x06 v=3 [0402000400000008] (Ready)
10:53:46      TMCU: D shelly_tmcu.cpp:598     RX: 0x07 v=3 [040200040000000c] (state Ready)
10:53:46      TMCU: D shelly_tmcu.cpp:862     same int 4 = 12
10:53:48      TMCU: D shelly_tmcu.cpp:890     TX: 0x06 v=3 [040200040000000e] (Ready)
10:53:48      TMCU: D shelly_tmcu.cpp:598     RX: 0x07 v=3 [040200040000000e] (state Ready)
10:53:48      TMCU: D shelly_tmcu.cpp:860     upd int 4 = 14
10:53:49      TMCU: D shelly_tmcu.cpp:79      Tmcu Event 4 (0x3fca0d80)
10:53:49      TMCU: D shelly_tmcu.cpp:890     TX: 0x06 v=3 [0402000400000008] (Ready)
10:53:49      TMCU: D shelly_tmcu.cpp:598     RX: 0x07 v=3 [040200040000000e] (state Ready)
10:53:49      TMCU: D shelly_tmcu.cpp:862     same int 4 = 14
10:53:50      TMCU: D shelly_tmcu.cpp:598     RX: 0x07 v=3 [0402000400000008] (state Ready)
10:53:50      TMCU: D shelly_tmcu.cpp:860     upd int 4 = 8
10:53:50      TMCU: D shelly_tmcu.cpp:79      Tmcu Event 4 (0x3fca0d80)
10:53:54      TMCU: D shelly_tmcu.cpp:598     RX: 0x24 v=3 [] (state Ready)
10:53:54      TMCU: D shelly_tmcu.cpp:890     TX: 0x24 v=3 [c7] (Ready)
10:53:55      TMCU: D shelly_tmcu.cpp:993     wifi report state is SendRealState
10:53:55      TMCU: D shelly_tmcu.cpp:520     Sending WiFi status 4
10:53:55      TMCU: D shelly_tmcu.cpp:890     TX: 0x03 v=3 [04] (Ready)
10:53:55      TMCU: D shelly_tmcu.cpp:890     TX: 0x06 v=3 [040200040000000c] (Ready)
10:53:55      TMCU: D shelly_tmcu.cpp:598     RX: 0x03 v=3 [] (state Ready)
10:53:56      TMCU: D shelly_tmcu.cpp:938     response to 07 timed out after 0.3036 s
10:53:56      TMCU: D shelly_tmcu.cpp:890     TX: 0x06 v=3 [040200040000000c] (Ready)
10:53:56      TMCU: D shelly_tmcu.cpp:598     RX: 0x07 v=3 [0402000400000008] (state Ready)
10:53:56      TMCU: D shelly_tmcu.cpp:862     same int 4 = 8
10:53:57      TMCU: D shelly_tmcu.cpp:890     TX: 0x06 v=3 [0402000400000010] (Ready)
10:53:57      TMCU: D shelly_tmcu.cpp:598     RX: 0x07 v=3 [040200040000000c] (state Ready)
10:53:57      TMCU: D shelly_tmcu.cpp:860     upd int 4 = 12
10:53:57      TMCU: D shelly_tmcu.cpp:79      Tmcu Event 4 (0x3fca0d80)
10:53:57  [SHC] Limit prądu (DP 4): 13 A na 12 A
10:53:57      TMCU: D shelly_tmcu.cpp:598     RX: 0x00 v=3 [01] (state Ready)
10:53:57      TMCU: D shelly_tmcu.cpp:79      Tmcu Event 1 (0x3fca0e40)
10:53:58      TMCU: D shelly_tmcu.cpp:598     RX: 0x07 v=3 [0402000400000010] (state Ready)
10:53:58      TMCU: D shelly_tmcu.cpp:860     upd int 4 = 16
10:53:58      TMCU: D shelly_tmcu.cpp:79      Tmcu Event 4 (0x3fca0d80)
10:53:58  [SHC] Limit prądu (DP 4): 12 A na 16 A
10:54:00      TMCU: D shelly_tmcu.cpp:890     TX: 0x06 v=3 [040200040000000c] (Ready)
10:54:00      TMCU: D shelly_tmcu.cpp:938     response to 07 timed out after 0.4141 s
10:54:00      TMCU: D shelly_tmcu.cpp:890     TX: 0x06 v=3 [040200040000000c] (Ready)
10:54:00      TMCU: D shelly_tmcu.cpp:598     RX: 0x07 v=3 [0402000400000010] (state Ready)
10:54:00      TMCU: D shelly_tmcu.cpp:862     same int 4 = 16
10:54:00      TMCU: D shelly_tmcu.cpp:598     RX: 0x07 v=3 [040200040000000c] (state Ready)
10:54:00      TMCU: D shelly_tmcu.cpp:860     upd int 4 = 12
10:54:00      TMCU: D shelly_tmcu.cpp:79      Tmcu Event 4 (0x3fca0d80)
10:54:01      TMCU: D shelly_tmcu.cpp:598     RX: 0x07 v=3 [040200040000000c] (state Ready)
10:54:01      TMCU: D shelly_tmcu.cpp:862     same int 4 = 12
10:54:03      TMCU: D shelly_tmcu.cpp:598     RX: 0x24 v=3 [] (state Ready)
10:54:03      TMCU: D shelly_tmcu.cpp:890     TX: 0x24 v=3 [c5] (Ready)
10:54:12      TMCU: D shelly_tmcu.cpp:598     RX: 0x00 v=3 [01] (state Ready)
10:54:12      TMCU: D shelly_tmcu.cpp:79      Tmcu Event 1 (0x3fca0e40)
10:54:16      TMCU: D shelly_tmcu.cpp:598     RX: 0x1c v=3 [] (state Ready)
10:54:16      TMCU: D shelly_tmcu.cpp:890     TX: 0x1c v=3 [011a09190a361205] (Ready)
10:54:16      TMCU: D shelly_tmcu.cpp:598     RX: 0x24 v=3 [] (state Ready)
10:54:16      TMCU: D shelly_tmcu.cpp:890     TX: 0x24 v=3 [c4] (Ready)
10:54:25      TMCU: D shelly_tmcu.cpp:993     wifi report state is SendRealState
10:54:25      TMCU: D shelly_tmcu.cpp:520     Sending WiFi status 4
10:54:25      TMCU: D shelly_tmcu.cpp:890     TX: 0x03 v=3 [04] (Ready)
10:54:25      TMCU: D shelly_tmcu.cpp:598     RX: 0x03 v=3 [] (state Ready)
10:54:27      TMCU: D shelly_tmcu.cpp:598     RX: 0x00 v=3 [01] (state Ready)
10:54:27      TMCU: D shelly_tmcu.cpp:79      Tmcu Event 1 (0x3fca0e40)
10:54:34      TMCU: D shelly_tmcu.cpp:598     RX: 0x1c v=3 [] (state Ready)
10:54:34      TMCU: D shelly_tmcu.cpp:890     TX: 0x1c v=3 [011a09190a362405] (Ready)
10:54:34      TMCU: D shelly_tmcu.cpp:598     RX: 0x24 v=3 [] (state Ready)
10:54:34      TMCU: D shelly_tmcu.cpp:890     TX: 0x24 v=3 [c8] (Ready)
10:54:42      TMCU: D shelly_tmcu.cpp:598     RX: 0x00 v=3 [01] (state Ready)
10:54:42      TMCU: D shelly_tmcu.cpp:79      Tmcu Event 1 (0x3fca0e40)
10:54:55      TMCU: D shelly_tmcu.cpp:993     wifi report state is SendRealState
10:54:55      TMCU: D shelly_tmcu.cpp:520     Sending WiFi status 4
10:54:55      TMCU: D shelly_tmcu.cpp:890     TX: 0x03 v=3 [04] (Ready)
10:54:55      TMCU: D shelly_tmcu.cpp:598     RX: 0x03 v=3 [] (state Ready)
10:54:57      TMCU: D shelly_tmcu.cpp:598     RX: 0x00 v=3 [01] (state Ready)
10:54:57      TMCU: D shelly_tmcu.cpp:79      Tmcu Event 1 (0x3fca0e40)
10:55:01      TMCU: D shelly_tmcu.cpp:598     RX: 0x1c v=3 [] (state Ready)
10:55:01      TMCU: D shelly_tmcu.cpp:890     TX: 0x1c v=3 [011a09190a370305] (Ready)
10:55:01      TMCU: D shelly_tmcu.cpp:598     RX: 0x24 v=3 [] (state Ready)
10:55:01      TMCU: D shelly_tmcu.cpp:890     TX: 0x24 v=3 [c6] (Ready)
10:55:12      TMCU: D shelly_tmcu.cpp:598     RX: 0x00 v=3 [01] (state Ready)
10:55:12      TMCU: D shelly_tmcu.cpp:79      Tmcu Event 1 (0x3fca0e40)
10:55:24      TMCU: D shelly_tmcu.cpp:598     RX: 0x24 v=3 [] (state Ready)
10:55:24      TMCU: D shelly_tmcu.cpp:890     TX: 0x24 v=3 [c4] (Ready)
10:55:25      TMCU: D shelly_tmcu.cpp:993     wifi report state is SendRealState
10:55:25      TMCU: D shelly_tmcu.cpp:520     Sending WiFi status 4
10:55:25      TMCU: D shelly_tmcu.cpp:890     TX: 0x03 v=3 [04] (Ready)
10:55:25      TMCU: D shelly_tmcu.cpp:598     RX: 0x03 v=3 [] (state Ready)
10:55:27      TMCU: D shelly_tmcu.cpp:598     RX: 0x00 v=3 [01] (state Ready)
10:55:27      TMCU: D shelly_tmcu.cpp:79      Tmcu Event 1 (0x3fca0e40)
10:55:28      TMCU: D shelly_tmcu.cpp:598     RX: 0x07 v=3 [1802000400000013] (state Ready)
10:55:28      TMCU: D shelly_tmcu.cpp:862     same int 24 = 19
10:55:31      TMCU: D shelly_tmcu.cpp:890     TX: 0x06 v=3 [1201000101] (Ready)
10:55:31      TMCU: D shelly_tmcu.cpp:598     RX: 0x07 v=3 [1201000101] (state Ready)
10:55:31      TMCU: D shelly_tmcu.cpp:860     upd bool 18 = true
10:55:31      TMCU: D shelly_tmcu.cpp:79      Tmcu Event 4 (0x3fca0d80)
10:55:33      TMCU: D shelly_tmcu.cpp:598     RX: 0x07 v=3 [0902000400000000] (state Ready)
10:55:33      TMCU: D shelly_tmcu.cpp:862     same int 9 = 0
10:55:33      TMCU: D shelly_tmcu.cpp:598     RX: 0x07 v=3 [1201000101] (state Ready)
10:55:33      TMCU: D shelly_tmcu.cpp:862     same bool 18 = true
10:55:35      TMCU: D shelly_tmcu.cpp:890     TX: 0x24 v=3 [c8] (Ready)
10:55:35      TMCU: D shelly_tmcu.cpp:890     TX: 0x06 v=3 [1201000100] (Ready)
10:55:35      TMCU: D shelly_tmcu.cpp:938     response to 07 timed out after 0.3038 s
10:55:35      TMCU: D shelly_tmcu.cpp:890     TX: 0x06 v=3 [1201000100] (Ready)
10:55:35      TMCU: D shelly_tmcu.cpp:598     RX: 0x07 v=3 [1201000100] (state Ready)
10:55:35      TMCU: D shelly_tmcu.cpp:860     upd bool 18 = false
10:55:35      TMCU: D shelly_tmcu.cpp:79      Tmcu Event 4 (0x3fca0d80)
10:55:36      TMCU: D shelly_tmcu.cpp:598     RX: 0x07 v=3 [1201000100] (state Ready)
10:55:36      TMCU: D shelly_tmcu.cpp:862     same bool 18 = false
10:55:41      TMCU: D shelly_tmcu.cpp:598     RX: 0x07 v=3 [0902000400000000] (state Ready)
10:55:41      TMCU: D shelly_tmcu.cpp:862     same int 9 = 0
10:55:41      odczyty: energia sesji 0 kWh | czas sesji 0 min | moc 0 W, prąd 0 A, napięcia 0/0/0 V, licznik 0 kWh
10:55:42      TMCU: D shelly_tmcu.cpp:598     RX: 0x00 v=3 [01] (state Ready)
10:55:42      TMCU: D shelly_tmcu.cpp:79      Tmcu Event 1 (0x3fca0e40)
10:55:47      TMCU: D shelly_tmcu.cpp:598     RX: 0x1c v=3 [] (state Ready)
10:55:47      TMCU: D shelly_tmcu.cpp:890     TX: 0x1c v=3 [011a09190a373105] (Ready)
10:55:47      TMCU: D shelly_tmcu.cpp:598     RX: 0x24 v=3 [] (state Ready)
10:55:47      TMCU: D shelly_tmcu.cpp:890     TX: 0x24 v=3 [c7] (Ready)
10:55:55      TMCU: D shelly_tmcu.cpp:993     wifi report state is SendRealState
10:55:55      TMCU: D shelly_tmcu.cpp:520     Sending WiFi status 4
10:55:55      TMCU: D shelly_tmcu.cpp:890     TX: 0x03 v=3 [04] (Ready)
10:55:55      TMCU: D shelly_tmcu.cpp:598     RX: 0x03 v=3 [] (state Ready)
10:55:57      TMCU: D shelly_tmcu.cpp:598     RX: 0x00 v=3 [01] (state Ready)
10:55:57      TMCU: D shelly_tmcu.cpp:79      Tmcu Event 1 (0x3fca0e40)
10:56:05      TMCU: D shelly_tmcu.cpp:598     RX: 0x1c v=3 [] (state Ready)
10:56:05      TMCU: D shelly_tmcu.cpp:890     TX: 0x1c v=3 [011a09190a380705] (Ready)
10:56:05      TMCU: D shelly_tmcu.cpp:598     RX: 0x24 v=3 [] (state Ready)
10:56:05      TMCU: D shelly_tmcu.cpp:890     TX: 0x24 v=3 [c6] (Ready)
10:56:12      TMCU: D shelly_tmcu.cpp:598     RX: 0x00 v=3 [01] (state Ready)
10:56:12      TMCU: D shelly_tmcu.cpp:79      Tmcu Event 1 (0x3fca0e40)
10:56:25      TMCU: D shelly_tmcu.cpp:993     wifi report state is SendRealState
10:56:25      TMCU: D shelly_tmcu.cpp:520     Sending WiFi status 4
10:56:25      TMCU: D shelly_tmcu.cpp:890     TX: 0x03 v=3 [04] (Ready)
10:56:25      TMCU: D shelly_tmcu.cpp:598     RX: 0x03 v=3 [] (state Ready)
10:56:27      TMCU: D shelly_tmcu.cpp:598     RX: 0x00 v=3 [01] (state Ready)
10:56:27      TMCU: D shelly_tmcu.cpp:79      Tmcu Event 1 (0x3fca0e40)
10:56:32      TMCU: D shelly_tmcu.cpp:598     RX: 0x1c v=3 [] (state Ready)
10:56:32      TMCU: D shelly_tmcu.cpp:890     TX: 0x1c v=3 [011a09190a382205] (Ready)
10:56:32      TMCU: D shelly_tmcu.cpp:598     RX: 0x24 v=3 [] (state Ready)
10:56:32      TMCU: D shelly_tmcu.cpp:890     TX: 0x24 v=3 [c5] (Ready)
10:56:42      TMCU: D shelly_tmcu.cpp:598     RX: 0x00 v=3 [01] (state Ready)
10:56:42      TMCU: D shelly_tmcu.cpp:79      Tmcu Event 1 (0x3fca0e40)
10:56:55      TMCU: D shelly_tmcu.cpp:993     wifi report state is SendRealState
10:56:55      TMCU: D shelly_tmcu.cpp:520     Sending WiFi status 4
10:56:55      TMCU: D shelly_tmcu.cpp:890     TX: 0x03 v=3 [04] (Ready)
10:56:55      TMCU: D shelly_tmcu.cpp:598     RX: 0x03 v=3 [] (state Ready)
10:56:55      TMCU: D shelly_tmcu.cpp:598     RX: 0x24 v=3 [] (state Ready)
10:56:55      TMCU: D shelly_tmcu.cpp:890     TX: 0x24 v=3 [c5] (Ready)
10:56:57      TMCU: D shelly_tmcu.cpp:598     RX: 0x00 v=3 [01] (state Ready)
10:56:57      TMCU: D shelly_tmcu.cpp:79      Tmcu Event 1 (0x3fca0e40)
10:57:04      TMCU: D shelly_tmcu.cpp:598     RX: 0x24 v=3 [] (state Ready)
10:57:04      TMCU: D shelly_tmcu.cpp:890     TX: 0x24 v=3 [c6] (Ready)
10:57:12      TMCU: D shelly_tmcu.cpp:598     RX: 0x00 v=3 [01] (state Ready)
10:57:12      TMCU: D shelly_tmcu.cpp:79      Tmcu Event 1 (0x3fca0e40)
10:57:17      TMCU: D shelly_tmcu.cpp:598     RX: 0x1c v=3 [] (state Ready)
10:57:17      TMCU: D shelly_tmcu.cpp:890     TX: 0x1c v=3 [011a09190a391305] (Ready)
10:57:17      TMCU: D shelly_tmcu.cpp:598     RX: 0x24 v=3 [] (state Ready)
10:57:17      TMCU: D shelly_tmcu.cpp:890     TX: 0x24 v=3 [c5] (Ready)
10:57:25      TMCU: D shelly_tmcu.cpp:993     wifi report state is SendRealState
10:57:25      TMCU: D shelly_tmcu.cpp:520     Sending WiFi status 4
10:57:25      TMCU: D shelly_tmcu.cpp:890     TX: 0x03 v=3 [04] (Ready)
10:57:25      TMCU: D shelly_tmcu.cpp:598     RX: 0x03 v=3 [] (state Ready)
10:57:27      TMCU: D shelly_tmcu.cpp:598     RX: 0x00 v=3 [01] (state Ready)
10:57:27      TMCU: D shelly_tmcu.cpp:79      Tmcu Event 1 (0x3fca0e40)
10:57:35      TMCU: D shelly_tmcu.cpp:598     RX: 0x1c v=3 [] (state Ready)
10:57:35      TMCU: D shelly_tmcu.cpp:890     TX: 0x1c v=3 [011a09190a392505] (Ready)
10:57:35      TMCU: D shelly_tmcu.cpp:598     RX: 0x24 v=3 [] (state Ready)
10:57:35      TMCU: D shelly_tmcu.cpp:890     TX: 0x24 v=3 [c6] (Ready)
10:57:42      TMCU: D shelly_tmcu.cpp:598     RX: 0x00 v=3 [01] (state Ready)
10:57:42      TMCU: D shelly_tmcu.cpp:79      Tmcu Event 1 (0x3fca0e40)
10:57:55      TMCU: D shelly_tmcu.cpp:993     wifi report state is SendRealState
10:57:55      TMCU: D shelly_tmcu.cpp:520     Sending WiFi status 4
10:57:55      TMCU: D shelly_tmcu.cpp:890     TX: 0x03 v=3 [04] (Ready)
10:57:55      TMCU: D shelly_tmcu.cpp:598     RX: 0x03 v=3 [] (state Ready)
10:57:57      TMCU: D shelly_tmcu.cpp:598     RX: 0x00 v=3 [01] (state Ready)
10:57:57      TMCU: D shelly_tmcu.cpp:79      Tmcu Event 1 (0x3fca0e40)
10:58:02      TMCU: D shelly_tmcu.cpp:598     RX: 0x1c v=3 [] (state Ready)
10:58:02      TMCU: D shelly_tmcu.cpp:890     TX: 0x1c v=3 [011a09190a3a0405] (Ready)
10:58:02      TMCU: D shelly_tmcu.cpp:598     RX: 0x24 v=3 [] (state Ready)
10:58:02      TMCU: D shelly_tmcu.cpp:890     TX: 0x24 v=3 [c6] (Ready)
10:58:12      TMCU: D shelly_tmcu.cpp:598     RX: 0x00 v=3 [01] (state Ready)
10:58:12      TMCU: D shelly_tmcu.cpp:79      Tmcu Event 1 (0x3fca0e40)
10:58:25      TMCU: D shelly_tmcu.cpp:993     wifi report state is SendRealState
10:58:25      TMCU: D shelly_tmcu.cpp:520     Sending WiFi status 4
10:58:25      TMCU: D shelly_tmcu.cpp:890     TX: 0x03 v=3 [04] (Ready)
10:58:25      TMCU: D shelly_tmcu.cpp:598     RX: 0x03 v=3 [] (state Ready)
10:58:25      TMCU: D shelly_tmcu.cpp:598     RX: 0x24 v=3 [] (state Ready)
10:58:25      TMCU: D shelly_tmcu.cpp:890     TX: 0x24 v=3 [c7] (Ready)
10:58:27      TMCU: D shelly_tmcu.cpp:598     RX: 0x00 v=3 [01] (state Ready)
10:58:27      TMCU: D shelly_tmcu.cpp:79      Tmcu Event 1 (0x3fca0e40)
10:58:35      TMCU: D shelly_tmcu.cpp:598     RX: 0x24 v=3 [] (state Ready)
10:58:35      TMCU: D shelly_tmcu.cpp:890     TX: 0x24 v=3 [c7] (Ready)
10:58:42      TMCU: D shelly_tmcu.cpp:598     RX: 0x00 v=3 [01] (state Ready)
10:58:42      TMCU: D shelly_tmcu.cpp:79      Tmcu Event 1 (0x3fca0e40)
10:58:47      TMCU: D shelly_tmcu.cpp:598     RX: 0x1c v=3 [] (state Ready)
10:58:47      TMCU: D shelly_tmcu.cpp:890     TX: 0x1c v=3 [011a09190a3a3105] (Ready)
10:58:47      TMCU: D shelly_tmcu.cpp:598     RX: 0x24 v=3 [] (state Ready)
10:58:47      TMCU: D shelly_tmcu.cpp:890     TX: 0x24 v=3 [c6] (Ready)
10:58:55      TMCU: D shelly_tmcu.cpp:993     wifi report state is SendRealState
10:58:55      TMCU: D shelly_tmcu.cpp:520     Sending WiFi status 4
10:58:55      TMCU: D shelly_tmcu.cpp:890     TX: 0x03 v=3 [04] (Ready)
10:58:55      TMCU: D shelly_tmcu.cpp:598     RX: 0x03 v=3 [] (state Ready)
10:58:57      TMCU: D shelly_tmcu.cpp:598     RX: 0x00 v=3 [01] (state Ready)
10:58:57      TMCU: D shelly_tmcu.cpp:79      Tmcu Event 1 (0x3fca0e40)
10:59:05      TMCU: D shelly_tmcu.cpp:598     RX: 0x1c v=3 [] (state Ready)
10:59:05      TMCU: D shelly_tmcu.cpp:890     TX: 0x1c v=3 [011a09190a3b0705] (Ready)
10:59:05      TMCU: D shelly_tmcu.cpp:598     RX: 0x24 v=3 [] (state Ready)
10:59:05      TMCU: D shelly_tmcu.cpp:890     TX: 0x24 v=3 [c7] (Ready)
10:59:12      TMCU: D shelly_tmcu.cpp:598     RX: 0x00 v=3 [01] (state Ready)
10:59:12      TMCU: D shelly_tmcu.cpp:79      Tmcu Event 1 (0x3fca0e40)
10:59:25      TMCU: D shelly_tmcu.cpp:993     wifi report state is SendRealState
10:59:25      TMCU: D shelly_tmcu.cpp:520     Sending WiFi status 4
10:59:25      TMCU: D shelly_tmcu.cpp:890     TX: 0x03 v=3 [04] (Ready)
10:59:25      TMCU: D shelly_tmcu.cpp:598     RX: 0x03 v=3 [] (state Ready)
10:59:27      TMCU: D shelly_tmcu.cpp:598     RX: 0x00 v=3 [01] (state Ready)
10:59:27      TMCU: D shelly_tmcu.cpp:79      Tmcu Event 1 (0x3fca0e40)
10:59:32      TMCU: D shelly_tmcu.cpp:598     RX: 0x1c v=3 [] (state Ready)
10:59:32      TMCU: D shelly_tmcu.cpp:890     TX: 0x1c v=3 [011a09190a3b2205] (Ready)
10:59:32      TMCU: D shelly_tmcu.cpp:598     RX: 0x24 v=3 [] (state Ready)
10:59:32      TMCU: D shelly_tmcu.cpp:890     TX: 0x24 v=3 [c5] (Ready)
10:59:42      TMCU: D shelly_tmcu.cpp:598     RX: 0x00 v=3 [01] (state Ready)
10:59:42      TMCU: D shelly_tmcu.cpp:79      Tmcu Event 1 (0x3fca0e40)
10:59:55      TMCU: D shelly_tmcu.cpp:993     wifi report state is SendRealState
10:59:55      TMCU: D shelly_tmcu.cpp:520     Sending WiFi status 4
10:59:55      TMCU: D shelly_tmcu.cpp:890     TX: 0x03 v=3 [04] (Ready)
10:59:55      TMCU: D shelly_tmcu.cpp:598     RX: 0x03 v=3 [] (state Ready)
10:59:56      TMCU: D shelly_tmcu.cpp:598     RX: 0x24 v=3 [] (state Ready)
10:59:56      TMCU: D shelly_tmcu.cpp:890     TX: 0x24 v=3 [c7] (Ready)
10:59:57      TMCU: D shelly_tmcu.cpp:598     RX: 0x00 v=3 [01] (state Ready)
10:59:57      TMCU: D shelly_tmcu.cpp:79      Tmcu Event 1 (0x3fca0e40)
11:00:05      TMCU: D shelly_tmcu.cpp:598     RX: 0x24 v=3 [] (state Ready)
11:00:05      TMCU: D shelly_tmcu.cpp:890     TX: 0x24 v=3 [c6] (Ready)
11:00:12      TMCU: D shelly_tmcu.cpp:598     RX: 0x00 v=3 [01] (state Ready)
11:00:12      TMCU: D shelly_tmcu.cpp:79      Tmcu Event 1 (0x3fca0e40)
11:00:17      TMCU: D shelly_tmcu.cpp:598     RX: 0x1c v=3 [] (state Ready)
11:00:17      TMCU: D shelly_tmcu.cpp:890     TX: 0x1c v=3 [011a09190b001405] (Ready)
11:00:18      TMCU: D shelly_tmcu.cpp:598     RX: 0x24 v=3 [] (state Ready)
11:00:18      TMCU: D shelly_tmcu.cpp:890     TX: 0x24 v=3 [c7] (Ready)
11:00:25      TMCU: D shelly_tmcu.cpp:993     wifi report state is SendRealState
11:00:25      TMCU: D shelly_tmcu.cpp:520     Sending WiFi status 4
11:00:25      TMCU: D shelly_tmcu.cpp:890     TX: 0x03 v=3 [04] (Ready)
11:00:25      TMCU: D shelly_tmcu.cpp:598     RX: 0x03 v=3 [] (state Ready)
11:00:27      TMCU: D shelly_tmcu.cpp:598     RX: 0x00 v=3 [01] (state Ready)
11:00:27      TMCU: D shelly_tmcu.cpp:79      Tmcu Event 1 (0x3fca0e40)
11:00:36      TMCU: D shelly_tmcu.cpp:598     RX: 0x1c v=3 [] (state Ready)
11:00:36      TMCU: D shelly_tmcu.cpp:890     TX: 0x1c v=3 [011a09190b002605] (Ready)
11:00:36      TMCU: D shelly_tmcu.cpp:598     RX: 0x24 v=3 [] (state Ready)
11:00:36      TMCU: D shelly_tmcu.cpp:890     TX: 0x24 v=3 [c6] (Ready)
11:00:42      TMCU: D shelly_tmcu.cpp:598     RX: 0x00 v=3 [01] (state Ready)
11:00:42      TMCU: D shelly_tmcu.cpp:79      Tmcu Event 1 (0x3fca0e40)
11:00:55      TMCU: D shelly_tmcu.cpp:993     wifi report state is SendRealState
11:00:55      TMCU: D shelly_tmcu.cpp:520     Sending WiFi status 4
11:00:55      TMCU: D shelly_tmcu.cpp:890     TX: 0x03 v=3 [04] (Ready)
11:00:55      TMCU: D shelly_tmcu.cpp:598     RX: 0x03 v=3 [] (state Ready)
11:00:57      TMCU: D shelly_tmcu.cpp:598     RX: 0x00 v=3 [01] (state Ready)
11:00:57      TMCU: D shelly_tmcu.cpp:79      Tmcu Event 1 (0x3fca0e40)
11:01:03      TMCU: D shelly_tmcu.cpp:598     RX: 0x1c v=3 [] (state Ready)
11:01:03      TMCU: D shelly_tmcu.cpp:890     TX: 0x1c v=3 [011a09190b010505] (Ready)
11:01:03      TMCU: D shelly_tmcu.cpp:598     RX: 0x24 v=3 [] (state Ready)
11:01:03      TMCU: D shelly_tmcu.cpp:890     TX: 0x24 v=3 [c7] (Ready)
11:01:12      TMCU: D shelly_tmcu.cpp:598     RX: 0x00 v=3 [01] (state Ready)
11:01:12      TMCU: D shelly_tmcu.cpp:79      Tmcu Event 1 (0x3fca0e40)
11:01:25      TMCU: D shelly_tmcu.cpp:993     wifi report state is SendRealState
11:01:25      TMCU: D shelly_tmcu.cpp:520     Sending WiFi status 4
11:01:25      TMCU: D shelly_tmcu.cpp:890     TX: 0x03 v=3 [04] (Ready)
11:01:25      TMCU: D shelly_tmcu.cpp:598     RX: 0x03 v=3 [] (state Ready)
11:01:26      TMCU: D shelly_tmcu.cpp:598     RX: 0x24 v=3 [] (state Ready)
11:01:26      TMCU: D shelly_tmcu.cpp:890     TX: 0x24 v=3 [c6] (Ready)
11:01:27      TMCU: D shelly_tmcu.cpp:598     RX: 0x00 v=3 [01] (state Ready)
11:01:27      TMCU: D shelly_tmcu.cpp:79      Tmcu Event 1 (0x3fca0e40)
11:01:35      TMCU: D shelly_tmcu.cpp:598     RX: 0x24 v=3 [] (state Ready)
11:01:35      TMCU: D shelly_tmcu.cpp:890     TX: 0x24 v=3 [c7] (Ready)
11:01:42      TMCU: D shelly_tmcu.cpp:598     RX: 0x00 v=3 [01] (state Ready)
11:01:42      TMCU: D shelly_tmcu.cpp:79      Tmcu Event 1 (0x3fca0e40)
11:01:48      TMCU: D shelly_tmcu.cpp:598     RX: 0x1c v=3 [] (state Ready)
11:01:48      TMCU: D shelly_tmcu.cpp:890     TX: 0x1c v=3 [011a09190b013205] (Ready)
11:01:48      TMCU: D shelly_tmcu.cpp:598     RX: 0x24 v=3 [] (state Ready)
11:01:48      TMCU: D shelly_tmcu.cpp:890     TX: 0x24 v=3 [c7] (Ready)
11:01:50      TMCU: D shelly_tmcu.cpp:598     RX: 0x07 v=3 [1802000400000013] (state Ready)
11:01:50      TMCU: D shelly_tmcu.cpp:862     same int 24 = 19
11:01:55      TMCU: D shelly_tmcu.cpp:993     wifi report state is SendRealState
11:01:55      TMCU: D shelly_tmcu.cpp:520     Sending WiFi status 4
11:01:55      TMCU: D shelly_tmcu.cpp:890     TX: 0x03 v=3 [04] (Ready)
11:01:55      TMCU: D shelly_tmcu.cpp:598     RX: 0x03 v=3 [] (state Ready)
11:01:57      TMCU: D shelly_tmcu.cpp:598     RX: 0x00 v=3 [01] (state Ready)
11:01:57      TMCU: D shelly_tmcu.cpp:79      Tmcu Event 1 (0x3fca0e40)
11:02:06      TMCU: D shelly_tmcu.cpp:598     RX: 0x1c v=3 [] (state Ready)
11:02:06      TMCU: D shelly_tmcu.cpp:890     TX: 0x1c v=3 [011a09190b020805] (Ready)
11:02:06      TMCU: D shelly_tmcu.cpp:598     RX: 0x24 v=3 [] (state Ready)
11:02:06      TMCU: D shelly_tmcu.cpp:890     TX: 0x24 v=3 [c7] (Ready)
11:02:12      TMCU: D shelly_tmcu.cpp:598     RX: 0x00 v=3 [01] (state Ready)
11:02:12      TMCU: D shelly_tmcu.cpp:79      Tmcu Event 1 (0x3fca0e40)
11:02:25      TMCU: D shelly_tmcu.cpp:993     wifi report state is SendRealState
11:02:25      TMCU: D shelly_tmcu.cpp:520     Sending WiFi status 4
11:02:25      TMCU: D shelly_tmcu.cpp:890     TX: 0x03 v=3 [04] (Ready)
11:02:25      TMCU: D shelly_tmcu.cpp:598     RX: 0x03 v=3 [] (state Ready)
11:02:27      TMCU: D shelly_tmcu.cpp:598     RX: 0x00 v=3 [01] (state Ready)
11:02:27      TMCU: D shelly_tmcu.cpp:79      Tmcu Event 1 (0x3fca0e40)
11:02:33      TMCU: D shelly_tmcu.cpp:598     RX: 0x1c v=3 [] (state Ready)
11:02:33      TMCU: D shelly_tmcu.cpp:890     TX: 0x1c v=3 [011a09190b022305] (Ready)
11:02:33      TMCU: D shelly_tmcu.cpp:598     RX: 0x24 v=3 [] (state Ready)
11:02:33      TMCU: D shelly_tmcu.cpp:890     TX: 0x24 v=3 [c7] (Ready)
11:02:42      TMCU: D shelly_tmcu.cpp:598     RX: 0x00 v=3 [01] (state Ready)
11:02:42      TMCU: D shelly_tmcu.cpp:79      Tmcu Event 1 (0x3fca0e40)
11:02:55      TMCU: D shelly_tmcu.cpp:993     wifi report state is SendRealState
11:02:55      TMCU: D shelly_tmcu.cpp:520     Sending WiFi status 4
11:02:55      TMCU: D shelly_tmcu.cpp:890     TX: 0x03 v=3 [04] (Ready)
11:02:55      TMCU: D shelly_tmcu.cpp:598     RX: 0x03 v=3 [] (state Ready)
11:02:56      TMCU: D shelly_tmcu.cpp:598     RX: 0x24 v=3 [] (state Ready)
11:02:56      TMCU: D shelly_tmcu.cpp:890     TX: 0x24 v=3 [c7] (Ready)
11:02:57      TMCU: D shelly_tmcu.cpp:598     RX: 0x00 v=3 [01] (state Ready)
11:02:57      TMCU: D shelly_tmcu.cpp:79      Tmcu Event 1 (0x3fca0e40)
11:03:05      TMCU: D shelly_tmcu.cpp:598     RX: 0x24 v=3 [] (state Ready)
11:03:05      TMCU: D shelly_tmcu.cpp:890     TX: 0x24 v=3 [c8] (Ready)
11:03:12      TMCU: D shelly_tmcu.cpp:598     RX: 0x00 v=3 [01] (state Ready)
11:03:12      TMCU: D shelly_tmcu.cpp:79      Tmcu Event 1 (0x3fca0e40)
11:03:18      TMCU: D shelly_tmcu.cpp:598     RX: 0x1c v=3 [] (state Ready)
11:03:18      TMCU: D shelly_tmcu.cpp:890     TX: 0x1c v=3 [011a09190b031405] (Ready)
11:03:18      TMCU: D shelly_tmcu.cpp:598     RX: 0x24 v=3 [] (state Ready)
11:03:18      TMCU: D shelly_tmcu.cpp:890     TX: 0x24 v=3 [c5] (Ready)
11:03:25      TMCU: D shelly_tmcu.cpp:993     wifi report state is SendRealState
11:03:25      TMCU: D shelly_tmcu.cpp:520     Sending WiFi status 4
11:03:25      TMCU: D shelly_tmcu.cpp:890     TX: 0x03 v=3 [04] (Ready)
11:03:25      TMCU: D shelly_tmcu.cpp:598     RX: 0x03 v=3 [] (state Ready)
11:03:27      TMCU: D shelly_tmcu.cpp:598     RX: 0x00 v=3 [01] (state Ready)
11:03:27      TMCU: D shelly_tmcu.cpp:79      Tmcu Event 1 (0x3fca0e40)
11:03:36      TMCU: D shelly_tmcu.cpp:598     RX: 0x1c v=3 [] (state Ready)
11:03:36      TMCU: D shelly_tmcu.cpp:890     TX: 0x1c v=3 [011a09190b032605] (Ready)
11:03:36      TMCU: D shelly_tmcu.cpp:598     RX: 0x24 v=3 [] (state Ready)
11:03:36      TMCU: D shelly_tmcu.cpp:890     TX: 0x24 v=3 [c6] (Ready)
11:03:42      TMCU: D shelly_tmcu.cpp:598     RX: 0x00 v=3 [01] (state Ready)
11:03:42      TMCU: D shelly_tmcu.cpp:79      Tmcu Event 1 (0x3fca0e40)
11:03:55      TMCU: D shelly_tmcu.cpp:993     wifi report state is SendRealState
11:03:55      TMCU: D shelly_tmcu.cpp:520     Sending WiFi status 4
11:03:55      TMCU: D shelly_tmcu.cpp:890     TX: 0x03 v=3 [04] (Ready)
11:03:55      TMCU: D shelly_tmcu.cpp:598     RX: 0x03 v=3 [] (state Ready)
11:03:57      TMCU: D shelly_tmcu.cpp:598     RX: 0x00 v=3 [01] (state Ready)
11:03:57      TMCU: D shelly_tmcu.cpp:79      Tmcu Event 1 (0x3fca0e40)
11:04:03      TMCU: D shelly_tmcu.cpp:598     RX: 0x1c v=3 [] (state Ready)
11:04:03      TMCU: D shelly_tmcu.cpp:890     TX: 0x1c v=3 [011a09190b040505] (Ready)
11:04:03      TMCU: D shelly_tmcu.cpp:598     RX: 0x24 v=3 [] (state Ready)
11:04:03      TMCU: D shelly_tmcu.cpp:890     TX: 0x24 v=3 [c6] (Ready)
11:04:12      TMCU: D shelly_tmcu.cpp:598     RX: 0x00 v=3 [01] (state Ready)
11:04:12      TMCU: D shelly_tmcu.cpp:79      Tmcu Event 1 (0x3fca0e40)
11:04:25      TMCU: D shelly_tmcu.cpp:993     wifi report state is SendRealState
11:04:25      TMCU: D shelly_tmcu.cpp:520     Sending WiFi status 4
11:04:25      TMCU: D shelly_tmcu.cpp:890     TX: 0x03 v=3 [04] (Ready)
11:04:25      TMCU: D shelly_tmcu.cpp:598     RX: 0x03 v=3 [] (state Ready)
11:04:27      TMCU: D shelly_tmcu.cpp:598     RX: 0x24 v=3 [] (state Ready)
11:04:27      TMCU: D shelly_tmcu.cpp:890     TX: 0x24 v=3 [c6] (Ready)
11:04:27      TMCU: D shelly_tmcu.cpp:598     RX: 0x00 v=3 [01] (state Ready)
11:04:27      TMCU: D shelly_tmcu.cpp:79      Tmcu Event 1 (0x3fca0e40)
11:04:36      TMCU: D shelly_tmcu.cpp:598     RX: 0x24 v=3 [] (state Ready)
11:04:36      TMCU: D shelly_tmcu.cpp:890     TX: 0x24 v=3 [ca] (Ready)
11:04:42      TMCU: D shelly_tmcu.cpp:598     RX: 0x00 v=3 [01] (state Ready)
11:04:42      TMCU: D shelly_tmcu.cpp:79      Tmcu Event 1 (0x3fca0e40)
11:04:48      TMCU: D shelly_tmcu.cpp:598     RX: 0x1c v=3 [] (state Ready)
11:04:48      TMCU: D shelly_tmcu.cpp:890     TX: 0x1c v=3 [011a09190b043205] (Ready)
11:04:48      TMCU: D shelly_tmcu.cpp:598     RX: 0x24 v=3 [] (state Ready)
11:04:48      TMCU: D shelly_tmcu.cpp:890     TX: 0x24 v=3 [c5] (Ready)
11:04:55      TMCU: D shelly_tmcu.cpp:993     wifi report state is SendRealState
11:04:55      TMCU: D shelly_tmcu.cpp:520     Sending WiFi status 4
11:04:55      TMCU: D shelly_tmcu.cpp:890     TX: 0x03 v=3 [04] (Ready)
11:04:55      TMCU: D shelly_tmcu.cpp:598     RX: 0x03 v=3 [] (state Ready)
11:04:57      TMCU: D shelly_tmcu.cpp:598     RX: 0x00 v=3 [01] (state Ready)
11:04:57      TMCU: D shelly_tmcu.cpp:79      Tmcu Event 1 (0x3fca0e40)
11:05:06      TMCU: D shelly_tmcu.cpp:598     RX: 0x1c v=3 [] (state Ready)
11:05:06      TMCU: D shelly_tmcu.cpp:890     TX: 0x1c v=3 [011a09190b050805] (Ready)
11:05:06      TMCU: D shelly_tmcu.cpp:598     RX: 0x24 v=3 [] (state Ready)
11:05:06      TMCU: D shelly_tmcu.cpp:890     TX: 0x24 v=3 [c4] (Ready)
11:05:12      TMCU: D shelly_tmcu.cpp:598     RX: 0x00 v=3 [01] (state Ready)
11:05:12      TMCU: D shelly_tmcu.cpp:79      Tmcu Event 1 (0x3fca0e40)
11:05:25      TMCU: D shelly_tmcu.cpp:993     wifi report state is SendRealState
11:05:25      TMCU: D shelly_tmcu.cpp:520     Sending WiFi status 4
11:05:25      TMCU: D shelly_tmcu.cpp:890     TX: 0x03 v=3 [04] (Ready)
11:05:25      TMCU: D shelly_tmcu.cpp:598     RX: 0x03 v=3 [] (state Ready)
11:05:27      TMCU: D shelly_tmcu.cpp:598     RX: 0x00 v=3 [01] (state Ready)
11:05:27      TMCU: D shelly_tmcu.cpp:79      Tmcu Event 1 (0x3fca0e40)
11:05:33      TMCU: D shelly_tmcu.cpp:598     RX: 0x1c v=3 [] (state Ready)
11:05:33      TMCU: D shelly_tmcu.cpp:598     RX: 0x24 v=3 [] (state Ready)
11:05:33      TMCU: D shelly_tmcu.cpp:890     TX: 0x1c v=3 [011a09190b052305] (Ready)
11:05:33      TMCU: D shelly_tmcu.cpp:890     TX: 0x24 v=3 [c7] (Ready)
11:05:42      TMCU: D shelly_tmcu.cpp:598     RX: 0x00 v=3 [01] (state Ready)
11:05:42      TMCU: D shelly_tmcu.cpp:79      Tmcu Event 1 (0x3fca0e40)
11:05:55      TMCU: D shelly_tmcu.cpp:993     wifi report state is SendRealState
11:05:55      TMCU: D shelly_tmcu.cpp:520     Sending WiFi status 4
11:05:55      TMCU: D shelly_tmcu.cpp:890     TX: 0x03 v=3 [04] (Ready)
11:05:55      TMCU: D shelly_tmcu.cpp:598     RX: 0x03 v=3 [] (state Ready)
11:05:57      TMCU: D shelly_tmcu.cpp:598     RX: 0x24 v=3 [] (state Ready)
11:05:57      TMCU: D shelly_tmcu.cpp:890     TX: 0x24 v=3 [c4] (Ready)
11:05:57      TMCU: D shelly_tmcu.cpp:598     RX: 0x00 v=3 [01] (state Ready)
11:05:57      TMCU: D shelly_tmcu.cpp:79      Tmcu Event 1 (0x3fca0e40)
11:06:06      TMCU: D shelly_tmcu.cpp:598     RX: 0x24 v=3 [] (state Ready)
11:06:06      TMCU: D shelly_tmcu.cpp:890     TX: 0x24 v=3 [c4] (Ready)
11:06:12      TMCU: D shelly_tmcu.cpp:598     RX: 0x00 v=3 [01] (state Ready)
11:06:12      TMCU: D shelly_tmcu.cpp:79      Tmcu Event 1 (0x3fca0e40)
11:06:18      TMCU: D shelly_tmcu.cpp:598     RX: 0x1c v=3 [] (state Ready)
11:06:18      TMCU: D shelly_tmcu.cpp:890     TX: 0x1c v=3 [011a09190b061505] (Ready)
11:06:19      TMCU: D shelly_tmcu.cpp:598     RX: 0x24 v=3 [] (state Ready)
11:06:19      TMCU: D shelly_tmcu.cpp:890     TX: 0x24 v=3 [c5] (Ready)
11:06:25      TMCU: D shelly_tmcu.cpp:993     wifi report state is SendRealState
11:06:25      TMCU: D shelly_tmcu.cpp:520     Sending WiFi status 4
11:06:25      TMCU: D shelly_tmcu.cpp:890     TX: 0x03 v=3 [04] (Ready)
11:06:25      TMCU: D shelly_tmcu.cpp:598     RX: 0x03 v=3 [] (state Ready)
11:06:27      TMCU: D shelly_tmcu.cpp:598     RX: 0x00 v=3 [01] (state Ready)
11:06:27      TMCU: D shelly_tmcu.cpp:79      Tmcu Event 1 (0x3fca0e40)
11:06:37      TMCU: D shelly_tmcu.cpp:598     RX: 0x1c v=3 [] (state Ready)
11:06:37      TMCU: D shelly_tmcu.cpp:890     TX: 0x1c v=3 [011a09190b062705] (Ready)
11:06:37      TMCU: D shelly_tmcu.cpp:598     RX: 0x24 v=3 [] (state Ready)
11:06:37      TMCU: D shelly_tmcu.cpp:890     TX: 0x24 v=3 [c5] (Ready)
11:06:42      TMCU: D shelly_tmcu.cpp:598     RX: 0x00 v=3 [01] (state Ready)
11:06:42      TMCU: D shelly_tmcu.cpp:79      Tmcu Event 1 (0x3fca0e40)
11:06:55      TMCU: D shelly_tmcu.cpp:993     wifi report state is SendRealState
11:06:55      TMCU: D shelly_tmcu.cpp:520     Sending WiFi status 4
11:06:55      TMCU: D shelly_tmcu.cpp:890     TX: 0x03 v=3 [04] (Ready)
11:06:55      TMCU: D shelly_tmcu.cpp:598     RX: 0x03 v=3 [] (state Ready)
11:06:57      TMCU: D shelly_tmcu.cpp:598     RX: 0x00 v=3 [01] (state Ready)
11:06:57      TMCU: D shelly_tmcu.cpp:79      Tmcu Event 1 (0x3fca0e40)
11:07:04      TMCU: D shelly_tmcu.cpp:598     RX: 0x1c v=3 [] (state Ready)
11:07:04      TMCU: D shelly_tmcu.cpp:890     TX: 0x1c v=3 [011a09190b070605] (Ready)
11:07:04      TMCU: D shelly_tmcu.cpp:598     RX: 0x24 v=3 [] (state Ready)
11:07:04      TMCU: D shelly_tmcu.cpp:890     TX: 0x24 v=3 [c5] (Ready)
11:07:12      TMCU: D shelly_tmcu.cpp:598     RX: 0x00 v=3 [01] (state Ready)
11:07:12      TMCU: D shelly_tmcu.cpp:79      Tmcu Event 1 (0x3fca0e40)
11:07:25      TMCU: D shelly_tmcu.cpp:993     wifi report state is SendRealState
11:07:25      TMCU: D shelly_tmcu.cpp:520     Sending WiFi status 4
11:07:25      TMCU: D shelly_tmcu.cpp:890     TX: 0x03 v=3 [04] (Ready)
11:07:25      TMCU: D shelly_tmcu.cpp:598     RX: 0x03 v=3 [] (state Ready)
11:07:27      TMCU: D shelly_tmcu.cpp:598     RX: 0x00 v=3 [01] (state Ready)
11:07:27      TMCU: D shelly_tmcu.cpp:79      Tmcu Event 1 (0x3fca0e40)
11:07:27      TMCU: D shelly_tmcu.cpp:598     RX: 0x24 v=3 [] (state Ready)
11:07:27      TMCU: D shelly_tmcu.cpp:890     TX: 0x24 v=3 [c4] (Ready)
11:07:36      TMCU: D shelly_tmcu.cpp:598     RX: 0x24 v=3 [] (state Ready)
11:07:36      TMCU: D shelly_tmcu.cpp:890     TX: 0x24 v=3 [c5] (Ready)
11:07:42      TMCU: D shelly_tmcu.cpp:598     RX: 0x00 v=3 [01] (state Ready)
11:07:42      TMCU: D shelly_tmcu.cpp:79      Tmcu Event 1 (0x3fca0e40)
11:07:49      TMCU: D shelly_tmcu.cpp:598     RX: 0x1c v=3 [] (state Ready)
11:07:49      TMCU: D shelly_tmcu.cpp:890     TX: 0x1c v=3 [011a09190b073305] (Ready)
11:07:49      TMCU: D shelly_tmcu.cpp:598     RX: 0x24 v=3 [] (state Ready)
11:07:49      TMCU: D shelly_tmcu.cpp:890     TX: 0x24 v=3 [c5] (Ready)
11:07:55      TMCU: D shelly_tmcu.cpp:993     wifi report state is SendRealState
11:07:55      TMCU: D shelly_tmcu.cpp:520     Sending WiFi status 4
11:07:55      TMCU: D shelly_tmcu.cpp:890     TX: 0x03 v=3 [04] (Ready)
11:07:55      TMCU: D shelly_tmcu.cpp:598     RX: 0x03 v=3 [] (state Ready)
11:07:57      TMCU: D shelly_tmcu.cpp:598     RX: 0x00 v=3 [01] (state Ready)
11:07:57      TMCU: D shelly_tmcu.cpp:79      Tmcu Event 1 (0x3fca0e40)
11:08:07      TMCU: D shelly_tmcu.cpp:598     RX: 0x1c v=3 [] (state Ready)
11:08:07      TMCU: D shelly_tmcu.cpp:890     TX: 0x1c v=3 [011a09190b080905] (Ready)
11:08:07      TMCU: D shelly_tmcu.cpp:598     RX: 0x24 v=3 [] (state Ready)
11:08:07      TMCU: D shelly_tmcu.cpp:890     TX: 0x24 v=3 [c6] (Ready)
11:08:10      TMCU: D shelly_tmcu.cpp:598     RX: 0x07 v=3 [1802000400000013] (state Ready)
11:08:10      TMCU: D shelly_tmcu.cpp:862     same int 24 = 19
11:08:12      TMCU: D shelly_tmcu.cpp:598     RX: 0x00 v=3 [01] (state Ready)
11:08:12      TMCU: D shelly_tmcu.cpp:79      Tmcu Event 1 (0x3fca0e40)
11:08:25      TMCU: D shelly_tmcu.cpp:993     wifi report state is SendRealState
11:08:25      TMCU: D shelly_tmcu.cpp:520     Sending WiFi status 4
11:08:25      TMCU: D shelly_tmcu.cpp:890     TX: 0x03 v=3 [04] (Ready)
11:08:25      TMCU: D shelly_tmcu.cpp:598     RX: 0x03 v=3 [] (state Ready)
11:08:27      TMCU: D shelly_tmcu.cpp:598     RX: 0x00 v=3 [01] (state Ready)
11:08:27      TMCU: D shelly_tmcu.cpp:79      Tmcu Event 1 (0x3fca0e40)
11:08:34      TMCU: D shelly_tmcu.cpp:598     RX: 0x1c v=3 [] (state Ready)
11:08:34      TMCU: D shelly_tmcu.cpp:890     TX: 0x1c v=3 [011a09190b082405] (Ready)
11:08:34      TMCU: D shelly_tmcu.cpp:598     RX: 0x24 v=3 [] (state Ready)
11:08:34      TMCU: D shelly_tmcu.cpp:890     TX: 0x24 v=3 [c5] (Ready)
11:08:42      TMCU: D shelly_tmcu.cpp:598     RX: 0x00 v=3 [01] (state Ready)
11:08:42      TMCU: D shelly_tmcu.cpp:79      Tmcu Event 1 (0x3fca0e40)
11:08:55      TMCU: D shelly_tmcu.cpp:993     wifi report state is SendRealState
11:08:55      TMCU: D shelly_tmcu.cpp:520     Sending WiFi status 4
11:08:55      TMCU: D shelly_tmcu.cpp:890     TX: 0x03 v=3 [04] (Ready)
11:08:55      TMCU: D shelly_tmcu.cpp:598     RX: 0x03 v=3 [] (state Ready)
11:08:57      TMCU: D shelly_tmcu.cpp:598     RX: 0x00 v=3 [01] (state Ready)
11:08:57      TMCU: D shelly_tmcu.cpp:79      Tmcu Event 1 (0x3fca0e40)
11:08:57      TMCU: D shelly_tmcu.cpp:598     RX: 0x24 v=3 [] (state Ready)
11:08:57      TMCU: D shelly_tmcu.cpp:890     TX: 0x24 v=3 [c6] (Ready)
11:09:06      TMCU: D shelly_tmcu.cpp:598     RX: 0x24 v=3 [] (state Ready)
11:09:06      TMCU: D shelly_tmcu.cpp:890     TX: 0x24 v=3 [c5] (Ready)
11:09:12      TMCU: D shelly_tmcu.cpp:598     RX: 0x00 v=3 [01] (state Ready)
11:09:12      TMCU: D shelly_tmcu.cpp:79      Tmcu Event 1 (0x3fca0e40)
11:09:19      TMCU: D shelly_tmcu.cpp:598     RX: 0x1c v=3 [] (state Ready)
11:09:19      TMCU: D shelly_tmcu.cpp:890     TX: 0x1c v=3 [011a09190b091505] (Ready)
11:09:19      TMCU: D shelly_tmcu.cpp:598     RX: 0x24 v=3 [] (state Ready)
11:09:19      TMCU: D shelly_tmcu.cpp:890     TX: 0x24 v=3 [c5] (Ready)
11:09:25      TMCU: D shelly_tmcu.cpp:993     wifi report state is SendRealState
11:09:25      TMCU: D shelly_tmcu.cpp:520     Sending WiFi status 4
11:09:25      TMCU: D shelly_tmcu.cpp:890     TX: 0x03 v=3 [04] (Ready)
11:09:25      TMCU: D shelly_tmcu.cpp:598     RX: 0x03 v=3 [] (state Ready)
11:09:27      TMCU: D shelly_tmcu.cpp:598     RX: 0x00 v=3 [01] (state Ready)
11:09:27      TMCU: D shelly_tmcu.cpp:79      Tmcu Event 1 (0x3fca0e40)
11:09:37      TMCU: D shelly_tmcu.cpp:598     RX: 0x1c v=3 [] (state Ready)
11:09:37      TMCU: D shelly_tmcu.cpp:890     TX: 0x1c v=3 [011a09190b092705] (Ready)
11:09:37      TMCU: D shelly_tmcu.cpp:598     RX: 0x24 v=3 [] (state Ready)
11:09:37      TMCU: D shelly_tmcu.cpp:890     TX: 0x24 v=3 [c5] (Ready)
11:09:42      TMCU: D shelly_tmcu.cpp:598     RX: 0x00 v=3 [01] (state Ready)
11:09:42      TMCU: D shelly_tmcu.cpp:79      Tmcu Event 1 (0x3fca0e40)
11:09:55      TMCU: D shelly_tmcu.cpp:993     wifi report state is SendRealState
11:09:55      TMCU: D shelly_tmcu.cpp:520     Sending WiFi status 4
11:09:55      TMCU: D shelly_tmcu.cpp:890     TX: 0x03 v=3 [04] (Ready)
11:09:55      TMCU: D shelly_tmcu.cpp:598     RX: 0x03 v=3 [] (state Ready)
11:09:57      TMCU: D shelly_tmcu.cpp:598     RX: 0x00 v=3 [01] (state Ready)
11:09:57      TMCU: D shelly_tmcu.cpp:79      Tmcu Event 1 (0x3fca0e40)
11:10:04      TMCU: D shelly_tmcu.cpp:598     RX: 0x1c v=3 [] (state Ready)
11:10:04      TMCU: D shelly_tmcu.cpp:890     TX: 0x1c v=3 [011a09190b0a0605] (Ready)
11:10:04      TMCU: D shelly_tmcu.cpp:598     RX: 0x24 v=3 [] (state Ready)
11:10:04      TMCU: D shelly_tmcu.cpp:890     TX: 0x24 v=3 [c6] (Ready)
11:10:12      TMCU: D shelly_tmcu.cpp:598     RX: 0x00 v=3 [01] (state Ready)
11:10:12      TMCU: D shelly_tmcu.cpp:79      Tmcu Event 1 (0x3fca0e40)
11:10:25      TMCU: D shelly_tmcu.cpp:993     wifi report state is SendRealState
11:10:25      TMCU: D shelly_tmcu.cpp:520     Sending WiFi status 4
11:10:25      TMCU: D shelly_tmcu.cpp:890     TX: 0x03 v=3 [04] (Ready)
11:10:25      TMCU: D shelly_tmcu.cpp:598     RX: 0x03 v=3 [] (state Ready)
11:10:27      TMCU: D shelly_tmcu.cpp:598     RX: 0x00 v=3 [01] (state Ready)
11:10:27      TMCU: D shelly_tmcu.cpp:79      Tmcu Event 1 (0x3fca0e40)
11:10:28      TMCU: D shelly_tmcu.cpp:598     RX: 0x24 v=3 [] (state Ready)
11:10:28      TMCU: D shelly_tmcu.cpp:890     TX: 0x24 v=3 [c6] (Ready)
11:10:37      TMCU: D shelly_tmcu.cpp:598     RX: 0x24 v=3 [] (state Ready)
11:10:37      TMCU: D shelly_tmcu.cpp:890     TX: 0x24 v=3 [c4] (Ready)
11:10:42      TMCU: D shelly_tmcu.cpp:598     RX: 0x00 v=3 [01] (state Ready)
11:10:42      TMCU: D shelly_tmcu.cpp:79      Tmcu Event 1 (0x3fca0e40)
11:10:49      TMCU: D shelly_tmcu.cpp:598     RX: 0x1c v=3 [] (state Ready)
11:10:49      TMCU: D shelly_tmcu.cpp:890     TX: 0x1c v=3 [011a09190b0a3305] (Ready)
11:10:49      TMCU: D shelly_tmcu.cpp:598     RX: 0x24 v=3 [] (state Ready)
11:10:49      TMCU: D shelly_tmcu.cpp:890     TX: 0x24 v=3 [c5] (Ready)
11:10:55      TMCU: D shelly_tmcu.cpp:993     wifi report state is SendRealState
11:10:55      TMCU: D shelly_tmcu.cpp:520     Sending WiFi status 4
11:10:55      TMCU: D shelly_tmcu.cpp:890     TX: 0x03 v=3 [04] (Ready)
11:10:55      TMCU: D shelly_tmcu.cpp:598     RX: 0x03 v=3 [] (state Ready)
11:10:57      TMCU: D shelly_tmcu.cpp:598     RX: 0x00 v=3 [01] (state Ready)
11:10:57      TMCU: D shelly_tmcu.cpp:79      Tmcu Event 1 (0x3fca0e40)
11:11:07      TMCU: D shelly_tmcu.cpp:598     RX: 0x1c v=3 [] (state Ready)
11:11:07      TMCU: D shelly_tmcu.cpp:890     TX: 0x1c v=3 [011a09190b0b0905] (Ready)
11:11:07      TMCU: D shelly_tmcu.cpp:598     RX: 0x24 v=3 [] (state Ready)
11:11:07      TMCU: D shelly_tmcu.cpp:890     TX: 0x24 v=3 [c5] (Ready)
11:11:12      TMCU: D shelly_tmcu.cpp:598     RX: 0x00 v=3 [01] (state Ready)
11:11:12      TMCU: D shelly_tmcu.cpp:79      Tmcu Event 1 (0x3fca0e40)
11:11:25      TMCU: D shelly_tmcu.cpp:993     wifi report state is SendRealState
11:11:25      TMCU: D shelly_tmcu.cpp:520     Sending WiFi status 4
11:11:25      TMCU: D shelly_tmcu.cpp:890     TX: 0x03 v=3 [04] (Ready)
11:11:25      TMCU: D shelly_tmcu.cpp:598     RX: 0x03 v=3 [] (state Ready)
11:11:27      TMCU: D shelly_tmcu.cpp:598     RX: 0x00 v=3 [01] (state Ready)
11:11:27      TMCU: D shelly_tmcu.cpp:79      Tmcu Event 1 (0x3fca0e40)
11:11:34      TMCU: D shelly_tmcu.cpp:598     RX: 0x1c v=3 [] (state Ready)
11:11:34      TMCU: D shelly_tmcu.cpp:890     TX: 0x1c v=3 [011a09190b0b2405] (Ready)
11:11:34      TMCU: D shelly_tmcu.cpp:598     RX: 0x24 v=3 [] (state Ready)
11:11:34      TMCU: D shelly_tmcu.cpp:890     TX: 0x24 v=3 [c2] (Ready)
11:11:42      TMCU: D shelly_tmcu.cpp:598     RX: 0x00 v=3 [01] (state Ready)
11:11:42      TMCU: D shelly_tmcu.cpp:79      Tmcu Event 1 (0x3fca0e40)
11:11:55      TMCU: D shelly_tmcu.cpp:993     wifi report state is SendRealState
11:11:55      TMCU: D shelly_tmcu.cpp:520     Sending WiFi status 4
11:11:55      TMCU: D shelly_tmcu.cpp:890     TX: 0x03 v=3 [04] (Ready)
11:11:55      TMCU: D shelly_tmcu.cpp:598     RX: 0x03 v=3 [] (state Ready)
11:11:57      TMCU: D shelly_tmcu.cpp:598     RX: 0x00 v=3 [01] (state Ready)
11:11:57      TMCU: D shelly_tmcu.cpp:79      Tmcu Event 1 (0x3fca0e40)
11:11:58      TMCU: D shelly_tmcu.cpp:598     RX: 0x24 v=3 [] (state Ready)
11:11:58      TMCU: D shelly_tmcu.cpp:890     TX: 0x24 v=3 [c7] (Ready)
11:12:07      TMCU: D shelly_tmcu.cpp:598     RX: 0x24 v=3 [] (state Ready)
11:12:07      TMCU: D shelly_tmcu.cpp:890     TX: 0x24 v=3 [c6] (Ready)
11:12:12      TMCU: D shelly_tmcu.cpp:598     RX: 0x00 v=3 [01] (state Ready)
11:12:12      TMCU: D shelly_tmcu.cpp:79      Tmcu Event 1 (0x3fca0e40)
11:12:19      TMCU: D shelly_tmcu.cpp:598     RX: 0x1c v=3 [] (state Ready)
11:12:19      TMCU: D shelly_tmcu.cpp:890     TX: 0x1c v=3 [011a09190b0c1605] (Ready)
11:12:20      TMCU: D shelly_tmcu.cpp:598     RX: 0x24 v=3 [] (state Ready)
11:12:20      TMCU: D shelly_tmcu.cpp:890     TX: 0x24 v=3 [c4] (Ready)
11:12:25      TMCU: D shelly_tmcu.cpp:993     wifi report state is SendRealState
11:12:25      TMCU: D shelly_tmcu.cpp:520     Sending WiFi status 4
11:12:25      TMCU: D shelly_tmcu.cpp:890     TX: 0x03 v=3 [04] (Ready)
11:12:25      TMCU: D shelly_tmcu.cpp:598     RX: 0x03 v=3 [] (state Ready)
11:12:27      TMCU: D shelly_tmcu.cpp:598     RX: 0x00 v=3 [01] (state Ready)
11:12:27      TMCU: D shelly_tmcu.cpp:79      Tmcu Event 1 (0x3fca0e40)
11:12:38      TMCU: D shelly_tmcu.cpp:598     RX: 0x1c v=3 [] (state Ready)
11:12:38      TMCU: D shelly_tmcu.cpp:890     TX: 0x1c v=3 [011a09190b0c2805] (Ready)
11:12:38      TMCU: D shelly_tmcu.cpp:598     RX: 0x24 v=3 [] (state Ready)
11:12:38      TMCU: D shelly_tmcu.cpp:890     TX: 0x24 v=3 [c4] (Ready)
11:12:42      TMCU: D shelly_tmcu.cpp:598     RX: 0x00 v=3 [01] (state Ready)
11:12:42      TMCU: D shelly_tmcu.cpp:79      Tmcu Event 1 (0x3fca0e40)
11:12:55      TMCU: D shelly_tmcu.cpp:993     wifi report state is SendRealState
11:12:55      TMCU: D shelly_tmcu.cpp:520     Sending WiFi status 4
11:12:55      TMCU: D shelly_tmcu.cpp:890     TX: 0x03 v=3 [04] (Ready)
11:12:55      TMCU: D shelly_tmcu.cpp:598     RX: 0x03 v=3 [] (state Ready)
11:12:57      TMCU: D shelly_tmcu.cpp:598     RX: 0x00 v=3 [01] (state Ready)
11:12:57      TMCU: D shelly_tmcu.cpp:79      Tmcu Event 1 (0x3fca0e40)
11:13:05      TMCU: D shelly_tmcu.cpp:598     RX: 0x1c v=3 [] (state Ready)
11:13:05      TMCU: D shelly_tmcu.cpp:890     TX: 0x1c v=3 [011a09190b0d0705] (Ready)
11:13:05      TMCU: D shelly_tmcu.cpp:598     RX: 0x24 v=3 [] (state Ready)
11:13:05      TMCU: D shelly_tmcu.cpp:890     TX: 0x24 v=3 [c5] (Ready)
11:13:12      TMCU: D shelly_tmcu.cpp:598     RX: 0x00 v=3 [01] (state Ready)
11:13:12      TMCU: D shelly_tmcu.cpp:79      Tmcu Event 1 (0x3fca0e40)
11:13:25      TMCU: D shelly_tmcu.cpp:993     wifi report state is SendRealState
11:13:25      TMCU: D shelly_tmcu.cpp:520     Sending WiFi status 4
11:13:25      TMCU: D shelly_tmcu.cpp:890     TX: 0x03 v=3 [04] (Ready)
11:13:25      TMCU: D shelly_tmcu.cpp:598     RX: 0x03 v=3 [] (state Ready)
11:13:27      TMCU: D shelly_tmcu.cpp:598     RX: 0x00 v=3 [01] (state Ready)
11:13:27      TMCU: D shelly_tmcu.cpp:79      Tmcu Event 1 (0x3fca0e40)
11:13:28      TMCU: D shelly_tmcu.cpp:598     RX: 0x24 v=3 [] (state Ready)
11:13:28      TMCU: D shelly_tmcu.cpp:890     TX: 0x24 v=3 [c3] (Ready)
11:13:37      TMCU: D shelly_tmcu.cpp:598     RX: 0x24 v=3 [] (state Ready)
11:13:37      TMCU: D shelly_tmcu.cpp:890     TX: 0x24 v=3 [c4] (Ready)
11:13:42      TMCU: D shelly_tmcu.cpp:598     RX: 0x00 v=3 [01] (state Ready)
11:13:42      TMCU: D shelly_tmcu.cpp:79      Tmcu Event 1 (0x3fca0e40)
11:13:50      TMCU: D shelly_tmcu.cpp:598     RX: 0x1c v=3 [] (state Ready)
11:13:50      TMCU: D shelly_tmcu.cpp:890     TX: 0x1c v=3 [011a09190b0d3405] (Ready)
11:13:50      TMCU: D shelly_tmcu.cpp:598     RX: 0x24 v=3 [] (state Ready)
11:13:50      TMCU: D shelly_tmcu.cpp:890     TX: 0x24 v=3 [c4] (Ready)
11:13:55      TMCU: D shelly_tmcu.cpp:993     wifi report state is SendRealState
11:13:55      TMCU: D shelly_tmcu.cpp:520     Sending WiFi status 4
11:13:55      TMCU: D shelly_tmcu.cpp:890     TX: 0x03 v=3 [04] (Ready)
11:13:55      TMCU: D shelly_tmcu.cpp:598     RX: 0x03 v=3 [] (state Ready)
11:13:57      TMCU: D shelly_tmcu.cpp:598     RX: 0x00 v=3 [01] (state Ready)
11:13:57      TMCU: D shelly_tmcu.cpp:79      Tmcu Event 1 (0x3fca0e40)
11:14:08      TMCU: D shelly_tmcu.cpp:598     RX: 0x1c v=3 [] (state Ready)
11:14:08      TMCU: D shelly_tmcu.cpp:890     TX: 0x1c v=3 [011a09190b0e0a05] (Ready)
11:14:08      TMCU: D shelly_tmcu.cpp:598     RX: 0x24 v=3 [] (state Ready)
11:14:08      TMCU: D shelly_tmcu.cpp:890     TX: 0x24 v=3 [c4] (Ready)
11:14:12      TMCU: D shelly_tmcu.cpp:598     RX: 0x00 v=3 [01] (state Ready)
11:14:12      TMCU: D shelly_tmcu.cpp:79      Tmcu Event 1 (0x3fca0e40)
11:14:25      TMCU: D shelly_tmcu.cpp:993     wifi report state is SendRealState
11:14:25      TMCU: D shelly_tmcu.cpp:520     Sending WiFi status 4
11:14:25      TMCU: D shelly_tmcu.cpp:890     TX: 0x03 v=3 [04] (Ready)
11:14:25      TMCU: D shelly_tmcu.cpp:598     RX: 0x03 v=3 [] (state Ready)
11:14:27      TMCU: D shelly_tmcu.cpp:598     RX: 0x00 v=3 [01] (state Ready)
11:14:27      TMCU: D shelly_tmcu.cpp:79      Tmcu Event 1 (0x3fca0e40)
11:14:31      TMCU: D shelly_tmcu.cpp:598     RX: 0x07 v=3 [1802000400000013] (state Ready)
11:14:31      TMCU: D shelly_tmcu.cpp:862     same int 24 = 19
11:14:35      TMCU: D shelly_tmcu.cpp:598     RX: 0x1c v=3 [] (state Ready)
11:14:35      TMCU: D shelly_tmcu.cpp:890     TX: 0x1c v=3 [011a09190b0e2505] (Ready)
11:14:35      TMCU: D shelly_tmcu.cpp:598     RX: 0x24 v=3 [] (state Ready)
11:14:35      TMCU: D shelly_tmcu.cpp:890     TX: 0x24 v=3 [c4] (Ready)
11:14:42      TMCU: D shelly_tmcu.cpp:598     RX: 0x00 v=3 [01] (state Ready)
11:14:42      TMCU: D shelly_tmcu.cpp:79      Tmcu Event 1 (0x3fca0e40)
11:14:55      TMCU: D shelly_tmcu.cpp:993     wifi report state is SendRealState
11:14:55      TMCU: D shelly_tmcu.cpp:520     Sending WiFi status 4
11:14:55      TMCU: D shelly_tmcu.cpp:890     TX: 0x03 v=3 [04] (Ready)
11:14:55      TMCU: D shelly_tmcu.cpp:598     RX: 0x03 v=3 [] (state Ready)
11:14:57      TMCU: D shelly_tmcu.cpp:598     RX: 0x00 v=3 [01] (state Ready)
11:14:57      TMCU: D shelly_tmcu.cpp:79      Tmcu Event 1 (0x3fca0e40)
11:14:58      TMCU: D shelly_tmcu.cpp:598     RX: 0x24 v=3 [] (state Ready)
11:14:58      TMCU: D shelly_tmcu.cpp:890     TX: 0x24 v=3 [c5] (Ready)
11:15:07      TMCU: D shelly_tmcu.cpp:598     RX: 0x24 v=3 [] (state Ready)
11:15:07      TMCU: D shelly_tmcu.cpp:890     TX: 0x24 v=3 [c3] (Ready)
11:15:12      TMCU: D shelly_tmcu.cpp:598     RX: 0x00 v=3 [01] (state Ready)
11:15:12      TMCU: D shelly_tmcu.cpp:79      Tmcu Event 1 (0x3fca0e40)
11:15:20      TMCU: D shelly_tmcu.cpp:598     RX: 0x1c v=3 [] (state Ready)
11:15:20      TMCU: D shelly_tmcu.cpp:890     TX: 0x1c v=3 [011a09190b0f1605] (Ready)
11:15:20      TMCU: D shelly_tmcu.cpp:598     RX: 0x24 v=3 [] (state Ready)
11:15:20      TMCU: D shelly_tmcu.cpp:890     TX: 0x24 v=3 [c5] (Ready)
11:15:25      TMCU: D shelly_tmcu.cpp:993     wifi report state is SendRealState
11:15:25      TMCU: D shelly_tmcu.cpp:520     Sending WiFi status 4
11:15:25      TMCU: D shelly_tmcu.cpp:890     TX: 0x03 v=3 [04] (Ready)
11:15:25      TMCU: D shelly_tmcu.cpp:598     RX: 0x03 v=3 [] (state Ready)
11:15:27      TMCU: D shelly_tmcu.cpp:598     RX: 0x00 v=3 [01] (state Ready)
11:15:27      TMCU: D shelly_tmcu.cpp:79      Tmcu Event 1 (0x3fca0e40)
11:15:38      TMCU: D shelly_tmcu.cpp:598     RX: 0x1c v=3 [] (state Ready)
11:15:38      TMCU: D shelly_tmcu.cpp:890     TX: 0x1c v=3 [011a09190b0f2805] (Ready)
11:15:38      TMCU: D shelly_tmcu.cpp:598     RX: 0x24 v=3 [] (state Ready)
11:15:38      TMCU: D shelly_tmcu.cpp:890     TX: 0x24 v=3 [c4] (Ready)
11:15:42      TMCU: D shelly_tmcu.cpp:598     RX: 0x00 v=3 [01] (state Ready)
11:15:42      TMCU: D shelly_tmcu.cpp:79      Tmcu Event 1 (0x3fca0e40)
11:15:55      TMCU: D shelly_tmcu.cpp:993     wifi report state is SendRealState
11:15:55      TMCU: D shelly_tmcu.cpp:520     Sending WiFi status 4
11:15:55      TMCU: D shelly_tmcu.cpp:890     TX: 0x03 v=3 [04] (Ready)
11:15:55      TMCU: D shelly_tmcu.cpp:598     RX: 0x03 v=3 [] (state Ready)
11:15:57      TMCU: D shelly_tmcu.cpp:598     RX: 0x00 v=3 [01] (state Ready)
11:15:57      TMCU: D shelly_tmcu.cpp:79      Tmcu Event 1 (0x3fca0e40)
11:16:05      TMCU: D shelly_tmcu.cpp:598     RX: 0x1c v=3 [] (state Ready)
11:16:05      TMCU: D shelly_tmcu.cpp:890     TX: 0x1c v=3 [011a09190b100705] (Ready)
11:16:05      TMCU: D shelly_tmcu.cpp:598     RX: 0x24 v=3 [] (state Ready)
11:16:05      TMCU: D shelly_tmcu.cpp:890     TX: 0x24 v=3 [c4] (Ready)
11:16:12      TMCU: D shelly_tmcu.cpp:598     RX: 0x00 v=3 [01] (state Ready)
11:16:12      TMCU: D shelly_tmcu.cpp:79      Tmcu Event 1 (0x3fca0e40)
11:16:25      TMCU: D shelly_tmcu.cpp:993     wifi report state is SendRealState
11:16:25      TMCU: D shelly_tmcu.cpp:520     Sending WiFi status 4
11:16:25      TMCU: D shelly_tmcu.cpp:890     TX: 0x03 v=3 [04] (Ready)
11:16:25      TMCU: D shelly_tmcu.cpp:598     RX: 0x03 v=3 [] (state Ready)
11:16:27      TMCU: D shelly_tmcu.cpp:598     RX: 0x00 v=3 [01] (state Ready)
11:16:27      TMCU: D shelly_tmcu.cpp:79      Tmcu Event 1 (0x3fca0e40)
11:16:29      TMCU: D shelly_tmcu.cpp:598     RX: 0x24 v=3 [] (state Ready)
11:16:29      TMCU: D shelly_tmcu.cpp:890     TX: 0x24 v=3 [c4] (Ready)
11:16:38      TMCU: D shelly_tmcu.cpp:598     RX: 0x24 v=3 [] (state Ready)
11:16:38      TMCU: D shelly_tmcu.cpp:890     TX: 0x24 v=3 [c4] (Ready)
11:16:42      TMCU: D shelly_tmcu.cpp:598     RX: 0x00 v=3 [01] (state Ready)
11:16:42      TMCU: D shelly_tmcu.cpp:79      Tmcu Event 1 (0x3fca0e40)
11:16:50      TMCU: D shelly_tmcu.cpp:598     RX: 0x1c v=3 [] (state Ready)
11:16:50      TMCU: D shelly_tmcu.cpp:890     TX: 0x1c v=3 [011a09190b103405] (Ready)
11:16:50      TMCU: D shelly_tmcu.cpp:598     RX: 0x24 v=3 [] (state Ready)
11:16:50      TMCU: D shelly_tmcu.cpp:890     TX: 0x24 v=3 [c3] (Ready)
11:16:52  [strona WWW] strona DevKitu została otwarta
11:16:55      TMCU: D shelly_tmcu.cpp:993     wifi report state is SendRealState
11:16:55      TMCU: D shelly_tmcu.cpp:520     Sending WiFi status 4
11:16:55      TMCU: D shelly_tmcu.cpp:890     TX: 0x03 v=3 [04] (Ready)
11:16:55      TMCU: D shelly_tmcu.cpp:598     RX: 0x03 v=3 [] (state Ready)
11:16:56  !!  E shos_rpc_inst.c:223     No handler for Script.List
11:16:57  [strona WWW] polecenie Service.GetInfo
11:16:57  [strona WWW] polecenie Service.GetResources
11:16:57      TMCU: D shelly_tmcu.cpp:598     RX: 0x00 v=3 [01] (state Ready)
11:16:57      TMCU: D shelly_tmcu.cpp:79      Tmcu Event 1 (0x3fca0e40)
11:16:57  !!  E shelly_service.cpp:990  GetConfig -> OK
11:17:08      TMCU: D shelly_tmcu.cpp:598     RX: 0x1c v=3 [] (state Ready)
11:17:08      TMCU: D shelly_tmcu.cpp:890     TX: 0x1c v=3 [011a09190b110a05] (Ready)
11:17:08      TMCU: D shelly_tmcu.cpp:598     RX: 0x24 v=3 [] (state Ready)
11:17:08      TMCU: D shelly_tmcu.cpp:890     TX: 0x24 v=3 [c4] (Ready)
11:17:12      TMCU: D shelly_tmcu.cpp:598     RX: 0x00 v=3 [01] (state Ready)
11:17:12      TMCU: D shelly_tmcu.cpp:79      Tmcu Event 1 (0x3fca0e40)
11:17:25      TMCU: D shelly_tmcu.cpp:993     wifi report state is SendRealState
11:17:25      TMCU: D shelly_tmcu.cpp:520     Sending WiFi status 4
11:17:25      TMCU: D shelly_tmcu.cpp:890     TX: 0x03 v=3 [04] (Ready)
11:17:25      TMCU: D shelly_tmcu.cpp:598     RX: 0x03 v=3 [] (state Ready)
11:17:27      TMCU: D shelly_tmcu.cpp:598     RX: 0x00 v=3 [01] (state Ready)
11:17:27      TMCU: D shelly_tmcu.cpp:79      Tmcu Event 1 (0x3fca0e40)
11:17:35      TMCU: D shelly_tmcu.cpp:598     RX: 0x1c v=3 [] (state Ready)
11:17:35      TMCU: D shelly_tmcu.cpp:890     TX: 0x1c v=3 [011a09190b112505] (Ready)
11:17:35      TMCU: D shelly_tmcu.cpp:598     RX: 0x24 v=3 [] (state Ready)
11:17:35      TMCU: D shelly_tmcu.cpp:890     TX: 0x24 v=3 [c4] (Ready)
11:17:42      TMCU: D shelly_tmcu.cpp:598     RX: 0x00 v=3 [01] (state Ready)
11:17:42      TMCU: D shelly_tmcu.cpp:79      Tmcu Event 1 (0x3fca0e40)
11:17:55      TMCU: D shelly_tmcu.cpp:993     wifi report state is SendRealState
11:17:55      TMCU: D shelly_tmcu.cpp:520     Sending WiFi status 4
11:17:55      TMCU: D shelly_tmcu.cpp:890     TX: 0x03 v=3 [04] (Ready)
11:17:55      TMCU: D shelly_tmcu.cpp:598     RX: 0x03 v=3 [] (state Ready)
11:17:57      TMCU: D shelly_tmcu.cpp:598     RX: 0x00 v=3 [01] (state Ready)
11:17:57      TMCU: D shelly_tmcu.cpp:79      Tmcu Event 1 (0x3fca0e40)
11:17:59      TMCU: D shelly_tmcu.cpp:598     RX: 0x24 v=3 [] (state Ready)
11:17:59      TMCU: D shelly_tmcu.cpp:890     TX: 0x24 v=3 [c4] (Ready)
11:18:08      TMCU: D shelly_tmcu.cpp:598     RX: 0x24 v=3 [] (state Ready)
11:18:08      TMCU: D shelly_tmcu.cpp:890     TX: 0x24 v=3 [c3] (Ready)
11:18:12      TMCU: D shelly_tmcu.cpp:598     RX: 0x00 v=3 [01] (state Ready)
11:18:12      TMCU: D shelly_tmcu.cpp:79      Tmcu Event 1 (0x3fca0e40)
11:18:20      TMCU: D shelly_tmcu.cpp:598     RX: 0x1c v=3 [] (state Ready)
11:18:20      TMCU: D shelly_tmcu.cpp:890     TX: 0x1c v=3 [011a09190b121705] (Ready)
11:18:21      TMCU: D shelly_tmcu.cpp:598     RX: 0x24 v=3 [] (state Ready)
11:18:21      TMCU: D shelly_tmcu.cpp:890     TX: 0x24 v=3 [c5] (Ready)
11:18:25      TMCU: D shelly_tmcu.cpp:993     wifi report state is SendRealState
11:18:25      TMCU: D shelly_tmcu.cpp:520     Sending WiFi status 4
11:18:25      TMCU: D shelly_tmcu.cpp:890     TX: 0x03 v=3 [04] (Ready)
11:18:25      TMCU: D shelly_tmcu.cpp:598     RX: 0x03 v=3 [] (state Ready)
11:18:27      TMCU: D shelly_tmcu.cpp:598     RX: 0x00 v=3 [01] (state Ready)
11:18:27      TMCU: D shelly_tmcu.cpp:79      Tmcu Event 1 (0x3fca0e40)
11:18:39      TMCU: D shelly_tmcu.cpp:598     RX: 0x1c v=3 [] (state Ready)
11:18:39      TMCU: D shelly_tmcu.cpp:890     TX: 0x1c v=3 [011a09190b122905] (Ready)
11:18:39      TMCU: D shelly_tmcu.cpp:598     RX: 0x24 v=3 [] (state Ready)
11:18:39      TMCU: D shelly_tmcu.cpp:890     TX: 0x24 v=3 [c4] (Ready)
11:18:42      TMCU: D shelly_tmcu.cpp:598     RX: 0x00 v=3 [01] (state Ready)
11:18:42      TMCU: D shelly_tmcu.cpp:79      Tmcu Event 1 (0x3fca0e40)
11:18:55      TMCU: D shelly_tmcu.cpp:993     wifi report state is SendRealState
11:18:55      TMCU: D shelly_tmcu.cpp:520     Sending WiFi status 4
11:18:55      TMCU: D shelly_tmcu.cpp:890     TX: 0x03 v=3 [04] (Ready)
11:18:55      TMCU: D shelly_tmcu.cpp:598     RX: 0x03 v=3 [] (state Ready)
11:18:57      TMCU: D shelly_tmcu.cpp:598     RX: 0x00 v=3 [01] (state Ready)
11:18:57      TMCU: D shelly_tmcu.cpp:79      Tmcu Event 1 (0x3fca0e40)
11:19:06      TMCU: D shelly_tmcu.cpp:598     RX: 0x1c v=3 [] (state Ready)
11:19:06      TMCU: D shelly_tmcu.cpp:890     TX: 0x1c v=3 [011a09190b130805] (Ready)
11:19:06      TMCU: D shelly_tmcu.cpp:598     RX: 0x24 v=3 [] (state Ready)
11:19:06      TMCU: D shelly_tmcu.cpp:890     TX: 0x24 v=3 [c6] (Ready)
11:19:12      TMCU: D shelly_tmcu.cpp:598     RX: 0x00 v=3 [01] (state Ready)
11:19:12      TMCU: D shelly_tmcu.cpp:79      Tmcu Event 1 (0x3fca0e40)
11:19:25      TMCU: D shelly_tmcu.cpp:993     wifi report state is SendRealState
11:19:25      TMCU: D shelly_tmcu.cpp:520     Sending WiFi status 4
11:19:25      TMCU: D shelly_tmcu.cpp:890     TX: 0x03 v=3 [04] (Ready)
11:19:25      TMCU: D shelly_tmcu.cpp:598     RX: 0x03 v=3 [] (state Ready)
11:19:27      TMCU: D shelly_tmcu.cpp:598     RX: 0x00 v=3 [01] (state Ready)
11:19:27      TMCU: D shelly_tmcu.cpp:79      Tmcu Event 1 (0x3fca0e40)
11:19:29      TMCU: D shelly_tmcu.cpp:598     RX: 0x24 v=3 [] (state Ready)
11:19:29      TMCU: D shelly_tmcu.cpp:890     TX: 0x24 v=3 [c5] (Ready)
11:19:38      TMCU: D shelly_tmcu.cpp:598     RX: 0x24 v=3 [] (state Ready)
11:19:38      TMCU: D shelly_tmcu.cpp:890     TX: 0x24 v=3 [c6] (Ready)
11:19:42      TMCU: D shelly_tmcu.cpp:598     RX: 0x00 v=3 [01] (state Ready)
11:19:42      TMCU: D shelly_tmcu.cpp:79      Tmcu Event 1 (0x3fca0e40)
11:19:51      TMCU: D shelly_tmcu.cpp:598     RX: 0x1c v=3 [] (state Ready)
11:19:51      TMCU: D shelly_tmcu.cpp:890     TX: 0x1c v=3 [011a09190b133505] (Ready)
11:19:51      TMCU: D shelly_tmcu.cpp:598     RX: 0x24 v=3 [] (state Ready)
11:19:51      TMCU: D shelly_tmcu.cpp:890     TX: 0x24 v=3 [c7] (Ready)
11:19:55      TMCU: D shelly_tmcu.cpp:993     wifi report state is SendRealState
11:19:55      TMCU: D shelly_tmcu.cpp:520     Sending WiFi status 4
11:19:55      TMCU: D shelly_tmcu.cpp:890     TX: 0x03 v=3 [04] (Ready)
11:19:55      TMCU: D shelly_tmcu.cpp:598     RX: 0x03 v=3 [] (state Ready)
11:19:57      TMCU: D shelly_tmcu.cpp:598     RX: 0x00 v=3 [01] (state Ready)
11:19:57      TMCU: D shelly_tmcu.cpp:79      Tmcu Event 1 (0x3fca0e40)
11:20:02      TMCU: D shelly_tmcu.cpp:890     TX: 0x34 v=3 [02ff1a09190b140405] (Ready)
11:20:09      TMCU: D shelly_tmcu.cpp:598     RX: 0x1c v=3 [] (state Ready)
11:20:09      TMCU: D shelly_tmcu.cpp:890     TX: 0x1c v=3 [011a09190b140b05] (Ready)
11:20:09      TMCU: D shelly_tmcu.cpp:598     RX: 0x24 v=3 [] (state Ready)
11:20:09      TMCU: D shelly_tmcu.cpp:890     TX: 0x24 v=3 [c6] (Ready)
11:20:12      TMCU: D shelly_tmcu.cpp:598     RX: 0x00 v=3 [01] (state Ready)
11:20:12      TMCU: D shelly_tmcu.cpp:79      Tmcu Event 1 (0x3fca0e40)
11:20:25      TMCU: D shelly_tmcu.cpp:993     wifi report state is SendRealState
11:20:25      TMCU: D shelly_tmcu.cpp:520     Sending WiFi status 4
11:20:25      TMCU: D shelly_tmcu.cpp:890     TX: 0x03 v=3 [04] (Ready)
11:20:25      TMCU: D shelly_tmcu.cpp:598     RX: 0x03 v=3 [] (state Ready)
11:20:27      TMCU: D shelly_tmcu.cpp:598     RX: 0x00 v=3 [01] (state Ready)
11:20:27      TMCU: D shelly_tmcu.cpp:79      Tmcu Event 1 (0x3fca0e40)
11:20:36      TMCU: D shelly_tmcu.cpp:598     RX: 0x1c v=3 [] (state Ready)
11:20:36      TMCU: D shelly_tmcu.cpp:890     TX: 0x1c v=3 [011a09190b142605] (Ready)
11:20:36      TMCU: D shelly_tmcu.cpp:598     RX: 0x24 v=3 [] (state Ready)
11:20:36      TMCU: D shelly_tmcu.cpp:890     TX: 0x24 v=3 [c5] (Ready)
11:20:42      TMCU: D shelly_tmcu.cpp:598     RX: 0x00 v=3 [01] (state Ready)
11:20:42      TMCU: D shelly_tmcu.cpp:79      Tmcu Event 1 (0x3fca0e40)
11:20:52      TMCU: D shelly_tmcu.cpp:598     RX: 0x07 v=3 [1802000400000013] (state Ready)
11:20:52      TMCU: D shelly_tmcu.cpp:862     same int 24 = 19
11:20:55      TMCU: D shelly_tmcu.cpp:993     wifi report state is SendRealState
11:20:55      TMCU: D shelly_tmcu.cpp:520     Sending WiFi status 4
11:20:55      TMCU: D shelly_tmcu.cpp:890     TX: 0x03 v=3 [04] (Ready)
11:20:55      TMCU: D shelly_tmcu.cpp:598     RX: 0x03 v=3 [] (state Ready)
11:20:57      TMCU: D shelly_tmcu.cpp:598     RX: 0x00 v=3 [01] (state Ready)
11:20:57      TMCU: D shelly_tmcu.cpp:79      Tmcu Event 1 (0x3fca0e40)
11:20:59      TMCU: D shelly_tmcu.cpp:598     RX: 0x24 v=3 [] (state Ready)
11:20:59      TMCU: D shelly_tmcu.cpp:890     TX: 0x24 v=3 [c9] (Ready)
11:21:08      TMCU: D shelly_tmcu.cpp:598     RX: 0x24 v=3 [] (state Ready)
11:21:08      TMCU: D shelly_tmcu.cpp:890     TX: 0x24 v=3 [c8] (Ready)
11:21:12      TMCU: D shelly_tmcu.cpp:598     RX: 0x00 v=3 [01] (state Ready)
11:21:12      TMCU: D shelly_tmcu.cpp:79      Tmcu Event 1 (0x3fca0e40)
11:21:21      TMCU: D shelly_tmcu.cpp:598     RX: 0x1c v=3 [] (state Ready)
11:21:21      TMCU: D shelly_tmcu.cpp:890     TX: 0x1c v=3 [011a09190b151705] (Ready)
11:21:21      TMCU: D shelly_tmcu.cpp:598     RX: 0x24 v=3 [] (state Ready)
11:21:21      TMCU: D shelly_tmcu.cpp:890     TX: 0x24 v=3 [c5] (Ready)
11:21:25      TMCU: D shelly_tmcu.cpp:993     wifi report state is SendRealState
11:21:25      TMCU: D shelly_tmcu.cpp:520     Sending WiFi status 4
11:21:25      TMCU: D shelly_tmcu.cpp:890     TX: 0x03 v=3 [04] (Ready)
11:21:25      TMCU: D shelly_tmcu.cpp:598     RX: 0x03 v=3 [] (state Ready)
11:21:27      TMCU: D shelly_tmcu.cpp:598     RX: 0x00 v=3 [01] (state Ready)
11:21:27      TMCU: D shelly_tmcu.cpp:79      Tmcu Event 1 (0x3fca0e40)
11:21:39      TMCU: D shelly_tmcu.cpp:598     RX: 0x1c v=3 [] (state Ready)
11:21:39      TMCU: D shelly_tmcu.cpp:890     TX: 0x1c v=3 [011a09190b152905] (Ready)
11:21:39      TMCU: D shelly_tmcu.cpp:598     RX: 0x24 v=3 [] (state Ready)
11:21:39      TMCU: D shelly_tmcu.cpp:890     TX: 0x24 v=3 [c5] (Ready)
11:21:42      TMCU: D shelly_tmcu.cpp:598     RX: 0x00 v=3 [01] (state Ready)
11:21:42      TMCU: D shelly_tmcu.cpp:79      Tmcu Event 1 (0x3fca0e40)
11:21:55      TMCU: D shelly_tmcu.cpp:993     wifi report state is SendRealState
11:21:55      TMCU: D shelly_tmcu.cpp:520     Sending WiFi status 4
11:21:55      TMCU: D shelly_tmcu.cpp:890     TX: 0x03 v=3 [04] (Ready)
11:21:55      TMCU: D shelly_tmcu.cpp:598     RX: 0x03 v=3 [] (state Ready)
11:21:57      TMCU: D shelly_tmcu.cpp:598     RX: 0x00 v=3 [01] (state Ready)
11:21:57      TMCU: D shelly_tmcu.cpp:79      Tmcu Event 1 (0x3fca0e40)
11:22:06      TMCU: D shelly_tmcu.cpp:598     RX: 0x1c v=3 [] (state Ready)
11:22:06      TMCU: D shelly_tmcu.cpp:890     TX: 0x1c v=3 [011a09190b160805] (Ready)
11:22:06      TMCU: D shelly_tmcu.cpp:598     RX: 0x24 v=3 [] (state Ready)
11:22:06      TMCU: D shelly_tmcu.cpp:890     TX: 0x24 v=3 [c7] (Ready)
11:22:12      TMCU: D shelly_tmcu.cpp:598     RX: 0x00 v=3 [01] (state Ready)
11:22:12      TMCU: D shelly_tmcu.cpp:79      Tmcu Event 1 (0x3fca0e40)
11:22:25      TMCU: D shelly_tmcu.cpp:993     wifi report state is SendRealState
11:22:25      TMCU: D shelly_tmcu.cpp:520     Sending WiFi status 4
11:22:25      TMCU: D shelly_tmcu.cpp:890     TX: 0x03 v=3 [04] (Ready)
11:22:25      TMCU: D shelly_tmcu.cpp:598     RX: 0x03 v=3 [] (state Ready)
11:22:27      TMCU: D shelly_tmcu.cpp:598     RX: 0x00 v=3 [01] (state Ready)
11:22:27      TMCU: D shelly_tmcu.cpp:79      Tmcu Event 1 (0x3fca0e40)
11:22:30      TMCU: D shelly_tmcu.cpp:598     RX: 0x24 v=3 [] (state Ready)
11:22:30      TMCU: D shelly_tmcu.cpp:890     TX: 0x24 v=3 [c6] (Ready)
11:22:39      TMCU: D shelly_tmcu.cpp:598     RX: 0x24 v=3 [] (state Ready)
11:22:39      TMCU: D shelly_tmcu.cpp:890     TX: 0x24 v=3 [c9] (Ready)
11:22:42      TMCU: D shelly_tmcu.cpp:598     RX: 0x00 v=3 [01] (state Ready)
11:22:42      TMCU: D shelly_tmcu.cpp:79      Tmcu Event 1 (0x3fca0e40)
11:22:51      TMCU: D shelly_tmcu.cpp:598     RX: 0x1c v=3 [] (state Ready)
11:22:51      TMCU: D shelly_tmcu.cpp:890     TX: 0x1c v=3 [011a09190b163505] (Ready)
11:22:51      TMCU: D shelly_tmcu.cpp:598     RX: 0x24 v=3 [] (state Ready)
11:22:51      TMCU: D shelly_tmcu.cpp:890     TX: 0x24 v=3 [c7] (Ready)
11:22:55      TMCU: D shelly_tmcu.cpp:993     wifi report state is SendRealState
11:22:55      TMCU: D shelly_tmcu.cpp:520     Sending WiFi status 4
11:22:55      TMCU: D shelly_tmcu.cpp:890     TX: 0x03 v=3 [04] (Ready)
11:22:55      TMCU: D shelly_tmcu.cpp:598     RX: 0x03 v=3 [] (state Ready)
11:22:57      TMCU: D shelly_tmcu.cpp:598     RX: 0x00 v=3 [01] (state Ready)
11:22:57      TMCU: D shelly_tmcu.cpp:79      Tmcu Event 1 (0x3fca0e40)
11:23:09      TMCU: D shelly_tmcu.cpp:598     RX: 0x1c v=3 [] (state Ready)
11:23:09      TMCU: D shelly_tmcu.cpp:890     TX: 0x1c v=3 [011a09190b170b05] (Ready)
11:23:09      TMCU: D shelly_tmcu.cpp:598     RX: 0x24 v=3 [] (state Ready)
11:23:09      TMCU: D shelly_tmcu.cpp:890     TX: 0x24 v=3 [c7] (Ready)
11:23:12      TMCU: D shelly_tmcu.cpp:598     RX: 0x00 v=3 [01] (state Ready)
11:23:12      TMCU: D shelly_tmcu.cpp:79      Tmcu Event 1 (0x3fca0e40)
11:23:25      TMCU: D shelly_tmcu.cpp:993     wifi report state is SendRealState
11:23:25      TMCU: D shelly_tmcu.cpp:520     Sending WiFi status 4
11:23:25      TMCU: D shelly_tmcu.cpp:890     TX: 0x03 v=3 [04] (Ready)
11:23:25      TMCU: D shelly_tmcu.cpp:598     RX: 0x03 v=3 [] (state Ready)
11:23:27      TMCU: D shelly_tmcu.cpp:598     RX: 0x00 v=3 [01] (state Ready)
11:23:27      TMCU: D shelly_tmcu.cpp:79      Tmcu Event 1 (0x3fca0e40)
11:23:36      TMCU: D shelly_tmcu.cpp:598     RX: 0x1c v=3 [] (state Ready)
11:23:36      TMCU: D shelly_tmcu.cpp:890     TX: 0x1c v=3 [011a09190b172605] (Ready)
11:23:36      TMCU: D shelly_tmcu.cpp:598     RX: 0x24 v=3 [] (state Ready)
11:23:36      TMCU: D shelly_tmcu.cpp:890     TX: 0x24 v=3 [c6] (Ready)
11:23:40      TMCU: D shelly_tmcu.cpp:598     RX: 0x07 v=3 [19020004000000001201000100] (state Ready)
11:23:40      TMCU: I shelly_tmcu.cpp:853     add int 25 = 0
11:23:40      TMCU: D shelly_tmcu.cpp:862     same bool 18 = false
11:23:40      TMCU: D shelly_tmcu.cpp:79      Tmcu Event 4 (0x3fca0d80)
11:23:41      TMCU: D shelly_tmcu.cpp:598     RX: 0x07 v=3 [0d04000100] (state Ready)
11:23:41      TMCU: D shelly_tmcu.cpp:860     upd enum 13 = 0
11:23:41      TMCU: D shelly_tmcu.cpp:79      Tmcu Event 4 (0x3fca0d80)
11:23:41      Stan ładowarki (DP 3): Wolna
11:23:42      TMCU: D shelly_tmcu.cpp:598     RX: 0x00 v=3 [01] (state Ready)
11:23:42      TMCU: D shelly_tmcu.cpp:79      Tmcu Event 1 (0x3fca0e40)
11:23:42      TMCU: D shelly_tmcu.cpp:598     RX: 0x07 v=3 [1201000101] (state Ready)
11:23:42      TMCU: D shelly_tmcu.cpp:860     upd bool 18 = true
11:23:42      TMCU: D shelly_tmcu.cpp:79      Tmcu Event 4 (0x3fca0d80)
11:23:43  Ładowanie włączone (DP 18): nie na tak
11:23:55      TMCU: D shelly_tmcu.cpp:993     wifi report state is SendRealState
11:23:55      TMCU: D shelly_tmcu.cpp:520     Sending WiFi status 4
11:23:55      TMCU: D shelly_tmcu.cpp:890     TX: 0x03 v=3 [04] (Ready)
11:23:55      TMCU: D shelly_tmcu.cpp:598     RX: 0x03 v=3 [] (state Ready)
11:23:57      TMCU: D shelly_tmcu.cpp:598     RX: 0x00 v=3 [01] (state Ready)
11:23:57      TMCU: D shelly_tmcu.cpp:79      Tmcu Event 1 (0x3fca0e40)
11:24:00      TMCU: D shelly_tmcu.cpp:598     RX: 0x24 v=3 [] (state Ready)
11:24:00      TMCU: D shelly_tmcu.cpp:890     TX: 0x24 v=3 [c5] (Ready)
11:24:09      TMCU: D shelly_tmcu.cpp:598     RX: 0x24 v=3 [] (state Ready)
11:24:09      TMCU: D shelly_tmcu.cpp:890     TX: 0x24 v=3 [c5] (Ready)
11:24:12      TMCU: D shelly_tmcu.cpp:598     RX: 0x00 v=3 [01] (state Ready)
11:24:12      TMCU: D shelly_tmcu.cpp:79      Tmcu Event 1 (0x3fca0e40)
11:24:22      TMCU: D shelly_tmcu.cpp:598     RX: 0x1c v=3 [] (state Ready)
11:24:22      TMCU: D shelly_tmcu.cpp:890     TX: 0x1c v=3 [011a09190b181805] (Ready)
11:24:22      TMCU: D shelly_tmcu.cpp:598     RX: 0x24 v=3 [] (state Ready)
11:24:22      TMCU: D shelly_tmcu.cpp:890     TX: 0x24 v=3 [c8] (Ready)
11:24:25      TMCU: D shelly_tmcu.cpp:993     wifi report state is SendRealState
11:24:25      TMCU: D shelly_tmcu.cpp:520     Sending WiFi status 4
11:24:25      TMCU: D shelly_tmcu.cpp:890     TX: 0x03 v=3 [04] (Ready)
11:24:25      TMCU: D shelly_tmcu.cpp:598     RX: 0x03 v=3 [] (state Ready)
11:24:27      TMCU: D shelly_tmcu.cpp:598     RX: 0x00 v=3 [01] (state Ready)
11:24:27      TMCU: D shelly_tmcu.cpp:79      Tmcu Event 1 (0x3fca0e40)
11:24:40      TMCU: D shelly_tmcu.cpp:598     RX: 0x1c v=3 [] (state Ready)
11:24:40      TMCU: D shelly_tmcu.cpp:890     TX: 0x1c v=3 [011a09190b182a05] (Ready)
11:24:40      TMCU: D shelly_tmcu.cpp:598     RX: 0x24 v=3 [] (state Ready)
11:24:40      TMCU: D shelly_tmcu.cpp:890     TX: 0x24 v=3 [c5] (Ready)
11:24:42      TMCU: D shelly_tmcu.cpp:598     RX: 0x00 v=3 [01] (state Ready)
11:24:42      TMCU: D shelly_tmcu.cpp:79      Tmcu Event 1 (0x3fca0e40)
11:24:55      TMCU: D shelly_tmcu.cpp:993     wifi report state is SendRealState
11:24:55      TMCU: D shelly_tmcu.cpp:520     Sending WiFi status 4
11:24:55      TMCU: D shelly_tmcu.cpp:890     TX: 0x03 v=3 [04] (Ready)
11:24:55      TMCU: D shelly_tmcu.cpp:598     RX: 0x03 v=3 [] (state Ready)
11:24:57      TMCU: D shelly_tmcu.cpp:598     RX: 0x00 v=3 [01] (state Ready)
11:24:57      TMCU: D shelly_tmcu.cpp:79      Tmcu Event 1 (0x3fca0e40)
11:25:07      TMCU: D shelly_tmcu.cpp:598     RX: 0x1c v=3 [] (state Ready)
11:25:07      TMCU: D shelly_tmcu.cpp:890     TX: 0x1c v=3 [011a09190b190905] (Ready)
11:25:07      TMCU: D shelly_tmcu.cpp:598     RX: 0x24 v=3 [] (state Ready)
11:25:07      TMCU: D shelly_tmcu.cpp:890     TX: 0x24 v=3 [c8] (Ready)
11:25:12      TMCU: D shelly_tmcu.cpp:598     RX: 0x00 v=3 [01] (state Ready)
11:25:12      TMCU: D shelly_tmcu.cpp:79      Tmcu Event 1 (0x3fca0e40)
11:25:25      TMCU: D shelly_tmcu.cpp:993     wifi report state is SendRealState
11:25:25      TMCU: D shelly_tmcu.cpp:520     Sending WiFi status 4
11:25:25      TMCU: D shelly_tmcu.cpp:890     TX: 0x03 v=3 [04] (Ready)
11:25:25      TMCU: D shelly_tmcu.cpp:598     RX: 0x03 v=3 [] (state Ready)
11:25:27      TMCU: D shelly_tmcu.cpp:598     RX: 0x00 v=3 [01] (state Ready)
11:25:27      TMCU: D shelly_tmcu.cpp:79      Tmcu Event 1 (0x3fca0e40)
11:25:30      TMCU: D shelly_tmcu.cpp:598     RX: 0x24 v=3 [] (state Ready)
11:25:30      TMCU: D shelly_tmcu.cpp:890     TX: 0x24 v=3 [c6] (Ready)
11:25:39      TMCU: D shelly_tmcu.cpp:598     RX: 0x24 v=3 [] (state Ready)
11:25:39      TMCU: D shelly_tmcu.cpp:890     TX: 0x24 v=3 [c6] (Ready)
11:25:42      TMCU: D shelly_tmcu.cpp:598     RX: 0x00 v=3 [01] (state Ready)
11:25:42      TMCU: D shelly_tmcu.cpp:79      Tmcu Event 1 (0x3fca0e40)
11:25:52      TMCU: D shelly_tmcu.cpp:598     RX: 0x1c v=3 [] (state Ready)
11:25:52      TMCU: D shelly_tmcu.cpp:890     TX: 0x1c v=3 [011a09190b193605] (Ready)
11:25:52      TMCU: D shelly_tmcu.cpp:598     RX: 0x24 v=3 [] (state Ready)
11:25:52      TMCU: D shelly_tmcu.cpp:890     TX: 0x24 v=3 [c5] (Ready)
11:25:55      TMCU: D shelly_tmcu.cpp:993     wifi report state is SendRealState
11:25:55      TMCU: D shelly_tmcu.cpp:520     Sending WiFi status 4
11:25:55      TMCU: D shelly_tmcu.cpp:890     TX: 0x03 v=3 [04] (Ready)
11:25:55      TMCU: D shelly_tmcu.cpp:598     RX: 0x03 v=3 [] (state Ready)
11:25:57      TMCU: D shelly_tmcu.cpp:598     RX: 0x00 v=3 [01] (state Ready)
11:25:57      TMCU: D shelly_tmcu.cpp:79      Tmcu Event 1 (0x3fca0e40)
11:26:10      TMCU: D shelly_tmcu.cpp:598     RX: 0x1c v=3 [] (state Ready)
11:26:10      TMCU: D shelly_tmcu.cpp:890     TX: 0x1c v=3 [011a09190b1a0c05] (Ready)
11:26:10      TMCU: D shelly_tmcu.cpp:598     RX: 0x24 v=3 [] (state Ready)
11:26:10      TMCU: D shelly_tmcu.cpp:890     TX: 0x24 v=3 [c4] (Ready)
11:26:12      TMCU: D shelly_tmcu.cpp:598     RX: 0x00 v=3 [01] (state Ready)
11:26:12      TMCU: D shelly_tmcu.cpp:79      Tmcu Event 1 (0x3fca0e40)
11:26:25      TMCU: D shelly_tmcu.cpp:993     wifi report state is SendRealState
11:26:25      TMCU: D shelly_tmcu.cpp:520     Sending WiFi status 4
11:26:25      TMCU: D shelly_tmcu.cpp:890     TX: 0x03 v=3 [04] (Ready)
11:26:25      TMCU: D shelly_tmcu.cpp:598     RX: 0x03 v=3 [] (state Ready)
11:26:27      TMCU: D shelly_tmcu.cpp:598     RX: 0x00 v=3 [01] (state Ready)
11:26:27      TMCU: D shelly_tmcu.cpp:79      Tmcu Event 1 (0x3fca0e40)
11:26:37      TMCU: D shelly_tmcu.cpp:598     RX: 0x1c v=3 [] (state Ready)
11:26:37      TMCU: D shelly_tmcu.cpp:890     TX: 0x1c v=3 [011a09190b1a2705] (Ready)
11:26:37      TMCU: D shelly_tmcu.cpp:598     RX: 0x24 v=3 [] (state Ready)
11:26:37      TMCU: D shelly_tmcu.cpp:890     TX: 0x24 v=3 [c5] (Ready)
11:26:42      TMCU: D shelly_tmcu.cpp:598     RX: 0x00 v=3 [01] (state Ready)
11:26:42      TMCU: D shelly_tmcu.cpp:79      Tmcu Event 1 (0x3fca0e40)
11:26:55      TMCU: D shelly_tmcu.cpp:993     wifi report state is SendRealState
11:26:55      TMCU: D shelly_tmcu.cpp:520     Sending WiFi status 4
11:26:55      TMCU: D shelly_tmcu.cpp:890     TX: 0x03 v=3 [04] (Ready)
11:26:55      TMCU: D shelly_tmcu.cpp:598     RX: 0x03 v=3 [] (state Ready)
11:26:57      TMCU: D shelly_tmcu.cpp:598     RX: 0x00 v=3 [01] (state Ready)
11:26:57      TMCU: D shelly_tmcu.cpp:79      Tmcu Event 1 (0x3fca0e40)
11:27:01      TMCU: D shelly_tmcu.cpp:598     RX: 0x24 v=3 [] (state Ready)
11:27:01      TMCU: D shelly_tmcu.cpp:890     TX: 0x24 v=3 [c8] (Ready)
11:27:10      TMCU: D shelly_tmcu.cpp:598     RX: 0x24 v=3 [] (state Ready)
11:27:10      TMCU: D shelly_tmcu.cpp:890     TX: 0x24 v=3 [c6] (Ready)
11:27:12      TMCU: D shelly_tmcu.cpp:598     RX: 0x00 v=3 [01] (state Ready)
11:27:12      TMCU: D shelly_tmcu.cpp:79      Tmcu Event 1 (0x3fca0e40)
11:27:13      TMCU: D shelly_tmcu.cpp:598     RX: 0x07 v=3 [1802000400000013] (state Ready)
11:27:13      TMCU: D shelly_tmcu.cpp:862     same int 24 = 19
11:27:22      TMCU: D shelly_tmcu.cpp:598     RX: 0x1c v=3 [] (state Ready)
11:27:22      TMCU: D shelly_tmcu.cpp:890     TX: 0x1c v=3 [011a09190b1b1805] (Ready)
11:27:22      TMCU: D shelly_tmcu.cpp:598     RX: 0x24 v=3 [] (state Ready)
11:27:22      TMCU: D shelly_tmcu.cpp:890     TX: 0x24 v=3 [c8] (Ready)
11:27:25      TMCU: D shelly_tmcu.cpp:993     wifi report state is SendRealState
11:27:25      TMCU: D shelly_tmcu.cpp:520     Sending WiFi status 4
11:27:25      TMCU: D shelly_tmcu.cpp:890     TX: 0x03 v=3 [04] (Ready)
11:27:25      TMCU: D shelly_tmcu.cpp:598     RX: 0x03 v=3 [] (state Ready)
11:27:27      TMCU: D shelly_tmcu.cpp:598     RX: 0x00 v=3 [01] (state Ready)
11:27:27      TMCU: D shelly_tmcu.cpp:79      Tmcu Event 1 (0x3fca0e40)
11:27:40      TMCU: D shelly_tmcu.cpp:598     RX: 0x1c v=3 [] (state Ready)
11:27:40      TMCU: D shelly_tmcu.cpp:890     TX: 0x1c v=3 [011a09190b1b2a05] (Ready)
11:27:40      TMCU: D shelly_tmcu.cpp:598     RX: 0x24 v=3 [] (state Ready)
11:27:40      TMCU: D shelly_tmcu.cpp:890     TX: 0x24 v=3 [c6] (Ready)
11:27:42      TMCU: D shelly_tmcu.cpp:598     RX: 0x00 v=3 [01] (state Ready)
11:27:42      TMCU: D shelly_tmcu.cpp:79      Tmcu Event 1 (0x3fca0e40)
11:27:55      TMCU: D shelly_tmcu.cpp:993     wifi report state is SendRealState
11:27:55      TMCU: D shelly_tmcu.cpp:520     Sending WiFi status 4
11:27:55      TMCU: D shelly_tmcu.cpp:890     TX: 0x03 v=3 [04] (Ready)
11:27:55      TMCU: D shelly_tmcu.cpp:598     RX: 0x03 v=3 [] (state Ready)
11:27:57      TMCU: D shelly_tmcu.cpp:598     RX: 0x00 v=3 [01] (state Ready)
11:27:57      TMCU: D shelly_tmcu.cpp:79      Tmcu Event 1 (0x3fca0e40)
11:28:07      TMCU: D shelly_tmcu.cpp:598     RX: 0x1c v=3 [] (state Ready)
11:28:07      TMCU: D shelly_tmcu.cpp:890     TX: 0x1c v=3 [011a09190b1c0a05] (Ready)
11:28:07      TMCU: D shelly_tmcu.cpp:598     RX: 0x24 v=3 [] (state Ready)
11:28:07      TMCU: D shelly_tmcu.cpp:890     TX: 0x24 v=3 [c7] (Ready)
11:28:12      TMCU: D shelly_tmcu.cpp:598     RX: 0x00 v=3 [01] (state Ready)
11:28:12      TMCU: D shelly_tmcu.cpp:79      Tmcu Event 1 (0x3fca0e40)
11:28:25      TMCU: D shelly_tmcu.cpp:993     wifi report state is SendRealState
11:28:25      TMCU: D shelly_tmcu.cpp:520     Sending WiFi status 4
11:28:25      TMCU: D shelly_tmcu.cpp:890     TX: 0x03 v=3 [04] (Ready)
11:28:25      TMCU: D shelly_tmcu.cpp:598     RX: 0x03 v=3 [] (state Ready)
11:28:27      TMCU: D shelly_tmcu.cpp:598     RX: 0x00 v=3 [01] (state Ready)
11:28:27      TMCU: D shelly_tmcu.cpp:79      Tmcu Event 1 (0x3fca0e40)
11:28:31      TMCU: D shelly_tmcu.cpp:598     RX: 0x24 v=3 [] (state Ready)
11:28:31      TMCU: D shelly_tmcu.cpp:890     TX: 0x24 v=3 [c7] (Ready)
11:28:40      TMCU: D shelly_tmcu.cpp:598     RX: 0x24 v=3 [] (state Ready)
11:28:40      TMCU: D shelly_tmcu.cpp:890     TX: 0x24 v=3 [c7] (Ready)
11:28:42      TMCU: D shelly_tmcu.cpp:598     RX: 0x00 v=3 [01] (state Ready)
11:28:42      TMCU: D shelly_tmcu.cpp:79      Tmcu Event 1 (0x3fca0e40)
11:28:53      TMCU: D shelly_tmcu.cpp:598     RX: 0x1c v=3 [] (state Ready)
11:28:53      TMCU: D shelly_tmcu.cpp:890     TX: 0x1c v=3 [011a09190b1c3705] (Ready)
11:28:53      TMCU: D shelly_tmcu.cpp:598     RX: 0x24 v=3 [] (state Ready)
11:28:53      TMCU: D shelly_tmcu.cpp:890     TX: 0x24 v=3 [c8] (Ready)
11:28:55      TMCU: D shelly_tmcu.cpp:993     wifi report state is SendRealState
11:28:55      TMCU: D shelly_tmcu.cpp:520     Sending WiFi status 4
11:28:55      TMCU: D shelly_tmcu.cpp:890     TX: 0x03 v=3 [04] (Ready)
11:28:55      TMCU: D shelly_tmcu.cpp:598     RX: 0x03 v=3 [] (state Ready)
11:28:57      TMCU: D shelly_tmcu.cpp:598     RX: 0x00 v=3 [01] (state Ready)
11:28:57      TMCU: D shelly_tmcu.cpp:79      Tmcu Event 1 (0x3fca0e40)
11:29:11      TMCU: D shelly_tmcu.cpp:598     RX: 0x1c v=3 [] (state Ready)
11:29:11      TMCU: D shelly_tmcu.cpp:890     TX: 0x1c v=3 [011a09190b1d0d05] (Ready)
11:29:11      TMCU: D shelly_tmcu.cpp:598     RX: 0x24 v=3 [] (state Ready)
11:29:11      TMCU: D shelly_tmcu.cpp:890     TX: 0x24 v=3 [c7] (Ready)
11:29:12      TMCU: D shelly_tmcu.cpp:598     RX: 0x00 v=3 [01] (state Ready)
11:29:12      TMCU: D shelly_tmcu.cpp:79      Tmcu Event 1 (0x3fca0e40)
11:29:25      TMCU: D shelly_tmcu.cpp:993     wifi report state is SendRealState
11:29:25      TMCU: D shelly_tmcu.cpp:520     Sending WiFi status 4
11:29:25      TMCU: D shelly_tmcu.cpp:890     TX: 0x03 v=3 [04] (Ready)
11:29:25      TMCU: D shelly_tmcu.cpp:598     RX: 0x03 v=3 [] (state Ready)
11:29:27      TMCU: D shelly_tmcu.cpp:598     RX: 0x00 v=3 [01] (state Ready)
11:29:27      TMCU: D shelly_tmcu.cpp:79      Tmcu Event 1 (0x3fca0e40)
11:29:38      TMCU: D shelly_tmcu.cpp:598     RX: 0x1c v=3 [] (state Ready)
11:29:38      TMCU: D shelly_tmcu.cpp:890     TX: 0x1c v=3 [011a09190b1d2805] (Ready)
11:29:38      TMCU: D shelly_tmcu.cpp:598     RX: 0x24 v=3 [] (state Ready)
11:29:38      TMCU: D shelly_tmcu.cpp:890     TX: 0x24 v=3 [c8] (Ready)
11:29:42      TMCU: D shelly_tmcu.cpp:598     RX: 0x00 v=3 [01] (state Ready)
11:29:42      TMCU: D shelly_tmcu.cpp:79      Tmcu Event 1 (0x3fca0e40)
11:29:55      TMCU: D shelly_tmcu.cpp:993     wifi report state is SendRealState
11:29:55      TMCU: D shelly_tmcu.cpp:520     Sending WiFi status 4
11:29:55      TMCU: D shelly_tmcu.cpp:890     TX: 0x03 v=3 [04] (Ready)
11:29:55      TMCU: D shelly_tmcu.cpp:598     RX: 0x03 v=3 [] (state Ready)
11:29:57      TMCU: D shelly_tmcu.cpp:598     RX: 0x00 v=3 [01] (state Ready)
11:29:57      TMCU: D shelly_tmcu.cpp:79      Tmcu Event 1 (0x3fca0e40)
11:30:01      TMCU: D shelly_tmcu.cpp:598     RX: 0x24 v=3 [] (state Ready)
11:30:01      TMCU: D shelly_tmcu.cpp:890     TX: 0x24 v=3 [c4] (Ready)
11:30:10      TMCU: D shelly_tmcu.cpp:598     RX: 0x24 v=3 [] (state Ready)
11:30:10      TMCU: D shelly_tmcu.cpp:890     TX: 0x24 v=3 [c6] (Ready)
11:30:12      TMCU: D shelly_tmcu.cpp:598     RX: 0x00 v=3 [01] (state Ready)
11:30:12      TMCU: D shelly_tmcu.cpp:79      Tmcu Event 1 (0x3fca0e40)
11:30:23      TMCU: D shelly_tmcu.cpp:598     RX: 0x1c v=3 [] (state Ready)
11:30:23      TMCU: D shelly_tmcu.cpp:890     TX: 0x1c v=3 [011a09190b1e1905] (Ready)
11:30:23      TMCU: D shelly_tmcu.cpp:598     RX: 0x24 v=3 [] (state Ready)
11:30:23      TMCU: D shelly_tmcu.cpp:890     TX: 0x24 v=3 [c9] (Ready)
11:30:25      TMCU: D shelly_tmcu.cpp:993     wifi report state is SendRealState
11:30:25      TMCU: D shelly_tmcu.cpp:520     Sending WiFi status 4
11:30:25      TMCU: D shelly_tmcu.cpp:890     TX: 0x03 v=3 [04] (Ready)
11:30:25      TMCU: D shelly_tmcu.cpp:598     RX: 0x03 v=3 [] (state Ready)
11:30:27      TMCU: D shelly_tmcu.cpp:598     RX: 0x00 v=3 [01] (state Ready)
11:30:27      TMCU: D shelly_tmcu.cpp:79      Tmcu Event 1 (0x3fca0e40)
11:30:41      TMCU: D shelly_tmcu.cpp:598     RX: 0x1c v=3 [] (state Ready)
11:30:41      TMCU: D shelly_tmcu.cpp:890     TX: 0x1c v=3 [011a09190b1e2b05] (Ready)
11:30:41      TMCU: D shelly_tmcu.cpp:598     RX: 0x24 v=3 [] (state Ready)
11:30:41      TMCU: D shelly_tmcu.cpp:890     TX: 0x24 v=3 [c9] (Ready)
11:30:42      TMCU: D shelly_tmcu.cpp:598     RX: 0x00 v=3 [01] (state Ready)
11:30:42      TMCU: D shelly_tmcu.cpp:79      Tmcu Event 1 (0x3fca0e40)
11:30:55      TMCU: D shelly_tmcu.cpp:993     wifi report state is SendRealState
11:30:55      TMCU: D shelly_tmcu.cpp:520     Sending WiFi status 4
11:30:55      TMCU: D shelly_tmcu.cpp:890     TX: 0x03 v=3 [04] (Ready)
11:30:55      TMCU: D shelly_tmcu.cpp:598     RX: 0x03 v=3 [] (state Ready)
11:30:57      TMCU: D shelly_tmcu.cpp:598     RX: 0x00 v=3 [01] (state Ready)
11:30:57      TMCU: D shelly_tmcu.cpp:79      Tmcu Event 1 (0x3fca0e40)
11:31:08      TMCU: D shelly_tmcu.cpp:598     RX: 0x1c v=3 [] (state Ready)
11:31:08      TMCU: D shelly_tmcu.cpp:890     TX: 0x1c v=3 [011a09190b1f0a05] (Ready)
11:31:08      TMCU: D shelly_tmcu.cpp:598     RX: 0x24 v=3 [] (state Ready)
11:31:08      TMCU: D shelly_tmcu.cpp:890     TX: 0x24 v=3 [c8] (Ready)
11:31:12      TMCU: D shelly_tmcu.cpp:598     RX: 0x00 v=3 [01] (state Ready)
11:31:12      TMCU: D shelly_tmcu.cpp:79      Tmcu Event 1 (0x3fca0e40)
11:31:25      TMCU: D shelly_tmcu.cpp:993     wifi report state is SendRealState
11:31:25      TMCU: D shelly_tmcu.cpp:520     Sending WiFi status 4
11:31:25      TMCU: D shelly_tmcu.cpp:890     TX: 0x03 v=3 [04] (Ready)
11:31:25      TMCU: D shelly_tmcu.cpp:598     RX: 0x03 v=3 [] (state Ready)
11:31:27      TMCU: D shelly_tmcu.cpp:598     RX: 0x00 v=3 [01] (state Ready)
11:31:27      TMCU: D shelly_tmcu.cpp:79      Tmcu Event 1 (0x3fca0e40)
11:31:31      TMCU: D shelly_tmcu.cpp:598     RX: 0x24 v=3 [] (state Ready)
11:31:31      TMCU: D shelly_tmcu.cpp:890     TX: 0x24 v=3 [c3] (Ready)
11:31:40      TMCU: D shelly_tmcu.cpp:598     RX: 0x24 v=3 [] (state Ready)
11:31:40      TMCU: D shelly_tmcu.cpp:890     TX: 0x24 v=3 [c0] (Ready)
11:31:42      TMCU: D shelly_tmcu.cpp:598     RX: 0x00 v=3 [01] (state Ready)
11:31:42      TMCU: D shelly_tmcu.cpp:79      Tmcu Event 1 (0x3fca0e40)
11:31:53      TMCU: D shelly_tmcu.cpp:598     RX: 0x1c v=3 [] (state Ready)
11:31:53      TMCU: D shelly_tmcu.cpp:890     TX: 0x1c v=3 [011a09190b1f3705] (Ready)
11:31:53      TMCU: D shelly_tmcu.cpp:598     RX: 0x24 v=3 [] (state Ready)
11:31:53      TMCU: D shelly_tmcu.cpp:890     TX: 0x24 v=3 [be] (Ready)
11:31:55      TMCU: D shelly_tmcu.cpp:993     wifi report state is SendRealState
11:31:55      TMCU: D shelly_tmcu.cpp:520     Sending WiFi status 4
11:31:55      TMCU: D shelly_tmcu.cpp:890     TX: 0x03 v=3 [04] (Ready)
11:31:55      TMCU: D shelly_tmcu.cpp:598     RX: 0x03 v=3 [] (state Ready)
11:31:57      TMCU: D shelly_tmcu.cpp:598     RX: 0x00 v=3 [01] (state Ready)
11:31:57      TMCU: D shelly_tmcu.cpp:79      Tmcu Event 1 (0x3fca0e40)
11:32:11      TMCU: D shelly_tmcu.cpp:598     RX: 0x1c v=3 [] (state Ready)
11:32:11      TMCU: D shelly_tmcu.cpp:890     TX: 0x1c v=3 [011a09190b200d05] (Ready)
11:32:11      TMCU: D shelly_tmcu.cpp:598     RX: 0x24 v=3 [] (state Ready)
11:32:11      TMCU: D shelly_tmcu.cpp:890     TX: 0x24 v=3 [b8] (Ready)
11:32:12      TMCU: D shelly_tmcu.cpp:598     RX: 0x00 v=3 [01] (state Ready)
11:32:12      TMCU: D shelly_tmcu.cpp:79      Tmcu Event 1 (0x3fca0e40)
11:32:25      TMCU: D shelly_tmcu.cpp:993     wifi report state is SendRealState
11:32:25      TMCU: D shelly_tmcu.cpp:520     Sending WiFi status 4
11:32:25      TMCU: D shelly_tmcu.cpp:890     TX: 0x03 v=3 [04] (Ready)
11:32:25      TMCU: D shelly_tmcu.cpp:598     RX: 0x03 v=3 [] (state Ready)
11:32:27      TMCU: D shelly_tmcu.cpp:598     RX: 0x00 v=3 [01] (state Ready)
11:32:27      TMCU: D shelly_tmcu.cpp:79      Tmcu Event 1 (0x3fca0e40)
11:32:38      TMCU: D shelly_tmcu.cpp:598     RX: 0x1c v=3 [] (state Ready)
11:32:38      TMCU: D shelly_tmcu.cpp:890     TX: 0x1c v=3 [011a09190b202805] (Ready)
11:32:38      TMCU: D shelly_tmcu.cpp:598     RX: 0x24 v=3 [] (state Ready)
11:32:38      TMCU: D shelly_tmcu.cpp:890     TX: 0x24 v=3 [c2] (Ready)
11:32:42      TMCU: D shelly_tmcu.cpp:598     RX: 0x00 v=3 [01] (state Ready)
11:32:42      TMCU: D shelly_tmcu.cpp:79      Tmcu Event 1 (0x3fca0e40)
11:32:55      TMCU: D shelly_tmcu.cpp:993     wifi report state is SendRealState
11:32:55      TMCU: D shelly_tmcu.cpp:520     Sending WiFi status 4
11:32:55      TMCU: D shelly_tmcu.cpp:890     TX: 0x03 v=3 [04] (Ready)
11:32:55      TMCU: D shelly_tmcu.cpp:598     RX: 0x03 v=3 [] (state Ready)
11:32:57      TMCU: D shelly_tmcu.cpp:598     RX: 0x00 v=3 [01] (state Ready)
11:32:57      TMCU: D shelly_tmcu.cpp:79      Tmcu Event 1 (0x3fca0e40)
11:33:02      TMCU: D shelly_tmcu.cpp:598     RX: 0x24 v=3 [] (state Ready)
11:33:02      TMCU: D shelly_tmcu.cpp:890     TX: 0x24 v=3 [c6] (Ready)
11:33:11      TMCU: D shelly_tmcu.cpp:598     RX: 0x24 v=3 [] (state Ready)
11:33:11      TMCU: D shelly_tmcu.cpp:890     TX: 0x24 v=3 [c7] (Ready)
11:33:12      TMCU: D shelly_tmcu.cpp:598     RX: 0x00 v=3 [01] (state Ready)
11:33:12      TMCU: D shelly_tmcu.cpp:79      Tmcu Event 1 (0x3fca0e40)
11:33:23      TMCU: D shelly_tmcu.cpp:598     RX: 0x1c v=3 [] (state Ready)
11:33:23      TMCU: D shelly_tmcu.cpp:890     TX: 0x1c v=3 [011a09190b211905] (Ready)
11:33:23      TMCU: D shelly_tmcu.cpp:598     RX: 0x24 v=3 [] (state Ready)
11:33:23      TMCU: D shelly_tmcu.cpp:890     TX: 0x24 v=3 [c9] (Ready)
11:33:25      TMCU: D shelly_tmcu.cpp:993     wifi report state is SendRealState
11:33:25      TMCU: D shelly_tmcu.cpp:520     Sending WiFi status 4
11:33:25      TMCU: D shelly_tmcu.cpp:890     TX: 0x03 v=3 [04] (Ready)
11:33:25      TMCU: D shelly_tmcu.cpp:598     RX: 0x03 v=3 [] (state Ready)
11:33:27      TMCU: D shelly_tmcu.cpp:598     RX: 0x00 v=3 [01] (state Ready)
11:33:27      TMCU: D shelly_tmcu.cpp:79      Tmcu Event 1 (0x3fca0e40)
11:33:34      TMCU: D shelly_tmcu.cpp:598     RX: 0x07 v=3 [1802000400000013] (state Ready)
11:33:34      TMCU: D shelly_tmcu.cpp:862     same int 24 = 19
11:33:41      TMCU: D shelly_tmcu.cpp:598     RX: 0x1c v=3 [] (state Ready)
11:33:41      TMCU: D shelly_tmcu.cpp:890     TX: 0x1c v=3 [011a09190b212b05] (Ready)
11:33:41      TMCU: D shelly_tmcu.cpp:598     RX: 0x24 v=3 [] (state Ready)
11:33:41      TMCU: D shelly_tmcu.cpp:890     TX: 0x24 v=3 [c8] (Ready)
11:33:42      TMCU: D shelly_tmcu.cpp:598     RX: 0x00 v=3 [01] (state Ready)
11:33:42      TMCU: D shelly_tmcu.cpp:79      Tmcu Event 1 (0x3fca0e40)
11:33:55      TMCU: D shelly_tmcu.cpp:993     wifi report state is SendRealState
11:33:55      TMCU: D shelly_tmcu.cpp:520     Sending WiFi status 4
11:33:55      TMCU: D shelly_tmcu.cpp:890     TX: 0x03 v=3 [04] (Ready)
11:33:55      TMCU: D shelly_tmcu.cpp:598     RX: 0x03 v=3 [] (state Ready)
11:33:57      TMCU: D shelly_tmcu.cpp:598     RX: 0x00 v=3 [01] (state Ready)
11:33:57      TMCU: D shelly_tmcu.cpp:79      Tmcu Event 1 (0x3fca0e40)
11:34:08      TMCU: D shelly_tmcu.cpp:598     RX: 0x1c v=3 [] (state Ready)
11:34:08      TMCU: D shelly_tmcu.cpp:890     TX: 0x1c v=3 [011a09190b220b05] (Ready)
11:34:08      TMCU: D shelly_tmcu.cpp:598     RX: 0x24 v=3 [] (state Ready)
11:34:08      TMCU: D shelly_tmcu.cpp:890     TX: 0x24 v=3 [c8] (Ready)
11:34:12      TMCU: D shelly_tmcu.cpp:598     RX: 0x00 v=3 [01] (state Ready)
11:34:12      TMCU: D shelly_tmcu.cpp:79      Tmcu Event 1 (0x3fca0e40)
11:34:25      TMCU: D shelly_tmcu.cpp:993     wifi report state is SendRealState
11:34:25      TMCU: D shelly_tmcu.cpp:520     Sending WiFi status 4
11:34:25      TMCU: D shelly_tmcu.cpp:890     TX: 0x03 v=3 [04] (Ready)
11:34:25      TMCU: D shelly_tmcu.cpp:598     RX: 0x03 v=3 [] (state Ready)
11:34:27      TMCU: D shelly_tmcu.cpp:598     RX: 0x00 v=3 [01] (state Ready)
11:34:27      TMCU: D shelly_tmcu.cpp:79      Tmcu Event 1 (0x3fca0e40)
11:34:32      TMCU: D shelly_tmcu.cpp:598     RX: 0x24 v=3 [] (state Ready)
11:34:32      TMCU: D shelly_tmcu.cpp:890     TX: 0x24 v=3 [c8] (Ready)
11:34:41      TMCU: D shelly_tmcu.cpp:598     RX: 0x24 v=3 [] (state Ready)
11:34:41      TMCU: D shelly_tmcu.cpp:890     TX: 0x24 v=3 [c9] (Ready)
11:34:42      TMCU: D shelly_tmcu.cpp:598     RX: 0x00 v=3 [01] (state Ready)
11:34:42      TMCU: D shelly_tmcu.cpp:79      Tmcu Event 1 (0x3fca0e40)
11:34:54      TMCU: D shelly_tmcu.cpp:598     RX: 0x1c v=3 [] (state Ready)
11:34:54      TMCU: D shelly_tmcu.cpp:890     TX: 0x1c v=3 [011a09190b223805] (Ready)
11:34:54      TMCU: D shelly_tmcu.cpp:598     RX: 0x24 v=3 [] (state Ready)
11:34:54      TMCU: D shelly_tmcu.cpp:890     TX: 0x24 v=3 [c7] (Ready)
11:34:55      TMCU: D shelly_tmcu.cpp:993     wifi report state is SendRealState
11:34:55      TMCU: D shelly_tmcu.cpp:520     Sending WiFi status 4
11:34:55      TMCU: D shelly_tmcu.cpp:890     TX: 0x03 v=3 [04] (Ready)
11:34:55      TMCU: D shelly_tmcu.cpp:598     RX: 0x03 v=3 [] (state Ready)
11:34:57      TMCU: D shelly_tmcu.cpp:598     RX: 0x00 v=3 [01] (state Ready)
11:34:57      TMCU: D shelly_tmcu.cpp:79      Tmcu Event 1 (0x3fca0e40)
11:35:12      TMCU: D shelly_tmcu.cpp:598     RX: 0x1c v=3 [] (state Ready)
11:35:12      TMCU: D shelly_tmcu.cpp:890     TX: 0x1c v=3 [011a09190b230e05] (Ready)
11:35:12      TMCU: D shelly_tmcu.cpp:598     RX: 0x24 v=3 [] (state Ready)
11:35:12      TMCU: D shelly_tmcu.cpp:890     TX: 0x24 v=3 [c7] (Ready)
11:35:12      TMCU: D shelly_tmcu.cpp:598     RX: 0x00 v=3 [01] (state Ready)
11:35:12      TMCU: D shelly_tmcu.cpp:79      Tmcu Event 1 (0x3fca0e40)
11:35:25      TMCU: D shelly_tmcu.cpp:993     wifi report state is SendRealState
11:35:25      TMCU: D shelly_tmcu.cpp:520     Sending WiFi status 4
11:35:25      TMCU: D shelly_tmcu.cpp:890     TX: 0x03 v=3 [04] (Ready)
11:35:25      TMCU: D shelly_tmcu.cpp:598     RX: 0x03 v=3 [] (state Ready)
11:35:27      TMCU: D shelly_tmcu.cpp:598     RX: 0x00 v=3 [01] (state Ready)
11:35:27      TMCU: D shelly_tmcu.cpp:79      Tmcu Event 1 (0x3fca0e40)
11:35:39      TMCU: D shelly_tmcu.cpp:598     RX: 0x1c v=3 [] (state Ready)
11:35:39      TMCU: D shelly_tmcu.cpp:890     TX: 0x1c v=3 [011a09190b232905] (Ready)
11:35:39      TMCU: D shelly_tmcu.cpp:598     RX: 0x24 v=3 [] (state Ready)
11:35:39      TMCU: D shelly_tmcu.cpp:890     TX: 0x24 v=3 [c7] (Ready)
11:35:42      TMCU: D shelly_tmcu.cpp:598     RX: 0x00 v=3 [01] (state Ready)
11:35:42      TMCU: D shelly_tmcu.cpp:79      Tmcu Event 1 (0x3fca0e40)
11:35:55      TMCU: D shelly_tmcu.cpp:993     wifi report state is SendRealState
11:35:55      TMCU: D shelly_tmcu.cpp:520     Sending WiFi status 4
11:35:55      TMCU: D shelly_tmcu.cpp:890     TX: 0x03 v=3 [04] (Ready)
11:35:55      TMCU: D shelly_tmcu.cpp:598     RX: 0x03 v=3 [] (state Ready)
11:35:57      TMCU: D shelly_tmcu.cpp:598     RX: 0x00 v=3 [01] (state Ready)
11:35:57      TMCU: D shelly_tmcu.cpp:79      Tmcu Event 1 (0x3fca0e40)
11:36:02      TMCU: D shelly_tmcu.cpp:598     RX: 0x24 v=3 [] (state Ready)
11:36:02      TMCU: D shelly_tmcu.cpp:890     TX: 0x24 v=3 [c7] (Ready)
11:36:11      TMCU: D shelly_tmcu.cpp:598     RX: 0x24 v=3 [] (state Ready)
11:36:11      TMCU: D shelly_tmcu.cpp:890     TX: 0x24 v=3 [c8] (Ready)
11:36:12      TMCU: D shelly_tmcu.cpp:598     RX: 0x00 v=3 [01] (state Ready)
11:36:12      TMCU: D shelly_tmcu.cpp:79      Tmcu Event 1 (0x3fca0e40)
11:36:24      TMCU: D shelly_tmcu.cpp:598     RX: 0x1c v=3 [] (state Ready)
11:36:24      TMCU: D shelly_tmcu.cpp:890     TX: 0x1c v=3 [011a09190b241a05] (Ready)
11:36:24      TMCU: D shelly_tmcu.cpp:598     RX: 0x24 v=3 [] (state Ready)
11:36:24      TMCU: D shelly_tmcu.cpp:890     TX: 0x24 v=3 [c8] (Ready)
11:36:25      TMCU: D shelly_tmcu.cpp:993     wifi report state is SendRealState
11:36:25      TMCU: D shelly_tmcu.cpp:520     Sending WiFi status 4
11:36:25      TMCU: D shelly_tmcu.cpp:890     TX: 0x03 v=3 [04] (Ready)
11:36:25      TMCU: D shelly_tmcu.cpp:598     RX: 0x03 v=3 [] (state Ready)
11:36:27      TMCU: D shelly_tmcu.cpp:598     RX: 0x00 v=3 [01] (state Ready)
11:36:27      TMCU: D shelly_tmcu.cpp:79      Tmcu Event 1 (0x3fca0e40)
11:36:42      TMCU: D shelly_tmcu.cpp:598     RX: 0x1c v=3 [] (state Ready)
11:36:42      TMCU: D shelly_tmcu.cpp:890     TX: 0x1c v=3 [011a09190b242c05] (Ready)
11:36:42      TMCU: D shelly_tmcu.cpp:598     RX: 0x00 v=3 [01] (state Ready)
11:36:42      TMCU: D shelly_tmcu.cpp:79      Tmcu Event 1 (0x3fca0e40)
11:36:42      TMCU: D shelly_tmcu.cpp:598     RX: 0x24 v=3 [] (state Ready)
11:36:42      TMCU: D shelly_tmcu.cpp:890     TX: 0x24 v=3 [c7] (Ready)
11:36:55      TMCU: D shelly_tmcu.cpp:993     wifi report state is SendRealState
11:36:55      TMCU: D shelly_tmcu.cpp:520     Sending WiFi status 4
11:36:55      TMCU: D shelly_tmcu.cpp:890     TX: 0x03 v=3 [04] (Ready)
11:36:55      TMCU: D shelly_tmcu.cpp:598     RX: 0x03 v=3 [] (state Ready)
11:36:57      TMCU: D shelly_tmcu.cpp:598     RX: 0x00 v=3 [01] (state Ready)
11:36:57      TMCU: D shelly_tmcu.cpp:79      Tmcu Event 1 (0x3fca0e40)
11:37:09      TMCU: D shelly_tmcu.cpp:598     RX: 0x1c v=3 [] (state Ready)
11:37:09      TMCU: D shelly_tmcu.cpp:890     TX: 0x1c v=3 [011a09190b250b05] (Ready)
11:37:09      TMCU: D shelly_tmcu.cpp:598     RX: 0x24 v=3 [] (state Ready)
11:37:09      TMCU: D shelly_tmcu.cpp:890     TX: 0x24 v=3 [ca] (Ready)
11:37:12      TMCU: D shelly_tmcu.cpp:598     RX: 0x00 v=3 [01] (state Ready)
11:37:12      TMCU: D shelly_tmcu.cpp:79      Tmcu Event 1 (0x3fca0e40)
11:37:25      TMCU: D shelly_tmcu.cpp:993     wifi report state is SendRealState
11:37:25      TMCU: D shelly_tmcu.cpp:520     Sending WiFi status 4
11:37:25      TMCU: D shelly_tmcu.cpp:890     TX: 0x03 v=3 [04] (Ready)
11:37:25      TMCU: D shelly_tmcu.cpp:598     RX: 0x03 v=3 [] (state Ready)
11:37:27      TMCU: D shelly_tmcu.cpp:598     RX: 0x00 v=3 [01] (state Ready)
11:37:27      TMCU: D shelly_tmcu.cpp:79      Tmcu Event 1 (0x3fca0e40)
11:37:32      TMCU: D shelly_tmcu.cpp:598     RX: 0x24 v=3 [] (state Ready)
11:37:32      TMCU: D shelly_tmcu.cpp:890     TX: 0x24 v=3 [cb] (Ready)
11:37:41      TMCU: D shelly_tmcu.cpp:598     RX: 0x24 v=3 [] (state Ready)
11:37:41      TMCU: D shelly_tmcu.cpp:890     TX: 0x24 v=3 [c8] (Ready)
11:37:42      TMCU: D shelly_tmcu.cpp:598     RX: 0x00 v=3 [01] (state Ready)
11:37:42      TMCU: D shelly_tmcu.cpp:79      Tmcu Event 1 (0x3fca0e40)
11:37:54      TMCU: D shelly_tmcu.cpp:598     RX: 0x1c v=3 [] (state Ready)
11:37:54      TMCU: D shelly_tmcu.cpp:890     TX: 0x1c v=3 [011a09190b253805] (Ready)
11:37:54      TMCU: D shelly_tmcu.cpp:598     RX: 0x24 v=3 [] (state Ready)
11:37:54      TMCU: D shelly_tmcu.cpp:890     TX: 0x24 v=3 [ca] (Ready)
11:37:55      TMCU: D shelly_tmcu.cpp:993     wifi report state is SendRealState
11:37:55      TMCU: D shelly_tmcu.cpp:520     Sending WiFi status 4
11:37:55      TMCU: D shelly_tmcu.cpp:890     TX: 0x03 v=3 [04] (Ready)
11:37:55      TMCU: D shelly_tmcu.cpp:598     RX: 0x03 v=3 [] (state Ready)
11:37:57      TMCU: D shelly_tmcu.cpp:598     RX: 0x00 v=3 [01] (state Ready)
11:37:57      TMCU: D shelly_tmcu.cpp:79      Tmcu Event 1 (0x3fca0e40)
11:38:12      TMCU: D shelly_tmcu.cpp:598     RX: 0x00 v=3 [01] (state Ready)
11:38:12      TMCU: D shelly_tmcu.cpp:79      Tmcu Event 1 (0x3fca0e40)
11:38:12      TMCU: D shelly_tmcu.cpp:598     RX: 0x1c v=3 [] (state Ready)
11:38:12      TMCU: D shelly_tmcu.cpp:890     TX: 0x1c v=3 [011a09190b260e05] (Ready)
11:38:12      TMCU: D shelly_tmcu.cpp:598     RX: 0x24 v=3 [] (state Ready)
11:38:12      TMCU: D shelly_tmcu.cpp:890     TX: 0x24 v=3 [ca] (Ready)
11:38:25      TMCU: D shelly_tmcu.cpp:993     wifi report state is SendRealState
11:38:25      TMCU: D shelly_tmcu.cpp:520     Sending WiFi status 4
11:38:25      TMCU: D shelly_tmcu.cpp:890     TX: 0x03 v=3 [04] (Ready)
11:38:25      TMCU: D shelly_tmcu.cpp:598     RX: 0x03 v=3 [] (state Ready)
11:38:27      TMCU: D shelly_tmcu.cpp:598     RX: 0x00 v=3 [01] (state Ready)
11:38:27      TMCU: D shelly_tmcu.cpp:79      Tmcu Event 1 (0x3fca0e40)
11:38:39      TMCU: D shelly_tmcu.cpp:598     RX: 0x1c v=3 [] (state Ready)
11:38:39      TMCU: D shelly_tmcu.cpp:890     TX: 0x1c v=3 [011a09190b262905] (Ready)
11:38:39      TMCU: D shelly_tmcu.cpp:598     RX: 0x24 v=3 [] (state Ready)
11:38:39      TMCU: D shelly_tmcu.cpp:890     TX: 0x24 v=3 [ca] (Ready)
11:38:42      TMCU: D shelly_tmcu.cpp:598     RX: 0x00 v=3 [01] (state Ready)
11:38:42      TMCU: D shelly_tmcu.cpp:79      Tmcu Event 1 (0x3fca0e40)
11:38:55      TMCU: D shelly_tmcu.cpp:993     wifi report state is SendRealState
11:38:55      TMCU: D shelly_tmcu.cpp:520     Sending WiFi status 4
11:38:55      TMCU: D shelly_tmcu.cpp:890     TX: 0x03 v=3 [04] (Ready)
11:38:55      TMCU: D shelly_tmcu.cpp:598     RX: 0x03 v=3 [] (state Ready)
11:38:57      TMCU: D shelly_tmcu.cpp:598     RX: 0x00 v=3 [01] (state Ready)
11:38:57      TMCU: D shelly_tmcu.cpp:79      Tmcu Event 1 (0x3fca0e40)
11:39:03      TMCU: D shelly_tmcu.cpp:598     RX: 0x24 v=3 [] (state Ready)
11:39:03      TMCU: D shelly_tmcu.cpp:890     TX: 0x24 v=3 [c8] (Ready)
11:39:12      TMCU: D shelly_tmcu.cpp:598     RX: 0x24 v=3 [] (state Ready)
11:39:12      TMCU: D shelly_tmcu.cpp:890     TX: 0x24 v=3 [cd] (Ready)
11:39:12      TMCU: D shelly_tmcu.cpp:598     RX: 0x00 v=3 [01] (state Ready)
11:39:12      TMCU: D shelly_tmcu.cpp:79      Tmcu Event 1 (0x3fca0e40)
11:39:24      TMCU: D shelly_tmcu.cpp:598     RX: 0x1c v=3 [] (state Ready)
11:39:24      TMCU: D shelly_tmcu.cpp:890     TX: 0x1c v=3 [011a09190b271a05] (Ready)
11:39:24      TMCU: D shelly_tmcu.cpp:598     RX: 0x24 v=3 [] (state Ready)
11:39:24      TMCU: D shelly_tmcu.cpp:890     TX: 0x24 v=3 [c8] (Ready)
11:39:25      TMCU: D shelly_tmcu.cpp:993     wifi report state is SendRealState
11:39:25      TMCU: D shelly_tmcu.cpp:520     Sending WiFi status 4
11:39:25      TMCU: D shelly_tmcu.cpp:890     TX: 0x03 v=3 [04] (Ready)
11:39:25      TMCU: D shelly_tmcu.cpp:598     RX: 0x03 v=3 [] (state Ready)
11:39:27      TMCU: D shelly_tmcu.cpp:598     RX: 0x00 v=3 [01] (state Ready)
11:39:27      TMCU: D shelly_tmcu.cpp:79      Tmcu Event 1 (0x3fca0e40)
11:39:42      TMCU: D shelly_tmcu.cpp:598     RX: 0x00 v=3 [01] (state Ready)
11:39:42      TMCU: D shelly_tmcu.cpp:79      Tmcu Event 1 (0x3fca0e40)
11:39:42      TMCU: D shelly_tmcu.cpp:598     RX: 0x1c v=3 [] (state Ready)
11:39:42      TMCU: D shelly_tmcu.cpp:890     TX: 0x1c v=3 [011a09190b272c05] (Ready)
11:39:42      TMCU: D shelly_tmcu.cpp:598     RX: 0x24 v=3 [] (state Ready)
11:39:42      TMCU: D shelly_tmcu.cpp:890     TX: 0x24 v=3 [cb] (Ready)
11:39:55      TMCU: D shelly_tmcu.cpp:993     wifi report state is SendRealState
11:39:55      TMCU: D shelly_tmcu.cpp:520     Sending WiFi status 4
11:39:55      TMCU: D shelly_tmcu.cpp:890     TX: 0x03 v=3 [04] (Ready)
11:39:55      TMCU: D shelly_tmcu.cpp:598     RX: 0x03 v=3 [] (state Ready)
11:39:55      TMCU: D shelly_tmcu.cpp:598     RX: 0x07 v=3 [1802000400000013] (state Ready)
11:39:55      TMCU: D shelly_tmcu.cpp:862     same int 24 = 19
11:39:57      TMCU: D shelly_tmcu.cpp:598     RX: 0x00 v=3 [01] (state Ready)
11:39:57      TMCU: D shelly_tmcu.cpp:79      Tmcu Event 1 (0x3fca0e40)
11:40:09      TMCU: D shelly_tmcu.cpp:598     RX: 0x1c v=3 [] (state Ready)
11:40:09      TMCU: D shelly_tmcu.cpp:890     TX: 0x1c v=3 [011a09190b280c05] (Ready)
11:40:09      TMCU: D shelly_tmcu.cpp:598     RX: 0x24 v=3 [] (state Ready)
11:40:09      TMCU: D shelly_tmcu.cpp:890     TX: 0x24 v=3 [c9] (Ready)
11:40:12      TMCU: D shelly_tmcu.cpp:598     RX: 0x00 v=3 [01] (state Ready)
11:40:12      TMCU: D shelly_tmcu.cpp:79      Tmcu Event 1 (0x3fca0e40)
11:40:25      TMCU: D shelly_tmcu.cpp:993     wifi report state is SendRealState
11:40:25      TMCU: D shelly_tmcu.cpp:520     Sending WiFi status 4
11:40:25      TMCU: D shelly_tmcu.cpp:890     TX: 0x03 v=3 [04] (Ready)
11:40:25      TMCU: D shelly_tmcu.cpp:598     RX: 0x03 v=3 [] (state Ready)
11:40:27      TMCU: D shelly_tmcu.cpp:598     RX: 0x00 v=3 [01] (state Ready)
11:40:27      TMCU: D shelly_tmcu.cpp:79      Tmcu Event 1 (0x3fca0e40)
11:40:33      TMCU: D shelly_tmcu.cpp:598     RX: 0x24 v=3 [] (state Ready)
11:40:33      TMCU: D shelly_tmcu.cpp:890     TX: 0x24 v=3 [cb] (Ready)
11:40:42      TMCU: D shelly_tmcu.cpp:598     RX: 0x00 v=3 [01] (state Ready)
11:40:42      TMCU: D shelly_tmcu.cpp:79      Tmcu Event 1 (0x3fca0e40)
11:40:42      TMCU: D shelly_tmcu.cpp:598     RX: 0x24 v=3 [] (state Ready)
11:40:42      TMCU: D shelly_tmcu.cpp:890     TX: 0x24 v=3 [c9] (Ready)
11:40:55      TMCU: D shelly_tmcu.cpp:598     RX: 0x1c v=3 [] (state Ready)
11:40:55      TMCU: D shelly_tmcu.cpp:890     TX: 0x1c v=3 [011a09190b283905] (Ready)
11:40:55      TMCU: D shelly_tmcu.cpp:598     RX: 0x24 v=3 [] (state Ready)
11:40:55      TMCU: D shelly_tmcu.cpp:890     TX: 0x24 v=3 [ca] (Ready)
11:40:55      TMCU: D shelly_tmcu.cpp:993     wifi report state is SendRealState
11:40:55      TMCU: D shelly_tmcu.cpp:520     Sending WiFi status 4
11:40:55      TMCU: D shelly_tmcu.cpp:890     TX: 0x03 v=3 [04] (Ready)
11:40:55      TMCU: D shelly_tmcu.cpp:598     RX: 0x03 v=3 [] (state Ready)
11:40:57      TMCU: D shelly_tmcu.cpp:598     RX: 0x00 v=3 [01] (state Ready)
11:40:57      TMCU: D shelly_tmcu.cpp:79      Tmcu Event 1 (0x3fca0e40)
11:41:12      TMCU: D shelly_tmcu.cpp:598     RX: 0x00 v=3 [01] (state Ready)
11:41:12      TMCU: D shelly_tmcu.cpp:79      Tmcu Event 1 (0x3fca0e40)
11:41:13      TMCU: D shelly_tmcu.cpp:598     RX: 0x1c v=3 [] (state Ready)
11:41:13      TMCU: D shelly_tmcu.cpp:890     TX: 0x1c v=3 [011a09190b290f05] (Ready)
11:41:13      TMCU: D shelly_tmcu.cpp:598     RX: 0x24 v=3 [] (state Ready)
11:41:13      TMCU: D shelly_tmcu.cpp:890     TX: 0x24 v=3 [c8] (Ready)
11:41:25      TMCU: D shelly_tmcu.cpp:993     wifi report state is SendRealState
11:41:25      TMCU: D shelly_tmcu.cpp:520     Sending WiFi status 4
11:41:25      TMCU: D shelly_tmcu.cpp:890     TX: 0x03 v=3 [04] (Ready)
11:41:25      TMCU: D shelly_tmcu.cpp:598     RX: 0x03 v=3 [] (state Ready)
11:41:27      TMCU: D shelly_tmcu.cpp:598     RX: 0x00 v=3 [01] (state Ready)
11:41:27      TMCU: D shelly_tmcu.cpp:79      Tmcu Event 1 (0x3fca0e40)
11:41:40      TMCU: D shelly_tmcu.cpp:598     RX: 0x1c v=3 [] (state Ready)
11:41:40      TMCU: D shelly_tmcu.cpp:890     TX: 0x1c v=3 [011a09190b292a05] (Ready)
11:41:40      TMCU: D shelly_tmcu.cpp:598     RX: 0x24 v=3 [] (state Ready)
11:41:40      TMCU: D shelly_tmcu.cpp:890     TX: 0x24 v=3 [ca] (Ready)
11:41:42      TMCU: D shelly_tmcu.cpp:598     RX: 0x00 v=3 [01] (state Ready)
11:41:42      TMCU: D shelly_tmcu.cpp:79      Tmcu Event 1 (0x3fca0e40)
11:41:55      TMCU: D shelly_tmcu.cpp:993     wifi report state is SendRealState
11:41:55      TMCU: D shelly_tmcu.cpp:520     Sending WiFi status 4
11:41:55      TMCU: D shelly_tmcu.cpp:890     TX: 0x03 v=3 [04] (Ready)
11:41:55      TMCU: D shelly_tmcu.cpp:598     RX: 0x03 v=3 [] (state Ready)
11:41:57      TMCU: D shelly_tmcu.cpp:598     RX: 0x00 v=3 [01] (state Ready)
11:41:57      TMCU: D shelly_tmcu.cpp:79      Tmcu Event 1 (0x3fca0e40)
11:42:03      TMCU: D shelly_tmcu.cpp:598     RX: 0x24 v=3 [] (state Ready)
11:42:03      TMCU: D shelly_tmcu.cpp:890     TX: 0x24 v=3 [c8] (Ready)
11:42:12      TMCU: D shelly_tmcu.cpp:598     RX: 0x00 v=3 [01] (state Ready)
11:42:12      TMCU: D shelly_tmcu.cpp:79      Tmcu Event 1 (0x3fca0e40)
11:42:12      TMCU: D shelly_tmcu.cpp:598     RX: 0x24 v=3 [] (state Ready)
11:42:12      TMCU: D shelly_tmcu.cpp:890     TX: 0x24 v=3 [c8] (Ready)
11:42:25      TMCU: D shelly_tmcu.cpp:598     RX: 0x1c v=3 [] (state Ready)
11:42:25      TMCU: D shelly_tmcu.cpp:890     TX: 0x1c v=3 [011a09190b2a1b05] (Ready)
11:42:25      TMCU: D shelly_tmcu.cpp:598     RX: 0x24 v=3 [] (state Ready)
11:42:25      TMCU: D shelly_tmcu.cpp:890     TX: 0x24 v=3 [ca] (Ready)
11:42:25      TMCU: D shelly_tmcu.cpp:993     wifi report state is SendRealState
11:42:25      TMCU: D shelly_tmcu.cpp:520     Sending WiFi status 4
11:42:25      TMCU: D shelly_tmcu.cpp:890     TX: 0x03 v=3 [04] (Ready)
11:42:25      TMCU: D shelly_tmcu.cpp:598     RX: 0x03 v=3 [] (state Ready)
11:42:27      TMCU: D shelly_tmcu.cpp:598     RX: 0x00 v=3 [01] (state Ready)
11:42:27      TMCU: D shelly_tmcu.cpp:79      Tmcu Event 1 (0x3fca0e40)
11:42:42      TMCU: D shelly_tmcu.cpp:598     RX: 0x00 v=3 [01] (state Ready)
11:42:42      TMCU: D shelly_tmcu.cpp:79      Tmcu Event 1 (0x3fca0e40)
11:42:43      TMCU: D shelly_tmcu.cpp:598     RX: 0x1c v=3 [] (state Ready)
11:42:43      TMCU: D shelly_tmcu.cpp:890     TX: 0x1c v=3 [011a09190b2a2d05] (Ready)
11:42:43      TMCU: D shelly_tmcu.cpp:598     RX: 0x24 v=3 [] (state Ready)
11:42:43      TMCU: D shelly_tmcu.cpp:890     TX: 0x24 v=3 [cb] (Ready)
11:42:55      TMCU: D shelly_tmcu.cpp:993     wifi report state is SendRealState
11:42:55      TMCU: D shelly_tmcu.cpp:520     Sending WiFi status 4
11:42:55      TMCU: D shelly_tmcu.cpp:890     TX: 0x03 v=3 [04] (Ready)
11:42:55      TMCU: D shelly_tmcu.cpp:598     RX: 0x03 v=3 [] (state Ready)
11:42:57      TMCU: D shelly_tmcu.cpp:598     RX: 0x00 v=3 [01] (state Ready)
11:42:57      TMCU: D shelly_tmcu.cpp:79      Tmcu Event 1 (0x3fca0e40)
11:43:10      TMCU: D shelly_tmcu.cpp:598     RX: 0x1c v=3 [] (state Ready)
11:43:10      TMCU: D shelly_tmcu.cpp:890     TX: 0x1c v=3 [011a09190b2b0c05] (Ready)
11:43:10      TMCU: D shelly_tmcu.cpp:598     RX: 0x24 v=3 [] (state Ready)
11:43:10      TMCU: D shelly_tmcu.cpp:890     TX: 0x24 v=3 [c8] (Ready)
11:43:12      TMCU: D shelly_tmcu.cpp:598     RX: 0x00 v=3 [01] (state Ready)
11:43:12      TMCU: D shelly_tmcu.cpp:79      Tmcu Event 1 (0x3fca0e40)
11:43:25      TMCU: D shelly_tmcu.cpp:993     wifi report state is SendRealState
11:43:25      TMCU: D shelly_tmcu.cpp:520     Sending WiFi status 4
11:43:25      TMCU: D shelly_tmcu.cpp:890     TX: 0x03 v=3 [04] (Ready)
11:43:25      TMCU: D shelly_tmcu.cpp:598     RX: 0x03 v=3 [] (state Ready)
11:43:27      TMCU: D shelly_tmcu.cpp:598     RX: 0x00 v=3 [01] (state Ready)
11:43:27      TMCU: D shelly_tmcu.cpp:79      Tmcu Event 1 (0x3fca0e40)
11:43:33      TMCU: D shelly_tmcu.cpp:598     RX: 0x24 v=3 [] (state Ready)
11:43:33      TMCU: D shelly_tmcu.cpp:890     TX: 0x24 v=3 [c9] (Ready)
11:43:42      TMCU: D shelly_tmcu.cpp:598     RX: 0x00 v=3 [01] (state Ready)
11:43:42      TMCU: D shelly_tmcu.cpp:79      Tmcu Event 1 (0x3fca0e40)
11:43:42      TMCU: D shelly_tmcu.cpp:598     RX: 0x24 v=3 [] (state Ready)
11:43:42      TMCU: D shelly_tmcu.cpp:890     TX: 0x24 v=3 [c9] (Ready)
11:43:55      TMCU: D shelly_tmcu.cpp:993     wifi report state is SendRealState
11:43:55      TMCU: D shelly_tmcu.cpp:520     Sending WiFi status 4
11:43:55      TMCU: D shelly_tmcu.cpp:890     TX: 0x03 v=3 [04] (Ready)
11:43:55      TMCU: D shelly_tmcu.cpp:598     RX: 0x03 v=3 [] (state Ready)
11:43:55      TMCU: D shelly_tmcu.cpp:598     RX: 0x1c v=3 [] (state Ready)
11:43:55      TMCU: D shelly_tmcu.cpp:890     TX: 0x1c v=3 [011a09190b2b3905] (Ready)
11:43:55      TMCU: D shelly_tmcu.cpp:598     RX: 0x24 v=3 [] (state Ready)
11:43:55      TMCU: D shelly_tmcu.cpp:890     TX: 0x24 v=3 [c8] (Ready)
11:43:57      TMCU: D shelly_tmcu.cpp:598     RX: 0x00 v=3 [01] (state Ready)
11:43:57      TMCU: D shelly_tmcu.cpp:79      Tmcu Event 1 (0x3fca0e40)
11:44:12      TMCU: D shelly_tmcu.cpp:598     RX: 0x00 v=3 [01] (state Ready)
11:44:12      TMCU: D shelly_tmcu.cpp:79      Tmcu Event 1 (0x3fca0e40)
11:44:13      TMCU: D shelly_tmcu.cpp:598     RX: 0x1c v=3 [] (state Ready)
11:44:13      TMCU: D shelly_tmcu.cpp:890     TX: 0x1c v=3 [011a09190b2c0f05] (Ready)
11:44:13      TMCU: D shelly_tmcu.cpp:598     RX: 0x24 v=3 [] (state Ready)
11:44:13      TMCU: D shelly_tmcu.cpp:890     TX: 0x24 v=3 [c9] (Ready)
11:44:25      TMCU: D shelly_tmcu.cpp:993     wifi report state is SendRealState
11:44:25      TMCU: D shelly_tmcu.cpp:520     Sending WiFi status 4
11:44:25      TMCU: D shelly_tmcu.cpp:890     TX: 0x03 v=3 [04] (Ready)
11:44:25      TMCU: D shelly_tmcu.cpp:598     RX: 0x03 v=3 [] (state Ready)
11:44:27      TMCU: D shelly_tmcu.cpp:598     RX: 0x00 v=3 [01] (state Ready)
11:44:27      TMCU: D shelly_tmcu.cpp:79      Tmcu Event 1 (0x3fca0e40)
11:44:40      TMCU: D shelly_tmcu.cpp:598     RX: 0x1c v=3 [] (state Ready)
11:44:40      TMCU: D shelly_tmcu.cpp:890     TX: 0x1c v=3 [011a09190b2c2a05] (Ready)
11:44:40      TMCU: D shelly_tmcu.cpp:598     RX: 0x24 v=3 [] (state Ready)
11:44:40      TMCU: D shelly_tmcu.cpp:890     TX: 0x24 v=3 [ca] (Ready)
11:44:42      TMCU: D shelly_tmcu.cpp:598     RX: 0x00 v=3 [01] (state Ready)
11:44:42      TMCU: D shelly_tmcu.cpp:79      Tmcu Event 1 (0x3fca0e40)
11:44:55      TMCU: D shelly_tmcu.cpp:993     wifi report state is SendRealState
11:44:55      TMCU: D shelly_tmcu.cpp:520     Sending WiFi status 4
11:44:55      TMCU: D shelly_tmcu.cpp:890     TX: 0x03 v=3 [04] (Ready)
11:44:55      TMCU: D shelly_tmcu.cpp:598     RX: 0x03 v=3 [] (state Ready)
11:44:57      TMCU: D shelly_tmcu.cpp:598     RX: 0x00 v=3 [01] (state Ready)
11:44:57      TMCU: D shelly_tmcu.cpp:79      Tmcu Event 1 (0x3fca0e40)
11:45:04      TMCU: D shelly_tmcu.cpp:598     RX: 0x24 v=3 [] (state Ready)
11:45:04      TMCU: D shelly_tmcu.cpp:890     TX: 0x24 v=3 [cb] (Ready)
11:45:12      TMCU: D shelly_tmcu.cpp:598     RX: 0x00 v=3 [01] (state Ready)
11:45:12      TMCU: D shelly_tmcu.cpp:79      Tmcu Event 1 (0x3fca0e40)
11:45:13      TMCU: D shelly_tmcu.cpp:598     RX: 0x24 v=3 [] (state Ready)
11:45:13      TMCU: D shelly_tmcu.cpp:890     TX: 0x24 v=3 [c9] (Ready)
11:45:25      TMCU: D shelly_tmcu.cpp:993     wifi report state is SendRealState
11:45:25      TMCU: D shelly_tmcu.cpp:520     Sending WiFi status 4
11:45:25      TMCU: D shelly_tmcu.cpp:890     TX: 0x03 v=3 [04] (Ready)
11:45:25      TMCU: D shelly_tmcu.cpp:598     RX: 0x03 v=3 [] (state Ready)
11:45:25      TMCU: D shelly_tmcu.cpp:598     RX: 0x1c v=3 [] (state Ready)
11:45:25      TMCU: D shelly_tmcu.cpp:890     TX: 0x1c v=3 [011a09190b2d1b05] (Ready)
11:45:25      TMCU: D shelly_tmcu.cpp:598     RX: 0x24 v=3 [] (state Ready)
11:45:25      TMCU: D shelly_tmcu.cpp:890     TX: 0x24 v=3 [cb] (Ready)
11:45:27      TMCU: D shelly_tmcu.cpp:598     RX: 0x00 v=3 [01] (state Ready)
11:45:27      TMCU: D shelly_tmcu.cpp:79      Tmcu Event 1 (0x3fca0e40)
11:45:42      TMCU: D shelly_tmcu.cpp:598     RX: 0x00 v=3 [01] (state Ready)
11:45:42      TMCU: D shelly_tmcu.cpp:79      Tmcu Event 1 (0x3fca0e40)
11:45:43      TMCU: D shelly_tmcu.cpp:598     RX: 0x1c v=3 [] (state Ready)
11:45:43      TMCU: D shelly_tmcu.cpp:890     TX: 0x1c v=3 [011a09190b2d2d05] (Ready)
11:45:43      TMCU: D shelly_tmcu.cpp:598     RX: 0x24 v=3 [] (state Ready)
11:45:43      TMCU: D shelly_tmcu.cpp:890     TX: 0x24 v=3 [c9] (Ready)
11:45:55      TMCU: D shelly_tmcu.cpp:993     wifi report state is SendRealState
11:45:55      TMCU: D shelly_tmcu.cpp:520     Sending WiFi status 4
11:45:55      TMCU: D shelly_tmcu.cpp:890     TX: 0x03 v=3 [04] (Ready)
11:45:55      TMCU: D shelly_tmcu.cpp:598     RX: 0x03 v=3 [] (state Ready)
11:45:57      TMCU: D shelly_tmcu.cpp:598     RX: 0x00 v=3 [01] (state Ready)
11:45:57      TMCU: D shelly_tmcu.cpp:79      Tmcu Event 1 (0x3fca0e40)
11:46:10      TMCU: D shelly_tmcu.cpp:598     RX: 0x1c v=3 [] (state Ready)
11:46:10      TMCU: D shelly_tmcu.cpp:890     TX: 0x1c v=3 [011a09190b2e0c05] (Ready)
11:46:10      TMCU: D shelly_tmcu.cpp:598     RX: 0x24 v=3 [] (state Ready)
11:46:10      TMCU: D shelly_tmcu.cpp:890     TX: 0x24 v=3 [c9] (Ready)
11:46:12      TMCU: D shelly_tmcu.cpp:598     RX: 0x00 v=3 [01] (state Ready)
11:46:12      TMCU: D shelly_tmcu.cpp:79      Tmcu Event 1 (0x3fca0e40)
11:46:16      TMCU: D shelly_tmcu.cpp:598     RX: 0x07 v=3 [1802000400000012] (state Ready)
11:46:16      TMCU: D shelly_tmcu.cpp:860     upd int 24 = 18
11:46:16      TMCU: D shelly_tmcu.cpp:79      Tmcu Event 4 (0x3fca0d80)
11:46:25      TMCU: D shelly_tmcu.cpp:993     wifi report state is SendRealState
11:46:25      TMCU: D shelly_tmcu.cpp:520     Sending WiFi status 4
11:46:25      TMCU: D shelly_tmcu.cpp:890     TX: 0x03 v=3 [04] (Ready)
11:46:25      TMCU: D shelly_tmcu.cpp:598     RX: 0x03 v=3 [] (state Ready)
11:46:27      TMCU: D shelly_tmcu.cpp:598     RX: 0x00 v=3 [01] (state Ready)
11:46:27      TMCU: D shelly_tmcu.cpp:79      Tmcu Event 1 (0x3fca0e40)
11:46:34      TMCU: D shelly_tmcu.cpp:598     RX: 0x24 v=3 [] (state Ready)
11:46:34      TMCU: D shelly_tmcu.cpp:890     TX: 0x24 v=3 [c9] (Ready)
11:46:42      TMCU: D shelly_tmcu.cpp:598     RX: 0x00 v=3 [01] (state Ready)
11:46:42      TMCU: D shelly_tmcu.cpp:79      Tmcu Event 1 (0x3fca0e40)
11:46:43      TMCU: D shelly_tmcu.cpp:598     RX: 0x24 v=3 [] (state Ready)
11:46:43      TMCU: D shelly_tmcu.cpp:890     TX: 0x24 v=3 [c9] (Ready)
11:46:55      TMCU: D shelly_tmcu.cpp:993     wifi report state is SendRealState
11:46:55      TMCU: D shelly_tmcu.cpp:520     Sending WiFi status 4
11:46:55      TMCU: D shelly_tmcu.cpp:890     TX: 0x03 v=3 [04] (Ready)
11:46:55      TMCU: D shelly_tmcu.cpp:598     RX: 0x03 v=3 [] (state Ready)
11:46:56      TMCU: D shelly_tmcu.cpp:598     RX: 0x1c v=3 [] (state Ready)
11:46:56      TMCU: D shelly_tmcu.cpp:890     TX: 0x1c v=3 [011a09190b2e3a05] (Ready)
11:46:56      TMCU: D shelly_tmcu.cpp:598     RX: 0x24 v=3 [] (state Ready)
11:46:56      TMCU: D shelly_tmcu.cpp:890     TX: 0x24 v=3 [c9] (Ready)
11:46:57      TMCU: D shelly_tmcu.cpp:598     RX: 0x00 v=3 [01] (state Ready)
11:46:57      TMCU: D shelly_tmcu.cpp:79      Tmcu Event 1 (0x3fca0e40)
11:47:12      TMCU: D shelly_tmcu.cpp:598     RX: 0x00 v=3 [01] (state Ready)
11:47:12      TMCU: D shelly_tmcu.cpp:79      Tmcu Event 1 (0x3fca0e40)
11:47:14      TMCU: D shelly_tmcu.cpp:598     RX: 0x1c v=3 [] (state Ready)
11:47:14      TMCU: D shelly_tmcu.cpp:890     TX: 0x1c v=3 [011a09190b2f1005] (Ready)
11:47:14      TMCU: D shelly_tmcu.cpp:598     RX: 0x24 v=3 [] (state Ready)
11:47:14      TMCU: D shelly_tmcu.cpp:890     TX: 0x24 v=3 [ca] (Ready)
11:47:25      TMCU: D shelly_tmcu.cpp:993     wifi report state is SendRealState
11:47:25      TMCU: D shelly_tmcu.cpp:520     Sending WiFi status 4
11:47:25      TMCU: D shelly_tmcu.cpp:890     TX: 0x03 v=3 [04] (Ready)
11:47:25      TMCU: D shelly_tmcu.cpp:598     RX: 0x03 v=3 [] (state Ready)
11:47:27      TMCU: D shelly_tmcu.cpp:598     RX: 0x00 v=3 [01] (state Ready)
11:47:27      TMCU: D shelly_tmcu.cpp:79      Tmcu Event 1 (0x3fca0e40)
11:47:41      TMCU: D shelly_tmcu.cpp:598     RX: 0x1c v=3 [] (state Ready)
11:47:41      TMCU: D shelly_tmcu.cpp:890     TX: 0x1c v=3 [011a09190b2f2b05] (Ready)
11:47:41      TMCU: D shelly_tmcu.cpp:598     RX: 0x24 v=3 [] (state Ready)
11:47:41      TMCU: D shelly_tmcu.cpp:890     TX: 0x24 v=3 [c8] (Ready)
11:47:42      TMCU: D shelly_tmcu.cpp:598     RX: 0x00 v=3 [01] (state Ready)
11:47:42      TMCU: D shelly_tmcu.cpp:79      Tmcu Event 1 (0x3fca0e40)
11:47:55      TMCU: D shelly_tmcu.cpp:993     wifi report state is SendRealState
11:47:55      TMCU: D shelly_tmcu.cpp:520     Sending WiFi status 4
11:47:55      TMCU: D shelly_tmcu.cpp:890     TX: 0x03 v=3 [04] (Ready)
11:47:55      TMCU: D shelly_tmcu.cpp:598     RX: 0x03 v=3 [] (state Ready)
11:47:57      TMCU: D shelly_tmcu.cpp:598     RX: 0x00 v=3 [01] (state Ready)
11:47:57      TMCU: D shelly_tmcu.cpp:79      Tmcu Event 1 (0x3fca0e40)
11:48:04      TMCU: D shelly_tmcu.cpp:598     RX: 0x24 v=3 [] (state Ready)
11:48:04      TMCU: D shelly_tmcu.cpp:890     TX: 0x24 v=3 [c8] (Ready)
11:48:12      TMCU: D shelly_tmcu.cpp:598     RX: 0x00 v=3 [01] (state Ready)
11:48:12      TMCU: D shelly_tmcu.cpp:79      Tmcu Event 1 (0x3fca0e40)
11:48:13      TMCU: D shelly_tmcu.cpp:598     RX: 0x24 v=3 [] (state Ready)
11:48:13      TMCU: D shelly_tmcu.cpp:890     TX: 0x24 v=3 [c9] (Ready)
11:48:25      TMCU: D shelly_tmcu.cpp:993     wifi report state is SendRealState
11:48:25      TMCU: D shelly_tmcu.cpp:520     Sending WiFi status 4
11:48:25      TMCU: D shelly_tmcu.cpp:890     TX: 0x03 v=3 [04] (Ready)
11:48:25      TMCU: D shelly_tmcu.cpp:598     RX: 0x03 v=3 [] (state Ready)
11:48:26      TMCU: D shelly_tmcu.cpp:598     RX: 0x1c v=3 [] (state Ready)
11:48:26      TMCU: D shelly_tmcu.cpp:890     TX: 0x1c v=3 [011a09190b301c05] (Ready)
11:48:26      TMCU: D shelly_tmcu.cpp:598     RX: 0x24 v=3 [] (state Ready)
11:48:26      TMCU: D shelly_tmcu.cpp:890     TX: 0x24 v=3 [c8] (Ready)
11:48:27      TMCU: D shelly_tmcu.cpp:598     RX: 0x00 v=3 [01] (state Ready)
11:48:27      TMCU: D shelly_tmcu.cpp:79      Tmcu Event 1 (0x3fca0e40)
11:48:42      TMCU: D shelly_tmcu.cpp:598     RX: 0x00 v=3 [01] (state Ready)
11:48:42      TMCU: D shelly_tmcu.cpp:79      Tmcu Event 1 (0x3fca0e40)
11:48:44      TMCU: D shelly_tmcu.cpp:598     RX: 0x1c v=3 [] (state Ready)
11:48:44      TMCU: D shelly_tmcu.cpp:890     TX: 0x1c v=3 [011a09190b302e05] (Ready)
11:48:44      TMCU: D shelly_tmcu.cpp:598     RX: 0x24 v=3 [] (state Ready)
11:48:44      TMCU: D shelly_tmcu.cpp:890     TX: 0x24 v=3 [c7] (Ready)
11:48:55      TMCU: D shelly_tmcu.cpp:993     wifi report state is SendRealState
11:48:55      TMCU: D shelly_tmcu.cpp:520     Sending WiFi status 4
11:48:55      TMCU: D shelly_tmcu.cpp:890     TX: 0x03 v=3 [04] (Ready)
11:48:55      TMCU: D shelly_tmcu.cpp:598     RX: 0x03 v=3 [] (state Ready)
11:48:57      TMCU: D shelly_tmcu.cpp:598     RX: 0x00 v=3 [01] (state Ready)
11:48:57      TMCU: D shelly_tmcu.cpp:79      Tmcu Event 1 (0x3fca0e40)
11:49:11      TMCU: D shelly_tmcu.cpp:598     RX: 0x1c v=3 [] (state Ready)
11:49:11      TMCU: D shelly_tmcu.cpp:890     TX: 0x1c v=3 [011a09190b310d05] (Ready)
11:49:11      TMCU: D shelly_tmcu.cpp:598     RX: 0x24 v=3 [] (state Ready)
11:49:11      TMCU: D shelly_tmcu.cpp:890     TX: 0x24 v=3 [c7] (Ready)
11:49:12      TMCU: D shelly_tmcu.cpp:598     RX: 0x00 v=3 [01] (state Ready)
11:49:12      TMCU: D shelly_tmcu.cpp:79      Tmcu Event 1 (0x3fca0e40)
11:49:18  [strona WWW] polecenie Shelly.Reboot
11:49:19  Log przez Wi-Fi: brak połączenia (DevKit zamknął log); ponawiam za 5 s
11:49:33  Log przez Wi-Fi: połączono z 192.168.0.238
11:49:33      TMCU: D shelly_tmcu.cpp:598     RX: 0x07 v=3 [0700000700000000000000] (state Ready)
11:49:33      TMCU: D shelly_tmcu.cpp:862     same raw 7 = "00000000000000"
11:49:33      TMCU: D shelly_tmcu.cpp:598     RX: 0x07 v=3 [0800000700000000000000] (state Ready)
11:49:33      TMCU: D shelly_tmcu.cpp:862     same raw 8 = "00000000000000"
11:49:33      TMCU: D shelly_tmcu.cpp:598     RX: 0x07 v=3 [0902000400000000] (state Ready)
11:49:33      TMCU: D shelly_tmcu.cpp:862     same int 9 = 0
11:49:34      TMCU: D shelly_tmcu.cpp:598     RX: 0x07 v=3 [0a0500020000] (state Ready)
11:49:34      TMCU: D shelly_tmcu.cpp:862     same bitmap 10 = 0
11:49:34      TMCU: D shelly_tmcu.cpp:598     RX: 0x07 v=3 [0e04000100] (state Ready)
11:49:34      TMCU: D shelly_tmcu.cpp:862     same enum 14 = 0
11:49:34      TMCU: D shelly_tmcu.cpp:598     RX: 0x07 v=3 [1201000101] (state Ready)
11:49:34      TMCU: D shelly_tmcu.cpp:862     same bool 18 = true
11:49:34      TMCU: D shelly_tmcu.cpp:598     RX: 0x07 v=3 [130000020000] (state Ready)
11:49:34      TMCU: D shelly_tmcu.cpp:862     same raw 19 = "0000"
11:49:34      TMCU: D shelly_tmcu.cpp:598     RX: 0x1c v=3 [] (state Ready)
11:49:34      TMCU: D shelly_tmcu.cpp:890     TX: 0x1c v=3 [0100000000000000] (Ready)
11:49:34      TMCU: D shelly_tmcu.cpp:598     RX: 0x24 v=3 [] (state Ready)
11:49:34      TMCU: D shelly_tmcu.cpp:890     TX: 0x24 v=3 [c7] (Ready)
11:49:34      TMCU: D shelly_tmcu.cpp:598     RX: 0x07 v=3 [1802000400000012] (state Ready)
11:49:34      TMCU: D shelly_tmcu.cpp:862     same int 24 = 18
11:49:34      TMCU: D shelly_tmcu.cpp:598     RX: 0x07 v=3 [0d04000100] (state Ready)
11:49:34      TMCU: D shelly_tmcu.cpp:862     same enum 13 = 0
11:49:38      TMCU: D shelly_tmcu.cpp:598     RX: 0x24 v=3 [] (state Ready)
11:49:38      TMCU: D shelly_tmcu.cpp:890     TX: 0x24 v=3 [ca] (Ready)
11:49:44      TMCU: D shelly_tmcu.cpp:598     RX: 0x00 v=3 [01] (state Ready)
11:49:44      TMCU: D shelly_tmcu.cpp:79      Tmcu Event 1 (0x3fca0e40)
11:49:47      TMCU: D shelly_tmcu.cpp:598     RX: 0x24 v=3 [] (state Ready)
11:49:47      TMCU: D shelly_tmcu.cpp:890     TX: 0x24 v=3 [c7] (Ready)
11:49:50      TMCU: D shelly_tmcu.cpp:993     wifi report state is SendRealState
11:49:50      TMCU: D shelly_tmcu.cpp:520     Sending WiFi status 4
11:49:50      TMCU: D shelly_tmcu.cpp:890     TX: 0x03 v=3 [04] (Ready)
11:49:50      TMCU: D shelly_tmcu.cpp:598     RX: 0x03 v=3 [] (state Ready)
11:49:52  [strona WWW] polecenie Sys.SetTime
11:49:52      TMCU: D shelly_tmcu.cpp:890     TX: 0x34 v=3 [02ff00000000000000] (Ready)
11:49:59      TMCU: D shelly_tmcu.cpp:598     RX: 0x1c v=3 [] (state Ready)
11:49:59      TMCU: D shelly_tmcu.cpp:890     TX: 0x1c v=3 [0100000000000000] (Ready)
11:49:59      TMCU: D shelly_tmcu.cpp:598     RX: 0x24 v=3 [] (state Ready)
11:49:59      TMCU: D shelly_tmcu.cpp:890     TX: 0x24 v=3 [c8] (Ready)
11:49:59      TMCU: D shelly_tmcu.cpp:598     RX: 0x00 v=3 [01] (state Ready)
11:49:59      TMCU: D shelly_tmcu.cpp:79      Tmcu Event 1 (0x3fca0e40)
11:50:14      TMCU: D shelly_tmcu.cpp:598     RX: 0x00 v=3 [01] (state Ready)
11:50:14      TMCU: D shelly_tmcu.cpp:79      Tmcu Event 1 (0x3fca0e40)
11:50:17      TMCU: D shelly_tmcu.cpp:598     RX: 0x1c v=3 [] (state Ready)
11:50:17      TMCU: D shelly_tmcu.cpp:890     TX: 0x1c v=3 [0100000000000000] (Ready)
11:50:17      TMCU: D shelly_tmcu.cpp:598     RX: 0x24 v=3 [] (state Ready)
11:50:17      TMCU: D shelly_tmcu.cpp:890     TX: 0x24 v=3 [c8] (Ready)
11:50:20      TMCU: D shelly_tmcu.cpp:993     wifi report state is SendRealState
11:50:20      TMCU: D shelly_tmcu.cpp:520     Sending WiFi status 4
11:50:20      TMCU: D shelly_tmcu.cpp:890     TX: 0x03 v=3 [04] (Ready)
11:50:20      TMCU: D shelly_tmcu.cpp:598     RX: 0x03 v=3 [] (state Ready)
11:50:29      TMCU: D shelly_tmcu.cpp:598     RX: 0x00 v=3 [01] (state Ready)
11:50:29      TMCU: D shelly_tmcu.cpp:79      Tmcu Event 1 (0x3fca0e40)
11:50:43  [strona WWW] polecenie Shelly.Reboot
11:50:43  Log przez Wi-Fi: brak połączenia (DevKit zamknął log); ponawiam za 5 s
11:50:56  Log przez Wi-Fi: połączono z 192.168.0.238
11:50:56      TMCU: D shelly_tmcu.cpp:890     TX: 0x34 v=3 [02ff1a09190b323a05] (Setting up WiFi)
11:51:08      TMCU: D shelly_tmcu.cpp:598     RX: 0x24 v=3 [] (state Setting up WiFi)
11:51:08      TMCU: D shelly_tmcu.cpp:890     TX: 0x24 v=3 [c7] (Setting up WiFi)
11:51:09      TMCU: D shelly_tmcu.cpp:598     RX: 0x00 v=3 [01] (state Setting up WiFi)
11:51:09      TMCU: D shelly_tmcu.cpp:79      Tmcu Event 1 (0x3fca0e40)
11:51:14      TMCU: D shelly_tmcu.cpp:993     wifi report state is SendRealState
11:51:14      TMCU: D shelly_tmcu.cpp:520     Sending WiFi status 4
11:51:14      TMCU: D shelly_tmcu.cpp:890     TX: 0x03 v=3 [04] (Setting up WiFi)
11:51:14      TMCU: D shelly_tmcu.cpp:598     RX: 0x03 v=3 [] (state Setting up WiFi)
11:51:14      TMCU: D shelly_tmcu.cpp:890     TX: 0x08 v=3 [] (Fetching Datapoints)
11:51:16      TMCU: D shelly_tmcu.cpp:598     RX: 0x07 v=3 [130000020000] (state Ready)
11:51:16      TMCU: I shelly_tmcu.cpp:853     add raw 19 = "0000"
11:51:16      TMCU: D shelly_tmcu.cpp:79      Tmcu Event 4 (0x3fca0d80)
11:51:16      TMCU: D shelly_tmcu.cpp:598     RX: 0x1c v=3 [] (state Ready)
11:51:16      TMCU: D shelly_tmcu.cpp:598     RX: 0x24 v=3 [] (state Ready)
11:51:16      TMCU: D shelly_tmcu.cpp:598     RX: 0x07 v=3 [1802000400000012] (state Ready)
11:51:16      TMCU: I shelly_tmcu.cpp:853     add int 24 = 18
11:51:16      TMCU: D shelly_tmcu.cpp:79      Tmcu Event 4 (0x3fca0d80)
11:51:17      TMCU: D shelly_tmcu.cpp:598     RX: 0x07 v=3 [0d04000100] (state Ready)
11:51:17      TMCU: I shelly_tmcu.cpp:853     add enum 13 = 0
11:51:17      TMCU: D shelly_tmcu.cpp:79      Tmcu Event 4 (0x3fca0d80)
11:51:17      TMCU: D shelly_tmcu.cpp:890     TX: 0x1c v=3 [011a09190b331205] (Ready)
11:51:17      TMCU: D shelly_tmcu.cpp:890     TX: 0x24 v=3 [c9] (Ready)
11:51:17      TMCU: D shelly_tmcu.cpp:890     TX: 0x08 v=3 [] (Ready)
11:51:17      odczyty: energia sesji 0 kWh | czas sesji 0 min | moc 0 W, prąd 0 A, napięcia 0/0/0 V, licznik 0 kWh
11:51:17      TMCU: D shelly_tmcu.cpp:598     RX: 0x07 v=3 [0304000100] (state Ready)
11:51:17      TMCU: D shelly_tmcu.cpp:862     same enum 3 = 0
11:51:17      TMCU: D shelly_tmcu.cpp:598     RX: 0x07 v=3 [040200040000000c] (state Ready)
11:51:17      TMCU: D shelly_tmcu.cpp:862     same int 4 = 12
11:51:17      TMCU: D shelly_tmcu.cpp:598     RX: 0x07 v=3 [0600000700000000000000] (state Ready)
11:51:17      TMCU: D shelly_tmcu.cpp:862     same raw 6 = "00000000000000"
11:51:17      TMCU: D shelly_tmcu.cpp:598     RX: 0x07 v=3 [0700000700000000000000] (state Ready)
11:51:17      TMCU: D shelly_tmcu.cpp:862     same raw 7 = "00000000000000"
11:51:17      TMCU: D shelly_tmcu.cpp:598     RX: 0x07 v=3 [0800000700000000000000] (state Ready)
11:51:17      TMCU: D shelly_tmcu.cpp:862     same raw 8 = "00000000000000"
11:51:17      TMCU: D shelly_tmcu.cpp:598     RX: 0x07 v=3 [0902000400000000] (state Ready)
11:51:17      TMCU: D shelly_tmcu.cpp:862     same int 9 = 0
11:51:17      TMCU: D shelly_tmcu.cpp:598     RX: 0x07 v=3 [0a0500020000] (state Ready)
11:51:17      TMCU: D shelly_tmcu.cpp:862     same bitmap 10 = 0
11:51:17      TMCU: D shelly_tmcu.cpp:598     RX: 0x07 v=3 [0e04000100] (state Ready)
11:51:17      TMCU: D shelly_tmcu.cpp:862     same enum 14 = 0
11:51:17      TMCU: D shelly_tmcu.cpp:598     RX: 0x07 v=3 [1201000101] (state Ready)
11:51:17      TMCU: D shelly_tmcu.cpp:862     same bool 18 = true
11:51:17      TMCU: D shelly_tmcu.cpp:598     RX: 0x07 v=3 [130000020000] (state Ready)
11:51:17      TMCU: D shelly_tmcu.cpp:862     same raw 19 = "0000"
11:51:17      TMCU: D shelly_tmcu.cpp:598     RX: 0x1c v=3 [] (state Ready)
11:51:17      TMCU: D shelly_tmcu.cpp:598     RX: 0x24 v=3 [] (state Ready)
11:51:17      TMCU: D shelly_tmcu.cpp:598     RX: 0x07 v=3 [1802000400000012] (state Ready)
11:51:17      TMCU: D shelly_tmcu.cpp:862     same int 24 = 18
11:51:17      TMCU: D shelly_tmcu.cpp:890     TX: 0x1c v=3 [011a09190b331405] (Ready)
11:51:18      TMCU: D shelly_tmcu.cpp:890     TX: 0x24 v=3 [c6] (Ready)
11:51:18      TMCU: D shelly_tmcu.cpp:598     RX: 0x07 v=3 [0d04000100] (state Ready)
11:51:18      TMCU: D shelly_tmcu.cpp:862     same enum 13 = 0
11:51:19      TMCU: D shelly_tmcu.cpp:598     RX: 0x24 v=3 [] (state Ready)
11:51:19      TMCU: D shelly_tmcu.cpp:890     TX: 0x24 v=3 [c8] (Ready)
11:51:24      TMCU: D shelly_tmcu.cpp:598     RX: 0x00 v=3 [01] (state Ready)
11:51:24      TMCU: D shelly_tmcu.cpp:79      Tmcu Event 1 (0x3fca0e40)
11:51:32      TMCU: D shelly_tmcu.cpp:598     RX: 0x1c v=3 [] (state Ready)
11:51:32      TMCU: D shelly_tmcu.cpp:890     TX: 0x1c v=3 [011a09190b332205] (Ready)
11:51:32      TMCU: D shelly_tmcu.cpp:598     RX: 0x24 v=3 [] (state Ready)
11:51:32      TMCU: D shelly_tmcu.cpp:890     TX: 0x24 v=3 [c9] (Ready)
11:51:39      TMCU: D shelly_tmcu.cpp:598     RX: 0x00 v=3 [01] (state Ready)
11:51:39      TMCU: D shelly_tmcu.cpp:79      Tmcu Event 1 (0x3fca0e40)
11:51:44      TMCU: D shelly_tmcu.cpp:993     wifi report state is SendRealState
11:51:44      TMCU: D shelly_tmcu.cpp:520     Sending WiFi status 4
11:51:44      TMCU: D shelly_tmcu.cpp:890     TX: 0x03 v=3 [04] (Ready)
11:51:44      TMCU: D shelly_tmcu.cpp:598     RX: 0x03 v=3 [] (state Ready)
11:51:50      TMCU: D shelly_tmcu.cpp:598     RX: 0x1c v=3 [] (state Ready)
11:51:50      TMCU: D shelly_tmcu.cpp:890     TX: 0x1c v=3 [011a09190b333405] (Ready)
11:51:50      TMCU: D shelly_tmcu.cpp:598     RX: 0x24 v=3 [] (state Ready)
11:51:50      TMCU: D shelly_tmcu.cpp:890     TX: 0x24 v=3 [c8] (Ready)
11:51:54      TMCU: D shelly_tmcu.cpp:598     RX: 0x00 v=3 [01] (state Ready)
11:51:54      TMCU: D shelly_tmcu.cpp:79      Tmcu Event 1 (0x3fca0e40)
11:51:57  [strona WWW] polecenie Shelly.Reboot
11:51:58  Log przez Wi-Fi: brak połączenia (DevKit zamknął log); ponawiam za 5 s
11:52:13  Log przez Wi-Fi: brak połączenia (timed out); ponawiam za 5 s
11:52:18  Log przez Wi-Fi: połączono z 192.168.0.238
11:52:19      TMCU: D shelly_tmcu.cpp:598     RX: 0x1c v=3 [] (state Ready)
11:52:19      TMCU: D shelly_tmcu.cpp:890     TX: 0x1c v=3 [011a09190b341505] (Ready)
11:52:19      TMCU: D shelly_tmcu.cpp:598     RX: 0x24 v=3 [] (state Ready)
11:52:19      TMCU: D shelly_tmcu.cpp:890     TX: 0x24 v=3 [c7] (Ready)
11:52:24      TMCU: D shelly_tmcu.cpp:598     RX: 0x00 v=3 [01] (state Ready)
11:52:24      TMCU: D shelly_tmcu.cpp:79      Tmcu Event 1 (0x3fca0e40)
11:52:29      TMCU: D shelly_tmcu.cpp:993     wifi report state is SendRealState
11:52:29      TMCU: D shelly_tmcu.cpp:520     Sending WiFi status 4
11:52:29      TMCU: D shelly_tmcu.cpp:890     TX: 0x03 v=3 [04] (Ready)
11:52:29      TMCU: D shelly_tmcu.cpp:598     RX: 0x03 v=3 [] (state Ready)
11:52:39      TMCU: D shelly_tmcu.cpp:598     RX: 0x00 v=3 [01] (state Ready)
11:52:39      TMCU: D shelly_tmcu.cpp:79      Tmcu Event 1 (0x3fca0e40)
11:52:42      TMCU: D shelly_tmcu.cpp:598     RX: 0x24 v=3 [] (state Ready)
11:52:42      TMCU: D shelly_tmcu.cpp:890     TX: 0x24 v=3 [ca] (Ready)
11:52:44      TMCU: D shelly_tmcu.cpp:598     RX: 0x07 v=3 [1802000400000012] (state Ready)
11:52:44      TMCU: D shelly_tmcu.cpp:862     same int 24 = 18
11:52:51      TMCU: D shelly_tmcu.cpp:598     RX: 0x24 v=3 [] (state Ready)
11:52:51      TMCU: D shelly_tmcu.cpp:890     TX: 0x24 v=3 [c7] (Ready)
11:52:54      TMCU: D shelly_tmcu.cpp:598     RX: 0x00 v=3 [01] (state Ready)
11:52:54      TMCU: D shelly_tmcu.cpp:79      Tmcu Event 1 (0x3fca0e40)
11:52:59      TMCU: D shelly_tmcu.cpp:993     wifi report state is SendRealState
11:52:59      TMCU: D shelly_tmcu.cpp:520     Sending WiFi status 4
11:52:59      TMCU: D shelly_tmcu.cpp:890     TX: 0x03 v=3 [04] (Ready)
11:52:59      TMCU: D shelly_tmcu.cpp:598     RX: 0x03 v=3 [] (state Ready)
11:53:04      TMCU: D shelly_tmcu.cpp:598     RX: 0x1c v=3 [] (state Ready)
11:53:04      TMCU: D shelly_tmcu.cpp:890     TX: 0x1c v=3 [011a09190b350605] (Ready)
11:53:04      TMCU: D shelly_tmcu.cpp:598     RX: 0x24 v=3 [] (state Ready)
11:53:04      TMCU: D shelly_tmcu.cpp:890     TX: 0x24 v=3 [c9] (Ready)
11:53:06      TMCU: D shelly_tmcu.cpp:890     TX: 0x06 v=3 [040200040000000a] (Ready)
11:53:06      TMCU: D shelly_tmcu.cpp:598     RX: 0x07 v=3 [040200040000000c] (state Ready)
11:53:06      TMCU: D shelly_tmcu.cpp:862     same int 4 = 12
11:53:06      TMCU: D shelly_tmcu.cpp:598     RX: 0x07 v=3 [040200040000000a] (state Ready)
11:53:06      TMCU: D shelly_tmcu.cpp:860     upd int 4 = 10
11:53:06      TMCU: D shelly_tmcu.cpp:79      Tmcu Event 4 (0x3fca0d80)
11:53:09      TMCU: D shelly_tmcu.cpp:598     RX: 0x00 v=3 [01] (state Ready)
11:53:09      TMCU: D shelly_tmcu.cpp:79      Tmcu Event 1 (0x3fca0e40)
11:53:15      TMCU: D shelly_tmcu.cpp:890     TX: 0x06 v=3 [040200040000000c] (Ready)
11:53:16      TMCU: D shelly_tmcu.cpp:598     RX: 0x07 v=3 [040200040000000a] (state Ready)
11:53:16      TMCU: D shelly_tmcu.cpp:862     same int 4 = 10
11:53:17      TMCU: D shelly_tmcu.cpp:598     RX: 0x07 v=3 [040200040000000c] (state Ready)
11:53:17      TMCU: D shelly_tmcu.cpp:860     upd int 4 = 12
11:53:17      TMCU: D shelly_tmcu.cpp:79      Tmcu Event 4 (0x3fca0d80)
11:53:22      TMCU: D shelly_tmcu.cpp:598     RX: 0x1c v=3 [] (state Ready)
11:53:22      TMCU: D shelly_tmcu.cpp:890     TX: 0x1c v=3 [011a09190b351805] (Ready)
11:53:22      TMCU: D shelly_tmcu.cpp:598     RX: 0x24 v=3 [] (state Ready)
11:53:22      TMCU: D shelly_tmcu.cpp:890     TX: 0x24 v=3 [c9] (Ready)
11:53:24      TMCU: D shelly_tmcu.cpp:598     RX: 0x00 v=3 [01] (state Ready)
11:53:24      TMCU: D shelly_tmcu.cpp:79      Tmcu Event 1 (0x3fca0e40)
11:53:29      TMCU: D shelly_tmcu.cpp:993     wifi report state is SendRealState
11:53:29      TMCU: D shelly_tmcu.cpp:520     Sending WiFi status 4
11:53:29      TMCU: D shelly_tmcu.cpp:890     TX: 0x03 v=3 [04] (Ready)
11:53:29      TMCU: D shelly_tmcu.cpp:598     RX: 0x03 v=3 [] (state Ready)
11:53:39      TMCU: D shelly_tmcu.cpp:598     RX: 0x00 v=3 [01] (state Ready)
11:53:39      TMCU: D shelly_tmcu.cpp:79      Tmcu Event 1 (0x3fca0e40)
11:53:49      TMCU: D shelly_tmcu.cpp:598     RX: 0x1c v=3 [] (state Ready)
11:53:49      TMCU: D shelly_tmcu.cpp:890     TX: 0x1c v=3 [011a09190b353305] (Ready)
11:53:49      TMCU: D shelly_tmcu.cpp:598     RX: 0x24 v=3 [] (state Ready)
11:53:49      TMCU: D shelly_tmcu.cpp:890     TX: 0x24 v=3 [c9] (Ready)
11:53:54      TMCU: D shelly_tmcu.cpp:598     RX: 0x00 v=3 [01] (state Ready)
11:53:54      TMCU: D shelly_tmcu.cpp:79      Tmcu Event 1 (0x3fca0e40)
11:53:59      TMCU: D shelly_tmcu.cpp:993     wifi report state is SendRealState
11:53:59      TMCU: D shelly_tmcu.cpp:520     Sending WiFi status 4
11:53:59      TMCU: D shelly_tmcu.cpp:890     TX: 0x03 v=3 [04] (Ready)
11:53:59      TMCU: D shelly_tmcu.cpp:598     RX: 0x03 v=3 [] (state Ready)
11:54:09      TMCU: D shelly_tmcu.cpp:598     RX: 0x00 v=3 [01] (state Ready)
11:54:09      TMCU: D shelly_tmcu.cpp:79      Tmcu Event 1 (0x3fca0e40)
11:54:13      TMCU: D shelly_tmcu.cpp:598     RX: 0x24 v=3 [] (state Ready)
11:54:13      TMCU: D shelly_tmcu.cpp:890     TX: 0x24 v=3 [c9] (Ready)
11:54:22      TMCU: D shelly_tmcu.cpp:598     RX: 0x24 v=3 [] (state Ready)
11:54:22      TMCU: D shelly_tmcu.cpp:890     TX: 0x24 v=3 [ca] (Ready)
11:54:24      TMCU: D shelly_tmcu.cpp:598     RX: 0x00 v=3 [01] (state Ready)
11:54:24      TMCU: D shelly_tmcu.cpp:79      Tmcu Event 1 (0x3fca0e40)
11:54:29      TMCU: D shelly_tmcu.cpp:993     wifi report state is SendRealState
11:54:29      TMCU: D shelly_tmcu.cpp:520     Sending WiFi status 4
11:54:29      TMCU: D shelly_tmcu.cpp:890     TX: 0x03 v=3 [04] (Ready)
11:54:29      TMCU: D shelly_tmcu.cpp:598     RX: 0x03 v=3 [] (state Ready)
11:54:34      TMCU: D shelly_tmcu.cpp:598     RX: 0x1c v=3 [] (state Ready)
11:54:34      TMCU: D shelly_tmcu.cpp:890     TX: 0x1c v=3 [011a09190b362505] (Ready)
11:54:35      TMCU: D shelly_tmcu.cpp:598     RX: 0x24 v=3 [] (state Ready)
11:54:35      TMCU: D shelly_tmcu.cpp:890     TX: 0x24 v=3 [ca] (Ready)
11:54:39      TMCU: D shelly_tmcu.cpp:598     RX: 0x00 v=3 [01] (state Ready)
11:54:39      TMCU: D shelly_tmcu.cpp:79      Tmcu Event 1 (0x3fca0e40)
11:54:52      TMCU: D shelly_tmcu.cpp:598     RX: 0x1c v=3 [] (state Ready)
11:54:52      TMCU: D shelly_tmcu.cpp:890     TX: 0x1c v=3 [011a09190b363705] (Ready)
11:54:53      TMCU: D shelly_tmcu.cpp:598     RX: 0x24 v=3 [] (state Ready)
11:54:53      TMCU: D shelly_tmcu.cpp:890     TX: 0x24 v=3 [c9] (Ready)
11:54:54      TMCU: D shelly_tmcu.cpp:598     RX: 0x00 v=3 [01] (state Ready)
11:54:54      TMCU: D shelly_tmcu.cpp:79      Tmcu Event 1 (0x3fca0e40)
11:54:59      TMCU: D shelly_tmcu.cpp:993     wifi report state is SendRealState
11:54:59      TMCU: D shelly_tmcu.cpp:520     Sending WiFi status 4
11:54:59      TMCU: D shelly_tmcu.cpp:890     TX: 0x03 v=3 [04] (Ready)
11:54:59      TMCU: D shelly_tmcu.cpp:598     RX: 0x03 v=3 [] (state Ready)
11:55:09      TMCU: D shelly_tmcu.cpp:598     RX: 0x00 v=3 [01] (state Ready)
11:55:09      TMCU: D shelly_tmcu.cpp:79      Tmcu Event 1 (0x3fca0e40)
11:55:20      TMCU: D shelly_tmcu.cpp:598     RX: 0x1c v=3 [] (state Ready)
11:55:20      TMCU: D shelly_tmcu.cpp:890     TX: 0x1c v=3 [011a09190b371605] (Ready)
11:55:20      TMCU: D shelly_tmcu.cpp:598     RX: 0x24 v=3 [] (state Ready)
11:55:20      TMCU: D shelly_tmcu.cpp:890     TX: 0x24 v=3 [ca] (Ready)
11:55:24      TMCU: D shelly_tmcu.cpp:598     RX: 0x00 v=3 [01] (state Ready)
11:55:24      TMCU: D shelly_tmcu.cpp:79      Tmcu Event 1 (0x3fca0e40)
11:55:29      TMCU: D shelly_tmcu.cpp:993     wifi report state is SendRealState
11:55:29      TMCU: D shelly_tmcu.cpp:520     Sending WiFi status 4
11:55:29      TMCU: D shelly_tmcu.cpp:890     TX: 0x03 v=3 [04] (Ready)
11:55:29      TMCU: D shelly_tmcu.cpp:598     RX: 0x03 v=3 [] (state Ready)
11:55:39      TMCU: D shelly_tmcu.cpp:598     RX: 0x00 v=3 [01] (state Ready)
11:55:39      TMCU: D shelly_tmcu.cpp:79      Tmcu Event 1 (0x3fca0e40)
11:55:43      TMCU: D shelly_tmcu.cpp:598     RX: 0x24 v=3 [] (state Ready)
11:55:43      TMCU: D shelly_tmcu.cpp:890     TX: 0x24 v=3 [c8] (Ready)
11:55:52      TMCU: D shelly_tmcu.cpp:598     RX: 0x24 v=3 [] (state Ready)
11:55:52      TMCU: D shelly_tmcu.cpp:890     TX: 0x24 v=3 [ca] (Ready)
11:55:54      TMCU: D shelly_tmcu.cpp:598     RX: 0x00 v=3 [01] (state Ready)
11:55:54      TMCU: D shelly_tmcu.cpp:79      Tmcu Event 1 (0x3fca0e40)
11:55:59      TMCU: D shelly_tmcu.cpp:993     wifi report state is SendRealState
11:55:59      TMCU: D shelly_tmcu.cpp:520     Sending WiFi status 4
11:55:59      TMCU: D shelly_tmcu.cpp:890     TX: 0x03 v=3 [04] (Ready)
11:55:59      TMCU: D shelly_tmcu.cpp:598     RX: 0x03 v=3 [] (state Ready)
11:56:05      TMCU: D shelly_tmcu.cpp:598     RX: 0x1c v=3 [] (state Ready)
11:56:05      TMCU: D shelly_tmcu.cpp:890     TX: 0x1c v=3 [011a09190b380705] (Ready)
11:56:05      TMCU: D shelly_tmcu.cpp:598     RX: 0x24 v=3 [] (state Ready)
11:56:05      TMCU: D shelly_tmcu.cpp:890     TX: 0x24 v=3 [c8] (Ready)
11:56:09      TMCU: D shelly_tmcu.cpp:598     RX: 0x00 v=3 [01] (state Ready)
11:56:09      TMCU: D shelly_tmcu.cpp:79      Tmcu Event 1 (0x3fca0e40)
11:56:23      TMCU: D shelly_tmcu.cpp:598     RX: 0x1c v=3 [] (state Ready)
11:56:23      TMCU: D shelly_tmcu.cpp:890     TX: 0x1c v=3 [011a09190b381905] (Ready)
11:56:23      TMCU: D shelly_tmcu.cpp:598     RX: 0x24 v=3 [] (state Ready)
11:56:23      TMCU: D shelly_tmcu.cpp:890     TX: 0x24 v=3 [ca] (Ready)
11:56:24      TMCU: D shelly_tmcu.cpp:598     RX: 0x00 v=3 [01] (state Ready)
11:56:24      TMCU: D shelly_tmcu.cpp:79      Tmcu Event 1 (0x3fca0e40)
11:56:29      TMCU: D shelly_tmcu.cpp:993     wifi report state is SendRealState
11:56:29      TMCU: D shelly_tmcu.cpp:520     Sending WiFi status 4
11:56:29      TMCU: D shelly_tmcu.cpp:890     TX: 0x03 v=3 [04] (Ready)
11:56:29      TMCU: D shelly_tmcu.cpp:598     RX: 0x03 v=3 [] (state Ready)
11:56:39      TMCU: D shelly_tmcu.cpp:598     RX: 0x00 v=3 [01] (state Ready)
11:56:39      TMCU: D shelly_tmcu.cpp:79      Tmcu Event 1 (0x3fca0e40)
11:56:48      TMCU: D shelly_tmcu.cpp:890     TX: 0x06 v=3 [040200040000000a] (Ready)
11:56:49      TMCU: D shelly_tmcu.cpp:598     RX: 0x07 v=3 [040200040000000c] (state Ready)
11:56:49      TMCU: D shelly_tmcu.cpp:862     same int 4 = 12
11:56:50      TMCU: D shelly_tmcu.cpp:598     RX: 0x07 v=3 [040200040000000a] (state Ready)
11:56:50      TMCU: D shelly_tmcu.cpp:860     upd int 4 = 10
11:56:50      TMCU: D shelly_tmcu.cpp:79      Tmcu Event 4 (0x3fca0d80)
11:56:50      TMCU: D shelly_tmcu.cpp:598     RX: 0x1c v=3 [] (state Ready)
11:56:50      TMCU: D shelly_tmcu.cpp:598     RX: 0x24 v=3 [] (state Ready)
11:56:50      TMCU: D shelly_tmcu.cpp:890     TX: 0x1c v=3 [011a09190b383405] (Ready)
11:56:50      TMCU: D shelly_tmcu.cpp:890     TX: 0x24 v=3 [ca] (Ready)
11:56:54      TMCU: D shelly_tmcu.cpp:598     RX: 0x00 v=3 [01] (state Ready)
11:56:54      TMCU: D shelly_tmcu.cpp:79      Tmcu Event 1 (0x3fca0e40)
11:56:58      TMCU: D shelly_tmcu.cpp:890     TX: 0x06 v=3 [040200040000000c] (Ready)
11:56:58      TMCU: D shelly_tmcu.cpp:598     RX: 0x07 v=3 [040200040000000a] (state Ready)
11:56:58      TMCU: D shelly_tmcu.cpp:862     same int 4 = 10
11:56:59      TMCU: D shelly_tmcu.cpp:993     wifi report state is SendRealState
11:56:59      TMCU: D shelly_tmcu.cpp:520     Sending WiFi status 4
11:56:59      TMCU: D shelly_tmcu.cpp:890     TX: 0x03 v=3 [04] (Ready)
11:56:59      TMCU: D shelly_tmcu.cpp:598     RX: 0x03 v=3 [] (state Ready)
11:56:59      TMCU: D shelly_tmcu.cpp:598     RX: 0x07 v=3 [040200040000000c] (state Ready)
11:56:59      TMCU: D shelly_tmcu.cpp:860     upd int 4 = 12
11:56:59      TMCU: D shelly_tmcu.cpp:79      Tmcu Event 4 (0x3fca0d80)
11:57:09      TMCU: D shelly_tmcu.cpp:598     RX: 0x00 v=3 [01] (state Ready)
11:57:09      TMCU: D shelly_tmcu.cpp:79      Tmcu Event 1 (0x3fca0e40)
11:57:13      TMCU: D shelly_tmcu.cpp:598     RX: 0x24 v=3 [] (state Ready)
11:57:13      TMCU: D shelly_tmcu.cpp:890     TX: 0x24 v=3 [ca] (Ready)
11:57:23      TMCU: D shelly_tmcu.cpp:598     RX: 0x24 v=3 [] (state Ready)
11:57:23      TMCU: D shelly_tmcu.cpp:890     TX: 0x24 v=3 [c8] (Ready)
11:57:24      TMCU: D shelly_tmcu.cpp:598     RX: 0x00 v=3 [01] (state Ready)
11:57:24      TMCU: D shelly_tmcu.cpp:79      Tmcu Event 1 (0x3fca0e40)
11:57:29      TMCU: D shelly_tmcu.cpp:993     wifi report state is SendRealState
11:57:29      TMCU: D shelly_tmcu.cpp:520     Sending WiFi status 4
11:57:29      TMCU: D shelly_tmcu.cpp:890     TX: 0x03 v=3 [04] (Ready)
11:57:29      TMCU: D shelly_tmcu.cpp:598     RX: 0x03 v=3 [] (state Ready)
11:57:35      TMCU: D shelly_tmcu.cpp:598     RX: 0x1c v=3 [] (state Ready)
11:57:35      TMCU: D shelly_tmcu.cpp:890     TX: 0x1c v=3 [011a09190b392505] (Ready)
11:57:35      TMCU: D shelly_tmcu.cpp:598     RX: 0x24 v=3 [] (state Ready)
11:57:35      TMCU: D shelly_tmcu.cpp:890     TX: 0x24 v=3 [c7] (Ready)
11:57:39      TMCU: D shelly_tmcu.cpp:598     RX: 0x00 v=3 [01] (state Ready)
11:57:39      TMCU: D shelly_tmcu.cpp:79      Tmcu Event 1 (0x3fca0e40)
11:57:53      TMCU: D shelly_tmcu.cpp:598     RX: 0x1c v=3 [] (state Ready)
11:57:53      TMCU: D shelly_tmcu.cpp:890     TX: 0x1c v=3 [011a09190b393705] (Ready)
11:57:53      TMCU: D shelly_tmcu.cpp:598     RX: 0x24 v=3 [] (state Ready)
11:57:53      TMCU: D shelly_tmcu.cpp:890     TX: 0x24 v=3 [ca] (Ready)
11:57:54      TMCU: D shelly_tmcu.cpp:598     RX: 0x00 v=3 [01] (state Ready)
11:57:54      TMCU: D shelly_tmcu.cpp:79      Tmcu Event 1 (0x3fca0e40)
11:57:59      TMCU: D shelly_tmcu.cpp:993     wifi report state is SendRealState
11:57:59      TMCU: D shelly_tmcu.cpp:520     Sending WiFi status 4
11:57:59      TMCU: D shelly_tmcu.cpp:890     TX: 0x03 v=3 [04] (Ready)
11:57:59      TMCU: D shelly_tmcu.cpp:598     RX: 0x03 v=3 [] (state Ready)
11:58:09      TMCU: D shelly_tmcu.cpp:598     RX: 0x00 v=3 [01] (state Ready)
11:58:09      TMCU: D shelly_tmcu.cpp:79      Tmcu Event 1 (0x3fca0e40)
11:58:20      TMCU: D shelly_tmcu.cpp:598     RX: 0x1c v=3 [] (state Ready)
11:58:20      TMCU: D shelly_tmcu.cpp:890     TX: 0x1c v=3 [011a09190b3a1605] (Ready)
11:58:20      TMCU: D shelly_tmcu.cpp:598     RX: 0x24 v=3 [] (state Ready)
11:58:20      TMCU: D shelly_tmcu.cpp:890     TX: 0x24 v=3 [c8] (Ready)
11:58:24      TMCU: D shelly_tmcu.cpp:598     RX: 0x00 v=3 [01] (state Ready)
11:58:24      TMCU: D shelly_tmcu.cpp:79      Tmcu Event 1 (0x3fca0e40)
11:58:29      TMCU: D shelly_tmcu.cpp:993     wifi report state is SendRealState
11:58:29      TMCU: D shelly_tmcu.cpp:520     Sending WiFi status 4
11:58:29      TMCU: D shelly_tmcu.cpp:890     TX: 0x03 v=3 [04] (Ready)
11:58:29      TMCU: D shelly_tmcu.cpp:598     RX: 0x03 v=3 [] (state Ready)
11:58:39      TMCU: D shelly_tmcu.cpp:598     RX: 0x00 v=3 [01] (state Ready)
11:58:39      TMCU: D shelly_tmcu.cpp:79      Tmcu Event 1 (0x3fca0e40)
11:58:44      TMCU: D shelly_tmcu.cpp:598     RX: 0x24 v=3 [] (state Ready)
11:58:44      TMCU: D shelly_tmcu.cpp:890     TX: 0x24 v=3 [ca] (Ready)
11:58:53      TMCU: D shelly_tmcu.cpp:598     RX: 0x24 v=3 [] (state Ready)
11:58:53      TMCU: D shelly_tmcu.cpp:890     TX: 0x24 v=3 [c8] (Ready)
11:58:54      TMCU: D shelly_tmcu.cpp:598     RX: 0x00 v=3 [01] (state Ready)
11:58:54      TMCU: D shelly_tmcu.cpp:79      Tmcu Event 1 (0x3fca0e40)
11:58:59      TMCU: D shelly_tmcu.cpp:993     wifi report state is SendRealState
11:58:59      TMCU: D shelly_tmcu.cpp:520     Sending WiFi status 4
11:58:59      TMCU: D shelly_tmcu.cpp:890     TX: 0x03 v=3 [04] (Ready)
11:58:59      TMCU: D shelly_tmcu.cpp:598     RX: 0x03 v=3 [] (state Ready)
11:59:05      TMCU: D shelly_tmcu.cpp:598     RX: 0x1c v=3 [] (state Ready)
11:59:05      TMCU: D shelly_tmcu.cpp:890     TX: 0x1c v=3 [011a09190b3b0805] (Ready)
11:59:05      TMCU: D shelly_tmcu.cpp:598     RX: 0x24 v=3 [] (state Ready)
11:59:05      TMCU: D shelly_tmcu.cpp:890     TX: 0x24 v=3 [c8] (Ready)
11:59:05      TMCU: D shelly_tmcu.cpp:598     RX: 0x07 v=3 [1802000400000012] (state Ready)
11:59:05      TMCU: D shelly_tmcu.cpp:862     same int 24 = 18
11:59:09      TMCU: D shelly_tmcu.cpp:598     RX: 0x00 v=3 [01] (state Ready)
11:59:09      TMCU: D shelly_tmcu.cpp:79      Tmcu Event 1 (0x3fca0e40)
11:59:23      TMCU: D shelly_tmcu.cpp:598     RX: 0x1c v=3 [] (state Ready)
11:59:23      TMCU: D shelly_tmcu.cpp:890     TX: 0x1c v=3 [011a09190b3b1a05] (Ready)
11:59:24      TMCU: D shelly_tmcu.cpp:598     RX: 0x24 v=3 [] (state Ready)
11:59:24      TMCU: D shelly_tmcu.cpp:890     TX: 0x24 v=3 [c8] (Ready)
11:59:24      TMCU: D shelly_tmcu.cpp:598     RX: 0x00 v=3 [01] (state Ready)
11:59:24      TMCU: D shelly_tmcu.cpp:79      Tmcu Event 1 (0x3fca0e40)
11:59:29      TMCU: D shelly_tmcu.cpp:993     wifi report state is SendRealState
11:59:29      TMCU: D shelly_tmcu.cpp:520     Sending WiFi status 4
11:59:29      TMCU: D shelly_tmcu.cpp:890     TX: 0x03 v=3 [04] (Ready)
11:59:29      TMCU: D shelly_tmcu.cpp:598     RX: 0x03 v=3 [] (state Ready)
11:59:39      TMCU: D shelly_tmcu.cpp:598     RX: 0x00 v=3 [01] (state Ready)
11:59:39      TMCU: D shelly_tmcu.cpp:79      Tmcu Event 1 (0x3fca0e40)
11:59:51      TMCU: D shelly_tmcu.cpp:598     RX: 0x1c v=3 [] (state Ready)
11:59:51      TMCU: D shelly_tmcu.cpp:890     TX: 0x1c v=3 [011a09190b3b3505] (Ready)
11:59:51      TMCU: D shelly_tmcu.cpp:598     RX: 0x24 v=3 [] (state Ready)
11:59:51      TMCU: D shelly_tmcu.cpp:890     TX: 0x24 v=3 [c9] (Ready)
11:59:54      TMCU: D shelly_tmcu.cpp:598     RX: 0x00 v=3 [01] (state Ready)
11:59:54      TMCU: D shelly_tmcu.cpp:79      Tmcu Event 1 (0x3fca0e40)
11:59:59      TMCU: D shelly_tmcu.cpp:993     wifi report state is SendRealState
11:59:59      TMCU: D shelly_tmcu.cpp:520     Sending WiFi status 4
11:59:59      TMCU: D shelly_tmcu.cpp:890     TX: 0x03 v=3 [04] (Ready)
11:59:59      TMCU: D shelly_tmcu.cpp:598     RX: 0x03 v=3 [] (state Ready)
12:00:09      TMCU: D shelly_tmcu.cpp:598     RX: 0x00 v=3 [01] (state Ready)
12:00:09      TMCU: D shelly_tmcu.cpp:79      Tmcu Event 1 (0x3fca0e40)
12:00:14      TMCU: D shelly_tmcu.cpp:598     RX: 0x24 v=3 [] (state Ready)
12:00:14      TMCU: D shelly_tmcu.cpp:890     TX: 0x24 v=3 [c8] (Ready)
12:00:23      TMCU: D shelly_tmcu.cpp:598     RX: 0x24 v=3 [] (state Ready)
12:00:23      TMCU: D shelly_tmcu.cpp:890     TX: 0x24 v=3 [c9] (Ready)
12:00:24      TMCU: D shelly_tmcu.cpp:598     RX: 0x00 v=3 [01] (state Ready)
12:00:24      TMCU: D shelly_tmcu.cpp:79      Tmcu Event 1 (0x3fca0e40)
12:00:29      TMCU: D shelly_tmcu.cpp:993     wifi report state is SendRealState
12:00:29      TMCU: D shelly_tmcu.cpp:520     Sending WiFi status 4
12:00:29      TMCU: D shelly_tmcu.cpp:890     TX: 0x03 v=3 [04] (Ready)
12:00:29      TMCU: D shelly_tmcu.cpp:598     RX: 0x03 v=3 [] (state Ready)
12:00:36      TMCU: D shelly_tmcu.cpp:598     RX: 0x1c v=3 [] (state Ready)
12:00:36      TMCU: D shelly_tmcu.cpp:890     TX: 0x1c v=3 [011a09190c002605] (Ready)
12:00:36      TMCU: D shelly_tmcu.cpp:598     RX: 0x24 v=3 [] (state Ready)
12:00:36      TMCU: D shelly_tmcu.cpp:890     TX: 0x24 v=3 [ca] (Ready)
12:00:39      TMCU: D shelly_tmcu.cpp:598     RX: 0x00 v=3 [01] (state Ready)
12:00:39      TMCU: D shelly_tmcu.cpp:79      Tmcu Event 1 (0x3fca0e40)
12:00:54      TMCU: D shelly_tmcu.cpp:598     RX: 0x1c v=3 [] (state Ready)
12:00:54      TMCU: D shelly_tmcu.cpp:890     TX: 0x1c v=3 [011a09190c003805] (Ready)
12:00:54      TMCU: D shelly_tmcu.cpp:598     RX: 0x00 v=3 [01] (state Ready)
12:00:54      TMCU: D shelly_tmcu.cpp:79      Tmcu Event 1 (0x3fca0e40)
12:00:54      TMCU: D shelly_tmcu.cpp:598     RX: 0x24 v=3 [] (state Ready)
12:00:54      TMCU: D shelly_tmcu.cpp:890     TX: 0x24 v=3 [c7] (Ready)
12:00:59      TMCU: D shelly_tmcu.cpp:993     wifi report state is SendRealState
12:00:59      TMCU: D shelly_tmcu.cpp:520     Sending WiFi status 4
12:00:59      TMCU: D shelly_tmcu.cpp:890     TX: 0x03 v=3 [04] (Ready)
12:00:59      TMCU: D shelly_tmcu.cpp:598     RX: 0x03 v=3 [] (state Ready)
12:01:09      TMCU: D shelly_tmcu.cpp:598     RX: 0x00 v=3 [01] (state Ready)
12:01:09      TMCU: D shelly_tmcu.cpp:79      Tmcu Event 1 (0x3fca0e40)
12:01:21      TMCU: D shelly_tmcu.cpp:598     RX: 0x1c v=3 [] (state Ready)
12:01:21      TMCU: D shelly_tmcu.cpp:890     TX: 0x1c v=3 [011a09190c011705] (Ready)
12:01:21      TMCU: D shelly_tmcu.cpp:598     RX: 0x24 v=3 [] (state Ready)
12:01:21      TMCU: D shelly_tmcu.cpp:890     TX: 0x24 v=3 [c7] (Ready)
12:01:24      TMCU: D shelly_tmcu.cpp:598     RX: 0x00 v=3 [01] (state Ready)
12:01:24      TMCU: D shelly_tmcu.cpp:79      Tmcu Event 1 (0x3fca0e40)
12:01:29      TMCU: D shelly_tmcu.cpp:993     wifi report state is SendRealState
12:01:29      TMCU: D shelly_tmcu.cpp:520     Sending WiFi status 4
12:01:29      TMCU: D shelly_tmcu.cpp:890     TX: 0x03 v=3 [04] (Ready)
12:01:29      TMCU: D shelly_tmcu.cpp:598     RX: 0x03 v=3 [] (state Ready)
12:01:39      TMCU: D shelly_tmcu.cpp:598     RX: 0x00 v=3 [01] (state Ready)
12:01:39      TMCU: D shelly_tmcu.cpp:79      Tmcu Event 1 (0x3fca0e40)
12:01:44      TMCU: D shelly_tmcu.cpp:598     RX: 0x24 v=3 [] (state Ready)
12:01:44      TMCU: D shelly_tmcu.cpp:890     TX: 0x24 v=3 [c8] (Ready)
12:01:53      TMCU: D shelly_tmcu.cpp:598     RX: 0x24 v=3 [] (state Ready)
12:01:53      TMCU: D shelly_tmcu.cpp:890     TX: 0x24 v=3 [ca] (Ready)
12:01:54      TMCU: D shelly_tmcu.cpp:598     RX: 0x00 v=3 [01] (state Ready)
12:01:54      TMCU: D shelly_tmcu.cpp:79      Tmcu Event 1 (0x3fca0e40)
12:01:59      TMCU: D shelly_tmcu.cpp:993     wifi report state is SendRealState
12:01:59      TMCU: D shelly_tmcu.cpp:520     Sending WiFi status 4
12:01:59      TMCU: D shelly_tmcu.cpp:890     TX: 0x03 v=3 [04] (Ready)
12:01:59      TMCU: D shelly_tmcu.cpp:598     RX: 0x03 v=3 [] (state Ready)
12:02:06      TMCU: D shelly_tmcu.cpp:598     RX: 0x1c v=3 [] (state Ready)
12:02:06      TMCU: D shelly_tmcu.cpp:890     TX: 0x1c v=3 [011a09190c020805] (Ready)
12:02:06      TMCU: D shelly_tmcu.cpp:598     RX: 0x24 v=3 [] (state Ready)
12:02:06      TMCU: D shelly_tmcu.cpp:890     TX: 0x24 v=3 [c8] (Ready)
12:02:09      TMCU: D shelly_tmcu.cpp:598     RX: 0x00 v=3 [01] (state Ready)
12:02:09      TMCU: D shelly_tmcu.cpp:79      Tmcu Event 1 (0x3fca0e40)
12:02:24      TMCU: D shelly_tmcu.cpp:598     RX: 0x00 v=3 [01] (state Ready)
12:02:24      TMCU: D shelly_tmcu.cpp:79      Tmcu Event 1 (0x3fca0e40)
12:02:24      TMCU: D shelly_tmcu.cpp:598     RX: 0x1c v=3 [] (state Ready)
12:02:24      TMCU: D shelly_tmcu.cpp:890     TX: 0x1c v=3 [011a09190c021a05] (Ready)
12:02:24      TMCU: D shelly_tmcu.cpp:598     RX: 0x24 v=3 [] (state Ready)
12:02:24      TMCU: D shelly_tmcu.cpp:890     TX: 0x24 v=3 [cb] (Ready)
12:02:29      TMCU: D shelly_tmcu.cpp:993     wifi report state is SendRealState
12:02:29      TMCU: D shelly_tmcu.cpp:520     Sending WiFi status 4
12:02:29      TMCU: D shelly_tmcu.cpp:890     TX: 0x03 v=3 [04] (Ready)
12:02:29      TMCU: D shelly_tmcu.cpp:598     RX: 0x03 v=3 [] (state Ready)
12:02:39      TMCU: D shelly_tmcu.cpp:598     RX: 0x00 v=3 [01] (state Ready)
12:02:39      TMCU: D shelly_tmcu.cpp:79      Tmcu Event 1 (0x3fca0e40)
12:02:51      TMCU: D shelly_tmcu.cpp:598     RX: 0x1c v=3 [] (state Ready)
12:02:51      TMCU: D shelly_tmcu.cpp:890     TX: 0x1c v=3 [011a09190c023505] (Ready)
12:02:51      TMCU: D shelly_tmcu.cpp:598     RX: 0x24 v=3 [] (state Ready)
12:02:51      TMCU: D shelly_tmcu.cpp:890     TX: 0x24 v=3 [c7] (Ready)
12:02:54      TMCU: D shelly_tmcu.cpp:598     RX: 0x00 v=3 [01] (state Ready)
12:02:54      TMCU: D shelly_tmcu.cpp:79      Tmcu Event 1 (0x3fca0e40)
12:02:59      TMCU: D shelly_tmcu.cpp:993     wifi report state is SendRealState
12:02:59      TMCU: D shelly_tmcu.cpp:520     Sending WiFi status 4
12:02:59      TMCU: D shelly_tmcu.cpp:890     TX: 0x03 v=3 [04] (Ready)
12:02:59      TMCU: D shelly_tmcu.cpp:598     RX: 0x03 v=3 [] (state Ready)
12:03:09      TMCU: D shelly_tmcu.cpp:598     RX: 0x00 v=3 [01] (state Ready)
12:03:09      TMCU: D shelly_tmcu.cpp:79      Tmcu Event 1 (0x3fca0e40)
12:03:14      TMCU: D shelly_tmcu.cpp:598     RX: 0x24 v=3 [] (state Ready)
12:03:14      TMCU: D shelly_tmcu.cpp:890     TX: 0x24 v=3 [c6] (Ready)
12:03:24      TMCU: D shelly_tmcu.cpp:598     RX: 0x24 v=3 [] (state Ready)
12:03:24      TMCU: D shelly_tmcu.cpp:890     TX: 0x24 v=3 [c8] (Ready)
12:03:24      TMCU: D shelly_tmcu.cpp:598     RX: 0x00 v=3 [01] (state Ready)
12:03:24      TMCU: D shelly_tmcu.cpp:79      Tmcu Event 1 (0x3fca0e40)
12:03:29      TMCU: D shelly_tmcu.cpp:993     wifi report state is SendRealState
12:03:29      TMCU: D shelly_tmcu.cpp:520     Sending WiFi status 4
12:03:29      TMCU: D shelly_tmcu.cpp:890     TX: 0x03 v=3 [04] (Ready)
12:03:29      TMCU: D shelly_tmcu.cpp:598     RX: 0x03 v=3 [] (state Ready)
12:03:36      TMCU: D shelly_tmcu.cpp:598     RX: 0x1c v=3 [] (state Ready)
12:03:36      TMCU: D shelly_tmcu.cpp:890     TX: 0x1c v=3 [011a09190c032605] (Ready)
12:03:36      TMCU: D shelly_tmcu.cpp:598     RX: 0x24 v=3 [] (state Ready)
12:03:36      TMCU: D shelly_tmcu.cpp:890     TX: 0x24 v=3 [c8] (Ready)
12:03:39      TMCU: D shelly_tmcu.cpp:598     RX: 0x00 v=3 [01] (state Ready)
12:03:39      TMCU: D shelly_tmcu.cpp:79      Tmcu Event 1 (0x3fca0e40)
12:03:54      TMCU: D shelly_tmcu.cpp:598     RX: 0x00 v=3 [01] (state Ready)
12:03:54      TMCU: D shelly_tmcu.cpp:79      Tmcu Event 1 (0x3fca0e40)
12:03:54      TMCU: D shelly_tmcu.cpp:598     RX: 0x1c v=3 [] (state Ready)
12:03:54      TMCU: D shelly_tmcu.cpp:890     TX: 0x1c v=3 [011a09190c033805] (Ready)
12:03:54      TMCU: D shelly_tmcu.cpp:598     RX: 0x24 v=3 [] (state Ready)
12:03:54      TMCU: D shelly_tmcu.cpp:890     TX: 0x24 v=3 [c4] (Ready)
12:03:59      TMCU: D shelly_tmcu.cpp:993     wifi report state is SendRealState
12:03:59      TMCU: D shelly_tmcu.cpp:520     Sending WiFi status 4
12:03:59      TMCU: D shelly_tmcu.cpp:890     TX: 0x03 v=3 [04] (Ready)
12:03:59      TMCU: D shelly_tmcu.cpp:598     RX: 0x03 v=3 [] (state Ready)
12:04:09      TMCU: D shelly_tmcu.cpp:598     RX: 0x00 v=3 [01] (state Ready)
12:04:09      TMCU: D shelly_tmcu.cpp:79      Tmcu Event 1 (0x3fca0e40)
12:04:21      TMCU: D shelly_tmcu.cpp:598     RX: 0x1c v=3 [] (state Ready)
12:04:21      TMCU: D shelly_tmcu.cpp:890     TX: 0x1c v=3 [011a09190c041705] (Ready)
12:04:21      TMCU: D shelly_tmcu.cpp:598     RX: 0x24 v=3 [] (state Ready)
12:04:21      TMCU: D shelly_tmcu.cpp:890     TX: 0x24 v=3 [c8] (Ready)
12:04:24      TMCU: D shelly_tmcu.cpp:598     RX: 0x00 v=3 [01] (state Ready)
12:04:24      TMCU: D shelly_tmcu.cpp:79      Tmcu Event 1 (0x3fca0e40)
12:04:29      TMCU: D shelly_tmcu.cpp:993     wifi report state is SendRealState
12:04:29      TMCU: D shelly_tmcu.cpp:520     Sending WiFi status 4
12:04:29      TMCU: D shelly_tmcu.cpp:890     TX: 0x03 v=3 [04] (Ready)
12:04:29      TMCU: D shelly_tmcu.cpp:598     RX: 0x03 v=3 [] (state Ready)
12:04:39      TMCU: D shelly_tmcu.cpp:598     RX: 0x00 v=3 [01] (state Ready)
12:04:39      TMCU: D shelly_tmcu.cpp:79      Tmcu Event 1 (0x3fca0e40)
12:04:45      TMCU: D shelly_tmcu.cpp:598     RX: 0x24 v=3 [] (state Ready)
12:04:45      TMCU: D shelly_tmcu.cpp:890     TX: 0x24 v=3 [cb] (Ready)
12:04:54      TMCU: D shelly_tmcu.cpp:598     RX: 0x00 v=3 [01] (state Ready)
12:04:54      TMCU: D shelly_tmcu.cpp:79      Tmcu Event 1 (0x3fca0e40)
12:04:54      TMCU: D shelly_tmcu.cpp:598     RX: 0x24 v=3 [] (state Ready)
12:04:54      TMCU: D shelly_tmcu.cpp:890     TX: 0x24 v=3 [c9] (Ready)
12:04:59      TMCU: D shelly_tmcu.cpp:993     wifi report state is SendRealState
12:04:59      TMCU: D shelly_tmcu.cpp:520     Sending WiFi status 4
12:04:59      TMCU: D shelly_tmcu.cpp:890     TX: 0x03 v=3 [04] (Ready)
12:04:59      TMCU: D shelly_tmcu.cpp:598     RX: 0x03 v=3 [] (state Ready)
12:05:06      TMCU: D shelly_tmcu.cpp:598     RX: 0x1c v=3 [] (state Ready)
12:05:06      TMCU: D shelly_tmcu.cpp:890     TX: 0x1c v=3 [011a09190c050905] (Ready)
12:05:06      TMCU: D shelly_tmcu.cpp:598     RX: 0x24 v=3 [] (state Ready)
12:05:06      TMCU: D shelly_tmcu.cpp:890     TX: 0x24 v=3 [c2] (Ready)
12:05:09      TMCU: D shelly_tmcu.cpp:598     RX: 0x00 v=3 [01] (state Ready)
12:05:09      TMCU: D shelly_tmcu.cpp:79      Tmcu Event 1 (0x3fca0e40)
12:05:24      TMCU: D shelly_tmcu.cpp:598     RX: 0x00 v=3 [01] (state Ready)
12:05:24      TMCU: D shelly_tmcu.cpp:79      Tmcu Event 1 (0x3fca0e40)
12:05:24      TMCU: D shelly_tmcu.cpp:598     RX: 0x1c v=3 [] (state Ready)
12:05:24      TMCU: D shelly_tmcu.cpp:890     TX: 0x1c v=3 [011a09190c051b05] (Ready)
12:05:25      TMCU: D shelly_tmcu.cpp:598     RX: 0x24 v=3 [] (state Ready)
12:05:25      TMCU: D shelly_tmcu.cpp:890     TX: 0x24 v=3 [c7] (Ready)
12:05:26      TMCU: D shelly_tmcu.cpp:598     RX: 0x07 v=3 [1802000400000012] (state Ready)
12:05:26      TMCU: D shelly_tmcu.cpp:862     same int 24 = 18
12:05:29      TMCU: D shelly_tmcu.cpp:993     wifi report state is SendRealState
12:05:29      TMCU: D shelly_tmcu.cpp:520     Sending WiFi status 4
12:05:29      TMCU: D shelly_tmcu.cpp:890     TX: 0x03 v=3 [04] (Ready)
12:05:29      TMCU: D shelly_tmcu.cpp:598     RX: 0x03 v=3 [] (state Ready)
12:05:39      TMCU: D shelly_tmcu.cpp:598     RX: 0x00 v=3 [01] (state Ready)
12:05:39      TMCU: D shelly_tmcu.cpp:79      Tmcu Event 1 (0x3fca0e40)
12:05:52      TMCU: D shelly_tmcu.cpp:598     RX: 0x1c v=3 [] (state Ready)
12:05:52      TMCU: D shelly_tmcu.cpp:890     TX: 0x1c v=3 [011a09190c053605] (Ready)
12:05:52      TMCU: D shelly_tmcu.cpp:598     RX: 0x24 v=3 [] (state Ready)
12:05:52      TMCU: D shelly_tmcu.cpp:890     TX: 0x24 v=3 [ca] (Ready)
12:05:54      TMCU: D shelly_tmcu.cpp:598     RX: 0x00 v=3 [01] (state Ready)
12:05:54      TMCU: D shelly_tmcu.cpp:79      Tmcu Event 1 (0x3fca0e40)
12:05:59      TMCU: D shelly_tmcu.cpp:993     wifi report state is SendRealState
12:05:59      TMCU: D shelly_tmcu.cpp:520     Sending WiFi status 4
12:05:59      TMCU: D shelly_tmcu.cpp:890     TX: 0x03 v=3 [04] (Ready)
12:05:59      TMCU: D shelly_tmcu.cpp:598     RX: 0x03 v=3 [] (state Ready)
12:06:09      TMCU: D shelly_tmcu.cpp:598     RX: 0x00 v=3 [01] (state Ready)
12:06:09      TMCU: D shelly_tmcu.cpp:79      Tmcu Event 1 (0x3fca0e40)
12:06:15      TMCU: D shelly_tmcu.cpp:598     RX: 0x24 v=3 [] (state Ready)
12:06:15      TMCU: D shelly_tmcu.cpp:890     TX: 0x24 v=3 [ca] (Ready)
12:06:24      TMCU: D shelly_tmcu.cpp:598     RX: 0x00 v=3 [01] (state Ready)
12:06:24      TMCU: D shelly_tmcu.cpp:79      Tmcu Event 1 (0x3fca0e40)
12:06:24      TMCU: D shelly_tmcu.cpp:598     RX: 0x24 v=3 [] (state Ready)
12:06:24      TMCU: D shelly_tmcu.cpp:890     TX: 0x24 v=3 [cd] (Ready)
12:06:29      TMCU: D shelly_tmcu.cpp:993     wifi report state is SendRealState
12:06:29      TMCU: D shelly_tmcu.cpp:520     Sending WiFi status 4
12:06:29      TMCU: D shelly_tmcu.cpp:890     TX: 0x03 v=3 [04] (Ready)
12:06:29      TMCU: D shelly_tmcu.cpp:598     RX: 0x03 v=3 [] (state Ready)
12:06:37      TMCU: D shelly_tmcu.cpp:598     RX: 0x1c v=3 [] (state Ready)
12:06:37      TMCU: D shelly_tmcu.cpp:890     TX: 0x1c v=3 [011a09190c062705] (Ready)
12:06:37      TMCU: D shelly_tmcu.cpp:598     RX: 0x24 v=3 [] (state Ready)
12:06:37      TMCU: D shelly_tmcu.cpp:890     TX: 0x24 v=3 [cc] (Ready)
12:06:39      TMCU: D shelly_tmcu.cpp:598     RX: 0x00 v=3 [01] (state Ready)
12:06:39      TMCU: D shelly_tmcu.cpp:79      Tmcu Event 1 (0x3fca0e40)
12:06:54      TMCU: D shelly_tmcu.cpp:598     RX: 0x00 v=3 [01] (state Ready)
12:06:54      TMCU: D shelly_tmcu.cpp:79      Tmcu Event 1 (0x3fca0e40)
12:06:55      TMCU: D shelly_tmcu.cpp:598     RX: 0x1c v=3 [] (state Ready)
12:06:55      TMCU: D shelly_tmcu.cpp:890     TX: 0x1c v=3 [011a09190c063905] (Ready)
12:06:55      TMCU: D shelly_tmcu.cpp:598     RX: 0x24 v=3 [] (state Ready)
12:06:55      TMCU: D shelly_tmcu.cpp:890     TX: 0x24 v=3 [c6] (Ready)
12:06:59      TMCU: D shelly_tmcu.cpp:993     wifi report state is SendRealState
12:06:59      TMCU: D shelly_tmcu.cpp:520     Sending WiFi status 4
12:06:59      TMCU: D shelly_tmcu.cpp:890     TX: 0x03 v=3 [04] (Ready)
12:06:59      TMCU: D shelly_tmcu.cpp:598     RX: 0x03 v=3 [] (state Ready)
12:07:09      TMCU: D shelly_tmcu.cpp:598     RX: 0x00 v=3 [01] (state Ready)
12:07:09      TMCU: D shelly_tmcu.cpp:79      Tmcu Event 1 (0x3fca0e40)
12:07:22      TMCU: D shelly_tmcu.cpp:598     RX: 0x1c v=3 [] (state Ready)
12:07:22      TMCU: D shelly_tmcu.cpp:890     TX: 0x1c v=3 [011a09190c071805] (Ready)
12:07:22      TMCU: D shelly_tmcu.cpp:598     RX: 0x24 v=3 [] (state Ready)
12:07:22      TMCU: D shelly_tmcu.cpp:890     TX: 0x24 v=3 [cb] (Ready)
12:07:24      TMCU: D shelly_tmcu.cpp:598     RX: 0x00 v=3 [01] (state Ready)
12:07:24      TMCU: D shelly_tmcu.cpp:79      Tmcu Event 1 (0x3fca0e40)
12:07:29      TMCU: D shelly_tmcu.cpp:993     wifi report state is SendRealState
12:07:29      TMCU: D shelly_tmcu.cpp:520     Sending WiFi status 4
12:07:29      TMCU: D shelly_tmcu.cpp:890     TX: 0x03 v=3 [04] (Ready)
12:07:29      TMCU: D shelly_tmcu.cpp:598     RX: 0x03 v=3 [] (state Ready)
12:07:39      TMCU: D shelly_tmcu.cpp:598     RX: 0x00 v=3 [01] (state Ready)
12:07:39      TMCU: D shelly_tmcu.cpp:79      Tmcu Event 1 (0x3fca0e40)
12:07:45      TMCU: D shelly_tmcu.cpp:598     RX: 0x24 v=3 [] (state Ready)
12:07:45      TMCU: D shelly_tmcu.cpp:890     TX: 0x24 v=3 [cb] (Ready)
12:07:54      TMCU: D shelly_tmcu.cpp:598     RX: 0x00 v=3 [01] (state Ready)
12:07:54      TMCU: D shelly_tmcu.cpp:79      Tmcu Event 1 (0x3fca0e40)
12:07:54      TMCU: D shelly_tmcu.cpp:598     RX: 0x24 v=3 [] (state Ready)
12:07:54      TMCU: D shelly_tmcu.cpp:890     TX: 0x24 v=3 [cb] (Ready)
12:07:59      TMCU: D shelly_tmcu.cpp:993     wifi report state is SendRealState
12:07:59      TMCU: D shelly_tmcu.cpp:520     Sending WiFi status 4
12:07:59      TMCU: D shelly_tmcu.cpp:890     TX: 0x03 v=3 [04] (Ready)
12:07:59      TMCU: D shelly_tmcu.cpp:598     RX: 0x03 v=3 [] (state Ready)
12:08:07      TMCU: D shelly_tmcu.cpp:598     RX: 0x1c v=3 [] (state Ready)
12:08:07      TMCU: D shelly_tmcu.cpp:890     TX: 0x1c v=3 [011a09190c080905] (Ready)
12:08:07      TMCU: D shelly_tmcu.cpp:598     RX: 0x24 v=3 [] (state Ready)
12:08:07      TMCU: D shelly_tmcu.cpp:890     TX: 0x24 v=3 [cd] (Ready)
12:08:09      TMCU: D shelly_tmcu.cpp:598     RX: 0x00 v=3 [01] (state Ready)
12:08:09      TMCU: D shelly_tmcu.cpp:79      Tmcu Event 1 (0x3fca0e40)
12:08:24      TMCU: D shelly_tmcu.cpp:598     RX: 0x00 v=3 [01] (state Ready)
12:08:24      TMCU: D shelly_tmcu.cpp:79      Tmcu Event 1 (0x3fca0e40)
12:08:25      TMCU: D shelly_tmcu.cpp:598     RX: 0x1c v=3 [] (state Ready)
12:08:25      TMCU: D shelly_tmcu.cpp:890     TX: 0x1c v=3 [011a09190c081b05] (Ready)
12:08:25      TMCU: D shelly_tmcu.cpp:598     RX: 0x24 v=3 [] (state Ready)
12:08:25      TMCU: D shelly_tmcu.cpp:890     TX: 0x24 v=3 [cb] (Ready)
12:08:29      TMCU: D shelly_tmcu.cpp:993     wifi report state is SendRealState
12:08:29      TMCU: D shelly_tmcu.cpp:520     Sending WiFi status 4
12:08:29      TMCU: D shelly_tmcu.cpp:890     TX: 0x03 v=3 [04] (Ready)
12:08:29      TMCU: D shelly_tmcu.cpp:598     RX: 0x03 v=3 [] (state Ready)
12:08:39      TMCU: D shelly_tmcu.cpp:598     RX: 0x00 v=3 [01] (state Ready)
12:08:39      TMCU: D shelly_tmcu.cpp:79      Tmcu Event 1 (0x3fca0e40)
12:08:52      TMCU: D shelly_tmcu.cpp:598     RX: 0x1c v=3 [] (state Ready)
12:08:52      TMCU: D shelly_tmcu.cpp:890     TX: 0x1c v=3 [011a09190c083605] (Ready)
12:08:52      TMCU: D shelly_tmcu.cpp:598     RX: 0x24 v=3 [] (state Ready)
12:08:52      TMCU: D shelly_tmcu.cpp:890     TX: 0x24 v=3 [cd] (Ready)
12:08:54      TMCU: D shelly_tmcu.cpp:598     RX: 0x00 v=3 [01] (state Ready)
12:08:54      TMCU: D shelly_tmcu.cpp:79      Tmcu Event 1 (0x3fca0e40)
12:08:59      TMCU: D shelly_tmcu.cpp:993     wifi report state is SendRealState
12:08:59      TMCU: D shelly_tmcu.cpp:520     Sending WiFi status 4
12:08:59      TMCU: D shelly_tmcu.cpp:890     TX: 0x03 v=3 [04] (Ready)
12:08:59      TMCU: D shelly_tmcu.cpp:598     RX: 0x03 v=3 [] (state Ready)
12:09:09      TMCU: D shelly_tmcu.cpp:598     RX: 0x00 v=3 [01] (state Ready)
12:09:09      TMCU: D shelly_tmcu.cpp:79      Tmcu Event 1 (0x3fca0e40)
12:09:15      TMCU: D shelly_tmcu.cpp:598     RX: 0x24 v=3 [] (state Ready)
12:09:15      TMCU: D shelly_tmcu.cpp:890     TX: 0x24 v=3 [cd] (Ready)
12:09:24      TMCU: D shelly_tmcu.cpp:598     RX: 0x00 v=3 [01] (state Ready)
12:09:24      TMCU: D shelly_tmcu.cpp:79      Tmcu Event 1 (0x3fca0e40)
12:09:25      TMCU: D shelly_tmcu.cpp:598     RX: 0x24 v=3 [] (state Ready)
12:09:25      TMCU: D shelly_tmcu.cpp:890     TX: 0x24 v=3 [ca] (Ready)
12:09:29      TMCU: D shelly_tmcu.cpp:993     wifi report state is SendRealState
12:09:29      TMCU: D shelly_tmcu.cpp:520     Sending WiFi status 4
12:09:29      TMCU: D shelly_tmcu.cpp:890     TX: 0x03 v=3 [04] (Ready)
12:09:29      TMCU: D shelly_tmcu.cpp:598     RX: 0x03 v=3 [] (state Ready)
12:09:37      TMCU: D shelly_tmcu.cpp:598     RX: 0x1c v=3 [] (state Ready)
12:09:37      TMCU: D shelly_tmcu.cpp:890     TX: 0x1c v=3 [011a09190c092705] (Ready)
12:09:37      TMCU: D shelly_tmcu.cpp:598     RX: 0x24 v=3 [] (state Ready)
12:09:37      TMCU: D shelly_tmcu.cpp:890     TX: 0x24 v=3 [ce] (Ready)
12:09:39      TMCU: D shelly_tmcu.cpp:598     RX: 0x00 v=3 [01] (state Ready)
12:09:39      TMCU: D shelly_tmcu.cpp:79      Tmcu Event 1 (0x3fca0e40)
12:09:54      TMCU: D shelly_tmcu.cpp:598     RX: 0x00 v=3 [01] (state Ready)
12:09:54      TMCU: D shelly_tmcu.cpp:79      Tmcu Event 1 (0x3fca0e40)
12:09:55      TMCU: D shelly_tmcu.cpp:598     RX: 0x1c v=3 [] (state Ready)
12:09:55      TMCU: D shelly_tmcu.cpp:890     TX: 0x1c v=3 [011a09190c093905] (Ready)
12:09:55      TMCU: D shelly_tmcu.cpp:598     RX: 0x24 v=3 [] (state Ready)
12:09:55      TMCU: D shelly_tmcu.cpp:890     TX: 0x24 v=3 [ca] (Ready)
12:09:59      TMCU: D shelly_tmcu.cpp:993     wifi report state is SendRealState
12:09:59      TMCU: D shelly_tmcu.cpp:520     Sending WiFi status 4
12:09:59      TMCU: D shelly_tmcu.cpp:890     TX: 0x03 v=3 [04] (Ready)
12:09:59      TMCU: D shelly_tmcu.cpp:598     RX: 0x03 v=3 [] (state Ready)
12:10:09      TMCU: D shelly_tmcu.cpp:598     RX: 0x00 v=3 [01] (state Ready)
12:10:09      TMCU: D shelly_tmcu.cpp:79      Tmcu Event 1 (0x3fca0e40)
12:10:22      TMCU: D shelly_tmcu.cpp:598     RX: 0x1c v=3 [] (state Ready)
12:10:22      TMCU: D shelly_tmcu.cpp:890     TX: 0x1c v=3 [011a09190c0a1805] (Ready)
12:10:22      TMCU: D shelly_tmcu.cpp:598     RX: 0x24 v=3 [] (state Ready)
12:10:22      TMCU: D shelly_tmcu.cpp:890     TX: 0x24 v=3 [cb] (Ready)
12:10:24      TMCU: D shelly_tmcu.cpp:598     RX: 0x00 v=3 [01] (state Ready)
12:10:24      TMCU: D shelly_tmcu.cpp:79      Tmcu Event 1 (0x3fca0e40)
12:10:29      TMCU: D shelly_tmcu.cpp:993     wifi report state is SendRealState
12:10:29      TMCU: D shelly_tmcu.cpp:520     Sending WiFi status 4
12:10:29      TMCU: D shelly_tmcu.cpp:890     TX: 0x03 v=3 [04] (Ready)
12:10:29      TMCU: D shelly_tmcu.cpp:598     RX: 0x03 v=3 [] (state Ready)
12:10:39      TMCU: D shelly_tmcu.cpp:598     RX: 0x00 v=3 [01] (state Ready)
12:10:39      TMCU: D shelly_tmcu.cpp:79      Tmcu Event 1 (0x3fca0e40)
12:10:46      TMCU: D shelly_tmcu.cpp:598     RX: 0x24 v=3 [] (state Ready)
12:10:46      TMCU: D shelly_tmcu.cpp:890     TX: 0x24 v=3 [cd] (Ready)
12:10:54      TMCU: D shelly_tmcu.cpp:598     RX: 0x00 v=3 [01] (state Ready)
12:10:54      TMCU: D shelly_tmcu.cpp:79      Tmcu Event 1 (0x3fca0e40)
12:10:55      TMCU: D shelly_tmcu.cpp:598     RX: 0x24 v=3 [] (state Ready)
12:10:55      TMCU: D shelly_tmcu.cpp:890     TX: 0x24 v=3 [cc] (Ready)
12:10:59      TMCU: D shelly_tmcu.cpp:993     wifi report state is SendRealState
12:10:59      TMCU: D shelly_tmcu.cpp:520     Sending WiFi status 4
12:10:59      TMCU: D shelly_tmcu.cpp:890     TX: 0x03 v=3 [04] (Ready)
12:10:59      TMCU: D shelly_tmcu.cpp:598     RX: 0x03 v=3 [] (state Ready)
12:11:07      TMCU: D shelly_tmcu.cpp:598     RX: 0x1c v=3 [] (state Ready)
12:11:07      TMCU: D shelly_tmcu.cpp:598     RX: 0x24 v=3 [] (state Ready)
12:11:07      TMCU: D shelly_tmcu.cpp:890     TX: 0x1c v=3 [011a09190c0b0a05] (Ready)
12:11:07      TMCU: D shelly_tmcu.cpp:890     TX: 0x24 v=3 [cc] (Ready)
12:11:09      TMCU: D shelly_tmcu.cpp:598     RX: 0x00 v=3 [01] (state Ready)
12:11:09      TMCU: D shelly_tmcu.cpp:79      Tmcu Event 1 (0x3fca0e40)
12:11:24      TMCU: D shelly_tmcu.cpp:598     RX: 0x00 v=3 [01] (state Ready)
12:11:24      TMCU: D shelly_tmcu.cpp:79      Tmcu Event 1 (0x3fca0e40)
12:11:25      TMCU: D shelly_tmcu.cpp:598     RX: 0x1c v=3 [] (state Ready)
12:11:25      TMCU: D shelly_tmcu.cpp:890     TX: 0x1c v=3 [011a09190c0b1c05] (Ready)
12:11:26      TMCU: D shelly_tmcu.cpp:598     RX: 0x24 v=3 [] (state Ready)
12:11:26      TMCU: D shelly_tmcu.cpp:890     TX: 0x24 v=3 [ca] (Ready)
12:11:29      TMCU: D shelly_tmcu.cpp:993     wifi report state is SendRealState
12:11:29      TMCU: D shelly_tmcu.cpp:520     Sending WiFi status 4
12:11:29      TMCU: D shelly_tmcu.cpp:890     TX: 0x03 v=3 [04] (Ready)
12:11:29      TMCU: D shelly_tmcu.cpp:598     RX: 0x03 v=3 [] (state Ready)
12:11:39      TMCU: D shelly_tmcu.cpp:598     RX: 0x00 v=3 [01] (state Ready)
12:11:39      TMCU: D shelly_tmcu.cpp:79      Tmcu Event 1 (0x3fca0e40)
12:11:47      TMCU: D shelly_tmcu.cpp:598     RX: 0x07 v=3 [1802000400000012] (state Ready)
12:11:47      TMCU: D shelly_tmcu.cpp:862     same int 24 = 18
12:11:53      TMCU: D shelly_tmcu.cpp:598     RX: 0x1c v=3 [] (state Ready)
12:11:53      TMCU: D shelly_tmcu.cpp:890     TX: 0x1c v=3 [011a09190c0b3705] (Ready)
12:11:53      TMCU: D shelly_tmcu.cpp:598     RX: 0x24 v=3 [] (state Ready)
12:11:53      TMCU: D shelly_tmcu.cpp:890     TX: 0x24 v=3 [ca] (Ready)
12:11:54      TMCU: D shelly_tmcu.cpp:598     RX: 0x00 v=3 [01] (state Ready)
12:11:54      TMCU: D shelly_tmcu.cpp:79      Tmcu Event 1 (0x3fca0e40)
12:11:59      TMCU: D shelly_tmcu.cpp:993     wifi report state is SendRealState
12:11:59      TMCU: D shelly_tmcu.cpp:520     Sending WiFi status 4
12:11:59      TMCU: D shelly_tmcu.cpp:890     TX: 0x03 v=3 [04] (Ready)
12:11:59      TMCU: D shelly_tmcu.cpp:598     RX: 0x03 v=3 [] (state Ready)
12:12:09      TMCU: D shelly_tmcu.cpp:598     RX: 0x00 v=3 [01] (state Ready)
12:12:09      TMCU: D shelly_tmcu.cpp:79      Tmcu Event 1 (0x3fca0e40)
12:12:16      TMCU: D shelly_tmcu.cpp:598     RX: 0x24 v=3 [] (state Ready)
12:12:16      TMCU: D shelly_tmcu.cpp:890     TX: 0x24 v=3 [cd] (Ready)
12:12:24      TMCU: D shelly_tmcu.cpp:598     RX: 0x00 v=3 [01] (state Ready)
12:12:24      TMCU: D shelly_tmcu.cpp:79      Tmcu Event 1 (0x3fca0e40)
12:12:25      TMCU: D shelly_tmcu.cpp:598     RX: 0x24 v=3 [] (state Ready)
12:12:25      TMCU: D shelly_tmcu.cpp:890     TX: 0x24 v=3 [cd] (Ready)
12:12:29      TMCU: D shelly_tmcu.cpp:993     wifi report state is SendRealState
12:12:29      TMCU: D shelly_tmcu.cpp:520     Sending WiFi status 4
12:12:29      TMCU: D shelly_tmcu.cpp:890     TX: 0x03 v=3 [04] (Ready)
12:12:29      TMCU: D shelly_tmcu.cpp:598     RX: 0x03 v=3 [] (state Ready)
12:12:38      TMCU: D shelly_tmcu.cpp:598     RX: 0x1c v=3 [] (state Ready)
12:12:38      TMCU: D shelly_tmcu.cpp:890     TX: 0x1c v=3 [011a09190c0c2805] (Ready)
12:12:38      TMCU: D shelly_tmcu.cpp:598     RX: 0x24 v=3 [] (state Ready)
12:12:38      TMCU: D shelly_tmcu.cpp:890     TX: 0x24 v=3 [ce] (Ready)
12:12:39      TMCU: D shelly_tmcu.cpp:598     RX: 0x00 v=3 [01] (state Ready)
12:12:39      TMCU: D shelly_tmcu.cpp:79      Tmcu Event 1 (0x3fca0e40)
12:12:54      TMCU: D shelly_tmcu.cpp:598     RX: 0x00 v=3 [01] (state Ready)
12:12:54      TMCU: D shelly_tmcu.cpp:79      Tmcu Event 1 (0x3fca0e40)
12:12:56      TMCU: D shelly_tmcu.cpp:598     RX: 0x1c v=3 [] (state Ready)
12:12:56      TMCU: D shelly_tmcu.cpp:890     TX: 0x1c v=3 [011a09190c0c3a05] (Ready)
12:12:56      TMCU: D shelly_tmcu.cpp:598     RX: 0x24 v=3 [] (state Ready)
12:12:56      TMCU: D shelly_tmcu.cpp:890     TX: 0x24 v=3 [ca] (Ready)
12:12:59      TMCU: D shelly_tmcu.cpp:993     wifi report state is SendRealState
12:12:59      TMCU: D shelly_tmcu.cpp:520     Sending WiFi status 4
12:12:59      TMCU: D shelly_tmcu.cpp:890     TX: 0x03 v=3 [04] (Ready)
12:12:59      TMCU: D shelly_tmcu.cpp:598     RX: 0x03 v=3 [] (state Ready)
12:13:09      TMCU: D shelly_tmcu.cpp:598     RX: 0x00 v=3 [01] (state Ready)
12:13:09      TMCU: D shelly_tmcu.cpp:79      Tmcu Event 1 (0x3fca0e40)
12:13:23      TMCU: D shelly_tmcu.cpp:598     RX: 0x1c v=3 [] (state Ready)
12:13:23      TMCU: D shelly_tmcu.cpp:890     TX: 0x1c v=3 [011a09190c0d1905] (Ready)
12:13:23      TMCU: D shelly_tmcu.cpp:598     RX: 0x24 v=3 [] (state Ready)
12:13:23      TMCU: D shelly_tmcu.cpp:890     TX: 0x24 v=3 [ca] (Ready)
12:13:24      TMCU: D shelly_tmcu.cpp:598     RX: 0x00 v=3 [01] (state Ready)
12:13:24      TMCU: D shelly_tmcu.cpp:79      Tmcu Event 1 (0x3fca0e40)
12:13:29      TMCU: D shelly_tmcu.cpp:993     wifi report state is SendRealState
12:13:29      TMCU: D shelly_tmcu.cpp:520     Sending WiFi status 4
12:13:29      TMCU: D shelly_tmcu.cpp:890     TX: 0x03 v=3 [04] (Ready)
12:13:29      TMCU: D shelly_tmcu.cpp:598     RX: 0x03 v=3 [] (state Ready)
12:13:39      TMCU: D shelly_tmcu.cpp:598     RX: 0x00 v=3 [01] (state Ready)
12:13:39      TMCU: D shelly_tmcu.cpp:79      Tmcu Event 1 (0x3fca0e40)
12:13:46      TMCU: D shelly_tmcu.cpp:598     RX: 0x24 v=3 [] (state Ready)
12:13:46      TMCU: D shelly_tmcu.cpp:890     TX: 0x24 v=3 [cd] (Ready)
12:13:54      TMCU: D shelly_tmcu.cpp:598     RX: 0x00 v=3 [01] (state Ready)
12:13:54      TMCU: D shelly_tmcu.cpp:79      Tmcu Event 1 (0x3fca0e40)
12:13:55      TMCU: D shelly_tmcu.cpp:598     RX: 0x24 v=3 [] (state Ready)
12:13:55      TMCU: D shelly_tmcu.cpp:890     TX: 0x24 v=3 [ce] (Ready)
12:13:59      TMCU: D shelly_tmcu.cpp:993     wifi report state is SendRealState
12:13:59      TMCU: D shelly_tmcu.cpp:520     Sending WiFi status 4
12:13:59      TMCU: D shelly_tmcu.cpp:890     TX: 0x03 v=3 [04] (Ready)
12:13:59      TMCU: D shelly_tmcu.cpp:598     RX: 0x03 v=3 [] (state Ready)
12:14:08      TMCU: D shelly_tmcu.cpp:598     RX: 0x1c v=3 [] (state Ready)
12:14:08      TMCU: D shelly_tmcu.cpp:890     TX: 0x1c v=3 [011a09190c0e0a05] (Ready)
12:14:08      TMCU: D shelly_tmcu.cpp:598     RX: 0x24 v=3 [] (state Ready)
12:14:08      TMCU: D shelly_tmcu.cpp:890     TX: 0x24 v=3 [cb] (Ready)
12:14:09      TMCU: D shelly_tmcu.cpp:598     RX: 0x00 v=3 [01] (state Ready)
12:14:09      TMCU: D shelly_tmcu.cpp:79      Tmcu Event 1 (0x3fca0e40)
12:14:24      TMCU: D shelly_tmcu.cpp:598     RX: 0x00 v=3 [01] (state Ready)
12:14:24      TMCU: D shelly_tmcu.cpp:79      Tmcu Event 1 (0x3fca0e40)
12:14:26      TMCU: D shelly_tmcu.cpp:598     RX: 0x1c v=3 [] (state Ready)
12:14:26      TMCU: D shelly_tmcu.cpp:890     TX: 0x1c v=3 [011a09190c0e1c05] (Ready)
12:14:26      TMCU: D shelly_tmcu.cpp:598     RX: 0x24 v=3 [] (state Ready)
12:14:26      TMCU: D shelly_tmcu.cpp:890     TX: 0x24 v=3 [cd] (Ready)
12:14:29      TMCU: D shelly_tmcu.cpp:993     wifi report state is SendRealState
12:14:29      TMCU: D shelly_tmcu.cpp:520     Sending WiFi status 4
12:14:29      TMCU: D shelly_tmcu.cpp:890     TX: 0x03 v=3 [04] (Ready)
12:14:29      TMCU: D shelly_tmcu.cpp:598     RX: 0x03 v=3 [] (state Ready)
12:14:39      TMCU: D shelly_tmcu.cpp:598     RX: 0x00 v=3 [01] (state Ready)
12:14:39      TMCU: D shelly_tmcu.cpp:79      Tmcu Event 1 (0x3fca0e40)
12:14:53      TMCU: D shelly_tmcu.cpp:598     RX: 0x1c v=3 [] (state Ready)
12:14:53      TMCU: D shelly_tmcu.cpp:890     TX: 0x1c v=3 [011a09190c0e3705] (Ready)
12:14:53      TMCU: D shelly_tmcu.cpp:598     RX: 0x24 v=3 [] (state Ready)
12:14:53      TMCU: D shelly_tmcu.cpp:890     TX: 0x24 v=3 [cd] (Ready)
12:14:54      TMCU: D shelly_tmcu.cpp:598     RX: 0x00 v=3 [01] (state Ready)
12:14:54      TMCU: D shelly_tmcu.cpp:79      Tmcu Event 1 (0x3fca0e40)
12:14:59      TMCU: D shelly_tmcu.cpp:993     wifi report state is SendRealState
12:14:59      TMCU: D shelly_tmcu.cpp:520     Sending WiFi status 4
12:14:59      TMCU: D shelly_tmcu.cpp:890     TX: 0x03 v=3 [04] (Ready)
12:14:59      TMCU: D shelly_tmcu.cpp:598     RX: 0x03 v=3 [] (state Ready)
12:15:09      TMCU: D shelly_tmcu.cpp:598     RX: 0x00 v=3 [01] (state Ready)
12:15:09      TMCU: D shelly_tmcu.cpp:79      Tmcu Event 1 (0x3fca0e40)
12:15:16      TMCU: D shelly_tmcu.cpp:598     RX: 0x24 v=3 [] (state Ready)
12:15:16      TMCU: D shelly_tmcu.cpp:890     TX: 0x24 v=3 [cd] (Ready)
12:15:24      TMCU: D shelly_tmcu.cpp:598     RX: 0x00 v=3 [01] (state Ready)
12:15:24      TMCU: D shelly_tmcu.cpp:79      Tmcu Event 1 (0x3fca0e40)
12:15:26      TMCU: D shelly_tmcu.cpp:598     RX: 0x24 v=3 [] (state Ready)
12:15:26      TMCU: D shelly_tmcu.cpp:890     TX: 0x24 v=3 [ca] (Ready)
12:15:29      TMCU: D shelly_tmcu.cpp:993     wifi report state is SendRealState
12:15:29      TMCU: D shelly_tmcu.cpp:520     Sending WiFi status 4
12:15:29      TMCU: D shelly_tmcu.cpp:890     TX: 0x03 v=3 [04] (Ready)
12:15:29      TMCU: D shelly_tmcu.cpp:598     RX: 0x03 v=3 [] (state Ready)
12:15:38      TMCU: D shelly_tmcu.cpp:598     RX: 0x1c v=3 [] (state Ready)
12:15:38      TMCU: D shelly_tmcu.cpp:890     TX: 0x1c v=3 [011a09190c0f2805] (Ready)
12:15:38      TMCU: D shelly_tmcu.cpp:598     RX: 0x24 v=3 [] (state Ready)
12:15:38      TMCU: D shelly_tmcu.cpp:890     TX: 0x24 v=3 [c9] (Ready)
12:15:39      TMCU: D shelly_tmcu.cpp:598     RX: 0x00 v=3 [01] (state Ready)
12:15:39      TMCU: D shelly_tmcu.cpp:79      Tmcu Event 1 (0x3fca0e40)
12:15:54      TMCU: D shelly_tmcu.cpp:598     RX: 0x00 v=3 [01] (state Ready)
12:15:54      TMCU: D shelly_tmcu.cpp:79      Tmcu Event 1 (0x3fca0e40)
12:15:56      TMCU: D shelly_tmcu.cpp:598     RX: 0x1c v=3 [] (state Ready)
12:15:56      TMCU: D shelly_tmcu.cpp:890     TX: 0x1c v=3 [011a09190c0f3a05] (Ready)
12:15:56      TMCU: D shelly_tmcu.cpp:598     RX: 0x24 v=3 [] (state Ready)
12:15:56      TMCU: D shelly_tmcu.cpp:890     TX: 0x24 v=3 [cb] (Ready)
12:15:59      TMCU: D shelly_tmcu.cpp:993     wifi report state is SendRealState
12:15:59      TMCU: D shelly_tmcu.cpp:520     Sending WiFi status 4
12:15:59      TMCU: D shelly_tmcu.cpp:890     TX: 0x03 v=3 [04] (Ready)
12:15:59      TMCU: D shelly_tmcu.cpp:598     RX: 0x03 v=3 [] (state Ready)
12:16:09      TMCU: D shelly_tmcu.cpp:598     RX: 0x00 v=3 [01] (state Ready)
12:16:09      TMCU: D shelly_tmcu.cpp:79      Tmcu Event 1 (0x3fca0e40)
12:16:23      TMCU: D shelly_tmcu.cpp:598     RX: 0x1c v=3 [] (state Ready)
12:16:23      TMCU: D shelly_tmcu.cpp:890     TX: 0x1c v=3 [011a09190c101905] (Ready)
12:16:23      TMCU: D shelly_tmcu.cpp:598     RX: 0x24 v=3 [] (state Ready)
12:16:23      TMCU: D shelly_tmcu.cpp:890     TX: 0x24 v=3 [cc] (Ready)
12:16:24      TMCU: D shelly_tmcu.cpp:598     RX: 0x00 v=3 [01] (state Ready)
12:16:24      TMCU: D shelly_tmcu.cpp:79      Tmcu Event 1 (0x3fca0e40)
12:16:29      TMCU: D shelly_tmcu.cpp:993     wifi report state is SendRealState
12:16:29      TMCU: D shelly_tmcu.cpp:520     Sending WiFi status 4
12:16:29      TMCU: D shelly_tmcu.cpp:890     TX: 0x03 v=3 [04] (Ready)
12:16:29      TMCU: D shelly_tmcu.cpp:598     RX: 0x03 v=3 [] (state Ready)
12:16:39      TMCU: D shelly_tmcu.cpp:598     RX: 0x00 v=3 [01] (state Ready)
12:16:39      TMCU: D shelly_tmcu.cpp:79      Tmcu Event 1 (0x3fca0e40)
12:16:47      TMCU: D shelly_tmcu.cpp:598     RX: 0x24 v=3 [] (state Ready)
12:16:47      TMCU: D shelly_tmcu.cpp:890     TX: 0x24 v=3 [ca] (Ready)
12:16:54      TMCU: D shelly_tmcu.cpp:598     RX: 0x00 v=3 [01] (state Ready)
12:16:54      TMCU: D shelly_tmcu.cpp:79      Tmcu Event 1 (0x3fca0e40)
12:16:56      TMCU: D shelly_tmcu.cpp:598     RX: 0x24 v=3 [] (state Ready)
12:16:56      TMCU: D shelly_tmcu.cpp:890     TX: 0x24 v=3 [cb] (Ready)
12:16:59      TMCU: D shelly_tmcu.cpp:993     wifi report state is SendRealState
12:16:59      TMCU: D shelly_tmcu.cpp:520     Sending WiFi status 4
12:16:59      TMCU: D shelly_tmcu.cpp:890     TX: 0x03 v=3 [04] (Ready)
12:16:59      TMCU: D shelly_tmcu.cpp:598     RX: 0x03 v=3 [] (state Ready)
12:17:08      TMCU: D shelly_tmcu.cpp:598     RX: 0x1c v=3 [] (state Ready)
12:17:08      TMCU: D shelly_tmcu.cpp:890     TX: 0x1c v=3 [011a09190c110b05] (Ready)
12:17:08      TMCU: D shelly_tmcu.cpp:598     RX: 0x24 v=3 [] (state Ready)
12:17:08      TMCU: D shelly_tmcu.cpp:890     TX: 0x24 v=3 [cd] (Ready)
12:17:09      TMCU: D shelly_tmcu.cpp:598     RX: 0x00 v=3 [01] (state Ready)
12:17:09      TMCU: D shelly_tmcu.cpp:79      Tmcu Event 1 (0x3fca0e40)
12:17:24      TMCU: D shelly_tmcu.cpp:598     RX: 0x00 v=3 [01] (state Ready)
12:17:24      TMCU: D shelly_tmcu.cpp:79      Tmcu Event 1 (0x3fca0e40)
12:17:26      TMCU: D shelly_tmcu.cpp:598     RX: 0x1c v=3 [] (state Ready)
12:17:26      TMCU: D shelly_tmcu.cpp:890     TX: 0x1c v=3 [011a09190c111d05] (Ready)
12:17:27      TMCU: D shelly_tmcu.cpp:598     RX: 0x24 v=3 [] (state Ready)
12:17:27      TMCU: D shelly_tmcu.cpp:890     TX: 0x24 v=3 [ca] (Ready)
12:17:29      TMCU: D shelly_tmcu.cpp:993     wifi report state is SendRealState
12:17:29      TMCU: D shelly_tmcu.cpp:520     Sending WiFi status 4
12:17:29      TMCU: D shelly_tmcu.cpp:890     TX: 0x03 v=3 [04] (Ready)
12:17:29      TMCU: D shelly_tmcu.cpp:598     RX: 0x03 v=3 [] (state Ready)
12:17:39      TMCU: D shelly_tmcu.cpp:598     RX: 0x00 v=3 [01] (state Ready)
12:17:39      TMCU: D shelly_tmcu.cpp:79      Tmcu Event 1 (0x3fca0e40)
12:17:53      TMCU: D shelly_tmcu.cpp:598     RX: 0x1c v=3 [] (state Ready)
12:17:53      TMCU: D shelly_tmcu.cpp:890     TX: 0x1c v=3 [011a09190c113805] (Ready)
12:17:53      TMCU: D shelly_tmcu.cpp:598     RX: 0x24 v=3 [] (state Ready)
12:17:53      TMCU: D shelly_tmcu.cpp:890     TX: 0x24 v=3 [cb] (Ready)
12:17:54      TMCU: D shelly_tmcu.cpp:598     RX: 0x00 v=3 [01] (state Ready)
12:17:54      TMCU: D shelly_tmcu.cpp:79      Tmcu Event 1 (0x3fca0e40)
12:17:59      TMCU: D shelly_tmcu.cpp:993     wifi report state is SendRealState
12:17:59      TMCU: D shelly_tmcu.cpp:520     Sending WiFi status 4
12:17:59      TMCU: D shelly_tmcu.cpp:890     TX: 0x03 v=3 [04] (Ready)
12:17:59      TMCU: D shelly_tmcu.cpp:598     RX: 0x03 v=3 [] (state Ready)
12:18:08      TMCU: D shelly_tmcu.cpp:598     RX: 0x07 v=3 [1802000400000012] (state Ready)
12:18:08      TMCU: D shelly_tmcu.cpp:862     same int 24 = 18
12:18:09      TMCU: D shelly_tmcu.cpp:598     RX: 0x00 v=3 [01] (state Ready)
12:18:09      TMCU: D shelly_tmcu.cpp:79      Tmcu Event 1 (0x3fca0e40)
12:18:17      TMCU: D shelly_tmcu.cpp:598     RX: 0x24 v=3 [] (state Ready)
12:18:17      TMCU: D shelly_tmcu.cpp:890     TX: 0x24 v=3 [ca] (Ready)
12:18:24      TMCU: D shelly_tmcu.cpp:598     RX: 0x00 v=3 [01] (state Ready)
12:18:24      TMCU: D shelly_tmcu.cpp:79      Tmcu Event 1 (0x3fca0e40)
12:18:26      TMCU: D shelly_tmcu.cpp:598     RX: 0x24 v=3 [] (state Ready)
12:18:26      TMCU: D shelly_tmcu.cpp:890     TX: 0x24 v=3 [ca] (Ready)
12:18:29      TMCU: D shelly_tmcu.cpp:993     wifi report state is SendRealState
12:18:29      TMCU: D shelly_tmcu.cpp:520     Sending WiFi status 4
12:18:29      TMCU: D shelly_tmcu.cpp:890     TX: 0x03 v=3 [04] (Ready)
12:18:29      TMCU: D shelly_tmcu.cpp:598     RX: 0x03 v=3 [] (state Ready)
12:18:39      TMCU: D shelly_tmcu.cpp:598     RX: 0x1c v=3 [] (state Ready)
12:18:39      TMCU: D shelly_tmcu.cpp:890     TX: 0x1c v=3 [011a09190c122905] (Ready)
12:18:39      TMCU: D shelly_tmcu.cpp:598     RX: 0x24 v=3 [] (state Ready)
12:18:39      TMCU: D shelly_tmcu.cpp:890     TX: 0x24 v=3 [cc] (Ready)
12:18:44  Q11: mikrokontroler nie odpowiada (Heartbeat timed out); kolejne takie same pomijam
12:18:44      TMCU: D shelly_tmcu.cpp:79      Tmcu Event 1 (0x3fca0ef8)
12:18:45  Q11: mikrokontroler się odezwał
12:18:45      TMCU: D shelly_tmcu.cpp:598     RX: 0x00 v=3 [01] (state Ready)
12:18:45      TMCU: D shelly_tmcu.cpp:79      Tmcu Event 1 (0x3fca0e40)
12:18:57      TMCU: D shelly_tmcu.cpp:598     RX: 0x1c v=3 [] (state Ready)
12:18:57      TMCU: D shelly_tmcu.cpp:890     TX: 0x1c v=3 [011a09190c123b05] (Ready)
12:18:57      TMCU: D shelly_tmcu.cpp:598     RX: 0x24 v=3 [] (state Ready)
12:18:57      TMCU: D shelly_tmcu.cpp:890     TX: 0x24 v=3 [cb] (Ready)
12:18:59      TMCU: D shelly_tmcu.cpp:993     wifi report state is SendRealState
12:18:59      TMCU: D shelly_tmcu.cpp:520     Sending WiFi status 4
12:18:59      TMCU: D shelly_tmcu.cpp:890     TX: 0x03 v=3 [04] (Ready)
12:18:59      TMCU: D shelly_tmcu.cpp:598     RX: 0x03 v=3 [] (state Ready)
12:19:00      TMCU: D shelly_tmcu.cpp:598     RX: 0x00 v=3 [01] (state Ready)
12:19:00      TMCU: D shelly_tmcu.cpp:79      Tmcu Event 1 (0x3fca0e40)
12:19:15      TMCU: D shelly_tmcu.cpp:598     RX: 0x00 v=3 [01] (state Ready)
12:19:15      TMCU: D shelly_tmcu.cpp:79      Tmcu Event 1 (0x3fca0e40)
12:19:24      TMCU: D shelly_tmcu.cpp:598     RX: 0x1c v=3 [] (state Ready)
12:19:24      TMCU: D shelly_tmcu.cpp:890     TX: 0x1c v=3 [011a09190c131a05] (Ready)
12:19:24      TMCU: D shelly_tmcu.cpp:598     RX: 0x24 v=3 [] (state Ready)
12:19:24      TMCU: D shelly_tmcu.cpp:890     TX: 0x24 v=3 [cb] (Ready)
12:19:29      TMCU: D shelly_tmcu.cpp:993     wifi report state is SendRealState
12:19:29      TMCU: D shelly_tmcu.cpp:520     Sending WiFi status 4
12:19:29      TMCU: D shelly_tmcu.cpp:890     TX: 0x03 v=3 [04] (Ready)
12:19:29      TMCU: D shelly_tmcu.cpp:598     RX: 0x03 v=3 [] (state Ready)
12:19:30      TMCU: D shelly_tmcu.cpp:598     RX: 0x00 v=3 [01] (state Ready)
12:19:30      TMCU: D shelly_tmcu.cpp:79      Tmcu Event 1 (0x3fca0e40)
12:19:45      TMCU: D shelly_tmcu.cpp:598     RX: 0x00 v=3 [01] (state Ready)
12:19:45      TMCU: D shelly_tmcu.cpp:79      Tmcu Event 1 (0x3fca0e40)
12:19:47      TMCU: D shelly_tmcu.cpp:598     RX: 0x24 v=3 [] (state Ready)
12:19:47      TMCU: D shelly_tmcu.cpp:890     TX: 0x24 v=3 [cd] (Ready)
12:19:56      TMCU: D shelly_tmcu.cpp:598     RX: 0x24 v=3 [] (state Ready)
12:19:56      TMCU: D shelly_tmcu.cpp:890     TX: 0x24 v=3 [ca] (Ready)
12:19:59      TMCU: D shelly_tmcu.cpp:993     wifi report state is SendRealState
12:19:59      TMCU: D shelly_tmcu.cpp:520     Sending WiFi status 4
12:19:59      TMCU: D shelly_tmcu.cpp:890     TX: 0x03 v=3 [04] (Ready)
12:19:59      TMCU: D shelly_tmcu.cpp:598     RX: 0x03 v=3 [] (state Ready)
12:20:00      TMCU: D shelly_tmcu.cpp:598     RX: 0x00 v=3 [01] (state Ready)
12:20:00      TMCU: D shelly_tmcu.cpp:79      Tmcu Event 1 (0x3fca0e40)
12:20:09      TMCU: D shelly_tmcu.cpp:598     RX: 0x1c v=3 [] (state Ready)
12:20:09      TMCU: D shelly_tmcu.cpp:890     TX: 0x1c v=3 [011a09190c140b05] (Ready)
12:20:09      TMCU: D shelly_tmcu.cpp:598     RX: 0x24 v=3 [] (state Ready)
12:20:09      TMCU: D shelly_tmcu.cpp:890     TX: 0x24 v=3 [cc] (Ready)
12:20:15      TMCU: D shelly_tmcu.cpp:598     RX: 0x00 v=3 [01] (state Ready)
12:20:15      TMCU: D shelly_tmcu.cpp:79      Tmcu Event 1 (0x3fca0e40)
12:20:27      TMCU: D shelly_tmcu.cpp:598     RX: 0x1c v=3 [] (state Ready)
12:20:27      TMCU: D shelly_tmcu.cpp:890     TX: 0x1c v=3 [011a09190c141d05] (Ready)
12:20:27      TMCU: D shelly_tmcu.cpp:598     RX: 0x24 v=3 [] (state Ready)
12:20:27      TMCU: D shelly_tmcu.cpp:890     TX: 0x24 v=3 [cd] (Ready)
12:20:29      TMCU: D shelly_tmcu.cpp:993     wifi report state is SendRealState
12:20:29      TMCU: D shelly_tmcu.cpp:520     Sending WiFi status 4
12:20:29      TMCU: D shelly_tmcu.cpp:890     TX: 0x03 v=3 [04] (Ready)
12:20:29      TMCU: D shelly_tmcu.cpp:598     RX: 0x03 v=3 [] (state Ready)
12:20:30      TMCU: D shelly_tmcu.cpp:598     RX: 0x00 v=3 [01] (state Ready)
12:20:30      TMCU: D shelly_tmcu.cpp:79      Tmcu Event 1 (0x3fca0e40)
12:20:45      TMCU: D shelly_tmcu.cpp:598     RX: 0x00 v=3 [01] (state Ready)
12:20:45      TMCU: D shelly_tmcu.cpp:79      Tmcu Event 1 (0x3fca0e40)
12:20:54      TMCU: D shelly_tmcu.cpp:598     RX: 0x1c v=3 [] (state Ready)
12:20:54      TMCU: D shelly_tmcu.cpp:890     TX: 0x1c v=3 [011a09190c143805] (Ready)
12:20:54      TMCU: D shelly_tmcu.cpp:598     RX: 0x24 v=3 [] (state Ready)
12:20:54      TMCU: D shelly_tmcu.cpp:890     TX: 0x24 v=3 [cb] (Ready)
12:20:59      TMCU: D shelly_tmcu.cpp:993     wifi report state is SendRealState
12:20:59      TMCU: D shelly_tmcu.cpp:520     Sending WiFi status 4
12:20:59      TMCU: D shelly_tmcu.cpp:890     TX: 0x03 v=3 [04] (Ready)
12:20:59      TMCU: D shelly_tmcu.cpp:598     RX: 0x03 v=3 [] (state Ready)
12:21:00      TMCU: D shelly_tmcu.cpp:598     RX: 0x00 v=3 [01] (state Ready)
12:21:00      TMCU: D shelly_tmcu.cpp:79      Tmcu Event 1 (0x3fca0e40)
12:21:15      TMCU: D shelly_tmcu.cpp:598     RX: 0x00 v=3 [01] (state Ready)
12:21:15      TMCU: D shelly_tmcu.cpp:79      Tmcu Event 1 (0x3fca0e40)
12:21:17      TMCU: D shelly_tmcu.cpp:598     RX: 0x24 v=3 [] (state Ready)
12:21:17      TMCU: D shelly_tmcu.cpp:890     TX: 0x24 v=3 [cd] (Ready)
12:21:27      TMCU: D shelly_tmcu.cpp:598     RX: 0x24 v=3 [] (state Ready)
12:21:27      TMCU: D shelly_tmcu.cpp:890     TX: 0x24 v=3 [cc] (Ready)
12:21:29      TMCU: D shelly_tmcu.cpp:993     wifi report state is SendRealState
12:21:29      TMCU: D shelly_tmcu.cpp:520     Sending WiFi status 4
12:21:29      TMCU: D shelly_tmcu.cpp:890     TX: 0x03 v=3 [04] (Ready)
12:21:29      TMCU: D shelly_tmcu.cpp:598     RX: 0x03 v=3 [] (state Ready)
12:21:30      TMCU: D shelly_tmcu.cpp:598     RX: 0x00 v=3 [01] (state Ready)
12:21:30      TMCU: D shelly_tmcu.cpp:79      Tmcu Event 1 (0x3fca0e40)
12:21:39      TMCU: D shelly_tmcu.cpp:598     RX: 0x1c v=3 [] (state Ready)
12:21:39      TMCU: D shelly_tmcu.cpp:890     TX: 0x1c v=3 [011a09190c152905] (Ready)
12:21:39      TMCU: D shelly_tmcu.cpp:598     RX: 0x24 v=3 [] (state Ready)
12:21:39      TMCU: D shelly_tmcu.cpp:890     TX: 0x24 v=3 [cc] (Ready)
12:21:45      TMCU: D shelly_tmcu.cpp:598     RX: 0x00 v=3 [01] (state Ready)
12:21:45      TMCU: D shelly_tmcu.cpp:79      Tmcu Event 1 (0x3fca0e40)
12:21:57      TMCU: D shelly_tmcu.cpp:598     RX: 0x1c v=3 [] (state Ready)
12:21:57      TMCU: D shelly_tmcu.cpp:890     TX: 0x1c v=3 [011a09190c153b05] (Ready)
12:21:57      TMCU: D shelly_tmcu.cpp:598     RX: 0x24 v=3 [] (state Ready)
12:21:57      TMCU: D shelly_tmcu.cpp:890     TX: 0x24 v=3 [cc] (Ready)
12:21:59      TMCU: D shelly_tmcu.cpp:993     wifi report state is SendRealState
12:21:59      TMCU: D shelly_tmcu.cpp:520     Sending WiFi status 4
12:21:59      TMCU: D shelly_tmcu.cpp:890     TX: 0x03 v=3 [04] (Ready)
12:21:59      TMCU: D shelly_tmcu.cpp:598     RX: 0x03 v=3 [] (state Ready)
12:22:00      TMCU: D shelly_tmcu.cpp:598     RX: 0x00 v=3 [01] (state Ready)
12:22:00      TMCU: D shelly_tmcu.cpp:79      Tmcu Event 1 (0x3fca0e40)
12:22:15      TMCU: D shelly_tmcu.cpp:598     RX: 0x00 v=3 [01] (state Ready)
12:22:15      TMCU: D shelly_tmcu.cpp:79      Tmcu Event 1 (0x3fca0e40)
12:22:24      TMCU: D shelly_tmcu.cpp:598     RX: 0x1c v=3 [] (state Ready)
12:22:24      TMCU: D shelly_tmcu.cpp:890     TX: 0x1c v=3 [011a09190c161a05] (Ready)
12:22:24      TMCU: D shelly_tmcu.cpp:598     RX: 0x24 v=3 [] (state Ready)
12:22:24      TMCU: D shelly_tmcu.cpp:890     TX: 0x24 v=3 [c9] (Ready)
12:22:29      TMCU: D shelly_tmcu.cpp:993     wifi report state is SendRealState
12:22:29      TMCU: D shelly_tmcu.cpp:520     Sending WiFi status 4
12:22:29      TMCU: D shelly_tmcu.cpp:890     TX: 0x03 v=3 [04] (Ready)
12:22:29      TMCU: D shelly_tmcu.cpp:598     RX: 0x03 v=3 [] (state Ready)
12:22:30      TMCU: D shelly_tmcu.cpp:598     RX: 0x00 v=3 [01] (state Ready)
12:22:30      TMCU: D shelly_tmcu.cpp:79      Tmcu Event 1 (0x3fca0e40)
12:22:45      TMCU: D shelly_tmcu.cpp:598     RX: 0x00 v=3 [01] (state Ready)
12:22:45      TMCU: D shelly_tmcu.cpp:79      Tmcu Event 1 (0x3fca0e40)
12:22:48      TMCU: D shelly_tmcu.cpp:598     RX: 0x24 v=3 [] (state Ready)
12:22:48      TMCU: D shelly_tmcu.cpp:890     TX: 0x24 v=3 [cc] (Ready)
12:22:57      TMCU: D shelly_tmcu.cpp:598     RX: 0x24 v=3 [] (state Ready)
12:22:57      TMCU: D shelly_tmcu.cpp:890     TX: 0x24 v=3 [cd] (Ready)
12:22:59      TMCU: D shelly_tmcu.cpp:993     wifi report state is SendRealState
12:22:59      TMCU: D shelly_tmcu.cpp:520     Sending WiFi status 4
12:22:59      TMCU: D shelly_tmcu.cpp:890     TX: 0x03 v=3 [04] (Ready)
12:22:59      TMCU: D shelly_tmcu.cpp:598     RX: 0x03 v=3 [] (state Ready)
12:23:00      TMCU: D shelly_tmcu.cpp:598     RX: 0x00 v=3 [01] (state Ready)
12:23:00      TMCU: D shelly_tmcu.cpp:79      Tmcu Event 1 (0x3fca0e40)
12:23:09      TMCU: D shelly_tmcu.cpp:598     RX: 0x1c v=3 [] (state Ready)
12:23:09      TMCU: D shelly_tmcu.cpp:890     TX: 0x1c v=3 [011a09190c170c05] (Ready)
12:23:09      TMCU: D shelly_tmcu.cpp:598     RX: 0x24 v=3 [] (state Ready)
12:23:09      TMCU: D shelly_tmcu.cpp:890     TX: 0x24 v=3 [cb] (Ready)
12:23:15      TMCU: D shelly_tmcu.cpp:598     RX: 0x00 v=3 [01] (state Ready)
12:23:15      TMCU: D shelly_tmcu.cpp:79      Tmcu Event 1 (0x3fca0e40)
12:23:27      TMCU: D shelly_tmcu.cpp:598     RX: 0x1c v=3 [] (state Ready)
12:23:27      TMCU: D shelly_tmcu.cpp:890     TX: 0x1c v=3 [011a09190c171e05] (Ready)
12:23:27      TMCU: D shelly_tmcu.cpp:598     RX: 0x24 v=3 [] (state Ready)
12:23:27      TMCU: D shelly_tmcu.cpp:890     TX: 0x24 v=3 [ce] (Ready)
12:23:29      TMCU: D shelly_tmcu.cpp:993     wifi report state is SendRealState
12:23:29      TMCU: D shelly_tmcu.cpp:520     Sending WiFi status 4
12:23:29      TMCU: D shelly_tmcu.cpp:890     TX: 0x03 v=3 [04] (Ready)
12:23:29      TMCU: D shelly_tmcu.cpp:598     RX: 0x03 v=3 [] (state Ready)
12:23:30      TMCU: D shelly_tmcu.cpp:598     RX: 0x00 v=3 [01] (state Ready)
12:23:30      TMCU: D shelly_tmcu.cpp:79      Tmcu Event 1 (0x3fca0e40)
12:23:45      TMCU: D shelly_tmcu.cpp:598     RX: 0x00 v=3 [01] (state Ready)
12:23:45      TMCU: D shelly_tmcu.cpp:79      Tmcu Event 1 (0x3fca0e40)
12:23:54      TMCU: D shelly_tmcu.cpp:598     RX: 0x1c v=3 [] (state Ready)
12:23:54      TMCU: D shelly_tmcu.cpp:890     TX: 0x1c v=3 [011a09190c173905] (Ready)
12:23:54      TMCU: D shelly_tmcu.cpp:598     RX: 0x24 v=3 [] (state Ready)
12:23:54      TMCU: D shelly_tmcu.cpp:890     TX: 0x24 v=3 [cc] (Ready)
12:23:59      TMCU: D shelly_tmcu.cpp:993     wifi report state is SendRealState
12:23:59      TMCU: D shelly_tmcu.cpp:520     Sending WiFi status 4
12:23:59      TMCU: D shelly_tmcu.cpp:890     TX: 0x03 v=3 [04] (Ready)
12:23:59      TMCU: D shelly_tmcu.cpp:598     RX: 0x03 v=3 [] (state Ready)
12:24:00      TMCU: D shelly_tmcu.cpp:598     RX: 0x00 v=3 [01] (state Ready)
12:24:00      TMCU: D shelly_tmcu.cpp:79      Tmcu Event 1 (0x3fca0e40)
12:24:15      TMCU: D shelly_tmcu.cpp:598     RX: 0x00 v=3 [01] (state Ready)
12:24:15      TMCU: D shelly_tmcu.cpp:79      Tmcu Event 1 (0x3fca0e40)
12:24:18      TMCU: D shelly_tmcu.cpp:598     RX: 0x24 v=3 [] (state Ready)
12:24:18      TMCU: D shelly_tmcu.cpp:890     TX: 0x24 v=3 [cd] (Ready)
12:24:27      TMCU: D shelly_tmcu.cpp:598     RX: 0x24 v=3 [] (state Ready)
12:24:27      TMCU: D shelly_tmcu.cpp:890     TX: 0x24 v=3 [ce] (Ready)
12:24:29      TMCU: D shelly_tmcu.cpp:993     wifi report state is SendRealState
12:24:29      TMCU: D shelly_tmcu.cpp:520     Sending WiFi status 4
12:24:29      TMCU: D shelly_tmcu.cpp:890     TX: 0x03 v=3 [04] (Ready)
12:24:29      TMCU: D shelly_tmcu.cpp:598     RX: 0x03 v=3 [] (state Ready)
12:24:29      TMCU: D shelly_tmcu.cpp:598     RX: 0x07 v=3 [1802000400000012] (state Ready)
12:24:29      TMCU: D shelly_tmcu.cpp:862     same int 24 = 18
12:24:30      TMCU: D shelly_tmcu.cpp:598     RX: 0x00 v=3 [01] (state Ready)
12:24:30      TMCU: D shelly_tmcu.cpp:79      Tmcu Event 1 (0x3fca0e40)
12:24:30      TMCU: D shelly_tmcu.cpp:890     TX: 0x34 v=3 [02ff1a09190c182105] (Ready)
12:24:40      TMCU: D shelly_tmcu.cpp:598     RX: 0x1c v=3 [] (state Ready)
12:24:40      TMCU: D shelly_tmcu.cpp:890     TX: 0x1c v=3 [011a09190c182a05] (Ready)
12:24:40      TMCU: D shelly_tmcu.cpp:598     RX: 0x24 v=3 [] (state Ready)
12:24:40      TMCU: D shelly_tmcu.cpp:890     TX: 0x24 v=3 [ce] (Ready)
12:24:45      TMCU: D shelly_tmcu.cpp:598     RX: 0x00 v=3 [01] (state Ready)
12:24:45      TMCU: D shelly_tmcu.cpp:79      Tmcu Event 1 (0x3fca0e40)
12:24:58      TMCU: D shelly_tmcu.cpp:598     RX: 0x1c v=3 [] (state Ready)
12:24:58      TMCU: D shelly_tmcu.cpp:890     TX: 0x1c v=3 [011a09190c190005] (Ready)
12:24:58      TMCU: D shelly_tmcu.cpp:598     RX: 0x24 v=3 [] (state Ready)
12:24:58      TMCU: D shelly_tmcu.cpp:890     TX: 0x24 v=3 [cf] (Ready)
12:24:59      TMCU: D shelly_tmcu.cpp:993     wifi report state is SendRealState
12:24:59      TMCU: D shelly_tmcu.cpp:520     Sending WiFi status 4
12:24:59      TMCU: D shelly_tmcu.cpp:890     TX: 0x03 v=3 [04] (Ready)
12:24:59      TMCU: D shelly_tmcu.cpp:598     RX: 0x03 v=3 [] (state Ready)
12:25:00      TMCU: D shelly_tmcu.cpp:598     RX: 0x00 v=3 [01] (state Ready)
12:25:00      TMCU: D shelly_tmcu.cpp:79      Tmcu Event 1 (0x3fca0e40)
12:25:15      TMCU: D shelly_tmcu.cpp:598     RX: 0x00 v=3 [01] (state Ready)
12:25:15      TMCU: D shelly_tmcu.cpp:79      Tmcu Event 1 (0x3fca0e40)
12:25:25      TMCU: D shelly_tmcu.cpp:598     RX: 0x1c v=3 [] (state Ready)
12:25:25      TMCU: D shelly_tmcu.cpp:890     TX: 0x1c v=3 [011a09190c191b05] (Ready)
12:25:25      TMCU: D shelly_tmcu.cpp:598     RX: 0x24 v=3 [] (state Ready)
12:25:25      TMCU: D shelly_tmcu.cpp:890     TX: 0x24 v=3 [ce] (Ready)
12:25:29      TMCU: D shelly_tmcu.cpp:993     wifi report state is SendRealState
12:25:29      TMCU: D shelly_tmcu.cpp:520     Sending WiFi status 4
12:25:29      TMCU: D shelly_tmcu.cpp:890     TX: 0x03 v=3 [04] (Ready)
12:25:29      TMCU: D shelly_tmcu.cpp:598     RX: 0x03 v=3 [] (state Ready)
12:25:30      TMCU: D shelly_tmcu.cpp:598     RX: 0x00 v=3 [01] (state Ready)
12:25:30      TMCU: D shelly_tmcu.cpp:79      Tmcu Event 1 (0x3fca0e40)
12:25:45      TMCU: D shelly_tmcu.cpp:598     RX: 0x00 v=3 [01] (state Ready)
12:25:45      TMCU: D shelly_tmcu.cpp:79      Tmcu Event 1 (0x3fca0e40)
12:25:48      TMCU: D shelly_tmcu.cpp:598     RX: 0x24 v=3 [] (state Ready)
12:25:48      TMCU: D shelly_tmcu.cpp:890     TX: 0x24 v=3 [cb] (Ready)
12:25:57      TMCU: D shelly_tmcu.cpp:598     RX: 0x24 v=3 [] (state Ready)
12:25:57      TMCU: D shelly_tmcu.cpp:890     TX: 0x24 v=3 [cc] (Ready)
12:25:59      TMCU: D shelly_tmcu.cpp:993     wifi report state is SendRealState
12:25:59      TMCU: D shelly_tmcu.cpp:520     Sending WiFi status 4
12:25:59      TMCU: D shelly_tmcu.cpp:890     TX: 0x03 v=3 [04] (Ready)
12:25:59      TMCU: D shelly_tmcu.cpp:598     RX: 0x03 v=3 [] (state Ready)
12:26:00      TMCU: D shelly_tmcu.cpp:598     RX: 0x00 v=3 [01] (state Ready)
12:26:00      TMCU: D shelly_tmcu.cpp:79      Tmcu Event 1 (0x3fca0e40)
12:26:10      TMCU: D shelly_tmcu.cpp:598     RX: 0x1c v=3 [] (state Ready)
12:26:10      TMCU: D shelly_tmcu.cpp:890     TX: 0x1c v=3 [011a09190c1a0c05] (Ready)
12:26:10      TMCU: D shelly_tmcu.cpp:598     RX: 0x24 v=3 [] (state Ready)
12:26:10      TMCU: D shelly_tmcu.cpp:890     TX: 0x24 v=3 [cc] (Ready)
12:26:15      TMCU: D shelly_tmcu.cpp:598     RX: 0x00 v=3 [01] (state Ready)
12:26:15      TMCU: D shelly_tmcu.cpp:79      Tmcu Event 1 (0x3fca0e40)
12:26:28      TMCU: D shelly_tmcu.cpp:598     RX: 0x1c v=3 [] (state Ready)
12:26:28      TMCU: D shelly_tmcu.cpp:890     TX: 0x1c v=3 [011a09190c1a1e05] (Ready)
12:26:28      TMCU: D shelly_tmcu.cpp:598     RX: 0x24 v=3 [] (state Ready)
12:26:28      TMCU: D shelly_tmcu.cpp:890     TX: 0x24 v=3 [ce] (Ready)
12:26:29      TMCU: D shelly_tmcu.cpp:993     wifi report state is SendRealState
12:26:29      TMCU: D shelly_tmcu.cpp:520     Sending WiFi status 4
12:26:29      TMCU: D shelly_tmcu.cpp:890     TX: 0x03 v=3 [04] (Ready)
12:26:29      TMCU: D shelly_tmcu.cpp:598     RX: 0x03 v=3 [] (state Ready)
12:26:30      TMCU: D shelly_tmcu.cpp:598     RX: 0x00 v=3 [01] (state Ready)
12:26:30      TMCU: D shelly_tmcu.cpp:79      Tmcu Event 1 (0x3fca0e40)
12:26:45      TMCU: D shelly_tmcu.cpp:598     RX: 0x00 v=3 [01] (state Ready)
12:26:45      TMCU: D shelly_tmcu.cpp:79      Tmcu Event 1 (0x3fca0e40)
12:26:55      TMCU: D shelly_tmcu.cpp:598     RX: 0x1c v=3 [] (state Ready)
12:26:55      TMCU: D shelly_tmcu.cpp:890     TX: 0x1c v=3 [011a09190c1a3905] (Ready)
12:26:55      TMCU: D shelly_tmcu.cpp:598     RX: 0x24 v=3 [] (state Ready)
12:26:55      TMCU: D shelly_tmcu.cpp:890     TX: 0x24 v=3 [cd] (Ready)
12:26:59      TMCU: D shelly_tmcu.cpp:993     wifi report state is SendRealState
12:26:59      TMCU: D shelly_tmcu.cpp:520     Sending WiFi status 4
12:26:59      TMCU: D shelly_tmcu.cpp:890     TX: 0x03 v=3 [04] (Ready)
12:26:59      TMCU: D shelly_tmcu.cpp:598     RX: 0x03 v=3 [] (state Ready)
12:27:00      TMCU: D shelly_tmcu.cpp:598     RX: 0x00 v=3 [01] (state Ready)
12:27:00      TMCU: D shelly_tmcu.cpp:79      Tmcu Event 1 (0x3fca0e40)
12:27:15      TMCU: D shelly_tmcu.cpp:598     RX: 0x00 v=3 [01] (state Ready)
12:27:15      TMCU: D shelly_tmcu.cpp:79      Tmcu Event 1 (0x3fca0e40)
12:27:18      TMCU: D shelly_tmcu.cpp:598     RX: 0x24 v=3 [] (state Ready)
12:27:18      TMCU: D shelly_tmcu.cpp:890     TX: 0x24 v=3 [cb] (Ready)
12:27:28      TMCU: D shelly_tmcu.cpp:598     RX: 0x24 v=3 [] (state Ready)
12:27:28      TMCU: D shelly_tmcu.cpp:890     TX: 0x24 v=3 [cb] (Ready)
12:27:29      TMCU: D shelly_tmcu.cpp:993     wifi report state is SendRealState
12:27:29      TMCU: D shelly_tmcu.cpp:520     Sending WiFi status 4
12:27:29      TMCU: D shelly_tmcu.cpp:890     TX: 0x03 v=3 [04] (Ready)
12:27:29      TMCU: D shelly_tmcu.cpp:598     RX: 0x03 v=3 [] (state Ready)
12:27:30      TMCU: D shelly_tmcu.cpp:598     RX: 0x00 v=3 [01] (state Ready)
12:27:30      TMCU: D shelly_tmcu.cpp:79      Tmcu Event 1 (0x3fca0e40)
12:27:40      TMCU: D shelly_tmcu.cpp:598     RX: 0x1c v=3 [] (state Ready)
12:27:40      TMCU: D shelly_tmcu.cpp:890     TX: 0x1c v=3 [011a09190c1b2a05] (Ready)
12:27:40      TMCU: D shelly_tmcu.cpp:598     RX: 0x24 v=3 [] (state Ready)
12:27:40      TMCU: D shelly_tmcu.cpp:890     TX: 0x24 v=3 [cc] (Ready)
12:27:45      TMCU: D shelly_tmcu.cpp:598     RX: 0x00 v=3 [01] (state Ready)
12:27:45      TMCU: D shelly_tmcu.cpp:79      Tmcu Event 1 (0x3fca0e40)
12:27:58      TMCU: D shelly_tmcu.cpp:598     RX: 0x1c v=3 [] (state Ready)
12:27:58      TMCU: D shelly_tmcu.cpp:890     TX: 0x1c v=3 [011a09190c1c0005] (Ready)
12:27:58      TMCU: D shelly_tmcu.cpp:598     RX: 0x24 v=3 [] (state Ready)
12:27:58      TMCU: D shelly_tmcu.cpp:890     TX: 0x24 v=3 [ce] (Ready)
12:27:59      TMCU: D shelly_tmcu.cpp:993     wifi report state is SendRealState
12:27:59      TMCU: D shelly_tmcu.cpp:520     Sending WiFi status 4
12:27:59      TMCU: D shelly_tmcu.cpp:890     TX: 0x03 v=3 [04] (Ready)
12:27:59      TMCU: D shelly_tmcu.cpp:598     RX: 0x03 v=3 [] (state Ready)
12:28:00      TMCU: D shelly_tmcu.cpp:598     RX: 0x00 v=3 [01] (state Ready)
12:28:00      TMCU: D shelly_tmcu.cpp:79      Tmcu Event 1 (0x3fca0e40)
12:28:15      TMCU: D shelly_tmcu.cpp:598     RX: 0x00 v=3 [01] (state Ready)
12:28:15      TMCU: D shelly_tmcu.cpp:79      Tmcu Event 1 (0x3fca0e40)
12:28:25      TMCU: D shelly_tmcu.cpp:598     RX: 0x1c v=3 [] (state Ready)
12:28:25      TMCU: D shelly_tmcu.cpp:890     TX: 0x1c v=3 [011a09190c1c1b05] (Ready)
12:28:25      TMCU: D shelly_tmcu.cpp:598     RX: 0x24 v=3 [] (state Ready)
12:28:25      TMCU: D shelly_tmcu.cpp:890     TX: 0x24 v=3 [cd] (Ready)
12:28:29      TMCU: D shelly_tmcu.cpp:993     wifi report state is SendRealState
12:28:29      TMCU: D shelly_tmcu.cpp:520     Sending WiFi status 4
12:28:29      TMCU: D shelly_tmcu.cpp:890     TX: 0x03 v=3 [04] (Ready)
12:28:29      TMCU: D shelly_tmcu.cpp:598     RX: 0x03 v=3 [] (state Ready)
12:28:30      TMCU: D shelly_tmcu.cpp:598     RX: 0x00 v=3 [01] (state Ready)
12:28:30      TMCU: D shelly_tmcu.cpp:79      Tmcu Event 1 (0x3fca0e40)
12:28:45      TMCU: D shelly_tmcu.cpp:598     RX: 0x00 v=3 [01] (state Ready)
12:28:45      TMCU: D shelly_tmcu.cpp:79      Tmcu Event 1 (0x3fca0e40)
12:28:49      TMCU: D shelly_tmcu.cpp:598     RX: 0x24 v=3 [] (state Ready)
12:28:49      TMCU: D shelly_tmcu.cpp:890     TX: 0x24 v=3 [ca] (Ready)
12:28:58      TMCU: D shelly_tmcu.cpp:598     RX: 0x24 v=3 [] (state Ready)
12:28:58      TMCU: D shelly_tmcu.cpp:890     TX: 0x24 v=3 [cb] (Ready)
12:28:59      TMCU: D shelly_tmcu.cpp:993     wifi report state is SendRealState
12:28:59      TMCU: D shelly_tmcu.cpp:520     Sending WiFi status 4
12:28:59      TMCU: D shelly_tmcu.cpp:890     TX: 0x03 v=3 [04] (Ready)
12:28:59      TMCU: D shelly_tmcu.cpp:598     RX: 0x03 v=3 [] (state Ready)
12:29:00      TMCU: D shelly_tmcu.cpp:598     RX: 0x00 v=3 [01] (state Ready)
12:29:00      TMCU: D shelly_tmcu.cpp:79      Tmcu Event 1 (0x3fca0e40)
12:29:10      TMCU: D shelly_tmcu.cpp:598     RX: 0x1c v=3 [] (state Ready)
12:29:10      TMCU: D shelly_tmcu.cpp:890     TX: 0x1c v=3 [011a09190c1d0d05] (Ready)
12:29:10      TMCU: D shelly_tmcu.cpp:598     RX: 0x24 v=3 [] (state Ready)
12:29:10      TMCU: D shelly_tmcu.cpp:890     TX: 0x24 v=3 [b8] (Ready)
12:29:15      TMCU: D shelly_tmcu.cpp:598     RX: 0x00 v=3 [01] (state Ready)
12:29:15      TMCU: D shelly_tmcu.cpp:79      Tmcu Event 1 (0x3fca0e40)
12:29:28      TMCU: D shelly_tmcu.cpp:598     RX: 0x1c v=3 [] (state Ready)
12:29:28      TMCU: D shelly_tmcu.cpp:890     TX: 0x1c v=3 [011a09190c1d1f05] (Ready)
12:29:29      TMCU: D shelly_tmcu.cpp:598     RX: 0x24 v=3 [] (state Ready)
12:29:29      TMCU: D shelly_tmcu.cpp:890     TX: 0x24 v=3 [c7] (Ready)
12:29:29      TMCU: D shelly_tmcu.cpp:993     wifi report state is SendRealState
12:29:29      TMCU: D shelly_tmcu.cpp:520     Sending WiFi status 4
12:29:29      TMCU: D shelly_tmcu.cpp:890     TX: 0x03 v=3 [04] (Ready)
12:29:29      TMCU: D shelly_tmcu.cpp:598     RX: 0x03 v=3 [] (state Ready)
12:29:30      TMCU: D shelly_tmcu.cpp:598     RX: 0x00 v=3 [01] (state Ready)
12:29:30      TMCU: D shelly_tmcu.cpp:79      Tmcu Event 1 (0x3fca0e40)
12:29:45      TMCU: D shelly_tmcu.cpp:598     RX: 0x00 v=3 [01] (state Ready)
12:29:45      TMCU: D shelly_tmcu.cpp:79      Tmcu Event 1 (0x3fca0e40)
12:29:55      TMCU: D shelly_tmcu.cpp:598     RX: 0x1c v=3 [] (state Ready)
12:29:55      TMCU: D shelly_tmcu.cpp:890     TX: 0x1c v=3 [011a09190c1d3a05] (Ready)
12:29:56      TMCU: D shelly_tmcu.cpp:598     RX: 0x24 v=3 [] (state Ready)
12:29:56      TMCU: D shelly_tmcu.cpp:890     TX: 0x24 v=3 [c9] (Ready)
12:29:59      TMCU: D shelly_tmcu.cpp:993     wifi report state is SendRealState
12:29:59      TMCU: D shelly_tmcu.cpp:520     Sending WiFi status 4
12:29:59      TMCU: D shelly_tmcu.cpp:890     TX: 0x03 v=3 [04] (Ready)
12:29:59      TMCU: D shelly_tmcu.cpp:598     RX: 0x03 v=3 [] (state Ready)
12:30:00      TMCU: D shelly_tmcu.cpp:598     RX: 0x00 v=3 [01] (state Ready)
12:30:00      TMCU: D shelly_tmcu.cpp:79      Tmcu Event 1 (0x3fca0e40)
12:30:15      TMCU: D shelly_tmcu.cpp:598     RX: 0x00 v=3 [01] (state Ready)
12:30:15      TMCU: D shelly_tmcu.cpp:79      Tmcu Event 1 (0x3fca0e40)
12:30:19      TMCU: D shelly_tmcu.cpp:598     RX: 0x24 v=3 [] (state Ready)
12:30:19      TMCU: D shelly_tmcu.cpp:890     TX: 0x24 v=3 [cd] (Ready)
12:30:28      TMCU: D shelly_tmcu.cpp:598     RX: 0x24 v=3 [] (state Ready)
12:30:28      TMCU: D shelly_tmcu.cpp:890     TX: 0x24 v=3 [ca] (Ready)
12:30:29      TMCU: D shelly_tmcu.cpp:993     wifi report state is SendRealState
12:30:29      TMCU: D shelly_tmcu.cpp:520     Sending WiFi status 4
12:30:29      TMCU: D shelly_tmcu.cpp:890     TX: 0x03 v=3 [04] (Ready)
12:30:29      TMCU: D shelly_tmcu.cpp:598     RX: 0x03 v=3 [] (state Ready)
12:30:30      TMCU: D shelly_tmcu.cpp:598     RX: 0x00 v=3 [01] (state Ready)
12:30:30      TMCU: D shelly_tmcu.cpp:79      Tmcu Event 1 (0x3fca0e40)
12:30:41      TMCU: D shelly_tmcu.cpp:598     RX: 0x1c v=3 [] (state Ready)
12:30:41      TMCU: D shelly_tmcu.cpp:890     TX: 0x1c v=3 [011a09190c1e2b05] (Ready)
12:30:41      TMCU: D shelly_tmcu.cpp:598     RX: 0x24 v=3 [] (state Ready)
12:30:41      TMCU: D shelly_tmcu.cpp:890     TX: 0x24 v=3 [cc] (Ready)
12:30:45      TMCU: D shelly_tmcu.cpp:598     RX: 0x00 v=3 [01] (state Ready)
12:30:45      TMCU: D shelly_tmcu.cpp:79      Tmcu Event 1 (0x3fca0e40)
12:30:50      TMCU: D shelly_tmcu.cpp:598     RX: 0x07 v=3 [1802000400000012] (state Ready)
12:30:50      TMCU: D shelly_tmcu.cpp:862     same int 24 = 18
12:30:59      TMCU: D shelly_tmcu.cpp:993     wifi report state is SendRealState
12:30:59      TMCU: D shelly_tmcu.cpp:520     Sending WiFi status 4
12:30:59      TMCU: D shelly_tmcu.cpp:890     TX: 0x03 v=3 [04] (Ready)
12:30:59      TMCU: D shelly_tmcu.cpp:598     RX: 0x1c v=3 [] (state Ready)
12:30:59      TMCU: D shelly_tmcu.cpp:890     TX: 0x1c v=3 [011a09190c1f0105] (Ready)
12:30:59      TMCU: D shelly_tmcu.cpp:598     RX: 0x03 v=3 [] (state Ready)
12:30:59      TMCU: D shelly_tmcu.cpp:598     RX: 0x24 v=3 [] (state Ready)
12:30:59      TMCU: D shelly_tmcu.cpp:890     TX: 0x24 v=3 [ce] (Ready)
12:31:05  Q11: mikrokontroler nie odpowiada (Heartbeat timed out); kolejne takie same pomijam
12:31:05      TMCU: D shelly_tmcu.cpp:79      Tmcu Event 1 (0x3fca0ef8)
12:31:06  Q11: mikrokontroler się odezwał
12:31:06      TMCU: D shelly_tmcu.cpp:598     RX: 0x00 v=3 [01] (state Ready)
12:31:06      TMCU: D shelly_tmcu.cpp:79      Tmcu Event 1 (0x3fca0e40)
12:31:21      TMCU: D shelly_tmcu.cpp:598     RX: 0x00 v=3 [01] (state Ready)
12:31:21      TMCU: D shelly_tmcu.cpp:79      Tmcu Event 1 (0x3fca0e40)
12:31:26      TMCU: D shelly_tmcu.cpp:598     RX: 0x1c v=3 [] (state Ready)
12:31:26      TMCU: D shelly_tmcu.cpp:890     TX: 0x1c v=3 [011a09190c1f1c05] (Ready)
12:31:26      TMCU: D shelly_tmcu.cpp:598     RX: 0x24 v=3 [] (state Ready)
12:31:26      TMCU: D shelly_tmcu.cpp:890     TX: 0x24 v=3 [ca] (Ready)
12:31:29      TMCU: D shelly_tmcu.cpp:993     wifi report state is SendRealState
12:31:29      TMCU: D shelly_tmcu.cpp:520     Sending WiFi status 4
12:31:29      TMCU: D shelly_tmcu.cpp:890     TX: 0x03 v=3 [04] (Ready)
12:31:29      TMCU: D shelly_tmcu.cpp:598     RX: 0x03 v=3 [] (state Ready)
12:31:36      TMCU: D shelly_tmcu.cpp:598     RX: 0x00 v=3 [01] (state Ready)
12:31:36      TMCU: D shelly_tmcu.cpp:79      Tmcu Event 1 (0x3fca0e40)
12:31:49      TMCU: D shelly_tmcu.cpp:598     RX: 0x24 v=3 [] (state Ready)
12:31:49      TMCU: D shelly_tmcu.cpp:890     TX: 0x24 v=3 [c9] (Ready)
12:31:51      TMCU: D shelly_tmcu.cpp:598     RX: 0x00 v=3 [01] (state Ready)
12:31:51      TMCU: D shelly_tmcu.cpp:79      Tmcu Event 1 (0x3fca0e40)
12:31:58      TMCU: D shelly_tmcu.cpp:598     RX: 0x24 v=3 [] (state Ready)
12:31:58      TMCU: D shelly_tmcu.cpp:890     TX: 0x24 v=3 [cd] (Ready)
12:31:59      TMCU: D shelly_tmcu.cpp:993     wifi report state is SendRealState
12:31:59      TMCU: D shelly_tmcu.cpp:520     Sending WiFi status 4
12:31:59      TMCU: D shelly_tmcu.cpp:890     TX: 0x03 v=3 [04] (Ready)
12:31:59      TMCU: D shelly_tmcu.cpp:598     RX: 0x03 v=3 [] (state Ready)
12:32:06      TMCU: D shelly_tmcu.cpp:598     RX: 0x00 v=3 [01] (state Ready)
12:32:06      TMCU: D shelly_tmcu.cpp:79      Tmcu Event 1 (0x3fca0e40)
12:32:11      TMCU: D shelly_tmcu.cpp:598     RX: 0x1c v=3 [] (state Ready)
12:32:11      TMCU: D shelly_tmcu.cpp:890     TX: 0x1c v=3 [011a09190c200d05] (Ready)
12:32:11      TMCU: D shelly_tmcu.cpp:598     RX: 0x24 v=3 [] (state Ready)
12:32:11      TMCU: D shelly_tmcu.cpp:890     TX: 0x24 v=3 [cb] (Ready)
12:32:21      TMCU: D shelly_tmcu.cpp:598     RX: 0x00 v=3 [01] (state Ready)
12:32:21      TMCU: D shelly_tmcu.cpp:79      Tmcu Event 1 (0x3fca0e40)
12:32:29      TMCU: D shelly_tmcu.cpp:993     wifi report state is SendRealState
12:32:29      TMCU: D shelly_tmcu.cpp:520     Sending WiFi status 4
12:32:29      TMCU: D shelly_tmcu.cpp:890     TX: 0x03 v=3 [04] (Ready)
12:32:29      TMCU: D shelly_tmcu.cpp:598     RX: 0x03 v=3 [] (state Ready)
12:32:29      TMCU: D shelly_tmcu.cpp:598     RX: 0x1c v=3 [] (state Ready)
12:32:29      TMCU: D shelly_tmcu.cpp:890     TX: 0x1c v=3 [011a09190c201f05] (Ready)
12:32:29      TMCU: D shelly_tmcu.cpp:598     RX: 0x24 v=3 [] (state Ready)
12:32:29      TMCU: D shelly_tmcu.cpp:890     TX: 0x24 v=3 [cb] (Ready)
12:32:36      TMCU: D shelly_tmcu.cpp:598     RX: 0x00 v=3 [01] (state Ready)
12:32:36      TMCU: D shelly_tmcu.cpp:79      Tmcu Event 1 (0x3fca0e40)
12:32:51      TMCU: D shelly_tmcu.cpp:598     RX: 0x00 v=3 [01] (state Ready)
12:32:51      TMCU: D shelly_tmcu.cpp:79      Tmcu Event 1 (0x3fca0e40)
12:32:56      TMCU: D shelly_tmcu.cpp:598     RX: 0x1c v=3 [] (state Ready)
12:32:56      TMCU: D shelly_tmcu.cpp:890     TX: 0x1c v=3 [011a09190c203a05] (Ready)
12:32:56      TMCU: D shelly_tmcu.cpp:598     RX: 0x24 v=3 [] (state Ready)
12:32:56      TMCU: D shelly_tmcu.cpp:890     TX: 0x24 v=3 [c9] (Ready)
12:32:59      TMCU: D shelly_tmcu.cpp:993     wifi report state is SendRealState
12:32:59      TMCU: D shelly_tmcu.cpp:520     Sending WiFi status 4
12:32:59      TMCU: D shelly_tmcu.cpp:890     TX: 0x03 v=3 [04] (Ready)
12:32:59      TMCU: D shelly_tmcu.cpp:598     RX: 0x03 v=3 [] (state Ready)
12:33:06      TMCU: D shelly_tmcu.cpp:598     RX: 0x00 v=3 [01] (state Ready)
12:33:06      TMCU: D shelly_tmcu.cpp:79      Tmcu Event 1 (0x3fca0e40)
12:33:19      TMCU: D shelly_tmcu.cpp:598     RX: 0x24 v=3 [] (state Ready)
12:33:19      TMCU: D shelly_tmcu.cpp:890     TX: 0x24 v=3 [cc] (Ready)
12:33:21      TMCU: D shelly_tmcu.cpp:598     RX: 0x00 v=3 [01] (state Ready)
12:33:21      TMCU: D shelly_tmcu.cpp:79      Tmcu Event 1 (0x3fca0e40)
12:33:29      TMCU: D shelly_tmcu.cpp:598     RX: 0x24 v=3 [] (state Ready)
12:33:29      TMCU: D shelly_tmcu.cpp:890     TX: 0x24 v=3 [cb] (Ready)
12:33:29      TMCU: D shelly_tmcu.cpp:993     wifi report state is SendRealState
12:33:29      TMCU: D shelly_tmcu.cpp:520     Sending WiFi status 4
12:33:29      TMCU: D shelly_tmcu.cpp:890     TX: 0x03 v=3 [04] (Ready)
12:33:29      TMCU: D shelly_tmcu.cpp:598     RX: 0x03 v=3 [] (state Ready)
12:33:36      TMCU: D shelly_tmcu.cpp:598     RX: 0x00 v=3 [01] (state Ready)
12:33:36      TMCU: D shelly_tmcu.cpp:79      Tmcu Event 1 (0x3fca0e40)
12:33:41      TMCU: D shelly_tmcu.cpp:598     RX: 0x1c v=3 [] (state Ready)
12:33:41      TMCU: D shelly_tmcu.cpp:890     TX: 0x1c v=3 [011a09190c212b05] (Ready)
12:33:41      TMCU: D shelly_tmcu.cpp:598     RX: 0x24 v=3 [] (state Ready)
12:33:41      TMCU: D shelly_tmcu.cpp:890     TX: 0x24 v=3 [cc] (Ready)
12:33:51      TMCU: D shelly_tmcu.cpp:598     RX: 0x00 v=3 [01] (state Ready)
12:33:51      TMCU: D shelly_tmcu.cpp:79      Tmcu Event 1 (0x3fca0e40)
12:33:59      TMCU: D shelly_tmcu.cpp:993     wifi report state is SendRealState
12:33:59      TMCU: D shelly_tmcu.cpp:520     Sending WiFi status 4
12:33:59      TMCU: D shelly_tmcu.cpp:890     TX: 0x03 v=3 [04] (Ready)
12:33:59      TMCU: D shelly_tmcu.cpp:598     RX: 0x03 v=3 [] (state Ready)
12:33:59      TMCU: D shelly_tmcu.cpp:598     RX: 0x1c v=3 [] (state Ready)
12:33:59      TMCU: D shelly_tmcu.cpp:890     TX: 0x1c v=3 [011a09190c220105] (Ready)
12:33:59      TMCU: D shelly_tmcu.cpp:598     RX: 0x24 v=3 [] (state Ready)
12:33:59      TMCU: D shelly_tmcu.cpp:890     TX: 0x24 v=3 [c9] (Ready)
12:34:06      TMCU: D shelly_tmcu.cpp:598     RX: 0x00 v=3 [01] (state Ready)
12:34:06      TMCU: D shelly_tmcu.cpp:79      Tmcu Event 1 (0x3fca0e40)
12:34:21      TMCU: D shelly_tmcu.cpp:598     RX: 0x00 v=3 [01] (state Ready)
12:34:21      TMCU: D shelly_tmcu.cpp:79      Tmcu Event 1 (0x3fca0e40)
12:34:26      TMCU: D shelly_tmcu.cpp:598     RX: 0x1c v=3 [] (state Ready)
12:34:26      TMCU: D shelly_tmcu.cpp:890     TX: 0x1c v=3 [011a09190c221c05] (Ready)
12:34:26      TMCU: D shelly_tmcu.cpp:598     RX: 0x24 v=3 [] (state Ready)
12:34:26      TMCU: D shelly_tmcu.cpp:890     TX: 0x24 v=3 [c9] (Ready)
12:34:29      TMCU: D shelly_tmcu.cpp:993     wifi report state is SendRealState
12:34:29      TMCU: D shelly_tmcu.cpp:520     Sending WiFi status 4
12:34:29      TMCU: D shelly_tmcu.cpp:890     TX: 0x03 v=3 [04] (Ready)
12:34:29      TMCU: D shelly_tmcu.cpp:598     RX: 0x03 v=3 [] (state Ready)
12:34:36      TMCU: D shelly_tmcu.cpp:598     RX: 0x00 v=3 [01] (state Ready)
12:34:36      TMCU: D shelly_tmcu.cpp:79      Tmcu Event 1 (0x3fca0e40)
12:34:50      TMCU: D shelly_tmcu.cpp:598     RX: 0x24 v=3 [] (state Ready)
12:34:50      TMCU: D shelly_tmcu.cpp:890     TX: 0x24 v=3 [cc] (Ready)
12:34:51      TMCU: D shelly_tmcu.cpp:598     RX: 0x00 v=3 [01] (state Ready)
12:34:51      TMCU: D shelly_tmcu.cpp:79      Tmcu Event 1 (0x3fca0e40)
12:34:59      TMCU: D shelly_tmcu.cpp:993     wifi report state is SendRealState
12:34:59      TMCU: D shelly_tmcu.cpp:520     Sending WiFi status 4
12:34:59      TMCU: D shelly_tmcu.cpp:890     TX: 0x03 v=3 [04] (Ready)
12:34:59      TMCU: D shelly_tmcu.cpp:598     RX: 0x03 v=3 [] (state Ready)
12:34:59      TMCU: D shelly_tmcu.cpp:598     RX: 0x24 v=3 [] (state Ready)
12:34:59      TMCU: D shelly_tmcu.cpp:890     TX: 0x24 v=3 [ca] (Ready)
12:35:06      TMCU: D shelly_tmcu.cpp:598     RX: 0x00 v=3 [01] (state Ready)
12:35:06      TMCU: D shelly_tmcu.cpp:79      Tmcu Event 1 (0x3fca0e40)
12:35:11      TMCU: D shelly_tmcu.cpp:598     RX: 0x1c v=3 [] (state Ready)
12:35:11      TMCU: D shelly_tmcu.cpp:890     TX: 0x1c v=3 [011a09190c230e05] (Ready)
12:35:11      TMCU: D shelly_tmcu.cpp:598     RX: 0x24 v=3 [] (state Ready)
12:35:11      TMCU: D shelly_tmcu.cpp:890     TX: 0x24 v=3 [c9] (Ready)
12:35:21      TMCU: D shelly_tmcu.cpp:598     RX: 0x00 v=3 [01] (state Ready)
12:35:21      TMCU: D shelly_tmcu.cpp:79      Tmcu Event 1 (0x3fca0e40)
12:35:29      TMCU: D shelly_tmcu.cpp:993     wifi report state is SendRealState
12:35:29      TMCU: D shelly_tmcu.cpp:520     Sending WiFi status 4
12:35:29      TMCU: D shelly_tmcu.cpp:890     TX: 0x03 v=3 [04] (Ready)
12:35:29      TMCU: D shelly_tmcu.cpp:598     RX: 0x03 v=3 [] (state Ready)
12:35:29      TMCU: D shelly_tmcu.cpp:598     RX: 0x1c v=3 [] (state Ready)
12:35:29      TMCU: D shelly_tmcu.cpp:890     TX: 0x1c v=3 [011a09190c232005] (Ready)
12:35:30      TMCU: D shelly_tmcu.cpp:598     RX: 0x24 v=3 [] (state Ready)
12:35:30      TMCU: D shelly_tmcu.cpp:890     TX: 0x24 v=3 [ca] (Ready)
12:35:36      TMCU: D shelly_tmcu.cpp:598     RX: 0x00 v=3 [01] (state Ready)
12:35:36      TMCU: D shelly_tmcu.cpp:79      Tmcu Event 1 (0x3fca0e40)
12:35:51      TMCU: D shelly_tmcu.cpp:598     RX: 0x00 v=3 [01] (state Ready)
12:35:51      TMCU: D shelly_tmcu.cpp:79      Tmcu Event 1 (0x3fca0e40)
12:35:56      TMCU: D shelly_tmcu.cpp:598     RX: 0x1c v=3 [] (state Ready)
12:35:56      TMCU: D shelly_tmcu.cpp:890     TX: 0x1c v=3 [011a09190c233b05] (Ready)
12:35:56      TMCU: D shelly_tmcu.cpp:598     RX: 0x24 v=3 [] (state Ready)
12:35:57      TMCU: D shelly_tmcu.cpp:890     TX: 0x24 v=3 [cb] (Ready)
12:35:59      TMCU: D shelly_tmcu.cpp:993     wifi report state is SendRealState
12:35:59      TMCU: D shelly_tmcu.cpp:520     Sending WiFi status 4
12:35:59      TMCU: D shelly_tmcu.cpp:890     TX: 0x03 v=3 [04] (Ready)
12:35:59      TMCU: D shelly_tmcu.cpp:598     RX: 0x03 v=3 [] (state Ready)
12:36:06      TMCU: D shelly_tmcu.cpp:598     RX: 0x00 v=3 [01] (state Ready)
12:36:06      TMCU: D shelly_tmcu.cpp:79      Tmcu Event 1 (0x3fca0e40)
12:36:20      TMCU: D shelly_tmcu.cpp:598     RX: 0x24 v=3 [] (state Ready)
12:36:20      TMCU: D shelly_tmcu.cpp:890     TX: 0x24 v=3 [ca] (Ready)
12:36:21      TMCU: D shelly_tmcu.cpp:598     RX: 0x00 v=3 [01] (state Ready)
12:36:21      TMCU: D shelly_tmcu.cpp:79      Tmcu Event 1 (0x3fca0e40)
12:36:29      TMCU: D shelly_tmcu.cpp:993     wifi report state is SendRealState
12:36:29      TMCU: D shelly_tmcu.cpp:520     Sending WiFi status 4
12:36:29      TMCU: D shelly_tmcu.cpp:890     TX: 0x03 v=3 [04] (Ready)
12:36:29      TMCU: D shelly_tmcu.cpp:598     RX: 0x03 v=3 [] (state Ready)
12:36:29      TMCU: D shelly_tmcu.cpp:598     RX: 0x24 v=3 [] (state Ready)
12:36:29      TMCU: D shelly_tmcu.cpp:890     TX: 0x24 v=3 [cb] (Ready)
12:36:36      TMCU: D shelly_tmcu.cpp:598     RX: 0x00 v=3 [01] (state Ready)
12:36:36      TMCU: D shelly_tmcu.cpp:79      Tmcu Event 1 (0x3fca0e40)
12:36:42      TMCU: D shelly_tmcu.cpp:598     RX: 0x1c v=3 [] (state Ready)
12:36:42      TMCU: D shelly_tmcu.cpp:890     TX: 0x1c v=3 [011a09190c242c05] (Ready)
12:36:42      TMCU: D shelly_tmcu.cpp:598     RX: 0x24 v=3 [] (state Ready)
12:36:42      TMCU: D shelly_tmcu.cpp:890     TX: 0x24 v=3 [c9] (Ready)
12:36:51      TMCU: D shelly_tmcu.cpp:598     RX: 0x00 v=3 [01] (state Ready)
12:36:51      TMCU: D shelly_tmcu.cpp:79      Tmcu Event 1 (0x3fca0e40)
12:36:59      TMCU: D shelly_tmcu.cpp:993     wifi report state is SendRealState
12:36:59      TMCU: D shelly_tmcu.cpp:520     Sending WiFi status 4
12:36:59      TMCU: D shelly_tmcu.cpp:890     TX: 0x03 v=3 [04] (Ready)
12:36:59      TMCU: D shelly_tmcu.cpp:598     RX: 0x03 v=3 [] (state Ready)
12:37:00      TMCU: D shelly_tmcu.cpp:598     RX: 0x1c v=3 [] (state Ready)
12:37:00      TMCU: D shelly_tmcu.cpp:890     TX: 0x1c v=3 [011a09190c250205] (Ready)
12:37:00      TMCU: D shelly_tmcu.cpp:598     RX: 0x24 v=3 [] (state Ready)
12:37:00      TMCU: D shelly_tmcu.cpp:890     TX: 0x24 v=3 [ca] (Ready)
12:37:06      TMCU: D shelly_tmcu.cpp:598     RX: 0x00 v=3 [01] (state Ready)
12:37:06      TMCU: D shelly_tmcu.cpp:79      Tmcu Event 1 (0x3fca0e40)
12:37:11      TMCU: D shelly_tmcu.cpp:598     RX: 0x07 v=3 [1802000400000012] (state Ready)
12:37:11      TMCU: D shelly_tmcu.cpp:862     same int 24 = 18
12:37:21      TMCU: D shelly_tmcu.cpp:598     RX: 0x00 v=3 [01] (state Ready)
12:37:21      TMCU: D shelly_tmcu.cpp:79      Tmcu Event 1 (0x3fca0e40)
12:37:27      TMCU: D shelly_tmcu.cpp:598     RX: 0x1c v=3 [] (state Ready)
12:37:27      TMCU: D shelly_tmcu.cpp:890     TX: 0x1c v=3 [011a09190c251d05] (Ready)
12:37:27      TMCU: D shelly_tmcu.cpp:598     RX: 0x24 v=3 [] (state Ready)
12:37:27      TMCU: D shelly_tmcu.cpp:890     TX: 0x24 v=3 [cb] (Ready)
12:37:29      TMCU: D shelly_tmcu.cpp:993     wifi report state is SendRealState
12:37:29      TMCU: D shelly_tmcu.cpp:520     Sending WiFi status 4
12:37:29      TMCU: D shelly_tmcu.cpp:890     TX: 0x03 v=3 [04] (Ready)
12:37:29      TMCU: D shelly_tmcu.cpp:598     RX: 0x03 v=3 [] (state Ready)
12:37:36      TMCU: D shelly_tmcu.cpp:598     RX: 0x00 v=3 [01] (state Ready)
12:37:36      TMCU: D shelly_tmcu.cpp:79      Tmcu Event 1 (0x3fca0e40)
12:37:50      TMCU: D shelly_tmcu.cpp:598     RX: 0x24 v=3 [] (state Ready)
12:37:50      TMCU: D shelly_tmcu.cpp:890     TX: 0x24 v=3 [cb] (Ready)
12:37:51      TMCU: D shelly_tmcu.cpp:598     RX: 0x00 v=3 [01] (state Ready)
12:37:51      TMCU: D shelly_tmcu.cpp:79      Tmcu Event 1 (0x3fca0e40)
12:37:59      TMCU: D shelly_tmcu.cpp:993     wifi report state is SendRealState
12:37:59      TMCU: D shelly_tmcu.cpp:520     Sending WiFi status 4
12:37:59      TMCU: D shelly_tmcu.cpp:890     TX: 0x03 v=3 [04] (Ready)
12:37:59      TMCU: D shelly_tmcu.cpp:598     RX: 0x03 v=3 [] (state Ready)
12:37:59      TMCU: D shelly_tmcu.cpp:598     RX: 0x24 v=3 [] (state Ready)
12:37:59      TMCU: D shelly_tmcu.cpp:890     TX: 0x24 v=3 [cb] (Ready)
12:38:06      TMCU: D shelly_tmcu.cpp:598     RX: 0x00 v=3 [01] (state Ready)
12:38:06      TMCU: D shelly_tmcu.cpp:79      Tmcu Event 1 (0x3fca0e40)
12:38:12      TMCU: D shelly_tmcu.cpp:598     RX: 0x1c v=3 [] (state Ready)
12:38:12      TMCU: D shelly_tmcu.cpp:890     TX: 0x1c v=3 [011a09190c260e05] (Ready)
12:38:12      TMCU: D shelly_tmcu.cpp:598     RX: 0x24 v=3 [] (state Ready)
12:38:12      TMCU: D shelly_tmcu.cpp:890     TX: 0x24 v=3 [cb] (Ready)
12:38:21      TMCU: D shelly_tmcu.cpp:598     RX: 0x00 v=3 [01] (state Ready)
12:38:21      TMCU: D shelly_tmcu.cpp:79      Tmcu Event 1 (0x3fca0e40)
12:38:29      TMCU: D shelly_tmcu.cpp:993     wifi report state is SendRealState
12:38:29      TMCU: D shelly_tmcu.cpp:520     Sending WiFi status 4
12:38:29      TMCU: D shelly_tmcu.cpp:890     TX: 0x03 v=3 [04] (Ready)
12:38:29      TMCU: D shelly_tmcu.cpp:598     RX: 0x03 v=3 [] (state Ready)
12:38:30      TMCU: D shelly_tmcu.cpp:598     RX: 0x1c v=3 [] (state Ready)
12:38:30      TMCU: D shelly_tmcu.cpp:890     TX: 0x1c v=3 [011a09190c262005] (Ready)
12:38:30      TMCU: D shelly_tmcu.cpp:598     RX: 0x24 v=3 [] (state Ready)
12:38:30      TMCU: D shelly_tmcu.cpp:890     TX: 0x24 v=3 [ca] (Ready)
12:38:36      TMCU: D shelly_tmcu.cpp:598     RX: 0x00 v=3 [01] (state Ready)
12:38:36      TMCU: D shelly_tmcu.cpp:79      Tmcu Event 1 (0x3fca0e40)
12:38:51      TMCU: D shelly_tmcu.cpp:598     RX: 0x00 v=3 [01] (state Ready)
12:38:51      TMCU: D shelly_tmcu.cpp:79      Tmcu Event 1 (0x3fca0e40)
12:38:57      TMCU: D shelly_tmcu.cpp:598     RX: 0x1c v=3 [] (state Ready)
12:38:57      TMCU: D shelly_tmcu.cpp:890     TX: 0x1c v=3 [011a09190c263b05] (Ready)
12:38:57      TMCU: D shelly_tmcu.cpp:598     RX: 0x24 v=3 [] (state Ready)
12:38:57      TMCU: D shelly_tmcu.cpp:890     TX: 0x24 v=3 [cb] (Ready)
12:38:59      TMCU: D shelly_tmcu.cpp:993     wifi report state is SendRealState
12:38:59      TMCU: D shelly_tmcu.cpp:520     Sending WiFi status 4
12:38:59      TMCU: D shelly_tmcu.cpp:890     TX: 0x03 v=3 [04] (Ready)
12:38:59      TMCU: D shelly_tmcu.cpp:598     RX: 0x03 v=3 [] (state Ready)
12:39:06      TMCU: D shelly_tmcu.cpp:598     RX: 0x00 v=3 [01] (state Ready)
12:39:06      TMCU: D shelly_tmcu.cpp:79      Tmcu Event 1 (0x3fca0e40)
12:39:20      TMCU: D shelly_tmcu.cpp:598     RX: 0x24 v=3 [] (state Ready)
12:39:20      TMCU: D shelly_tmcu.cpp:890     TX: 0x24 v=3 [cc] (Ready)
12:39:21      TMCU: D shelly_tmcu.cpp:598     RX: 0x00 v=3 [01] (state Ready)
12:39:21      TMCU: D shelly_tmcu.cpp:79      Tmcu Event 1 (0x3fca0e40)
12:39:29      TMCU: D shelly_tmcu.cpp:993     wifi report state is SendRealState
12:39:29      TMCU: D shelly_tmcu.cpp:520     Sending WiFi status 4
12:39:29      TMCU: D shelly_tmcu.cpp:890     TX: 0x03 v=3 [04] (Ready)
12:39:29      TMCU: D shelly_tmcu.cpp:598     RX: 0x03 v=3 [] (state Ready)
12:39:30      TMCU: D shelly_tmcu.cpp:598     RX: 0x24 v=3 [] (state Ready)
12:39:30      TMCU: D shelly_tmcu.cpp:890     TX: 0x24 v=3 [ca] (Ready)
12:39:36      TMCU: D shelly_tmcu.cpp:598     RX: 0x00 v=3 [01] (state Ready)
12:39:36      TMCU: D shelly_tmcu.cpp:79      Tmcu Event 1 (0x3fca0e40)
12:39:42      TMCU: D shelly_tmcu.cpp:598     RX: 0x1c v=3 [] (state Ready)
12:39:42      TMCU: D shelly_tmcu.cpp:890     TX: 0x1c v=3 [011a09190c272c05] (Ready)
12:39:42      TMCU: D shelly_tmcu.cpp:598     RX: 0x24 v=3 [] (state Ready)
12:39:42      TMCU: D shelly_tmcu.cpp:890     TX: 0x24 v=3 [cc] (Ready)
12:39:51      TMCU: D shelly_tmcu.cpp:598     RX: 0x00 v=3 [01] (state Ready)
12:39:51      TMCU: D shelly_tmcu.cpp:79      Tmcu Event 1 (0x3fca0e40)
12:39:59      TMCU: D shelly_tmcu.cpp:993     wifi report state is SendRealState
12:39:59      TMCU: D shelly_tmcu.cpp:520     Sending WiFi status 4
12:39:59      TMCU: D shelly_tmcu.cpp:890     TX: 0x03 v=3 [04] (Ready)
12:39:59      TMCU: D shelly_tmcu.cpp:598     RX: 0x03 v=3 [] (state Ready)
12:40:00      TMCU: D shelly_tmcu.cpp:598     RX: 0x1c v=3 [] (state Ready)
12:40:00      TMCU: D shelly_tmcu.cpp:890     TX: 0x1c v=3 [011a09190c280205] (Ready)
12:40:00      TMCU: D shelly_tmcu.cpp:598     RX: 0x24 v=3 [] (state Ready)
12:40:00      TMCU: D shelly_tmcu.cpp:890     TX: 0x24 v=3 [c9] (Ready)
12:40:06      TMCU: D shelly_tmcu.cpp:598     RX: 0x00 v=3 [01] (state Ready)
12:40:06      TMCU: D shelly_tmcu.cpp:79      Tmcu Event 1 (0x3fca0e40)
12:40:21      TMCU: D shelly_tmcu.cpp:598     RX: 0x00 v=3 [01] (state Ready)
12:40:21      TMCU: D shelly_tmcu.cpp:79      Tmcu Event 1 (0x3fca0e40)
12:40:27      TMCU: D shelly_tmcu.cpp:598     RX: 0x1c v=3 [] (state Ready)
12:40:27      TMCU: D shelly_tmcu.cpp:890     TX: 0x1c v=3 [011a09190c281d05] (Ready)
12:40:27      TMCU: D shelly_tmcu.cpp:598     RX: 0x24 v=3 [] (state Ready)
12:40:27      TMCU: D shelly_tmcu.cpp:890     TX: 0x24 v=3 [cc] (Ready)
12:40:29      TMCU: D shelly_tmcu.cpp:993     wifi report state is SendRealState
12:40:29      TMCU: D shelly_tmcu.cpp:520     Sending WiFi status 4
12:40:29      TMCU: D shelly_tmcu.cpp:890     TX: 0x03 v=3 [04] (Ready)
12:40:29      TMCU: D shelly_tmcu.cpp:598     RX: 0x03 v=3 [] (state Ready)
12:40:36      TMCU: D shelly_tmcu.cpp:598     RX: 0x00 v=3 [01] (state Ready)
12:40:36      TMCU: D shelly_tmcu.cpp:79      Tmcu Event 1 (0x3fca0e40)
12:40:51      TMCU: D shelly_tmcu.cpp:598     RX: 0x24 v=3 [] (state Ready)
12:40:51      TMCU: D shelly_tmcu.cpp:890     TX: 0x24 v=3 [cc] (Ready)
12:40:51      TMCU: D shelly_tmcu.cpp:598     RX: 0x00 v=3 [01] (state Ready)
12:40:51      TMCU: D shelly_tmcu.cpp:79      Tmcu Event 1 (0x3fca0e40)
12:40:59      TMCU: D shelly_tmcu.cpp:993     wifi report state is SendRealState
12:40:59      TMCU: D shelly_tmcu.cpp:520     Sending WiFi status 4
12:40:59      TMCU: D shelly_tmcu.cpp:890     TX: 0x03 v=3 [04] (Ready)
12:40:59      TMCU: D shelly_tmcu.cpp:598     RX: 0x03 v=3 [] (state Ready)
12:41:00      TMCU: D shelly_tmcu.cpp:598     RX: 0x24 v=3 [] (state Ready)
12:41:00      TMCU: D shelly_tmcu.cpp:890     TX: 0x24 v=3 [ca] (Ready)
12:41:06      TMCU: D shelly_tmcu.cpp:598     RX: 0x00 v=3 [01] (state Ready)
12:41:06      TMCU: D shelly_tmcu.cpp:79      Tmcu Event 1 (0x3fca0e40)
12:41:12      TMCU: D shelly_tmcu.cpp:598     RX: 0x1c v=3 [] (state Ready)
12:41:12      TMCU: D shelly_tmcu.cpp:890     TX: 0x1c v=3 [011a09190c290f05] (Ready)
12:41:12      TMCU: D shelly_tmcu.cpp:598     RX: 0x24 v=3 [] (state Ready)
12:41:12      TMCU: D shelly_tmcu.cpp:890     TX: 0x24 v=3 [c9] (Ready)
12:41:21      TMCU: D shelly_tmcu.cpp:598     RX: 0x00 v=3 [01] (state Ready)
12:41:21      TMCU: D shelly_tmcu.cpp:79      Tmcu Event 1 (0x3fca0e40)
12:41:29      TMCU: D shelly_tmcu.cpp:993     wifi report state is SendRealState
12:41:29      TMCU: D shelly_tmcu.cpp:520     Sending WiFi status 4
12:41:29      TMCU: D shelly_tmcu.cpp:890     TX: 0x03 v=3 [04] (Ready)
12:41:29      TMCU: D shelly_tmcu.cpp:598     RX: 0x03 v=3 [] (state Ready)
12:41:30      TMCU: D shelly_tmcu.cpp:598     RX: 0x1c v=3 [] (state Ready)
12:41:30      TMCU: D shelly_tmcu.cpp:890     TX: 0x1c v=3 [011a09190c292105] (Ready)
12:41:30      TMCU: D shelly_tmcu.cpp:598     RX: 0x24 v=3 [] (state Ready)
12:41:30      TMCU: D shelly_tmcu.cpp:890     TX: 0x24 v=3 [cc] (Ready)
12:41:36      TMCU: D shelly_tmcu.cpp:598     RX: 0x00 v=3 [01] (state Ready)
12:41:36      TMCU: D shelly_tmcu.cpp:79      Tmcu Event 1 (0x3fca0e40)
12:41:51      TMCU: D shelly_tmcu.cpp:598     RX: 0x00 v=3 [01] (state Ready)
12:41:51      TMCU: D shelly_tmcu.cpp:79      Tmcu Event 1 (0x3fca0e40)
12:41:57      TMCU: D shelly_tmcu.cpp:598     RX: 0x1c v=3 [] (state Ready)
12:41:57      TMCU: D shelly_tmcu.cpp:890     TX: 0x1c v=3 [011a09190c2a0005] (Ready)
12:41:57      TMCU: D shelly_tmcu.cpp:598     RX: 0x24 v=3 [] (state Ready)
12:41:57      TMCU: D shelly_tmcu.cpp:890     TX: 0x24 v=3 [cb] (Ready)
12:41:59      TMCU: D shelly_tmcu.cpp:993     wifi report state is SendRealState
12:41:59      TMCU: D shelly_tmcu.cpp:520     Sending WiFi status 4
12:41:59      TMCU: D shelly_tmcu.cpp:890     TX: 0x03 v=3 [04] (Ready)
12:41:59      TMCU: D shelly_tmcu.cpp:598     RX: 0x03 v=3 [] (state Ready)
12:42:06      TMCU: D shelly_tmcu.cpp:598     RX: 0x00 v=3 [01] (state Ready)
12:42:06      TMCU: D shelly_tmcu.cpp:79      Tmcu Event 1 (0x3fca0e40)
12:42:21      TMCU: D shelly_tmcu.cpp:598     RX: 0x24 v=3 [] (state Ready)
12:42:21      TMCU: D shelly_tmcu.cpp:890     TX: 0x24 v=3 [ca] (Ready)
12:42:21      TMCU: D shelly_tmcu.cpp:598     RX: 0x00 v=3 [01] (state Ready)
12:42:21      TMCU: D shelly_tmcu.cpp:79      Tmcu Event 1 (0x3fca0e40)
12:42:29      TMCU: D shelly_tmcu.cpp:993     wifi report state is SendRealState
12:42:29      TMCU: D shelly_tmcu.cpp:520     Sending WiFi status 4
12:42:29      TMCU: D shelly_tmcu.cpp:890     TX: 0x03 v=3 [04] (Ready)
12:42:29      TMCU: D shelly_tmcu.cpp:598     RX: 0x03 v=3 [] (state Ready)
12:42:30      TMCU: D shelly_tmcu.cpp:598     RX: 0x24 v=3 [] (state Ready)
12:42:30      TMCU: D shelly_tmcu.cpp:890     TX: 0x24 v=3 [ca] (Ready)
12:42:36      TMCU: D shelly_tmcu.cpp:598     RX: 0x00 v=3 [01] (state Ready)
12:42:36      TMCU: D shelly_tmcu.cpp:79      Tmcu Event 1 (0x3fca0e40)
12:42:43      TMCU: D shelly_tmcu.cpp:598     RX: 0x1c v=3 [] (state Ready)
12:42:43      TMCU: D shelly_tmcu.cpp:890     TX: 0x1c v=3 [011a09190c2a2d05] (Ready)
12:42:43      TMCU: D shelly_tmcu.cpp:598     RX: 0x24 v=3 [] (state Ready)
12:42:43      TMCU: D shelly_tmcu.cpp:890     TX: 0x24 v=3 [ca] (Ready)
12:42:51      TMCU: D shelly_tmcu.cpp:598     RX: 0x00 v=3 [01] (state Ready)
12:42:51      TMCU: D shelly_tmcu.cpp:79      Tmcu Event 1 (0x3fca0e40)
12:42:59      TMCU: D shelly_tmcu.cpp:993     wifi report state is SendRealState
12:42:59      TMCU: D shelly_tmcu.cpp:520     Sending WiFi status 4
12:42:59      TMCU: D shelly_tmcu.cpp:890     TX: 0x03 v=3 [04] (Ready)
12:42:59      TMCU: D shelly_tmcu.cpp:598     RX: 0x03 v=3 [] (state Ready)
12:43:01      TMCU: D shelly_tmcu.cpp:598     RX: 0x1c v=3 [] (state Ready)
12:43:01      TMCU: D shelly_tmcu.cpp:890     TX: 0x1c v=3 [011a09190c2b0305] (Ready)
12:43:01      TMCU: D shelly_tmcu.cpp:598     RX: 0x24 v=3 [] (state Ready)
12:43:01      TMCU: D shelly_tmcu.cpp:890     TX: 0x24 v=3 [cc] (Ready)
12:43:06      TMCU: D shelly_tmcu.cpp:598     RX: 0x00 v=3 [01] (state Ready)
12:43:06      TMCU: D shelly_tmcu.cpp:79      Tmcu Event 1 (0x3fca0e40)
12:43:21      TMCU: D shelly_tmcu.cpp:598     RX: 0x00 v=3 [01] (state Ready)
12:43:21      TMCU: D shelly_tmcu.cpp:79      Tmcu Event 1 (0x3fca0e40)
12:43:28      TMCU: D shelly_tmcu.cpp:598     RX: 0x1c v=3 [] (state Ready)
12:43:28      TMCU: D shelly_tmcu.cpp:890     TX: 0x1c v=3 [011a09190c2b1e05] (Ready)
12:43:28      TMCU: D shelly_tmcu.cpp:598     RX: 0x24 v=3 [] (state Ready)
12:43:28      TMCU: D shelly_tmcu.cpp:890     TX: 0x24 v=3 [c9] (Ready)
12:43:29      TMCU: D shelly_tmcu.cpp:993     wifi report state is SendRealState
12:43:29      TMCU: D shelly_tmcu.cpp:520     Sending WiFi status 4
12:43:29      TMCU: D shelly_tmcu.cpp:890     TX: 0x03 v=3 [04] (Ready)
12:43:29      TMCU: D shelly_tmcu.cpp:598     RX: 0x03 v=3 [] (state Ready)
12:43:31      TMCU: D shelly_tmcu.cpp:598     RX: 0x07 v=3 [1802000400000013] (state Ready)
12:43:31      TMCU: D shelly_tmcu.cpp:860     upd int 24 = 19
12:43:31      TMCU: D shelly_tmcu.cpp:79      Tmcu Event 4 (0x3fca0d80)
12:43:36      TMCU: D shelly_tmcu.cpp:598     RX: 0x00 v=3 [01] (state Ready)
12:43:36      TMCU: D shelly_tmcu.cpp:79      Tmcu Event 1 (0x3fca0e40)
12:43:51      TMCU: D shelly_tmcu.cpp:598     RX: 0x00 v=3 [01] (state Ready)
12:43:51      TMCU: D shelly_tmcu.cpp:79      Tmcu Event 1 (0x3fca0e40)
12:43:51      TMCU: D shelly_tmcu.cpp:598     RX: 0x24 v=3 [] (state Ready)
12:43:51      TMCU: D shelly_tmcu.cpp:890     TX: 0x24 v=3 [ca] (Ready)
12:43:59      TMCU: D shelly_tmcu.cpp:993     wifi report state is SendRealState
12:43:59      TMCU: D shelly_tmcu.cpp:520     Sending WiFi status 4
12:43:59      TMCU: D shelly_tmcu.cpp:890     TX: 0x03 v=3 [04] (Ready)
12:43:59      TMCU: D shelly_tmcu.cpp:598     RX: 0x03 v=3 [] (state Ready)
12:44:00      TMCU: D shelly_tmcu.cpp:598     RX: 0x24 v=3 [] (state Ready)
12:44:00      TMCU: D shelly_tmcu.cpp:890     TX: 0x24 v=3 [ca] (Ready)
12:44:06      TMCU: D shelly_tmcu.cpp:598     RX: 0x00 v=3 [01] (state Ready)
12:44:06      TMCU: D shelly_tmcu.cpp:79      Tmcu Event 1 (0x3fca0e40)
12:44:13      TMCU: D shelly_tmcu.cpp:598     RX: 0x1c v=3 [] (state Ready)
12:44:13      TMCU: D shelly_tmcu.cpp:890     TX: 0x1c v=3 [011a09190c2c0f05] (Ready)
12:44:13      TMCU: D shelly_tmcu.cpp:598     RX: 0x24 v=3 [] (state Ready)
12:44:13      TMCU: D shelly_tmcu.cpp:890     TX: 0x24 v=3 [cc] (Ready)
12:44:21      TMCU: D shelly_tmcu.cpp:598     RX: 0x00 v=3 [01] (state Ready)
12:44:21      TMCU: D shelly_tmcu.cpp:79      Tmcu Event 1 (0x3fca0e40)
12:44:29      TMCU: D shelly_tmcu.cpp:993     wifi report state is SendRealState
12:44:29      TMCU: D shelly_tmcu.cpp:520     Sending WiFi status 4
12:44:29      TMCU: D shelly_tmcu.cpp:890     TX: 0x03 v=3 [04] (Ready)
12:44:29      TMCU: D shelly_tmcu.cpp:598     RX: 0x03 v=3 [] (state Ready)
12:44:31      TMCU: D shelly_tmcu.cpp:598     RX: 0x1c v=3 [] (state Ready)
12:44:31      TMCU: D shelly_tmcu.cpp:890     TX: 0x1c v=3 [011a09190c2c2105] (Ready)
12:44:31      TMCU: D shelly_tmcu.cpp:598     RX: 0x24 v=3 [] (state Ready)
12:44:31      TMCU: D shelly_tmcu.cpp:890     TX: 0x24 v=3 [cb] (Ready)
12:44:36      TMCU: D shelly_tmcu.cpp:598     RX: 0x00 v=3 [01] (state Ready)
12:44:36      TMCU: D shelly_tmcu.cpp:79      Tmcu Event 1 (0x3fca0e40)
12:44:51      TMCU: D shelly_tmcu.cpp:598     RX: 0x00 v=3 [01] (state Ready)
12:44:51      TMCU: D shelly_tmcu.cpp:79      Tmcu Event 1 (0x3fca0e40)
12:44:58      TMCU: D shelly_tmcu.cpp:598     RX: 0x1c v=3 [] (state Ready)
12:44:58      TMCU: D shelly_tmcu.cpp:890     TX: 0x1c v=3 [011a09190c2d0005] (Ready)
12:44:58      TMCU: D shelly_tmcu.cpp:598     RX: 0x24 v=3 [] (state Ready)
12:44:58      TMCU: D shelly_tmcu.cpp:890     TX: 0x24 v=3 [ca] (Ready)
12:44:59      TMCU: D shelly_tmcu.cpp:993     wifi report state is SendRealState
12:44:59      TMCU: D shelly_tmcu.cpp:520     Sending WiFi status 4
12:44:59      TMCU: D shelly_tmcu.cpp:890     TX: 0x03 v=3 [04] (Ready)
12:44:59      TMCU: D shelly_tmcu.cpp:598     RX: 0x03 v=3 [] (state Ready)
12:45:06      TMCU: D shelly_tmcu.cpp:598     RX: 0x00 v=3 [01] (state Ready)
12:45:06      TMCU: D shelly_tmcu.cpp:79      Tmcu Event 1 (0x3fca0e40)
12:45:21      TMCU: D shelly_tmcu.cpp:598     RX: 0x00 v=3 [01] (state Ready)
12:45:21      TMCU: D shelly_tmcu.cpp:79      Tmcu Event 1 (0x3fca0e40)
12:45:21      TMCU: D shelly_tmcu.cpp:598     RX: 0x24 v=3 [] (state Ready)
12:45:21      TMCU: D shelly_tmcu.cpp:890     TX: 0x24 v=3 [ca] (Ready)
12:45:29      TMCU: D shelly_tmcu.cpp:993     wifi report state is SendRealState
12:45:29      TMCU: D shelly_tmcu.cpp:520     Sending WiFi status 4
12:45:29      TMCU: D shelly_tmcu.cpp:890     TX: 0x03 v=3 [04] (Ready)
12:45:29      TMCU: D shelly_tmcu.cpp:598     RX: 0x03 v=3 [] (state Ready)
12:45:30      TMCU: D shelly_tmcu.cpp:598     RX: 0x24 v=3 [] (state Ready)
12:45:30      TMCU: D shelly_tmcu.cpp:890     TX: 0x24 v=3 [cc] (Ready)
12:45:36      TMCU: D shelly_tmcu.cpp:598     RX: 0x00 v=3 [01] (state Ready)
12:45:36      TMCU: D shelly_tmcu.cpp:79      Tmcu Event 1 (0x3fca0e40)
12:45:43      TMCU: D shelly_tmcu.cpp:598     RX: 0x1c v=3 [] (state Ready)
12:45:43      TMCU: D shelly_tmcu.cpp:890     TX: 0x1c v=3 [011a09190c2d2d05] (Ready)
12:45:43      TMCU: D shelly_tmcu.cpp:598     RX: 0x24 v=3 [] (state Ready)
12:45:43      TMCU: D shelly_tmcu.cpp:890     TX: 0x24 v=3 [cd] (Ready)
12:45:51      TMCU: D shelly_tmcu.cpp:598     RX: 0x00 v=3 [01] (state Ready)
12:45:51      TMCU: D shelly_tmcu.cpp:79      Tmcu Event 1 (0x3fca0e40)
12:45:59      TMCU: D shelly_tmcu.cpp:993     wifi report state is SendRealState
12:45:59      TMCU: D shelly_tmcu.cpp:520     Sending WiFi status 4
12:45:59      TMCU: D shelly_tmcu.cpp:890     TX: 0x03 v=3 [04] (Ready)
12:45:59      TMCU: D shelly_tmcu.cpp:598     RX: 0x03 v=3 [] (state Ready)
12:46:01      TMCU: D shelly_tmcu.cpp:598     RX: 0x1c v=3 [] (state Ready)
12:46:01      TMCU: D shelly_tmcu.cpp:890     TX: 0x1c v=3 [011a09190c2e0305] (Ready)
12:46:01      TMCU: D shelly_tmcu.cpp:598     RX: 0x24 v=3 [] (state Ready)
12:46:01      TMCU: D shelly_tmcu.cpp:890     TX: 0x24 v=3 [cc] (Ready)
12:46:06      TMCU: D shelly_tmcu.cpp:598     RX: 0x00 v=3 [01] (state Ready)
12:46:06      TMCU: D shelly_tmcu.cpp:79      Tmcu Event 1 (0x3fca0e40)
12:46:21      TMCU: D shelly_tmcu.cpp:598     RX: 0x00 v=3 [01] (state Ready)
12:46:21      TMCU: D shelly_tmcu.cpp:79      Tmcu Event 1 (0x3fca0e40)
12:46:28      TMCU: D shelly_tmcu.cpp:598     RX: 0x1c v=3 [] (state Ready)
12:46:28      TMCU: D shelly_tmcu.cpp:890     TX: 0x1c v=3 [011a09190c2e1e05] (Ready)
12:46:28      TMCU: D shelly_tmcu.cpp:598     RX: 0x24 v=3 [] (state Ready)
12:46:28      TMCU: D shelly_tmcu.cpp:890     TX: 0x24 v=3 [ca] (Ready)
12:46:29      TMCU: D shelly_tmcu.cpp:993     wifi report state is SendRealState
12:46:29      TMCU: D shelly_tmcu.cpp:520     Sending WiFi status 4
12:46:29      TMCU: D shelly_tmcu.cpp:890     TX: 0x03 v=3 [04] (Ready)
12:46:29      TMCU: D shelly_tmcu.cpp:598     RX: 0x03 v=3 [] (state Ready)
12:46:36      TMCU: D shelly_tmcu.cpp:598     RX: 0x00 v=3 [01] (state Ready)
12:46:36      TMCU: D shelly_tmcu.cpp:79      Tmcu Event 1 (0x3fca0e40)
12:46:51      TMCU: D shelly_tmcu.cpp:598     RX: 0x00 v=3 [01] (state Ready)
12:46:51      TMCU: D shelly_tmcu.cpp:79      Tmcu Event 1 (0x3fca0e40)
12:46:52      TMCU: D shelly_tmcu.cpp:598     RX: 0x24 v=3 [] (state Ready)
12:46:52      TMCU: D shelly_tmcu.cpp:890     TX: 0x24 v=3 [cd] (Ready)
12:46:59      TMCU: D shelly_tmcu.cpp:993     wifi report state is SendRealState
12:46:59      TMCU: D shelly_tmcu.cpp:520     Sending WiFi status 4
12:46:59      TMCU: D shelly_tmcu.cpp:890     TX: 0x03 v=3 [04] (Ready)
12:46:59      TMCU: D shelly_tmcu.cpp:598     RX: 0x03 v=3 [] (state Ready)
12:47:01      TMCU: D shelly_tmcu.cpp:598     RX: 0x24 v=3 [] (state Ready)
12:47:01      TMCU: D shelly_tmcu.cpp:890     TX: 0x24 v=3 [c9] (Ready)
12:47:06      TMCU: D shelly_tmcu.cpp:598     RX: 0x00 v=3 [01] (state Ready)
12:47:06      TMCU: D shelly_tmcu.cpp:79      Tmcu Event 1 (0x3fca0e40)
12:47:13      TMCU: D shelly_tmcu.cpp:598     RX: 0x1c v=3 [] (state Ready)
12:47:13      TMCU: D shelly_tmcu.cpp:890     TX: 0x1c v=3 [011a09190c2f1005] (Ready)
12:47:13      TMCU: D shelly_tmcu.cpp:598     RX: 0x24 v=3 [] (state Ready)
12:47:13      TMCU: D shelly_tmcu.cpp:890     TX: 0x24 v=3 [ca] (Ready)
12:47:21      TMCU: D shelly_tmcu.cpp:598     RX: 0x00 v=3 [01] (state Ready)
12:47:21      TMCU: D shelly_tmcu.cpp:79      Tmcu Event 1 (0x3fca0e40)
12:47:29      TMCU: D shelly_tmcu.cpp:993     wifi report state is SendRealState
12:47:29      TMCU: D shelly_tmcu.cpp:520     Sending WiFi status 4
12:47:29      TMCU: D shelly_tmcu.cpp:890     TX: 0x03 v=3 [04] (Ready)
12:47:29      TMCU: D shelly_tmcu.cpp:598     RX: 0x03 v=3 [] (state Ready)
12:47:31      TMCU: D shelly_tmcu.cpp:598     RX: 0x1c v=3 [] (state Ready)
12:47:31      TMCU: D shelly_tmcu.cpp:890     TX: 0x1c v=3 [011a09190c2f2205] (Ready)
12:47:31      TMCU: D shelly_tmcu.cpp:598     RX: 0x24 v=3 [] (state Ready)
12:47:31      TMCU: D shelly_tmcu.cpp:890     TX: 0x24 v=3 [ca] (Ready)
12:47:36      TMCU: D shelly_tmcu.cpp:598     RX: 0x00 v=3 [01] (state Ready)
12:47:36      TMCU: D shelly_tmcu.cpp:79      Tmcu Event 1 (0x3fca0e40)
12:47:51      TMCU: D shelly_tmcu.cpp:598     RX: 0x00 v=3 [01] (state Ready)
12:47:51      TMCU: D shelly_tmcu.cpp:79      Tmcu Event 1 (0x3fca0e40)
12:47:58      TMCU: D shelly_tmcu.cpp:598     RX: 0x1c v=3 [] (state Ready)
12:47:58      TMCU: D shelly_tmcu.cpp:890     TX: 0x1c v=3 [011a09190c300105] (Ready)
12:47:58      TMCU: D shelly_tmcu.cpp:598     RX: 0x24 v=3 [] (state Ready)
12:47:58      TMCU: D shelly_tmcu.cpp:890     TX: 0x24 v=3 [ca] (Ready)
12:47:59      TMCU: D shelly_tmcu.cpp:993     wifi report state is SendRealState
12:47:59      TMCU: D shelly_tmcu.cpp:520     Sending WiFi status 4
12:47:59      TMCU: D shelly_tmcu.cpp:890     TX: 0x03 v=3 [04] (Ready)
12:47:59      TMCU: D shelly_tmcu.cpp:598     RX: 0x03 v=3 [] (state Ready)
12:48:06      TMCU: D shelly_tmcu.cpp:598     RX: 0x00 v=3 [01] (state Ready)
12:48:06      TMCU: D shelly_tmcu.cpp:79      Tmcu Event 1 (0x3fca0e40)
12:49:01  Log przez Wi-Fi: brak połączenia (45 s bez żadnego wiersza logu); ponawiam za 5 s
12:49:13  Log przez Wi-Fi: połączono z 192.168.0.238
12:49:14      TMCU: D shelly_tmcu.cpp:598     RX: 0x24 v=3 [] (state Ready)
12:49:14      TMCU: D shelly_tmcu.cpp:890     TX: 0x24 v=3 [cb] (Ready)
12:49:20      TMCU: D shelly_tmcu.cpp:598     RX: 0x07 v=3 [1802000400000013] (state Ready)
12:49:20      TMCU: D shelly_tmcu.cpp:862     same int 24 = 19
12:49:21      TMCU: D shelly_tmcu.cpp:598     RX: 0x00 v=3 [01] (state Ready)
12:49:21      TMCU: D shelly_tmcu.cpp:79      Tmcu Event 1 (0x3fca0e40)
12:49:27      TMCU: D shelly_tmcu.cpp:993     wifi report state is SendRealState
12:49:27      TMCU: D shelly_tmcu.cpp:520     Sending WiFi status 4
12:49:27      TMCU: D shelly_tmcu.cpp:890     TX: 0x03 v=3 [04] (Ready)
12:49:27      TMCU: D shelly_tmcu.cpp:598     RX: 0x1c v=3 [] (state Ready)
12:49:27      TMCU: D shelly_tmcu.cpp:598     RX: 0x24 v=3 [] (state Ready)
12:49:27      TMCU: D shelly_tmcu.cpp:890     TX: 0x1c v=3 [011a09190c311d05] (Ready)
12:49:27      TMCU: D shelly_tmcu.cpp:890     TX: 0x24 v=3 [c9] (Ready)
12:49:27      TMCU: D shelly_tmcu.cpp:598     RX: 0x03 v=3 [] (state Ready)
12:49:28  [strona WWW] polecenie Shelly.Reboot
12:49:28  Log przez Wi-Fi: brak połączenia (DevKit zamknął log); ponawiam za 5 s
12:49:43  Log przez Wi-Fi: brak połączenia (timed out); ponawiam za 5 s
12:49:48  Log przez Wi-Fi: połączono z 192.168.0.238
12:49:55      TMCU: D shelly_tmcu.cpp:598     RX: 0x00 v=3 [01] (state Fetching Config)
12:49:55      TMCU: D shelly_tmcu.cpp:79      Tmcu Event 1 (0x3fca0e40)
12:50:10      TMCU: D shelly_tmcu.cpp:598     RX: 0x00 v=3 [01] (state Fetching Config)
12:50:10      TMCU: D shelly_tmcu.cpp:79      Tmcu Event 1 (0x3fca0e40)
12:50:12      TMCU: D shelly_tmcu.cpp:598     RX: 0x1c v=3 [] (state Fetching Config)
12:50:12      TMCU: D shelly_tmcu.cpp:890     TX: 0x1c v=3 [011a09190c320c05] (Fetching Config)
12:50:12      TMCU: D shelly_tmcu.cpp:598     RX: 0x24 v=3 [] (state Fetching Config)
12:50:12      TMCU: D shelly_tmcu.cpp:890     TX: 0x24 v=3 [c7] (Fetching Config)
12:50:25      TMCU: D shelly_tmcu.cpp:598     RX: 0x00 v=3 [01] (state Fetching Config)
12:50:25      TMCU: D shelly_tmcu.cpp:79      Tmcu Event 1 (0x3fca0e40)
12:50:36      TMCU: D shelly_tmcu.cpp:598     RX: 0x24 v=3 [] (state Fetching Config)
12:50:36      TMCU: D shelly_tmcu.cpp:890     TX: 0x24 v=3 [c9] (Fetching Config)
12:50:40      TMCU: D shelly_tmcu.cpp:598     RX: 0x00 v=3 [01] (state Fetching Config)
12:50:40      TMCU: D shelly_tmcu.cpp:79      Tmcu Event 1 (0x3fca0e40)
12:50:45      TMCU: D shelly_tmcu.cpp:598     RX: 0x24 v=3 [] (state Fetching Config)
12:50:45      TMCU: D shelly_tmcu.cpp:890     TX: 0x24 v=3 [ca] (Fetching Config)
12:50:55      TMCU: D shelly_tmcu.cpp:598     RX: 0x00 v=3 [01] (state Fetching Config)
12:50:55      TMCU: D shelly_tmcu.cpp:79      Tmcu Event 1 (0x3fca0e40)
12:50:57      TMCU: D shelly_tmcu.cpp:598     RX: 0x1c v=3 [] (state Fetching Config)
12:50:57      TMCU: D shelly_tmcu.cpp:890     TX: 0x1c v=3 [011a09190c323905] (Fetching Config)
12:50:57      TMCU: D shelly_tmcu.cpp:598     RX: 0x24 v=3 [] (state Fetching Config)
12:50:57      TMCU: D shelly_tmcu.cpp:890     TX: 0x24 v=3 [c3] (Fetching Config)
12:51:10      TMCU: D shelly_tmcu.cpp:598     RX: 0x00 v=3 [01] (state Fetching Config)
12:51:10      TMCU: D shelly_tmcu.cpp:79      Tmcu Event 1 (0x3fca0e40)
12:51:15      TMCU: D shelly_tmcu.cpp:598     RX: 0x1c v=3 [] (state Fetching Config)
12:51:15      TMCU: D shelly_tmcu.cpp:890     TX: 0x1c v=3 [011a09190c330f05] (Fetching Config)
12:51:15      TMCU: D shelly_tmcu.cpp:598     RX: 0x24 v=3 [] (state Fetching Config)
12:51:15      TMCU: D shelly_tmcu.cpp:890     TX: 0x24 v=3 [c1] (Fetching Config)
12:51:25      TMCU: D shelly_tmcu.cpp:598     RX: 0x00 v=3 [01] (state Fetching Config)
12:51:25      TMCU: D shelly_tmcu.cpp:79      Tmcu Event 1 (0x3fca0e40)
12:51:40      TMCU: D shelly_tmcu.cpp:598     RX: 0x00 v=3 [01] (state Fetching Config)
12:51:40      TMCU: D shelly_tmcu.cpp:79      Tmcu Event 1 (0x3fca0e40)
12:51:42      TMCU: D shelly_tmcu.cpp:598     RX: 0x1c v=3 [] (state Fetching Config)
12:51:42      TMCU: D shelly_tmcu.cpp:890     TX: 0x1c v=3 [011a09190c332a05] (Fetching Config)
12:51:42      TMCU: D shelly_tmcu.cpp:598     RX: 0x24 v=3 [] (state Fetching Config)
12:51:42      TMCU: D shelly_tmcu.cpp:890     TX: 0x24 v=3 [c4] (Fetching Config)
12:51:55      TMCU: D shelly_tmcu.cpp:598     RX: 0x00 v=3 [01] (state Fetching Config)
12:51:55      TMCU: D shelly_tmcu.cpp:79      Tmcu Event 1 (0x3fca0e40)
12:52:06      TMCU: D shelly_tmcu.cpp:598     RX: 0x24 v=3 [] (state Fetching Config)
12:52:06      TMCU: D shelly_tmcu.cpp:890     TX: 0x24 v=3 [c2] (Fetching Config)
12:52:10      TMCU: D shelly_tmcu.cpp:598     RX: 0x00 v=3 [01] (state Fetching Config)
12:52:10      TMCU: D shelly_tmcu.cpp:79      Tmcu Event 1 (0x3fca0e40)
12:52:15      TMCU: D shelly_tmcu.cpp:598     RX: 0x24 v=3 [] (state Fetching Config)
12:52:15      TMCU: D shelly_tmcu.cpp:890     TX: 0x24 v=3 [bf] (Fetching Config)
12:52:25      TMCU: D shelly_tmcu.cpp:598     RX: 0x00 v=3 [01] (state Fetching Config)
12:52:25      TMCU: D shelly_tmcu.cpp:79      Tmcu Event 1 (0x3fca0e40)
12:52:27      TMCU: D shelly_tmcu.cpp:598     RX: 0x1c v=3 [] (state Fetching Config)
12:52:27      TMCU: D shelly_tmcu.cpp:890     TX: 0x1c v=3 [011a09190c341b05] (Fetching Config)
12:52:28      TMCU: D shelly_tmcu.cpp:598     RX: 0x24 v=3 [] (state Fetching Config)
12:52:28      TMCU: D shelly_tmcu.cpp:890     TX: 0x24 v=3 [c4] (Fetching Config)
12:52:40      TMCU: D shelly_tmcu.cpp:598     RX: 0x00 v=3 [01] (state Fetching Config)
12:52:40      TMCU: D shelly_tmcu.cpp:79      Tmcu Event 1 (0x3fca0e40)
12:52:45      TMCU: D shelly_tmcu.cpp:598     RX: 0x1c v=3 [] (state Fetching Config)
12:52:45      TMCU: D shelly_tmcu.cpp:890     TX: 0x1c v=3 [011a09190c342d05] (Fetching Config)
12:52:46      TMCU: D shelly_tmcu.cpp:598     RX: 0x24 v=3 [] (state Fetching Config)
12:52:46      TMCU: D shelly_tmcu.cpp:890     TX: 0x24 v=3 [bd] (Fetching Config)
12:52:55      TMCU: D shelly_tmcu.cpp:598     RX: 0x00 v=3 [01] (state Fetching Config)
12:52:55      TMCU: D shelly_tmcu.cpp:79      Tmcu Event 1 (0x3fca0e40)
12:53:10      TMCU: D shelly_tmcu.cpp:598     RX: 0x00 v=3 [01] (state Fetching Config)
12:53:10      TMCU: D shelly_tmcu.cpp:79      Tmcu Event 1 (0x3fca0e40)
12:53:12      TMCU: D shelly_tmcu.cpp:598     RX: 0x1c v=3 [] (state Fetching Config)
12:53:12      TMCU: D shelly_tmcu.cpp:890     TX: 0x1c v=3 [011a09190c350c05] (Fetching Config)
12:53:13      TMCU: D shelly_tmcu.cpp:598     RX: 0x24 v=3 [] (state Fetching Config)
12:53:13      TMCU: D shelly_tmcu.cpp:890     TX: 0x24 v=3 [c5] (Fetching Config)
12:53:25      TMCU: D shelly_tmcu.cpp:598     RX: 0x00 v=3 [01] (state Fetching Config)
12:53:25      TMCU: D shelly_tmcu.cpp:79      Tmcu Event 1 (0x3fca0e40)
12:53:36      TMCU: D shelly_tmcu.cpp:598     RX: 0x24 v=3 [] (state Fetching Config)
12:53:36      TMCU: D shelly_tmcu.cpp:890     TX: 0x24 v=3 [c4] (Fetching Config)
12:53:40      TMCU: D shelly_tmcu.cpp:598     RX: 0x00 v=3 [01] (state Fetching Config)
12:53:40      TMCU: D shelly_tmcu.cpp:79      Tmcu Event 1 (0x3fca0e40)
12:53:45      TMCU: D shelly_tmcu.cpp:598     RX: 0x24 v=3 [] (state Fetching Config)
12:53:45      TMCU: D shelly_tmcu.cpp:890     TX: 0x24 v=3 [c7] (Fetching Config)
12:53:55      TMCU: D shelly_tmcu.cpp:598     RX: 0x00 v=3 [01] (state Fetching Config)
12:53:55      TMCU: D shelly_tmcu.cpp:79      Tmcu Event 1 (0x3fca0e40)
12:53:58      TMCU: D shelly_tmcu.cpp:598     RX: 0x1c v=3 [] (state Fetching Config)
12:53:58      TMCU: D shelly_tmcu.cpp:890     TX: 0x1c v=3 [011a09190c353a05] (Fetching Config)
12:53:58      TMCU: D shelly_tmcu.cpp:598     RX: 0x24 v=3 [] (state Fetching Config)
12:53:58      TMCU: D shelly_tmcu.cpp:890     TX: 0x24 v=3 [c6] (Fetching Config)
12:54:10      TMCU: D shelly_tmcu.cpp:598     RX: 0x00 v=3 [01] (state Fetching Config)
12:54:10      TMCU: D shelly_tmcu.cpp:79      Tmcu Event 1 (0x3fca0e40)
12:54:16      TMCU: D shelly_tmcu.cpp:598     RX: 0x1c v=3 [] (state Fetching Config)
12:54:16      TMCU: D shelly_tmcu.cpp:890     TX: 0x1c v=3 [011a09190c361005] (Fetching Config)
12:54:16      TMCU: D shelly_tmcu.cpp:598     RX: 0x24 v=3 [] (state Fetching Config)
12:54:16      TMCU: D shelly_tmcu.cpp:890     TX: 0x24 v=3 [ca] (Fetching Config)
12:54:25      TMCU: D shelly_tmcu.cpp:598     RX: 0x00 v=3 [01] (state Fetching Config)
12:54:25      TMCU: D shelly_tmcu.cpp:79      Tmcu Event 1 (0x3fca0e40)
12:54:40      TMCU: D shelly_tmcu.cpp:598     RX: 0x00 v=3 [01] (state Fetching Config)
12:54:40      TMCU: D shelly_tmcu.cpp:79      Tmcu Event 1 (0x3fca0e40)
12:54:43      TMCU: D shelly_tmcu.cpp:598     RX: 0x1c v=3 [] (state Fetching Config)
12:54:43      TMCU: D shelly_tmcu.cpp:890     TX: 0x1c v=3 [011a09190c362b05] (Fetching Config)
12:54:43      TMCU: D shelly_tmcu.cpp:598     RX: 0x24 v=3 [] (state Fetching Config)
12:54:43      TMCU: D shelly_tmcu.cpp:890     TX: 0x24 v=3 [c4] (Fetching Config)
12:54:55      TMCU: D shelly_tmcu.cpp:598     RX: 0x00 v=3 [01] (state Fetching Config)
12:54:55      TMCU: D shelly_tmcu.cpp:79      Tmcu Event 1 (0x3fca0e40)
12:55:06      TMCU: D shelly_tmcu.cpp:598     RX: 0x24 v=3 [] (state Fetching Config)
12:55:06      TMCU: D shelly_tmcu.cpp:890     TX: 0x24 v=3 [c4] (Fetching Config)
12:55:10      TMCU: D shelly_tmcu.cpp:598     RX: 0x00 v=3 [01] (state Fetching Config)
12:55:10      TMCU: D shelly_tmcu.cpp:79      Tmcu Event 1 (0x3fca0e40)
12:55:13      TMCU: D shelly_tmcu.cpp:598     RX: 0x07 v=3 [0902000400000000] (state Fetching Config)
12:55:13      TMCU: I shelly_tmcu.cpp:853     add int 9 = 0
12:55:13      TMCU: D shelly_tmcu.cpp:79      Tmcu Event 4 (0x3fca0d80)
12:55:13      odczyty: energia sesji 0 kWh | czas sesji 0 min | moc 0 W, prąd 0 A, napięcia 0/0/0 V, licznik 0 kWh
12:55:15      TMCU: D shelly_tmcu.cpp:598     RX: 0x24 v=3 [] (state Fetching Config)
12:55:15      TMCU: D shelly_tmcu.cpp:890     TX: 0x24 v=3 [c6] (Fetching Config)
12:55:25      TMCU: D shelly_tmcu.cpp:598     RX: 0x00 v=3 [01] (state Fetching Config)
12:55:25      TMCU: D shelly_tmcu.cpp:79      Tmcu Event 1 (0x3fca0e40)
12:55:28      TMCU: D shelly_tmcu.cpp:598     RX: 0x1c v=3 [] (state Fetching Config)
12:55:28      TMCU: D shelly_tmcu.cpp:890     TX: 0x1c v=3 [011a09190c371c05] (Fetching Config)
12:55:28      TMCU: D shelly_tmcu.cpp:598     RX: 0x24 v=3 [] (state Fetching Config)
12:55:28      TMCU: D shelly_tmcu.cpp:890     TX: 0x24 v=3 [be] (Fetching Config)
12:55:34      TMCU: D shelly_tmcu.cpp:598     RX: 0x07 v=3 [0600000700000000000000] (state Fetching Config)
12:55:34      TMCU: D shelly_tmcu.cpp:862     same raw 6 = "00000000000000"
12:55:34      TMCU: D shelly_tmcu.cpp:598     RX: 0x07 v=3 [0700000700000000000000] (state Fetching Config)
12:55:34      TMCU: D shelly_tmcu.cpp:862     same raw 7 = "00000000000000"
12:55:34      TMCU: D shelly_tmcu.cpp:598     RX: 0x07 v=3 [0800000700000000000000] (state Fetching Config)
12:55:34      TMCU: D shelly_tmcu.cpp:862     same raw 8 = "00000000000000"
12:55:34      TMCU: D shelly_tmcu.cpp:598     RX: 0x07 v=3 [0902000400000000] (state Fetching Config)
12:55:34      TMCU: D shelly_tmcu.cpp:862     same int 9 = 0
12:55:40      TMCU: D shelly_tmcu.cpp:598     RX: 0x00 v=3 [01] (state Fetching Config)
12:55:40      TMCU: D shelly_tmcu.cpp:79      Tmcu Event 1 (0x3fca0e40)
12:55:41      TMCU: D shelly_tmcu.cpp:598     RX: 0x07 v=3 [1802000400000013] (state Fetching Config)
12:55:41      TMCU: I shelly_tmcu.cpp:853     add int 24 = 19
12:55:41      TMCU: D shelly_tmcu.cpp:79      Tmcu Event 4 (0x3fca0d80)
12:55:46      TMCU: D shelly_tmcu.cpp:598     RX: 0x1c v=3 [] (state Fetching Config)
12:55:46      TMCU: D shelly_tmcu.cpp:890     TX: 0x1c v=3 [011a09190c372e05] (Fetching Config)
12:55:46      TMCU: D shelly_tmcu.cpp:598     RX: 0x24 v=3 [] (state Fetching Config)
12:55:46      TMCU: D shelly_tmcu.cpp:890     TX: 0x24 v=3 [c7] (Fetching Config)
12:55:55      TMCU: D shelly_tmcu.cpp:598     RX: 0x00 v=3 [01] (state Fetching Config)
12:55:55      TMCU: D shelly_tmcu.cpp:79      Tmcu Event 1 (0x3fca0e40)
12:56:10      TMCU: D shelly_tmcu.cpp:598     RX: 0x00 v=3 [01] (state Fetching Config)
12:56:10      TMCU: D shelly_tmcu.cpp:79      Tmcu Event 1 (0x3fca0e40)
12:56:13      TMCU: D shelly_tmcu.cpp:598     RX: 0x1c v=3 [] (state Fetching Config)
12:56:13      TMCU: D shelly_tmcu.cpp:890     TX: 0x1c v=3 [011a09190c380d05] (Fetching Config)
12:56:13      TMCU: D shelly_tmcu.cpp:598     RX: 0x24 v=3 [] (state Fetching Config)
12:56:13      TMCU: D shelly_tmcu.cpp:890     TX: 0x24 v=3 [c6] (Fetching Config)
12:56:25      TMCU: D shelly_tmcu.cpp:598     RX: 0x00 v=3 [01] (state Fetching Config)
12:56:25      TMCU: D shelly_tmcu.cpp:79      Tmcu Event 1 (0x3fca0e40)
12:56:37      TMCU: D shelly_tmcu.cpp:598     RX: 0x24 v=3 [] (state Fetching Config)
12:56:37      TMCU: D shelly_tmcu.cpp:890     TX: 0x24 v=3 [c6] (Fetching Config)
12:56:40      TMCU: D shelly_tmcu.cpp:598     RX: 0x00 v=3 [01] (state Fetching Config)
12:56:40      TMCU: D shelly_tmcu.cpp:79      Tmcu Event 1 (0x3fca0e40)
12:56:46      TMCU: D shelly_tmcu.cpp:598     RX: 0x24 v=3 [] (state Fetching Config)
12:56:46      TMCU: D shelly_tmcu.cpp:890     TX: 0x24 v=3 [c5] (Fetching Config)
12:56:55      TMCU: D shelly_tmcu.cpp:598     RX: 0x00 v=3 [01] (state Fetching Config)
12:56:55      TMCU: D shelly_tmcu.cpp:79      Tmcu Event 1 (0x3fca0e40)
12:56:58      TMCU: D shelly_tmcu.cpp:598     RX: 0x1c v=3 [] (state Fetching Config)
12:56:58      TMCU: D shelly_tmcu.cpp:890     TX: 0x1c v=3 [011a09190c383a05] (Fetching Config)
12:56:58      TMCU: D shelly_tmcu.cpp:598     RX: 0x24 v=3 [] (state Fetching Config)
12:56:58      TMCU: D shelly_tmcu.cpp:890     TX: 0x24 v=3 [c5] (Fetching Config)
12:57:10      TMCU: D shelly_tmcu.cpp:598     RX: 0x00 v=3 [01] (state Fetching Config)
12:57:10      TMCU: D shelly_tmcu.cpp:79      Tmcu Event 1 (0x3fca0e40)
12:57:16      TMCU: D shelly_tmcu.cpp:598     RX: 0x1c v=3 [] (state Fetching Config)
12:57:16      TMCU: D shelly_tmcu.cpp:890     TX: 0x1c v=3 [011a09190c391005] (Fetching Config)
12:57:17      TMCU: D shelly_tmcu.cpp:598     RX: 0x24 v=3 [] (state Fetching Config)
12:57:17      TMCU: D shelly_tmcu.cpp:890     TX: 0x24 v=3 [c6] (Fetching Config)
12:57:25      TMCU: D shelly_tmcu.cpp:598     RX: 0x00 v=3 [01] (state Fetching Config)
12:57:25      TMCU: D shelly_tmcu.cpp:79      Tmcu Event 1 (0x3fca0e40)
12:57:40      TMCU: D shelly_tmcu.cpp:598     RX: 0x00 v=3 [01] (state Fetching Config)
12:57:40      TMCU: D shelly_tmcu.cpp:79      Tmcu Event 1 (0x3fca0e40)
12:57:43      TMCU: D shelly_tmcu.cpp:598     RX: 0x1c v=3 [] (state Fetching Config)
12:57:43      TMCU: D shelly_tmcu.cpp:890     TX: 0x1c v=3 [011a09190c392b05] (Fetching Config)
12:57:43      TMCU: D shelly_tmcu.cpp:598     RX: 0x24 v=3 [] (state Fetching Config)
12:57:44      TMCU: D shelly_tmcu.cpp:890     TX: 0x24 v=3 [c9] (Fetching Config)
12:57:55      TMCU: D shelly_tmcu.cpp:598     RX: 0x00 v=3 [01] (state Fetching Config)
12:57:55      TMCU: D shelly_tmcu.cpp:79      Tmcu Event 1 (0x3fca0e40)
12:58:07      TMCU: D shelly_tmcu.cpp:598     RX: 0x24 v=3 [] (state Fetching Config)
12:58:07      TMCU: D shelly_tmcu.cpp:890     TX: 0x24 v=3 [c8] (Fetching Config)
12:58:10      TMCU: D shelly_tmcu.cpp:598     RX: 0x00 v=3 [01] (state Fetching Config)
12:58:10      TMCU: D shelly_tmcu.cpp:79      Tmcu Event 1 (0x3fca0e40)
12:58:16      TMCU: D shelly_tmcu.cpp:598     RX: 0x24 v=3 [] (state Fetching Config)
12:58:16      TMCU: D shelly_tmcu.cpp:890     TX: 0x24 v=3 [c6] (Fetching Config)
12:58:25      TMCU: D shelly_tmcu.cpp:598     RX: 0x00 v=3 [01] (state Fetching Config)
12:58:25      TMCU: D shelly_tmcu.cpp:79      Tmcu Event 1 (0x3fca0e40)
12:58:29      TMCU: D shelly_tmcu.cpp:598     RX: 0x1c v=3 [] (state Fetching Config)
12:58:29      TMCU: D shelly_tmcu.cpp:890     TX: 0x1c v=3 [011a09190c3a1d05] (Fetching Config)
12:58:29      TMCU: D shelly_tmcu.cpp:598     RX: 0x24 v=3 [] (state Fetching Config)
12:58:29      TMCU: D shelly_tmcu.cpp:890     TX: 0x24 v=3 [c3] (Fetching Config)
12:58:40      TMCU: D shelly_tmcu.cpp:598     RX: 0x00 v=3 [01] (state Fetching Config)
12:58:40      TMCU: D shelly_tmcu.cpp:79      Tmcu Event 1 (0x3fca0e40)
12:58:47      TMCU: D shelly_tmcu.cpp:598     RX: 0x1c v=3 [] (state Fetching Config)
12:58:47      TMCU: D shelly_tmcu.cpp:890     TX: 0x1c v=3 [011a09190c3a2f05] (Fetching Config)
12:58:47      TMCU: D shelly_tmcu.cpp:598     RX: 0x24 v=3 [] (state Fetching Config)
12:58:47      TMCU: D shelly_tmcu.cpp:890     TX: 0x24 v=3 [c6] (Fetching Config)
12:58:55      TMCU: D shelly_tmcu.cpp:598     RX: 0x00 v=3 [01] (state Fetching Config)
12:58:55      TMCU: D shelly_tmcu.cpp:79      Tmcu Event 1 (0x3fca0e40)
12:59:10      TMCU: D shelly_tmcu.cpp:598     RX: 0x00 v=3 [01] (state Fetching Config)
12:59:10      TMCU: D shelly_tmcu.cpp:79      Tmcu Event 1 (0x3fca0e40)
12:59:14      TMCU: D shelly_tmcu.cpp:598     RX: 0x1c v=3 [] (state Fetching Config)
12:59:14      TMCU: D shelly_tmcu.cpp:890     TX: 0x1c v=3 [011a09190c3b0e05] (Fetching Config)
12:59:14      TMCU: D shelly_tmcu.cpp:598     RX: 0x24 v=3 [] (state Fetching Config)
12:59:14      TMCU: D shelly_tmcu.cpp:890     TX: 0x24 v=3 [c8] (Fetching Config)
12:59:25      TMCU: D shelly_tmcu.cpp:598     RX: 0x00 v=3 [01] (state Fetching Config)
12:59:25      TMCU: D shelly_tmcu.cpp:79      Tmcu Event 1 (0x3fca0e40)
12:59:37      TMCU: D shelly_tmcu.cpp:598     RX: 0x24 v=3 [] (state Fetching Config)
12:59:37      TMCU: D shelly_tmcu.cpp:890     TX: 0x24 v=3 [c5] (Fetching Config)
12:59:40      TMCU: D shelly_tmcu.cpp:598     RX: 0x00 v=3 [01] (state Fetching Config)
12:59:40      TMCU: D shelly_tmcu.cpp:79      Tmcu Event 1 (0x3fca0e40)
12:59:46      TMCU: D shelly_tmcu.cpp:598     RX: 0x24 v=3 [] (state Fetching Config)
12:59:46      TMCU: D shelly_tmcu.cpp:890     TX: 0x24 v=3 [c4] (Fetching Config)
12:59:55      TMCU: D shelly_tmcu.cpp:598     RX: 0x00 v=3 [01] (state Fetching Config)
12:59:55      TMCU: D shelly_tmcu.cpp:79      Tmcu Event 1 (0x3fca0e40)
12:59:59      TMCU: D shelly_tmcu.cpp:598     RX: 0x1c v=3 [] (state Fetching Config)
12:59:59      TMCU: D shelly_tmcu.cpp:890     TX: 0x1c v=3 [011a09190c3b3b05] (Fetching Config)
12:59:59      TMCU: D shelly_tmcu.cpp:598     RX: 0x24 v=3 [] (state Fetching Config)
12:59:59      TMCU: D shelly_tmcu.cpp:890     TX: 0x24 v=3 [c8] (Fetching Config)
13:00:10      TMCU: D shelly_tmcu.cpp:598     RX: 0x00 v=3 [01] (state Fetching Config)
13:00:10      TMCU: D shelly_tmcu.cpp:79      Tmcu Event 1 (0x3fca0e40)
13:00:17      TMCU: D shelly_tmcu.cpp:598     RX: 0x1c v=3 [] (state Fetching Config)
13:00:17      TMCU: D shelly_tmcu.cpp:890     TX: 0x1c v=3 [011a09190d001105] (Fetching Config)
13:00:17      TMCU: D shelly_tmcu.cpp:598     RX: 0x24 v=3 [] (state Fetching Config)
13:00:17      TMCU: D shelly_tmcu.cpp:890     TX: 0x24 v=3 [c8] (Fetching Config)
13:00:25      TMCU: D shelly_tmcu.cpp:598     RX: 0x00 v=3 [01] (state Fetching Config)
13:00:25      TMCU: D shelly_tmcu.cpp:79      Tmcu Event 1 (0x3fca0e40)
13:00:40      TMCU: D shelly_tmcu.cpp:598     RX: 0x00 v=3 [01] (state Fetching Config)
13:00:40      TMCU: D shelly_tmcu.cpp:79      Tmcu Event 1 (0x3fca0e40)
13:00:44      TMCU: D shelly_tmcu.cpp:598     RX: 0x1c v=3 [] (state Fetching Config)
13:00:44      TMCU: D shelly_tmcu.cpp:890     TX: 0x1c v=3 [011a09190d002c05] (Fetching Config)
13:00:44      TMCU: D shelly_tmcu.cpp:598     RX: 0x24 v=3 [] (state Fetching Config)
13:00:44      TMCU: D shelly_tmcu.cpp:890     TX: 0x24 v=3 [c7] (Fetching Config)
13:00:55      TMCU: D shelly_tmcu.cpp:598     RX: 0x00 v=3 [01] (state Fetching Config)
13:00:55      TMCU: D shelly_tmcu.cpp:79      Tmcu Event 1 (0x3fca0e40)
13:01:07      TMCU: D shelly_tmcu.cpp:598     RX: 0x24 v=3 [] (state Fetching Config)
13:01:07      TMCU: D shelly_tmcu.cpp:890     TX: 0x24 v=3 [c5] (Fetching Config)
13:01:10      TMCU: D shelly_tmcu.cpp:598     RX: 0x00 v=3 [01] (state Fetching Config)
13:01:10      TMCU: D shelly_tmcu.cpp:79      Tmcu Event 1 (0x3fca0e40)
13:01:16      TMCU: D shelly_tmcu.cpp:598     RX: 0x24 v=3 [] (state Fetching Config)
13:01:16      TMCU: D shelly_tmcu.cpp:890     TX: 0x24 v=3 [c9] (Fetching Config)
13:01:25      TMCU: D shelly_tmcu.cpp:598     RX: 0x00 v=3 [01] (state Fetching Config)
13:01:25      TMCU: D shelly_tmcu.cpp:79      Tmcu Event 1 (0x3fca0e40)
13:01:29      TMCU: D shelly_tmcu.cpp:598     RX: 0x1c v=3 [] (state Fetching Config)
13:01:29      TMCU: D shelly_tmcu.cpp:890     TX: 0x1c v=3 [011a09190d011d05] (Fetching Config)
13:01:29      TMCU: D shelly_tmcu.cpp:598     RX: 0x24 v=3 [] (state Fetching Config)
13:01:29      TMCU: D shelly_tmcu.cpp:890     TX: 0x24 v=3 [c8] (Fetching Config)
13:01:40      TMCU: D shelly_tmcu.cpp:598     RX: 0x00 v=3 [01] (state Fetching Config)
13:01:40      TMCU: D shelly_tmcu.cpp:79      Tmcu Event 1 (0x3fca0e40)
13:01:47      TMCU: D shelly_tmcu.cpp:598     RX: 0x1c v=3 [] (state Fetching Config)
13:01:47      TMCU: D shelly_tmcu.cpp:890     TX: 0x1c v=3 [011a09190d012f05] (Fetching Config)
13:01:47      TMCU: D shelly_tmcu.cpp:598     RX: 0x24 v=3 [] (state Fetching Config)
13:01:47      TMCU: D shelly_tmcu.cpp:890     TX: 0x24 v=3 [c7] (Fetching Config)
13:01:55      TMCU: D shelly_tmcu.cpp:598     RX: 0x00 v=3 [01] (state Fetching Config)
13:01:55      TMCU: D shelly_tmcu.cpp:79      Tmcu Event 1 (0x3fca0e40)
13:02:01      TMCU: D shelly_tmcu.cpp:598     RX: 0x07 v=3 [1802000400000013] (state Fetching Config)
13:02:01      TMCU: D shelly_tmcu.cpp:862     same int 24 = 19
13:02:10      TMCU: D shelly_tmcu.cpp:598     RX: 0x00 v=3 [01] (state Fetching Config)
13:02:10      TMCU: D shelly_tmcu.cpp:79      Tmcu Event 1 (0x3fca0e40)
13:02:14      TMCU: D shelly_tmcu.cpp:598     RX: 0x1c v=3 [] (state Fetching Config)
13:02:14      TMCU: D shelly_tmcu.cpp:890     TX: 0x1c v=3 [011a09190d020e05] (Fetching Config)
13:02:14      TMCU: D shelly_tmcu.cpp:598     RX: 0x24 v=3 [] (state Fetching Config)
13:02:14      TMCU: D shelly_tmcu.cpp:890     TX: 0x24 v=3 [c8] (Fetching Config)
13:02:25      TMCU: D shelly_tmcu.cpp:598     RX: 0x00 v=3 [01] (state Fetching Config)
13:02:25      TMCU: D shelly_tmcu.cpp:79      Tmcu Event 1 (0x3fca0e40)
13:02:37      TMCU: D shelly_tmcu.cpp:598     RX: 0x24 v=3 [] (state Fetching Config)
13:02:37      TMCU: D shelly_tmcu.cpp:890     TX: 0x24 v=3 [c8] (Fetching Config)
13:02:40      TMCU: D shelly_tmcu.cpp:598     RX: 0x00 v=3 [01] (state Fetching Config)
13:02:40      TMCU: D shelly_tmcu.cpp:79      Tmcu Event 1 (0x3fca0e40)
13:02:46      TMCU: D shelly_tmcu.cpp:598     RX: 0x24 v=3 [] (state Fetching Config)
13:02:46      TMCU: D shelly_tmcu.cpp:890     TX: 0x24 v=3 [c7] (Fetching Config)
13:02:55      TMCU: D shelly_tmcu.cpp:598     RX: 0x00 v=3 [01] (state Fetching Config)
13:02:55      TMCU: D shelly_tmcu.cpp:79      Tmcu Event 1 (0x3fca0e40)
13:02:59      TMCU: D shelly_tmcu.cpp:598     RX: 0x1c v=3 [] (state Fetching Config)
13:02:59      TMCU: D shelly_tmcu.cpp:890     TX: 0x1c v=3 [011a09190d023b05] (Fetching Config)
13:02:59      TMCU: D shelly_tmcu.cpp:598     RX: 0x24 v=3 [] (state Fetching Config)
13:02:59      TMCU: D shelly_tmcu.cpp:890     TX: 0x24 v=3 [c5] (Fetching Config)
13:03:10      TMCU: D shelly_tmcu.cpp:598     RX: 0x00 v=3 [01] (state Fetching Config)
13:03:10      TMCU: D shelly_tmcu.cpp:79      Tmcu Event 1 (0x3fca0e40)
13:03:17      TMCU: D shelly_tmcu.cpp:598     RX: 0x1c v=3 [] (state Fetching Config)
13:03:17      TMCU: D shelly_tmcu.cpp:890     TX: 0x1c v=3 [011a09190d031105] (Fetching Config)
13:03:17      TMCU: D shelly_tmcu.cpp:598     RX: 0x24 v=3 [] (state Fetching Config)
13:03:17      TMCU: D shelly_tmcu.cpp:890     TX: 0x24 v=3 [c7] (Fetching Config)
13:03:25      TMCU: D shelly_tmcu.cpp:598     RX: 0x00 v=3 [01] (state Fetching Config)
13:03:25      TMCU: D shelly_tmcu.cpp:79      Tmcu Event 1 (0x3fca0e40)
13:03:40      TMCU: D shelly_tmcu.cpp:598     RX: 0x00 v=3 [01] (state Fetching Config)
13:03:40      TMCU: D shelly_tmcu.cpp:79      Tmcu Event 1 (0x3fca0e40)
13:03:44      TMCU: D shelly_tmcu.cpp:598     RX: 0x1c v=3 [] (state Fetching Config)
13:03:44      TMCU: D shelly_tmcu.cpp:890     TX: 0x1c v=3 [011a09190d032c05] (Fetching Config)
13:03:44      TMCU: D shelly_tmcu.cpp:598     RX: 0x24 v=3 [] (state Fetching Config)
13:03:44      TMCU: D shelly_tmcu.cpp:890     TX: 0x24 v=3 [c8] (Fetching Config)
13:03:55      TMCU: D shelly_tmcu.cpp:598     RX: 0x00 v=3 [01] (state Fetching Config)
13:03:55      TMCU: D shelly_tmcu.cpp:79      Tmcu Event 1 (0x3fca0e40)
13:04:08      TMCU: D shelly_tmcu.cpp:598     RX: 0x24 v=3 [] (state Fetching Config)
13:04:08      TMCU: D shelly_tmcu.cpp:890     TX: 0x24 v=3 [c8] (Fetching Config)
13:04:10      TMCU: D shelly_tmcu.cpp:598     RX: 0x00 v=3 [01] (state Fetching Config)
13:04:10      TMCU: D shelly_tmcu.cpp:79      Tmcu Event 1 (0x3fca0e40)
13:04:17      TMCU: D shelly_tmcu.cpp:598     RX: 0x24 v=3 [] (state Fetching Config)
13:04:17      TMCU: D shelly_tmcu.cpp:890     TX: 0x24 v=3 [c6] (Fetching Config)
13:04:25      TMCU: D shelly_tmcu.cpp:598     RX: 0x00 v=3 [01] (state Fetching Config)
13:04:25      TMCU: D shelly_tmcu.cpp:79      Tmcu Event 1 (0x3fca0e40)
13:04:29      TMCU: D shelly_tmcu.cpp:598     RX: 0x1c v=3 [] (state Fetching Config)
13:04:29      TMCU: D shelly_tmcu.cpp:890     TX: 0x1c v=3 [011a09190d041d05] (Fetching Config)
13:04:29      TMCU: D shelly_tmcu.cpp:598     RX: 0x24 v=3 [] (state Fetching Config)
13:04:29      TMCU: D shelly_tmcu.cpp:890     TX: 0x24 v=3 [c5] (Fetching Config)
13:04:40      TMCU: D shelly_tmcu.cpp:598     RX: 0x00 v=3 [01] (state Fetching Config)
13:04:40      TMCU: D shelly_tmcu.cpp:79      Tmcu Event 1 (0x3fca0e40)
13:04:47      TMCU: D shelly_tmcu.cpp:598     RX: 0x1c v=3 [] (state Fetching Config)
13:04:47      TMCU: D shelly_tmcu.cpp:890     TX: 0x1c v=3 [011a09190d042f05] (Fetching Config)
13:04:47      TMCU: D shelly_tmcu.cpp:598     RX: 0x24 v=3 [] (state Fetching Config)
13:04:47      TMCU: D shelly_tmcu.cpp:890     TX: 0x24 v=3 [c5] (Fetching Config)
13:04:55      TMCU: D shelly_tmcu.cpp:598     RX: 0x00 v=3 [01] (state Fetching Config)
13:04:55      TMCU: D shelly_tmcu.cpp:79      Tmcu Event 1 (0x3fca0e40)
13:05:10      TMCU: D shelly_tmcu.cpp:598     RX: 0x00 v=3 [01] (state Fetching Config)
13:05:10      TMCU: D shelly_tmcu.cpp:79      Tmcu Event 1 (0x3fca0e40)
13:05:14      TMCU: D shelly_tmcu.cpp:598     RX: 0x1c v=3 [] (state Fetching Config)
13:05:14      TMCU: D shelly_tmcu.cpp:890     TX: 0x1c v=3 [011a09190d050e05] (Fetching Config)
13:05:14      TMCU: D shelly_tmcu.cpp:598     RX: 0x24 v=3 [] (state Fetching Config)
13:05:14      TMCU: D shelly_tmcu.cpp:890     TX: 0x24 v=3 [c2] (Fetching Config)
13:05:25      TMCU: D shelly_tmcu.cpp:598     RX: 0x00 v=3 [01] (state Fetching Config)
13:05:25      TMCU: D shelly_tmcu.cpp:79      Tmcu Event 1 (0x3fca0e40)
13:05:38      TMCU: D shelly_tmcu.cpp:598     RX: 0x24 v=3 [] (state Fetching Config)
13:05:38      TMCU: D shelly_tmcu.cpp:890     TX: 0x24 v=3 [bc] (Fetching Config)
13:05:40      TMCU: D shelly_tmcu.cpp:598     RX: 0x00 v=3 [01] (state Fetching Config)
13:05:40      TMCU: D shelly_tmcu.cpp:79      Tmcu Event 1 (0x3fca0e40)
13:05:47      TMCU: D shelly_tmcu.cpp:598     RX: 0x24 v=3 [] (state Fetching Config)
13:05:47      TMCU: D shelly_tmcu.cpp:890     TX: 0x24 v=3 [bb] (Fetching Config)
13:05:55      TMCU: D shelly_tmcu.cpp:598     RX: 0x00 v=3 [01] (state Fetching Config)
13:05:55      TMCU: D shelly_tmcu.cpp:79      Tmcu Event 1 (0x3fca0e40)
13:05:59      TMCU: D shelly_tmcu.cpp:598     RX: 0x1c v=3 [] (state Fetching Config)
13:05:59      TMCU: D shelly_tmcu.cpp:890     TX: 0x1c v=3 [011a09190d053b05] (Fetching Config)
13:05:59      TMCU: D shelly_tmcu.cpp:598     RX: 0x24 v=3 [] (state Fetching Config)
13:05:59      TMCU: D shelly_tmcu.cpp:890     TX: 0x24 v=3 [c2] (Fetching Config)
13:06:05      TMCU: D shelly_tmcu.cpp:598     RX: 0x07 v=3 [0600000700000000000000] (state Fetching Config)
13:06:05      TMCU: D shelly_tmcu.cpp:862     same raw 6 = "00000000000000"
13:06:05      TMCU: D shelly_tmcu.cpp:598     RX: 0x07 v=3 [0700000700000000000000] (state Fetching Config)
13:06:05      TMCU: D shelly_tmcu.cpp:862     same raw 7 = "00000000000000"
13:06:05      TMCU: D shelly_tmcu.cpp:598     RX: 0x07 v=3 [0800000700000000000000] (state Fetching Config)
13:06:05      TMCU: D shelly_tmcu.cpp:862     same raw 8 = "00000000000000"
13:06:05      TMCU: D shelly_tmcu.cpp:598     RX: 0x07 v=3 [0902000400000000] (state Fetching Config)
13:06:05      TMCU: D shelly_tmcu.cpp:862     same int 9 = 0
13:06:10      TMCU: D shelly_tmcu.cpp:598     RX: 0x00 v=3 [01] (state Fetching Config)
13:06:10      TMCU: D shelly_tmcu.cpp:79      Tmcu Event 1 (0x3fca0e40)
13:06:18      TMCU: D shelly_tmcu.cpp:598     RX: 0x1c v=3 [] (state Fetching Config)
13:06:18      TMCU: D shelly_tmcu.cpp:890     TX: 0x1c v=3 [011a09190d061205] (Fetching Config)
13:06:18      TMCU: D shelly_tmcu.cpp:598     RX: 0x24 v=3 [] (state Fetching Config)
13:06:18      TMCU: D shelly_tmcu.cpp:890     TX: 0x24 v=3 [c4] (Fetching Config)
13:06:25      TMCU: D shelly_tmcu.cpp:598     RX: 0x00 v=3 [01] (state Fetching Config)
13:06:25      TMCU: D shelly_tmcu.cpp:79      Tmcu Event 1 (0x3fca0e40)
13:06:29      TMCU: D shelly_tmcu.cpp:598     RX: 0x07 v=3 [0600000700000000000000] (state Fetching Config)
13:06:29      TMCU: D shelly_tmcu.cpp:862     same raw 6 = "00000000000000"
13:06:29      TMCU: D shelly_tmcu.cpp:598     RX: 0x07 v=3 [0700000700000000000000] (state Fetching Config)
13:06:29      TMCU: D shelly_tmcu.cpp:862     same raw 7 = "00000000000000"
13:06:29      TMCU: D shelly_tmcu.cpp:598     RX: 0x07 v=3 [0800000700000000000000] (state Fetching Config)
13:06:29      TMCU: D shelly_tmcu.cpp:862     same raw 8 = "00000000000000"
13:06:29      TMCU: D shelly_tmcu.cpp:598     RX: 0x07 v=3 [0902000400000000] (state Fetching Config)
13:06:29      TMCU: D shelly_tmcu.cpp:862     same int 9 = 0
13:06:40      TMCU: D shelly_tmcu.cpp:598     RX: 0x00 v=3 [01] (state Fetching Config)
13:06:40      TMCU: D shelly_tmcu.cpp:79      Tmcu Event 1 (0x3fca0e40)
13:06:45      TMCU: D shelly_tmcu.cpp:598     RX: 0x1c v=3 [] (state Fetching Config)
13:06:45      TMCU: D shelly_tmcu.cpp:890     TX: 0x1c v=3 [011a09190d062d05] (Fetching Config)
13:06:45      TMCU: D shelly_tmcu.cpp:598     RX: 0x24 v=3 [] (state Fetching Config)
13:06:45      TMCU: D shelly_tmcu.cpp:890     TX: 0x24 v=3 [c4] (Fetching Config)
13:06:55      TMCU: D shelly_tmcu.cpp:598     RX: 0x00 v=3 [01] (state Fetching Config)
13:06:55      TMCU: D shelly_tmcu.cpp:79      Tmcu Event 1 (0x3fca0e40)
13:07:08      TMCU: D shelly_tmcu.cpp:598     RX: 0x24 v=3 [] (state Fetching Config)
13:07:08      TMCU: D shelly_tmcu.cpp:890     TX: 0x24 v=3 [c6] (Fetching Config)
13:07:10      TMCU: D shelly_tmcu.cpp:598     RX: 0x00 v=3 [01] (state Fetching Config)
13:07:10      TMCU: D shelly_tmcu.cpp:79      Tmcu Event 1 (0x3fca0e40)
13:07:17      TMCU: D shelly_tmcu.cpp:598     RX: 0x24 v=3 [] (state Fetching Config)
13:07:17      TMCU: D shelly_tmcu.cpp:890     TX: 0x24 v=3 [c3] (Fetching Config)
13:07:25      TMCU: D shelly_tmcu.cpp:598     RX: 0x00 v=3 [01] (state Fetching Config)
13:07:25      TMCU: D shelly_tmcu.cpp:79      Tmcu Event 1 (0x3fca0e40)
13:07:30      TMCU: D shelly_tmcu.cpp:598     RX: 0x1c v=3 [] (state Fetching Config)
13:07:30      TMCU: D shelly_tmcu.cpp:890     TX: 0x1c v=3 [011a09190d071e05] (Fetching Config)
13:07:30      TMCU: D shelly_tmcu.cpp:598     RX: 0x24 v=3 [] (state Fetching Config)
13:07:30      TMCU: D shelly_tmcu.cpp:890     TX: 0x24 v=3 [c4] (Fetching Config)
13:07:40      TMCU: D shelly_tmcu.cpp:598     RX: 0x00 v=3 [01] (state Fetching Config)
13:07:40      TMCU: D shelly_tmcu.cpp:79      Tmcu Event 1 (0x3fca0e40)
13:07:48      TMCU: D shelly_tmcu.cpp:598     RX: 0x1c v=3 [] (state Fetching Config)
13:07:48      TMCU: D shelly_tmcu.cpp:890     TX: 0x1c v=3 [011a09190d073005] (Fetching Config)
13:07:48      TMCU: D shelly_tmcu.cpp:598     RX: 0x24 v=3 [] (state Fetching Config)
13:07:48      TMCU: D shelly_tmcu.cpp:890     TX: 0x24 v=3 [c5] (Fetching Config)
13:07:55      TMCU: D shelly_tmcu.cpp:598     RX: 0x00 v=3 [01] (state Fetching Config)
13:07:55      TMCU: D shelly_tmcu.cpp:79      Tmcu Event 1 (0x3fca0e40)
13:08:10      TMCU: D shelly_tmcu.cpp:598     RX: 0x00 v=3 [01] (state Fetching Config)
13:08:10      TMCU: D shelly_tmcu.cpp:79      Tmcu Event 1 (0x3fca0e40)
13:08:15      TMCU: D shelly_tmcu.cpp:598     RX: 0x1c v=3 [] (state Fetching Config)
13:08:15      TMCU: D shelly_tmcu.cpp:890     TX: 0x1c v=3 [011a09190d080f05] (Fetching Config)
13:08:15      TMCU: D shelly_tmcu.cpp:598     RX: 0x24 v=3 [] (state Fetching Config)
13:08:15      TMCU: D shelly_tmcu.cpp:890     TX: 0x24 v=3 [c6] (Fetching Config)
13:08:22      TMCU: D shelly_tmcu.cpp:598     RX: 0x07 v=3 [1802000400000013] (state Fetching Config)
13:08:22      TMCU: D shelly_tmcu.cpp:862     same int 24 = 19
13:08:25      TMCU: D shelly_tmcu.cpp:598     RX: 0x00 v=3 [01] (state Fetching Config)
13:08:25      TMCU: D shelly_tmcu.cpp:79      Tmcu Event 1 (0x3fca0e40)
13:08:39      TMCU: D shelly_tmcu.cpp:598     RX: 0x24 v=3 [] (state Fetching Config)
13:08:39      TMCU: D shelly_tmcu.cpp:890     TX: 0x24 v=3 [c5] (Fetching Config)
13:08:40      TMCU: D shelly_tmcu.cpp:598     RX: 0x00 v=3 [01] (state Fetching Config)
13:08:40      TMCU: D shelly_tmcu.cpp:79      Tmcu Event 1 (0x3fca0e40)
13:08:48      TMCU: D shelly_tmcu.cpp:598     RX: 0x24 v=3 [] (state Fetching Config)
13:08:48      TMCU: D shelly_tmcu.cpp:890     TX: 0x24 v=3 [c7] (Fetching Config)
13:08:55      TMCU: D shelly_tmcu.cpp:598     RX: 0x00 v=3 [01] (state Fetching Config)
13:08:55      TMCU: D shelly_tmcu.cpp:79      Tmcu Event 1 (0x3fca0e40)
13:09:00      TMCU: D shelly_tmcu.cpp:598     RX: 0x1c v=3 [] (state Fetching Config)
13:09:00      TMCU: D shelly_tmcu.cpp:890     TX: 0x1c v=3 [011a09190d090005] (Fetching Config)
13:09:00      TMCU: D shelly_tmcu.cpp:598     RX: 0x24 v=3 [] (state Fetching Config)
13:09:00      TMCU: D shelly_tmcu.cpp:890     TX: 0x24 v=3 [c9] (Fetching Config)
13:09:10      TMCU: D shelly_tmcu.cpp:598     RX: 0x00 v=3 [01] (state Fetching Config)
13:09:10      TMCU: D shelly_tmcu.cpp:79      Tmcu Event 1 (0x3fca0e40)
13:09:18      TMCU: D shelly_tmcu.cpp:598     RX: 0x1c v=3 [] (state Fetching Config)
13:09:18      TMCU: D shelly_tmcu.cpp:890     TX: 0x1c v=3 [011a09190d091205] (Fetching Config)
13:09:18      TMCU: D shelly_tmcu.cpp:598     RX: 0x24 v=3 [] (state Fetching Config)
13:09:18      TMCU: D shelly_tmcu.cpp:890     TX: 0x24 v=3 [ca] (Fetching Config)
13:09:25      TMCU: D shelly_tmcu.cpp:598     RX: 0x00 v=3 [01] (state Fetching Config)
13:09:25      TMCU: D shelly_tmcu.cpp:79      Tmcu Event 1 (0x3fca0e40)
13:09:40      TMCU: D shelly_tmcu.cpp:598     RX: 0x00 v=3 [01] (state Fetching Config)
13:09:40      TMCU: D shelly_tmcu.cpp:79      Tmcu Event 1 (0x3fca0e40)
13:09:45      TMCU: D shelly_tmcu.cpp:598     RX: 0x1c v=3 [] (state Fetching Config)
13:09:45      TMCU: D shelly_tmcu.cpp:890     TX: 0x1c v=3 [011a09190d092d05] (Fetching Config)
13:09:45      TMCU: D shelly_tmcu.cpp:598     RX: 0x24 v=3 [] (state Fetching Config)
13:09:45      TMCU: D shelly_tmcu.cpp:890     TX: 0x24 v=3 [ca] (Fetching Config)
13:10:30  Log przez Wi-Fi: brak połączenia (45 s bez żadnego wiersza logu); ponawiam za 5 s
13:10:45  Log przez Wi-Fi: brak połączenia (timed out); ponawiam za 5 s
13:11:00  Log przez Wi-Fi: brak połączenia (timed out); ponawiam za 5 s
13:11:15  Log przez Wi-Fi: brak połączenia (timed out); ponawiam za 5 s
13:11:30  Log przez Wi-Fi: brak połączenia (timed out); ponawiam za 5 s
13:11:45  Log przez Wi-Fi: brak połączenia (timed out); ponawiam za 5 s
13:12:00  Log przez Wi-Fi: brak połączenia (timed out); ponawiam za 5 s
13:12:15  Log przez Wi-Fi: brak połączenia (timed out); ponawiam za 5 s
13:12:30  Log przez Wi-Fi: brak połączenia (timed out); ponawiam za 5 s
13:12:45  Log przez Wi-Fi: brak połączenia (timed out); ponawiam za 5 s
13:13:00  Log przez Wi-Fi: brak połączenia (timed out); ponawiam za 5 s
13:13:15  Log przez Wi-Fi: brak połączenia (timed out); ponawiam za 5 s
13:13:30  Log przez Wi-Fi: brak połączenia (timed out); ponawiam za 5 s
13:13:45  Log przez Wi-Fi: brak połączenia (timed out); ponawiam za 5 s
13:14:00  Log przez Wi-Fi: brak połączenia (timed out); ponawiam za 5 s
13:14:15  Log przez Wi-Fi: brak połączenia (timed out); ponawiam za 5 s
13:14:30  Log przez Wi-Fi: brak połączenia (timed out); ponawiam za 5 s
13:14:45  Log przez Wi-Fi: brak połączenia (timed out); ponawiam za 5 s
13:15:01  Log przez Wi-Fi: brak połączenia (timed out); ponawiam za 5 s
13:15:16  Log przez Wi-Fi: brak połączenia (timed out); ponawiam za 5 s
13:15:31  Log przez Wi-Fi: brak połączenia (timed out); ponawiam za 5 s
13:15:46  Log przez Wi-Fi: brak połączenia (timed out); ponawiam za 5 s
13:16:01  Log przez Wi-Fi: brak połączenia (timed out); ponawiam za 5 s
13:16:16  Log przez Wi-Fi: brak połączenia (timed out); ponawiam za 5 s
13:16:31  Log przez Wi-Fi: brak połączenia (timed out); ponawiam za 5 s
13:16:46  Log przez Wi-Fi: brak połączenia (timed out); ponawiam za 5 s
13:17:01  Log przez Wi-Fi: brak połączenia (timed out); ponawiam za 5 s
13:17:16  Log przez Wi-Fi: brak połączenia (timed out); ponawiam za 5 s
13:17:31  Log przez Wi-Fi: brak połączenia (timed out); ponawiam za 5 s
13:17:46  Log przez Wi-Fi: brak połączenia (timed out); ponawiam za 5 s
13:18:01  Log przez Wi-Fi: brak połączenia (timed out); ponawiam za 5 s
13:18:16  Log przez Wi-Fi: brak połączenia (timed out); ponawiam za 5 s
13:18:31  Log przez Wi-Fi: brak połączenia (timed out); ponawiam za 5 s
13:18:46  Log przez Wi-Fi: brak połączenia (timed out); ponawiam za 5 s
13:19:01  Log przez Wi-Fi: brak połączenia (timed out); ponawiam za 5 s
13:19:16  Log przez Wi-Fi: brak połączenia (timed out); ponawiam za 5 s
13:19:31  Log przez Wi-Fi: brak połączenia (timed out); ponawiam za 5 s
13:19:46  Log przez Wi-Fi: brak połączenia (timed out); ponawiam za 5 s
13:20:01  Log przez Wi-Fi: brak połączenia (timed out); ponawiam za 5 s
13:20:16  Log przez Wi-Fi: brak połączenia (timed out); ponawiam za 5 s
13:20:31  Log przez Wi-Fi: brak połączenia (timed out); ponawiam za 5 s
13:20:46  Log przez Wi-Fi: brak połączenia (timed out); ponawiam za 5 s
13:21:01  Log przez Wi-Fi: brak połączenia (timed out); ponawiam za 5 s
13:21:16  Log przez Wi-Fi: brak połączenia (timed out); ponawiam za 5 s
13:21:31  Log przez Wi-Fi: brak połączenia (timed out); ponawiam za 5 s
13:21:46  Log przez Wi-Fi: brak połączenia (timed out); ponawiam za 5 s
13:22:01  Log przez Wi-Fi: brak połączenia (timed out); ponawiam za 5 s
13:22:16  Log przez Wi-Fi: brak połączenia (timed out); ponawiam za 5 s
13:22:31  Log przez Wi-Fi: brak połączenia (timed out); ponawiam za 5 s
13:22:46  Log przez Wi-Fi: brak połączenia (timed out); ponawiam za 5 s
13:23:01  Log przez Wi-Fi: brak połączenia (timed out); ponawiam za 5 s
13:23:16  Log przez Wi-Fi: brak połączenia (timed out); ponawiam za 5 s
13:23:31  Log przez Wi-Fi: brak połączenia (timed out); ponawiam za 5 s
13:23:46  Log przez Wi-Fi: brak połączenia (timed out); ponawiam za 5 s
13:24:01  Log przez Wi-Fi: brak połączenia (timed out); ponawiam za 5 s
13:24:16  Log przez Wi-Fi: brak połączenia (timed out); ponawiam za 5 s
13:24:31  Log przez Wi-Fi: brak połączenia (timed out); ponawiam za 5 s
13:24:46  Log przez Wi-Fi: brak połączenia (timed out); ponawiam za 5 s
13:25:01  Log przez Wi-Fi: brak połączenia (timed out); ponawiam za 5 s
13:25:16  Log przez Wi-Fi: brak połączenia (timed out); ponawiam za 5 s
13:25:31  Log przez Wi-Fi: brak połączenia (timed out); ponawiam za 5 s
13:25:46  Log przez Wi-Fi: brak połączenia (timed out); ponawiam za 5 s
13:26:01  Log przez Wi-Fi: brak połączenia (timed out); ponawiam za 5 s
13:26:16  Log przez Wi-Fi: brak połączenia (timed out); ponawiam za 5 s
13:26:31  Log przez Wi-Fi: brak połączenia (timed out); ponawiam za 5 s
13:26:46  Log przez Wi-Fi: brak połączenia (timed out); ponawiam za 5 s
13:27:01  Log przez Wi-Fi: brak połączenia (timed out); ponawiam za 5 s
13:27:16  Log przez Wi-Fi: brak połączenia (timed out); ponawiam za 5 s
13:27:31  Log przez Wi-Fi: brak połączenia (timed out); ponawiam za 5 s
13:27:46  Log przez Wi-Fi: brak połączenia (timed out); ponawiam za 5 s
13:28:01  Log przez Wi-Fi: brak połączenia (timed out); ponawiam za 5 s
13:28:16  Log przez Wi-Fi: brak połączenia (timed out); ponawiam za 5 s
13:28:31  Log przez Wi-Fi: brak połączenia (timed out); ponawiam za 5 s
13:28:46  Log przez Wi-Fi: brak połączenia (timed out); ponawiam za 5 s
13:29:01  Log przez Wi-Fi: brak połączenia (timed out); ponawiam za 5 s
13:29:16  Log przez Wi-Fi: brak połączenia (timed out); ponawiam za 5 s
13:29:31  Log przez Wi-Fi: brak połączenia (timed out); ponawiam za 5 s
13:29:46  Log przez Wi-Fi: brak połączenia (timed out); ponawiam za 5 s
13:30:01  Log przez Wi-Fi: brak połączenia (timed out); ponawiam za 5 s
13:30:16  Log przez Wi-Fi: brak połączenia (timed out); ponawiam za 5 s
13:30:31  Log przez Wi-Fi: brak połączenia (timed out); ponawiam za 5 s
13:30:46  Log przez Wi-Fi: brak połączenia (timed out); ponawiam za 5 s
13:31:01  Log przez Wi-Fi: brak połączenia (timed out); ponawiam za 5 s
13:31:16  Log przez Wi-Fi: brak połączenia (timed out); ponawiam za 5 s
13:31:31  Log przez Wi-Fi: brak połączenia (timed out); ponawiam za 5 s
13:31:46  Log przez Wi-Fi: brak połączenia (timed out); ponawiam za 5 s
13:32:01  Log przez Wi-Fi: brak połączenia (timed out); ponawiam za 5 s
13:32:16  Log przez Wi-Fi: brak połączenia (timed out); ponawiam za 5 s
13:32:31  Log przez Wi-Fi: brak połączenia (timed out); ponawiam za 5 s
13:32:46  Log przez Wi-Fi: brak połączenia (timed out); ponawiam za 5 s
13:33:01  Log przez Wi-Fi: brak połączenia (timed out); ponawiam za 5 s
13:33:16  Log przez Wi-Fi: brak połączenia (timed out); ponawiam za 5 s
13:33:31  Log przez Wi-Fi: brak połączenia (timed out); ponawiam za 5 s
13:33:46  Log przez Wi-Fi: brak połączenia (timed out); ponawiam za 5 s
13:34:01  Log przez Wi-Fi: brak połączenia (timed out); ponawiam za 5 s
13:34:16  Log przez Wi-Fi: brak połączenia (timed out); ponawiam za 5 s
13:34:31  Log przez Wi-Fi: brak połączenia (timed out); ponawiam za 5 s
13:34:46  Log przez Wi-Fi: brak połączenia (timed out); ponawiam za 5 s
13:35:01  Log przez Wi-Fi: brak połączenia (timed out); ponawiam za 5 s
13:35:08  Log przez Wi-Fi: połączono z 192.168.0.238
13:35:08      TMCU: D shelly_tmcu.cpp:598     RX: 0x1c v=3 [] (state Ready)
13:35:08      TMCU: D shelly_tmcu.cpp:890     TX: 0x1c v=3 [0100000000000000] (Ready)
13:35:08      TMCU: D shelly_tmcu.cpp:598     RX: 0x24 v=3 [] (state Ready)
13:35:08      TMCU: D shelly_tmcu.cpp:890     TX: 0x24 v=3 [c7] (Ready)
13:35:08      TMCU: D shelly_tmcu.cpp:598     RX: 0x07 v=3 [1802000400000013] (state Ready)
13:35:08      TMCU: D shelly_tmcu.cpp:862     same int 24 = 19
13:35:09      TMCU: D shelly_tmcu.cpp:598     RX: 0x07 v=3 [0d04000100] (state Ready)
13:35:09      TMCU: D shelly_tmcu.cpp:862     same enum 13 = 0
13:35:09      TMCU: D shelly_tmcu.cpp:890     TX: 0x34 v=3 [02ff1a09190d230b05] (Ready)
13:35:12      TMCU: D shelly_tmcu.cpp:598     RX: 0x24 v=3 [] (state Ready)
13:35:12      TMCU: D shelly_tmcu.cpp:890     TX: 0x24 v=3 [c7] (Ready)
13:35:17      TMCU: D shelly_tmcu.cpp:598     RX: 0x07 v=3 [1802000400000013] (state Ready)
13:35:17      TMCU: D shelly_tmcu.cpp:862     same int 24 = 19
13:35:18      TMCU: D shelly_tmcu.cpp:598     RX: 0x00 v=3 [01] (state Ready)
13:35:18      TMCU: D shelly_tmcu.cpp:79      Tmcu Event 1 (0x3fca0e40)
13:35:23      TMCU: D shelly_tmcu.cpp:993     wifi report state is SendRealState
13:35:23      TMCU: D shelly_tmcu.cpp:520     Sending WiFi status 4
13:35:23      TMCU: D shelly_tmcu.cpp:890     TX: 0x03 v=3 [04] (Ready)
13:35:23      TMCU: D shelly_tmcu.cpp:598     RX: 0x03 v=3 [] (state Ready)
13:35:24      TMCU: D shelly_tmcu.cpp:598     RX: 0x1c v=3 [] (state Ready)
13:35:24      TMCU: D shelly_tmcu.cpp:890     TX: 0x1c v=3 [011a09190d231b05] (Ready)
13:35:24      TMCU: D shelly_tmcu.cpp:598     RX: 0x24 v=3 [] (state Ready)
13:35:24      TMCU: D shelly_tmcu.cpp:890     TX: 0x24 v=3 [c7] (Ready)
13:35:33      TMCU: D shelly_tmcu.cpp:598     RX: 0x00 v=3 [01] (state Ready)
13:35:33      TMCU: D shelly_tmcu.cpp:79      Tmcu Event 1 (0x3fca0e40)
13:35:42      TMCU: D shelly_tmcu.cpp:598     RX: 0x1c v=3 [] (state Ready)
13:35:42      TMCU: D shelly_tmcu.cpp:890     TX: 0x1c v=3 [011a09190d232d05] (Ready)
13:35:43      TMCU: D shelly_tmcu.cpp:598     RX: 0x24 v=3 [] (state Ready)
13:35:43      TMCU: D shelly_tmcu.cpp:890     TX: 0x24 v=3 [c7] (Ready)
13:35:48      TMCU: D shelly_tmcu.cpp:598     RX: 0x00 v=3 [01] (state Ready)
13:35:48      TMCU: D shelly_tmcu.cpp:79      Tmcu Event 1 (0x3fca0e40)
13:35:53      TMCU: D shelly_tmcu.cpp:993     wifi report state is SendRealState
13:35:53      TMCU: D shelly_tmcu.cpp:520     Sending WiFi status 4
13:35:53      TMCU: D shelly_tmcu.cpp:890     TX: 0x03 v=3 [04] (Ready)
13:35:53      TMCU: D shelly_tmcu.cpp:598     RX: 0x03 v=3 [] (state Ready)
13:36:03      TMCU: D shelly_tmcu.cpp:598     RX: 0x00 v=3 [01] (state Ready)
13:36:03      TMCU: D shelly_tmcu.cpp:79      Tmcu Event 1 (0x3fca0e40)
13:36:10      TMCU: D shelly_tmcu.cpp:598     RX: 0x1c v=3 [] (state Ready)
13:36:10      TMCU: D shelly_tmcu.cpp:890     TX: 0x1c v=3 [011a09190d240c05] (Ready)
13:36:10      TMCU: D shelly_tmcu.cpp:598     RX: 0x24 v=3 [] (state Ready)
13:36:10      TMCU: D shelly_tmcu.cpp:890     TX: 0x24 v=3 [c8] (Ready)
13:36:18      TMCU: D shelly_tmcu.cpp:598     RX: 0x00 v=3 [01] (state Ready)
13:36:18      TMCU: D shelly_tmcu.cpp:79      Tmcu Event 1 (0x3fca0e40)
13:36:23      TMCU: D shelly_tmcu.cpp:993     wifi report state is SendRealState
13:36:23      TMCU: D shelly_tmcu.cpp:520     Sending WiFi status 4
13:36:23      TMCU: D shelly_tmcu.cpp:890     TX: 0x03 v=3 [04] (Ready)
13:36:23      TMCU: D shelly_tmcu.cpp:598     RX: 0x03 v=3 [] (state Ready)
13:36:33      TMCU: D shelly_tmcu.cpp:598     RX: 0x24 v=3 [] (state Ready)
13:36:33      TMCU: D shelly_tmcu.cpp:890     TX: 0x24 v=3 [c8] (Ready)
13:36:33      TMCU: D shelly_tmcu.cpp:598     RX: 0x00 v=3 [01] (state Ready)
13:36:33      TMCU: D shelly_tmcu.cpp:79      Tmcu Event 1 (0x3fca0e40)
13:36:42      TMCU: D shelly_tmcu.cpp:598     RX: 0x24 v=3 [] (state Ready)
13:36:42      TMCU: D shelly_tmcu.cpp:890     TX: 0x24 v=3 [c8] (Ready)
13:36:48      TMCU: D shelly_tmcu.cpp:598     RX: 0x00 v=3 [01] (state Ready)
13:36:48      TMCU: D shelly_tmcu.cpp:79      Tmcu Event 1 (0x3fca0e40)
13:36:53      TMCU: D shelly_tmcu.cpp:993     wifi report state is SendRealState
13:36:53      TMCU: D shelly_tmcu.cpp:520     Sending WiFi status 4
13:36:53      TMCU: D shelly_tmcu.cpp:890     TX: 0x03 v=3 [04] (Ready)
13:36:53      TMCU: D shelly_tmcu.cpp:598     RX: 0x03 v=3 [] (state Ready)
13:36:55      TMCU: D shelly_tmcu.cpp:598     RX: 0x1c v=3 [] (state Ready)
13:36:55      TMCU: D shelly_tmcu.cpp:890     TX: 0x1c v=3 [011a09190d243905] (Ready)
13:36:55      TMCU: D shelly_tmcu.cpp:598     RX: 0x24 v=3 [] (state Ready)
13:36:55      TMCU: D shelly_tmcu.cpp:890     TX: 0x24 v=3 [c6] (Ready)
13:37:03      TMCU: D shelly_tmcu.cpp:598     RX: 0x00 v=3 [01] (state Ready)
13:37:03      TMCU: D shelly_tmcu.cpp:79      Tmcu Event 1 (0x3fca0e40)
13:37:13      TMCU: D shelly_tmcu.cpp:598     RX: 0x1c v=3 [] (state Ready)
13:37:13      TMCU: D shelly_tmcu.cpp:890     TX: 0x1c v=3 [011a09190d250f05] (Ready)
13:37:13      TMCU: D shelly_tmcu.cpp:598     RX: 0x24 v=3 [] (state Ready)
13:37:13      TMCU: D shelly_tmcu.cpp:890     TX: 0x24 v=3 [c7] (Ready)
13:37:18      TMCU: D shelly_tmcu.cpp:598     RX: 0x00 v=3 [01] (state Ready)
13:37:18      TMCU: D shelly_tmcu.cpp:79      Tmcu Event 1 (0x3fca0e40)
13:37:23      TMCU: D shelly_tmcu.cpp:993     wifi report state is SendRealState
13:37:23      TMCU: D shelly_tmcu.cpp:520     Sending WiFi status 4
13:37:23      TMCU: D shelly_tmcu.cpp:890     TX: 0x03 v=3 [04] (Ready)
13:37:23      TMCU: D shelly_tmcu.cpp:598     RX: 0x03 v=3 [] (state Ready)
13:37:33      TMCU: D shelly_tmcu.cpp:598     RX: 0x00 v=3 [01] (state Ready)
13:37:33      TMCU: D shelly_tmcu.cpp:79      Tmcu Event 1 (0x3fca0e40)
13:37:40      TMCU: D shelly_tmcu.cpp:598     RX: 0x1c v=3 [] (state Ready)
13:37:40      TMCU: D shelly_tmcu.cpp:890     TX: 0x1c v=3 [011a09190d252a05] (Ready)
13:37:40      TMCU: D shelly_tmcu.cpp:598     RX: 0x24 v=3 [] (state Ready)
13:37:40      TMCU: D shelly_tmcu.cpp:890     TX: 0x24 v=3 [c7] (Ready)
13:37:48      TMCU: D shelly_tmcu.cpp:598     RX: 0x00 v=3 [01] (state Ready)
13:37:48      TMCU: D shelly_tmcu.cpp:79      Tmcu Event 1 (0x3fca0e40)
13:37:53      TMCU: D shelly_tmcu.cpp:993     wifi report state is SendRealState
13:37:53      TMCU: D shelly_tmcu.cpp:520     Sending WiFi status 4
13:37:53      TMCU: D shelly_tmcu.cpp:890     TX: 0x03 v=3 [04] (Ready)
13:37:53      TMCU: D shelly_tmcu.cpp:598     RX: 0x03 v=3 [] (state Ready)
13:38:03      TMCU: D shelly_tmcu.cpp:598     RX: 0x24 v=3 [] (state Ready)
13:38:03      TMCU: D shelly_tmcu.cpp:890     TX: 0x24 v=3 [c7] (Ready)
13:38:03      TMCU: D shelly_tmcu.cpp:598     RX: 0x00 v=3 [01] (state Ready)
13:38:03      TMCU: D shelly_tmcu.cpp:79      Tmcu Event 1 (0x3fca0e40)
13:38:12      TMCU: D shelly_tmcu.cpp:598     RX: 0x24 v=3 [] (state Ready)
13:38:12      TMCU: D shelly_tmcu.cpp:890     TX: 0x24 v=3 [c7] (Ready)
13:38:18      TMCU: D shelly_tmcu.cpp:598     RX: 0x00 v=3 [01] (state Ready)
13:38:18      TMCU: D shelly_tmcu.cpp:79      Tmcu Event 1 (0x3fca0e40)
13:38:23      TMCU: D shelly_tmcu.cpp:993     wifi report state is SendRealState
13:38:23      TMCU: D shelly_tmcu.cpp:520     Sending WiFi status 4
13:38:23      TMCU: D shelly_tmcu.cpp:890     TX: 0x03 v=3 [04] (Ready)
13:38:23      TMCU: D shelly_tmcu.cpp:598     RX: 0x03 v=3 [] (state Ready)
13:38:25      TMCU: D shelly_tmcu.cpp:598     RX: 0x1c v=3 [] (state Ready)
13:38:25      TMCU: D shelly_tmcu.cpp:890     TX: 0x1c v=3 [011a09190d261b05] (Ready)
13:38:25      TMCU: D shelly_tmcu.cpp:598     RX: 0x24 v=3 [] (state Ready)
13:38:25      TMCU: D shelly_tmcu.cpp:890     TX: 0x24 v=3 [c7] (Ready)
13:38:33      TMCU: D shelly_tmcu.cpp:598     RX: 0x00 v=3 [01] (state Ready)
13:38:33      TMCU: D shelly_tmcu.cpp:79      Tmcu Event 1 (0x3fca0e40)
13:38:43      TMCU: D shelly_tmcu.cpp:598     RX: 0x1c v=3 [] (state Ready)
13:38:43      TMCU: D shelly_tmcu.cpp:890     TX: 0x1c v=3 [011a09190d262d05] (Ready)
13:38:43      TMCU: D shelly_tmcu.cpp:598     RX: 0x24 v=3 [] (state Ready)
13:38:43      TMCU: D shelly_tmcu.cpp:890     TX: 0x24 v=3 [c6] (Ready)
13:38:48      TMCU: D shelly_tmcu.cpp:598     RX: 0x00 v=3 [01] (state Ready)
13:38:48      TMCU: D shelly_tmcu.cpp:79      Tmcu Event 1 (0x3fca0e40)
13:38:53      TMCU: D shelly_tmcu.cpp:993     wifi report state is SendRealState
13:38:53      TMCU: D shelly_tmcu.cpp:520     Sending WiFi status 4
13:38:53      TMCU: D shelly_tmcu.cpp:890     TX: 0x03 v=3 [04] (Ready)
13:38:53      TMCU: D shelly_tmcu.cpp:598     RX: 0x03 v=3 [] (state Ready)
13:39:03      TMCU: D shelly_tmcu.cpp:598     RX: 0x00 v=3 [01] (state Ready)
13:39:03      TMCU: D shelly_tmcu.cpp:79      Tmcu Event 1 (0x3fca0e40)
13:39:10      TMCU: D shelly_tmcu.cpp:598     RX: 0x1c v=3 [] (state Ready)
13:39:10      TMCU: D shelly_tmcu.cpp:890     TX: 0x1c v=3 [011a09190d270c05] (Ready)
13:39:10      TMCU: D shelly_tmcu.cpp:598     RX: 0x24 v=3 [] (state Ready)
13:39:10      TMCU: D shelly_tmcu.cpp:890     TX: 0x24 v=3 [c8] (Ready)
13:39:18      TMCU: D shelly_tmcu.cpp:598     RX: 0x00 v=3 [01] (state Ready)
13:39:18      TMCU: D shelly_tmcu.cpp:79      Tmcu Event 1 (0x3fca0e40)
13:39:23      TMCU: D shelly_tmcu.cpp:993     wifi report state is SendRealState
13:39:23      TMCU: D shelly_tmcu.cpp:520     Sending WiFi status 4
13:39:23      TMCU: D shelly_tmcu.cpp:890     TX: 0x03 v=3 [04] (Ready)
13:39:23      TMCU: D shelly_tmcu.cpp:598     RX: 0x03 v=3 [] (state Ready)
13:39:33      TMCU: D shelly_tmcu.cpp:598     RX: 0x00 v=3 [01] (state Ready)
13:39:33      TMCU: D shelly_tmcu.cpp:79      Tmcu Event 1 (0x3fca0e40)
13:39:33      TMCU: D shelly_tmcu.cpp:598     RX: 0x24 v=3 [] (state Ready)
13:39:33      TMCU: D shelly_tmcu.cpp:890     TX: 0x24 v=3 [c7] (Ready)
13:39:43      TMCU: D shelly_tmcu.cpp:598     RX: 0x24 v=3 [] (state Ready)
13:39:43      TMCU: D shelly_tmcu.cpp:890     TX: 0x24 v=3 [c8] (Ready)
13:39:48      TMCU: D shelly_tmcu.cpp:598     RX: 0x00 v=3 [01] (state Ready)
13:39:48      TMCU: D shelly_tmcu.cpp:79      Tmcu Event 1 (0x3fca0e40)
13:39:53      TMCU: D shelly_tmcu.cpp:993     wifi report state is SendRealState
13:39:53      TMCU: D shelly_tmcu.cpp:520     Sending WiFi status 4
13:39:53      TMCU: D shelly_tmcu.cpp:890     TX: 0x03 v=3 [04] (Ready)
13:39:53      TMCU: D shelly_tmcu.cpp:598     RX: 0x03 v=3 [] (state Ready)
13:39:55      TMCU: D shelly_tmcu.cpp:598     RX: 0x1c v=3 [] (state Ready)
13:39:55      TMCU: D shelly_tmcu.cpp:890     TX: 0x1c v=3 [011a09190d273905] (Ready)
13:39:55      TMCU: D shelly_tmcu.cpp:598     RX: 0x24 v=3 [] (state Ready)
13:39:55      TMCU: D shelly_tmcu.cpp:890     TX: 0x24 v=3 [c8] (Ready)
13:40:03      TMCU: D shelly_tmcu.cpp:598     RX: 0x00 v=3 [01] (state Ready)
13:40:03      TMCU: D shelly_tmcu.cpp:79      Tmcu Event 1 (0x3fca0e40)
13:40:13      TMCU: D shelly_tmcu.cpp:598     RX: 0x1c v=3 [] (state Ready)
13:40:13      TMCU: D shelly_tmcu.cpp:890     TX: 0x1c v=3 [011a09190d280f05] (Ready)
13:40:13      TMCU: D shelly_tmcu.cpp:598     RX: 0x24 v=3 [] (state Ready)
13:40:13      TMCU: D shelly_tmcu.cpp:890     TX: 0x24 v=3 [c7] (Ready)
13:40:18      TMCU: D shelly_tmcu.cpp:598     RX: 0x00 v=3 [01] (state Ready)
13:40:18      TMCU: D shelly_tmcu.cpp:79      Tmcu Event 1 (0x3fca0e40)
13:40:23      TMCU: D shelly_tmcu.cpp:993     wifi report state is SendRealState
13:40:23      TMCU: D shelly_tmcu.cpp:520     Sending WiFi status 4
13:40:23      TMCU: D shelly_tmcu.cpp:890     TX: 0x03 v=3 [04] (Ready)
13:40:23      TMCU: D shelly_tmcu.cpp:598     RX: 0x03 v=3 [] (state Ready)
13:40:33      TMCU: D shelly_tmcu.cpp:598     RX: 0x00 v=3 [01] (state Ready)
13:40:33      TMCU: D shelly_tmcu.cpp:79      Tmcu Event 1 (0x3fca0e40)
13:40:40      TMCU: D shelly_tmcu.cpp:598     RX: 0x1c v=3 [] (state Ready)
13:40:40      TMCU: D shelly_tmcu.cpp:890     TX: 0x1c v=3 [011a09190d282a05] (Ready)
13:40:40      TMCU: D shelly_tmcu.cpp:598     RX: 0x24 v=3 [] (state Ready)
13:40:40      TMCU: D shelly_tmcu.cpp:890     TX: 0x24 v=3 [c7] (Ready)
13:40:48      TMCU: D shelly_tmcu.cpp:598     RX: 0x00 v=3 [01] (state Ready)
13:40:48      TMCU: D shelly_tmcu.cpp:79      Tmcu Event 1 (0x3fca0e40)
13:40:53      TMCU: D shelly_tmcu.cpp:993     wifi report state is SendRealState
13:40:53      TMCU: D shelly_tmcu.cpp:520     Sending WiFi status 4
13:40:53      TMCU: D shelly_tmcu.cpp:890     TX: 0x03 v=3 [04] (Ready)
13:40:53      TMCU: D shelly_tmcu.cpp:598     RX: 0x03 v=3 [] (state Ready)
13:41:03      TMCU: D shelly_tmcu.cpp:598     RX: 0x00 v=3 [01] (state Ready)
13:41:03      TMCU: D shelly_tmcu.cpp:79      Tmcu Event 1 (0x3fca0e40)
13:41:04      TMCU: D shelly_tmcu.cpp:598     RX: 0x24 v=3 [] (state Ready)
13:41:04      TMCU: D shelly_tmcu.cpp:890     TX: 0x24 v=3 [c9] (Ready)
13:41:13      TMCU: D shelly_tmcu.cpp:598     RX: 0x24 v=3 [] (state Ready)
13:41:13      TMCU: D shelly_tmcu.cpp:890     TX: 0x24 v=3 [c6] (Ready)
13:41:18      TMCU: D shelly_tmcu.cpp:598     RX: 0x00 v=3 [01] (state Ready)
13:41:18      TMCU: D shelly_tmcu.cpp:79      Tmcu Event 1 (0x3fca0e40)
13:41:23      TMCU: D shelly_tmcu.cpp:993     wifi report state is SendRealState
13:41:23      TMCU: D shelly_tmcu.cpp:520     Sending WiFi status 4
13:41:23      TMCU: D shelly_tmcu.cpp:890     TX: 0x03 v=3 [04] (Ready)
13:41:23      TMCU: D shelly_tmcu.cpp:598     RX: 0x03 v=3 [] (state Ready)
13:41:25      TMCU: D shelly_tmcu.cpp:598     RX: 0x1c v=3 [] (state Ready)
13:41:25      TMCU: D shelly_tmcu.cpp:890     TX: 0x1c v=3 [011a09190d291b05] (Ready)
13:41:25      TMCU: D shelly_tmcu.cpp:598     RX: 0x24 v=3 [] (state Ready)
13:41:25      TMCU: D shelly_tmcu.cpp:890     TX: 0x24 v=3 [c6] (Ready)
13:41:33      TMCU: D shelly_tmcu.cpp:598     RX: 0x00 v=3 [01] (state Ready)
13:41:33      TMCU: D shelly_tmcu.cpp:79      Tmcu Event 1 (0x3fca0e40)
13:41:38      TMCU: D shelly_tmcu.cpp:598     RX: 0x07 v=3 [1802000400000013] (state Ready)
13:41:38      TMCU: D shelly_tmcu.cpp:862     same int 24 = 19
13:41:44      TMCU: D shelly_tmcu.cpp:598     RX: 0x1c v=3 [] (state Ready)
13:41:44      TMCU: D shelly_tmcu.cpp:890     TX: 0x1c v=3 [011a09190d292e05] (Ready)
13:41:44      TMCU: D shelly_tmcu.cpp:598     RX: 0x24 v=3 [] (state Ready)
13:41:44      TMCU: D shelly_tmcu.cpp:890     TX: 0x24 v=3 [c7] (Ready)
13:41:48      TMCU: D shelly_tmcu.cpp:598     RX: 0x00 v=3 [01] (state Ready)
13:41:48      TMCU: D shelly_tmcu.cpp:79      Tmcu Event 1 (0x3fca0e40)
13:41:53      TMCU: D shelly_tmcu.cpp:993     wifi report state is SendRealState
13:41:53      TMCU: D shelly_tmcu.cpp:520     Sending WiFi status 4
13:41:53      TMCU: D shelly_tmcu.cpp:890     TX: 0x03 v=3 [04] (Ready)
13:41:53      TMCU: D shelly_tmcu.cpp:598     RX: 0x03 v=3 [] (state Ready)
13:42:03      TMCU: D shelly_tmcu.cpp:598     RX: 0x00 v=3 [01] (state Ready)
13:42:03      TMCU: D shelly_tmcu.cpp:79      Tmcu Event 1 (0x3fca0e40)
13:42:11      TMCU: D shelly_tmcu.cpp:598     RX: 0x1c v=3 [] (state Ready)
13:42:11      TMCU: D shelly_tmcu.cpp:890     TX: 0x1c v=3 [011a09190d2a0d05] (Ready)
13:42:11      TMCU: D shelly_tmcu.cpp:598     RX: 0x24 v=3 [] (state Ready)
13:42:11      TMCU: D shelly_tmcu.cpp:890     TX: 0x24 v=3 [c8] (Ready)
13:42:18      TMCU: D shelly_tmcu.cpp:598     RX: 0x00 v=3 [01] (state Ready)
13:42:18      TMCU: D shelly_tmcu.cpp:79      Tmcu Event 1 (0x3fca0e40)
13:42:23      TMCU: D shelly_tmcu.cpp:993     wifi report state is SendRealState
13:42:23      TMCU: D shelly_tmcu.cpp:520     Sending WiFi status 4
13:42:23      TMCU: D shelly_tmcu.cpp:890     TX: 0x03 v=3 [04] (Ready)
13:42:23      TMCU: D shelly_tmcu.cpp:598     RX: 0x03 v=3 [] (state Ready)
13:42:33      TMCU: D shelly_tmcu.cpp:598     RX: 0x00 v=3 [01] (state Ready)
13:42:33      TMCU: D shelly_tmcu.cpp:79      Tmcu Event 1 (0x3fca0e40)
13:42:34      TMCU: D shelly_tmcu.cpp:598     RX: 0x24 v=3 [] (state Ready)
13:42:34      TMCU: D shelly_tmcu.cpp:890     TX: 0x24 v=3 [c7] (Ready)
13:42:43      TMCU: D shelly_tmcu.cpp:598     RX: 0x24 v=3 [] (state Ready)
13:42:43      TMCU: D shelly_tmcu.cpp:890     TX: 0x24 v=3 [c8] (Ready)
13:42:48      TMCU: D shelly_tmcu.cpp:598     RX: 0x00 v=3 [01] (state Ready)
13:42:48      TMCU: D shelly_tmcu.cpp:79      Tmcu Event 1 (0x3fca0e40)
13:42:53      TMCU: D shelly_tmcu.cpp:993     wifi report state is SendRealState
13:42:53      TMCU: D shelly_tmcu.cpp:520     Sending WiFi status 4
13:42:53      TMCU: D shelly_tmcu.cpp:890     TX: 0x03 v=3 [04] (Ready)
13:42:53      TMCU: D shelly_tmcu.cpp:598     RX: 0x03 v=3 [] (state Ready)
13:42:56      TMCU: D shelly_tmcu.cpp:598     RX: 0x1c v=3 [] (state Ready)
13:42:56      TMCU: D shelly_tmcu.cpp:890     TX: 0x1c v=3 [011a09190d2a3a05] (Ready)
13:42:56      TMCU: D shelly_tmcu.cpp:598     RX: 0x24 v=3 [] (state Ready)
13:42:56      TMCU: D shelly_tmcu.cpp:890     TX: 0x24 v=3 [c8] (Ready)
13:43:03      TMCU: D shelly_tmcu.cpp:598     RX: 0x00 v=3 [01] (state Ready)
13:43:03      TMCU: D shelly_tmcu.cpp:79      Tmcu Event 1 (0x3fca0e40)
13:43:14      TMCU: D shelly_tmcu.cpp:598     RX: 0x1c v=3 [] (state Ready)
13:43:14      TMCU: D shelly_tmcu.cpp:890     TX: 0x1c v=3 [011a09190d2b1005] (Ready)
13:43:14      TMCU: D shelly_tmcu.cpp:598     RX: 0x24 v=3 [] (state Ready)
13:43:14      TMCU: D shelly_tmcu.cpp:890     TX: 0x24 v=3 [c9] (Ready)
13:43:18      TMCU: D shelly_tmcu.cpp:598     RX: 0x00 v=3 [01] (state Ready)
13:43:18      TMCU: D shelly_tmcu.cpp:79      Tmcu Event 1 (0x3fca0e40)
13:43:23      TMCU: D shelly_tmcu.cpp:993     wifi report state is SendRealState
13:43:23      TMCU: D shelly_tmcu.cpp:520     Sending WiFi status 4
13:43:23      TMCU: D shelly_tmcu.cpp:890     TX: 0x03 v=3 [04] (Ready)
13:43:23      TMCU: D shelly_tmcu.cpp:598     RX: 0x03 v=3 [] (state Ready)
13:43:33      TMCU: D shelly_tmcu.cpp:598     RX: 0x00 v=3 [01] (state Ready)
13:43:33      TMCU: D shelly_tmcu.cpp:79      Tmcu Event 1 (0x3fca0e40)
13:43:41      TMCU: D shelly_tmcu.cpp:598     RX: 0x1c v=3 [] (state Ready)
13:43:41      TMCU: D shelly_tmcu.cpp:890     TX: 0x1c v=3 [011a09190d2b2b05] (Ready)
13:43:41      TMCU: D shelly_tmcu.cpp:598     RX: 0x24 v=3 [] (state Ready)
13:43:41      TMCU: D shelly_tmcu.cpp:890     TX: 0x24 v=3 [c7] (Ready)
13:43:48      TMCU: D shelly_tmcu.cpp:598     RX: 0x00 v=3 [01] (state Ready)
13:43:48      TMCU: D shelly_tmcu.cpp:79      Tmcu Event 1 (0x3fca0e40)
13:43:53      TMCU: D shelly_tmcu.cpp:993     wifi report state is SendRealState
13:43:53      TMCU: D shelly_tmcu.cpp:520     Sending WiFi status 4
13:43:53      TMCU: D shelly_tmcu.cpp:890     TX: 0x03 v=3 [04] (Ready)
13:43:53      TMCU: D shelly_tmcu.cpp:598     RX: 0x03 v=3 [] (state Ready)
13:44:03      TMCU: D shelly_tmcu.cpp:598     RX: 0x00 v=3 [01] (state Ready)
13:44:03      TMCU: D shelly_tmcu.cpp:79      Tmcu Event 1 (0x3fca0e40)
13:44:04      TMCU: D shelly_tmcu.cpp:598     RX: 0x24 v=3 [] (state Ready)
13:44:04      TMCU: D shelly_tmcu.cpp:890     TX: 0x24 v=3 [c7] (Ready)
13:44:13      TMCU: D shelly_tmcu.cpp:598     RX: 0x24 v=3 [] (state Ready)
13:44:13      TMCU: D shelly_tmcu.cpp:890     TX: 0x24 v=3 [c6] (Ready)
13:44:18      TMCU: D shelly_tmcu.cpp:598     RX: 0x00 v=3 [01] (state Ready)
13:44:18      TMCU: D shelly_tmcu.cpp:79      Tmcu Event 1 (0x3fca0e40)
13:44:23      TMCU: D shelly_tmcu.cpp:993     wifi report state is SendRealState
13:44:23      TMCU: D shelly_tmcu.cpp:520     Sending WiFi status 4
13:44:23      TMCU: D shelly_tmcu.cpp:890     TX: 0x03 v=3 [04] (Ready)
13:44:23      TMCU: D shelly_tmcu.cpp:598     RX: 0x03 v=3 [] (state Ready)
13:44:26      TMCU: D shelly_tmcu.cpp:598     RX: 0x1c v=3 [] (state Ready)
13:44:26      TMCU: D shelly_tmcu.cpp:890     TX: 0x1c v=3 [011a09190d2c1c05] (Ready)
13:44:26      TMCU: D shelly_tmcu.cpp:598     RX: 0x24 v=3 [] (state Ready)
13:44:26      TMCU: D shelly_tmcu.cpp:890     TX: 0x24 v=3 [c6] (Ready)
13:44:33      TMCU: D shelly_tmcu.cpp:598     RX: 0x00 v=3 [01] (state Ready)
13:44:33      TMCU: D shelly_tmcu.cpp:79      Tmcu Event 1 (0x3fca0e40)
13:44:44      TMCU: D shelly_tmcu.cpp:598     RX: 0x1c v=3 [] (state Ready)
13:44:44      TMCU: D shelly_tmcu.cpp:890     TX: 0x1c v=3 [011a09190d2c2e05] (Ready)
13:44:44      TMCU: D shelly_tmcu.cpp:598     RX: 0x24 v=3 [] (state Ready)
13:44:44      TMCU: D shelly_tmcu.cpp:890     TX: 0x24 v=3 [c6] (Ready)
13:44:48      TMCU: D shelly_tmcu.cpp:598     RX: 0x00 v=3 [01] (state Ready)
13:44:48      TMCU: D shelly_tmcu.cpp:79      Tmcu Event 1 (0x3fca0e40)
13:44:53      TMCU: D shelly_tmcu.cpp:993     wifi report state is SendRealState
13:44:53      TMCU: D shelly_tmcu.cpp:520     Sending WiFi status 4
13:44:53      TMCU: D shelly_tmcu.cpp:890     TX: 0x03 v=3 [04] (Ready)
13:44:53      TMCU: D shelly_tmcu.cpp:598     RX: 0x03 v=3 [] (state Ready)
13:45:03      TMCU: D shelly_tmcu.cpp:598     RX: 0x00 v=3 [01] (state Ready)
13:45:03      TMCU: D shelly_tmcu.cpp:79      Tmcu Event 1 (0x3fca0e40)
13:45:11      TMCU: D shelly_tmcu.cpp:598     RX: 0x1c v=3 [] (state Ready)
13:45:11      TMCU: D shelly_tmcu.cpp:890     TX: 0x1c v=3 [011a09190d2d0d05] (Ready)
13:45:11      TMCU: D shelly_tmcu.cpp:598     RX: 0x24 v=3 [] (state Ready)
13:45:11      TMCU: D shelly_tmcu.cpp:890     TX: 0x24 v=3 [c7] (Ready)
13:45:18      TMCU: D shelly_tmcu.cpp:598     RX: 0x00 v=3 [01] (state Ready)
13:45:18      TMCU: D shelly_tmcu.cpp:79      Tmcu Event 1 (0x3fca0e40)
13:45:23      TMCU: D shelly_tmcu.cpp:993     wifi report state is SendRealState
13:45:23      TMCU: D shelly_tmcu.cpp:520     Sending WiFi status 4
13:45:23      TMCU: D shelly_tmcu.cpp:890     TX: 0x03 v=3 [04] (Ready)
13:45:23      TMCU: D shelly_tmcu.cpp:598     RX: 0x03 v=3 [] (state Ready)
13:45:33      TMCU: D shelly_tmcu.cpp:598     RX: 0x00 v=3 [01] (state Ready)
13:45:33      TMCU: D shelly_tmcu.cpp:79      Tmcu Event 1 (0x3fca0e40)
13:45:34      TMCU: D shelly_tmcu.cpp:598     RX: 0x24 v=3 [] (state Ready)
13:45:34      TMCU: D shelly_tmcu.cpp:890     TX: 0x24 v=3 [c6] (Ready)
13:45:44      TMCU: D shelly_tmcu.cpp:598     RX: 0x24 v=3 [] (state Ready)
13:45:44      TMCU: D shelly_tmcu.cpp:890     TX: 0x24 v=3 [c8] (Ready)
13:45:48      TMCU: D shelly_tmcu.cpp:598     RX: 0x00 v=3 [01] (state Ready)
13:45:48      TMCU: D shelly_tmcu.cpp:79      Tmcu Event 1 (0x3fca0e40)
13:45:53      TMCU: D shelly_tmcu.cpp:993     wifi report state is SendRealState
13:45:53      TMCU: D shelly_tmcu.cpp:520     Sending WiFi status 4
13:45:53      TMCU: D shelly_tmcu.cpp:890     TX: 0x03 v=3 [04] (Ready)
13:45:53      TMCU: D shelly_tmcu.cpp:598     RX: 0x03 v=3 [] (state Ready)
13:45:56      TMCU: D shelly_tmcu.cpp:598     RX: 0x1c v=3 [] (state Ready)
13:45:56      TMCU: D shelly_tmcu.cpp:890     TX: 0x1c v=3 [011a09190d2d3a05] (Ready)
13:45:56      TMCU: D shelly_tmcu.cpp:598     RX: 0x24 v=3 [] (state Ready)
13:45:56      TMCU: D shelly_tmcu.cpp:890     TX: 0x24 v=3 [c6] (Ready)
13:46:03      TMCU: D shelly_tmcu.cpp:598     RX: 0x00 v=3 [01] (state Ready)
13:46:03      TMCU: D shelly_tmcu.cpp:79      Tmcu Event 1 (0x3fca0e40)
13:46:14      TMCU: D shelly_tmcu.cpp:598     RX: 0x1c v=3 [] (state Ready)
13:46:14      TMCU: D shelly_tmcu.cpp:890     TX: 0x1c v=3 [011a09190d2e1005] (Ready)
13:46:14      TMCU: D shelly_tmcu.cpp:598     RX: 0x24 v=3 [] (state Ready)
13:46:14      TMCU: D shelly_tmcu.cpp:890     TX: 0x24 v=3 [c7] (Ready)
13:46:18      TMCU: D shelly_tmcu.cpp:598     RX: 0x00 v=3 [01] (state Ready)
13:46:18      TMCU: D shelly_tmcu.cpp:79      Tmcu Event 1 (0x3fca0e40)
13:46:23      TMCU: D shelly_tmcu.cpp:993     wifi report state is SendRealState
13:46:23      TMCU: D shelly_tmcu.cpp:520     Sending WiFi status 4
13:46:23      TMCU: D shelly_tmcu.cpp:890     TX: 0x03 v=3 [04] (Ready)
13:46:23      TMCU: D shelly_tmcu.cpp:598     RX: 0x03 v=3 [] (state Ready)
13:46:33      TMCU: D shelly_tmcu.cpp:598     RX: 0x00 v=3 [01] (state Ready)
13:46:33      TMCU: D shelly_tmcu.cpp:79      Tmcu Event 1 (0x3fca0e40)
13:46:41      TMCU: D shelly_tmcu.cpp:598     RX: 0x1c v=3 [] (state Ready)
13:46:41      TMCU: D shelly_tmcu.cpp:890     TX: 0x1c v=3 [011a09190d2e2b05] (Ready)
13:46:41      TMCU: D shelly_tmcu.cpp:598     RX: 0x24 v=3 [] (state Ready)
13:46:41      TMCU: D shelly_tmcu.cpp:890     TX: 0x24 v=3 [c7] (Ready)
13:46:48      TMCU: D shelly_tmcu.cpp:598     RX: 0x00 v=3 [01] (state Ready)
13:46:48      TMCU: D shelly_tmcu.cpp:79      Tmcu Event 1 (0x3fca0e40)
13:46:53      TMCU: D shelly_tmcu.cpp:993     wifi report state is SendRealState
13:46:53      TMCU: D shelly_tmcu.cpp:520     Sending WiFi status 4
13:46:53      TMCU: D shelly_tmcu.cpp:890     TX: 0x03 v=3 [04] (Ready)
13:46:53      TMCU: D shelly_tmcu.cpp:598     RX: 0x03 v=3 [] (state Ready)
13:47:03      TMCU: D shelly_tmcu.cpp:598     RX: 0x00 v=3 [01] (state Ready)
13:47:03      TMCU: D shelly_tmcu.cpp:79      Tmcu Event 1 (0x3fca0e40)
13:47:05      TMCU: D shelly_tmcu.cpp:598     RX: 0x24 v=3 [] (state Ready)
13:47:05      TMCU: D shelly_tmcu.cpp:890     TX: 0x24 v=3 [c8] (Ready)
13:47:14      TMCU: D shelly_tmcu.cpp:598     RX: 0x24 v=3 [] (state Ready)
13:47:14      TMCU: D shelly_tmcu.cpp:890     TX: 0x24 v=3 [c7] (Ready)
13:47:18      TMCU: D shelly_tmcu.cpp:598     RX: 0x00 v=3 [01] (state Ready)
13:47:18      TMCU: D shelly_tmcu.cpp:79      Tmcu Event 1 (0x3fca0e40)
13:47:23      TMCU: D shelly_tmcu.cpp:993     wifi report state is SendRealState
13:47:23      TMCU: D shelly_tmcu.cpp:520     Sending WiFi status 4
13:47:23      TMCU: D shelly_tmcu.cpp:890     TX: 0x03 v=3 [04] (Ready)
13:47:23      TMCU: D shelly_tmcu.cpp:598     RX: 0x03 v=3 [] (state Ready)
13:47:26      TMCU: D shelly_tmcu.cpp:598     RX: 0x1c v=3 [] (state Ready)
13:47:26      TMCU: D shelly_tmcu.cpp:890     TX: 0x1c v=3 [011a09190d2f1d05] (Ready)
13:47:26      TMCU: D shelly_tmcu.cpp:598     RX: 0x24 v=3 [] (state Ready)
13:47:26      TMCU: D shelly_tmcu.cpp:890     TX: 0x24 v=3 [c8] (Ready)
13:47:33      TMCU: D shelly_tmcu.cpp:598     RX: 0x00 v=3 [01] (state Ready)
13:47:33      TMCU: D shelly_tmcu.cpp:79      Tmcu Event 1 (0x3fca0e40)
13:47:44      TMCU: D shelly_tmcu.cpp:598     RX: 0x1c v=3 [] (state Ready)
13:47:44      TMCU: D shelly_tmcu.cpp:890     TX: 0x1c v=3 [011a09190d2f2f05] (Ready)
13:47:45      TMCU: D shelly_tmcu.cpp:598     RX: 0x24 v=3 [] (state Ready)
13:47:45      TMCU: D shelly_tmcu.cpp:890     TX: 0x24 v=3 [c7] (Ready)
13:47:48      TMCU: D shelly_tmcu.cpp:598     RX: 0x00 v=3 [01] (state Ready)
13:47:48      TMCU: D shelly_tmcu.cpp:79      Tmcu Event 1 (0x3fca0e40)
13:47:53      TMCU: D shelly_tmcu.cpp:993     wifi report state is SendRealState
13:47:53      TMCU: D shelly_tmcu.cpp:520     Sending WiFi status 4
13:47:53      TMCU: D shelly_tmcu.cpp:890     TX: 0x03 v=3 [04] (Ready)
13:47:53      TMCU: D shelly_tmcu.cpp:598     RX: 0x03 v=3 [] (state Ready)
13:47:59      TMCU: D shelly_tmcu.cpp:598     RX: 0x07 v=3 [1802000400000013] (state Ready)
13:47:59      TMCU: D shelly_tmcu.cpp:862     same int 24 = 19
13:48:03      TMCU: D shelly_tmcu.cpp:598     RX: 0x00 v=3 [01] (state Ready)
13:48:03      TMCU: D shelly_tmcu.cpp:79      Tmcu Event 1 (0x3fca0e40)
13:48:12      TMCU: D shelly_tmcu.cpp:598     RX: 0x1c v=3 [] (state Ready)
13:48:12      TMCU: D shelly_tmcu.cpp:890     TX: 0x1c v=3 [011a09190d300e05] (Ready)
13:48:12      TMCU: D shelly_tmcu.cpp:598     RX: 0x24 v=3 [] (state Ready)
13:48:12      TMCU: D shelly_tmcu.cpp:890     TX: 0x24 v=3 [c7] (Ready)
13:48:18      TMCU: D shelly_tmcu.cpp:598     RX: 0x00 v=3 [01] (state Ready)
13:48:18      TMCU: D shelly_tmcu.cpp:79      Tmcu Event 1 (0x3fca0e40)
13:48:23      TMCU: D shelly_tmcu.cpp:993     wifi report state is SendRealState
13:48:23      TMCU: D shelly_tmcu.cpp:520     Sending WiFi status 4
13:48:23      TMCU: D shelly_tmcu.cpp:890     TX: 0x03 v=3 [04] (Ready)
13:48:23      TMCU: D shelly_tmcu.cpp:598     RX: 0x03 v=3 [] (state Ready)
13:48:33      TMCU: D shelly_tmcu.cpp:598     RX: 0x00 v=3 [01] (state Ready)
13:48:33      TMCU: D shelly_tmcu.cpp:79      Tmcu Event 1 (0x3fca0e40)
13:48:35      TMCU: D shelly_tmcu.cpp:598     RX: 0x24 v=3 [] (state Ready)
13:48:35      TMCU: D shelly_tmcu.cpp:890     TX: 0x24 v=3 [c8] (Ready)
13:48:44      TMCU: D shelly_tmcu.cpp:598     RX: 0x24 v=3 [] (state Ready)
13:48:44      TMCU: D shelly_tmcu.cpp:890     TX: 0x24 v=3 [c6] (Ready)
13:48:48      TMCU: D shelly_tmcu.cpp:598     RX: 0x00 v=3 [01] (state Ready)
13:48:48      TMCU: D shelly_tmcu.cpp:79      Tmcu Event 1 (0x3fca0e40)
13:48:53      TMCU: D shelly_tmcu.cpp:993     wifi report state is SendRealState
13:48:53      TMCU: D shelly_tmcu.cpp:520     Sending WiFi status 4
13:48:53      TMCU: D shelly_tmcu.cpp:890     TX: 0x03 v=3 [04] (Ready)
13:48:53      TMCU: D shelly_tmcu.cpp:598     RX: 0x03 v=3 [] (state Ready)
13:48:57      TMCU: D shelly_tmcu.cpp:598     RX: 0x1c v=3 [] (state Ready)
13:48:57      TMCU: D shelly_tmcu.cpp:890     TX: 0x1c v=3 [011a09190d303b05] (Ready)
13:48:57      TMCU: D shelly_tmcu.cpp:598     RX: 0x24 v=3 [] (state Ready)
13:48:57      TMCU: D shelly_tmcu.cpp:890     TX: 0x24 v=3 [c8] (Ready)
13:49:03      TMCU: D shelly_tmcu.cpp:598     RX: 0x00 v=3 [01] (state Ready)
13:49:03      TMCU: D shelly_tmcu.cpp:79      Tmcu Event 1 (0x3fca0e40)
13:49:15      TMCU: D shelly_tmcu.cpp:598     RX: 0x1c v=3 [] (state Ready)
13:49:15      TMCU: D shelly_tmcu.cpp:890     TX: 0x1c v=3 [011a09190d311105] (Ready)
13:49:15      TMCU: D shelly_tmcu.cpp:598     RX: 0x24 v=3 [] (state Ready)
13:49:15      TMCU: D shelly_tmcu.cpp:890     TX: 0x24 v=3 [c8] (Ready)
13:49:18      TMCU: D shelly_tmcu.cpp:598     RX: 0x00 v=3 [01] (state Ready)
13:49:18      TMCU: D shelly_tmcu.cpp:79      Tmcu Event 1 (0x3fca0e40)
13:49:23      TMCU: D shelly_tmcu.cpp:993     wifi report state is SendRealState
13:49:23      TMCU: D shelly_tmcu.cpp:520     Sending WiFi status 4
13:49:23      TMCU: D shelly_tmcu.cpp:890     TX: 0x03 v=3 [04] (Ready)
13:49:23      TMCU: D shelly_tmcu.cpp:598     RX: 0x03 v=3 [] (state Ready)
13:49:33      TMCU: D shelly_tmcu.cpp:598     RX: 0x00 v=3 [01] (state Ready)
13:49:33      TMCU: D shelly_tmcu.cpp:79      Tmcu Event 1 (0x3fca0e40)
13:49:42      TMCU: D shelly_tmcu.cpp:598     RX: 0x1c v=3 [] (state Ready)
13:49:42      TMCU: D shelly_tmcu.cpp:890     TX: 0x1c v=3 [011a09190d312c05] (Ready)
13:49:42      TMCU: D shelly_tmcu.cpp:598     RX: 0x24 v=3 [] (state Ready)
13:49:42      TMCU: D shelly_tmcu.cpp:890     TX: 0x24 v=3 [c7] (Ready)
13:49:48      TMCU: D shelly_tmcu.cpp:598     RX: 0x00 v=3 [01] (state Ready)
13:49:48      TMCU: D shelly_tmcu.cpp:79      Tmcu Event 1 (0x3fca0e40)
13:49:53      TMCU: D shelly_tmcu.cpp:993     wifi report state is SendRealState
13:49:53      TMCU: D shelly_tmcu.cpp:520     Sending WiFi status 4
13:49:53      TMCU: D shelly_tmcu.cpp:890     TX: 0x03 v=3 [04] (Ready)
13:49:53      TMCU: D shelly_tmcu.cpp:598     RX: 0x03 v=3 [] (state Ready)
13:50:03      TMCU: D shelly_tmcu.cpp:598     RX: 0x00 v=3 [01] (state Ready)
13:50:03      TMCU: D shelly_tmcu.cpp:79      Tmcu Event 1 (0x3fca0e40)
13:50:05      TMCU: D shelly_tmcu.cpp:598     RX: 0x24 v=3 [] (state Ready)
13:50:05      TMCU: D shelly_tmcu.cpp:890     TX: 0x24 v=3 [c9] (Ready)
13:50:14      TMCU: D shelly_tmcu.cpp:598     RX: 0x24 v=3 [] (state Ready)
13:50:14      TMCU: D shelly_tmcu.cpp:890     TX: 0x24 v=3 [c9] (Ready)
13:50:18      TMCU: D shelly_tmcu.cpp:598     RX: 0x00 v=3 [01] (state Ready)
13:50:18      TMCU: D shelly_tmcu.cpp:79      Tmcu Event 1 (0x3fca0e40)
13:50:23      TMCU: D shelly_tmcu.cpp:993     wifi report state is SendRealState
13:50:23      TMCU: D shelly_tmcu.cpp:520     Sending WiFi status 4
13:50:23      TMCU: D shelly_tmcu.cpp:890     TX: 0x03 v=3 [04] (Ready)
13:50:23      TMCU: D shelly_tmcu.cpp:598     RX: 0x03 v=3 [] (state Ready)
13:50:27      TMCU: D shelly_tmcu.cpp:598     RX: 0x1c v=3 [] (state Ready)
13:50:27      TMCU: D shelly_tmcu.cpp:890     TX: 0x1c v=3 [011a09190d321d05] (Ready)
13:50:27      TMCU: D shelly_tmcu.cpp:598     RX: 0x24 v=3 [] (state Ready)
13:50:27      TMCU: D shelly_tmcu.cpp:890     TX: 0x24 v=3 [c8] (Ready)
13:50:33      TMCU: D shelly_tmcu.cpp:598     RX: 0x00 v=3 [01] (state Ready)
13:50:33      TMCU: D shelly_tmcu.cpp:79      Tmcu Event 1 (0x3fca0e40)
13:50:45      TMCU: D shelly_tmcu.cpp:598     RX: 0x1c v=3 [] (state Ready)
13:50:45      TMCU: D shelly_tmcu.cpp:890     TX: 0x1c v=3 [011a09190d322f05] (Ready)
13:50:45      TMCU: D shelly_tmcu.cpp:598     RX: 0x24 v=3 [] (state Ready)
13:50:45      TMCU: D shelly_tmcu.cpp:890     TX: 0x24 v=3 [c8] (Ready)
13:50:48      TMCU: D shelly_tmcu.cpp:598     RX: 0x00 v=3 [01] (state Ready)
13:50:48      TMCU: D shelly_tmcu.cpp:79      Tmcu Event 1 (0x3fca0e40)
13:50:53      TMCU: D shelly_tmcu.cpp:993     wifi report state is SendRealState
13:50:53      TMCU: D shelly_tmcu.cpp:520     Sending WiFi status 4
13:50:53      TMCU: D shelly_tmcu.cpp:890     TX: 0x03 v=3 [04] (Ready)
13:50:53      TMCU: D shelly_tmcu.cpp:598     RX: 0x03 v=3 [] (state Ready)
13:51:03      TMCU: D shelly_tmcu.cpp:598     RX: 0x00 v=3 [01] (state Ready)
13:51:03      TMCU: D shelly_tmcu.cpp:79      Tmcu Event 1 (0x3fca0e40)
13:51:12      TMCU: D shelly_tmcu.cpp:598     RX: 0x1c v=3 [] (state Ready)
13:51:12      TMCU: D shelly_tmcu.cpp:890     TX: 0x1c v=3 [011a09190d330e05] (Ready)
13:51:12      TMCU: D shelly_tmcu.cpp:598     RX: 0x24 v=3 [] (state Ready)
13:51:12      TMCU: D shelly_tmcu.cpp:890     TX: 0x24 v=3 [c8] (Ready)
13:51:18      TMCU: D shelly_tmcu.cpp:598     RX: 0x00 v=3 [01] (state Ready)
13:51:18      TMCU: D shelly_tmcu.cpp:79      Tmcu Event 1 (0x3fca0e40)
13:51:23      TMCU: D shelly_tmcu.cpp:993     wifi report state is SendRealState
13:51:23      TMCU: D shelly_tmcu.cpp:520     Sending WiFi status 4
13:51:23      TMCU: D shelly_tmcu.cpp:890     TX: 0x03 v=3 [04] (Ready)
13:51:23      TMCU: D shelly_tmcu.cpp:598     RX: 0x03 v=3 [] (state Ready)
13:51:33      TMCU: D shelly_tmcu.cpp:598     RX: 0x00 v=3 [01] (state Ready)
13:51:33      TMCU: D shelly_tmcu.cpp:79      Tmcu Event 1 (0x3fca0e40)
13:51:35      TMCU: D shelly_tmcu.cpp:598     RX: 0x24 v=3 [] (state Ready)
13:51:35      TMCU: D shelly_tmcu.cpp:890     TX: 0x24 v=3 [c8] (Ready)
13:51:45      TMCU: D shelly_tmcu.cpp:598     RX: 0x24 v=3 [] (state Ready)
13:51:45      TMCU: D shelly_tmcu.cpp:890     TX: 0x24 v=3 [c7] (Ready)
13:51:48      TMCU: D shelly_tmcu.cpp:598     RX: 0x00 v=3 [01] (state Ready)
13:51:48      TMCU: D shelly_tmcu.cpp:79      Tmcu Event 1 (0x3fca0e40)
13:51:53      TMCU: D shelly_tmcu.cpp:993     wifi report state is SendRealState
13:51:53      TMCU: D shelly_tmcu.cpp:520     Sending WiFi status 4
13:51:53      TMCU: D shelly_tmcu.cpp:890     TX: 0x03 v=3 [04] (Ready)
13:51:53      TMCU: D shelly_tmcu.cpp:598     RX: 0x03 v=3 [] (state Ready)
13:51:57      TMCU: D shelly_tmcu.cpp:598     RX: 0x1c v=3 [] (state Ready)
13:51:57      TMCU: D shelly_tmcu.cpp:890     TX: 0x1c v=3 [011a09190d333b05] (Ready)
13:51:57      TMCU: D shelly_tmcu.cpp:598     RX: 0x24 v=3 [] (state Ready)
13:51:57      TMCU: D shelly_tmcu.cpp:890     TX: 0x24 v=3 [c6] (Ready)
13:52:03      TMCU: D shelly_tmcu.cpp:598     RX: 0x00 v=3 [01] (state Ready)
13:52:03      TMCU: D shelly_tmcu.cpp:79      Tmcu Event 1 (0x3fca0e40)
13:52:15      TMCU: D shelly_tmcu.cpp:598     RX: 0x1c v=3 [] (state Ready)
13:52:15      TMCU: D shelly_tmcu.cpp:890     TX: 0x1c v=3 [011a09190d341105] (Ready)
13:52:15      TMCU: D shelly_tmcu.cpp:598     RX: 0x24 v=3 [] (state Ready)
13:52:15      TMCU: D shelly_tmcu.cpp:890     TX: 0x24 v=3 [c6] (Ready)
13:52:18      TMCU: D shelly_tmcu.cpp:598     RX: 0x00 v=3 [01] (state Ready)
13:52:18      TMCU: D shelly_tmcu.cpp:79      Tmcu Event 1 (0x3fca0e40)
13:52:23      TMCU: D shelly_tmcu.cpp:993     wifi report state is SendRealState
13:52:23      TMCU: D shelly_tmcu.cpp:520     Sending WiFi status 4
13:52:23      TMCU: D shelly_tmcu.cpp:890     TX: 0x03 v=3 [04] (Ready)
13:52:23      TMCU: D shelly_tmcu.cpp:598     RX: 0x03 v=3 [] (state Ready)
13:52:33      TMCU: D shelly_tmcu.cpp:598     RX: 0x00 v=3 [01] (state Ready)
13:52:33      TMCU: D shelly_tmcu.cpp:79      Tmcu Event 1 (0x3fca0e40)
13:52:42      TMCU: D shelly_tmcu.cpp:598     RX: 0x1c v=3 [] (state Ready)
13:52:42      TMCU: D shelly_tmcu.cpp:890     TX: 0x1c v=3 [011a09190d342c05] (Ready)
13:52:42      TMCU: D shelly_tmcu.cpp:598     RX: 0x24 v=3 [] (state Ready)
13:52:42      TMCU: D shelly_tmcu.cpp:890     TX: 0x24 v=3 [c9] (Ready)
13:52:48      TMCU: D shelly_tmcu.cpp:598     RX: 0x00 v=3 [01] (state Ready)
13:52:48      TMCU: D shelly_tmcu.cpp:79      Tmcu Event 1 (0x3fca0e40)
13:52:53      TMCU: D shelly_tmcu.cpp:993     wifi report state is SendRealState
13:52:53      TMCU: D shelly_tmcu.cpp:520     Sending WiFi status 4
13:52:53      TMCU: D shelly_tmcu.cpp:890     TX: 0x03 v=3 [04] (Ready)
13:52:53      TMCU: D shelly_tmcu.cpp:598     RX: 0x03 v=3 [] (state Ready)
13:53:03      TMCU: D shelly_tmcu.cpp:598     RX: 0x00 v=3 [01] (state Ready)
13:53:03      TMCU: D shelly_tmcu.cpp:79      Tmcu Event 1 (0x3fca0e40)
13:53:06      TMCU: D shelly_tmcu.cpp:598     RX: 0x24 v=3 [] (state Ready)
13:53:06      TMCU: D shelly_tmcu.cpp:890     TX: 0x24 v=3 [c7] (Ready)
13:53:15      TMCU: D shelly_tmcu.cpp:598     RX: 0x24 v=3 [] (state Ready)
13:53:15      TMCU: D shelly_tmcu.cpp:890     TX: 0x24 v=3 [c8] (Ready)
13:53:18      TMCU: D shelly_tmcu.cpp:598     RX: 0x00 v=3 [01] (state Ready)
13:53:18      TMCU: D shelly_tmcu.cpp:79      Tmcu Event 1 (0x3fca0e40)
13:53:23      TMCU: D shelly_tmcu.cpp:993     wifi report state is SendRealState
13:53:23      TMCU: D shelly_tmcu.cpp:520     Sending WiFi status 4
13:53:23      TMCU: D shelly_tmcu.cpp:890     TX: 0x03 v=3 [04] (Ready)
13:53:23      TMCU: D shelly_tmcu.cpp:598     RX: 0x03 v=3 [] (state Ready)
13:53:27      TMCU: D shelly_tmcu.cpp:598     RX: 0x1c v=3 [] (state Ready)
13:53:27      TMCU: D shelly_tmcu.cpp:890     TX: 0x1c v=3 [011a09190d351e05] (Ready)
13:53:27      TMCU: D shelly_tmcu.cpp:598     RX: 0x24 v=3 [] (state Ready)
13:53:27      TMCU: D shelly_tmcu.cpp:890     TX: 0x24 v=3 [c7] (Ready)
13:53:33      TMCU: D shelly_tmcu.cpp:598     RX: 0x00 v=3 [01] (state Ready)
13:53:33      TMCU: D shelly_tmcu.cpp:79      Tmcu Event 1 (0x3fca0e40)
13:53:45      TMCU: D shelly_tmcu.cpp:598     RX: 0x1c v=3 [] (state Ready)
13:53:45      TMCU: D shelly_tmcu.cpp:890     TX: 0x1c v=3 [011a09190d353005] (Ready)
13:53:46      TMCU: D shelly_tmcu.cpp:598     RX: 0x24 v=3 [] (state Ready)
13:53:46      TMCU: D shelly_tmcu.cpp:890     TX: 0x24 v=3 [c7] (Ready)
13:53:48      TMCU: D shelly_tmcu.cpp:598     RX: 0x00 v=3 [01] (state Ready)
13:53:48      TMCU: D shelly_tmcu.cpp:79      Tmcu Event 1 (0x3fca0e40)
13:53:53      TMCU: D shelly_tmcu.cpp:993     wifi report state is SendRealState
13:53:53      TMCU: D shelly_tmcu.cpp:520     Sending WiFi status 4
13:53:53      TMCU: D shelly_tmcu.cpp:890     TX: 0x03 v=3 [04] (Ready)
13:53:53      TMCU: D shelly_tmcu.cpp:598     RX: 0x03 v=3 [] (state Ready)
13:54:03      TMCU: D shelly_tmcu.cpp:598     RX: 0x00 v=3 [01] (state Ready)
13:54:03      TMCU: D shelly_tmcu.cpp:79      Tmcu Event 1 (0x3fca0e40)
13:54:12      TMCU: D shelly_tmcu.cpp:598     RX: 0x1c v=3 [] (state Ready)
13:54:12      TMCU: D shelly_tmcu.cpp:890     TX: 0x1c v=3 [011a09190d360f05] (Ready)
13:54:13      TMCU: D shelly_tmcu.cpp:598     RX: 0x24 v=3 [] (state Ready)
13:54:13      TMCU: D shelly_tmcu.cpp:890     TX: 0x24 v=3 [c8] (Ready)
13:54:18      TMCU: D shelly_tmcu.cpp:598     RX: 0x00 v=3 [01] (state Ready)
13:54:18      TMCU: D shelly_tmcu.cpp:79      Tmcu Event 1 (0x3fca0e40)
13:54:20      TMCU: D shelly_tmcu.cpp:598     RX: 0x07 v=3 [1802000400000013] (state Ready)
13:54:20      TMCU: D shelly_tmcu.cpp:862     same int 24 = 19
13:54:23      TMCU: D shelly_tmcu.cpp:993     wifi report state is SendRealState
13:54:23      TMCU: D shelly_tmcu.cpp:520     Sending WiFi status 4
13:54:23      TMCU: D shelly_tmcu.cpp:890     TX: 0x03 v=3 [04] (Ready)
13:54:23      TMCU: D shelly_tmcu.cpp:598     RX: 0x03 v=3 [] (state Ready)
13:54:33      TMCU: D shelly_tmcu.cpp:598     RX: 0x00 v=3 [01] (state Ready)
13:54:33      TMCU: D shelly_tmcu.cpp:79      Tmcu Event 1 (0x3fca0e40)
13:54:36      TMCU: D shelly_tmcu.cpp:598     RX: 0x24 v=3 [] (state Ready)
13:54:36      TMCU: D shelly_tmcu.cpp:890     TX: 0x24 v=3 [c8] (Ready)
13:54:45      TMCU: D shelly_tmcu.cpp:598     RX: 0x24 v=3 [] (state Ready)
13:54:45      TMCU: D shelly_tmcu.cpp:890     TX: 0x24 v=3 [c8] (Ready)
13:54:48      TMCU: D shelly_tmcu.cpp:598     RX: 0x00 v=3 [01] (state Ready)
13:54:48      TMCU: D shelly_tmcu.cpp:79      Tmcu Event 1 (0x3fca0e40)
13:54:53      TMCU: D shelly_tmcu.cpp:993     wifi report state is SendRealState
13:54:53      TMCU: D shelly_tmcu.cpp:520     Sending WiFi status 4
13:54:53      TMCU: D shelly_tmcu.cpp:890     TX: 0x03 v=3 [04] (Ready)
13:54:53      TMCU: D shelly_tmcu.cpp:598     RX: 0x03 v=3 [] (state Ready)
13:54:58      TMCU: D shelly_tmcu.cpp:598     RX: 0x1c v=3 [] (state Ready)
13:54:58      TMCU: D shelly_tmcu.cpp:890     TX: 0x1c v=3 [011a09190d370005] (Ready)
13:54:58      TMCU: D shelly_tmcu.cpp:598     RX: 0x24 v=3 [] (state Ready)
13:54:58      TMCU: D shelly_tmcu.cpp:890     TX: 0x24 v=3 [c8] (Ready)
13:55:03      TMCU: D shelly_tmcu.cpp:598     RX: 0x00 v=3 [01] (state Ready)
13:55:03      TMCU: D shelly_tmcu.cpp:79      Tmcu Event 1 (0x3fca0e40)
