13:55:37  Monitor DevKitu przez Wi-Fi, 192.168.0.238. Ustawienia na starcie:
13:55:37      Ładowanie włączone (DP 18): tak
13:55:37      Limit prądu (DP 4): 12 A
13:55:37      Stan ładowarki (DP 3): Wolna
13:55:37      odczyty: energia sesji 0 kWh | czas sesji 0 min | moc 0 W, prąd 0 A, napięcia 0/0/0 V, licznik 0 kWh
13:55:37  Log przez Wi-Fi: połączono z 192.168.0.238
13:55:55  Monitor DevKitu przez Wi-Fi, 192.168.0.238. Ustawienia na starcie:
13:55:55      Ładowanie włączone (DP 18): tak
13:55:55      Limit prądu (DP 4): 12 A
13:55:55      Stan ładowarki (DP 3): Wolna
13:55:55      odczyty: energia sesji 0 kWh | czas sesji 0 min | moc 0 W, prąd 0 A, napięcia 0/0/0 V, licznik 0 kWh
13:55:55  Log przez Wi-Fi: połączono z 192.168.0.238
14:00:41      TMCU: D shelly_tmcu.cpp:598     RX: 0x07 v=3 [1802000400000013] (state Ready)
14:00:41      TMCU: D shelly_tmcu.cpp:598     RX: 0x07 v=3 [1802000400000013] (state Ready)
14:04:36      TMCU: D shelly_tmcu.cpp:890     TX: 0x34 v=3 [02ff1a09190e042605] (Ready)
14:04:36      TMCU: D shelly_tmcu.cpp:890     TX: 0x34 v=3 [02ff1a09190e042605] (Ready)
14:07:02      TMCU: D shelly_tmcu.cpp:598     RX: 0x07 v=3 [1802000400000013] (state Ready)
14:07:02      TMCU: D shelly_tmcu.cpp:598     RX: 0x07 v=3 [1802000400000013] (state Ready)
14:10:23  Q11: mikrokontroler nie odpowiada (Heartbeat timed out); kolejne takie same pomijam
14:10:23      TMCU: D shelly_tmcu.cpp:79      Tmcu Event 1 (0x3fca0ef8)
14:10:23  Q11: mikrokontroler nie odpowiada (Heartbeat timed out); kolejne takie same pomijam
14:10:23      TMCU: D shelly_tmcu.cpp:79      Tmcu Event 1 (0x3fca0ef8)
14:10:24  Q11: mikrokontroler się odezwał
14:10:24      TMCU: D shelly_tmcu.cpp:598     RX: 0x00 v=3 [01] (state Ready)
14:10:24  Q11: mikrokontroler się odezwał
14:10:24      TMCU: D shelly_tmcu.cpp:598     RX: 0x00 v=3 [01] (state Ready)
14:13:23      TMCU: D shelly_tmcu.cpp:598     RX: 0x07 v=3 [1802000400000013] (state Ready)
14:13:23      TMCU: D shelly_tmcu.cpp:598     RX: 0x07 v=3 [1802000400000013] (state Ready)
14:19:43      TMCU: D shelly_tmcu.cpp:598     RX: 0x07 v=3 [1802000400000013] (state Ready)
14:19:43      TMCU: D shelly_tmcu.cpp:598     RX: 0x07 v=3 [1802000400000013] (state Ready)
14:26:04      TMCU: D shelly_tmcu.cpp:598     RX: 0x07 v=3 [1802000400000013] (state Ready)
14:32:25      TMCU: D shelly_tmcu.cpp:598     RX: 0x07 v=3 [1802000400000013] (state Ready)
14:32:25      TMCU: D shelly_tmcu.cpp:598     RX: 0x07 v=3 [1802000400000013] (state Ready)
14:35:37      TMCU: D shelly_tmcu.cpp:890     TX: 0x34 v=3 [02ff1a09190e232705] (Ready)
14:35:37      TMCU: D shelly_tmcu.cpp:890     TX: 0x34 v=3 [02ff1a09190e232705] (Ready)
14:38:46      TMCU: D shelly_tmcu.cpp:598     RX: 0x07 v=3 [1802000400000013] (state Ready)
14:38:46      TMCU: D shelly_tmcu.cpp:598     RX: 0x07 v=3 [1802000400000013] (state Ready)
14:45:07      TMCU: D shelly_tmcu.cpp:598     RX: 0x07 v=3 [1802000400000013] (state Ready)
14:45:07      TMCU: D shelly_tmcu.cpp:598     RX: 0x07 v=3 [1802000400000013] (state Ready)
14:50:29  Q11: mikrokontroler nie odpowiada (Heartbeat timed out); kolejne takie same pomijam
14:50:29      TMCU: D shelly_tmcu.cpp:79      Tmcu Event 1 (0x3fca0ef8)
14:50:29      TMCU: D shelly_tmcu.cpp:79      Tmcu Event 1 (0x3fca0ef8)
14:50:31  Q11: mikrokontroler się odezwał
14:50:31      TMCU: D shelly_tmcu.cpp:598     RX: 0x00 v=3 [01] (state Ready)
14:50:31  Q11: mikrokontroler się odezwał
14:50:31      TMCU: D shelly_tmcu.cpp:598     RX: 0x00 v=3 [01] (state Ready)
14:51:28      TMCU: D shelly_tmcu.cpp:598     RX: 0x07 v=3 [1802000400000013] (state Ready)
14:51:28      TMCU: D shelly_tmcu.cpp:598     RX: 0x07 v=3 [1802000400000013] (state Ready)
14:57:48      TMCU: D shelly_tmcu.cpp:598     RX: 0x07 v=3 [1802000400000013] (state Ready)
14:57:48      TMCU: D shelly_tmcu.cpp:598     RX: 0x07 v=3 [1802000400000013] (state Ready)
15:04:09      TMCU: D shelly_tmcu.cpp:598     RX: 0x07 v=3 [1802000400000013] (state Ready)
15:04:09      TMCU: D shelly_tmcu.cpp:598     RX: 0x07 v=3 [1802000400000013] (state Ready)
15:05:16      TMCU: D shelly_tmcu.cpp:890     TX: 0x34 v=3 [02ff1a09190f051305] (Ready)
15:10:30      TMCU: D shelly_tmcu.cpp:598     RX: 0x07 v=3 [1802000400000013] (state Ready)
15:10:30      TMCU: D shelly_tmcu.cpp:598     RX: 0x07 v=3 [1802000400000013] (state Ready)
15:16:51      TMCU: D shelly_tmcu.cpp:598     RX: 0x07 v=3 [1802000400000013] (state Ready)
15:16:51      TMCU: D shelly_tmcu.cpp:598     RX: 0x07 v=3 [1802000400000013] (state Ready)
15:23:12      TMCU: D shelly_tmcu.cpp:598     RX: 0x07 v=3 [1802000400000013] (state Ready)
15:23:12      TMCU: D shelly_tmcu.cpp:598     RX: 0x07 v=3 [1802000400000013] (state Ready)
15:29:32      TMCU: D shelly_tmcu.cpp:598     RX: 0x07 v=3 [1802000400000013] (state Ready)
15:32:36      TMCU: D shelly_tmcu.cpp:890     TX: 0x34 v=3 [02ff1a09190f202705] (Ready)
15:35:53      TMCU: D shelly_tmcu.cpp:598     RX: 0x07 v=3 [1802000400000013] (state Ready)
15:39:20  Q11: mikrokontroler nie odpowiada (Heartbeat timed out); kolejne takie same pomijam
15:39:20      TMCU: D shelly_tmcu.cpp:79      Tmcu Event 1 (0x3fca0ef8)
15:39:21  Q11: mikrokontroler się odezwał
15:39:21      TMCU: D shelly_tmcu.cpp:598     RX: 0x00 v=3 [01] (state Ready)
15:42:14      TMCU: D shelly_tmcu.cpp:598     RX: 0x07 v=3 [1802000400000013] (state Ready)
15:48:35      TMCU: D shelly_tmcu.cpp:598     RX: 0x07 v=3 [1802000400000013] (state Ready)
15:54:56      TMCU: D shelly_tmcu.cpp:598     RX: 0x07 v=3 [1802000400000013] (state Ready)
16:01:17      TMCU: D shelly_tmcu.cpp:598     RX: 0x07 v=3 [1802000400000013] (state Ready)
16:01:41  Q11: mikrokontroler nie odpowiada (Heartbeat timed out); kolejne takie same pomijam
16:01:41      TMCU: D shelly_tmcu.cpp:79      Tmcu Event 1 (0x3fca0ef8)
16:01:43  Q11: mikrokontroler się odezwał
16:01:43      TMCU: D shelly_tmcu.cpp:598     RX: 0x00 v=3 [01] (state Ready)
16:04:16      TMCU: D shelly_tmcu.cpp:890     TX: 0x34 v=3 [02ff1a091910041305] (Ready)
16:07:38      TMCU: D shelly_tmcu.cpp:598     RX: 0x07 v=3 [1802000400000013] (state Ready)
16:13:58      TMCU: D shelly_tmcu.cpp:598     RX: 0x07 v=3 [1802000400000013] (state Ready)
16:20:19      TMCU: D shelly_tmcu.cpp:598     RX: 0x07 v=3 [1802000400000013] (state Ready)
16:26:40      TMCU: D shelly_tmcu.cpp:598     RX: 0x07 v=3 [1802000400000013] (state Ready)
16:33:01      TMCU: D shelly_tmcu.cpp:598     RX: 0x07 v=3 [1802000400000013] (state Ready)
16:34:50      TMCU: D shelly_tmcu.cpp:890     TX: 0x34 v=3 [02ff1a091910223505] (Ready)
16:37:48  Q11: mikrokontroler nie odpowiada (Heartbeat timed out); kolejne takie same pomijam
16:37:48      TMCU: D shelly_tmcu.cpp:79      Tmcu Event 1 (0x3fca0ef8)
16:37:49  Q11: mikrokontroler się odezwał
16:37:49      TMCU: D shelly_tmcu.cpp:598     RX: 0x00 v=3 [01] (state Ready)
16:39:22      TMCU: D shelly_tmcu.cpp:598     RX: 0x07 v=3 [1802000400000013] (state Ready)
16:45:43      TMCU: D shelly_tmcu.cpp:598     RX: 0x07 v=3 [1802000400000013] (state Ready)
16:52:03      TMCU: D shelly_tmcu.cpp:598     RX: 0x07 v=3 [1802000400000013] (state Ready)
16:52:24  Q11: mikrokontroler nie odpowiada (Heartbeat timed out); kolejne takie same pomijam
16:52:24      TMCU: D shelly_tmcu.cpp:79      Tmcu Event 1 (0x3fca0ef8)
16:52:25  Q11: mikrokontroler się odezwał
16:52:25      TMCU: D shelly_tmcu.cpp:598     RX: 0x00 v=3 [01] (state Ready)
16:58:24      TMCU: D shelly_tmcu.cpp:598     RX: 0x07 v=3 [1802000400000013] (state Ready)
17:02:27      TMCU: D shelly_tmcu.cpp:890     TX: 0x34 v=3 [02ff1a091911021e05] (Ready)
17:04:45      TMCU: D shelly_tmcu.cpp:598     RX: 0x07 v=3 [1802000400000013] (state Ready)
17:11:06      TMCU: D shelly_tmcu.cpp:598     RX: 0x07 v=3 [1802000400000013] (state Ready)
17:17:27      TMCU: D shelly_tmcu.cpp:598     RX: 0x07 v=3 [1802000400000013] (state Ready)
17:23:48      TMCU: D shelly_tmcu.cpp:598     RX: 0x07 v=3 [1802000400000013] (state Ready)
17:30:09      TMCU: D shelly_tmcu.cpp:598     RX: 0x07 v=3 [1802000400000013] (state Ready)
17:31:15      TMCU: D shelly_tmcu.cpp:890     TX: 0x34 v=3 [02ff1a0919111f1205] (Ready)
17:36:29      TMCU: D shelly_tmcu.cpp:598     RX: 0x07 v=3 [1802000400000013] (state Ready)
17:42:50      TMCU: D shelly_tmcu.cpp:598     RX: 0x07 v=3 [1802000400000013] (state Ready)
17:49:11      TMCU: D shelly_tmcu.cpp:598     RX: 0x07 v=3 [1802000400000013] (state Ready)
18:10:39  Log przez Wi-Fi: brak połączenia ([WinError 10054] Istniejące połączenie zostało gwałtownie zamknięte przez zdalnego hosta); ponawiam za 5 s
19:40:45  Log przez Wi-Fi: brak połączenia ([WinError 10051] Próba przeprowadzenia operacji, wykonywanej przez gniazdo, na nieosiągalnej sieci); ponawiam za 5 s
19:44:58  Log przez Wi-Fi: brak połączenia ([WinError 10051] Próba przeprowadzenia operacji, wykonywanej przez gniazdo, na nieosiągalnej sieci); ponawiam za 5 s
19:45:03  Log przez Wi-Fi: brak połączenia ([WinError 10065] Próba przeprowadzenia operacji, wykonywanej przez gniazdo, na nieosiągalnym hoście); ponawiam za 5 s
19:45:08  Log przez Wi-Fi: brak połączenia ([WinError 10065] Próba przeprowadzenia operacji, wykonywanej przez gniazdo, na nieosiągalnym hoście); ponawiam za 5 s
19:45:14  Log przez Wi-Fi: brak połączenia ([WinError 10065] Próba przeprowadzenia operacji, wykonywanej przez gniazdo, na nieosiągalnym hoście); ponawiam za 5 s
19:45:19  Log przez Wi-Fi: brak połączenia ([WinError 10065] Próba przeprowadzenia operacji, wykonywanej przez gniazdo, na nieosiągalnym hoście); ponawiam za 5 s
19:45:24  Log przez Wi-Fi: brak połączenia ([WinError 10065] Próba przeprowadzenia operacji, wykonywanej przez gniazdo, na nieosiągalnym hoście); ponawiam za 5 s
19:45:29  Log przez Wi-Fi: brak połączenia ([WinError 10065] Próba przeprowadzenia operacji, wykonywanej przez gniazdo, na nieosiągalnym hoście); ponawiam za 5 s
19:45:34  Log przez Wi-Fi: brak połączenia ([WinError 10065] Próba przeprowadzenia operacji, wykonywanej przez gniazdo, na nieosiągalnym hoście); ponawiam za 5 s
19:45:39  Log przez Wi-Fi: brak połączenia ([WinError 10065] Próba przeprowadzenia operacji, wykonywanej przez gniazdo, na nieosiągalnym hoście); ponawiam za 5 s
19:45:44  Log przez Wi-Fi: brak połączenia ([WinError 10065] Próba przeprowadzenia operacji, wykonywanej przez gniazdo, na nieosiągalnym hoście); ponawiam za 5 s
19:45:49  Log przez Wi-Fi: brak połączenia ([WinError 10065] Próba przeprowadzenia operacji, wykonywanej przez gniazdo, na nieosiągalnym hoście); ponawiam za 5 s
19:45:54  Log przez Wi-Fi: brak połączenia ([WinError 10065] Próba przeprowadzenia operacji, wykonywanej przez gniazdo, na nieosiągalnym hoście); ponawiam za 5 s
19:45:59  Log przez Wi-Fi: brak połączenia ([WinError 10065] Próba przeprowadzenia operacji, wykonywanej przez gniazdo, na nieosiągalnym hoście); ponawiam za 5 s
19:46:04  Log przez Wi-Fi: brak połączenia ([WinError 10065] Próba przeprowadzenia operacji, wykonywanej przez gniazdo, na nieosiągalnym hoście); ponawiam za 5 s
19:46:09  Log przez Wi-Fi: brak połączenia ([WinError 10065] Próba przeprowadzenia operacji, wykonywanej przez gniazdo, na nieosiągalnym hoście); ponawiam za 5 s
19:46:14  Log przez Wi-Fi: brak połączenia ([WinError 10065] Próba przeprowadzenia operacji, wykonywanej przez gniazdo, na nieosiągalnym hoście); ponawiam za 5 s
19:46:19  Log przez Wi-Fi: brak połączenia ([WinError 10065] Próba przeprowadzenia operacji, wykonywanej przez gniazdo, na nieosiągalnym hoście); ponawiam za 5 s
19:46:24  Log przez Wi-Fi: brak połączenia ([WinError 10065] Próba przeprowadzenia operacji, wykonywanej przez gniazdo, na nieosiągalnym hoście); ponawiam za 5 s
19:46:29  Log przez Wi-Fi: brak połączenia ([WinError 10065] Próba przeprowadzenia operacji, wykonywanej przez gniazdo, na nieosiągalnym hoście); ponawiam za 5 s
19:46:34  Log przez Wi-Fi: brak połączenia ([WinError 10065] Próba przeprowadzenia operacji, wykonywanej przez gniazdo, na nieosiągalnym hoście); ponawiam za 5 s
19:46:39  Log przez Wi-Fi: brak połączenia ([WinError 10065] Próba przeprowadzenia operacji, wykonywanej przez gniazdo, na nieosiągalnym hoście); ponawiam za 5 s
19:46:44  Log przez Wi-Fi: brak połączenia ([WinError 10065] Próba przeprowadzenia operacji, wykonywanej przez gniazdo, na nieosiągalnym hoście); ponawiam za 5 s
19:46:49  Log przez Wi-Fi: brak połączenia ([WinError 10065] Próba przeprowadzenia operacji, wykonywanej przez gniazdo, na nieosiągalnym hoście); ponawiam za 5 s
19:46:54  Log przez Wi-Fi: brak połączenia ([WinError 10065] Próba przeprowadzenia operacji, wykonywanej przez gniazdo, na nieosiągalnym hoście); ponawiam za 5 s
19:46:59  Log przez Wi-Fi: brak połączenia ([WinError 10065] Próba przeprowadzenia operacji, wykonywanej przez gniazdo, na nieosiągalnym hoście); ponawiam za 5 s
19:47:04  Log przez Wi-Fi: brak połączenia ([WinError 10065] Próba przeprowadzenia operacji, wykonywanej przez gniazdo, na nieosiągalnym hoście); ponawiam za 5 s
19:47:09  Log przez Wi-Fi: brak połączenia ([WinError 10065] Próba przeprowadzenia operacji, wykonywanej przez gniazdo, na nieosiągalnym hoście); ponawiam za 5 s
19:47:14  Log przez Wi-Fi: brak połączenia ([WinError 10065] Próba przeprowadzenia operacji, wykonywanej przez gniazdo, na nieosiągalnym hoście); ponawiam za 5 s
19:47:19  Log przez Wi-Fi: brak połączenia ([WinError 10065] Próba przeprowadzenia operacji, wykonywanej przez gniazdo, na nieosiągalnym hoście); ponawiam za 5 s
19:47:24  Log przez Wi-Fi: brak połączenia ([WinError 10065] Próba przeprowadzenia operacji, wykonywanej przez gniazdo, na nieosiągalnym hoście); ponawiam za 5 s
19:47:29  Log przez Wi-Fi: brak połączenia ([WinError 10065] Próba przeprowadzenia operacji, wykonywanej przez gniazdo, na nieosiągalnym hoście); ponawiam za 5 s
19:47:34  Log przez Wi-Fi: brak połączenia ([WinError 10065] Próba przeprowadzenia operacji, wykonywanej przez gniazdo, na nieosiągalnym hoście); ponawiam za 5 s
19:47:39  Log przez Wi-Fi: brak połączenia ([WinError 10065] Próba przeprowadzenia operacji, wykonywanej przez gniazdo, na nieosiągalnym hoście); ponawiam za 5 s
19:47:44  Log przez Wi-Fi: brak połączenia ([WinError 10065] Próba przeprowadzenia operacji, wykonywanej przez gniazdo, na nieosiągalnym hoście); ponawiam za 5 s
19:47:49  Log przez Wi-Fi: brak połączenia ([WinError 10065] Próba przeprowadzenia operacji, wykonywanej przez gniazdo, na nieosiągalnym hoście); ponawiam za 5 s
19:47:54  Log przez Wi-Fi: brak połączenia ([WinError 10065] Próba przeprowadzenia operacji, wykonywanej przez gniazdo, na nieosiągalnym hoście); ponawiam za 5 s
19:47:59  Log przez Wi-Fi: brak połączenia ([WinError 10065] Próba przeprowadzenia operacji, wykonywanej przez gniazdo, na nieosiągalnym hoście); ponawiam za 5 s
19:48:04  Log przez Wi-Fi: brak połączenia ([WinError 10065] Próba przeprowadzenia operacji, wykonywanej przez gniazdo, na nieosiągalnym hoście); ponawiam za 5 s
19:48:09  Log przez Wi-Fi: brak połączenia ([WinError 10065] Próba przeprowadzenia operacji, wykonywanej przez gniazdo, na nieosiągalnym hoście); ponawiam za 5 s
19:48:14  Log przez Wi-Fi: brak połączenia ([WinError 10065] Próba przeprowadzenia operacji, wykonywanej przez gniazdo, na nieosiągalnym hoście); ponawiam za 5 s
19:48:19  Log przez Wi-Fi: połączono z 192.168.0.238
19:53:47      TMCU: D shelly_tmcu.cpp:598     RX: 0x07 v=3 [1802000400000013] (state Ready)
20:00:08      TMCU: D shelly_tmcu.cpp:598     RX: 0x07 v=3 [1802000400000013] (state Ready)
20:06:29      TMCU: D shelly_tmcu.cpp:598     RX: 0x07 v=3 [1802000400000013] (state Ready)
20:12:49      TMCU: D shelly_tmcu.cpp:598     RX: 0x07 v=3 [1802000400000013] (state Ready)
20:16:52      TMCU: D shelly_tmcu.cpp:890     TX: 0x34 v=3 [02ff1a091914103705] (Ready)
20:19:10      TMCU: D shelly_tmcu.cpp:598     RX: 0x07 v=3 [1802000400000013] (state Ready)
20:23:03  Q11: mikrokontroler nie odpowiada (Heartbeat timed out); kolejne takie same pomijam
20:23:03      TMCU: D shelly_tmcu.cpp:79      Tmcu Event 1 (0x3fca0ef8)
20:23:04  Q11: mikrokontroler się odezwał
20:23:04      TMCU: D shelly_tmcu.cpp:598     RX: 0x00 v=3 [01] (state Ready)
20:25:31      TMCU: D shelly_tmcu.cpp:598     RX: 0x07 v=3 [1802000400000013] (state Ready)
20:31:52      TMCU: D shelly_tmcu.cpp:598     RX: 0x07 v=3 [1802000400000013] (state Ready)
20:38:13      TMCU: D shelly_tmcu.cpp:598     RX: 0x07 v=3 [1802000400000013] (state Ready)
20:44:34      TMCU: D shelly_tmcu.cpp:598     RX: 0x07 v=3 [1802000400000013] (state Ready)
20:47:21      TMCU: D shelly_tmcu.cpp:890     TX: 0x34 v=3 [02ff1a0919142f1805] (Ready)
21:59:50  Log przez Wi-Fi: brak połączenia ([WinError 10054] Istniejące połączenie zostało gwałtownie zamknięte przez zdalnego hosta); ponawiam za 5 s
04:41:00  Log przez Wi-Fi: brak połączenia ([WinError 10051] Próba przeprowadzenia operacji, wykonywanej przez gniazdo, na nieosiągalnej sieci); ponawiam za 5 s
04:41:15  Log przez Wi-Fi: brak połączenia (timed out); ponawiam za 5 s
10:07:35  Log przez Wi-Fi: brak połączenia (timed out); ponawiam za 5 s
10:07:50  Log przez Wi-Fi: brak połączenia (timed out); ponawiam za 5 s
10:08:05  Log przez Wi-Fi: brak połączenia (timed out); ponawiam za 5 s
10:08:20  Log przez Wi-Fi: brak połączenia (timed out); ponawiam za 5 s
10:08:35  Log przez Wi-Fi: brak połączenia (timed out); ponawiam za 5 s
10:08:50  Log przez Wi-Fi: brak połączenia (timed out); ponawiam za 5 s
10:09:05  Log przez Wi-Fi: brak połączenia (timed out); ponawiam za 5 s
10:09:20  Log przez Wi-Fi: brak połączenia (timed out); ponawiam za 5 s
10:09:35  Log przez Wi-Fi: brak połączenia (timed out); ponawiam za 5 s
10:09:50  Log przez Wi-Fi: brak połączenia (timed out); ponawiam za 5 s
10:10:05  Log przez Wi-Fi: brak połączenia (timed out); ponawiam za 5 s
10:10:20  Log przez Wi-Fi: brak połączenia (timed out); ponawiam za 5 s
10:10:35  Log przez Wi-Fi: brak połączenia (timed out); ponawiam za 5 s
10:10:50  Log przez Wi-Fi: brak połączenia (timed out); ponawiam za 5 s
10:11:05  Log przez Wi-Fi: brak połączenia (timed out); ponawiam za 5 s
10:11:20  Log przez Wi-Fi: brak połączenia (timed out); ponawiam za 5 s
10:11:35  Log przez Wi-Fi: brak połączenia (timed out); ponawiam za 5 s
10:11:50  Log przez Wi-Fi: brak połączenia (timed out); ponawiam za 5 s
10:12:05  Log przez Wi-Fi: brak połączenia (timed out); ponawiam za 5 s
10:12:20  Log przez Wi-Fi: brak połączenia (timed out); ponawiam za 5 s
10:12:35  Log przez Wi-Fi: brak połączenia (timed out); ponawiam za 5 s
10:12:50  Log przez Wi-Fi: brak połączenia (timed out); ponawiam za 5 s
10:13:05  Log przez Wi-Fi: brak połączenia (timed out); ponawiam za 5 s
10:13:20  Log przez Wi-Fi: brak połączenia (timed out); ponawiam za 5 s
10:13:35  Log przez Wi-Fi: brak połączenia (timed out); ponawiam za 5 s
10:13:50  Log przez Wi-Fi: brak połączenia (timed out); ponawiam za 5 s
10:14:05  Log przez Wi-Fi: brak połączenia (timed out); ponawiam za 5 s
10:14:20  Log przez Wi-Fi: brak połączenia (timed out); ponawiam za 5 s
10:14:35  Log przez Wi-Fi: brak połączenia (timed out); ponawiam za 5 s
10:14:50  Log przez Wi-Fi: brak połączenia (timed out); ponawiam za 5 s
10:15:05  Log przez Wi-Fi: brak połączenia (timed out); ponawiam za 5 s
10:15:20  Log przez Wi-Fi: brak połączenia (timed out); ponawiam za 5 s
10:15:35  Log przez Wi-Fi: brak połączenia (timed out); ponawiam za 5 s
10:15:50  Log przez Wi-Fi: brak połączenia (timed out); ponawiam za 5 s
10:16:05  Log przez Wi-Fi: brak połączenia (timed out); ponawiam za 5 s
10:16:20  Log przez Wi-Fi: brak połączenia (timed out); ponawiam za 5 s
10:16:35  Log przez Wi-Fi: brak połączenia (timed out); ponawiam za 5 s
10:16:50  Log przez Wi-Fi: brak połączenia (timed out); ponawiam za 5 s
10:17:05  Log przez Wi-Fi: brak połączenia (timed out); ponawiam za 5 s
10:17:20  Log przez Wi-Fi: brak połączenia (timed out); ponawiam za 5 s
10:17:35  Log przez Wi-Fi: brak połączenia (timed out); ponawiam za 5 s
10:17:50  Log przez Wi-Fi: brak połączenia (timed out); ponawiam za 5 s
10:18:05  Log przez Wi-Fi: brak połączenia (timed out); ponawiam za 5 s
10:18:20  Log przez Wi-Fi: brak połączenia (timed out); ponawiam za 5 s
10:18:35  Log przez Wi-Fi: brak połączenia (timed out); ponawiam za 5 s
10:18:50  Log przez Wi-Fi: brak połączenia (timed out); ponawiam za 5 s
10:19:05  Log przez Wi-Fi: brak połączenia (timed out); ponawiam za 5 s
10:19:20  Log przez Wi-Fi: brak połączenia (timed out); ponawiam za 5 s
10:19:35  Log przez Wi-Fi: brak połączenia (timed out); ponawiam za 5 s
10:19:50  Log przez Wi-Fi: brak połączenia (timed out); ponawiam za 5 s
10:20:05  Log przez Wi-Fi: brak połączenia (timed out); ponawiam za 5 s
10:20:20  Log przez Wi-Fi: brak połączenia (timed out); ponawiam za 5 s
10:20:35  Log przez Wi-Fi: brak połączenia (timed out); ponawiam za 5 s
10:20:50  Log przez Wi-Fi: brak połączenia (timed out); ponawiam za 5 s
10:21:05  Log przez Wi-Fi: brak połączenia (timed out); ponawiam za 5 s
10:21:20  Log przez Wi-Fi: brak połączenia (timed out); ponawiam za 5 s
10:21:35  Log przez Wi-Fi: brak połączenia (timed out); ponawiam za 5 s
10:21:50  Log przez Wi-Fi: brak połączenia (timed out); ponawiam za 5 s
10:22:05  Log przez Wi-Fi: brak połączenia (timed out); ponawiam za 5 s
10:22:20  Log przez Wi-Fi: brak połączenia (timed out); ponawiam za 5 s
10:22:35  Log przez Wi-Fi: brak połączenia (timed out); ponawiam za 5 s
10:22:50  Log przez Wi-Fi: brak połączenia (timed out); ponawiam za 5 s
10:23:05  Log przez Wi-Fi: brak połączenia (timed out); ponawiam za 5 s
10:23:20  Log przez Wi-Fi: brak połączenia (timed out); ponawiam za 5 s
10:23:35  Log przez Wi-Fi: brak połączenia (timed out); ponawiam za 5 s
10:23:50  Log przez Wi-Fi: brak połączenia (timed out); ponawiam za 5 s
10:24:05  Log przez Wi-Fi: brak połączenia (timed out); ponawiam za 5 s
10:24:20  Log przez Wi-Fi: brak połączenia (timed out); ponawiam za 5 s
10:24:35  Log przez Wi-Fi: brak połączenia (timed out); ponawiam za 5 s
10:24:50  Log przez Wi-Fi: brak połączenia (timed out); ponawiam za 5 s
10:25:05  Log przez Wi-Fi: brak połączenia (timed out); ponawiam za 5 s
10:25:20  Log przez Wi-Fi: brak połączenia (timed out); ponawiam za 5 s
10:25:35  Log przez Wi-Fi: brak połączenia (timed out); ponawiam za 5 s
10:25:50  Log przez Wi-Fi: brak połączenia (timed out); ponawiam za 5 s
10:26:05  Log przez Wi-Fi: brak połączenia (timed out); ponawiam za 5 s
10:26:20  Log przez Wi-Fi: brak połączenia (timed out); ponawiam za 5 s
10:26:35  Log przez Wi-Fi: brak połączenia (timed out); ponawiam za 5 s
10:26:50  Log przez Wi-Fi: brak połączenia (timed out); ponawiam za 5 s
10:27:05  Log przez Wi-Fi: brak połączenia (timed out); ponawiam za 5 s
10:27:20  Log przez Wi-Fi: brak połączenia (timed out); ponawiam za 5 s
10:27:35  Log przez Wi-Fi: brak połączenia (timed out); ponawiam za 5 s
10:27:50  Log przez Wi-Fi: brak połączenia (timed out); ponawiam za 5 s
10:28:05  Log przez Wi-Fi: brak połączenia (timed out); ponawiam za 5 s
10:28:20  Log przez Wi-Fi: brak połączenia (timed out); ponawiam za 5 s
10:28:35  Log przez Wi-Fi: brak połączenia (timed out); ponawiam za 5 s
10:28:50  Log przez Wi-Fi: brak połączenia (timed out); ponawiam za 5 s
10:29:05  Log przez Wi-Fi: brak połączenia (timed out); ponawiam za 5 s
10:29:20  Log przez Wi-Fi: brak połączenia (timed out); ponawiam za 5 s
10:29:35  Log przez Wi-Fi: brak połączenia (timed out); ponawiam za 5 s
10:29:50  Log przez Wi-Fi: brak połączenia (timed out); ponawiam za 5 s
10:30:05  Log przez Wi-Fi: brak połączenia (timed out); ponawiam za 5 s
10:30:20  Log przez Wi-Fi: brak połączenia (timed out); ponawiam za 5 s
10:30:35  Log przez Wi-Fi: brak połączenia (timed out); ponawiam za 5 s
10:30:50  Log przez Wi-Fi: brak połączenia (timed out); ponawiam za 5 s
10:31:05  Log przez Wi-Fi: brak połączenia (timed out); ponawiam za 5 s
10:31:20  Log przez Wi-Fi: brak połączenia (timed out); ponawiam za 5 s
10:31:35  Log przez Wi-Fi: brak połączenia (timed out); ponawiam za 5 s
10:31:50  Log przez Wi-Fi: brak połączenia (timed out); ponawiam za 5 s
10:32:05  Log przez Wi-Fi: brak połączenia (timed out); ponawiam za 5 s
10:32:20  Log przez Wi-Fi: brak połączenia (timed out); ponawiam za 5 s
10:32:35  Log przez Wi-Fi: brak połączenia (timed out); ponawiam za 5 s
10:32:50  Log przez Wi-Fi: brak połączenia (timed out); ponawiam za 5 s
10:33:05  Log przez Wi-Fi: brak połączenia (timed out); ponawiam za 5 s
10:33:20  Log przez Wi-Fi: brak połączenia (timed out); ponawiam za 5 s
10:33:35  Log przez Wi-Fi: brak połączenia (timed out); ponawiam za 5 s
10:33:50  Log przez Wi-Fi: brak połączenia (timed out); ponawiam za 5 s
10:34:05  Log przez Wi-Fi: brak połączenia (timed out); ponawiam za 5 s
10:34:20  Log przez Wi-Fi: brak połączenia (timed out); ponawiam za 5 s
10:34:35  Log przez Wi-Fi: brak połączenia (timed out); ponawiam za 5 s
10:34:50  Log przez Wi-Fi: brak połączenia (timed out); ponawiam za 5 s
10:35:06  Log przez Wi-Fi: brak połączenia (timed out); ponawiam za 5 s
10:35:21  Log przez Wi-Fi: brak połączenia (timed out); ponawiam za 5 s
10:35:36  Log przez Wi-Fi: brak połączenia (timed out); ponawiam za 5 s
10:35:51  Log przez Wi-Fi: brak połączenia (timed out); ponawiam za 5 s
10:36:06  Log przez Wi-Fi: brak połączenia (timed out); ponawiam za 5 s
10:36:21  Log przez Wi-Fi: brak połączenia (timed out); ponawiam za 5 s
10:36:36  Log przez Wi-Fi: brak połączenia (timed out); ponawiam za 5 s
10:36:51  Log przez Wi-Fi: brak połączenia (timed out); ponawiam za 5 s
10:37:06  Log przez Wi-Fi: brak połączenia (timed out); ponawiam za 5 s
10:37:21  Log przez Wi-Fi: brak połączenia (timed out); ponawiam za 5 s
10:37:36  Log przez Wi-Fi: brak połączenia (timed out); ponawiam za 5 s
10:37:51  Log przez Wi-Fi: brak połączenia (timed out); ponawiam za 5 s
10:38:06  Log przez Wi-Fi: brak połączenia (timed out); ponawiam za 5 s
10:38:21  Log przez Wi-Fi: brak połączenia (timed out); ponawiam za 5 s
10:38:36  Log przez Wi-Fi: brak połączenia (timed out); ponawiam za 5 s
10:38:51  Log przez Wi-Fi: brak połączenia (timed out); ponawiam za 5 s
10:39:06  Log przez Wi-Fi: brak połączenia (timed out); ponawiam za 5 s
10:39:21  Log przez Wi-Fi: brak połączenia (timed out); ponawiam za 5 s
10:39:36  Log przez Wi-Fi: brak połączenia (timed out); ponawiam za 5 s
10:39:51  Log przez Wi-Fi: brak połączenia (timed out); ponawiam za 5 s
10:40:06  Log przez Wi-Fi: brak połączenia (timed out); ponawiam za 5 s
10:40:21  Log przez Wi-Fi: brak połączenia (timed out); ponawiam za 5 s
10:40:36  Log przez Wi-Fi: brak połączenia (timed out); ponawiam za 5 s
10:40:51  Log przez Wi-Fi: brak połączenia (timed out); ponawiam za 5 s
10:41:06  Log przez Wi-Fi: brak połączenia (timed out); ponawiam za 5 s
10:41:21  Log przez Wi-Fi: brak połączenia (timed out); ponawiam za 5 s
10:41:36  Log przez Wi-Fi: brak połączenia (timed out); ponawiam za 5 s
10:41:51  Log przez Wi-Fi: brak połączenia (timed out); ponawiam za 5 s
10:42:06  Log przez Wi-Fi: brak połączenia (timed out); ponawiam za 5 s
10:42:21  Log przez Wi-Fi: brak połączenia (timed out); ponawiam za 5 s
10:42:36  Log przez Wi-Fi: brak połączenia (timed out); ponawiam za 5 s
10:42:51  Log przez Wi-Fi: brak połączenia (timed out); ponawiam za 5 s
10:43:06  Log przez Wi-Fi: brak połączenia (timed out); ponawiam za 5 s
10:43:21  Log przez Wi-Fi: brak połączenia (timed out); ponawiam za 5 s
10:43:36  Log przez Wi-Fi: brak połączenia (timed out); ponawiam za 5 s
10:43:51  Log przez Wi-Fi: brak połączenia (timed out); ponawiam za 5 s
10:44:06  Log przez Wi-Fi: brak połączenia (timed out); ponawiam za 5 s
10:44:21  Log przez Wi-Fi: brak połączenia (timed out); ponawiam za 5 s
10:44:36  Log przez Wi-Fi: brak połączenia (timed out); ponawiam za 5 s
10:44:51  Log przez Wi-Fi: brak połączenia (timed out); ponawiam za 5 s
10:45:06  Log przez Wi-Fi: brak połączenia (timed out); ponawiam za 5 s
10:45:21  Log przez Wi-Fi: brak połączenia (timed out); ponawiam za 5 s
10:45:36  Log przez Wi-Fi: brak połączenia (timed out); ponawiam za 5 s
10:45:51  Log przez Wi-Fi: brak połączenia (timed out); ponawiam za 5 s
10:46:06  Log przez Wi-Fi: brak połączenia (timed out); ponawiam za 5 s
10:46:21  Log przez Wi-Fi: brak połączenia (timed out); ponawiam za 5 s
10:46:36  Log przez Wi-Fi: brak połączenia (timed out); ponawiam za 5 s
10:46:51  Log przez Wi-Fi: brak połączenia (timed out); ponawiam za 5 s
10:47:06  Log przez Wi-Fi: brak połączenia (timed out); ponawiam za 5 s
10:47:21  Log przez Wi-Fi: brak połączenia (timed out); ponawiam za 5 s
10:47:36  Log przez Wi-Fi: brak połączenia (timed out); ponawiam za 5 s
10:47:51  Log przez Wi-Fi: brak połączenia (timed out); ponawiam za 5 s
10:48:06  Log przez Wi-Fi: brak połączenia (timed out); ponawiam za 5 s
10:48:21  Log przez Wi-Fi: brak połączenia (timed out); ponawiam za 5 s
10:48:36  Log przez Wi-Fi: brak połączenia (timed out); ponawiam za 5 s
10:48:51  Log przez Wi-Fi: brak połączenia (timed out); ponawiam za 5 s
10:49:06  Log przez Wi-Fi: brak połączenia (timed out); ponawiam za 5 s
10:49:21  Log przez Wi-Fi: brak połączenia (timed out); ponawiam za 5 s
10:49:36  Log przez Wi-Fi: brak połączenia (timed out); ponawiam za 5 s
10:49:51  Log przez Wi-Fi: brak połączenia (timed out); ponawiam za 5 s
10:50:06  Log przez Wi-Fi: brak połączenia (timed out); ponawiam za 5 s
10:50:21  Log przez Wi-Fi: brak połączenia (timed out); ponawiam za 5 s
10:50:36  Log przez Wi-Fi: brak połączenia (timed out); ponawiam za 5 s
10:50:51  Log przez Wi-Fi: brak połączenia (timed out); ponawiam za 5 s
10:51:06  Log przez Wi-Fi: brak połączenia (timed out); ponawiam za 5 s
10:51:21  Log przez Wi-Fi: brak połączenia (timed out); ponawiam za 5 s
10:51:36  Log przez Wi-Fi: brak połączenia (timed out); ponawiam za 5 s
10:51:51  Log przez Wi-Fi: brak połączenia (timed out); ponawiam za 5 s
10:52:06  Log przez Wi-Fi: brak połączenia (timed out); ponawiam za 5 s
10:52:21  Log przez Wi-Fi: brak połączenia (timed out); ponawiam za 5 s
10:52:36  Log przez Wi-Fi: brak połączenia (timed out); ponawiam za 5 s
10:52:51  Log przez Wi-Fi: brak połączenia (timed out); ponawiam za 5 s
10:53:06  Log przez Wi-Fi: brak połączenia (timed out); ponawiam za 5 s
10:53:21  Log przez Wi-Fi: brak połączenia (timed out); ponawiam za 5 s
10:53:36  Log przez Wi-Fi: brak połączenia (timed out); ponawiam za 5 s
10:53:51  Log przez Wi-Fi: brak połączenia (timed out); ponawiam za 5 s
10:54:06  Log przez Wi-Fi: brak połączenia (timed out); ponawiam za 5 s
10:54:21  Log przez Wi-Fi: brak połączenia (timed out); ponawiam za 5 s
10:54:36  Log przez Wi-Fi: brak połączenia (timed out); ponawiam za 5 s
10:54:51  Log przez Wi-Fi: brak połączenia (timed out); ponawiam za 5 s
10:55:06  Log przez Wi-Fi: brak połączenia (timed out); ponawiam za 5 s
10:55:21  Log przez Wi-Fi: brak połączenia (timed out); ponawiam za 5 s
10:55:36  Log przez Wi-Fi: brak połączenia (timed out); ponawiam za 5 s
10:55:51  Log przez Wi-Fi: brak połączenia (timed out); ponawiam za 5 s
10:56:06  Log przez Wi-Fi: brak połączenia (timed out); ponawiam za 5 s
10:56:21  Log przez Wi-Fi: brak połączenia (timed out); ponawiam za 5 s
10:56:36  Log przez Wi-Fi: brak połączenia (timed out); ponawiam za 5 s
10:56:51  Log przez Wi-Fi: brak połączenia (timed out); ponawiam za 5 s
10:57:06  Log przez Wi-Fi: brak połączenia (timed out); ponawiam za 5 s
10:57:21  Log przez Wi-Fi: brak połączenia (timed out); ponawiam za 5 s
10:57:36  Log przez Wi-Fi: brak połączenia (timed out); ponawiam za 5 s
10:57:51  Log przez Wi-Fi: brak połączenia (timed out); ponawiam za 5 s
10:58:06  Log przez Wi-Fi: brak połączenia (timed out); ponawiam za 5 s
10:58:21  Log przez Wi-Fi: brak połączenia (timed out); ponawiam za 5 s
10:58:36  Log przez Wi-Fi: brak połączenia (timed out); ponawiam za 5 s
10:58:51  Log przez Wi-Fi: brak połączenia (timed out); ponawiam za 5 s
10:59:06  Log przez Wi-Fi: brak połączenia (timed out); ponawiam za 5 s
10:59:21  Log przez Wi-Fi: brak połączenia (timed out); ponawiam za 5 s
10:59:36  Log przez Wi-Fi: brak połączenia (timed out); ponawiam za 5 s
10:59:51  Log przez Wi-Fi: brak połączenia (timed out); ponawiam za 5 s
11:00:06  Log przez Wi-Fi: brak połączenia (timed out); ponawiam za 5 s
11:00:21  Log przez Wi-Fi: brak połączenia (timed out); ponawiam za 5 s
11:00:36  Log przez Wi-Fi: brak połączenia (timed out); ponawiam za 5 s
11:00:51  Log przez Wi-Fi: brak połączenia (timed out); ponawiam za 5 s
11:01:06  Log przez Wi-Fi: brak połączenia (timed out); ponawiam za 5 s
11:01:21  Log przez Wi-Fi: brak połączenia (timed out); ponawiam za 5 s
11:01:36  Log przez Wi-Fi: brak połączenia (timed out); ponawiam za 5 s
11:01:51  Log przez Wi-Fi: brak połączenia (timed out); ponawiam za 5 s
11:02:06  Log przez Wi-Fi: brak połączenia (timed out); ponawiam za 5 s
11:02:21  Log przez Wi-Fi: brak połączenia (timed out); ponawiam za 5 s
11:02:36  Log przez Wi-Fi: brak połączenia (timed out); ponawiam za 5 s
11:02:51  Log przez Wi-Fi: brak połączenia (timed out); ponawiam za 5 s
11:03:06  Log przez Wi-Fi: brak połączenia (timed out); ponawiam za 5 s
11:03:21  Log przez Wi-Fi: brak połączenia (timed out); ponawiam za 5 s
11:03:36  Log przez Wi-Fi: brak połączenia (timed out); ponawiam za 5 s
11:03:51  Log przez Wi-Fi: brak połączenia (timed out); ponawiam za 5 s
11:04:06  Log przez Wi-Fi: brak połączenia (timed out); ponawiam za 5 s
11:04:21  Log przez Wi-Fi: brak połączenia (timed out); ponawiam za 5 s
11:04:37  Log przez Wi-Fi: brak połączenia (timed out); ponawiam za 5 s
11:04:52  Log przez Wi-Fi: brak połączenia (timed out); ponawiam za 5 s
11:05:07  Log przez Wi-Fi: brak połączenia (timed out); ponawiam za 5 s
11:05:22  Log przez Wi-Fi: brak połączenia (timed out); ponawiam za 5 s
11:05:37  Log przez Wi-Fi: brak połączenia (timed out); ponawiam za 5 s
11:05:52  Log przez Wi-Fi: brak połączenia (timed out); ponawiam za 5 s
11:06:07  Log przez Wi-Fi: brak połączenia (timed out); ponawiam za 5 s
11:06:22  Log przez Wi-Fi: brak połączenia (timed out); ponawiam za 5 s
11:06:37  Log przez Wi-Fi: brak połączenia (timed out); ponawiam za 5 s
11:06:52  Log przez Wi-Fi: brak połączenia (timed out); ponawiam za 5 s
11:07:07  Log przez Wi-Fi: brak połączenia (timed out); ponawiam za 5 s
11:07:22  Log przez Wi-Fi: brak połączenia (timed out); ponawiam za 5 s
11:07:37  Log przez Wi-Fi: brak połączenia (timed out); ponawiam za 5 s
11:07:52  Log przez Wi-Fi: brak połączenia (timed out); ponawiam za 5 s
11:08:07  Log przez Wi-Fi: brak połączenia (timed out); ponawiam za 5 s
11:08:22  Log przez Wi-Fi: brak połączenia (timed out); ponawiam za 5 s
11:08:37  Log przez Wi-Fi: brak połączenia (timed out); ponawiam za 5 s
11:08:52  Log przez Wi-Fi: brak połączenia (timed out); ponawiam za 5 s
11:09:07  Log przez Wi-Fi: brak połączenia (timed out); ponawiam za 5 s
11:09:22  Log przez Wi-Fi: brak połączenia (timed out); ponawiam za 5 s
11:09:37  Log przez Wi-Fi: brak połączenia (timed out); ponawiam za 5 s
11:09:52  Log przez Wi-Fi: brak połączenia (timed out); ponawiam za 5 s
11:10:07  Log przez Wi-Fi: brak połączenia (timed out); ponawiam za 5 s
11:10:22  Log przez Wi-Fi: brak połączenia (timed out); ponawiam za 5 s
11:10:37  Log przez Wi-Fi: brak połączenia (timed out); ponawiam za 5 s
11:10:52  Log przez Wi-Fi: brak połączenia (timed out); ponawiam za 5 s
11:11:07  Log przez Wi-Fi: brak połączenia (timed out); ponawiam za 5 s
11:11:22  Log przez Wi-Fi: brak połączenia (timed out); ponawiam za 5 s
11:11:37  Log przez Wi-Fi: brak połączenia (timed out); ponawiam za 5 s
11:11:52  Log przez Wi-Fi: brak połączenia (timed out); ponawiam za 5 s
11:12:07  Log przez Wi-Fi: brak połączenia (timed out); ponawiam za 5 s
11:12:22  Log przez Wi-Fi: brak połączenia (timed out); ponawiam za 5 s
11:12:37  Log przez Wi-Fi: brak połączenia (timed out); ponawiam za 5 s
11:12:52  Log przez Wi-Fi: brak połączenia (timed out); ponawiam za 5 s
11:13:07  Log przez Wi-Fi: brak połączenia (timed out); ponawiam za 5 s
11:13:22  Log przez Wi-Fi: brak połączenia (timed out); ponawiam za 5 s
11:13:37  Log przez Wi-Fi: brak połączenia (timed out); ponawiam za 5 s
11:13:52  Log przez Wi-Fi: brak połączenia (timed out); ponawiam za 5 s
11:14:07  Log przez Wi-Fi: brak połączenia (timed out); ponawiam za 5 s
11:14:22  Log przez Wi-Fi: brak połączenia (timed out); ponawiam za 5 s
11:14:37  Log przez Wi-Fi: brak połączenia (timed out); ponawiam za 5 s
11:14:52  Log przez Wi-Fi: brak połączenia (timed out); ponawiam za 5 s
11:15:07  Log przez Wi-Fi: brak połączenia (timed out); ponawiam za 5 s
11:15:22  Log przez Wi-Fi: brak połączenia (timed out); ponawiam za 5 s
11:15:37  Log przez Wi-Fi: brak połączenia (timed out); ponawiam za 5 s
11:15:52  Log przez Wi-Fi: brak połączenia (timed out); ponawiam za 5 s
11:16:07  Log przez Wi-Fi: brak połączenia (timed out); ponawiam za 5 s
11:16:22  Log przez Wi-Fi: brak połączenia (timed out); ponawiam za 5 s
11:16:37  Log przez Wi-Fi: brak połączenia (timed out); ponawiam za 5 s
11:16:52  Log przez Wi-Fi: brak połączenia (timed out); ponawiam za 5 s
11:17:07  Log przez Wi-Fi: brak połączenia (timed out); ponawiam za 5 s
11:17:22  Log przez Wi-Fi: brak połączenia (timed out); ponawiam za 5 s
11:17:37  Log przez Wi-Fi: brak połączenia (timed out); ponawiam za 5 s
11:17:52  Log przez Wi-Fi: brak połączenia (timed out); ponawiam za 5 s
11:18:07  Log przez Wi-Fi: brak połączenia (timed out); ponawiam za 5 s
11:18:22  Log przez Wi-Fi: brak połączenia (timed out); ponawiam za 5 s
11:18:37  Log przez Wi-Fi: brak połączenia (timed out); ponawiam za 5 s
11:18:52  Log przez Wi-Fi: brak połączenia (timed out); ponawiam za 5 s
11:19:07  Log przez Wi-Fi: brak połączenia (timed out); ponawiam za 5 s
11:19:22  Log przez Wi-Fi: brak połączenia (timed out); ponawiam za 5 s
11:19:37  Log przez Wi-Fi: brak połączenia (timed out); ponawiam za 5 s
11:19:52  Log przez Wi-Fi: brak połączenia (timed out); ponawiam za 5 s
11:20:07  Log przez Wi-Fi: brak połączenia (timed out); ponawiam za 5 s
11:20:22  Log przez Wi-Fi: brak połączenia (timed out); ponawiam za 5 s
11:20:37  Log przez Wi-Fi: brak połączenia (timed out); ponawiam za 5 s
11:20:52  Log przez Wi-Fi: brak połączenia (timed out); ponawiam za 5 s
11:21:07  Log przez Wi-Fi: brak połączenia (timed out); ponawiam za 5 s
11:21:22  Log przez Wi-Fi: brak połączenia (timed out); ponawiam za 5 s
11:21:37  Log przez Wi-Fi: brak połączenia (timed out); ponawiam za 5 s
11:21:52  Log przez Wi-Fi: brak połączenia (timed out); ponawiam za 5 s
11:22:07  Log przez Wi-Fi: brak połączenia (timed out); ponawiam za 5 s
11:22:22  Log przez Wi-Fi: brak połączenia (timed out); ponawiam za 5 s
11:22:37  Log przez Wi-Fi: brak połączenia (timed out); ponawiam za 5 s
11:22:52  Log przez Wi-Fi: brak połączenia (timed out); ponawiam za 5 s
11:23:07  Log przez Wi-Fi: brak połączenia (timed out); ponawiam za 5 s
11:23:22  Log przez Wi-Fi: brak połączenia (timed out); ponawiam za 5 s
11:23:37  Log przez Wi-Fi: brak połączenia (timed out); ponawiam za 5 s
11:23:52  Log przez Wi-Fi: brak połączenia (timed out); ponawiam za 5 s
11:24:07  Log przez Wi-Fi: brak połączenia (timed out); ponawiam za 5 s
11:24:22  Log przez Wi-Fi: brak połączenia (timed out); ponawiam za 5 s
11:24:37  Log przez Wi-Fi: brak połączenia (timed out); ponawiam za 5 s
11:24:52  Log przez Wi-Fi: brak połączenia (timed out); ponawiam za 5 s
11:25:07  Log przez Wi-Fi: brak połączenia (timed out); ponawiam za 5 s
11:25:22  Log przez Wi-Fi: brak połączenia (timed out); ponawiam za 5 s
11:25:37  Log przez Wi-Fi: brak połączenia (timed out); ponawiam za 5 s
11:25:52  Log przez Wi-Fi: brak połączenia (timed out); ponawiam za 5 s
11:26:07  Log przez Wi-Fi: brak połączenia (timed out); ponawiam za 5 s
11:26:22  Log przez Wi-Fi: brak połączenia (timed out); ponawiam za 5 s
11:26:37  Log przez Wi-Fi: brak połączenia (timed out); ponawiam za 5 s
11:26:52  Log przez Wi-Fi: brak połączenia (timed out); ponawiam za 5 s
11:27:07  Log przez Wi-Fi: brak połączenia (timed out); ponawiam za 5 s
11:27:22  Log przez Wi-Fi: brak połączenia (timed out); ponawiam za 5 s
11:27:37  Log przez Wi-Fi: brak połączenia (timed out); ponawiam za 5 s
11:27:52  Log przez Wi-Fi: brak połączenia (timed out); ponawiam za 5 s
11:28:07  Log przez Wi-Fi: brak połączenia (timed out); ponawiam za 5 s
11:28:22  Log przez Wi-Fi: brak połączenia (timed out); ponawiam za 5 s
11:28:37  Log przez Wi-Fi: brak połączenia (timed out); ponawiam za 5 s
11:28:52  Log przez Wi-Fi: brak połączenia (timed out); ponawiam za 5 s
11:29:07  Log przez Wi-Fi: brak połączenia (timed out); ponawiam za 5 s
11:29:22  Log przez Wi-Fi: brak połączenia (timed out); ponawiam za 5 s
11:29:37  Log przez Wi-Fi: brak połączenia (timed out); ponawiam za 5 s
11:29:52  Log przez Wi-Fi: brak połączenia (timed out); ponawiam za 5 s
11:30:07  Log przez Wi-Fi: brak połączenia (timed out); ponawiam za 5 s
11:30:22  Log przez Wi-Fi: brak połączenia (timed out); ponawiam za 5 s
11:30:37  Log przez Wi-Fi: brak połączenia (timed out); ponawiam za 5 s
11:30:52  Log przez Wi-Fi: brak połączenia (timed out); ponawiam za 5 s
11:31:07  Log przez Wi-Fi: brak połączenia (timed out); ponawiam za 5 s
11:31:22  Log przez Wi-Fi: brak połączenia (timed out); ponawiam za 5 s
11:31:37  Log przez Wi-Fi: brak połączenia (timed out); ponawiam za 5 s
11:31:52  Log przez Wi-Fi: brak połączenia (timed out); ponawiam za 5 s
11:32:07  Log przez Wi-Fi: brak połączenia (timed out); ponawiam za 5 s
11:32:22  Log przez Wi-Fi: brak połączenia (timed out); ponawiam za 5 s
11:32:37  Log przez Wi-Fi: brak połączenia (timed out); ponawiam za 5 s
11:32:52  Log przez Wi-Fi: brak połączenia (timed out); ponawiam za 5 s
11:33:07  Log przez Wi-Fi: brak połączenia (timed out); ponawiam za 5 s
11:33:22  Log przez Wi-Fi: brak połączenia (timed out); ponawiam za 5 s
11:33:37  Log przez Wi-Fi: brak połączenia (timed out); ponawiam za 5 s
11:33:52  Log przez Wi-Fi: brak połączenia (timed out); ponawiam za 5 s
11:34:07  Log przez Wi-Fi: brak połączenia (timed out); ponawiam za 5 s
11:34:22  Log przez Wi-Fi: brak połączenia (timed out); ponawiam za 5 s
11:34:37  Log przez Wi-Fi: brak połączenia (timed out); ponawiam za 5 s
11:34:52  Log przez Wi-Fi: brak połączenia (timed out); ponawiam za 5 s
11:35:07  Log przez Wi-Fi: brak połączenia (timed out); ponawiam za 5 s
11:35:22  Log przez Wi-Fi: brak połączenia (timed out); ponawiam za 5 s
11:35:38  Log przez Wi-Fi: brak połączenia (timed out); ponawiam za 5 s
11:35:53  Log przez Wi-Fi: brak połączenia (timed out); ponawiam za 5 s
11:36:08  Log przez Wi-Fi: brak połączenia (timed out); ponawiam za 5 s
11:36:23  Log przez Wi-Fi: brak połączenia (timed out); ponawiam za 5 s
11:36:38  Log przez Wi-Fi: brak połączenia (timed out); ponawiam za 5 s
11:36:53  Log przez Wi-Fi: brak połączenia (timed out); ponawiam za 5 s
11:37:08  Log przez Wi-Fi: brak połączenia (timed out); ponawiam za 5 s
11:37:23  Log przez Wi-Fi: brak połączenia (timed out); ponawiam za 5 s
11:37:38  Log przez Wi-Fi: brak połączenia (timed out); ponawiam za 5 s
11:37:53  Log przez Wi-Fi: brak połączenia (timed out); ponawiam za 5 s
11:38:08  Log przez Wi-Fi: brak połączenia (timed out); ponawiam za 5 s
11:38:23  Log przez Wi-Fi: brak połączenia (timed out); ponawiam za 5 s
11:38:38  Log przez Wi-Fi: brak połączenia (timed out); ponawiam za 5 s
11:38:53  Log przez Wi-Fi: brak połączenia (timed out); ponawiam za 5 s
11:39:08  Log przez Wi-Fi: brak połączenia (timed out); ponawiam za 5 s
11:39:23  Log przez Wi-Fi: brak połączenia (timed out); ponawiam za 5 s
11:39:38  Log przez Wi-Fi: brak połączenia (timed out); ponawiam za 5 s
11:39:53  Log przez Wi-Fi: brak połączenia (timed out); ponawiam za 5 s
11:40:08  Log przez Wi-Fi: brak połączenia (timed out); ponawiam za 5 s
11:40:23  Log przez Wi-Fi: brak połączenia (timed out); ponawiam za 5 s
11:40:38  Log przez Wi-Fi: brak połączenia (timed out); ponawiam za 5 s
11:40:53  Log przez Wi-Fi: brak połączenia (timed out); ponawiam za 5 s
11:41:08  Log przez Wi-Fi: brak połączenia (timed out); ponawiam za 5 s
11:41:23  Log przez Wi-Fi: brak połączenia (timed out); ponawiam za 5 s
11:41:38  Log przez Wi-Fi: brak połączenia (timed out); ponawiam za 5 s
11:41:53  Log przez Wi-Fi: brak połączenia (timed out); ponawiam za 5 s
11:42:08  Log przez Wi-Fi: brak połączenia (timed out); ponawiam za 5 s
11:42:23  Log przez Wi-Fi: brak połączenia (timed out); ponawiam za 5 s
11:42:38  Log przez Wi-Fi: brak połączenia (timed out); ponawiam za 5 s
11:42:53  Log przez Wi-Fi: brak połączenia (timed out); ponawiam za 5 s
11:43:08  Log przez Wi-Fi: brak połączenia (timed out); ponawiam za 5 s
11:43:23  Log przez Wi-Fi: brak połączenia (timed out); ponawiam za 5 s
11:43:38  Log przez Wi-Fi: brak połączenia (timed out); ponawiam za 5 s
11:43:53  Log przez Wi-Fi: brak połączenia (timed out); ponawiam za 5 s
11:44:08  Log przez Wi-Fi: brak połączenia (timed out); ponawiam za 5 s
11:44:23  Log przez Wi-Fi: brak połączenia (timed out); ponawiam za 5 s
11:44:38  Log przez Wi-Fi: brak połączenia (timed out); ponawiam za 5 s
11:44:53  Log przez Wi-Fi: brak połączenia (timed out); ponawiam za 5 s
11:45:08  Log przez Wi-Fi: brak połączenia (timed out); ponawiam za 5 s
11:45:23  Log przez Wi-Fi: brak połączenia (timed out); ponawiam za 5 s
11:45:38  Log przez Wi-Fi: brak połączenia (timed out); ponawiam za 5 s
11:45:53  Log przez Wi-Fi: brak połączenia (timed out); ponawiam za 5 s
11:46:08  Log przez Wi-Fi: brak połączenia (timed out); ponawiam za 5 s
11:46:23  Log przez Wi-Fi: brak połączenia (timed out); ponawiam za 5 s
11:46:38  Log przez Wi-Fi: brak połączenia (timed out); ponawiam za 5 s
11:46:53  Log przez Wi-Fi: brak połączenia (timed out); ponawiam za 5 s
11:47:08  Log przez Wi-Fi: brak połączenia (timed out); ponawiam za 5 s
11:47:23  Log przez Wi-Fi: brak połączenia (timed out); ponawiam za 5 s
11:47:38  Log przez Wi-Fi: brak połączenia (timed out); ponawiam za 5 s
11:47:53  Log przez Wi-Fi: brak połączenia (timed out); ponawiam za 5 s
11:48:08  Log przez Wi-Fi: brak połączenia (timed out); ponawiam za 5 s
11:48:23  Log przez Wi-Fi: brak połączenia (timed out); ponawiam za 5 s
11:48:38  Log przez Wi-Fi: brak połączenia (timed out); ponawiam za 5 s
11:48:53  Log przez Wi-Fi: brak połączenia (timed out); ponawiam za 5 s
11:49:08  Log przez Wi-Fi: brak połączenia (timed out); ponawiam za 5 s
11:49:23  Log przez Wi-Fi: brak połączenia (timed out); ponawiam za 5 s
11:49:38  Log przez Wi-Fi: brak połączenia (timed out); ponawiam za 5 s
11:49:53  Log przez Wi-Fi: brak połączenia (timed out); ponawiam za 5 s
11:50:08  Log przez Wi-Fi: brak połączenia (timed out); ponawiam za 5 s
11:50:23  Log przez Wi-Fi: brak połączenia (timed out); ponawiam za 5 s
11:50:38  Log przez Wi-Fi: brak połączenia (timed out); ponawiam za 5 s
11:50:53  Log przez Wi-Fi: brak połączenia (timed out); ponawiam za 5 s
11:51:08  Log przez Wi-Fi: brak połączenia (timed out); ponawiam za 5 s
11:51:23  Log przez Wi-Fi: brak połączenia (timed out); ponawiam za 5 s
11:51:38  Log przez Wi-Fi: brak połączenia (timed out); ponawiam za 5 s
11:51:53  Log przez Wi-Fi: brak połączenia (timed out); ponawiam za 5 s
11:52:08  Log przez Wi-Fi: brak połączenia (timed out); ponawiam za 5 s
11:52:23  Log przez Wi-Fi: brak połączenia (timed out); ponawiam za 5 s
11:52:38  Log przez Wi-Fi: brak połączenia (timed out); ponawiam za 5 s
11:52:53  Log przez Wi-Fi: brak połączenia (timed out); ponawiam za 5 s
11:53:08  Log przez Wi-Fi: brak połączenia (timed out); ponawiam za 5 s
11:53:23  Log przez Wi-Fi: brak połączenia (timed out); ponawiam za 5 s
11:53:38  Log przez Wi-Fi: brak połączenia (timed out); ponawiam za 5 s
11:53:53  Log przez Wi-Fi: brak połączenia (timed out); ponawiam za 5 s
11:54:08  Log przez Wi-Fi: brak połączenia (timed out); ponawiam za 5 s
11:54:23  Log przez Wi-Fi: brak połączenia (timed out); ponawiam za 5 s
11:54:38  Log przez Wi-Fi: brak połączenia (timed out); ponawiam za 5 s
11:54:53  Log przez Wi-Fi: brak połączenia (timed out); ponawiam za 5 s
11:55:08  Log przez Wi-Fi: brak połączenia (timed out); ponawiam za 5 s
11:55:23  Log przez Wi-Fi: brak połączenia (timed out); ponawiam za 5 s
11:55:38  Log przez Wi-Fi: brak połączenia (timed out); ponawiam za 5 s
11:55:53  Log przez Wi-Fi: brak połączenia (timed out); ponawiam za 5 s
11:56:08  Log przez Wi-Fi: brak połączenia (timed out); ponawiam za 5 s
11:56:23  Log przez Wi-Fi: brak połączenia (timed out); ponawiam za 5 s
11:56:38  Log przez Wi-Fi: brak połączenia (timed out); ponawiam za 5 s
11:56:53  Log przez Wi-Fi: brak połączenia (timed out); ponawiam za 5 s
11:57:08  Log przez Wi-Fi: brak połączenia (timed out); ponawiam za 5 s
11:57:23  Log przez Wi-Fi: brak połączenia (timed out); ponawiam za 5 s
11:57:38  Log przez Wi-Fi: brak połączenia (timed out); ponawiam za 5 s
11:57:53  Log przez Wi-Fi: brak połączenia (timed out); ponawiam za 5 s
11:58:08  Log przez Wi-Fi: brak połączenia (timed out); ponawiam za 5 s
11:58:23  Log przez Wi-Fi: brak połączenia (timed out); ponawiam za 5 s
11:58:38  Log przez Wi-Fi: brak połączenia (timed out); ponawiam za 5 s
11:58:53  Log przez Wi-Fi: brak połączenia (timed out); ponawiam za 5 s
11:59:08  Log przez Wi-Fi: brak połączenia (timed out); ponawiam za 5 s
11:59:23  Log przez Wi-Fi: brak połączenia (timed out); ponawiam za 5 s
11:59:38  Log przez Wi-Fi: brak połączenia (timed out); ponawiam za 5 s
11:59:53  Log przez Wi-Fi: brak połączenia (timed out); ponawiam za 5 s
12:00:08  Log przez Wi-Fi: brak połączenia (timed out); ponawiam za 5 s
12:00:23  Log przez Wi-Fi: brak połączenia (timed out); ponawiam za 5 s
12:00:38  Log przez Wi-Fi: brak połączenia (timed out); ponawiam za 5 s
12:00:53  Log przez Wi-Fi: brak połączenia (timed out); ponawiam za 5 s
12:01:08  Log przez Wi-Fi: brak połączenia (timed out); ponawiam za 5 s
12:01:23  Log przez Wi-Fi: brak połączenia (timed out); ponawiam za 5 s
12:01:38  Log przez Wi-Fi: brak połączenia (timed out); ponawiam za 5 s
12:01:53  Log przez Wi-Fi: brak połączenia (timed out); ponawiam za 5 s
12:02:08  Log przez Wi-Fi: brak połączenia (timed out); ponawiam za 5 s
12:02:23  Log przez Wi-Fi: brak połączenia (timed out); ponawiam za 5 s
12:02:38  Log przez Wi-Fi: brak połączenia (timed out); ponawiam za 5 s
12:02:53  Log przez Wi-Fi: brak połączenia (timed out); ponawiam za 5 s
12:03:08  Log przez Wi-Fi: brak połączenia (timed out); ponawiam za 5 s
12:03:23  Log przez Wi-Fi: brak połączenia (timed out); ponawiam za 5 s
12:03:39  Log przez Wi-Fi: brak połączenia (timed out); ponawiam za 5 s
12:03:54  Log przez Wi-Fi: brak połączenia (timed out); ponawiam za 5 s
12:04:09  Log przez Wi-Fi: brak połączenia (timed out); ponawiam za 5 s
12:04:24  Log przez Wi-Fi: brak połączenia (timed out); ponawiam za 5 s
12:04:39  Log przez Wi-Fi: brak połączenia (timed out); ponawiam za 5 s
12:04:54  Log przez Wi-Fi: brak połączenia (timed out); ponawiam za 5 s
12:05:09  Log przez Wi-Fi: brak połączenia (timed out); ponawiam za 5 s
12:05:24  Log przez Wi-Fi: brak połączenia (timed out); ponawiam za 5 s
12:05:39  Log przez Wi-Fi: brak połączenia (timed out); ponawiam za 5 s
12:05:54  Log przez Wi-Fi: brak połączenia (timed out); ponawiam za 5 s
12:06:09  Log przez Wi-Fi: brak połączenia (timed out); ponawiam za 5 s
12:06:24  Log przez Wi-Fi: brak połączenia (timed out); ponawiam za 5 s
12:06:39  Log przez Wi-Fi: brak połączenia (timed out); ponawiam za 5 s
12:06:54  Log przez Wi-Fi: brak połączenia (timed out); ponawiam za 5 s
12:07:09  Log przez Wi-Fi: brak połączenia (timed out); ponawiam za 5 s
12:07:24  Log przez Wi-Fi: brak połączenia (timed out); ponawiam za 5 s
12:07:39  Log przez Wi-Fi: brak połączenia (timed out); ponawiam za 5 s
12:07:54  Log przez Wi-Fi: brak połączenia (timed out); ponawiam za 5 s
12:08:09  Log przez Wi-Fi: brak połączenia (timed out); ponawiam za 5 s
12:08:24  Log przez Wi-Fi: brak połączenia (timed out); ponawiam za 5 s
12:08:39  Log przez Wi-Fi: brak połączenia (timed out); ponawiam za 5 s
12:08:54  Log przez Wi-Fi: brak połączenia (timed out); ponawiam za 5 s
12:09:09  Log przez Wi-Fi: brak połączenia (timed out); ponawiam za 5 s
12:09:24  Log przez Wi-Fi: brak połączenia (timed out); ponawiam za 5 s
12:09:39  Log przez Wi-Fi: brak połączenia (timed out); ponawiam za 5 s
12:09:54  Log przez Wi-Fi: brak połączenia (timed out); ponawiam za 5 s
12:10:09  Log przez Wi-Fi: brak połączenia (timed out); ponawiam za 5 s
12:10:24  Log przez Wi-Fi: brak połączenia (timed out); ponawiam za 5 s
12:10:39  Log przez Wi-Fi: brak połączenia (timed out); ponawiam za 5 s
12:10:54  Log przez Wi-Fi: brak połączenia (timed out); ponawiam za 5 s
12:11:09  Log przez Wi-Fi: brak połączenia (timed out); ponawiam za 5 s
12:11:24  Log przez Wi-Fi: brak połączenia (timed out); ponawiam za 5 s
12:11:39  Log przez Wi-Fi: brak połączenia (timed out); ponawiam za 5 s
12:11:54  Log przez Wi-Fi: brak połączenia (timed out); ponawiam za 5 s
12:12:09  Log przez Wi-Fi: brak połączenia (timed out); ponawiam za 5 s
12:12:24  Log przez Wi-Fi: brak połączenia (timed out); ponawiam za 5 s
12:12:39  Log przez Wi-Fi: brak połączenia (timed out); ponawiam za 5 s
12:12:54  Log przez Wi-Fi: brak połączenia (timed out); ponawiam za 5 s
12:13:09  Log przez Wi-Fi: brak połączenia (timed out); ponawiam za 5 s
12:13:24  Log przez Wi-Fi: brak połączenia (timed out); ponawiam za 5 s
12:13:39  Log przez Wi-Fi: brak połączenia (timed out); ponawiam za 5 s
12:13:54  Log przez Wi-Fi: brak połączenia (timed out); ponawiam za 5 s
12:14:09  Log przez Wi-Fi: brak połączenia (timed out); ponawiam za 5 s
12:14:24  Log przez Wi-Fi: brak połączenia (timed out); ponawiam za 5 s
12:14:39  Log przez Wi-Fi: brak połączenia (timed out); ponawiam za 5 s
12:14:54  Log przez Wi-Fi: brak połączenia (timed out); ponawiam za 5 s
12:15:09  Log przez Wi-Fi: brak połączenia (timed out); ponawiam za 5 s
12:15:24  Log przez Wi-Fi: brak połączenia (timed out); ponawiam za 5 s
12:15:39  Log przez Wi-Fi: brak połączenia (timed out); ponawiam za 5 s
12:15:54  Log przez Wi-Fi: brak połączenia (timed out); ponawiam za 5 s
12:16:09  Log przez Wi-Fi: brak połączenia (timed out); ponawiam za 5 s
12:54:32  Log przez Wi-Fi: brak połączenia ([WinError 10065] Próba przeprowadzenia operacji, wykonywanej przez gniazdo, na nieosiągalnym hoście); ponawiam za 5 s
13:05:40  Log przez Wi-Fi: brak połączenia ([WinError 10065] Próba przeprowadzenia operacji, wykonywanej przez gniazdo, na nieosiągalnym hoście); ponawiam za 5 s
13:05:45  Log przez Wi-Fi: brak połączenia ([WinError 10065] Próba przeprowadzenia operacji, wykonywanej przez gniazdo, na nieosiągalnym hoście); ponawiam za 5 s
13:05:50  Log przez Wi-Fi: brak połączenia ([WinError 10065] Próba przeprowadzenia operacji, wykonywanej przez gniazdo, na nieosiągalnym hoście); ponawiam za 5 s
13:05:55  Log przez Wi-Fi: brak połączenia ([WinError 10065] Próba przeprowadzenia operacji, wykonywanej przez gniazdo, na nieosiągalnym hoście); ponawiam za 5 s
13:06:00  Log przez Wi-Fi: brak połączenia ([WinError 10065] Próba przeprowadzenia operacji, wykonywanej przez gniazdo, na nieosiągalnym hoście); ponawiam za 5 s
13:06:05  Log przez Wi-Fi: brak połączenia ([WinError 10065] Próba przeprowadzenia operacji, wykonywanej przez gniazdo, na nieosiągalnym hoście); ponawiam za 5 s
13:06:10  Log przez Wi-Fi: brak połączenia ([WinError 10065] Próba przeprowadzenia operacji, wykonywanej przez gniazdo, na nieosiągalnym hoście); ponawiam za 5 s
13:06:15  Log przez Wi-Fi: brak połączenia ([WinError 10065] Próba przeprowadzenia operacji, wykonywanej przez gniazdo, na nieosiągalnym hoście); ponawiam za 5 s
13:06:20  Log przez Wi-Fi: brak połączenia ([WinError 10065] Próba przeprowadzenia operacji, wykonywanej przez gniazdo, na nieosiągalnym hoście); ponawiam za 5 s
13:06:25  Log przez Wi-Fi: brak połączenia ([WinError 10065] Próba przeprowadzenia operacji, wykonywanej przez gniazdo, na nieosiągalnym hoście); ponawiam za 5 s
13:06:30  Log przez Wi-Fi: brak połączenia ([WinError 10065] Próba przeprowadzenia operacji, wykonywanej przez gniazdo, na nieosiągalnym hoście); ponawiam za 5 s
13:06:35  Log przez Wi-Fi: brak połączenia ([WinError 10065] Próba przeprowadzenia operacji, wykonywanej przez gniazdo, na nieosiągalnym hoście); ponawiam za 5 s
13:06:40  Log przez Wi-Fi: brak połączenia ([WinError 10065] Próba przeprowadzenia operacji, wykonywanej przez gniazdo, na nieosiągalnym hoście); ponawiam za 5 s
13:06:45  Log przez Wi-Fi: brak połączenia ([WinError 10065] Próba przeprowadzenia operacji, wykonywanej przez gniazdo, na nieosiągalnym hoście); ponawiam za 5 s
13:06:50  Log przez Wi-Fi: brak połączenia ([WinError 10065] Próba przeprowadzenia operacji, wykonywanej przez gniazdo, na nieosiągalnym hoście); ponawiam za 5 s
13:06:55  Log przez Wi-Fi: brak połączenia ([WinError 10065] Próba przeprowadzenia operacji, wykonywanej przez gniazdo, na nieosiągalnym hoście); ponawiam za 5 s
13:07:00  Log przez Wi-Fi: brak połączenia ([WinError 10065] Próba przeprowadzenia operacji, wykonywanej przez gniazdo, na nieosiągalnym hoście); ponawiam za 5 s
13:07:06  Log przez Wi-Fi: brak połączenia ([WinError 10065] Próba przeprowadzenia operacji, wykonywanej przez gniazdo, na nieosiągalnym hoście); ponawiam za 5 s
13:07:11  Log przez Wi-Fi: brak połączenia ([WinError 10065] Próba przeprowadzenia operacji, wykonywanej przez gniazdo, na nieosiągalnym hoście); ponawiam za 5 s
13:07:16  Log przez Wi-Fi: brak połączenia ([WinError 10065] Próba przeprowadzenia operacji, wykonywanej przez gniazdo, na nieosiągalnym hoście); ponawiam za 5 s
13:07:21  Log przez Wi-Fi: brak połączenia ([WinError 10065] Próba przeprowadzenia operacji, wykonywanej przez gniazdo, na nieosiągalnym hoście); ponawiam za 5 s
13:07:26  Log przez Wi-Fi: brak połączenia ([WinError 10065] Próba przeprowadzenia operacji, wykonywanej przez gniazdo, na nieosiągalnym hoście); ponawiam za 5 s
13:07:31  Log przez Wi-Fi: brak połączenia ([WinError 10065] Próba przeprowadzenia operacji, wykonywanej przez gniazdo, na nieosiągalnym hoście); ponawiam za 5 s
13:07:36  Log przez Wi-Fi: brak połączenia ([WinError 10065] Próba przeprowadzenia operacji, wykonywanej przez gniazdo, na nieosiągalnym hoście); ponawiam za 5 s
13:07:41  Log przez Wi-Fi: brak połączenia ([WinError 10065] Próba przeprowadzenia operacji, wykonywanej przez gniazdo, na nieosiągalnym hoście); ponawiam za 5 s
13:07:46  Log przez Wi-Fi: brak połączenia ([WinError 10065] Próba przeprowadzenia operacji, wykonywanej przez gniazdo, na nieosiągalnym hoście); ponawiam za 5 s
13:07:51  Log przez Wi-Fi: brak połączenia ([WinError 10065] Próba przeprowadzenia operacji, wykonywanej przez gniazdo, na nieosiągalnym hoście); ponawiam za 5 s
13:07:56  Log przez Wi-Fi: brak połączenia ([WinError 10065] Próba przeprowadzenia operacji, wykonywanej przez gniazdo, na nieosiągalnym hoście); ponawiam za 5 s
13:08:01  Log przez Wi-Fi: brak połączenia ([WinError 10065] Próba przeprowadzenia operacji, wykonywanej przez gniazdo, na nieosiągalnym hoście); ponawiam za 5 s
13:08:06  Log przez Wi-Fi: brak połączenia ([WinError 10065] Próba przeprowadzenia operacji, wykonywanej przez gniazdo, na nieosiągalnym hoście); ponawiam za 5 s
13:08:11  Log przez Wi-Fi: brak połączenia ([WinError 10065] Próba przeprowadzenia operacji, wykonywanej przez gniazdo, na nieosiągalnym hoście); ponawiam za 5 s
13:08:16  Log przez Wi-Fi: brak połączenia ([WinError 10065] Próba przeprowadzenia operacji, wykonywanej przez gniazdo, na nieosiągalnym hoście); ponawiam za 5 s
13:08:21  Log przez Wi-Fi: brak połączenia ([WinError 10065] Próba przeprowadzenia operacji, wykonywanej przez gniazdo, na nieosiągalnym hoście); ponawiam za 5 s
13:08:26  Log przez Wi-Fi: brak połączenia ([WinError 10065] Próba przeprowadzenia operacji, wykonywanej przez gniazdo, na nieosiągalnym hoście); ponawiam za 5 s
13:08:31  Log przez Wi-Fi: brak połączenia ([WinError 10065] Próba przeprowadzenia operacji, wykonywanej przez gniazdo, na nieosiągalnym hoście); ponawiam za 5 s
13:08:36  Log przez Wi-Fi: brak połączenia ([WinError 10065] Próba przeprowadzenia operacji, wykonywanej przez gniazdo, na nieosiągalnym hoście); ponawiam za 5 s
13:08:41  Log przez Wi-Fi: brak połączenia ([WinError 10065] Próba przeprowadzenia operacji, wykonywanej przez gniazdo, na nieosiągalnym hoście); ponawiam za 5 s
13:08:46  Log przez Wi-Fi: brak połączenia ([WinError 10065] Próba przeprowadzenia operacji, wykonywanej przez gniazdo, na nieosiągalnym hoście); ponawiam za 5 s
13:08:51  Log przez Wi-Fi: brak połączenia ([WinError 10065] Próba przeprowadzenia operacji, wykonywanej przez gniazdo, na nieosiągalnym hoście); ponawiam za 5 s
13:08:56  Log przez Wi-Fi: brak połączenia ([WinError 10065] Próba przeprowadzenia operacji, wykonywanej przez gniazdo, na nieosiągalnym hoście); ponawiam za 5 s
13:09:01  Log przez Wi-Fi: brak połączenia ([WinError 10065] Próba przeprowadzenia operacji, wykonywanej przez gniazdo, na nieosiągalnym hoście); ponawiam za 5 s
13:09:06  Log przez Wi-Fi: brak połączenia ([WinError 10065] Próba przeprowadzenia operacji, wykonywanej przez gniazdo, na nieosiągalnym hoście); ponawiam za 5 s
13:09:11  Log przez Wi-Fi: brak połączenia ([WinError 10065] Próba przeprowadzenia operacji, wykonywanej przez gniazdo, na nieosiągalnym hoście); ponawiam za 5 s
13:09:16  Log przez Wi-Fi: brak połączenia ([WinError 10065] Próba przeprowadzenia operacji, wykonywanej przez gniazdo, na nieosiągalnym hoście); ponawiam za 5 s
13:09:21  Log przez Wi-Fi: brak połączenia ([WinError 10065] Próba przeprowadzenia operacji, wykonywanej przez gniazdo, na nieosiągalnym hoście); ponawiam za 5 s
13:09:26  Log przez Wi-Fi: brak połączenia ([WinError 10065] Próba przeprowadzenia operacji, wykonywanej przez gniazdo, na nieosiągalnym hoście); ponawiam za 5 s
13:09:31  Log przez Wi-Fi: brak połączenia ([WinError 10065] Próba przeprowadzenia operacji, wykonywanej przez gniazdo, na nieosiągalnym hoście); ponawiam za 5 s
13:09:36  Log przez Wi-Fi: brak połączenia ([WinError 10065] Próba przeprowadzenia operacji, wykonywanej przez gniazdo, na nieosiągalnym hoście); ponawiam za 5 s
13:09:41  Log przez Wi-Fi: brak połączenia ([WinError 10065] Próba przeprowadzenia operacji, wykonywanej przez gniazdo, na nieosiągalnym hoście); ponawiam za 5 s
13:09:46  Log przez Wi-Fi: brak połączenia ([WinError 10065] Próba przeprowadzenia operacji, wykonywanej przez gniazdo, na nieosiągalnym hoście); ponawiam za 5 s
13:09:51  Log przez Wi-Fi: brak połączenia ([WinError 10065] Próba przeprowadzenia operacji, wykonywanej przez gniazdo, na nieosiągalnym hoście); ponawiam za 5 s
13:09:56  Log przez Wi-Fi: brak połączenia ([WinError 10065] Próba przeprowadzenia operacji, wykonywanej przez gniazdo, na nieosiągalnym hoście); ponawiam za 5 s
13:10:01  Log przez Wi-Fi: brak połączenia ([WinError 10065] Próba przeprowadzenia operacji, wykonywanej przez gniazdo, na nieosiągalnym hoście); ponawiam za 5 s
13:10:06  Log przez Wi-Fi: brak połączenia ([WinError 10065] Próba przeprowadzenia operacji, wykonywanej przez gniazdo, na nieosiągalnym hoście); ponawiam za 5 s
13:10:11  Log przez Wi-Fi: brak połączenia ([WinError 10065] Próba przeprowadzenia operacji, wykonywanej przez gniazdo, na nieosiągalnym hoście); ponawiam za 5 s
13:10:16  Log przez Wi-Fi: brak połączenia ([WinError 10065] Próba przeprowadzenia operacji, wykonywanej przez gniazdo, na nieosiągalnym hoście); ponawiam za 5 s
13:10:21  Log przez Wi-Fi: brak połączenia ([WinError 10065] Próba przeprowadzenia operacji, wykonywanej przez gniazdo, na nieosiągalnym hoście); ponawiam za 5 s
13:10:26  Log przez Wi-Fi: brak połączenia ([WinError 10065] Próba przeprowadzenia operacji, wykonywanej przez gniazdo, na nieosiągalnym hoście); ponawiam za 5 s
13:10:31  Log przez Wi-Fi: brak połączenia ([WinError 10065] Próba przeprowadzenia operacji, wykonywanej przez gniazdo, na nieosiągalnym hoście); ponawiam za 5 s
13:10:36  Log przez Wi-Fi: brak połączenia ([WinError 10065] Próba przeprowadzenia operacji, wykonywanej przez gniazdo, na nieosiągalnym hoście); ponawiam za 5 s
13:10:41  Log przez Wi-Fi: brak połączenia ([WinError 10065] Próba przeprowadzenia operacji, wykonywanej przez gniazdo, na nieosiągalnym hoście); ponawiam za 5 s
13:10:46  Log przez Wi-Fi: brak połączenia ([WinError 10065] Próba przeprowadzenia operacji, wykonywanej przez gniazdo, na nieosiągalnym hoście); ponawiam za 5 s
13:10:51  Log przez Wi-Fi: brak połączenia ([WinError 10065] Próba przeprowadzenia operacji, wykonywanej przez gniazdo, na nieosiągalnym hoście); ponawiam za 5 s
13:10:56  Log przez Wi-Fi: brak połączenia ([WinError 10065] Próba przeprowadzenia operacji, wykonywanej przez gniazdo, na nieosiągalnym hoście); ponawiam za 5 s
13:11:01  Log przez Wi-Fi: brak połączenia ([WinError 10065] Próba przeprowadzenia operacji, wykonywanej przez gniazdo, na nieosiągalnym hoście); ponawiam za 5 s
13:11:06  Log przez Wi-Fi: brak połączenia ([WinError 10065] Próba przeprowadzenia operacji, wykonywanej przez gniazdo, na nieosiągalnym hoście); ponawiam za 5 s
13:11:11  Log przez Wi-Fi: połączono z 192.168.0.238
13:11:12      TMCU: D shelly_tmcu.cpp:890     TX: 0x34 v=3 [02ff1a091a0d0b0c06] (Ready)
13:12:32      TMCU: D shelly_tmcu.cpp:598     RX: 0x07 v=3 [1802000400000013] (state Ready)
13:18:53      TMCU: D shelly_tmcu.cpp:598     RX: 0x07 v=3 [1802000400000013] (state Ready)
13:25:14      TMCU: D shelly_tmcu.cpp:598     RX: 0x07 v=3 [1802000400000013] (state Ready)
13:31:35      TMCU: D shelly_tmcu.cpp:598     RX: 0x07 v=3 [1802000400000013] (state Ready)
13:37:56      TMCU: D shelly_tmcu.cpp:598     RX: 0x07 v=3 [1802000400000013] (state Ready)
13:39:28      TMCU: D shelly_tmcu.cpp:890     TX: 0x34 v=3 [02ff1a091a0d272006] (Ready)
13:44:16      TMCU: D shelly_tmcu.cpp:598     RX: 0x07 v=3 [1802000400000013] (state Ready)
13:50:37      TMCU: D shelly_tmcu.cpp:598     RX: 0x07 v=3 [1802000400000014] (state Ready)
13:50:37      TMCU: D shelly_tmcu.cpp:860     upd int 24 = 20
13:50:37      TMCU: D shelly_tmcu.cpp:79      Tmcu Event 4 (0x3fca0d80)
13:56:58      TMCU: D shelly_tmcu.cpp:598     RX: 0x07 v=3 [1802000400000014] (state Ready)
14:03:19      TMCU: D shelly_tmcu.cpp:598     RX: 0x07 v=3 [1802000400000014] (state Ready)
14:09:40      TMCU: D shelly_tmcu.cpp:598     RX: 0x07 v=3 [1802000400000014] (state Ready)
14:11:37      TMCU: D shelly_tmcu.cpp:890     TX: 0x34 v=3 [02ff1a091a0e0b2806] (Ready)
14:16:01      TMCU: D shelly_tmcu.cpp:598     RX: 0x07 v=3 [1802000400000014] (state Ready)
14:22:21      TMCU: D shelly_tmcu.cpp:598     RX: 0x07 v=3 [1802000400000014] (state Ready)
14:28:42      TMCU: D shelly_tmcu.cpp:598     RX: 0x07 v=3 [1802000400000014] (state Ready)
14:35:03      TMCU: D shelly_tmcu.cpp:598     RX: 0x07 v=3 [1802000400000014] (state Ready)
14:41:24      TMCU: D shelly_tmcu.cpp:598     RX: 0x07 v=3 [1802000400000014] (state Ready)
14:42:06      TMCU: D shelly_tmcu.cpp:890     TX: 0x34 v=3 [02ff1a091a0e2a0a06] (Ready)
14:47:45      TMCU: D shelly_tmcu.cpp:598     RX: 0x07 v=3 [1802000400000014] (state Ready)
14:54:06      TMCU: D shelly_tmcu.cpp:598     RX: 0x07 v=3 [1802000400000014] (state Ready)
15:00:27      TMCU: D shelly_tmcu.cpp:598     RX: 0x07 v=3 [1802000400000014] (state Ready)
15:06:47      TMCU: D shelly_tmcu.cpp:598     RX: 0x07 v=3 [1802000400000014] (state Ready)
15:13:08      TMCU: D shelly_tmcu.cpp:598     RX: 0x07 v=3 [1802000400000014] (state Ready)
15:13:21      TMCU: D shelly_tmcu.cpp:890     TX: 0x34 v=3 [02ff1a091a0f0d1806] (Ready)
15:19:29      TMCU: D shelly_tmcu.cpp:598     RX: 0x07 v=3 [1802000400000014] (state Ready)
15:25:50      TMCU: D shelly_tmcu.cpp:598     RX: 0x07 v=3 [1802000400000014] (state Ready)
15:32:11      TMCU: D shelly_tmcu.cpp:598     RX: 0x07 v=3 [1802000400000014] (state Ready)
15:38:32      TMCU: D shelly_tmcu.cpp:598     RX: 0x07 v=3 [1802000400000014] (state Ready)
15:42:04      TMCU: D shelly_tmcu.cpp:890     TX: 0x34 v=3 [02ff1a091a0f2a0706] (Ready)
15:44:02  Q11: mikrokontroler nie odpowiada (Heartbeat timed out); kolejne takie same pomijam
15:44:02      TMCU: D shelly_tmcu.cpp:79      Tmcu Event 1 (0x3fca0ef8)
15:44:03  Q11: mikrokontroler się odezwał
15:44:03      TMCU: D shelly_tmcu.cpp:598     RX: 0x00 v=3 [01] (state Ready)
15:44:52      TMCU: D shelly_tmcu.cpp:598     RX: 0x07 v=3 [1802000400000014] (state Ready)
15:51:13      TMCU: D shelly_tmcu.cpp:598     RX: 0x07 v=3 [1802000400000014] (state Ready)
15:57:34      TMCU: D shelly_tmcu.cpp:598     RX: 0x07 v=3 [1802000400000014] (state Ready)
16:03:55      TMCU: D shelly_tmcu.cpp:598     RX: 0x07 v=3 [1802000400000014] (state Ready)
16:05:23  Q11: mikrokontroler nie odpowiada (Heartbeat timed out); kolejne takie same pomijam
16:05:23      TMCU: D shelly_tmcu.cpp:79      Tmcu Event 1 (0x3fca0ef8)
16:05:24  Q11: mikrokontroler się odezwał
16:05:24      TMCU: D shelly_tmcu.cpp:598     RX: 0x00 v=3 [01] (state Ready)
16:10:16      TMCU: D shelly_tmcu.cpp:598     RX: 0x07 v=3 [1802000400000014] (state Ready)
16:10:58      TMCU: D shelly_tmcu.cpp:890     TX: 0x34 v=3 [02ff1a091a100b0206] (Ready)
16:16:37      TMCU: D shelly_tmcu.cpp:598     RX: 0x07 v=3 [1802000400000014] (state Ready)
16:22:57      TMCU: D shelly_tmcu.cpp:598     RX: 0x07 v=3 [1802000400000014] (state Ready)
16:29:18      TMCU: D shelly_tmcu.cpp:598     RX: 0x07 v=3 [1802000400000014] (state Ready)
16:35:39      TMCU: D shelly_tmcu.cpp:598     RX: 0x07 v=3 [1802000400000014] (state Ready)
16:41:50      TMCU: D shelly_tmcu.cpp:890     TX: 0x34 v=3 [02ff1a091a10293606] (Ready)
16:42:00      TMCU: D shelly_tmcu.cpp:598     RX: 0x07 v=3 [1802000400000014] (state Ready)
16:42:59  Q11: mikrokontroler nie odpowiada (Heartbeat timed out); kolejne takie same pomijam
16:42:59      TMCU: D shelly_tmcu.cpp:79      Tmcu Event 1 (0x3fca0ef8)
16:43:00  Q11: mikrokontroler się odezwał
16:43:00      TMCU: D shelly_tmcu.cpp:598     RX: 0x00 v=3 [01] (state Ready)
16:48:21      TMCU: D shelly_tmcu.cpp:598     RX: 0x07 v=3 [1802000400000014] (state Ready)
16:54:42      TMCU: D shelly_tmcu.cpp:598     RX: 0x07 v=3 [1802000400000014] (state Ready)
17:01:03      TMCU: D shelly_tmcu.cpp:598     RX: 0x07 v=3 [1802000400000014] (state Ready)
17:07:23      TMCU: D shelly_tmcu.cpp:598     RX: 0x07 v=3 [1802000400000014] (state Ready)
17:13:44      TMCU: D shelly_tmcu.cpp:598     RX: 0x07 v=3 [1802000400000014] (state Ready)
17:13:59      TMCU: D shelly_tmcu.cpp:890     TX: 0x34 v=3 [02ff1a091a110e0306] (Ready)
17:17:59      TMCU: D shelly_tmcu.cpp:598     RX: 0x07 v=3 [0600000700000000000000] (state Ready)
17:17:59      TMCU: D shelly_tmcu.cpp:598     RX: 0x07 v=3 [0700000700000000000000] (state Ready)
17:17:59      TMCU: D shelly_tmcu.cpp:598     RX: 0x07 v=3 [0800000700000000000000] (state Ready)
17:17:59      TMCU: D shelly_tmcu.cpp:598     RX: 0x07 v=3 [0902000400000000] (state Ready)
17:18:20  Q11: mikrokontroler nie odpowiada (Heartbeat timed out); kolejne takie same pomijam
17:18:20      TMCU: D shelly_tmcu.cpp:79      Tmcu Event 1 (0x3fca0ef8)
17:18:21  Q11: mikrokontroler się odezwał
17:18:21      TMCU: D shelly_tmcu.cpp:598     RX: 0x00 v=3 [01] (state Ready)
17:18:23      TMCU: D shelly_tmcu.cpp:598     RX: 0x07 v=3 [0600000700000000000000] (state Ready)
17:18:23      TMCU: D shelly_tmcu.cpp:598     RX: 0x07 v=3 [0700000700000000000000] (state Ready)
17:18:23      TMCU: D shelly_tmcu.cpp:598     RX: 0x07 v=3 [0800000700000000000000] (state Ready)
17:18:23      TMCU: D shelly_tmcu.cpp:598     RX: 0x07 v=3 [0902000400000000] (state Ready)
17:20:05      TMCU: D shelly_tmcu.cpp:598     RX: 0x07 v=3 [1802000400000014] (state Ready)
17:26:26      TMCU: D shelly_tmcu.cpp:598     RX: 0x07 v=3 [1802000400000014] (state Ready)
17:32:47      TMCU: D shelly_tmcu.cpp:598     RX: 0x07 v=3 [1802000400000014] (state Ready)
17:35:39      TMCU: D shelly_tmcu.cpp:598     RX: 0x07 v=3 [0600000700000000000000] (state Ready)
17:35:39      TMCU: D shelly_tmcu.cpp:598     RX: 0x07 v=3 [0700000700000000000000] (state Ready)
17:35:39      TMCU: D shelly_tmcu.cpp:598     RX: 0x07 v=3 [0800000700000000000000] (state Ready)
17:35:39      TMCU: D shelly_tmcu.cpp:598     RX: 0x07 v=3 [0902000400000000] (state Ready)
17:36:02      TMCU: D shelly_tmcu.cpp:598     RX: 0x07 v=3 [0600000700000000000000] (state Ready)
17:36:03      TMCU: D shelly_tmcu.cpp:598     RX: 0x07 v=3 [0700000700000000000000] (state Ready)
17:36:03      TMCU: D shelly_tmcu.cpp:598     RX: 0x07 v=3 [0800000700000000000000] (state Ready)
17:36:03      TMCU: D shelly_tmcu.cpp:598     RX: 0x07 v=3 [0902000400000000] (state Ready)
17:39:09      TMCU: D shelly_tmcu.cpp:598     RX: 0x07 v=3 [1802000400000014] (state Ready)
17:43:34      TMCU: D shelly_tmcu.cpp:598     RX: 0x07 v=3 [0600000700000000000000] (state Ready)
17:43:34      TMCU: D shelly_tmcu.cpp:598     RX: 0x07 v=3 [0700000700000000000000] (state Ready)
17:43:34      TMCU: D shelly_tmcu.cpp:598     RX: 0x07 v=3 [0800000700000000000000] (state Ready)
17:43:34      TMCU: D shelly_tmcu.cpp:598     RX: 0x07 v=3 [0902000400000000] (state Ready)
17:45:00      TMCU: D shelly_tmcu.cpp:890     TX: 0x34 v=3 [02ff1a091a112d0406] (Ready)
17:45:30      TMCU: D shelly_tmcu.cpp:598     RX: 0x07 v=3 [1802000400000014] (state Ready)
17:46:58      TMCU: D shelly_tmcu.cpp:598     RX: 0x07 v=3 [0600000700000000000000] (state Ready)
17:46:58      TMCU: D shelly_tmcu.cpp:598     RX: 0x07 v=3 [0700000700000000000000] (state Ready)
17:46:58      TMCU: D shelly_tmcu.cpp:598     RX: 0x07 v=3 [0800000700000000000000] (state Ready)
17:46:58      TMCU: D shelly_tmcu.cpp:598     RX: 0x07 v=3 [0902000400000000] (state Ready)
17:48:26  Q11: mikrokontroler nie odpowiada (Heartbeat timed out); kolejne takie same pomijam
17:48:26      TMCU: D shelly_tmcu.cpp:79      Tmcu Event 1 (0x3fca0ef8)
17:48:27  Q11: mikrokontroler się odezwał
17:48:27      TMCU: D shelly_tmcu.cpp:598     RX: 0x00 v=3 [01] (state Ready)
17:51:51      TMCU: D shelly_tmcu.cpp:598     RX: 0x07 v=3 [1802000400000014] (state Ready)
17:58:12      TMCU: D shelly_tmcu.cpp:598     RX: 0x07 v=3 [1802000400000014] (state Ready)
18:04:32      TMCU: D shelly_tmcu.cpp:598     RX: 0x07 v=3 [1802000400000014] (state Ready)
18:10:53      TMCU: D shelly_tmcu.cpp:598     RX: 0x07 v=3 [1802000400000014] (state Ready)
18:14:39      TMCU: D shelly_tmcu.cpp:890     TX: 0x34 v=3 [02ff1a091a120e2b06] (Ready)
18:17:14      TMCU: D shelly_tmcu.cpp:598     RX: 0x07 v=3 [1802000400000014] (state Ready)
18:23:35      TMCU: D shelly_tmcu.cpp:598     RX: 0x07 v=3 [1802000400000014] (state Ready)
18:24:32  Q11: mikrokontroler nie odpowiada (Heartbeat timed out); kolejne takie same pomijam
18:24:32      TMCU: D shelly_tmcu.cpp:79      Tmcu Event 1 (0x3fca0ef8)
18:24:33  Q11: mikrokontroler się odezwał
18:24:33      TMCU: D shelly_tmcu.cpp:598     RX: 0x00 v=3 [01] (state Ready)
18:29:56      TMCU: D shelly_tmcu.cpp:598     RX: 0x07 v=3 [1802000400000014] (state Ready)
18:36:17      TMCU: D shelly_tmcu.cpp:598     RX: 0x07 v=3 [1802000400000014] (state Ready)
18:42:00      TMCU: D shelly_tmcu.cpp:890     TX: 0x34 v=3 [02ff1a091a122a0406] (Ready)
18:42:38      TMCU: D shelly_tmcu.cpp:598     RX: 0x07 v=3 [1802000400000014] (state Ready)
18:47:30      TMCU: D shelly_tmcu.cpp:598     RX: 0x07 v=3 [0600000700000000000000] (state Ready)
18:47:30      TMCU: D shelly_tmcu.cpp:598     RX: 0x07 v=3 [0700000700000000000000] (state Ready)
18:47:30      TMCU: D shelly_tmcu.cpp:598     RX: 0x07 v=3 [0800000700000000000000] (state Ready)
18:47:30      TMCU: D shelly_tmcu.cpp:598     RX: 0x07 v=3 [0902000400000000] (state Ready)
18:47:52      TMCU: D shelly_tmcu.cpp:598     RX: 0x07 v=3 [0600000700000000000000] (state Ready)
18:47:52      TMCU: D shelly_tmcu.cpp:598     RX: 0x07 v=3 [0700000700000000000000] (state Ready)
18:47:52      TMCU: D shelly_tmcu.cpp:598     RX: 0x07 v=3 [0800000700000000000000] (state Ready)
18:47:52      TMCU: D shelly_tmcu.cpp:598     RX: 0x07 v=3 [0902000400000000] (state Ready)
18:48:59      TMCU: D shelly_tmcu.cpp:598     RX: 0x07 v=3 [1802000400000014] (state Ready)
18:49:24  Q11: mikrokontroler nie odpowiada (Heartbeat timed out); kolejne takie same pomijam
18:49:24      TMCU: D shelly_tmcu.cpp:79      Tmcu Event 1 (0x3fca0ef8)
18:49:24  Q11: mikrokontroler się odezwał
18:49:24      TMCU: D shelly_tmcu.cpp:598     RX: 0x00 v=3 [01] (state Ready)
18:50:30  Log przez Wi-Fi: brak połączenia ([WinError 10054] Istniejące połączenie zostało gwałtownie zamknięte przez zdalnego hosta); ponawiam za 5 s
18:50:36  Log przez Wi-Fi: połączono z 192.168.0.238
18:51:14  Q11: mikrokontroler nie odpowiada (Heartbeat timed out); kolejne takie same pomijam
18:51:14      TMCU: D shelly_tmcu.cpp:79      Tmcu Event 1 (0x3fca0ef8)
18:51:15  Q11: mikrokontroler się odezwał
18:51:15      TMCU: D shelly_tmcu.cpp:598     RX: 0x00 v=3 [01] (state Ready)
18:55:20      TMCU: D shelly_tmcu.cpp:598     RX: 0x07 v=3 [1802000400000014] (state Ready)
19:01:41      TMCU: D shelly_tmcu.cpp:598     RX: 0x07 v=3 [1802000400000014] (state Ready)
19:08:01      TMCU: D shelly_tmcu.cpp:598     RX: 0x07 v=3 [1802000400000014] (state Ready)
20:18:00  Log przez Wi-Fi: brak połączenia ([WinError 10054] Istniejące połączenie zostało gwałtownie zamknięte przez zdalnego hosta); ponawiam za 5 s
20:18:05  Log przez Wi-Fi: brak połączenia ([WinError 10051] Próba przeprowadzenia operacji, wykonywanej przez gniazdo, na nieosiągalnej sieci); ponawiam za 5 s
02:48:25  Log przez Wi-Fi: brak połączenia ([WinError 10051] Próba przeprowadzenia operacji, wykonywanej przez gniazdo, na nieosiągalnej sieci); ponawiam za 5 s
02:48:40  Log przez Wi-Fi: brak połączenia (timed out); ponawiam za 5 s
11:54:15  Log przez Wi-Fi: brak połączenia ([WinError 10065] Próba przeprowadzenia operacji, wykonywanej przez gniazdo, na nieosiągalnym hoście); ponawiam za 5 s
11:54:20  Log przez Wi-Fi: brak połączenia ([WinError 10065] Próba przeprowadzenia operacji, wykonywanej przez gniazdo, na nieosiągalnym hoście); ponawiam za 5 s
11:54:25  Log przez Wi-Fi: brak połączenia ([WinError 10065] Próba przeprowadzenia operacji, wykonywanej przez gniazdo, na nieosiągalnym hoście); ponawiam za 5 s
11:54:30  Log przez Wi-Fi: brak połączenia ([WinError 10065] Próba przeprowadzenia operacji, wykonywanej przez gniazdo, na nieosiągalnym hoście); ponawiam za 5 s
11:54:35  Log przez Wi-Fi: brak połączenia ([WinError 10065] Próba przeprowadzenia operacji, wykonywanej przez gniazdo, na nieosiągalnym hoście); ponawiam za 5 s
11:54:40  Log przez Wi-Fi: brak połączenia ([WinError 10065] Próba przeprowadzenia operacji, wykonywanej przez gniazdo, na nieosiągalnym hoście); ponawiam za 5 s
11:54:45  Log przez Wi-Fi: brak połączenia ([WinError 10065] Próba przeprowadzenia operacji, wykonywanej przez gniazdo, na nieosiągalnym hoście); ponawiam za 5 s
11:54:50  Log przez Wi-Fi: brak połączenia ([WinError 10065] Próba przeprowadzenia operacji, wykonywanej przez gniazdo, na nieosiągalnym hoście); ponawiam za 5 s
11:54:55  Log przez Wi-Fi: brak połączenia ([WinError 10065] Próba przeprowadzenia operacji, wykonywanej przez gniazdo, na nieosiągalnym hoście); ponawiam za 5 s
11:55:00  Log przez Wi-Fi: brak połączenia ([WinError 10065] Próba przeprowadzenia operacji, wykonywanej przez gniazdo, na nieosiągalnym hoście); ponawiam za 5 s
11:55:05  Log przez Wi-Fi: brak połączenia ([WinError 10065] Próba przeprowadzenia operacji, wykonywanej przez gniazdo, na nieosiągalnym hoście); ponawiam za 5 s
11:55:10  Log przez Wi-Fi: brak połączenia ([WinError 10065] Próba przeprowadzenia operacji, wykonywanej przez gniazdo, na nieosiągalnym hoście); ponawiam za 5 s
11:55:15  Log przez Wi-Fi: brak połączenia ([WinError 10065] Próba przeprowadzenia operacji, wykonywanej przez gniazdo, na nieosiągalnym hoście); ponawiam za 5 s
11:55:20  Log przez Wi-Fi: brak połączenia ([WinError 10065] Próba przeprowadzenia operacji, wykonywanej przez gniazdo, na nieosiągalnym hoście); ponawiam za 5 s
11:55:25  Log przez Wi-Fi: brak połączenia ([WinError 10065] Próba przeprowadzenia operacji, wykonywanej przez gniazdo, na nieosiągalnym hoście); ponawiam za 5 s
11:55:30  Log przez Wi-Fi: brak połączenia ([WinError 10065] Próba przeprowadzenia operacji, wykonywanej przez gniazdo, na nieosiągalnym hoście); ponawiam za 5 s
11:55:35  Log przez Wi-Fi: brak połączenia ([WinError 10065] Próba przeprowadzenia operacji, wykonywanej przez gniazdo, na nieosiągalnym hoście); ponawiam za 5 s
11:55:40  Log przez Wi-Fi: brak połączenia ([WinError 10065] Próba przeprowadzenia operacji, wykonywanej przez gniazdo, na nieosiągalnym hoście); ponawiam za 5 s
11:55:45  Log przez Wi-Fi: brak połączenia ([WinError 10065] Próba przeprowadzenia operacji, wykonywanej przez gniazdo, na nieosiągalnym hoście); ponawiam za 5 s
11:55:50  Log przez Wi-Fi: brak połączenia ([WinError 10065] Próba przeprowadzenia operacji, wykonywanej przez gniazdo, na nieosiągalnym hoście); ponawiam za 5 s
11:55:55  Log przez Wi-Fi: brak połączenia ([WinError 10065] Próba przeprowadzenia operacji, wykonywanej przez gniazdo, na nieosiągalnym hoście); ponawiam za 5 s
11:56:00  Log przez Wi-Fi: połączono z 192.168.0.238
11:56:08      TMCU: D shelly_tmcu.cpp:890     TX: 0x34 v=3 [02ff1a091b0b380807] (Ready)
12:01:19      TMCU: D shelly_tmcu.cpp:598     RX: 0x07 v=3 [1802000400000013] (state Ready)
12:07:40      TMCU: D shelly_tmcu.cpp:598     RX: 0x07 v=3 [1802000400000014] (state Ready)
12:07:40      TMCU: D shelly_tmcu.cpp:860     upd int 24 = 20
12:07:40      TMCU: D shelly_tmcu.cpp:79      Tmcu Event 4 (0x3fca0d80)
12:08:34  Q11: mikrokontroler nie odpowiada (Heartbeat timed out); kolejne takie same pomijam
12:08:34      TMCU: D shelly_tmcu.cpp:79      Tmcu Event 1 (0x3fca0ef8)
12:08:34  Q11: mikrokontroler się odezwał
12:08:34      TMCU: D shelly_tmcu.cpp:598     RX: 0x03 v=3 [] (state Ready)
12:14:00      TMCU: D shelly_tmcu.cpp:598     RX: 0x07 v=3 [1802000400000014] (state Ready)
12:20:21      TMCU: D shelly_tmcu.cpp:598     RX: 0x07 v=3 [1802000400000014] (state Ready)
12:26:42      TMCU: D shelly_tmcu.cpp:598     RX: 0x07 v=3 [1802000400000014] (state Ready)
12:26:57      TMCU: D shelly_tmcu.cpp:890     TX: 0x34 v=3 [02ff1a091b0c1b0207] (Ready)
12:33:03      TMCU: D shelly_tmcu.cpp:598     RX: 0x07 v=3 [1802000400000014] (state Ready)
12:39:24      TMCU: D shelly_tmcu.cpp:598     RX: 0x07 v=3 [1802000400000014] (state Ready)
12:45:45      TMCU: D shelly_tmcu.cpp:598     RX: 0x07 v=3 [1802000400000014] (state Ready)
12:52:06      TMCU: D shelly_tmcu.cpp:598     RX: 0x07 v=3 [1802000400000014] (state Ready)
12:55:22      TMCU: D shelly_tmcu.cpp:890     TX: 0x34 v=3 [02ff1a091b0c371b07] (Ready)
12:58:26      TMCU: D shelly_tmcu.cpp:598     RX: 0x07 v=3 [1802000400000014] (state Ready)
13:04:47      TMCU: D shelly_tmcu.cpp:598     RX: 0x07 v=3 [1802000400000014] (state Ready)
13:10:06  Log przez Wi-Fi: brak połączenia (45 s bez żadnego wiersza logu); ponawiam za 5 s
13:10:21  Log przez Wi-Fi: brak połączenia (timed out); ponawiam za 5 s
13:10:36  Log przez Wi-Fi: brak połączenia (timed out); ponawiam za 5 s
13:10:51  Log przez Wi-Fi: brak połączenia (timed out); ponawiam za 5 s
13:11:06  Log przez Wi-Fi: brak połączenia (timed out); ponawiam za 5 s
13:11:21  Log przez Wi-Fi: brak połączenia (timed out); ponawiam za 5 s
13:11:36  Log przez Wi-Fi: brak połączenia (timed out); ponawiam za 5 s
13:11:51  Log przez Wi-Fi: brak połączenia (timed out); ponawiam za 5 s
13:12:06  Log przez Wi-Fi: brak połączenia (timed out); ponawiam za 5 s
13:12:21  Log przez Wi-Fi: brak połączenia (timed out); ponawiam za 5 s
13:12:36  Log przez Wi-Fi: brak połączenia (timed out); ponawiam za 5 s
13:12:51  Log przez Wi-Fi: brak połączenia (timed out); ponawiam za 5 s
13:13:06  Log przez Wi-Fi: brak połączenia (timed out); ponawiam za 5 s
13:13:21  Log przez Wi-Fi: brak połączenia (timed out); ponawiam za 5 s
13:13:36  Log przez Wi-Fi: brak połączenia (timed out); ponawiam za 5 s
13:13:51  Log przez Wi-Fi: brak połączenia (timed out); ponawiam za 5 s
13:14:06  Log przez Wi-Fi: brak połączenia (timed out); ponawiam za 5 s
13:14:21  Log przez Wi-Fi: brak połączenia (timed out); ponawiam za 5 s
13:14:36  Log przez Wi-Fi: brak połączenia (timed out); ponawiam za 5 s
13:14:51  Log przez Wi-Fi: brak połączenia (timed out); ponawiam za 5 s
13:15:06  Log przez Wi-Fi: brak połączenia (timed out); ponawiam za 5 s
13:15:21  Log przez Wi-Fi: brak połączenia (timed out); ponawiam za 5 s
13:15:36  Log przez Wi-Fi: brak połączenia (timed out); ponawiam za 5 s
13:15:51  Log przez Wi-Fi: brak połączenia (timed out); ponawiam za 5 s
13:16:06  Log przez Wi-Fi: brak połączenia (timed out); ponawiam za 5 s
13:16:21  Log przez Wi-Fi: brak połączenia (timed out); ponawiam za 5 s
13:16:36  Log przez Wi-Fi: brak połączenia (timed out); ponawiam za 5 s
13:16:51  Log przez Wi-Fi: brak połączenia (timed out); ponawiam za 5 s
13:17:06  Log przez Wi-Fi: brak połączenia (timed out); ponawiam za 5 s
13:17:21  Log przez Wi-Fi: brak połączenia (timed out); ponawiam za 5 s
13:17:36  Log przez Wi-Fi: brak połączenia (timed out); ponawiam za 5 s
13:17:52  Log przez Wi-Fi: brak połączenia (timed out); ponawiam za 5 s
13:18:07  Log przez Wi-Fi: brak połączenia (timed out); ponawiam za 5 s
13:18:22  Log przez Wi-Fi: brak połączenia (timed out); ponawiam za 5 s
13:18:37  Log przez Wi-Fi: brak połączenia (timed out); ponawiam za 5 s
13:18:52  Log przez Wi-Fi: brak połączenia (timed out); ponawiam za 5 s
13:19:07  Log przez Wi-Fi: brak połączenia (timed out); ponawiam za 5 s
13:19:22  Log przez Wi-Fi: brak połączenia (timed out); ponawiam za 5 s
13:19:37  Log przez Wi-Fi: brak połączenia (timed out); ponawiam za 5 s
13:19:52  Log przez Wi-Fi: brak połączenia (timed out); ponawiam za 5 s
13:20:07  Log przez Wi-Fi: brak połączenia (timed out); ponawiam za 5 s
13:20:22  Log przez Wi-Fi: brak połączenia (timed out); ponawiam za 5 s
13:20:37  Log przez Wi-Fi: brak połączenia (timed out); ponawiam za 5 s
13:20:52  Log przez Wi-Fi: brak połączenia (timed out); ponawiam za 5 s
13:21:07  Log przez Wi-Fi: brak połączenia (timed out); ponawiam za 5 s
13:21:22  Log przez Wi-Fi: brak połączenia (timed out); ponawiam za 5 s
13:21:37  Log przez Wi-Fi: brak połączenia (timed out); ponawiam za 5 s
13:21:52  Log przez Wi-Fi: brak połączenia (timed out); ponawiam za 5 s
13:22:07  Log przez Wi-Fi: brak połączenia (timed out); ponawiam za 5 s
13:22:22  Log przez Wi-Fi: brak połączenia (timed out); ponawiam za 5 s
13:22:37  Log przez Wi-Fi: brak połączenia (timed out); ponawiam za 5 s
13:22:52  Log przez Wi-Fi: brak połączenia (timed out); ponawiam za 5 s
13:23:07  Log przez Wi-Fi: brak połączenia (timed out); ponawiam za 5 s
13:23:22  Log przez Wi-Fi: brak połączenia (timed out); ponawiam za 5 s
13:23:37  Log przez Wi-Fi: brak połączenia (timed out); ponawiam za 5 s
13:23:52  Log przez Wi-Fi: brak połączenia (timed out); ponawiam za 5 s
13:24:07  Log przez Wi-Fi: brak połączenia (timed out); ponawiam za 5 s
13:24:22  Log przez Wi-Fi: brak połączenia (timed out); ponawiam za 5 s
13:24:37  Log przez Wi-Fi: brak połączenia (timed out); ponawiam za 5 s
13:24:52  Log przez Wi-Fi: brak połączenia (timed out); ponawiam za 5 s
13:25:07  Log przez Wi-Fi: brak połączenia (timed out); ponawiam za 5 s
13:25:22  Log przez Wi-Fi: brak połączenia (timed out); ponawiam za 5 s
13:25:37  Log przez Wi-Fi: brak połączenia (timed out); ponawiam za 5 s
13:25:52  Log przez Wi-Fi: brak połączenia (timed out); ponawiam za 5 s
13:26:07  Log przez Wi-Fi: brak połączenia (timed out); ponawiam za 5 s
13:26:22  Log przez Wi-Fi: brak połączenia (timed out); ponawiam za 5 s
13:26:37  Log przez Wi-Fi: brak połączenia (timed out); ponawiam za 5 s
13:26:52  Log przez Wi-Fi: brak połączenia (timed out); ponawiam za 5 s
13:27:07  Log przez Wi-Fi: brak połączenia (timed out); ponawiam za 5 s
13:27:22  Log przez Wi-Fi: brak połączenia (timed out); ponawiam za 5 s
13:27:37  Log przez Wi-Fi: brak połączenia (timed out); ponawiam za 5 s
13:27:52  Log przez Wi-Fi: brak połączenia (timed out); ponawiam za 5 s
13:28:07  Log przez Wi-Fi: brak połączenia (timed out); ponawiam za 5 s
13:28:22  Log przez Wi-Fi: brak połączenia (timed out); ponawiam za 5 s
13:28:37  Log przez Wi-Fi: brak połączenia (timed out); ponawiam za 5 s
13:28:52  Log przez Wi-Fi: brak połączenia (timed out); ponawiam za 5 s
13:29:07  Log przez Wi-Fi: brak połączenia (timed out); ponawiam za 5 s
13:29:22  Log przez Wi-Fi: brak połączenia (timed out); ponawiam za 5 s
13:29:37  Log przez Wi-Fi: brak połączenia (timed out); ponawiam za 5 s
13:29:52  Log przez Wi-Fi: brak połączenia (timed out); ponawiam za 5 s
13:30:07  Log przez Wi-Fi: brak połączenia (timed out); ponawiam za 5 s
13:30:22  Log przez Wi-Fi: brak połączenia (timed out); ponawiam za 5 s
13:30:37  Log przez Wi-Fi: brak połączenia (timed out); ponawiam za 5 s
13:30:52  Log przez Wi-Fi: brak połączenia (timed out); ponawiam za 5 s
13:31:07  Log przez Wi-Fi: brak połączenia (timed out); ponawiam za 5 s
13:31:22  Log przez Wi-Fi: brak połączenia (timed out); ponawiam za 5 s
13:31:37  Log przez Wi-Fi: brak połączenia (timed out); ponawiam za 5 s
13:31:52  Log przez Wi-Fi: brak połączenia (timed out); ponawiam za 5 s
13:32:07  Log przez Wi-Fi: brak połączenia (timed out); ponawiam za 5 s
13:32:22  Log przez Wi-Fi: brak połączenia (timed out); ponawiam za 5 s
13:32:37  Log przez Wi-Fi: brak połączenia (timed out); ponawiam za 5 s
13:32:52  Log przez Wi-Fi: brak połączenia (timed out); ponawiam za 5 s
13:33:07  Log przez Wi-Fi: brak połączenia (timed out); ponawiam za 5 s
13:33:22  Log przez Wi-Fi: brak połączenia (timed out); ponawiam za 5 s
13:33:37  Log przez Wi-Fi: brak połączenia (timed out); ponawiam za 5 s
13:33:52  Log przez Wi-Fi: brak połączenia (timed out); ponawiam za 5 s
13:34:07  Log przez Wi-Fi: brak połączenia (timed out); ponawiam za 5 s
13:34:22  Log przez Wi-Fi: brak połączenia (timed out); ponawiam za 5 s
13:34:37  Log przez Wi-Fi: brak połączenia (timed out); ponawiam za 5 s
13:34:52  Log przez Wi-Fi: brak połączenia (timed out); ponawiam za 5 s
13:35:07  Log przez Wi-Fi: brak połączenia (timed out); ponawiam za 5 s
13:35:22  Log przez Wi-Fi: brak połączenia (timed out); ponawiam za 5 s
13:35:37  Log przez Wi-Fi: brak połączenia (timed out); ponawiam za 5 s
13:35:52  Log przez Wi-Fi: brak połączenia (timed out); ponawiam za 5 s
13:36:07  Log przez Wi-Fi: brak połączenia (timed out); ponawiam za 5 s
13:36:22  Log przez Wi-Fi: brak połączenia (timed out); ponawiam za 5 s
13:36:37  Log przez Wi-Fi: brak połączenia (timed out); ponawiam za 5 s
13:36:52  Log przez Wi-Fi: brak połączenia (timed out); ponawiam za 5 s
13:37:07  Log przez Wi-Fi: brak połączenia (timed out); ponawiam za 5 s
13:37:22  Log przez Wi-Fi: brak połączenia (timed out); ponawiam za 5 s
13:37:37  Log przez Wi-Fi: brak połączenia (timed out); ponawiam za 5 s
13:37:52  Log przez Wi-Fi: brak połączenia (timed out); ponawiam za 5 s
13:38:07  Log przez Wi-Fi: brak połączenia (timed out); ponawiam za 5 s
13:38:22  Log przez Wi-Fi: brak połączenia (timed out); ponawiam za 5 s
13:38:37  Log przez Wi-Fi: brak połączenia (timed out); ponawiam za 5 s
13:38:52  Log przez Wi-Fi: brak połączenia (timed out); ponawiam za 5 s
13:39:07  Log przez Wi-Fi: brak połączenia (timed out); ponawiam za 5 s
13:39:22  Log przez Wi-Fi: brak połączenia (timed out); ponawiam za 5 s
13:39:37  Log przez Wi-Fi: brak połączenia (timed out); ponawiam za 5 s
13:39:52  Log przez Wi-Fi: brak połączenia (timed out); ponawiam za 5 s
13:40:07  Log przez Wi-Fi: brak połączenia (timed out); ponawiam za 5 s
13:40:22  Log przez Wi-Fi: brak połączenia (timed out); ponawiam za 5 s
13:40:37  Log przez Wi-Fi: brak połączenia (timed out); ponawiam za 5 s
13:40:52  Log przez Wi-Fi: brak połączenia (timed out); ponawiam za 5 s
13:41:07  Log przez Wi-Fi: brak połączenia (timed out); ponawiam za 5 s
13:41:22  Log przez Wi-Fi: brak połączenia (timed out); ponawiam za 5 s
13:41:37  Log przez Wi-Fi: brak połączenia (timed out); ponawiam za 5 s
13:41:52  Log przez Wi-Fi: brak połączenia (timed out); ponawiam za 5 s
13:42:07  Log przez Wi-Fi: brak połączenia (timed out); ponawiam za 5 s
13:42:22  Log przez Wi-Fi: brak połączenia (timed out); ponawiam za 5 s
13:42:37  Log przez Wi-Fi: brak połączenia (timed out); ponawiam za 5 s
13:42:52  Log przez Wi-Fi: brak połączenia (timed out); ponawiam za 5 s
13:43:07  Log przez Wi-Fi: brak połączenia (timed out); ponawiam za 5 s
13:43:22  Log przez Wi-Fi: brak połączenia (timed out); ponawiam za 5 s
13:43:37  Log przez Wi-Fi: brak połączenia (timed out); ponawiam za 5 s
13:43:52  Log przez Wi-Fi: brak połączenia (timed out); ponawiam za 5 s
13:44:07  Log przez Wi-Fi: brak połączenia (timed out); ponawiam za 5 s
13:44:22  Log przez Wi-Fi: brak połączenia (timed out); ponawiam za 5 s
13:44:37  Log przez Wi-Fi: brak połączenia (timed out); ponawiam za 5 s
13:44:52  Log przez Wi-Fi: brak połączenia (timed out); ponawiam za 5 s
13:45:07  Log przez Wi-Fi: brak połączenia (timed out); ponawiam za 5 s
13:45:22  Log przez Wi-Fi: brak połączenia (timed out); ponawiam za 5 s
13:45:37  Log przez Wi-Fi: brak połączenia (timed out); ponawiam za 5 s
13:45:52  Log przez Wi-Fi: brak połączenia (timed out); ponawiam za 5 s
13:46:07  Log przez Wi-Fi: brak połączenia (timed out); ponawiam za 5 s
13:46:22  Log przez Wi-Fi: brak połączenia (timed out); ponawiam za 5 s
13:46:37  Log przez Wi-Fi: brak połączenia (timed out); ponawiam za 5 s
13:46:52  Log przez Wi-Fi: brak połączenia (timed out); ponawiam za 5 s
13:47:07  Log przez Wi-Fi: brak połączenia (timed out); ponawiam za 5 s
13:47:22  Log przez Wi-Fi: brak połączenia (timed out); ponawiam za 5 s
13:47:37  Log przez Wi-Fi: brak połączenia (timed out); ponawiam za 5 s
13:47:52  Log przez Wi-Fi: brak połączenia (timed out); ponawiam za 5 s
13:48:08  Log przez Wi-Fi: brak połączenia (timed out); ponawiam za 5 s
13:48:23  Log przez Wi-Fi: brak połączenia (timed out); ponawiam za 5 s
13:48:38  Log przez Wi-Fi: brak połączenia (timed out); ponawiam za 5 s
13:48:53  Log przez Wi-Fi: brak połączenia (timed out); ponawiam za 5 s
13:49:08  Log przez Wi-Fi: brak połączenia (timed out); ponawiam za 5 s
13:49:23  Log przez Wi-Fi: brak połączenia (timed out); ponawiam za 5 s
13:49:38  Log przez Wi-Fi: brak połączenia (timed out); ponawiam za 5 s
13:49:53  Log przez Wi-Fi: brak połączenia (timed out); ponawiam za 5 s
13:50:08  Log przez Wi-Fi: brak połączenia (timed out); ponawiam za 5 s
13:50:23  Log przez Wi-Fi: brak połączenia (timed out); ponawiam za 5 s
13:50:38  Log przez Wi-Fi: brak połączenia (timed out); ponawiam za 5 s
13:50:53  Log przez Wi-Fi: brak połączenia (timed out); ponawiam za 5 s
13:51:08  Log przez Wi-Fi: brak połączenia (timed out); ponawiam za 5 s
13:51:23  Log przez Wi-Fi: brak połączenia (timed out); ponawiam za 5 s
13:51:38  Log przez Wi-Fi: brak połączenia (timed out); ponawiam za 5 s
13:51:53  Log przez Wi-Fi: brak połączenia (timed out); ponawiam za 5 s
13:52:08  Log przez Wi-Fi: brak połączenia (timed out); ponawiam za 5 s
13:52:23  Log przez Wi-Fi: brak połączenia (timed out); ponawiam za 5 s
13:52:38  Log przez Wi-Fi: brak połączenia (timed out); ponawiam za 5 s
13:52:53  Log przez Wi-Fi: brak połączenia (timed out); ponawiam za 5 s
13:53:08  Log przez Wi-Fi: brak połączenia (timed out); ponawiam za 5 s
13:53:23  Log przez Wi-Fi: brak połączenia (timed out); ponawiam za 5 s
13:53:38  Log przez Wi-Fi: brak połączenia (timed out); ponawiam za 5 s
13:53:53  Log przez Wi-Fi: brak połączenia (timed out); ponawiam za 5 s
13:54:08  Log przez Wi-Fi: brak połączenia (timed out); ponawiam za 5 s
13:54:23  Log przez Wi-Fi: brak połączenia (timed out); ponawiam za 5 s
13:54:38  Log przez Wi-Fi: brak połączenia (timed out); ponawiam za 5 s
13:54:53  Log przez Wi-Fi: brak połączenia (timed out); ponawiam za 5 s
13:55:08  Log przez Wi-Fi: brak połączenia (timed out); ponawiam za 5 s
13:55:23  Log przez Wi-Fi: brak połączenia (timed out); ponawiam za 5 s
13:55:38  Log przez Wi-Fi: brak połączenia (timed out); ponawiam za 5 s
13:55:53  Log przez Wi-Fi: brak połączenia (timed out); ponawiam za 5 s
13:56:08  Log przez Wi-Fi: brak połączenia (timed out); ponawiam za 5 s
13:56:23  Log przez Wi-Fi: brak połączenia (timed out); ponawiam za 5 s
13:56:38  Log przez Wi-Fi: brak połączenia (timed out); ponawiam za 5 s
13:56:53  Log przez Wi-Fi: brak połączenia (timed out); ponawiam za 5 s
13:57:08  Log przez Wi-Fi: brak połączenia (timed out); ponawiam za 5 s
13:57:23  Log przez Wi-Fi: brak połączenia (timed out); ponawiam za 5 s
13:57:38  Log przez Wi-Fi: brak połączenia (timed out); ponawiam za 5 s
13:57:53  Log przez Wi-Fi: brak połączenia (timed out); ponawiam za 5 s
13:58:08  Log przez Wi-Fi: brak połączenia (timed out); ponawiam za 5 s
13:58:23  Log przez Wi-Fi: brak połączenia (timed out); ponawiam za 5 s
13:58:38  Log przez Wi-Fi: brak połączenia (timed out); ponawiam za 5 s
13:58:53  Log przez Wi-Fi: brak połączenia (timed out); ponawiam za 5 s
13:59:08  Log przez Wi-Fi: brak połączenia (timed out); ponawiam za 5 s
13:59:23  Log przez Wi-Fi: brak połączenia (timed out); ponawiam za 5 s
13:59:38  Log przez Wi-Fi: brak połączenia (timed out); ponawiam za 5 s
13:59:53  Log przez Wi-Fi: brak połączenia (timed out); ponawiam za 5 s
14:00:08  Log przez Wi-Fi: brak połączenia (timed out); ponawiam za 5 s
14:00:23  Log przez Wi-Fi: brak połączenia (timed out); ponawiam za 5 s
14:00:38  Log przez Wi-Fi: brak połączenia (timed out); ponawiam za 5 s
14:00:53  Log przez Wi-Fi: brak połączenia (timed out); ponawiam za 5 s
14:01:08  Log przez Wi-Fi: brak połączenia (timed out); ponawiam za 5 s
14:01:23  Log przez Wi-Fi: brak połączenia (timed out); ponawiam za 5 s
14:01:38  Log przez Wi-Fi: brak połączenia (timed out); ponawiam za 5 s
14:01:53  Log przez Wi-Fi: brak połączenia (timed out); ponawiam za 5 s
14:02:08  Log przez Wi-Fi: brak połączenia (timed out); ponawiam za 5 s
14:02:23  Log przez Wi-Fi: brak połączenia (timed out); ponawiam za 5 s
14:02:38  Log przez Wi-Fi: brak połączenia (timed out); ponawiam za 5 s
14:02:53  Log przez Wi-Fi: brak połączenia (timed out); ponawiam za 5 s
14:03:08  Log przez Wi-Fi: brak połączenia (timed out); ponawiam za 5 s
14:03:23  Log przez Wi-Fi: brak połączenia (timed out); ponawiam za 5 s
14:03:38  Log przez Wi-Fi: brak połączenia (timed out); ponawiam za 5 s
14:03:53  Log przez Wi-Fi: brak połączenia (timed out); ponawiam za 5 s
14:04:08  Log przez Wi-Fi: brak połączenia (timed out); ponawiam za 5 s
14:04:23  Log przez Wi-Fi: brak połączenia (timed out); ponawiam za 5 s
14:04:38  Log przez Wi-Fi: brak połączenia (timed out); ponawiam za 5 s
14:04:53  Log przez Wi-Fi: brak połączenia (timed out); ponawiam za 5 s
14:05:08  Log przez Wi-Fi: brak połączenia (timed out); ponawiam za 5 s
14:05:23  Log przez Wi-Fi: brak połączenia (timed out); ponawiam za 5 s
14:05:38  Log przez Wi-Fi: brak połączenia (timed out); ponawiam za 5 s
14:05:53  Log przez Wi-Fi: brak połączenia (timed out); ponawiam za 5 s
14:06:08  Log przez Wi-Fi: brak połączenia (timed out); ponawiam za 5 s
14:06:23  Log przez Wi-Fi: brak połączenia (timed out); ponawiam za 5 s
14:06:38  Log przez Wi-Fi: brak połączenia (timed out); ponawiam za 5 s
14:06:53  Log przez Wi-Fi: brak połączenia (timed out); ponawiam za 5 s
14:07:08  Log przez Wi-Fi: brak połączenia (timed out); ponawiam za 5 s
14:07:23  Log przez Wi-Fi: brak połączenia (timed out); ponawiam za 5 s
14:07:38  Log przez Wi-Fi: brak połączenia (timed out); ponawiam za 5 s
14:07:53  Log przez Wi-Fi: brak połączenia (timed out); ponawiam za 5 s
14:08:08  Log przez Wi-Fi: brak połączenia (timed out); ponawiam za 5 s
14:08:23  Log przez Wi-Fi: brak połączenia (timed out); ponawiam za 5 s
14:08:38  Log przez Wi-Fi: brak połączenia (timed out); ponawiam za 5 s
14:08:53  Log przez Wi-Fi: brak połączenia (timed out); ponawiam za 5 s
14:09:08  Log przez Wi-Fi: brak połączenia (timed out); ponawiam za 5 s
14:09:23  Log przez Wi-Fi: brak połączenia (timed out); ponawiam za 5 s
14:09:38  Log przez Wi-Fi: brak połączenia (timed out); ponawiam za 5 s
14:09:53  Log przez Wi-Fi: brak połączenia (timed out); ponawiam za 5 s
14:10:08  Log przez Wi-Fi: brak połączenia (timed out); ponawiam za 5 s
14:10:23  Log przez Wi-Fi: brak połączenia (timed out); ponawiam za 5 s
14:10:38  Log przez Wi-Fi: brak połączenia (timed out); ponawiam za 5 s
14:10:53  Log przez Wi-Fi: brak połączenia (timed out); ponawiam za 5 s
14:11:08  Log przez Wi-Fi: brak połączenia (timed out); ponawiam za 5 s
14:11:23  Log przez Wi-Fi: brak połączenia (timed out); ponawiam za 5 s
14:11:38  Log przez Wi-Fi: brak połączenia (timed out); ponawiam za 5 s
14:11:53  Log przez Wi-Fi: brak połączenia (timed out); ponawiam za 5 s
14:12:08  Log przez Wi-Fi: brak połączenia (timed out); ponawiam za 5 s
14:12:23  Log przez Wi-Fi: brak połączenia (timed out); ponawiam za 5 s
14:12:38  Log przez Wi-Fi: brak połączenia (timed out); ponawiam za 5 s
14:12:53  Log przez Wi-Fi: brak połączenia (timed out); ponawiam za 5 s
14:13:08  Log przez Wi-Fi: brak połączenia (timed out); ponawiam za 5 s
14:13:23  Log przez Wi-Fi: brak połączenia (timed out); ponawiam za 5 s
14:13:38  Log przez Wi-Fi: brak połączenia (timed out); ponawiam za 5 s
14:13:53  Log przez Wi-Fi: brak połączenia (timed out); ponawiam za 5 s
14:14:08  Log przez Wi-Fi: brak połączenia (timed out); ponawiam za 5 s
14:14:23  Log przez Wi-Fi: brak połączenia (timed out); ponawiam za 5 s
14:14:39  Log przez Wi-Fi: brak połączenia (timed out); ponawiam za 5 s
14:14:54  Log przez Wi-Fi: brak połączenia (timed out); ponawiam za 5 s
14:15:09  Log przez Wi-Fi: brak połączenia (timed out); ponawiam za 5 s
14:15:24  Log przez Wi-Fi: brak połączenia (timed out); ponawiam za 5 s
14:15:39  Log przez Wi-Fi: brak połączenia (timed out); ponawiam za 5 s
14:15:54  Log przez Wi-Fi: brak połączenia (timed out); ponawiam za 5 s
14:16:09  Log przez Wi-Fi: brak połączenia (timed out); ponawiam za 5 s
14:16:24  Log przez Wi-Fi: brak połączenia (timed out); ponawiam za 5 s
14:16:39  Log przez Wi-Fi: brak połączenia (timed out); ponawiam za 5 s
14:16:54  Log przez Wi-Fi: brak połączenia (timed out); ponawiam za 5 s
14:17:09  Log przez Wi-Fi: brak połączenia (timed out); ponawiam za 5 s
14:17:24  Log przez Wi-Fi: brak połączenia (timed out); ponawiam za 5 s
14:17:39  Log przez Wi-Fi: brak połączenia (timed out); ponawiam za 5 s
14:17:54  Log przez Wi-Fi: brak połączenia (timed out); ponawiam za 5 s
14:18:09  Log przez Wi-Fi: brak połączenia (timed out); ponawiam za 5 s
14:18:24  Log przez Wi-Fi: brak połączenia (timed out); ponawiam za 5 s
14:18:39  Log przez Wi-Fi: brak połączenia (timed out); ponawiam za 5 s
14:18:54  Log przez Wi-Fi: brak połączenia (timed out); ponawiam za 5 s
14:19:09  Log przez Wi-Fi: brak połączenia (timed out); ponawiam za 5 s
14:19:24  Log przez Wi-Fi: brak połączenia (timed out); ponawiam za 5 s
14:19:39  Log przez Wi-Fi: brak połączenia (timed out); ponawiam za 5 s
14:19:54  Log przez Wi-Fi: brak połączenia (timed out); ponawiam za 5 s
14:20:09  Log przez Wi-Fi: brak połączenia (timed out); ponawiam za 5 s
14:20:24  Log przez Wi-Fi: brak połączenia (timed out); ponawiam za 5 s
14:20:39  Log przez Wi-Fi: brak połączenia (timed out); ponawiam za 5 s
14:20:54  Log przez Wi-Fi: brak połączenia (timed out); ponawiam za 5 s
14:21:09  Log przez Wi-Fi: brak połączenia (timed out); ponawiam za 5 s
14:21:24  Log przez Wi-Fi: brak połączenia (timed out); ponawiam za 5 s
14:21:39  Log przez Wi-Fi: brak połączenia (timed out); ponawiam za 5 s
14:21:54  Log przez Wi-Fi: brak połączenia (timed out); ponawiam za 5 s
14:22:09  Log przez Wi-Fi: brak połączenia (timed out); ponawiam za 5 s
14:22:24  Log przez Wi-Fi: brak połączenia (timed out); ponawiam za 5 s
14:22:39  Log przez Wi-Fi: brak połączenia (timed out); ponawiam za 5 s
14:22:54  Log przez Wi-Fi: brak połączenia (timed out); ponawiam za 5 s
14:23:09  Log przez Wi-Fi: brak połączenia (timed out); ponawiam za 5 s
14:23:24  Log przez Wi-Fi: brak połączenia (timed out); ponawiam za 5 s
14:23:39  Log przez Wi-Fi: brak połączenia (timed out); ponawiam za 5 s
14:23:54  Log przez Wi-Fi: brak połączenia (timed out); ponawiam za 5 s
14:24:09  Log przez Wi-Fi: brak połączenia (timed out); ponawiam za 5 s
14:24:24  Log przez Wi-Fi: brak połączenia (timed out); ponawiam za 5 s
14:24:39  Log przez Wi-Fi: brak połączenia (timed out); ponawiam za 5 s
14:24:54  Log przez Wi-Fi: brak połączenia (timed out); ponawiam za 5 s
14:25:09  Log przez Wi-Fi: brak połączenia (timed out); ponawiam za 5 s
14:25:24  Log przez Wi-Fi: brak połączenia (timed out); ponawiam za 5 s
14:25:39  Log przez Wi-Fi: brak połączenia (timed out); ponawiam za 5 s
14:25:54  Log przez Wi-Fi: brak połączenia (timed out); ponawiam za 5 s
14:26:09  Log przez Wi-Fi: brak połączenia (timed out); ponawiam za 5 s
14:26:24  Log przez Wi-Fi: brak połączenia (timed out); ponawiam za 5 s
14:26:39  Log przez Wi-Fi: brak połączenia (timed out); ponawiam za 5 s
14:26:54  Log przez Wi-Fi: brak połączenia (timed out); ponawiam za 5 s
14:27:09  Log przez Wi-Fi: brak połączenia (timed out); ponawiam za 5 s
14:27:24  Log przez Wi-Fi: brak połączenia (timed out); ponawiam za 5 s
14:27:39  Log przez Wi-Fi: brak połączenia (timed out); ponawiam za 5 s
14:27:54  Log przez Wi-Fi: brak połączenia (timed out); ponawiam za 5 s
14:28:09  Log przez Wi-Fi: brak połączenia (timed out); ponawiam za 5 s
14:28:24  Log przez Wi-Fi: brak połączenia (timed out); ponawiam za 5 s
14:28:39  Log przez Wi-Fi: brak połączenia (timed out); ponawiam za 5 s
14:28:54  Log przez Wi-Fi: brak połączenia (timed out); ponawiam za 5 s
14:29:09  Log przez Wi-Fi: brak połączenia (timed out); ponawiam za 5 s
14:29:24  Log przez Wi-Fi: brak połączenia (timed out); ponawiam za 5 s
14:29:39  Log przez Wi-Fi: brak połączenia (timed out); ponawiam za 5 s
14:29:54  Log przez Wi-Fi: brak połączenia (timed out); ponawiam za 5 s
14:30:09  Log przez Wi-Fi: brak połączenia (timed out); ponawiam za 5 s
14:30:24  Log przez Wi-Fi: brak połączenia (timed out); ponawiam za 5 s
14:30:39  Log przez Wi-Fi: brak połączenia (timed out); ponawiam za 5 s
14:30:54  Log przez Wi-Fi: brak połączenia (timed out); ponawiam za 5 s
14:31:09  Log przez Wi-Fi: brak połączenia (timed out); ponawiam za 5 s
14:31:24  Log przez Wi-Fi: brak połączenia (timed out); ponawiam za 5 s
14:31:39  Log przez Wi-Fi: brak połączenia (timed out); ponawiam za 5 s
14:31:54  Log przez Wi-Fi: brak połączenia (timed out); ponawiam za 5 s
14:32:09  Log przez Wi-Fi: brak połączenia (timed out); ponawiam za 5 s
14:32:24  Log przez Wi-Fi: brak połączenia (timed out); ponawiam za 5 s
14:32:39  Log przez Wi-Fi: brak połączenia (timed out); ponawiam za 5 s
14:32:54  Log przez Wi-Fi: brak połączenia (timed out); ponawiam za 5 s
14:33:09  Log przez Wi-Fi: brak połączenia (timed out); ponawiam za 5 s
14:33:24  Log przez Wi-Fi: brak połączenia (timed out); ponawiam za 5 s
14:33:39  Log przez Wi-Fi: brak połączenia (timed out); ponawiam za 5 s
14:33:54  Log przez Wi-Fi: brak połączenia (timed out); ponawiam za 5 s
14:34:09  Log przez Wi-Fi: brak połączenia (timed out); ponawiam za 5 s
14:34:24  Log przez Wi-Fi: brak połączenia (timed out); ponawiam za 5 s
14:34:39  Log przez Wi-Fi: brak połączenia (timed out); ponawiam za 5 s
14:34:54  Log przez Wi-Fi: brak połączenia (timed out); ponawiam za 5 s
14:35:09  Log przez Wi-Fi: brak połączenia (timed out); ponawiam za 5 s
14:35:24  Log przez Wi-Fi: brak połączenia (timed out); ponawiam za 5 s
14:35:39  Log przez Wi-Fi: brak połączenia (timed out); ponawiam za 5 s
14:35:54  Log przez Wi-Fi: brak połączenia (timed out); ponawiam za 5 s
14:36:09  Log przez Wi-Fi: brak połączenia (timed out); ponawiam za 5 s
14:36:24  Log przez Wi-Fi: brak połączenia (timed out); ponawiam za 5 s
14:36:39  Log przez Wi-Fi: brak połączenia (timed out); ponawiam za 5 s
14:36:54  Log przez Wi-Fi: brak połączenia (timed out); ponawiam za 5 s
14:37:09  Log przez Wi-Fi: brak połączenia (timed out); ponawiam za 5 s
14:37:24  Log przez Wi-Fi: brak połączenia (timed out); ponawiam za 5 s
14:37:39  Log przez Wi-Fi: brak połączenia (timed out); ponawiam za 5 s
14:37:54  Log przez Wi-Fi: brak połączenia (timed out); ponawiam za 5 s
14:38:09  Log przez Wi-Fi: brak połączenia (timed out); ponawiam za 5 s
14:38:24  Log przez Wi-Fi: brak połączenia (timed out); ponawiam za 5 s
14:38:39  Log przez Wi-Fi: brak połączenia (timed out); ponawiam za 5 s
14:38:54  Log przez Wi-Fi: brak połączenia (timed out); ponawiam za 5 s
14:39:09  Log przez Wi-Fi: brak połączenia (timed out); ponawiam za 5 s
14:39:24  Log przez Wi-Fi: brak połączenia (timed out); ponawiam za 5 s
14:39:39  Log przez Wi-Fi: brak połączenia (timed out); ponawiam za 5 s
14:39:54  Log przez Wi-Fi: brak połączenia (timed out); ponawiam za 5 s
14:40:09  Log przez Wi-Fi: brak połączenia (timed out); ponawiam za 5 s
14:40:24  Log przez Wi-Fi: brak połączenia (timed out); ponawiam za 5 s
14:40:39  Log przez Wi-Fi: brak połączenia (timed out); ponawiam za 5 s
14:40:54  Log przez Wi-Fi: brak połączenia (timed out); ponawiam za 5 s
14:41:09  Log przez Wi-Fi: brak połączenia (timed out); ponawiam za 5 s
14:41:24  Log przez Wi-Fi: brak połączenia (timed out); ponawiam za 5 s
14:41:39  Log przez Wi-Fi: brak połączenia (timed out); ponawiam za 5 s
14:41:54  Log przez Wi-Fi: brak połączenia (timed out); ponawiam za 5 s
14:42:09  Log przez Wi-Fi: brak połączenia (timed out); ponawiam za 5 s
14:42:24  Log przez Wi-Fi: brak połączenia (timed out); ponawiam za 5 s
14:42:39  Log przez Wi-Fi: brak połączenia (timed out); ponawiam za 5 s
14:42:54  Log przez Wi-Fi: brak połączenia (timed out); ponawiam za 5 s
14:43:09  Log przez Wi-Fi: brak połączenia (timed out); ponawiam za 5 s
14:43:24  Log przez Wi-Fi: brak połączenia (timed out); ponawiam za 5 s
14:43:39  Log przez Wi-Fi: brak połączenia (timed out); ponawiam za 5 s
14:43:54  Log przez Wi-Fi: brak połączenia (timed out); ponawiam za 5 s
14:44:09  Log przez Wi-Fi: brak połączenia (timed out); ponawiam za 5 s
14:44:24  Log przez Wi-Fi: brak połączenia (timed out); ponawiam za 5 s
14:44:40  Log przez Wi-Fi: brak połączenia (timed out); ponawiam za 5 s
14:44:55  Log przez Wi-Fi: brak połączenia (timed out); ponawiam za 5 s
14:45:10  Log przez Wi-Fi: brak połączenia (timed out); ponawiam za 5 s
14:45:25  Log przez Wi-Fi: brak połączenia (timed out); ponawiam za 5 s
14:45:40  Log przez Wi-Fi: brak połączenia (timed out); ponawiam za 5 s
14:45:55  Log przez Wi-Fi: brak połączenia (timed out); ponawiam za 5 s
14:46:10  Log przez Wi-Fi: brak połączenia (timed out); ponawiam za 5 s
14:46:25  Log przez Wi-Fi: brak połączenia (timed out); ponawiam za 5 s
14:46:40  Log przez Wi-Fi: brak połączenia (timed out); ponawiam za 5 s
14:46:55  Log przez Wi-Fi: brak połączenia (timed out); ponawiam za 5 s
14:47:10  Log przez Wi-Fi: brak połączenia (timed out); ponawiam za 5 s
14:47:25  Log przez Wi-Fi: brak połączenia (timed out); ponawiam za 5 s
14:47:40  Log przez Wi-Fi: brak połączenia (timed out); ponawiam za 5 s
14:47:55  Log przez Wi-Fi: brak połączenia (timed out); ponawiam za 5 s
14:48:10  Log przez Wi-Fi: brak połączenia (timed out); ponawiam za 5 s
14:48:25  Log przez Wi-Fi: brak połączenia (timed out); ponawiam za 5 s
14:48:40  Log przez Wi-Fi: brak połączenia (timed out); ponawiam za 5 s
14:48:55  Log przez Wi-Fi: brak połączenia (timed out); ponawiam za 5 s
14:49:10  Log przez Wi-Fi: brak połączenia (timed out); ponawiam za 5 s
14:49:25  Log przez Wi-Fi: brak połączenia (timed out); ponawiam za 5 s
14:49:40  Log przez Wi-Fi: brak połączenia (timed out); ponawiam za 5 s
14:49:55  Log przez Wi-Fi: brak połączenia (timed out); ponawiam za 5 s
14:50:10  Log przez Wi-Fi: brak połączenia (timed out); ponawiam za 5 s
14:50:25  Log przez Wi-Fi: brak połączenia (timed out); ponawiam za 5 s
14:50:40  Log przez Wi-Fi: brak połączenia (timed out); ponawiam za 5 s
14:50:55  Log przez Wi-Fi: brak połączenia (timed out); ponawiam za 5 s
14:51:10  Log przez Wi-Fi: brak połączenia (timed out); ponawiam za 5 s
14:51:25  Log przez Wi-Fi: brak połączenia (timed out); ponawiam za 5 s
14:51:40  Log przez Wi-Fi: brak połączenia (timed out); ponawiam za 5 s
14:51:55  Log przez Wi-Fi: brak połączenia (timed out); ponawiam za 5 s
14:52:10  Log przez Wi-Fi: brak połączenia (timed out); ponawiam za 5 s
14:52:25  Log przez Wi-Fi: brak połączenia (timed out); ponawiam za 5 s
14:52:40  Log przez Wi-Fi: brak połączenia (timed out); ponawiam za 5 s
14:52:55  Log przez Wi-Fi: brak połączenia (timed out); ponawiam za 5 s
14:53:10  Log przez Wi-Fi: brak połączenia (timed out); ponawiam za 5 s
14:53:25  Log przez Wi-Fi: brak połączenia (timed out); ponawiam za 5 s
14:53:40  Log przez Wi-Fi: brak połączenia (timed out); ponawiam za 5 s
14:53:55  Log przez Wi-Fi: brak połączenia (timed out); ponawiam za 5 s
14:54:10  Log przez Wi-Fi: brak połączenia (timed out); ponawiam za 5 s
14:54:25  Log przez Wi-Fi: brak połączenia (timed out); ponawiam za 5 s
14:54:40  Log przez Wi-Fi: brak połączenia (timed out); ponawiam za 5 s
14:54:55  Log przez Wi-Fi: brak połączenia (timed out); ponawiam za 5 s
14:55:10  Log przez Wi-Fi: brak połączenia (timed out); ponawiam za 5 s
14:55:25  Log przez Wi-Fi: brak połączenia (timed out); ponawiam za 5 s
14:55:40  Log przez Wi-Fi: brak połączenia (timed out); ponawiam za 5 s
14:55:55  Log przez Wi-Fi: brak połączenia (timed out); ponawiam za 5 s
14:56:10  Log przez Wi-Fi: brak połączenia (timed out); ponawiam za 5 s
14:56:25  Log przez Wi-Fi: brak połączenia (timed out); ponawiam za 5 s
14:56:40  Log przez Wi-Fi: brak połączenia (timed out); ponawiam za 5 s
14:56:55  Log przez Wi-Fi: brak połączenia (timed out); ponawiam za 5 s
14:57:10  Log przez Wi-Fi: brak połączenia (timed out); ponawiam za 5 s
14:57:25  Log przez Wi-Fi: brak połączenia (timed out); ponawiam za 5 s
14:57:40  Log przez Wi-Fi: brak połączenia (timed out); ponawiam za 5 s
14:57:55  Log przez Wi-Fi: brak połączenia (timed out); ponawiam za 5 s
14:58:10  Log przez Wi-Fi: brak połączenia (timed out); ponawiam za 5 s
14:58:25  Log przez Wi-Fi: brak połączenia (timed out); ponawiam za 5 s
14:58:40  Log przez Wi-Fi: brak połączenia (timed out); ponawiam za 5 s
14:58:55  Log przez Wi-Fi: brak połączenia (timed out); ponawiam za 5 s
14:59:10  Log przez Wi-Fi: brak połączenia (timed out); ponawiam za 5 s
14:59:25  Log przez Wi-Fi: brak połączenia (timed out); ponawiam za 5 s
14:59:40  Log przez Wi-Fi: brak połączenia (timed out); ponawiam za 5 s
14:59:55  Log przez Wi-Fi: brak połączenia (timed out); ponawiam za 5 s
15:00:10  Log przez Wi-Fi: brak połączenia (timed out); ponawiam za 5 s
15:00:25  Log przez Wi-Fi: brak połączenia (timed out); ponawiam za 5 s
15:00:40  Log przez Wi-Fi: brak połączenia (timed out); ponawiam za 5 s
15:00:55  Log przez Wi-Fi: brak połączenia (timed out); ponawiam za 5 s
15:01:10  Log przez Wi-Fi: brak połączenia (timed out); ponawiam za 5 s
15:01:25  Log przez Wi-Fi: brak połączenia (timed out); ponawiam za 5 s
15:01:40  Log przez Wi-Fi: brak połączenia (timed out); ponawiam za 5 s
15:01:55  Log przez Wi-Fi: brak połączenia (timed out); ponawiam za 5 s
15:02:10  Log przez Wi-Fi: brak połączenia (timed out); ponawiam za 5 s
15:02:25  Log przez Wi-Fi: brak połączenia (timed out); ponawiam za 5 s
15:02:40  Log przez Wi-Fi: brak połączenia (timed out); ponawiam za 5 s
15:02:55  Log przez Wi-Fi: brak połączenia (timed out); ponawiam za 5 s
15:03:10  Log przez Wi-Fi: brak połączenia (timed out); ponawiam za 5 s
15:03:25  Log przez Wi-Fi: brak połączenia (timed out); ponawiam za 5 s
15:03:40  Log przez Wi-Fi: brak połączenia (timed out); ponawiam za 5 s
15:03:55  Log przez Wi-Fi: brak połączenia (timed out); ponawiam za 5 s
15:04:10  Log przez Wi-Fi: brak połączenia (timed out); ponawiam za 5 s
15:04:25  Log przez Wi-Fi: brak połączenia (timed out); ponawiam za 5 s
15:04:40  Log przez Wi-Fi: brak połączenia (timed out); ponawiam za 5 s
15:04:55  Log przez Wi-Fi: brak połączenia (timed out); ponawiam za 5 s
15:05:10  Log przez Wi-Fi: brak połączenia (timed out); ponawiam za 5 s
15:05:25  Log przez Wi-Fi: brak połączenia (timed out); ponawiam za 5 s
15:05:40  Log przez Wi-Fi: brak połączenia (timed out); ponawiam za 5 s
15:05:55  Log przez Wi-Fi: brak połączenia (timed out); ponawiam za 5 s
15:06:10  Log przez Wi-Fi: brak połączenia (timed out); ponawiam za 5 s
15:06:25  Log przez Wi-Fi: brak połączenia (timed out); ponawiam za 5 s
15:06:40  Log przez Wi-Fi: brak połączenia (timed out); ponawiam za 5 s
15:06:55  Log przez Wi-Fi: brak połączenia (timed out); ponawiam za 5 s
15:07:10  Log przez Wi-Fi: brak połączenia (timed out); ponawiam za 5 s
15:07:25  Log przez Wi-Fi: brak połączenia (timed out); ponawiam za 5 s
15:07:40  Log przez Wi-Fi: brak połączenia (timed out); ponawiam za 5 s
15:07:55  Log przez Wi-Fi: brak połączenia (timed out); ponawiam za 5 s
15:08:10  Log przez Wi-Fi: brak połączenia (timed out); ponawiam za 5 s
15:08:25  Log przez Wi-Fi: brak połączenia (timed out); ponawiam za 5 s
15:08:40  Log przez Wi-Fi: brak połączenia (timed out); ponawiam za 5 s
15:08:55  Log przez Wi-Fi: brak połączenia (timed out); ponawiam za 5 s
15:09:10  Log przez Wi-Fi: brak połączenia (timed out); ponawiam za 5 s
15:09:25  Log przez Wi-Fi: brak połączenia (timed out); ponawiam za 5 s
15:09:40  Log przez Wi-Fi: brak połączenia (timed out); ponawiam za 5 s
15:09:55  Log przez Wi-Fi: brak połączenia (timed out); ponawiam za 5 s
15:10:10  Log przez Wi-Fi: brak połączenia (timed out); ponawiam za 5 s
15:10:25  Log przez Wi-Fi: brak połączenia (timed out); ponawiam za 5 s
15:10:40  Log przez Wi-Fi: brak połączenia (timed out); ponawiam za 5 s
15:10:55  Log przez Wi-Fi: brak połączenia (timed out); ponawiam za 5 s
15:11:10  Log przez Wi-Fi: brak połączenia (timed out); ponawiam za 5 s
15:11:25  Log przez Wi-Fi: brak połączenia (timed out); ponawiam za 5 s
15:11:40  Log przez Wi-Fi: brak połączenia (timed out); ponawiam za 5 s
15:11:55  Log przez Wi-Fi: brak połączenia (timed out); ponawiam za 5 s
15:12:10  Log przez Wi-Fi: brak połączenia (timed out); ponawiam za 5 s
15:12:26  Log przez Wi-Fi: brak połączenia (timed out); ponawiam za 5 s
15:12:41  Log przez Wi-Fi: brak połączenia (timed out); ponawiam za 5 s
15:12:56  Log przez Wi-Fi: brak połączenia (timed out); ponawiam za 5 s
15:13:11  Log przez Wi-Fi: brak połączenia (timed out); ponawiam za 5 s
15:13:26  Log przez Wi-Fi: brak połączenia (timed out); ponawiam za 5 s
15:13:41  Log przez Wi-Fi: brak połączenia (timed out); ponawiam za 5 s
15:13:56  Log przez Wi-Fi: brak połączenia (timed out); ponawiam za 5 s
15:14:11  Log przez Wi-Fi: brak połączenia (timed out); ponawiam za 5 s
15:14:26  Log przez Wi-Fi: brak połączenia (timed out); ponawiam za 5 s
15:14:41  Log przez Wi-Fi: brak połączenia (timed out); ponawiam za 5 s
15:14:56  Log przez Wi-Fi: brak połączenia (timed out); ponawiam za 5 s
15:15:11  Log przez Wi-Fi: brak połączenia (timed out); ponawiam za 5 s
15:15:26  Log przez Wi-Fi: brak połączenia (timed out); ponawiam za 5 s
15:15:41  Log przez Wi-Fi: brak połączenia (timed out); ponawiam za 5 s
15:15:56  Log przez Wi-Fi: brak połączenia (timed out); ponawiam za 5 s
15:16:11  Log przez Wi-Fi: brak połączenia (timed out); ponawiam za 5 s
15:16:26  Log przez Wi-Fi: brak połączenia (timed out); ponawiam za 5 s
15:16:41  Log przez Wi-Fi: brak połączenia (timed out); ponawiam za 5 s
15:16:56  Log przez Wi-Fi: brak połączenia (timed out); ponawiam za 5 s
15:17:11  Log przez Wi-Fi: brak połączenia (timed out); ponawiam za 5 s
15:17:26  Log przez Wi-Fi: brak połączenia (timed out); ponawiam za 5 s
15:17:41  Log przez Wi-Fi: brak połączenia (timed out); ponawiam za 5 s
15:17:56  Log przez Wi-Fi: brak połączenia (timed out); ponawiam za 5 s
15:18:11  Log przez Wi-Fi: brak połączenia (timed out); ponawiam za 5 s
15:18:26  Log przez Wi-Fi: brak połączenia (timed out); ponawiam za 5 s
15:18:41  Log przez Wi-Fi: brak połączenia (timed out); ponawiam za 5 s
15:18:56  Log przez Wi-Fi: brak połączenia (timed out); ponawiam za 5 s
15:19:11  Log przez Wi-Fi: brak połączenia (timed out); ponawiam za 5 s
15:19:26  Log przez Wi-Fi: brak połączenia (timed out); ponawiam za 5 s
15:19:41  Log przez Wi-Fi: brak połączenia (timed out); ponawiam za 5 s
15:19:56  Log przez Wi-Fi: brak połączenia (timed out); ponawiam za 5 s
15:20:11  Log przez Wi-Fi: brak połączenia (timed out); ponawiam za 5 s
15:20:26  Log przez Wi-Fi: brak połączenia (timed out); ponawiam za 5 s
15:20:41  Log przez Wi-Fi: brak połączenia (timed out); ponawiam za 5 s
15:20:56  Log przez Wi-Fi: brak połączenia (timed out); ponawiam za 5 s
15:21:11  Log przez Wi-Fi: brak połączenia (timed out); ponawiam za 5 s
15:21:26  Log przez Wi-Fi: brak połączenia (timed out); ponawiam za 5 s
15:21:41  Log przez Wi-Fi: brak połączenia (timed out); ponawiam za 5 s
15:21:56  Log przez Wi-Fi: brak połączenia (timed out); ponawiam za 5 s
15:22:11  Log przez Wi-Fi: brak połączenia (timed out); ponawiam za 5 s
15:22:26  Log przez Wi-Fi: brak połączenia (timed out); ponawiam za 5 s
15:22:41  Log przez Wi-Fi: brak połączenia (timed out); ponawiam za 5 s
15:22:56  Log przez Wi-Fi: brak połączenia (timed out); ponawiam za 5 s
15:23:11  Log przez Wi-Fi: brak połączenia (timed out); ponawiam za 5 s
15:23:26  Log przez Wi-Fi: brak połączenia (timed out); ponawiam za 5 s
15:23:41  Log przez Wi-Fi: brak połączenia (timed out); ponawiam za 5 s
15:23:56  Log przez Wi-Fi: brak połączenia (timed out); ponawiam za 5 s
15:24:11  Log przez Wi-Fi: brak połączenia (timed out); ponawiam za 5 s
15:24:26  Log przez Wi-Fi: brak połączenia (timed out); ponawiam za 5 s
15:24:41  Log przez Wi-Fi: brak połączenia (timed out); ponawiam za 5 s
15:24:56  Log przez Wi-Fi: brak połączenia (timed out); ponawiam za 5 s
15:25:11  Log przez Wi-Fi: brak połączenia (timed out); ponawiam za 5 s
15:25:26  Log przez Wi-Fi: brak połączenia (timed out); ponawiam za 5 s
15:25:41  Log przez Wi-Fi: brak połączenia (timed out); ponawiam za 5 s
15:25:56  Log przez Wi-Fi: brak połączenia (timed out); ponawiam za 5 s
15:26:11  Log przez Wi-Fi: brak połączenia (timed out); ponawiam za 5 s
15:26:26  Log przez Wi-Fi: brak połączenia (timed out); ponawiam za 5 s
15:26:41  Log przez Wi-Fi: brak połączenia (timed out); ponawiam za 5 s
15:26:56  Log przez Wi-Fi: brak połączenia (timed out); ponawiam za 5 s
15:27:11  Log przez Wi-Fi: brak połączenia (timed out); ponawiam za 5 s
15:27:26  Log przez Wi-Fi: brak połączenia (timed out); ponawiam za 5 s
15:27:41  Log przez Wi-Fi: brak połączenia (timed out); ponawiam za 5 s
15:27:56  Log przez Wi-Fi: brak połączenia (timed out); ponawiam za 5 s
15:28:11  Log przez Wi-Fi: brak połączenia (timed out); ponawiam za 5 s
15:28:26  Log przez Wi-Fi: brak połączenia (timed out); ponawiam za 5 s
15:28:41  Log przez Wi-Fi: brak połączenia (timed out); ponawiam za 5 s
15:28:56  Log przez Wi-Fi: brak połączenia (timed out); ponawiam za 5 s
15:29:11  Log przez Wi-Fi: brak połączenia (timed out); ponawiam za 5 s
15:29:26  Log przez Wi-Fi: brak połączenia (timed out); ponawiam za 5 s
15:29:41  Log przez Wi-Fi: brak połączenia (timed out); ponawiam za 5 s
15:29:56  Log przez Wi-Fi: brak połączenia (timed out); ponawiam za 5 s
15:30:11  Log przez Wi-Fi: brak połączenia (timed out); ponawiam za 5 s
15:30:26  Log przez Wi-Fi: brak połączenia (timed out); ponawiam za 5 s
15:30:41  Log przez Wi-Fi: brak połączenia (timed out); ponawiam za 5 s
15:30:56  Log przez Wi-Fi: brak połączenia (timed out); ponawiam za 5 s
15:31:11  Log przez Wi-Fi: brak połączenia (timed out); ponawiam za 5 s
15:31:26  Log przez Wi-Fi: brak połączenia (timed out); ponawiam za 5 s
15:31:41  Log przez Wi-Fi: brak połączenia (timed out); ponawiam za 5 s
15:31:56  Log przez Wi-Fi: brak połączenia (timed out); ponawiam za 5 s
15:32:11  Log przez Wi-Fi: brak połączenia (timed out); ponawiam za 5 s
15:32:26  Log przez Wi-Fi: brak połączenia (timed out); ponawiam za 5 s
15:32:41  Log przez Wi-Fi: brak połączenia (timed out); ponawiam za 5 s
15:32:56  Log przez Wi-Fi: brak połączenia (timed out); ponawiam za 5 s
15:33:11  Log przez Wi-Fi: brak połączenia (timed out); ponawiam za 5 s
15:33:26  Log przez Wi-Fi: brak połączenia (timed out); ponawiam za 5 s
15:33:41  Log przez Wi-Fi: brak połączenia (timed out); ponawiam za 5 s
15:33:56  Log przez Wi-Fi: brak połączenia (timed out); ponawiam za 5 s
15:34:11  Log przez Wi-Fi: brak połączenia (timed out); ponawiam za 5 s
15:34:26  Log przez Wi-Fi: brak połączenia (timed out); ponawiam za 5 s
15:34:41  Log przez Wi-Fi: brak połączenia (timed out); ponawiam za 5 s
15:34:56  Log przez Wi-Fi: brak połączenia (timed out); ponawiam za 5 s
15:35:11  Log przez Wi-Fi: brak połączenia (timed out); ponawiam za 5 s
15:35:26  Log przez Wi-Fi: brak połączenia (timed out); ponawiam za 5 s
15:35:41  Log przez Wi-Fi: brak połączenia (timed out); ponawiam za 5 s
15:35:56  Log przez Wi-Fi: brak połączenia (timed out); ponawiam za 5 s
15:36:11  Log przez Wi-Fi: brak połączenia (timed out); ponawiam za 5 s
15:36:26  Log przez Wi-Fi: brak połączenia (timed out); ponawiam za 5 s
15:36:41  Log przez Wi-Fi: brak połączenia (timed out); ponawiam za 5 s
15:36:56  Log przez Wi-Fi: brak połączenia (timed out); ponawiam za 5 s
15:37:11  Log przez Wi-Fi: brak połączenia (timed out); ponawiam za 5 s
15:37:26  Log przez Wi-Fi: brak połączenia (timed out); ponawiam za 5 s
15:37:41  Log przez Wi-Fi: brak połączenia (timed out); ponawiam za 5 s
15:37:56  Log przez Wi-Fi: brak połączenia (timed out); ponawiam za 5 s
15:38:11  Log przez Wi-Fi: brak połączenia (timed out); ponawiam za 5 s
15:38:26  Log przez Wi-Fi: brak połączenia (timed out); ponawiam za 5 s
15:38:41  Log przez Wi-Fi: brak połączenia (timed out); ponawiam za 5 s
15:38:56  Log przez Wi-Fi: brak połączenia (timed out); ponawiam za 5 s
15:39:11  Log przez Wi-Fi: brak połączenia (timed out); ponawiam za 5 s
15:39:26  Log przez Wi-Fi: brak połączenia (timed out); ponawiam za 5 s
15:39:41  Log przez Wi-Fi: brak połączenia (timed out); ponawiam za 5 s
15:39:56  Log przez Wi-Fi: brak połączenia (timed out); ponawiam za 5 s
15:40:11  Log przez Wi-Fi: brak połączenia (timed out); ponawiam za 5 s
15:40:26  Log przez Wi-Fi: brak połączenia (timed out); ponawiam za 5 s
15:40:41  Log przez Wi-Fi: brak połączenia (timed out); ponawiam za 5 s
15:40:56  Log przez Wi-Fi: brak połączenia (timed out); ponawiam za 5 s
15:41:11  Log przez Wi-Fi: brak połączenia (timed out); ponawiam za 5 s
15:41:26  Log przez Wi-Fi: brak połączenia (timed out); ponawiam za 5 s
15:41:41  Log przez Wi-Fi: brak połączenia (timed out); ponawiam za 5 s
15:41:56  Log przez Wi-Fi: brak połączenia (timed out); ponawiam za 5 s
15:42:12  Log przez Wi-Fi: brak połączenia (timed out); ponawiam za 5 s
15:42:27  Log przez Wi-Fi: brak połączenia (timed out); ponawiam za 5 s
15:42:42  Log przez Wi-Fi: brak połączenia (timed out); ponawiam za 5 s
15:42:57  Log przez Wi-Fi: brak połączenia (timed out); ponawiam za 5 s
15:43:12  Log przez Wi-Fi: brak połączenia (timed out); ponawiam za 5 s
15:50:19  Log przez Wi-Fi: brak połączenia ([WinError 10051] Próba przeprowadzenia operacji, wykonywanej przez gniazdo, na nieosiągalnej sieci); ponawiam za 5 s
20:27:46  Log przez Wi-Fi: brak połączenia ([WinError 10051] Próba przeprowadzenia operacji, wykonywanej przez gniazdo, na nieosiągalnej sieci); ponawiam za 5 s
20:27:51  Log przez Wi-Fi: brak połączenia ([WinError 10051] Próba przeprowadzenia operacji, wykonywanej przez gniazdo, na nieosiągalnej sieci); ponawiam za 5 s
20:28:06  Log przez Wi-Fi: brak połączenia (timed out); ponawiam za 5 s
20:28:21  Log przez Wi-Fi: brak połączenia (timed out); ponawiam za 5 s
20:28:36  Log przez Wi-Fi: brak połączenia (timed out); ponawiam za 5 s
20:28:51  Log przez Wi-Fi: brak połączenia (timed out); ponawiam za 5 s
20:29:06  Log przez Wi-Fi: brak połączenia (timed out); ponawiam za 5 s
20:29:21  Log przez Wi-Fi: brak połączenia (timed out); ponawiam za 5 s
20:29:36  Log przez Wi-Fi: brak połączenia (timed out); ponawiam za 5 s
20:29:51  Log przez Wi-Fi: brak połączenia (timed out); ponawiam za 5 s
20:30:06  Log przez Wi-Fi: brak połączenia (timed out); ponawiam za 5 s
20:30:21  Log przez Wi-Fi: brak połączenia (timed out); ponawiam za 5 s
20:30:36  Log przez Wi-Fi: brak połączenia (timed out); ponawiam za 5 s
20:30:51  Log przez Wi-Fi: brak połączenia (timed out); ponawiam za 5 s
20:31:06  Log przez Wi-Fi: brak połączenia (timed out); ponawiam za 5 s
20:31:21  Log przez Wi-Fi: brak połączenia (timed out); ponawiam za 5 s
20:31:36  Log przez Wi-Fi: brak połączenia (timed out); ponawiam za 5 s
20:31:51  Log przez Wi-Fi: brak połączenia (timed out); ponawiam za 5 s
20:32:06  Log przez Wi-Fi: brak połączenia (timed out); ponawiam za 5 s
20:32:21  Log przez Wi-Fi: brak połączenia (timed out); ponawiam za 5 s
20:32:36  Log przez Wi-Fi: brak połączenia (timed out); ponawiam za 5 s
20:32:51  Log przez Wi-Fi: brak połączenia (timed out); ponawiam za 5 s
20:33:06  Log przez Wi-Fi: brak połączenia (timed out); ponawiam za 5 s
20:33:21  Log przez Wi-Fi: brak połączenia (timed out); ponawiam za 5 s
20:33:36  Log przez Wi-Fi: brak połączenia (timed out); ponawiam za 5 s
20:33:51  Log przez Wi-Fi: brak połączenia (timed out); ponawiam za 5 s
20:34:06  Log przez Wi-Fi: brak połączenia (timed out); ponawiam za 5 s
20:34:21  Log przez Wi-Fi: brak połączenia (timed out); ponawiam za 5 s
20:34:36  Log przez Wi-Fi: brak połączenia (timed out); ponawiam za 5 s
20:34:51  Log przez Wi-Fi: brak połączenia (timed out); ponawiam za 5 s
20:35:06  Log przez Wi-Fi: brak połączenia (timed out); ponawiam za 5 s
20:35:21  Log przez Wi-Fi: brak połączenia (timed out); ponawiam za 5 s
20:35:36  Log przez Wi-Fi: brak połączenia (timed out); ponawiam za 5 s
20:35:51  Log przez Wi-Fi: brak połączenia (timed out); ponawiam za 5 s
20:36:06  Log przez Wi-Fi: brak połączenia (timed out); ponawiam za 5 s
20:36:21  Log przez Wi-Fi: brak połączenia (timed out); ponawiam za 5 s
20:36:36  Log przez Wi-Fi: brak połączenia (timed out); ponawiam za 5 s
20:36:51  Log przez Wi-Fi: brak połączenia (timed out); ponawiam za 5 s
20:37:06  Log przez Wi-Fi: brak połączenia (timed out); ponawiam za 5 s
20:37:21  Log przez Wi-Fi: brak połączenia (timed out); ponawiam za 5 s
20:37:36  Log przez Wi-Fi: brak połączenia (timed out); ponawiam za 5 s
20:37:51  Log przez Wi-Fi: brak połączenia (timed out); ponawiam za 5 s
20:38:06  Log przez Wi-Fi: brak połączenia (timed out); ponawiam za 5 s
20:38:21  Log przez Wi-Fi: brak połączenia (timed out); ponawiam za 5 s
20:38:36  Log przez Wi-Fi: brak połączenia (timed out); ponawiam za 5 s
20:38:51  Log przez Wi-Fi: brak połączenia (timed out); ponawiam za 5 s
20:39:06  Log przez Wi-Fi: brak połączenia (timed out); ponawiam za 5 s
20:39:21  Log przez Wi-Fi: brak połączenia (timed out); ponawiam za 5 s
20:39:36  Log przez Wi-Fi: brak połączenia (timed out); ponawiam za 5 s
20:39:51  Log przez Wi-Fi: brak połączenia (timed out); ponawiam za 5 s
20:40:06  Log przez Wi-Fi: brak połączenia (timed out); ponawiam za 5 s
20:40:21  Log przez Wi-Fi: brak połączenia (timed out); ponawiam za 5 s
20:40:36  Log przez Wi-Fi: brak połączenia (timed out); ponawiam za 5 s
20:40:51  Log przez Wi-Fi: brak połączenia (timed out); ponawiam za 5 s
20:41:06  Log przez Wi-Fi: brak połączenia (timed out); ponawiam za 5 s
20:41:21  Log przez Wi-Fi: brak połączenia (timed out); ponawiam za 5 s
20:41:36  Log przez Wi-Fi: brak połączenia (timed out); ponawiam za 5 s
20:41:51  Log przez Wi-Fi: brak połączenia (timed out); ponawiam za 5 s
20:42:06  Log przez Wi-Fi: brak połączenia (timed out); ponawiam za 5 s
20:42:21  Log przez Wi-Fi: brak połączenia (timed out); ponawiam za 5 s
20:42:36  Log przez Wi-Fi: brak połączenia (timed out); ponawiam za 5 s
20:42:51  Log przez Wi-Fi: brak połączenia (timed out); ponawiam za 5 s
20:43:06  Log przez Wi-Fi: brak połączenia (timed out); ponawiam za 5 s
20:43:21  Log przez Wi-Fi: brak połączenia (timed out); ponawiam za 5 s
20:43:36  Log przez Wi-Fi: brak połączenia (timed out); ponawiam za 5 s
20:43:51  Log przez Wi-Fi: brak połączenia (timed out); ponawiam za 5 s
20:44:06  Log przez Wi-Fi: brak połączenia (timed out); ponawiam za 5 s
20:44:21  Log przez Wi-Fi: brak połączenia (timed out); ponawiam za 5 s
20:44:36  Log przez Wi-Fi: brak połączenia (timed out); ponawiam za 5 s
20:44:51  Log przez Wi-Fi: brak połączenia (timed out); ponawiam za 5 s
20:45:06  Log przez Wi-Fi: brak połączenia (timed out); ponawiam za 5 s
20:45:21  Log przez Wi-Fi: brak połączenia (timed out); ponawiam za 5 s
20:45:36  Log przez Wi-Fi: brak połączenia (timed out); ponawiam za 5 s
20:45:51  Log przez Wi-Fi: brak połączenia (timed out); ponawiam za 5 s
20:46:07  Log przez Wi-Fi: brak połączenia (timed out); ponawiam za 5 s
20:46:22  Log przez Wi-Fi: brak połączenia (timed out); ponawiam za 5 s
20:46:37  Log przez Wi-Fi: brak połączenia (timed out); ponawiam za 5 s
20:46:52  Log przez Wi-Fi: brak połączenia (timed out); ponawiam za 5 s
20:47:07  Log przez Wi-Fi: brak połączenia (timed out); ponawiam za 5 s
20:47:22  Log przez Wi-Fi: brak połączenia (timed out); ponawiam za 5 s
20:47:37  Log przez Wi-Fi: brak połączenia (timed out); ponawiam za 5 s
20:47:52  Log przez Wi-Fi: brak połączenia (timed out); ponawiam za 5 s
20:48:07  Log przez Wi-Fi: brak połączenia (timed out); ponawiam za 5 s
20:48:22  Log przez Wi-Fi: brak połączenia (timed out); ponawiam za 5 s
20:48:37  Log przez Wi-Fi: brak połączenia (timed out); ponawiam za 5 s
20:48:52  Log przez Wi-Fi: brak połączenia (timed out); ponawiam za 5 s
20:49:07  Log przez Wi-Fi: brak połączenia (timed out); ponawiam za 5 s
20:49:22  Log przez Wi-Fi: brak połączenia (timed out); ponawiam za 5 s
20:49:37  Log przez Wi-Fi: brak połączenia (timed out); ponawiam za 5 s
20:49:52  Log przez Wi-Fi: brak połączenia (timed out); ponawiam za 5 s
20:50:07  Log przez Wi-Fi: brak połączenia (timed out); ponawiam za 5 s
20:50:22  Log przez Wi-Fi: brak połączenia (timed out); ponawiam za 5 s
20:50:37  Log przez Wi-Fi: brak połączenia (timed out); ponawiam za 5 s
20:50:52  Log przez Wi-Fi: brak połączenia (timed out); ponawiam za 5 s
20:51:07  Log przez Wi-Fi: brak połączenia (timed out); ponawiam za 5 s
20:51:22  Log przez Wi-Fi: brak połączenia (timed out); ponawiam za 5 s
20:51:37  Log przez Wi-Fi: brak połączenia (timed out); ponawiam za 5 s
20:51:52  Log przez Wi-Fi: brak połączenia (timed out); ponawiam za 5 s
20:52:07  Log przez Wi-Fi: brak połączenia (timed out); ponawiam za 5 s
20:52:22  Log przez Wi-Fi: brak połączenia (timed out); ponawiam za 5 s
20:52:37  Log przez Wi-Fi: brak połączenia (timed out); ponawiam za 5 s
20:52:52  Log przez Wi-Fi: brak połączenia (timed out); ponawiam za 5 s
20:53:07  Log przez Wi-Fi: brak połączenia (timed out); ponawiam za 5 s
20:53:22  Log przez Wi-Fi: brak połączenia (timed out); ponawiam za 5 s
20:53:37  Log przez Wi-Fi: brak połączenia (timed out); ponawiam za 5 s
20:53:52  Log przez Wi-Fi: brak połączenia (timed out); ponawiam za 5 s
20:54:07  Log przez Wi-Fi: brak połączenia (timed out); ponawiam za 5 s
20:54:22  Log przez Wi-Fi: brak połączenia (timed out); ponawiam za 5 s
20:54:37  Log przez Wi-Fi: brak połączenia (timed out); ponawiam za 5 s
20:54:52  Log przez Wi-Fi: brak połączenia (timed out); ponawiam za 5 s
20:55:07  Log przez Wi-Fi: brak połączenia (timed out); ponawiam za 5 s
20:55:22  Log przez Wi-Fi: brak połączenia (timed out); ponawiam za 5 s
20:55:37  Log przez Wi-Fi: brak połączenia (timed out); ponawiam za 5 s
20:55:52  Log przez Wi-Fi: brak połączenia (timed out); ponawiam za 5 s
20:56:07  Log przez Wi-Fi: brak połączenia (timed out); ponawiam za 5 s
20:56:22  Log przez Wi-Fi: brak połączenia (timed out); ponawiam za 5 s
20:56:37  Log przez Wi-Fi: brak połączenia (timed out); ponawiam za 5 s
20:56:52  Log przez Wi-Fi: brak połączenia (timed out); ponawiam za 5 s
20:57:07  Log przez Wi-Fi: brak połączenia (timed out); ponawiam za 5 s
20:57:22  Log przez Wi-Fi: brak połączenia (timed out); ponawiam za 5 s
20:57:37  Log przez Wi-Fi: brak połączenia (timed out); ponawiam za 5 s
20:57:52  Log przez Wi-Fi: brak połączenia (timed out); ponawiam za 5 s
20:58:07  Log przez Wi-Fi: brak połączenia (timed out); ponawiam za 5 s
20:58:22  Log przez Wi-Fi: brak połączenia (timed out); ponawiam za 5 s
20:58:37  Log przez Wi-Fi: brak połączenia (timed out); ponawiam za 5 s
20:58:52  Log przez Wi-Fi: brak połączenia (timed out); ponawiam za 5 s
20:59:07  Log przez Wi-Fi: brak połączenia (timed out); ponawiam za 5 s
20:59:22  Log przez Wi-Fi: brak połączenia (timed out); ponawiam za 5 s
20:59:37  Log przez Wi-Fi: brak połączenia (timed out); ponawiam za 5 s
20:59:52  Log przez Wi-Fi: brak połączenia (timed out); ponawiam za 5 s
21:00:07  Log przez Wi-Fi: brak połączenia (timed out); ponawiam za 5 s
21:00:22  Log przez Wi-Fi: brak połączenia (timed out); ponawiam za 5 s
21:00:37  Log przez Wi-Fi: brak połączenia (timed out); ponawiam za 5 s
21:00:52  Log przez Wi-Fi: brak połączenia (timed out); ponawiam za 5 s
21:01:07  Log przez Wi-Fi: brak połączenia (timed out); ponawiam za 5 s
21:01:22  Log przez Wi-Fi: brak połączenia (timed out); ponawiam za 5 s
21:01:37  Log przez Wi-Fi: brak połączenia (timed out); ponawiam za 5 s
21:01:52  Log przez Wi-Fi: brak połączenia (timed out); ponawiam za 5 s
21:02:07  Log przez Wi-Fi: brak połączenia (timed out); ponawiam za 5 s
21:02:22  Log przez Wi-Fi: brak połączenia (timed out); ponawiam za 5 s
21:02:37  Log przez Wi-Fi: brak połączenia (timed out); ponawiam za 5 s
21:02:52  Log przez Wi-Fi: brak połączenia (timed out); ponawiam za 5 s
21:03:07  Log przez Wi-Fi: brak połączenia (timed out); ponawiam za 5 s
21:03:22  Log przez Wi-Fi: brak połączenia (timed out); ponawiam za 5 s
21:03:37  Log przez Wi-Fi: brak połączenia (timed out); ponawiam za 5 s
21:03:52  Log przez Wi-Fi: brak połączenia (timed out); ponawiam za 5 s
21:04:07  Log przez Wi-Fi: brak połączenia (timed out); ponawiam za 5 s
21:04:22  Log przez Wi-Fi: brak połączenia (timed out); ponawiam za 5 s
21:04:37  Log przez Wi-Fi: brak połączenia (timed out); ponawiam za 5 s
21:04:52  Log przez Wi-Fi: brak połączenia (timed out); ponawiam za 5 s
21:05:07  Log przez Wi-Fi: brak połączenia (timed out); ponawiam za 5 s
21:05:22  Log przez Wi-Fi: brak połączenia (timed out); ponawiam za 5 s
21:05:37  Log przez Wi-Fi: brak połączenia (timed out); ponawiam za 5 s
21:05:52  Log przez Wi-Fi: brak połączenia (timed out); ponawiam za 5 s
21:06:07  Log przez Wi-Fi: brak połączenia (timed out); ponawiam za 5 s
21:06:22  Log przez Wi-Fi: brak połączenia (timed out); ponawiam za 5 s
21:06:37  Log przez Wi-Fi: brak połączenia (timed out); ponawiam za 5 s
21:06:52  Log przez Wi-Fi: brak połączenia (timed out); ponawiam za 5 s
21:07:07  Log przez Wi-Fi: brak połączenia (timed out); ponawiam za 5 s
21:07:22  Log przez Wi-Fi: brak połączenia (timed out); ponawiam za 5 s
21:07:37  Log przez Wi-Fi: brak połączenia (timed out); ponawiam za 5 s
21:07:52  Log przez Wi-Fi: brak połączenia (timed out); ponawiam za 5 s
21:08:07  Log przez Wi-Fi: brak połączenia (timed out); ponawiam za 5 s
21:08:22  Log przez Wi-Fi: brak połączenia (timed out); ponawiam za 5 s
21:08:37  Log przez Wi-Fi: brak połączenia (timed out); ponawiam za 5 s
21:08:52  Log przez Wi-Fi: brak połączenia (timed out); ponawiam za 5 s
21:09:07  Log przez Wi-Fi: brak połączenia (timed out); ponawiam za 5 s
21:09:22  Log przez Wi-Fi: brak połączenia (timed out); ponawiam za 5 s
21:09:37  Log przez Wi-Fi: brak połączenia (timed out); ponawiam za 5 s
21:09:52  Log przez Wi-Fi: brak połączenia (timed out); ponawiam za 5 s
21:10:07  Log przez Wi-Fi: brak połączenia (timed out); ponawiam za 5 s
21:10:22  Log przez Wi-Fi: brak połączenia (timed out); ponawiam za 5 s
21:10:37  Log przez Wi-Fi: brak połączenia (timed out); ponawiam za 5 s
21:10:52  Log przez Wi-Fi: brak połączenia (timed out); ponawiam za 5 s
21:11:07  Log przez Wi-Fi: brak połączenia (timed out); ponawiam za 5 s
21:11:22  Log przez Wi-Fi: brak połączenia (timed out); ponawiam za 5 s
21:11:37  Log przez Wi-Fi: brak połączenia (timed out); ponawiam za 5 s
21:11:52  Log przez Wi-Fi: brak połączenia (timed out); ponawiam za 5 s
21:12:07  Log przez Wi-Fi: brak połączenia (timed out); ponawiam za 5 s
21:12:22  Log przez Wi-Fi: brak połączenia (timed out); ponawiam za 5 s
21:12:37  Log przez Wi-Fi: brak połączenia (timed out); ponawiam za 5 s
21:12:52  Log przez Wi-Fi: brak połączenia (timed out); ponawiam za 5 s
21:13:07  Log przez Wi-Fi: brak połączenia (timed out); ponawiam za 5 s
21:13:22  Log przez Wi-Fi: brak połączenia (timed out); ponawiam za 5 s
21:13:37  Log przez Wi-Fi: brak połączenia (timed out); ponawiam za 5 s
21:13:52  Log przez Wi-Fi: brak połączenia (timed out); ponawiam za 5 s
21:14:07  Log przez Wi-Fi: brak połączenia (timed out); ponawiam za 5 s
21:14:22  Log przez Wi-Fi: brak połączenia (timed out); ponawiam za 5 s
21:14:37  Log przez Wi-Fi: brak połączenia (timed out); ponawiam za 5 s
21:14:52  Log przez Wi-Fi: brak połączenia (timed out); ponawiam za 5 s
21:15:07  Log przez Wi-Fi: brak połączenia (timed out); ponawiam za 5 s
21:15:22  Log przez Wi-Fi: brak połączenia (timed out); ponawiam za 5 s
21:15:37  Log przez Wi-Fi: brak połączenia (timed out); ponawiam za 5 s
21:15:52  Log przez Wi-Fi: brak połączenia (timed out); ponawiam za 5 s
21:16:08  Log przez Wi-Fi: brak połączenia (timed out); ponawiam za 5 s
21:16:23  Log przez Wi-Fi: brak połączenia (timed out); ponawiam za 5 s
21:16:38  Log przez Wi-Fi: brak połączenia (timed out); ponawiam za 5 s
21:16:53  Log przez Wi-Fi: brak połączenia (timed out); ponawiam za 5 s
21:17:08  Log przez Wi-Fi: brak połączenia (timed out); ponawiam za 5 s
21:17:23  Log przez Wi-Fi: brak połączenia (timed out); ponawiam za 5 s
21:17:38  Log przez Wi-Fi: brak połączenia (timed out); ponawiam za 5 s
21:17:53  Log przez Wi-Fi: brak połączenia (timed out); ponawiam za 5 s
21:18:08  Log przez Wi-Fi: brak połączenia (timed out); ponawiam za 5 s
21:18:23  Log przez Wi-Fi: brak połączenia (timed out); ponawiam za 5 s
21:18:38  Log przez Wi-Fi: brak połączenia (timed out); ponawiam za 5 s
21:18:53  Log przez Wi-Fi: brak połączenia (timed out); ponawiam za 5 s
21:19:08  Log przez Wi-Fi: brak połączenia (timed out); ponawiam za 5 s
21:19:23  Log przez Wi-Fi: brak połączenia (timed out); ponawiam za 5 s
21:19:38  Log przez Wi-Fi: brak połączenia (timed out); ponawiam za 5 s
21:19:53  Log przez Wi-Fi: brak połączenia (timed out); ponawiam za 5 s
21:20:08  Log przez Wi-Fi: brak połączenia (timed out); ponawiam za 5 s
21:20:23  Log przez Wi-Fi: brak połączenia (timed out); ponawiam za 5 s
21:20:38  Log przez Wi-Fi: brak połączenia (timed out); ponawiam za 5 s
21:20:53  Log przez Wi-Fi: brak połączenia (timed out); ponawiam za 5 s
21:21:08  Log przez Wi-Fi: brak połączenia (timed out); ponawiam za 5 s
21:21:23  Log przez Wi-Fi: brak połączenia (timed out); ponawiam za 5 s
21:21:38  Log przez Wi-Fi: brak połączenia (timed out); ponawiam za 5 s
21:21:53  Log przez Wi-Fi: brak połączenia (timed out); ponawiam za 5 s
21:22:08  Log przez Wi-Fi: brak połączenia (timed out); ponawiam za 5 s
21:22:23  Log przez Wi-Fi: brak połączenia (timed out); ponawiam za 5 s
21:22:38  Log przez Wi-Fi: brak połączenia (timed out); ponawiam za 5 s
21:22:53  Log przez Wi-Fi: brak połączenia (timed out); ponawiam za 5 s
21:23:08  Log przez Wi-Fi: brak połączenia (timed out); ponawiam za 5 s
21:23:23  Log przez Wi-Fi: brak połączenia (timed out); ponawiam za 5 s
21:23:38  Log przez Wi-Fi: brak połączenia (timed out); ponawiam za 5 s
21:23:53  Log przez Wi-Fi: brak połączenia (timed out); ponawiam za 5 s
21:24:08  Log przez Wi-Fi: brak połączenia (timed out); ponawiam za 5 s
21:24:23  Log przez Wi-Fi: brak połączenia (timed out); ponawiam za 5 s
21:24:38  Log przez Wi-Fi: brak połączenia (timed out); ponawiam za 5 s
21:24:53  Log przez Wi-Fi: brak połączenia (timed out); ponawiam za 5 s
21:25:08  Log przez Wi-Fi: brak połączenia (timed out); ponawiam za 5 s
21:25:23  Log przez Wi-Fi: brak połączenia (timed out); ponawiam za 5 s
21:25:38  Log przez Wi-Fi: brak połączenia (timed out); ponawiam za 5 s
21:25:53  Log przez Wi-Fi: brak połączenia (timed out); ponawiam za 5 s
21:26:08  Log przez Wi-Fi: brak połączenia (timed out); ponawiam za 5 s
21:26:23  Log przez Wi-Fi: brak połączenia (timed out); ponawiam za 5 s
21:26:38  Log przez Wi-Fi: brak połączenia (timed out); ponawiam za 5 s
21:26:53  Log przez Wi-Fi: brak połączenia (timed out); ponawiam za 5 s
21:27:08  Log przez Wi-Fi: brak połączenia (timed out); ponawiam za 5 s
21:27:23  Log przez Wi-Fi: brak połączenia (timed out); ponawiam za 5 s
21:27:38  Log przez Wi-Fi: brak połączenia (timed out); ponawiam za 5 s
21:27:53  Log przez Wi-Fi: brak połączenia (timed out); ponawiam za 5 s
21:28:08  Log przez Wi-Fi: brak połączenia (timed out); ponawiam za 5 s
21:28:23  Log przez Wi-Fi: brak połączenia (timed out); ponawiam za 5 s
21:28:38  Log przez Wi-Fi: brak połączenia (timed out); ponawiam za 5 s
21:28:53  Log przez Wi-Fi: brak połączenia (timed out); ponawiam za 5 s
21:29:08  Log przez Wi-Fi: brak połączenia (timed out); ponawiam za 5 s
21:29:23  Log przez Wi-Fi: brak połączenia (timed out); ponawiam za 5 s
21:29:38  Log przez Wi-Fi: brak połączenia (timed out); ponawiam za 5 s
21:29:53  Log przez Wi-Fi: brak połączenia (timed out); ponawiam za 5 s
21:30:08  Log przez Wi-Fi: brak połączenia (timed out); ponawiam za 5 s
21:30:23  Log przez Wi-Fi: brak połączenia (timed out); ponawiam za 5 s
21:30:38  Log przez Wi-Fi: brak połączenia (timed out); ponawiam za 5 s
21:30:53  Log przez Wi-Fi: brak połączenia (timed out); ponawiam za 5 s
21:31:08  Log przez Wi-Fi: brak połączenia (timed out); ponawiam za 5 s
21:31:23  Log przez Wi-Fi: brak połączenia (timed out); ponawiam za 5 s
21:31:38  Log przez Wi-Fi: brak połączenia (timed out); ponawiam za 5 s
21:31:53  Log przez Wi-Fi: brak połączenia (timed out); ponawiam za 5 s
21:32:08  Log przez Wi-Fi: brak połączenia (timed out); ponawiam za 5 s
21:32:23  Log przez Wi-Fi: brak połączenia (timed out); ponawiam za 5 s
21:32:38  Log przez Wi-Fi: brak połączenia (timed out); ponawiam za 5 s
21:32:53  Log przez Wi-Fi: brak połączenia (timed out); ponawiam za 5 s
21:33:08  Log przez Wi-Fi: brak połączenia (timed out); ponawiam za 5 s
21:33:23  Log przez Wi-Fi: brak połączenia (timed out); ponawiam za 5 s
21:33:38  Log przez Wi-Fi: brak połączenia (timed out); ponawiam za 5 s
21:33:53  Log przez Wi-Fi: brak połączenia (timed out); ponawiam za 5 s
21:34:08  Log przez Wi-Fi: brak połączenia (timed out); ponawiam za 5 s
21:34:23  Log przez Wi-Fi: brak połączenia (timed out); ponawiam za 5 s
21:34:38  Log przez Wi-Fi: brak połączenia (timed out); ponawiam za 5 s
21:34:53  Log przez Wi-Fi: brak połączenia (timed out); ponawiam za 5 s
21:35:08  Log przez Wi-Fi: brak połączenia (timed out); ponawiam za 5 s
21:35:23  Log przez Wi-Fi: brak połączenia (timed out); ponawiam za 5 s
21:35:38  Log przez Wi-Fi: brak połączenia (timed out); ponawiam za 5 s
21:35:53  Log przez Wi-Fi: brak połączenia (timed out); ponawiam za 5 s
21:36:08  Log przez Wi-Fi: brak połączenia (timed out); ponawiam za 5 s
21:36:23  Log przez Wi-Fi: brak połączenia (timed out); ponawiam za 5 s
21:36:38  Log przez Wi-Fi: brak połączenia (timed out); ponawiam za 5 s
21:36:53  Log przez Wi-Fi: brak połączenia (timed out); ponawiam za 5 s
21:37:08  Log przez Wi-Fi: brak połączenia (timed out); ponawiam za 5 s
21:37:23  Log przez Wi-Fi: brak połączenia (timed out); ponawiam za 5 s
21:37:38  Log przez Wi-Fi: brak połączenia (timed out); ponawiam za 5 s
21:37:53  Log przez Wi-Fi: brak połączenia (timed out); ponawiam za 5 s
21:38:08  Log przez Wi-Fi: brak połączenia (timed out); ponawiam za 5 s
21:38:23  Log przez Wi-Fi: brak połączenia (timed out); ponawiam za 5 s
21:38:38  Log przez Wi-Fi: brak połączenia (timed out); ponawiam za 5 s
21:38:53  Log przez Wi-Fi: brak połączenia (timed out); ponawiam za 5 s
21:39:08  Log przez Wi-Fi: brak połączenia (timed out); ponawiam za 5 s
21:39:23  Log przez Wi-Fi: brak połączenia (timed out); ponawiam za 5 s
21:39:38  Log przez Wi-Fi: brak połączenia (timed out); ponawiam za 5 s
21:39:53  Log przez Wi-Fi: brak połączenia (timed out); ponawiam za 5 s
21:40:08  Log przez Wi-Fi: brak połączenia (timed out); ponawiam za 5 s
21:40:23  Log przez Wi-Fi: brak połączenia (timed out); ponawiam za 5 s
21:40:38  Log przez Wi-Fi: brak połączenia (timed out); ponawiam za 5 s
21:40:53  Log przez Wi-Fi: brak połączenia (timed out); ponawiam za 5 s
21:41:08  Log przez Wi-Fi: brak połączenia (timed out); ponawiam za 5 s
21:41:23  Log przez Wi-Fi: brak połączenia (timed out); ponawiam za 5 s
21:41:38  Log przez Wi-Fi: brak połączenia (timed out); ponawiam za 5 s
21:41:53  Log przez Wi-Fi: brak połączenia (timed out); ponawiam za 5 s
21:42:08  Log przez Wi-Fi: brak połączenia (timed out); ponawiam za 5 s
21:42:23  Log przez Wi-Fi: brak połączenia (timed out); ponawiam za 5 s
21:42:38  Log przez Wi-Fi: brak połączenia (timed out); ponawiam za 5 s
21:42:53  Log przez Wi-Fi: brak połączenia (timed out); ponawiam za 5 s
21:43:09  Log przez Wi-Fi: brak połączenia (timed out); ponawiam za 5 s
21:43:24  Log przez Wi-Fi: brak połączenia (timed out); ponawiam za 5 s
21:43:39  Log przez Wi-Fi: brak połączenia (timed out); ponawiam za 5 s
21:43:54  Log przez Wi-Fi: brak połączenia (timed out); ponawiam za 5 s
21:44:09  Log przez Wi-Fi: brak połączenia (timed out); ponawiam za 5 s
21:44:24  Log przez Wi-Fi: brak połączenia (timed out); ponawiam za 5 s
21:44:39  Log przez Wi-Fi: brak połączenia (timed out); ponawiam za 5 s
21:44:54  Log przez Wi-Fi: brak połączenia (timed out); ponawiam za 5 s
21:45:09  Log przez Wi-Fi: brak połączenia (timed out); ponawiam za 5 s
21:45:24  Log przez Wi-Fi: brak połączenia (timed out); ponawiam za 5 s
21:45:39  Log przez Wi-Fi: brak połączenia (timed out); ponawiam za 5 s
21:45:54  Log przez Wi-Fi: brak połączenia (timed out); ponawiam za 5 s
21:46:09  Log przez Wi-Fi: brak połączenia (timed out); ponawiam za 5 s
21:46:24  Log przez Wi-Fi: brak połączenia (timed out); ponawiam za 5 s
21:46:39  Log przez Wi-Fi: brak połączenia (timed out); ponawiam za 5 s
21:46:54  Log przez Wi-Fi: brak połączenia (timed out); ponawiam za 5 s
21:47:09  Log przez Wi-Fi: brak połączenia (timed out); ponawiam za 5 s
21:47:24  Log przez Wi-Fi: brak połączenia (timed out); ponawiam za 5 s
21:47:39  Log przez Wi-Fi: brak połączenia (timed out); ponawiam za 5 s
21:47:54  Log przez Wi-Fi: brak połączenia (timed out); ponawiam za 5 s
21:48:09  Log przez Wi-Fi: brak połączenia (timed out); ponawiam za 5 s
21:48:24  Log przez Wi-Fi: brak połączenia (timed out); ponawiam za 5 s
21:48:39  Log przez Wi-Fi: brak połączenia (timed out); ponawiam za 5 s
21:48:54  Log przez Wi-Fi: brak połączenia (timed out); ponawiam za 5 s
21:49:09  Log przez Wi-Fi: brak połączenia (timed out); ponawiam za 5 s
21:49:24  Log przez Wi-Fi: brak połączenia (timed out); ponawiam za 5 s
21:49:39  Log przez Wi-Fi: brak połączenia (timed out); ponawiam za 5 s
21:49:54  Log przez Wi-Fi: brak połączenia (timed out); ponawiam za 5 s
21:50:09  Log przez Wi-Fi: brak połączenia (timed out); ponawiam za 5 s
21:50:24  Log przez Wi-Fi: brak połączenia (timed out); ponawiam za 5 s
21:50:39  Log przez Wi-Fi: brak połączenia (timed out); ponawiam za 5 s
21:50:54  Log przez Wi-Fi: brak połączenia (timed out); ponawiam za 5 s
21:51:09  Log przez Wi-Fi: brak połączenia (timed out); ponawiam za 5 s
21:51:24  Log przez Wi-Fi: brak połączenia (timed out); ponawiam za 5 s
21:51:39  Log przez Wi-Fi: brak połączenia (timed out); ponawiam za 5 s
21:51:54  Log przez Wi-Fi: brak połączenia (timed out); ponawiam za 5 s
21:52:09  Log przez Wi-Fi: brak połączenia (timed out); ponawiam za 5 s
21:52:24  Log przez Wi-Fi: brak połączenia (timed out); ponawiam za 5 s
21:52:39  Log przez Wi-Fi: brak połączenia (timed out); ponawiam za 5 s
21:52:54  Log przez Wi-Fi: brak połączenia (timed out); ponawiam za 5 s
21:53:09  Log przez Wi-Fi: brak połączenia (timed out); ponawiam za 5 s
21:53:24  Log przez Wi-Fi: brak połączenia (timed out); ponawiam za 5 s
21:53:39  Log przez Wi-Fi: brak połączenia (timed out); ponawiam za 5 s
21:53:54  Log przez Wi-Fi: brak połączenia (timed out); ponawiam za 5 s
21:54:09  Log przez Wi-Fi: brak połączenia (timed out); ponawiam za 5 s
21:54:24  Log przez Wi-Fi: brak połączenia (timed out); ponawiam za 5 s
21:54:39  Log przez Wi-Fi: brak połączenia (timed out); ponawiam za 5 s
21:54:54  Log przez Wi-Fi: brak połączenia (timed out); ponawiam za 5 s
21:55:09  Log przez Wi-Fi: brak połączenia (timed out); ponawiam za 5 s
21:55:24  Log przez Wi-Fi: brak połączenia (timed out); ponawiam za 5 s
21:55:39  Log przez Wi-Fi: brak połączenia (timed out); ponawiam za 5 s
21:55:54  Log przez Wi-Fi: brak połączenia (timed out); ponawiam za 5 s
21:56:09  Log przez Wi-Fi: brak połączenia (timed out); ponawiam za 5 s
21:56:24  Log przez Wi-Fi: brak połączenia (timed out); ponawiam za 5 s
21:56:39  Log przez Wi-Fi: brak połączenia (timed out); ponawiam za 5 s
21:56:54  Log przez Wi-Fi: brak połączenia (timed out); ponawiam za 5 s
21:57:09  Log przez Wi-Fi: brak połączenia (timed out); ponawiam za 5 s
21:57:24  Log przez Wi-Fi: brak połączenia (timed out); ponawiam za 5 s
21:57:39  Log przez Wi-Fi: brak połączenia (timed out); ponawiam za 5 s
21:57:54  Log przez Wi-Fi: brak połączenia (timed out); ponawiam za 5 s
21:58:09  Log przez Wi-Fi: brak połączenia (timed out); ponawiam za 5 s
21:58:24  Log przez Wi-Fi: brak połączenia (timed out); ponawiam za 5 s
21:58:39  Log przez Wi-Fi: brak połączenia (timed out); ponawiam za 5 s
21:58:54  Log przez Wi-Fi: brak połączenia (timed out); ponawiam za 5 s
21:59:09  Log przez Wi-Fi: brak połączenia (timed out); ponawiam za 5 s
21:59:24  Log przez Wi-Fi: brak połączenia (timed out); ponawiam za 5 s
21:59:39  Log przez Wi-Fi: brak połączenia (timed out); ponawiam za 5 s
21:59:54  Log przez Wi-Fi: brak połączenia (timed out); ponawiam za 5 s
22:00:09  Log przez Wi-Fi: brak połączenia (timed out); ponawiam za 5 s
22:00:24  Log przez Wi-Fi: brak połączenia (timed out); ponawiam za 5 s
22:00:39  Log przez Wi-Fi: brak połączenia (timed out); ponawiam za 5 s
22:00:54  Log przez Wi-Fi: brak połączenia (timed out); ponawiam za 5 s
22:01:09  Log przez Wi-Fi: brak połączenia (timed out); ponawiam za 5 s
22:01:24  Log przez Wi-Fi: brak połączenia (timed out); ponawiam za 5 s
22:01:39  Log przez Wi-Fi: brak połączenia (timed out); ponawiam za 5 s
22:01:54  Log przez Wi-Fi: brak połączenia (timed out); ponawiam za 5 s
22:02:09  Log przez Wi-Fi: brak połączenia (timed out); ponawiam za 5 s
22:02:24  Log przez Wi-Fi: brak połączenia (timed out); ponawiam za 5 s
22:02:39  Log przez Wi-Fi: brak połączenia (timed out); ponawiam za 5 s
22:02:54  Log przez Wi-Fi: brak połączenia (timed out); ponawiam za 5 s
22:03:09  Log przez Wi-Fi: brak połączenia (timed out); ponawiam za 5 s
22:03:24  Log przez Wi-Fi: brak połączenia (timed out); ponawiam za 5 s
22:03:39  Log przez Wi-Fi: brak połączenia (timed out); ponawiam za 5 s
22:03:54  Log przez Wi-Fi: brak połączenia (timed out); ponawiam za 5 s
22:04:09  Log przez Wi-Fi: brak połączenia (timed out); ponawiam za 5 s
22:04:24  Log przez Wi-Fi: brak połączenia (timed out); ponawiam za 5 s
22:04:39  Log przez Wi-Fi: brak połączenia (timed out); ponawiam za 5 s
22:04:54  Log przez Wi-Fi: brak połączenia (timed out); ponawiam za 5 s
22:05:09  Log przez Wi-Fi: brak połączenia (timed out); ponawiam za 5 s
22:05:24  Log przez Wi-Fi: brak połączenia (timed out); ponawiam za 5 s
22:05:39  Log przez Wi-Fi: brak połączenia (timed out); ponawiam za 5 s
22:05:54  Log przez Wi-Fi: brak połączenia (timed out); ponawiam za 5 s
22:06:09  Log przez Wi-Fi: brak połączenia (timed out); ponawiam za 5 s
22:06:24  Log przez Wi-Fi: brak połączenia (timed out); ponawiam za 5 s
22:06:39  Log przez Wi-Fi: brak połączenia (timed out); ponawiam za 5 s
22:06:54  Log przez Wi-Fi: brak połączenia (timed out); ponawiam za 5 s
22:07:09  Log przez Wi-Fi: brak połączenia (timed out); ponawiam za 5 s
22:07:24  Log przez Wi-Fi: brak połączenia (timed out); ponawiam za 5 s
22:07:39  Log przez Wi-Fi: brak połączenia (timed out); ponawiam za 5 s
22:07:54  Log przez Wi-Fi: brak połączenia (timed out); ponawiam za 5 s
22:08:09  Log przez Wi-Fi: brak połączenia (timed out); ponawiam za 5 s
22:08:24  Log przez Wi-Fi: brak połączenia (timed out); ponawiam za 5 s
22:08:39  Log przez Wi-Fi: brak połączenia (timed out); ponawiam za 5 s
22:08:54  Log przez Wi-Fi: brak połączenia (timed out); ponawiam za 5 s
22:09:09  Log przez Wi-Fi: brak połączenia (timed out); ponawiam za 5 s
22:09:24  Log przez Wi-Fi: brak połączenia (timed out); ponawiam za 5 s
22:09:39  Log przez Wi-Fi: brak połączenia (timed out); ponawiam za 5 s
22:09:54  Log przez Wi-Fi: brak połączenia (timed out); ponawiam za 5 s
22:10:09  Log przez Wi-Fi: brak połączenia (timed out); ponawiam za 5 s
22:10:24  Log przez Wi-Fi: brak połączenia (timed out); ponawiam za 5 s
22:10:39  Log przez Wi-Fi: brak połączenia (timed out); ponawiam za 5 s
22:10:54  Log przez Wi-Fi: brak połączenia (timed out); ponawiam za 5 s
22:11:09  Log przez Wi-Fi: brak połączenia (timed out); ponawiam za 5 s
22:11:24  Log przez Wi-Fi: brak połączenia (timed out); ponawiam za 5 s
22:11:39  Log przez Wi-Fi: brak połączenia (timed out); ponawiam za 5 s
22:11:54  Log przez Wi-Fi: brak połączenia (timed out); ponawiam za 5 s
22:12:09  Log przez Wi-Fi: brak połączenia (timed out); ponawiam za 5 s
22:12:25  Log przez Wi-Fi: brak połączenia (timed out); ponawiam za 5 s
22:12:40  Log przez Wi-Fi: brak połączenia (timed out); ponawiam za 5 s
22:12:55  Log przez Wi-Fi: brak połączenia (timed out); ponawiam za 5 s
22:13:10  Log przez Wi-Fi: brak połączenia (timed out); ponawiam za 5 s
22:13:25  Log przez Wi-Fi: brak połączenia (timed out); ponawiam za 5 s
22:13:40  Log przez Wi-Fi: brak połączenia (timed out); ponawiam za 5 s
22:13:55  Log przez Wi-Fi: brak połączenia (timed out); ponawiam za 5 s
22:14:10  Log przez Wi-Fi: brak połączenia (timed out); ponawiam za 5 s
22:14:25  Log przez Wi-Fi: brak połączenia (timed out); ponawiam za 5 s
22:14:40  Log przez Wi-Fi: brak połączenia (timed out); ponawiam za 5 s
22:14:55  Log przez Wi-Fi: brak połączenia (timed out); ponawiam za 5 s
22:15:10  Log przez Wi-Fi: brak połączenia (timed out); ponawiam za 5 s
22:15:25  Log przez Wi-Fi: brak połączenia (timed out); ponawiam za 5 s
22:15:40  Log przez Wi-Fi: brak połączenia (timed out); ponawiam za 5 s
22:15:55  Log przez Wi-Fi: brak połączenia (timed out); ponawiam za 5 s
22:16:10  Log przez Wi-Fi: brak połączenia (timed out); ponawiam za 5 s
22:16:25  Log przez Wi-Fi: brak połączenia (timed out); ponawiam za 5 s
22:16:40  Log przez Wi-Fi: brak połączenia (timed out); ponawiam za 5 s
22:16:55  Log przez Wi-Fi: brak połączenia (timed out); ponawiam za 5 s
22:17:10  Log przez Wi-Fi: brak połączenia (timed out); ponawiam za 5 s
22:17:25  Log przez Wi-Fi: brak połączenia (timed out); ponawiam za 5 s
22:17:40  Log przez Wi-Fi: brak połączenia (timed out); ponawiam za 5 s
22:22:24  Log przez Wi-Fi: brak połączenia (timed out); ponawiam za 5 s
08:52:13  Log przez Wi-Fi: brak połączenia (timed out); ponawiam za 5 s
08:52:28  Log przez Wi-Fi: brak połączenia (timed out); ponawiam za 5 s
08:52:43  Log przez Wi-Fi: brak połączenia (timed out); ponawiam za 5 s
08:52:58  Log przez Wi-Fi: brak połączenia (timed out); ponawiam za 5 s
08:53:13  Log przez Wi-Fi: brak połączenia (timed out); ponawiam za 5 s
08:53:28  Log przez Wi-Fi: brak połączenia (timed out); ponawiam za 5 s
08:53:43  Log przez Wi-Fi: brak połączenia (timed out); ponawiam za 5 s
08:53:58  Log przez Wi-Fi: brak połączenia (timed out); ponawiam za 5 s
08:54:13  Log przez Wi-Fi: brak połączenia (timed out); ponawiam za 5 s
08:54:28  Log przez Wi-Fi: brak połączenia (timed out); ponawiam za 5 s
08:54:43  Log przez Wi-Fi: brak połączenia (timed out); ponawiam za 5 s
08:54:58  Log przez Wi-Fi: brak połączenia (timed out); ponawiam za 5 s
08:55:13  Log przez Wi-Fi: brak połączenia (timed out); ponawiam za 5 s
08:55:28  Log przez Wi-Fi: brak połączenia (timed out); ponawiam za 5 s
08:55:43  Log przez Wi-Fi: brak połączenia (timed out); ponawiam za 5 s
08:55:58  Log przez Wi-Fi: brak połączenia (timed out); ponawiam za 5 s
08:56:13  Log przez Wi-Fi: brak połączenia (timed out); ponawiam za 5 s
08:56:28  Log przez Wi-Fi: brak połączenia (timed out); ponawiam za 5 s
08:56:43  Log przez Wi-Fi: brak połączenia (timed out); ponawiam za 5 s
08:56:58  Log przez Wi-Fi: brak połączenia (timed out); ponawiam za 5 s
08:57:13  Log przez Wi-Fi: brak połączenia (timed out); ponawiam za 5 s
08:57:28  Log przez Wi-Fi: brak połączenia (timed out); ponawiam za 5 s
08:57:43  Log przez Wi-Fi: brak połączenia (timed out); ponawiam za 5 s
08:57:58  Log przez Wi-Fi: brak połączenia (timed out); ponawiam za 5 s
08:58:13  Log przez Wi-Fi: brak połączenia (timed out); ponawiam za 5 s
08:58:28  Log przez Wi-Fi: brak połączenia (timed out); ponawiam za 5 s
08:58:43  Log przez Wi-Fi: brak połączenia (timed out); ponawiam za 5 s
09:36:32  Log przez Wi-Fi: brak połączenia ([WinError 10051] Próba przeprowadzenia operacji, wykonywanej przez gniazdo, na nieosiągalnej sieci); ponawiam za 5 s
09:36:37  Log przez Wi-Fi: brak połączenia ([WinError 10051] Próba przeprowadzenia operacji, wykonywanej przez gniazdo, na nieosiągalnej sieci); ponawiam za 5 s
10:08:45  Log przez Wi-Fi: brak połączenia ([WinError 10051] Próba przeprowadzenia operacji, wykonywanej przez gniazdo, na nieosiągalnej sieci); ponawiam za 5 s
10:08:50  Log przez Wi-Fi: brak połączenia ([WinError 10065] Próba przeprowadzenia operacji, wykonywanej przez gniazdo, na nieosiągalnym hoście); ponawiam za 5 s
10:08:55  Log przez Wi-Fi: brak połączenia ([WinError 10065] Próba przeprowadzenia operacji, wykonywanej przez gniazdo, na nieosiągalnym hoście); ponawiam za 5 s
10:09:00  Log przez Wi-Fi: brak połączenia ([WinError 10065] Próba przeprowadzenia operacji, wykonywanej przez gniazdo, na nieosiągalnym hoście); ponawiam za 5 s
10:09:05  Log przez Wi-Fi: brak połączenia ([WinError 10065] Próba przeprowadzenia operacji, wykonywanej przez gniazdo, na nieosiągalnym hoście); ponawiam za 5 s
10:09:10  Log przez Wi-Fi: brak połączenia ([WinError 10065] Próba przeprowadzenia operacji, wykonywanej przez gniazdo, na nieosiągalnym hoście); ponawiam za 5 s
10:09:15  Log przez Wi-Fi: brak połączenia ([WinError 10065] Próba przeprowadzenia operacji, wykonywanej przez gniazdo, na nieosiągalnym hoście); ponawiam za 5 s
10:09:20  Log przez Wi-Fi: brak połączenia ([WinError 10065] Próba przeprowadzenia operacji, wykonywanej przez gniazdo, na nieosiągalnym hoście); ponawiam za 5 s
10:09:25  Log przez Wi-Fi: brak połączenia ([WinError 10065] Próba przeprowadzenia operacji, wykonywanej przez gniazdo, na nieosiągalnym hoście); ponawiam za 5 s
10:09:30  Log przez Wi-Fi: brak połączenia ([WinError 10065] Próba przeprowadzenia operacji, wykonywanej przez gniazdo, na nieosiągalnym hoście); ponawiam za 5 s
10:09:35  Log przez Wi-Fi: brak połączenia ([WinError 10065] Próba przeprowadzenia operacji, wykonywanej przez gniazdo, na nieosiągalnym hoście); ponawiam za 5 s
10:09:40  Log przez Wi-Fi: brak połączenia ([WinError 10065] Próba przeprowadzenia operacji, wykonywanej przez gniazdo, na nieosiągalnym hoście); ponawiam za 5 s
10:09:45  Log przez Wi-Fi: brak połączenia ([WinError 10065] Próba przeprowadzenia operacji, wykonywanej przez gniazdo, na nieosiągalnym hoście); ponawiam za 5 s
10:09:50  Log przez Wi-Fi: brak połączenia ([WinError 10065] Próba przeprowadzenia operacji, wykonywanej przez gniazdo, na nieosiągalnym hoście); ponawiam za 5 s
10:09:55  Log przez Wi-Fi: brak połączenia ([WinError 10065] Próba przeprowadzenia operacji, wykonywanej przez gniazdo, na nieosiągalnym hoście); ponawiam za 5 s
10:10:00  Log przez Wi-Fi: brak połączenia ([WinError 10065] Próba przeprowadzenia operacji, wykonywanej przez gniazdo, na nieosiągalnym hoście); ponawiam za 5 s
10:10:05  Log przez Wi-Fi: brak połączenia ([WinError 10065] Próba przeprowadzenia operacji, wykonywanej przez gniazdo, na nieosiągalnym hoście); ponawiam za 5 s
10:10:10  Log przez Wi-Fi: brak połączenia ([WinError 10065] Próba przeprowadzenia operacji, wykonywanej przez gniazdo, na nieosiągalnym hoście); ponawiam za 5 s
10:10:15  Log przez Wi-Fi: brak połączenia ([WinError 10065] Próba przeprowadzenia operacji, wykonywanej przez gniazdo, na nieosiągalnym hoście); ponawiam za 5 s
10:10:20  Log przez Wi-Fi: brak połączenia ([WinError 10065] Próba przeprowadzenia operacji, wykonywanej przez gniazdo, na nieosiągalnym hoście); ponawiam za 5 s
10:10:25  Log przez Wi-Fi: brak połączenia ([WinError 10065] Próba przeprowadzenia operacji, wykonywanej przez gniazdo, na nieosiągalnym hoście); ponawiam za 5 s
10:10:30  Log przez Wi-Fi: brak połączenia ([WinError 10065] Próba przeprowadzenia operacji, wykonywanej przez gniazdo, na nieosiągalnym hoście); ponawiam za 5 s
10:10:35  Log przez Wi-Fi: brak połączenia ([WinError 10065] Próba przeprowadzenia operacji, wykonywanej przez gniazdo, na nieosiągalnym hoście); ponawiam za 5 s
10:10:40  Log przez Wi-Fi: brak połączenia ([WinError 10065] Próba przeprowadzenia operacji, wykonywanej przez gniazdo, na nieosiągalnym hoście); ponawiam za 5 s
10:10:45  Log przez Wi-Fi: brak połączenia ([WinError 10065] Próba przeprowadzenia operacji, wykonywanej przez gniazdo, na nieosiągalnym hoście); ponawiam za 5 s
10:10:50  Log przez Wi-Fi: brak połączenia ([WinError 10065] Próba przeprowadzenia operacji, wykonywanej przez gniazdo, na nieosiągalnym hoście); ponawiam za 5 s
10:10:55  Log przez Wi-Fi: brak połączenia ([WinError 10065] Próba przeprowadzenia operacji, wykonywanej przez gniazdo, na nieosiągalnym hoście); ponawiam za 5 s
10:11:00  Log przez Wi-Fi: brak połączenia ([WinError 10065] Próba przeprowadzenia operacji, wykonywanej przez gniazdo, na nieosiągalnym hoście); ponawiam za 5 s
10:11:05  Log przez Wi-Fi: brak połączenia ([WinError 10065] Próba przeprowadzenia operacji, wykonywanej przez gniazdo, na nieosiągalnym hoście); ponawiam za 5 s
10:11:10  Log przez Wi-Fi: brak połączenia ([WinError 10065] Próba przeprowadzenia operacji, wykonywanej przez gniazdo, na nieosiągalnym hoście); ponawiam za 5 s
10:11:15  Log przez Wi-Fi: brak połączenia ([WinError 10065] Próba przeprowadzenia operacji, wykonywanej przez gniazdo, na nieosiągalnym hoście); ponawiam za 5 s
10:11:20  Log przez Wi-Fi: brak połączenia ([WinError 10065] Próba przeprowadzenia operacji, wykonywanej przez gniazdo, na nieosiągalnym hoście); ponawiam za 5 s
10:11:25  Log przez Wi-Fi: brak połączenia ([WinError 10065] Próba przeprowadzenia operacji, wykonywanej przez gniazdo, na nieosiągalnym hoście); ponawiam za 5 s
10:11:30  Log przez Wi-Fi: brak połączenia ([WinError 10065] Próba przeprowadzenia operacji, wykonywanej przez gniazdo, na nieosiągalnym hoście); ponawiam za 5 s
10:11:35  Log przez Wi-Fi: brak połączenia ([WinError 10065] Próba przeprowadzenia operacji, wykonywanej przez gniazdo, na nieosiągalnym hoście); ponawiam za 5 s
10:11:40  Log przez Wi-Fi: brak połączenia ([WinError 10065] Próba przeprowadzenia operacji, wykonywanej przez gniazdo, na nieosiągalnym hoście); ponawiam za 5 s
10:11:45  Log przez Wi-Fi: brak połączenia ([WinError 10065] Próba przeprowadzenia operacji, wykonywanej przez gniazdo, na nieosiągalnym hoście); ponawiam za 5 s
10:11:50  Log przez Wi-Fi: brak połączenia ([WinError 10065] Próba przeprowadzenia operacji, wykonywanej przez gniazdo, na nieosiągalnym hoście); ponawiam za 5 s
10:11:55  Log przez Wi-Fi: brak połączenia ([WinError 10065] Próba przeprowadzenia operacji, wykonywanej przez gniazdo, na nieosiągalnym hoście); ponawiam za 5 s
10:12:00  Log przez Wi-Fi: brak połączenia ([WinError 10065] Próba przeprowadzenia operacji, wykonywanej przez gniazdo, na nieosiągalnym hoście); ponawiam za 5 s
10:12:15  Log przez Wi-Fi: brak połączenia (timed out); ponawiam za 5 s
10:12:30  Log przez Wi-Fi: brak połączenia (timed out); ponawiam za 5 s
10:12:45  Log przez Wi-Fi: brak połączenia (timed out); ponawiam za 5 s
10:13:00  Log przez Wi-Fi: brak połączenia (timed out); ponawiam za 5 s
10:13:15  Log przez Wi-Fi: brak połączenia (timed out); ponawiam za 5 s
10:13:30  Log przez Wi-Fi: brak połączenia (timed out); ponawiam za 5 s
10:13:45  Log przez Wi-Fi: brak połączenia (timed out); ponawiam za 5 s
10:14:00  Log przez Wi-Fi: brak połączenia (timed out); ponawiam za 5 s
10:14:15  Log przez Wi-Fi: brak połączenia (timed out); ponawiam za 5 s
10:14:30  Log przez Wi-Fi: brak połączenia (timed out); ponawiam za 5 s
10:14:45  Log przez Wi-Fi: brak połączenia (timed out); ponawiam za 5 s
10:15:00  Log przez Wi-Fi: brak połączenia (timed out); ponawiam za 5 s
10:15:15  Log przez Wi-Fi: brak połączenia (timed out); ponawiam za 5 s
10:15:30  Log przez Wi-Fi: brak połączenia (timed out); ponawiam za 5 s
10:15:45  Log przez Wi-Fi: brak połączenia (timed out); ponawiam za 5 s
10:16:00  Log przez Wi-Fi: brak połączenia (timed out); ponawiam za 5 s
10:16:15  Log przez Wi-Fi: brak połączenia (timed out); ponawiam za 5 s
10:16:30  Log przez Wi-Fi: brak połączenia (timed out); ponawiam za 5 s
10:16:45  Log przez Wi-Fi: brak połączenia (timed out); ponawiam za 5 s
10:17:00  Log przez Wi-Fi: brak połączenia (timed out); ponawiam za 5 s
10:17:15  Log przez Wi-Fi: brak połączenia (timed out); ponawiam za 5 s
10:17:30  Log przez Wi-Fi: brak połączenia (timed out); ponawiam za 5 s
10:17:45  Log przez Wi-Fi: brak połączenia (timed out); ponawiam za 5 s
10:18:00  Log przez Wi-Fi: brak połączenia (timed out); ponawiam za 5 s
10:18:15  Log przez Wi-Fi: brak połączenia (timed out); ponawiam za 5 s
10:18:30  Log przez Wi-Fi: brak połączenia (timed out); ponawiam za 5 s
10:18:45  Log przez Wi-Fi: brak połączenia (timed out); ponawiam za 5 s
10:19:00  Log przez Wi-Fi: brak połączenia (timed out); ponawiam za 5 s
10:19:15  Log przez Wi-Fi: brak połączenia (timed out); ponawiam za 5 s
10:19:30  Log przez Wi-Fi: brak połączenia (timed out); ponawiam za 5 s
10:19:45  Log przez Wi-Fi: brak połączenia (timed out); ponawiam za 5 s
10:20:00  Log przez Wi-Fi: brak połączenia (timed out); ponawiam za 5 s
10:20:15  Log przez Wi-Fi: brak połączenia (timed out); ponawiam za 5 s
10:20:30  Log przez Wi-Fi: brak połączenia (timed out); ponawiam za 5 s
10:20:45  Log przez Wi-Fi: brak połączenia (timed out); ponawiam za 5 s
10:21:00  Log przez Wi-Fi: brak połączenia (timed out); ponawiam za 5 s
10:21:15  Log przez Wi-Fi: brak połączenia (timed out); ponawiam za 5 s
10:21:30  Log przez Wi-Fi: brak połączenia (timed out); ponawiam za 5 s
10:21:45  Log przez Wi-Fi: brak połączenia (timed out); ponawiam za 5 s
10:22:00  Log przez Wi-Fi: brak połączenia (timed out); ponawiam za 5 s
10:22:15  Log przez Wi-Fi: brak połączenia (timed out); ponawiam za 5 s
10:22:30  Log przez Wi-Fi: brak połączenia (timed out); ponawiam za 5 s
10:22:45  Log przez Wi-Fi: brak połączenia (timed out); ponawiam za 5 s
10:23:00  Log przez Wi-Fi: brak połączenia (timed out); ponawiam za 5 s
10:23:15  Log przez Wi-Fi: brak połączenia (timed out); ponawiam za 5 s
10:23:30  Log przez Wi-Fi: brak połączenia (timed out); ponawiam za 5 s
10:23:45  Log przez Wi-Fi: brak połączenia (timed out); ponawiam za 5 s
10:24:00  Log przez Wi-Fi: brak połączenia (timed out); ponawiam za 5 s
10:24:15  Log przez Wi-Fi: brak połączenia (timed out); ponawiam za 5 s
10:24:30  Log przez Wi-Fi: brak połączenia (timed out); ponawiam za 5 s
10:24:45  Log przez Wi-Fi: brak połączenia (timed out); ponawiam za 5 s
10:25:01  Log przez Wi-Fi: brak połączenia (timed out); ponawiam za 5 s
10:25:16  Log przez Wi-Fi: brak połączenia (timed out); ponawiam za 5 s
10:25:31  Log przez Wi-Fi: brak połączenia (timed out); ponawiam za 5 s
10:25:46  Log przez Wi-Fi: brak połączenia (timed out); ponawiam za 5 s
10:26:01  Log przez Wi-Fi: brak połączenia (timed out); ponawiam za 5 s
10:26:16  Log przez Wi-Fi: brak połączenia (timed out); ponawiam za 5 s
10:26:31  Log przez Wi-Fi: brak połączenia (timed out); ponawiam za 5 s
10:26:46  Log przez Wi-Fi: brak połączenia (timed out); ponawiam za 5 s
10:27:01  Log przez Wi-Fi: brak połączenia (timed out); ponawiam za 5 s
10:27:16  Log przez Wi-Fi: brak połączenia (timed out); ponawiam za 5 s
10:27:31  Log przez Wi-Fi: brak połączenia (timed out); ponawiam za 5 s
10:27:46  Log przez Wi-Fi: brak połączenia (timed out); ponawiam za 5 s
10:28:01  Log przez Wi-Fi: brak połączenia (timed out); ponawiam za 5 s
10:28:16  Log przez Wi-Fi: brak połączenia (timed out); ponawiam za 5 s
10:28:31  Log przez Wi-Fi: brak połączenia (timed out); ponawiam za 5 s
10:28:46  Log przez Wi-Fi: brak połączenia (timed out); ponawiam za 5 s
10:29:01  Log przez Wi-Fi: brak połączenia (timed out); ponawiam za 5 s
10:29:16  Log przez Wi-Fi: brak połączenia (timed out); ponawiam za 5 s
10:29:31  Log przez Wi-Fi: brak połączenia (timed out); ponawiam za 5 s
10:29:46  Log przez Wi-Fi: brak połączenia (timed out); ponawiam za 5 s
10:30:01  Log przez Wi-Fi: brak połączenia (timed out); ponawiam za 5 s
10:30:16  Log przez Wi-Fi: brak połączenia (timed out); ponawiam za 5 s
10:30:31  Log przez Wi-Fi: brak połączenia (timed out); ponawiam za 5 s
10:30:46  Log przez Wi-Fi: brak połączenia (timed out); ponawiam za 5 s
10:31:01  Log przez Wi-Fi: brak połączenia (timed out); ponawiam za 5 s
10:31:16  Log przez Wi-Fi: brak połączenia (timed out); ponawiam za 5 s
10:31:31  Log przez Wi-Fi: brak połączenia (timed out); ponawiam za 5 s
10:31:46  Log przez Wi-Fi: brak połączenia (timed out); ponawiam za 5 s
10:32:01  Log przez Wi-Fi: brak połączenia (timed out); ponawiam za 5 s
10:32:16  Log przez Wi-Fi: brak połączenia (timed out); ponawiam za 5 s
10:32:31  Log przez Wi-Fi: brak połączenia (timed out); ponawiam za 5 s
10:32:46  Log przez Wi-Fi: brak połączenia (timed out); ponawiam za 5 s
10:33:01  Log przez Wi-Fi: brak połączenia (timed out); ponawiam za 5 s
10:33:16  Log przez Wi-Fi: brak połączenia (timed out); ponawiam za 5 s
10:33:31  Log przez Wi-Fi: brak połączenia (timed out); ponawiam za 5 s
10:33:46  Log przez Wi-Fi: brak połączenia (timed out); ponawiam za 5 s
10:34:01  Log przez Wi-Fi: brak połączenia (timed out); ponawiam za 5 s
10:34:16  Log przez Wi-Fi: brak połączenia (timed out); ponawiam za 5 s
10:34:31  Log przez Wi-Fi: brak połączenia (timed out); ponawiam za 5 s
10:34:46  Log przez Wi-Fi: brak połączenia (timed out); ponawiam za 5 s
10:35:01  Log przez Wi-Fi: brak połączenia (timed out); ponawiam za 5 s
10:35:16  Log przez Wi-Fi: brak połączenia (timed out); ponawiam za 5 s
10:35:31  Log przez Wi-Fi: brak połączenia (timed out); ponawiam za 5 s
10:35:46  Log przez Wi-Fi: brak połączenia (timed out); ponawiam za 5 s
10:36:01  Log przez Wi-Fi: brak połączenia (timed out); ponawiam za 5 s
10:36:16  Log przez Wi-Fi: brak połączenia (timed out); ponawiam za 5 s
10:36:31  Log przez Wi-Fi: brak połączenia (timed out); ponawiam za 5 s
10:36:46  Log przez Wi-Fi: brak połączenia (timed out); ponawiam za 5 s
10:37:01  Log przez Wi-Fi: brak połączenia (timed out); ponawiam za 5 s
10:37:16  Log przez Wi-Fi: brak połączenia (timed out); ponawiam za 5 s
10:37:31  Log przez Wi-Fi: brak połączenia (timed out); ponawiam za 5 s
10:37:46  Log przez Wi-Fi: brak połączenia (timed out); ponawiam za 5 s
10:38:01  Log przez Wi-Fi: brak połączenia (timed out); ponawiam za 5 s
10:38:16  Log przez Wi-Fi: brak połączenia (timed out); ponawiam za 5 s
10:38:31  Log przez Wi-Fi: brak połączenia (timed out); ponawiam za 5 s
10:38:46  Log przez Wi-Fi: brak połączenia (timed out); ponawiam za 5 s
10:39:01  Log przez Wi-Fi: brak połączenia (timed out); ponawiam za 5 s
10:39:16  Log przez Wi-Fi: brak połączenia (timed out); ponawiam za 5 s
10:39:31  Log przez Wi-Fi: brak połączenia (timed out); ponawiam za 5 s
10:39:46  Log przez Wi-Fi: brak połączenia (timed out); ponawiam za 5 s
10:40:01  Log przez Wi-Fi: brak połączenia (timed out); ponawiam za 5 s
10:40:16  Log przez Wi-Fi: brak połączenia (timed out); ponawiam za 5 s
10:40:31  Log przez Wi-Fi: brak połączenia (timed out); ponawiam za 5 s
10:40:46  Log przez Wi-Fi: brak połączenia (timed out); ponawiam za 5 s
10:41:01  Log przez Wi-Fi: brak połączenia (timed out); ponawiam za 5 s
10:41:16  Log przez Wi-Fi: brak połączenia (timed out); ponawiam za 5 s
10:41:31  Log przez Wi-Fi: brak połączenia (timed out); ponawiam za 5 s
10:41:46  Log przez Wi-Fi: brak połączenia (timed out); ponawiam za 5 s
10:42:01  Log przez Wi-Fi: brak połączenia (timed out); ponawiam za 5 s
10:42:16  Log przez Wi-Fi: brak połączenia (timed out); ponawiam za 5 s
10:42:31  Log przez Wi-Fi: brak połączenia (timed out); ponawiam za 5 s
10:42:46  Log przez Wi-Fi: brak połączenia (timed out); ponawiam za 5 s
10:43:01  Log przez Wi-Fi: brak połączenia (timed out); ponawiam za 5 s
10:43:16  Log przez Wi-Fi: brak połączenia (timed out); ponawiam za 5 s
10:43:31  Log przez Wi-Fi: brak połączenia (timed out); ponawiam za 5 s
10:43:46  Log przez Wi-Fi: brak połączenia (timed out); ponawiam za 5 s
10:44:01  Log przez Wi-Fi: brak połączenia (timed out); ponawiam za 5 s
10:44:16  Log przez Wi-Fi: brak połączenia (timed out); ponawiam za 5 s
10:44:31  Log przez Wi-Fi: brak połączenia (timed out); ponawiam za 5 s
10:44:46  Log przez Wi-Fi: brak połączenia (timed out); ponawiam za 5 s
10:45:01  Log przez Wi-Fi: brak połączenia (timed out); ponawiam za 5 s
10:45:16  Log przez Wi-Fi: brak połączenia (timed out); ponawiam za 5 s
10:45:31  Log przez Wi-Fi: brak połączenia (timed out); ponawiam za 5 s
10:45:46  Log przez Wi-Fi: brak połączenia (timed out); ponawiam za 5 s
10:46:01  Log przez Wi-Fi: brak połączenia (timed out); ponawiam za 5 s
10:46:16  Log przez Wi-Fi: brak połączenia (timed out); ponawiam za 5 s
10:46:31  Log przez Wi-Fi: brak połączenia (timed out); ponawiam za 5 s
10:46:46  Log przez Wi-Fi: brak połączenia (timed out); ponawiam za 5 s
10:47:01  Log przez Wi-Fi: brak połączenia (timed out); ponawiam za 5 s
10:47:16  Log przez Wi-Fi: brak połączenia (timed out); ponawiam za 5 s
10:47:31  Log przez Wi-Fi: brak połączenia (timed out); ponawiam za 5 s
10:47:46  Log przez Wi-Fi: brak połączenia (timed out); ponawiam za 5 s
10:48:01  Log przez Wi-Fi: brak połączenia (timed out); ponawiam za 5 s
10:48:16  Log przez Wi-Fi: brak połączenia (timed out); ponawiam za 5 s
10:48:31  Log przez Wi-Fi: brak połączenia (timed out); ponawiam za 5 s
10:48:46  Log przez Wi-Fi: brak połączenia (timed out); ponawiam za 5 s
10:49:01  Log przez Wi-Fi: brak połączenia (timed out); ponawiam za 5 s
10:49:16  Log przez Wi-Fi: brak połączenia (timed out); ponawiam za 5 s
10:49:31  Log przez Wi-Fi: brak połączenia (timed out); ponawiam za 5 s
10:49:46  Log przez Wi-Fi: brak połączenia (timed out); ponawiam za 5 s
10:50:01  Log przez Wi-Fi: brak połączenia (timed out); ponawiam za 5 s
10:50:16  Log przez Wi-Fi: brak połączenia (timed out); ponawiam za 5 s
10:50:31  Log przez Wi-Fi: brak połączenia (timed out); ponawiam za 5 s
10:50:46  Log przez Wi-Fi: brak połączenia (timed out); ponawiam za 5 s
10:51:01  Log przez Wi-Fi: brak połączenia (timed out); ponawiam za 5 s
10:51:16  Log przez Wi-Fi: brak połączenia (timed out); ponawiam za 5 s
10:51:31  Log przez Wi-Fi: brak połączenia (timed out); ponawiam za 5 s
10:51:46  Log przez Wi-Fi: brak połączenia (timed out); ponawiam za 5 s
10:52:01  Log przez Wi-Fi: brak połączenia (timed out); ponawiam za 5 s
10:52:16  Log przez Wi-Fi: brak połączenia (timed out); ponawiam za 5 s
10:52:31  Log przez Wi-Fi: brak połączenia (timed out); ponawiam za 5 s
10:52:46  Log przez Wi-Fi: brak połączenia (timed out); ponawiam za 5 s
10:53:01  Log przez Wi-Fi: brak połączenia (timed out); ponawiam za 5 s
10:53:16  Log przez Wi-Fi: brak połączenia (timed out); ponawiam za 5 s
10:53:31  Log przez Wi-Fi: brak połączenia (timed out); ponawiam za 5 s
10:53:46  Log przez Wi-Fi: brak połączenia (timed out); ponawiam za 5 s
10:54:01  Log przez Wi-Fi: brak połączenia (timed out); ponawiam za 5 s
10:54:16  Log przez Wi-Fi: brak połączenia (timed out); ponawiam za 5 s
10:54:31  Log przez Wi-Fi: brak połączenia (timed out); ponawiam za 5 s
10:54:47  Log przez Wi-Fi: brak połączenia (timed out); ponawiam za 5 s
10:55:02  Log przez Wi-Fi: brak połączenia (timed out); ponawiam za 5 s
10:55:17  Log przez Wi-Fi: brak połączenia (timed out); ponawiam za 5 s
10:55:32  Log przez Wi-Fi: brak połączenia (timed out); ponawiam za 5 s
10:55:47  Log przez Wi-Fi: brak połączenia (timed out); ponawiam za 5 s
10:56:02  Log przez Wi-Fi: brak połączenia (timed out); ponawiam za 5 s
10:56:17  Log przez Wi-Fi: brak połączenia (timed out); ponawiam za 5 s
10:56:32  Log przez Wi-Fi: brak połączenia (timed out); ponawiam za 5 s
10:56:47  Log przez Wi-Fi: brak połączenia (timed out); ponawiam za 5 s
10:57:02  Log przez Wi-Fi: brak połączenia (timed out); ponawiam za 5 s
10:57:17  Log przez Wi-Fi: brak połączenia (timed out); ponawiam za 5 s
10:57:32  Log przez Wi-Fi: brak połączenia (timed out); ponawiam za 5 s
10:57:47  Log przez Wi-Fi: brak połączenia (timed out); ponawiam za 5 s
10:58:02  Log przez Wi-Fi: brak połączenia (timed out); ponawiam za 5 s
10:58:17  Log przez Wi-Fi: brak połączenia (timed out); ponawiam za 5 s
10:58:32  Log przez Wi-Fi: brak połączenia (timed out); ponawiam za 5 s
10:58:47  Log przez Wi-Fi: brak połączenia (timed out); ponawiam za 5 s
10:59:02  Log przez Wi-Fi: brak połączenia (timed out); ponawiam za 5 s
10:59:17  Log przez Wi-Fi: brak połączenia (timed out); ponawiam za 5 s
10:59:32  Log przez Wi-Fi: brak połączenia (timed out); ponawiam za 5 s
10:59:47  Log przez Wi-Fi: brak połączenia (timed out); ponawiam za 5 s
11:00:02  Log przez Wi-Fi: brak połączenia (timed out); ponawiam za 5 s
11:00:17  Log przez Wi-Fi: brak połączenia (timed out); ponawiam za 5 s
11:00:32  Log przez Wi-Fi: brak połączenia (timed out); ponawiam za 5 s
11:00:47  Log przez Wi-Fi: brak połączenia (timed out); ponawiam za 5 s
11:01:02  Log przez Wi-Fi: brak połączenia (timed out); ponawiam za 5 s
11:01:17  Log przez Wi-Fi: brak połączenia (timed out); ponawiam za 5 s
11:01:32  Log przez Wi-Fi: brak połączenia (timed out); ponawiam za 5 s
11:01:47  Log przez Wi-Fi: brak połączenia (timed out); ponawiam za 5 s
11:02:02  Log przez Wi-Fi: brak połączenia (timed out); ponawiam za 5 s
11:02:17  Log przez Wi-Fi: brak połączenia (timed out); ponawiam za 5 s
11:02:32  Log przez Wi-Fi: brak połączenia (timed out); ponawiam za 5 s
11:02:47  Log przez Wi-Fi: brak połączenia (timed out); ponawiam za 5 s
11:03:02  Log przez Wi-Fi: brak połączenia (timed out); ponawiam za 5 s
11:03:17  Log przez Wi-Fi: brak połączenia (timed out); ponawiam za 5 s
11:03:32  Log przez Wi-Fi: brak połączenia (timed out); ponawiam za 5 s
11:03:47  Log przez Wi-Fi: brak połączenia (timed out); ponawiam za 5 s
11:04:02  Log przez Wi-Fi: brak połączenia (timed out); ponawiam za 5 s
11:04:17  Log przez Wi-Fi: brak połączenia (timed out); ponawiam za 5 s
11:04:32  Log przez Wi-Fi: brak połączenia (timed out); ponawiam za 5 s
11:04:47  Log przez Wi-Fi: brak połączenia (timed out); ponawiam za 5 s
11:05:02  Log przez Wi-Fi: brak połączenia (timed out); ponawiam za 5 s
11:05:17  Log przez Wi-Fi: brak połączenia (timed out); ponawiam za 5 s
11:05:32  Log przez Wi-Fi: brak połączenia (timed out); ponawiam za 5 s
11:05:47  Log przez Wi-Fi: brak połączenia (timed out); ponawiam za 5 s
11:06:02  Log przez Wi-Fi: brak połączenia (timed out); ponawiam za 5 s
11:06:17  Log przez Wi-Fi: brak połączenia (timed out); ponawiam za 5 s
11:06:32  Log przez Wi-Fi: brak połączenia (timed out); ponawiam za 5 s
11:06:47  Log przez Wi-Fi: brak połączenia (timed out); ponawiam za 5 s
11:07:02  Log przez Wi-Fi: brak połączenia (timed out); ponawiam za 5 s
11:07:17  Log przez Wi-Fi: brak połączenia (timed out); ponawiam za 5 s
11:07:32  Log przez Wi-Fi: brak połączenia (timed out); ponawiam za 5 s
11:07:47  Log przez Wi-Fi: brak połączenia (timed out); ponawiam za 5 s
11:08:02  Log przez Wi-Fi: brak połączenia (timed out); ponawiam za 5 s
11:08:17  Log przez Wi-Fi: brak połączenia (timed out); ponawiam za 5 s
11:08:32  Log przez Wi-Fi: brak połączenia (timed out); ponawiam za 5 s
11:08:47  Log przez Wi-Fi: brak połączenia (timed out); ponawiam za 5 s
11:09:02  Log przez Wi-Fi: brak połączenia (timed out); ponawiam za 5 s
11:09:17  Log przez Wi-Fi: brak połączenia (timed out); ponawiam za 5 s
11:09:32  Log przez Wi-Fi: brak połączenia (timed out); ponawiam za 5 s
11:09:47  Log przez Wi-Fi: brak połączenia (timed out); ponawiam za 5 s
11:10:02  Log przez Wi-Fi: brak połączenia (timed out); ponawiam za 5 s
11:10:17  Log przez Wi-Fi: brak połączenia (timed out); ponawiam za 5 s
11:10:32  Log przez Wi-Fi: brak połączenia (timed out); ponawiam za 5 s
11:10:47  Log przez Wi-Fi: brak połączenia (timed out); ponawiam za 5 s
11:11:02  Log przez Wi-Fi: brak połączenia (timed out); ponawiam za 5 s
11:11:17  Log przez Wi-Fi: brak połączenia (timed out); ponawiam za 5 s
11:11:32  Log przez Wi-Fi: brak połączenia (timed out); ponawiam za 5 s
11:11:47  Log przez Wi-Fi: brak połączenia (timed out); ponawiam za 5 s
11:12:02  Log przez Wi-Fi: brak połączenia (timed out); ponawiam za 5 s
11:12:17  Log przez Wi-Fi: brak połączenia (timed out); ponawiam za 5 s
11:12:32  Log przez Wi-Fi: brak połączenia (timed out); ponawiam za 5 s
11:12:47  Log przez Wi-Fi: brak połączenia (timed out); ponawiam za 5 s
11:13:02  Log przez Wi-Fi: brak połączenia (timed out); ponawiam za 5 s
11:13:17  Log przez Wi-Fi: brak połączenia (timed out); ponawiam za 5 s
11:13:32  Log przez Wi-Fi: brak połączenia (timed out); ponawiam za 5 s
11:13:47  Log przez Wi-Fi: brak połączenia (timed out); ponawiam za 5 s
11:14:02  Log przez Wi-Fi: brak połączenia (timed out); ponawiam za 5 s
11:14:17  Log przez Wi-Fi: brak połączenia (timed out); ponawiam za 5 s
11:14:32  Log przez Wi-Fi: brak połączenia (timed out); ponawiam za 5 s
11:14:47  Log przez Wi-Fi: brak połączenia (timed out); ponawiam za 5 s
11:15:02  Log przez Wi-Fi: brak połączenia (timed out); ponawiam za 5 s
11:15:17  Log przez Wi-Fi: brak połączenia (timed out); ponawiam za 5 s
11:15:32  Log przez Wi-Fi: brak połączenia (timed out); ponawiam za 5 s
11:15:47  Log przez Wi-Fi: brak połączenia (timed out); ponawiam za 5 s
11:16:02  Log przez Wi-Fi: brak połączenia (timed out); ponawiam za 5 s
11:16:17  Log przez Wi-Fi: brak połączenia (timed out); ponawiam za 5 s
11:16:32  Log przez Wi-Fi: brak połączenia (timed out); ponawiam za 5 s
11:16:47  Log przez Wi-Fi: brak połączenia (timed out); ponawiam za 5 s
11:17:02  Log przez Wi-Fi: brak połączenia (timed out); ponawiam za 5 s
11:17:17  Log przez Wi-Fi: brak połączenia (timed out); ponawiam za 5 s
11:17:32  Log przez Wi-Fi: brak połączenia (timed out); ponawiam za 5 s
11:17:47  Log przez Wi-Fi: brak połączenia (timed out); ponawiam za 5 s
11:18:02  Log przez Wi-Fi: brak połączenia (timed out); ponawiam za 5 s
11:18:17  Log przez Wi-Fi: brak połączenia (timed out); ponawiam za 5 s
11:18:32  Log przez Wi-Fi: brak połączenia (timed out); ponawiam za 5 s
11:18:47  Log przez Wi-Fi: brak połączenia (timed out); ponawiam za 5 s
11:19:02  Log przez Wi-Fi: brak połączenia (timed out); ponawiam za 5 s
11:19:17  Log przez Wi-Fi: brak połączenia (timed out); ponawiam za 5 s
11:19:32  Log przez Wi-Fi: brak połączenia (timed out); ponawiam za 5 s
11:19:47  Log przez Wi-Fi: brak połączenia (timed out); ponawiam za 5 s
11:20:02  Log przez Wi-Fi: brak połączenia (timed out); ponawiam za 5 s
11:20:17  Log przez Wi-Fi: brak połączenia (timed out); ponawiam za 5 s
11:20:32  Log przez Wi-Fi: brak połączenia (timed out); ponawiam za 5 s
11:20:47  Log przez Wi-Fi: brak połączenia (timed out); ponawiam za 5 s
11:21:02  Log przez Wi-Fi: brak połączenia (timed out); ponawiam za 5 s
11:21:17  Log przez Wi-Fi: brak połączenia (timed out); ponawiam za 5 s
11:21:32  Log przez Wi-Fi: brak połączenia (timed out); ponawiam za 5 s
11:21:47  Log przez Wi-Fi: brak połączenia (timed out); ponawiam za 5 s
11:22:02  Log przez Wi-Fi: brak połączenia (timed out); ponawiam za 5 s
11:22:17  Log przez Wi-Fi: brak połączenia (timed out); ponawiam za 5 s
11:22:32  Log przez Wi-Fi: brak połączenia (timed out); ponawiam za 5 s
11:22:47  Log przez Wi-Fi: brak połączenia (timed out); ponawiam za 5 s
11:23:02  Log przez Wi-Fi: brak połączenia (timed out); ponawiam za 5 s
11:23:17  Log przez Wi-Fi: brak połączenia (timed out); ponawiam za 5 s
11:23:32  Log przez Wi-Fi: brak połączenia (timed out); ponawiam za 5 s
11:23:47  Log przez Wi-Fi: brak połączenia (timed out); ponawiam za 5 s
11:24:02  Log przez Wi-Fi: brak połączenia (timed out); ponawiam za 5 s
11:24:17  Log przez Wi-Fi: brak połączenia (timed out); ponawiam za 5 s
11:24:32  Log przez Wi-Fi: brak połączenia (timed out); ponawiam za 5 s
11:24:48  Log przez Wi-Fi: brak połączenia (timed out); ponawiam za 5 s
11:25:03  Log przez Wi-Fi: brak połączenia (timed out); ponawiam za 5 s
11:25:18  Log przez Wi-Fi: brak połączenia (timed out); ponawiam za 5 s
11:25:33  Log przez Wi-Fi: brak połączenia (timed out); ponawiam za 5 s
11:25:48  Log przez Wi-Fi: brak połączenia (timed out); ponawiam za 5 s
11:26:03  Log przez Wi-Fi: brak połączenia (timed out); ponawiam za 5 s
11:26:18  Log przez Wi-Fi: brak połączenia (timed out); ponawiam za 5 s
11:26:33  Log przez Wi-Fi: brak połączenia (timed out); ponawiam za 5 s
11:26:48  Log przez Wi-Fi: brak połączenia (timed out); ponawiam za 5 s
11:27:03  Log przez Wi-Fi: brak połączenia (timed out); ponawiam za 5 s
11:27:18  Log przez Wi-Fi: brak połączenia (timed out); ponawiam za 5 s
11:27:33  Log przez Wi-Fi: brak połączenia (timed out); ponawiam za 5 s
11:27:48  Log przez Wi-Fi: brak połączenia (timed out); ponawiam za 5 s
11:28:03  Log przez Wi-Fi: brak połączenia (timed out); ponawiam za 5 s
11:28:18  Log przez Wi-Fi: brak połączenia (timed out); ponawiam za 5 s
11:28:33  Log przez Wi-Fi: brak połączenia (timed out); ponawiam za 5 s
11:28:48  Log przez Wi-Fi: brak połączenia (timed out); ponawiam za 5 s
11:29:03  Log przez Wi-Fi: brak połączenia (timed out); ponawiam za 5 s
11:29:18  Log przez Wi-Fi: brak połączenia (timed out); ponawiam za 5 s
11:29:33  Log przez Wi-Fi: brak połączenia (timed out); ponawiam za 5 s
11:29:48  Log przez Wi-Fi: brak połączenia (timed out); ponawiam za 5 s
11:30:03  Log przez Wi-Fi: brak połączenia (timed out); ponawiam za 5 s
11:30:18  Log przez Wi-Fi: brak połączenia (timed out); ponawiam za 5 s
11:30:33  Log przez Wi-Fi: brak połączenia (timed out); ponawiam za 5 s
11:30:48  Log przez Wi-Fi: brak połączenia (timed out); ponawiam za 5 s
11:31:03  Log przez Wi-Fi: brak połączenia (timed out); ponawiam za 5 s
11:31:18  Log przez Wi-Fi: brak połączenia (timed out); ponawiam za 5 s
11:31:33  Log przez Wi-Fi: brak połączenia (timed out); ponawiam za 5 s
11:31:48  Log przez Wi-Fi: brak połączenia (timed out); ponawiam za 5 s
11:32:03  Log przez Wi-Fi: brak połączenia (timed out); ponawiam za 5 s
11:32:18  Log przez Wi-Fi: brak połączenia (timed out); ponawiam za 5 s
11:32:33  Log przez Wi-Fi: brak połączenia (timed out); ponawiam za 5 s
11:32:48  Log przez Wi-Fi: brak połączenia (timed out); ponawiam za 5 s
11:33:03  Log przez Wi-Fi: brak połączenia (timed out); ponawiam za 5 s
11:33:18  Log przez Wi-Fi: brak połączenia (timed out); ponawiam za 5 s
11:33:33  Log przez Wi-Fi: brak połączenia (timed out); ponawiam za 5 s
11:33:48  Log przez Wi-Fi: brak połączenia (timed out); ponawiam za 5 s
11:34:03  Log przez Wi-Fi: brak połączenia (timed out); ponawiam za 5 s
11:34:18  Log przez Wi-Fi: brak połączenia (timed out); ponawiam za 5 s
11:34:33  Log przez Wi-Fi: brak połączenia (timed out); ponawiam za 5 s
11:34:48  Log przez Wi-Fi: brak połączenia (timed out); ponawiam za 5 s
11:35:03  Log przez Wi-Fi: brak połączenia (timed out); ponawiam za 5 s
11:35:18  Log przez Wi-Fi: brak połączenia (timed out); ponawiam za 5 s
11:35:33  Log przez Wi-Fi: brak połączenia (timed out); ponawiam za 5 s
11:35:48  Log przez Wi-Fi: brak połączenia (timed out); ponawiam za 5 s
11:36:03  Log przez Wi-Fi: brak połączenia (timed out); ponawiam za 5 s
11:36:18  Log przez Wi-Fi: brak połączenia (timed out); ponawiam za 5 s
11:36:33  Log przez Wi-Fi: brak połączenia (timed out); ponawiam za 5 s
11:36:48  Log przez Wi-Fi: brak połączenia (timed out); ponawiam za 5 s
11:37:03  Log przez Wi-Fi: brak połączenia (timed out); ponawiam za 5 s
11:37:18  Log przez Wi-Fi: brak połączenia (timed out); ponawiam za 5 s
11:37:33  Log przez Wi-Fi: brak połączenia (timed out); ponawiam za 5 s
11:37:48  Log przez Wi-Fi: brak połączenia (timed out); ponawiam za 5 s
11:38:03  Log przez Wi-Fi: brak połączenia (timed out); ponawiam za 5 s
11:38:18  Log przez Wi-Fi: brak połączenia (timed out); ponawiam za 5 s
11:38:33  Log przez Wi-Fi: brak połączenia (timed out); ponawiam za 5 s
11:38:48  Log przez Wi-Fi: brak połączenia (timed out); ponawiam za 5 s
11:39:03  Log przez Wi-Fi: brak połączenia (timed out); ponawiam za 5 s
11:39:18  Log przez Wi-Fi: brak połączenia (timed out); ponawiam za 5 s
11:39:33  Log przez Wi-Fi: brak połączenia (timed out); ponawiam za 5 s
11:39:48  Log przez Wi-Fi: brak połączenia (timed out); ponawiam za 5 s
11:40:03  Log przez Wi-Fi: brak połączenia (timed out); ponawiam za 5 s
11:40:18  Log przez Wi-Fi: brak połączenia (timed out); ponawiam za 5 s
11:40:33  Log przez Wi-Fi: brak połączenia (timed out); ponawiam za 5 s
11:40:48  Log przez Wi-Fi: brak połączenia (timed out); ponawiam za 5 s
11:41:03  Log przez Wi-Fi: brak połączenia (timed out); ponawiam za 5 s
11:41:18  Log przez Wi-Fi: brak połączenia (timed out); ponawiam za 5 s
11:41:33  Log przez Wi-Fi: brak połączenia (timed out); ponawiam za 5 s
11:41:48  Log przez Wi-Fi: brak połączenia (timed out); ponawiam za 5 s
11:42:03  Log przez Wi-Fi: brak połączenia (timed out); ponawiam za 5 s
11:42:18  Log przez Wi-Fi: brak połączenia (timed out); ponawiam za 5 s
11:42:33  Log przez Wi-Fi: brak połączenia (timed out); ponawiam za 5 s
11:42:48  Log przez Wi-Fi: brak połączenia (timed out); ponawiam za 5 s
11:43:03  Log przez Wi-Fi: brak połączenia (timed out); ponawiam za 5 s
11:43:18  Log przez Wi-Fi: brak połączenia (timed out); ponawiam za 5 s
11:43:33  Log przez Wi-Fi: brak połączenia (timed out); ponawiam za 5 s
11:43:48  Log przez Wi-Fi: brak połączenia (timed out); ponawiam za 5 s
11:44:03  Log przez Wi-Fi: brak połączenia (timed out); ponawiam za 5 s
11:44:18  Log przez Wi-Fi: brak połączenia (timed out); ponawiam za 5 s
11:44:33  Log przez Wi-Fi: brak połączenia (timed out); ponawiam za 5 s
11:44:48  Log przez Wi-Fi: brak połączenia (timed out); ponawiam za 5 s
11:45:03  Log przez Wi-Fi: brak połączenia (timed out); ponawiam za 5 s
11:45:18  Log przez Wi-Fi: brak połączenia (timed out); ponawiam za 5 s
11:45:33  Log przez Wi-Fi: brak połączenia (timed out); ponawiam za 5 s
11:45:48  Log przez Wi-Fi: brak połączenia (timed out); ponawiam za 5 s
11:46:03  Log przez Wi-Fi: brak połączenia (timed out); ponawiam za 5 s
11:46:18  Log przez Wi-Fi: brak połączenia (timed out); ponawiam za 5 s
11:46:33  Log przez Wi-Fi: brak połączenia (timed out); ponawiam za 5 s
11:46:48  Log przez Wi-Fi: brak połączenia (timed out); ponawiam za 5 s
11:47:03  Log przez Wi-Fi: brak połączenia (timed out); ponawiam za 5 s
11:47:18  Log przez Wi-Fi: brak połączenia (timed out); ponawiam za 5 s
11:47:33  Log przez Wi-Fi: brak połączenia (timed out); ponawiam za 5 s
11:47:48  Log przez Wi-Fi: brak połączenia (timed out); ponawiam za 5 s
11:48:03  Log przez Wi-Fi: brak połączenia (timed out); ponawiam za 5 s
11:48:18  Log przez Wi-Fi: brak połączenia (timed out); ponawiam za 5 s
11:48:33  Log przez Wi-Fi: brak połączenia (timed out); ponawiam za 5 s
11:48:48  Log przez Wi-Fi: brak połączenia (timed out); ponawiam za 5 s
11:49:03  Log przez Wi-Fi: brak połączenia (timed out); ponawiam za 5 s
11:49:18  Log przez Wi-Fi: brak połączenia (timed out); ponawiam za 5 s
11:49:33  Log przez Wi-Fi: brak połączenia (timed out); ponawiam za 5 s
11:49:48  Log przez Wi-Fi: brak połączenia (timed out); ponawiam za 5 s
11:50:03  Log przez Wi-Fi: brak połączenia (timed out); ponawiam za 5 s
11:50:18  Log przez Wi-Fi: brak połączenia (timed out); ponawiam za 5 s
11:50:33  Log przez Wi-Fi: brak połączenia (timed out); ponawiam za 5 s
11:50:48  Log przez Wi-Fi: brak połączenia (timed out); ponawiam za 5 s
11:51:03  Log przez Wi-Fi: brak połączenia (timed out); ponawiam za 5 s
11:51:18  Log przez Wi-Fi: brak połączenia (timed out); ponawiam za 5 s
11:51:33  Log przez Wi-Fi: brak połączenia (timed out); ponawiam za 5 s
11:51:48  Log przez Wi-Fi: brak połączenia (timed out); ponawiam za 5 s
11:52:03  Log przez Wi-Fi: brak połączenia (timed out); ponawiam za 5 s
11:52:18  Log przez Wi-Fi: brak połączenia (timed out); ponawiam za 5 s
11:52:33  Log przez Wi-Fi: brak połączenia (timed out); ponawiam za 5 s
11:52:49  Log przez Wi-Fi: brak połączenia (timed out); ponawiam za 5 s
11:53:04  Log przez Wi-Fi: brak połączenia (timed out); ponawiam za 5 s
11:53:19  Log przez Wi-Fi: brak połączenia (timed out); ponawiam za 5 s
11:53:34  Log przez Wi-Fi: brak połączenia (timed out); ponawiam za 5 s
11:53:49  Log przez Wi-Fi: brak połączenia (timed out); ponawiam za 5 s
11:54:04  Log przez Wi-Fi: brak połączenia (timed out); ponawiam za 5 s
11:54:19  Log przez Wi-Fi: brak połączenia (timed out); ponawiam za 5 s
11:54:34  Log przez Wi-Fi: brak połączenia (timed out); ponawiam za 5 s
11:54:49  Log przez Wi-Fi: brak połączenia (timed out); ponawiam za 5 s
11:55:04  Log przez Wi-Fi: brak połączenia (timed out); ponawiam za 5 s
11:55:19  Log przez Wi-Fi: brak połączenia (timed out); ponawiam za 5 s
11:55:34  Log przez Wi-Fi: brak połączenia (timed out); ponawiam za 5 s
11:55:49  Log przez Wi-Fi: brak połączenia (timed out); ponawiam za 5 s
11:56:04  Log przez Wi-Fi: brak połączenia (timed out); ponawiam za 5 s
11:56:19  Log przez Wi-Fi: brak połączenia (timed out); ponawiam za 5 s
11:56:34  Log przez Wi-Fi: brak połączenia (timed out); ponawiam za 5 s
11:56:49  Log przez Wi-Fi: brak połączenia (timed out); ponawiam za 5 s
11:57:04  Log przez Wi-Fi: brak połączenia (timed out); ponawiam za 5 s
11:57:19  Log przez Wi-Fi: brak połączenia (timed out); ponawiam za 5 s
11:57:34  Log przez Wi-Fi: brak połączenia (timed out); ponawiam za 5 s
11:57:49  Log przez Wi-Fi: brak połączenia (timed out); ponawiam za 5 s
11:58:04  Log przez Wi-Fi: brak połączenia (timed out); ponawiam za 5 s
11:58:19  Log przez Wi-Fi: brak połączenia (timed out); ponawiam za 5 s
11:58:34  Log przez Wi-Fi: brak połączenia (timed out); ponawiam za 5 s
11:58:49  Log przez Wi-Fi: brak połączenia (timed out); ponawiam za 5 s
11:59:04  Log przez Wi-Fi: brak połączenia (timed out); ponawiam za 5 s
11:59:19  Log przez Wi-Fi: brak połączenia (timed out); ponawiam za 5 s
11:59:34  Log przez Wi-Fi: brak połączenia (timed out); ponawiam za 5 s
11:59:49  Log przez Wi-Fi: brak połączenia (timed out); ponawiam za 5 s
12:00:04  Log przez Wi-Fi: brak połączenia (timed out); ponawiam za 5 s
12:00:19  Log przez Wi-Fi: brak połączenia (timed out); ponawiam za 5 s
12:00:34  Log przez Wi-Fi: brak połączenia (timed out); ponawiam za 5 s
12:00:49  Log przez Wi-Fi: brak połączenia (timed out); ponawiam za 5 s
12:01:04  Log przez Wi-Fi: brak połączenia (timed out); ponawiam za 5 s
12:01:19  Log przez Wi-Fi: brak połączenia (timed out); ponawiam za 5 s
12:01:34  Log przez Wi-Fi: brak połączenia (timed out); ponawiam za 5 s
12:01:49  Log przez Wi-Fi: brak połączenia (timed out); ponawiam za 5 s
12:02:04  Log przez Wi-Fi: brak połączenia (timed out); ponawiam za 5 s
12:02:19  Log przez Wi-Fi: brak połączenia (timed out); ponawiam za 5 s
12:02:34  Log przez Wi-Fi: brak połączenia (timed out); ponawiam za 5 s
12:02:49  Log przez Wi-Fi: brak połączenia (timed out); ponawiam za 5 s
12:03:04  Log przez Wi-Fi: brak połączenia (timed out); ponawiam za 5 s
12:03:19  Log przez Wi-Fi: brak połączenia (timed out); ponawiam za 5 s
12:03:34  Log przez Wi-Fi: brak połączenia (timed out); ponawiam za 5 s
12:03:49  Log przez Wi-Fi: brak połączenia (timed out); ponawiam za 5 s
12:04:04  Log przez Wi-Fi: brak połączenia (timed out); ponawiam za 5 s
12:04:19  Log przez Wi-Fi: brak połączenia (timed out); ponawiam za 5 s
12:04:34  Log przez Wi-Fi: brak połączenia (timed out); ponawiam za 5 s
12:04:49  Log przez Wi-Fi: brak połączenia (timed out); ponawiam za 5 s
12:05:04  Log przez Wi-Fi: brak połączenia (timed out); ponawiam za 5 s
12:05:19  Log przez Wi-Fi: brak połączenia (timed out); ponawiam za 5 s
12:05:34  Log przez Wi-Fi: brak połączenia (timed out); ponawiam za 5 s
12:05:49  Log przez Wi-Fi: brak połączenia (timed out); ponawiam za 5 s
12:06:04  Log przez Wi-Fi: brak połączenia (timed out); ponawiam za 5 s
12:06:19  Log przez Wi-Fi: brak połączenia (timed out); ponawiam za 5 s
12:06:34  Log przez Wi-Fi: brak połączenia (timed out); ponawiam za 5 s
12:06:49  Log przez Wi-Fi: brak połączenia (timed out); ponawiam za 5 s
12:07:04  Log przez Wi-Fi: brak połączenia (timed out); ponawiam za 5 s
12:07:19  Log przez Wi-Fi: brak połączenia (timed out); ponawiam za 5 s
12:07:34  Log przez Wi-Fi: brak połączenia (timed out); ponawiam za 5 s
12:07:49  Log przez Wi-Fi: brak połączenia (timed out); ponawiam za 5 s
12:08:04  Log przez Wi-Fi: brak połączenia (timed out); ponawiam za 5 s
12:08:19  Log przez Wi-Fi: brak połączenia (timed out); ponawiam za 5 s
12:08:34  Log przez Wi-Fi: brak połączenia (timed out); ponawiam za 5 s
12:08:49  Log przez Wi-Fi: brak połączenia (timed out); ponawiam za 5 s
12:09:04  Log przez Wi-Fi: brak połączenia (timed out); ponawiam za 5 s
12:09:19  Log przez Wi-Fi: brak połączenia (timed out); ponawiam za 5 s
12:09:34  Log przez Wi-Fi: brak połączenia (timed out); ponawiam za 5 s
12:09:49  Log przez Wi-Fi: brak połączenia (timed out); ponawiam za 5 s
12:10:04  Log przez Wi-Fi: brak połączenia (timed out); ponawiam za 5 s
12:10:19  Log przez Wi-Fi: brak połączenia (timed out); ponawiam za 5 s
12:10:34  Log przez Wi-Fi: brak połączenia (timed out); ponawiam za 5 s
12:10:49  Log przez Wi-Fi: brak połączenia (timed out); ponawiam za 5 s
12:11:04  Log przez Wi-Fi: brak połączenia (timed out); ponawiam za 5 s
12:11:19  Log przez Wi-Fi: brak połączenia (timed out); ponawiam za 5 s
12:11:34  Log przez Wi-Fi: brak połączenia (timed out); ponawiam za 5 s
12:11:49  Log przez Wi-Fi: brak połączenia (timed out); ponawiam za 5 s
12:12:04  Log przez Wi-Fi: brak połączenia (timed out); ponawiam za 5 s
12:12:19  Log przez Wi-Fi: brak połączenia (timed out); ponawiam za 5 s
12:12:34  Log przez Wi-Fi: brak połączenia (timed out); ponawiam za 5 s
12:12:49  Log przez Wi-Fi: brak połączenia (timed out); ponawiam za 5 s
12:13:04  Log przez Wi-Fi: brak połączenia (timed out); ponawiam za 5 s
12:13:19  Log przez Wi-Fi: brak połączenia (timed out); ponawiam za 5 s
12:13:34  Log przez Wi-Fi: brak połączenia (timed out); ponawiam za 5 s
12:13:49  Log przez Wi-Fi: brak połączenia (timed out); ponawiam za 5 s
12:14:04  Log przez Wi-Fi: brak połączenia (timed out); ponawiam za 5 s
12:14:19  Log przez Wi-Fi: brak połączenia (timed out); ponawiam za 5 s
12:14:34  Log przez Wi-Fi: brak połączenia (timed out); ponawiam za 5 s
12:14:49  Log przez Wi-Fi: brak połączenia (timed out); ponawiam za 5 s
12:15:04  Log przez Wi-Fi: brak połączenia (timed out); ponawiam za 5 s
12:15:19  Log przez Wi-Fi: brak połączenia (timed out); ponawiam za 5 s
12:15:34  Log przez Wi-Fi: brak połączenia (timed out); ponawiam za 5 s
12:15:49  Log przez Wi-Fi: brak połączenia (timed out); ponawiam za 5 s
12:16:04  Log przez Wi-Fi: brak połączenia (timed out); ponawiam za 5 s
12:16:19  Log przez Wi-Fi: brak połączenia (timed out); ponawiam za 5 s
12:16:34  Log przez Wi-Fi: brak połączenia (timed out); ponawiam za 5 s
12:16:49  Log przez Wi-Fi: brak połączenia (timed out); ponawiam za 5 s
12:17:04  Log przez Wi-Fi: brak połączenia (timed out); ponawiam za 5 s
12:17:19  Log przez Wi-Fi: brak połączenia (timed out); ponawiam za 5 s
12:17:34  Log przez Wi-Fi: brak połączenia (timed out); ponawiam za 5 s
12:17:49  Log przez Wi-Fi: brak połączenia (timed out); ponawiam za 5 s
12:18:04  Log przez Wi-Fi: brak połączenia (timed out); ponawiam za 5 s
12:18:19  Log przez Wi-Fi: brak połączenia (timed out); ponawiam za 5 s
12:18:34  Log przez Wi-Fi: brak połączenia (timed out); ponawiam za 5 s
12:18:49  Log przez Wi-Fi: brak połączenia (timed out); ponawiam za 5 s
12:19:04  Log przez Wi-Fi: brak połączenia (timed out); ponawiam za 5 s
12:19:19  Log przez Wi-Fi: brak połączenia (timed out); ponawiam za 5 s
12:19:34  Log przez Wi-Fi: brak połączenia (timed out); ponawiam za 5 s
12:19:49  Log przez Wi-Fi: brak połączenia (timed out); ponawiam za 5 s
12:20:04  Log przez Wi-Fi: brak połączenia (timed out); ponawiam za 5 s
12:20:19  Log przez Wi-Fi: brak połączenia (timed out); ponawiam za 5 s
12:20:34  Log przez Wi-Fi: brak połączenia (timed out); ponawiam za 5 s
12:20:49  Log przez Wi-Fi: brak połączenia (timed out); ponawiam za 5 s
12:21:05  Log przez Wi-Fi: brak połączenia (timed out); ponawiam za 5 s
12:21:20  Log przez Wi-Fi: brak połączenia (timed out); ponawiam za 5 s
12:21:35  Log przez Wi-Fi: brak połączenia (timed out); ponawiam za 5 s
12:21:50  Log przez Wi-Fi: brak połączenia (timed out); ponawiam za 5 s
12:22:05  Log przez Wi-Fi: brak połączenia (timed out); ponawiam za 5 s
12:22:20  Log przez Wi-Fi: brak połączenia (timed out); ponawiam za 5 s
12:22:35  Log przez Wi-Fi: brak połączenia (timed out); ponawiam za 5 s
12:22:50  Log przez Wi-Fi: brak połączenia (timed out); ponawiam za 5 s
12:23:05  Log przez Wi-Fi: brak połączenia (timed out); ponawiam za 5 s
12:23:20  Log przez Wi-Fi: brak połączenia (timed out); ponawiam za 5 s
12:23:35  Log przez Wi-Fi: brak połączenia (timed out); ponawiam za 5 s
12:23:50  Log przez Wi-Fi: brak połączenia (timed out); ponawiam za 5 s
12:24:05  Log przez Wi-Fi: brak połączenia (timed out); ponawiam za 5 s
12:24:20  Log przez Wi-Fi: brak połączenia (timed out); ponawiam za 5 s
12:24:35  Log przez Wi-Fi: brak połączenia (timed out); ponawiam za 5 s
12:24:50  Log przez Wi-Fi: brak połączenia (timed out); ponawiam za 5 s
12:25:05  Log przez Wi-Fi: brak połączenia (timed out); ponawiam za 5 s
12:25:20  Log przez Wi-Fi: brak połączenia (timed out); ponawiam za 5 s
12:25:35  Log przez Wi-Fi: brak połączenia (timed out); ponawiam za 5 s
12:25:50  Log przez Wi-Fi: brak połączenia (timed out); ponawiam za 5 s
12:26:05  Log przez Wi-Fi: brak połączenia (timed out); ponawiam za 5 s
12:26:20  Log przez Wi-Fi: brak połączenia (timed out); ponawiam za 5 s
12:26:35  Log przez Wi-Fi: brak połączenia (timed out); ponawiam za 5 s
12:26:50  Log przez Wi-Fi: brak połączenia (timed out); ponawiam za 5 s
12:27:05  Log przez Wi-Fi: brak połączenia (timed out); ponawiam za 5 s
12:27:20  Log przez Wi-Fi: brak połączenia (timed out); ponawiam za 5 s
12:27:35  Log przez Wi-Fi: brak połączenia (timed out); ponawiam za 5 s
12:27:50  Log przez Wi-Fi: brak połączenia (timed out); ponawiam za 5 s
12:28:05  Log przez Wi-Fi: brak połączenia (timed out); ponawiam za 5 s
12:28:20  Log przez Wi-Fi: brak połączenia (timed out); ponawiam za 5 s
12:28:35  Log przez Wi-Fi: brak połączenia (timed out); ponawiam za 5 s
12:28:50  Log przez Wi-Fi: brak połączenia (timed out); ponawiam za 5 s
12:29:05  Log przez Wi-Fi: brak połączenia (timed out); ponawiam za 5 s
12:29:20  Log przez Wi-Fi: brak połączenia (timed out); ponawiam za 5 s
12:29:35  Log przez Wi-Fi: brak połączenia (timed out); ponawiam za 5 s
12:29:50  Log przez Wi-Fi: brak połączenia (timed out); ponawiam za 5 s
12:30:05  Log przez Wi-Fi: brak połączenia (timed out); ponawiam za 5 s
12:30:20  Log przez Wi-Fi: brak połączenia (timed out); ponawiam za 5 s
12:30:35  Log przez Wi-Fi: brak połączenia (timed out); ponawiam za 5 s
12:30:50  Log przez Wi-Fi: brak połączenia (timed out); ponawiam za 5 s
12:31:05  Log przez Wi-Fi: brak połączenia (timed out); ponawiam za 5 s
12:31:20  Log przez Wi-Fi: brak połączenia (timed out); ponawiam za 5 s
12:31:35  Log przez Wi-Fi: brak połączenia (timed out); ponawiam za 5 s
12:31:50  Log przez Wi-Fi: brak połączenia (timed out); ponawiam za 5 s
12:32:05  Log przez Wi-Fi: brak połączenia (timed out); ponawiam za 5 s
12:32:20  Log przez Wi-Fi: brak połączenia (timed out); ponawiam za 5 s
12:32:35  Log przez Wi-Fi: brak połączenia (timed out); ponawiam za 5 s
12:32:50  Log przez Wi-Fi: brak połączenia (timed out); ponawiam za 5 s
12:33:05  Log przez Wi-Fi: brak połączenia (timed out); ponawiam za 5 s
12:33:20  Log przez Wi-Fi: brak połączenia (timed out); ponawiam za 5 s
12:33:35  Log przez Wi-Fi: brak połączenia (timed out); ponawiam za 5 s
12:33:50  Log przez Wi-Fi: brak połączenia (timed out); ponawiam za 5 s
12:34:05  Log przez Wi-Fi: brak połączenia (timed out); ponawiam za 5 s
12:34:20  Log przez Wi-Fi: brak połączenia (timed out); ponawiam za 5 s
12:34:35  Log przez Wi-Fi: brak połączenia (timed out); ponawiam za 5 s
12:34:50  Log przez Wi-Fi: brak połączenia (timed out); ponawiam za 5 s
12:35:05  Log przez Wi-Fi: brak połączenia (timed out); ponawiam za 5 s
12:35:20  Log przez Wi-Fi: brak połączenia (timed out); ponawiam za 5 s
12:35:35  Log przez Wi-Fi: brak połączenia (timed out); ponawiam za 5 s
12:35:50  Log przez Wi-Fi: brak połączenia (timed out); ponawiam za 5 s
12:36:05  Log przez Wi-Fi: brak połączenia (timed out); ponawiam za 5 s
12:36:20  Log przez Wi-Fi: brak połączenia (timed out); ponawiam za 5 s
12:36:35  Log przez Wi-Fi: brak połączenia (timed out); ponawiam za 5 s
12:36:50  Log przez Wi-Fi: brak połączenia (timed out); ponawiam za 5 s
12:37:05  Log przez Wi-Fi: brak połączenia (timed out); ponawiam za 5 s
12:37:20  Log przez Wi-Fi: brak połączenia (timed out); ponawiam za 5 s
12:37:35  Log przez Wi-Fi: brak połączenia (timed out); ponawiam za 5 s
12:37:50  Log przez Wi-Fi: brak połączenia (timed out); ponawiam za 5 s
12:38:05  Log przez Wi-Fi: brak połączenia (timed out); ponawiam za 5 s
12:38:20  Log przez Wi-Fi: brak połączenia (timed out); ponawiam za 5 s
12:38:35  Log przez Wi-Fi: brak połączenia (timed out); ponawiam za 5 s
12:38:50  Log przez Wi-Fi: brak połączenia (timed out); ponawiam za 5 s
12:39:05  Log przez Wi-Fi: brak połączenia (timed out); ponawiam za 5 s
12:39:20  Log przez Wi-Fi: brak połączenia (timed out); ponawiam za 5 s
12:39:35  Log przez Wi-Fi: brak połączenia (timed out); ponawiam za 5 s
12:39:50  Log przez Wi-Fi: brak połączenia (timed out); ponawiam za 5 s
12:40:05  Log przez Wi-Fi: brak połączenia (timed out); ponawiam za 5 s
12:40:20  Log przez Wi-Fi: brak połączenia (timed out); ponawiam za 5 s
12:40:35  Log przez Wi-Fi: brak połączenia (timed out); ponawiam za 5 s
12:40:50  Log przez Wi-Fi: brak połączenia (timed out); ponawiam za 5 s
12:41:05  Log przez Wi-Fi: brak połączenia (timed out); ponawiam za 5 s
12:41:20  Log przez Wi-Fi: brak połączenia (timed out); ponawiam za 5 s
12:41:35  Log przez Wi-Fi: brak połączenia (timed out); ponawiam za 5 s
12:41:50  Log przez Wi-Fi: brak połączenia (timed out); ponawiam za 5 s
12:42:05  Log przez Wi-Fi: brak połączenia (timed out); ponawiam za 5 s
12:42:20  Log przez Wi-Fi: brak połączenia (timed out); ponawiam za 5 s
12:42:35  Log przez Wi-Fi: brak połączenia (timed out); ponawiam za 5 s
12:42:50  Log przez Wi-Fi: brak połączenia (timed out); ponawiam za 5 s
12:43:05  Log przez Wi-Fi: brak połączenia (timed out); ponawiam za 5 s
12:43:20  Log przez Wi-Fi: brak połączenia (timed out); ponawiam za 5 s
12:43:35  Log przez Wi-Fi: brak połączenia (timed out); ponawiam za 5 s
12:43:50  Log przez Wi-Fi: brak połączenia (timed out); ponawiam za 5 s
12:44:05  Log przez Wi-Fi: brak połączenia (timed out); ponawiam za 5 s
12:44:20  Log przez Wi-Fi: brak połączenia (timed out); ponawiam za 5 s
12:44:35  Log przez Wi-Fi: brak połączenia (timed out); ponawiam za 5 s
12:44:50  Log przez Wi-Fi: brak połączenia (timed out); ponawiam za 5 s
12:45:05  Log przez Wi-Fi: brak połączenia (timed out); ponawiam za 5 s
12:45:20  Log przez Wi-Fi: brak połączenia (timed out); ponawiam za 5 s
12:45:35  Log przez Wi-Fi: brak połączenia (timed out); ponawiam za 5 s
12:45:50  Log przez Wi-Fi: brak połączenia (timed out); ponawiam za 5 s
12:46:05  Log przez Wi-Fi: brak połączenia (timed out); ponawiam za 5 s
12:46:20  Log przez Wi-Fi: brak połączenia (timed out); ponawiam za 5 s
12:46:35  Log przez Wi-Fi: brak połączenia (timed out); ponawiam za 5 s
12:46:50  Log przez Wi-Fi: brak połączenia (timed out); ponawiam za 5 s
12:47:05  Log przez Wi-Fi: brak połączenia (timed out); ponawiam za 5 s
12:47:20  Log przez Wi-Fi: brak połączenia (timed out); ponawiam za 5 s
12:47:35  Log przez Wi-Fi: brak połączenia (timed out); ponawiam za 5 s
12:47:50  Log przez Wi-Fi: brak połączenia (timed out); ponawiam za 5 s
12:48:05  Log przez Wi-Fi: brak połączenia (timed out); ponawiam za 5 s
12:48:20  Log przez Wi-Fi: brak połączenia (timed out); ponawiam za 5 s
12:48:35  Log przez Wi-Fi: brak połączenia (timed out); ponawiam za 5 s
12:48:50  Log przez Wi-Fi: brak połączenia (timed out); ponawiam za 5 s
12:49:05  Log przez Wi-Fi: brak połączenia (timed out); ponawiam za 5 s
12:49:20  Log przez Wi-Fi: brak połączenia (timed out); ponawiam za 5 s
12:49:36  Log przez Wi-Fi: brak połączenia (timed out); ponawiam za 5 s
12:49:51  Log przez Wi-Fi: brak połączenia (timed out); ponawiam za 5 s
12:50:06  Log przez Wi-Fi: brak połączenia (timed out); ponawiam za 5 s
12:50:21  Log przez Wi-Fi: brak połączenia (timed out); ponawiam za 5 s
12:50:36  Log przez Wi-Fi: brak połączenia (timed out); ponawiam za 5 s
12:50:51  Log przez Wi-Fi: brak połączenia (timed out); ponawiam za 5 s
12:51:06  Log przez Wi-Fi: brak połączenia (timed out); ponawiam za 5 s
12:51:21  Log przez Wi-Fi: brak połączenia (timed out); ponawiam za 5 s
12:51:36  Log przez Wi-Fi: brak połączenia (timed out); ponawiam za 5 s
12:51:51  Log przez Wi-Fi: brak połączenia (timed out); ponawiam za 5 s
12:52:06  Log przez Wi-Fi: brak połączenia (timed out); ponawiam za 5 s
12:52:21  Log przez Wi-Fi: brak połączenia (timed out); ponawiam za 5 s
12:52:36  Log przez Wi-Fi: brak połączenia (timed out); ponawiam za 5 s
12:52:51  Log przez Wi-Fi: brak połączenia (timed out); ponawiam za 5 s
12:53:06  Log przez Wi-Fi: brak połączenia (timed out); ponawiam za 5 s
12:53:21  Log przez Wi-Fi: brak połączenia (timed out); ponawiam za 5 s
12:53:36  Log przez Wi-Fi: brak połączenia (timed out); ponawiam za 5 s
12:53:51  Log przez Wi-Fi: brak połączenia (timed out); ponawiam za 5 s
12:54:06  Log przez Wi-Fi: brak połączenia (timed out); ponawiam za 5 s
12:54:21  Log przez Wi-Fi: brak połączenia (timed out); ponawiam za 5 s
12:54:36  Log przez Wi-Fi: brak połączenia (timed out); ponawiam za 5 s
12:54:51  Log przez Wi-Fi: brak połączenia (timed out); ponawiam za 5 s
12:55:06  Log przez Wi-Fi: brak połączenia (timed out); ponawiam za 5 s
12:55:21  Log przez Wi-Fi: brak połączenia (timed out); ponawiam za 5 s
12:55:36  Log przez Wi-Fi: brak połączenia (timed out); ponawiam za 5 s
12:55:51  Log przez Wi-Fi: brak połączenia (timed out); ponawiam za 5 s
12:56:06  Log przez Wi-Fi: brak połączenia (timed out); ponawiam za 5 s
12:56:21  Log przez Wi-Fi: brak połączenia (timed out); ponawiam za 5 s
12:56:36  Log przez Wi-Fi: brak połączenia (timed out); ponawiam za 5 s
12:56:51  Log przez Wi-Fi: brak połączenia (timed out); ponawiam za 5 s
12:57:06  Log przez Wi-Fi: brak połączenia (timed out); ponawiam za 5 s
12:57:21  Log przez Wi-Fi: brak połączenia (timed out); ponawiam za 5 s
12:57:36  Log przez Wi-Fi: brak połączenia (timed out); ponawiam za 5 s
12:57:51  Log przez Wi-Fi: brak połączenia (timed out); ponawiam za 5 s
12:58:06  Log przez Wi-Fi: brak połączenia (timed out); ponawiam za 5 s
12:58:21  Log przez Wi-Fi: brak połączenia (timed out); ponawiam za 5 s
12:58:36  Log przez Wi-Fi: brak połączenia (timed out); ponawiam za 5 s
12:58:51  Log przez Wi-Fi: brak połączenia (timed out); ponawiam za 5 s
12:59:06  Log przez Wi-Fi: brak połączenia (timed out); ponawiam za 5 s
12:59:21  Log przez Wi-Fi: brak połączenia (timed out); ponawiam za 5 s
12:59:36  Log przez Wi-Fi: brak połączenia (timed out); ponawiam za 5 s
12:59:51  Log przez Wi-Fi: brak połączenia (timed out); ponawiam za 5 s
13:00:06  Log przez Wi-Fi: brak połączenia (timed out); ponawiam za 5 s
13:00:21  Log przez Wi-Fi: brak połączenia (timed out); ponawiam za 5 s
13:00:36  Log przez Wi-Fi: brak połączenia (timed out); ponawiam za 5 s
13:00:51  Log przez Wi-Fi: brak połączenia (timed out); ponawiam za 5 s
13:01:06  Log przez Wi-Fi: brak połączenia (timed out); ponawiam za 5 s
13:01:21  Log przez Wi-Fi: brak połączenia (timed out); ponawiam za 5 s
13:01:36  Log przez Wi-Fi: brak połączenia (timed out); ponawiam za 5 s
13:01:51  Log przez Wi-Fi: brak połączenia (timed out); ponawiam za 5 s
13:02:06  Log przez Wi-Fi: brak połączenia (timed out); ponawiam za 5 s
13:02:21  Log przez Wi-Fi: brak połączenia (timed out); ponawiam za 5 s
13:02:36  Log przez Wi-Fi: brak połączenia (timed out); ponawiam za 5 s
13:02:51  Log przez Wi-Fi: brak połączenia (timed out); ponawiam za 5 s
13:03:06  Log przez Wi-Fi: brak połączenia (timed out); ponawiam za 5 s
13:03:21  Log przez Wi-Fi: brak połączenia (timed out); ponawiam za 5 s
13:03:36  Log przez Wi-Fi: brak połączenia (timed out); ponawiam za 5 s
13:03:51  Log przez Wi-Fi: brak połączenia (timed out); ponawiam za 5 s
13:04:06  Log przez Wi-Fi: brak połączenia (timed out); ponawiam za 5 s
13:04:21  Log przez Wi-Fi: brak połączenia (timed out); ponawiam za 5 s
13:04:36  Log przez Wi-Fi: brak połączenia (timed out); ponawiam za 5 s
13:04:51  Log przez Wi-Fi: brak połączenia (timed out); ponawiam za 5 s
13:05:06  Log przez Wi-Fi: brak połączenia (timed out); ponawiam za 5 s
13:05:21  Log przez Wi-Fi: brak połączenia (timed out); ponawiam za 5 s
13:05:36  Log przez Wi-Fi: brak połączenia (timed out); ponawiam za 5 s
13:05:51  Log przez Wi-Fi: brak połączenia (timed out); ponawiam za 5 s
13:06:06  Log przez Wi-Fi: brak połączenia (timed out); ponawiam za 5 s
13:06:21  Log przez Wi-Fi: brak połączenia (timed out); ponawiam za 5 s
13:06:36  Log przez Wi-Fi: brak połączenia (timed out); ponawiam za 5 s
13:06:51  Log przez Wi-Fi: brak połączenia (timed out); ponawiam za 5 s
13:07:06  Log przez Wi-Fi: brak połączenia (timed out); ponawiam za 5 s
13:07:21  Log przez Wi-Fi: brak połączenia (timed out); ponawiam za 5 s
13:07:36  Log przez Wi-Fi: brak połączenia (timed out); ponawiam za 5 s
13:07:51  Log przez Wi-Fi: brak połączenia (timed out); ponawiam za 5 s
13:08:06  Log przez Wi-Fi: brak połączenia (timed out); ponawiam za 5 s
13:08:21  Log przez Wi-Fi: brak połączenia (timed out); ponawiam za 5 s
13:08:36  Log przez Wi-Fi: brak połączenia (timed out); ponawiam za 5 s
13:08:51  Log przez Wi-Fi: brak połączenia (timed out); ponawiam za 5 s
13:09:06  Log przez Wi-Fi: brak połączenia (timed out); ponawiam za 5 s
13:09:21  Log przez Wi-Fi: brak połączenia (timed out); ponawiam za 5 s
13:09:36  Log przez Wi-Fi: brak połączenia (timed out); ponawiam za 5 s
13:09:51  Log przez Wi-Fi: brak połączenia (timed out); ponawiam za 5 s
13:10:06  Log przez Wi-Fi: brak połączenia (timed out); ponawiam za 5 s
13:10:21  Log przez Wi-Fi: brak połączenia (timed out); ponawiam za 5 s
13:10:36  Log przez Wi-Fi: brak połączenia (timed out); ponawiam za 5 s
13:10:51  Log przez Wi-Fi: brak połączenia (timed out); ponawiam za 5 s
13:11:06  Log przez Wi-Fi: brak połączenia (timed out); ponawiam za 5 s
13:11:21  Log przez Wi-Fi: brak połączenia (timed out); ponawiam za 5 s
13:11:36  Log przez Wi-Fi: brak połączenia (timed out); ponawiam za 5 s
13:11:51  Log przez Wi-Fi: brak połączenia (timed out); ponawiam za 5 s
13:12:06  Log przez Wi-Fi: brak połączenia (timed out); ponawiam za 5 s
13:12:21  Log przez Wi-Fi: brak połączenia (timed out); ponawiam za 5 s
13:12:36  Log przez Wi-Fi: brak połączenia (timed out); ponawiam za 5 s
13:12:51  Log przez Wi-Fi: brak połączenia (timed out); ponawiam za 5 s
13:13:06  Log przez Wi-Fi: brak połączenia (timed out); ponawiam za 5 s
13:13:21  Log przez Wi-Fi: brak połączenia (timed out); ponawiam za 5 s
13:13:36  Log przez Wi-Fi: brak połączenia (timed out); ponawiam za 5 s
13:13:51  Log przez Wi-Fi: brak połączenia (timed out); ponawiam za 5 s
13:14:06  Log przez Wi-Fi: brak połączenia (timed out); ponawiam za 5 s
13:14:21  Log przez Wi-Fi: brak połączenia (timed out); ponawiam za 5 s
13:14:36  Log przez Wi-Fi: brak połączenia (timed out); ponawiam za 5 s
13:14:51  Log przez Wi-Fi: brak połączenia (timed out); ponawiam za 5 s
13:15:06  Log przez Wi-Fi: brak połączenia (timed out); ponawiam za 5 s
13:15:21  Log przez Wi-Fi: brak połączenia (timed out); ponawiam za 5 s
13:15:36  Log przez Wi-Fi: brak połączenia (timed out); ponawiam za 5 s
13:15:51  Log przez Wi-Fi: brak połączenia (timed out); ponawiam za 5 s
13:16:06  Log przez Wi-Fi: brak połączenia (timed out); ponawiam za 5 s
13:16:21  Log przez Wi-Fi: brak połączenia (timed out); ponawiam za 5 s
13:16:36  Log przez Wi-Fi: brak połączenia (timed out); ponawiam za 5 s
13:16:51  Log przez Wi-Fi: brak połączenia (timed out); ponawiam za 5 s
13:17:06  Log przez Wi-Fi: brak połączenia (timed out); ponawiam za 5 s
13:17:21  Log przez Wi-Fi: brak połączenia (timed out); ponawiam za 5 s
13:17:37  Log przez Wi-Fi: brak połączenia (timed out); ponawiam za 5 s
13:17:52  Log przez Wi-Fi: brak połączenia (timed out); ponawiam za 5 s
13:18:07  Log przez Wi-Fi: brak połączenia (timed out); ponawiam za 5 s
13:18:22  Log przez Wi-Fi: brak połączenia (timed out); ponawiam za 5 s
13:18:37  Log przez Wi-Fi: brak połączenia (timed out); ponawiam za 5 s
13:18:52  Log przez Wi-Fi: brak połączenia (timed out); ponawiam za 5 s
13:19:07  Log przez Wi-Fi: brak połączenia (timed out); ponawiam za 5 s
13:19:22  Log przez Wi-Fi: brak połączenia (timed out); ponawiam za 5 s
13:19:37  Log przez Wi-Fi: brak połączenia (timed out); ponawiam za 5 s
13:19:52  Log przez Wi-Fi: brak połączenia (timed out); ponawiam za 5 s
13:20:07  Log przez Wi-Fi: brak połączenia (timed out); ponawiam za 5 s
13:20:22  Log przez Wi-Fi: brak połączenia (timed out); ponawiam za 5 s
13:20:27  Log przez Wi-Fi: połączono z 192.168.0.238
13:20:35      TMCU: D shelly_tmcu.cpp:598     RX: 0x07 v=3 [1802000400000014] (state Ready)
13:26:55      TMCU: D shelly_tmcu.cpp:598     RX: 0x07 v=3 [1802000400000014] (state Ready)
13:33:16      TMCU: D shelly_tmcu.cpp:598     RX: 0x07 v=3 [1802000400000014] (state Ready)
13:39:37      TMCU: D shelly_tmcu.cpp:598     RX: 0x07 v=3 [1802000400000014] (state Ready)
13:45:58      TMCU: D shelly_tmcu.cpp:598     RX: 0x07 v=3 [1802000400000014] (state Ready)
13:47:50      TMCU: D shelly_tmcu.cpp:890     TX: 0x34 v=3 [02ff1a091c0d2f3901] (Ready)
13:52:19      TMCU: D shelly_tmcu.cpp:598     RX: 0x07 v=3 [1802000400000014] (state Ready)
13:55:41  Q11: mikrokontroler nie odpowiada (Heartbeat timed out); kolejne takie same pomijam
13:55:41      TMCU: D shelly_tmcu.cpp:79      Tmcu Event 1 (0x3fca0ef8)
13:55:42  Q11: mikrokontroler się odezwał
13:55:42      TMCU: D shelly_tmcu.cpp:598     RX: 0x00 v=3 [01] (state Ready)
13:58:40      TMCU: D shelly_tmcu.cpp:598     RX: 0x07 v=3 [1802000400000014] (state Ready)
14:05:01      TMCU: D shelly_tmcu.cpp:598     RX: 0x07 v=3 [1802000400000014] (state Ready)
14:11:21      TMCU: D shelly_tmcu.cpp:598     RX: 0x07 v=3 [1802000400000014] (state Ready)
14:17:42      TMCU: D shelly_tmcu.cpp:598     RX: 0x07 v=3 [1802000400000014] (state Ready)
14:19:39      TMCU: D shelly_tmcu.cpp:890     TX: 0x34 v=3 [02ff1a091c0e132d01] (Ready)
14:24:03      TMCU: D shelly_tmcu.cpp:598     RX: 0x07 v=3 [1802000400000015] (state Ready)
14:24:03      TMCU: D shelly_tmcu.cpp:860     upd int 24 = 21
14:24:03      TMCU: D shelly_tmcu.cpp:79      Tmcu Event 4 (0x3fca0d80)
14:30:24      TMCU: D shelly_tmcu.cpp:598     RX: 0x07 v=3 [1802000400000015] (state Ready)
14:36:45      TMCU: D shelly_tmcu.cpp:598     RX: 0x07 v=3 [1802000400000015] (state Ready)
14:43:06      TMCU: D shelly_tmcu.cpp:598     RX: 0x07 v=3 [1802000400000015] (state Ready)
14:44:17  Q11: mikrokontroler nie odpowiada (Heartbeat timed out); kolejne takie same pomijam
14:44:17      TMCU: D shelly_tmcu.cpp:79      Tmcu Event 1 (0x3fca0ef8)
14:44:18  Q11: mikrokontroler się odezwał
14:44:18      TMCU: D shelly_tmcu.cpp:598     RX: 0x00 v=3 [01] (state Ready)
14:49:27      TMCU: D shelly_tmcu.cpp:598     RX: 0x07 v=3 [1802000400000015] (state Ready)
14:51:53      TMCU: D shelly_tmcu.cpp:890     TX: 0x34 v=3 [02ff1a091c0e340001] (Ready)
14:55:47      TMCU: D shelly_tmcu.cpp:598     RX: 0x07 v=3 [1802000400000015] (state Ready)
15:02:08      TMCU: D shelly_tmcu.cpp:598     RX: 0x07 v=3 [1802000400000015] (state Ready)
15:08:29      TMCU: D shelly_tmcu.cpp:598     RX: 0x07 v=3 [1802000400000015] (state Ready)
15:14:50      TMCU: D shelly_tmcu.cpp:598     RX: 0x07 v=3 [1802000400000015] (state Ready)
15:21:11      TMCU: D shelly_tmcu.cpp:598     RX: 0x07 v=3 [1802000400000015] (state Ready)
15:23:49      TMCU: D shelly_tmcu.cpp:890     TX: 0x34 v=3 [02ff1a091c0f173801] (Ready)
15:27:31      TMCU: D shelly_tmcu.cpp:598     RX: 0x07 v=3 [1802000400000015] (state Ready)
15:28:38  Q11: mikrokontroler nie odpowiada (Heartbeat timed out); kolejne takie same pomijam
15:28:38      TMCU: D shelly_tmcu.cpp:79      Tmcu Event 1 (0x3fca0ef8)
15:28:39  Q11: mikrokontroler się odezwał
15:28:39      TMCU: D shelly_tmcu.cpp:598     RX: 0x00 v=3 [01] (state Ready)
15:33:52      TMCU: D shelly_tmcu.cpp:598     RX: 0x07 v=3 [1802000400000015] (state Ready)
15:40:13      TMCU: D shelly_tmcu.cpp:598     RX: 0x07 v=3 [1802000400000015] (state Ready)
15:46:34      TMCU: D shelly_tmcu.cpp:598     RX: 0x07 v=3 [1802000400000015] (state Ready)
15:51:56      TMCU: D shelly_tmcu.cpp:890     TX: 0x34 v=3 [02ff1a091c0f340301] (Ready)
15:52:55      TMCU: D shelly_tmcu.cpp:598     RX: 0x07 v=3 [1802000400000015] (state Ready)
15:59:16      TMCU: D shelly_tmcu.cpp:598     RX: 0x07 v=3 [1802000400000015] (state Ready)
16:05:36      TMCU: D shelly_tmcu.cpp:598     RX: 0x07 v=3 [1802000400000015] (state Ready)
16:11:57      TMCU: D shelly_tmcu.cpp:598     RX: 0x07 v=3 [1802000400000015] (state Ready)
16:18:18      TMCU: D shelly_tmcu.cpp:598     RX: 0x07 v=3 [1802000400000015] (state Ready)
16:19:27      TMCU: D shelly_tmcu.cpp:890     TX: 0x34 v=3 [02ff1a091c10132201] (Ready)
16:24:39      TMCU: D shelly_tmcu.cpp:598     RX: 0x07 v=3 [1802000400000015] (state Ready)
16:31:00      TMCU: D shelly_tmcu.cpp:598     RX: 0x07 v=3 [1802000400000015] (state Ready)
16:37:21      TMCU: D shelly_tmcu.cpp:598     RX: 0x07 v=3 [1802000400000015] (state Ready)
16:43:41      TMCU: D shelly_tmcu.cpp:598     RX: 0x07 v=3 [1802000400000015] (state Ready)
16:50:02      TMCU: D shelly_tmcu.cpp:598     RX: 0x07 v=3 [1802000400000015] (state Ready)
16:50:17      TMCU: D shelly_tmcu.cpp:890     TX: 0x34 v=3 [02ff1a091c10321801] (Ready)
16:56:23      TMCU: D shelly_tmcu.cpp:598     RX: 0x07 v=3 [1802000400000015] (state Ready)
17:02:44      TMCU: D shelly_tmcu.cpp:598     RX: 0x07 v=3 [1802000400000015] (state Ready)
17:09:05      TMCU: D shelly_tmcu.cpp:598     RX: 0x07 v=3 [1802000400000015] (state Ready)
17:15:26      TMCU: D shelly_tmcu.cpp:598     RX: 0x07 v=3 [1802000400000015] (state Ready)
17:17:14  Q11: mikrokontroler nie odpowiada (Heartbeat timed out); kolejne takie same pomijam
17:17:14      TMCU: D shelly_tmcu.cpp:79      Tmcu Event 1 (0x3fca0ef8)
17:17:15  Q11: mikrokontroler się odezwał
17:17:15      TMCU: D shelly_tmcu.cpp:598     RX: 0x00 v=3 [01] (state Ready)
17:18:41      TMCU: D shelly_tmcu.cpp:890     TX: 0x34 v=3 [02ff1a091c11123001] (Ready)
17:21:47      TMCU: D shelly_tmcu.cpp:598     RX: 0x07 v=3 [1802000400000015] (state Ready)
17:28:08      TMCU: D shelly_tmcu.cpp:598     RX: 0x07 v=3 [1802000400000015] (state Ready)
17:30:28      TMCU: D shelly_tmcu.cpp:598     RX: 0x07 v=3 [12010001010e04000100] (state Ready)
17:30:29      TMCU: D shelly_tmcu.cpp:598     RX: 0x07 v=3 [0700000700000000000000] (state Ready)
17:30:30      TMCU: D shelly_tmcu.cpp:598     RX: 0x07 v=3 [0800000700000000000000] (state Ready)
17:30:30      TMCU: D shelly_tmcu.cpp:598     RX: 0x07 v=3 [0902000400000000] (state Ready)
17:30:30      TMCU: D shelly_tmcu.cpp:598     RX: 0x07 v=3 [0d04000104] (state Ready)
17:30:30      TMCU: D shelly_tmcu.cpp:860     upd enum 13 = 4
17:30:30      TMCU: D shelly_tmcu.cpp:79      Tmcu Event 4 (0x3fca0d80)
17:30:30      odczyty: energia sesji 0 kWh | czas sesji 0 min | moc 0 W, prąd 0 A, napięcia 227/0/0 V, licznik 0 kWh
17:31:32      TMCU: D shelly_tmcu.cpp:598     RX: 0x07 v=3 [0102000400000000] (state Ready)
17:31:49      odczyty: energia sesji 0 kWh | czas sesji 1 min | moc 0 W, prąd 0 A, napięcia 227/0/0 V, licznik 0 kWh
17:32:49      odczyty: energia sesji 0 kWh | czas sesji 2 min | moc 0 W, prąd 0 A, napięcia 227/0/0 V, licznik 0 kWh
17:33:02      TMCU: D shelly_tmcu.cpp:598     RX: 0x07 v=3 [0102000400000000] (state Ready)
17:33:49      odczyty: energia sesji 0 kWh | czas sesji 3 min | moc 0 W, prąd 0 A, napięcia 227/0/0 V, licznik 0 kWh
17:34:29      TMCU: D shelly_tmcu.cpp:598     RX: 0x07 v=3 [1802000400000016] (state Ready)
17:34:29      TMCU: D shelly_tmcu.cpp:860     upd int 24 = 22
17:34:29      TMCU: D shelly_tmcu.cpp:79      Tmcu Event 4 (0x3fca0d80)
17:34:32      TMCU: D shelly_tmcu.cpp:598     RX: 0x07 v=3 [0102000400000000] (state Ready)
17:34:49      odczyty: energia sesji 0 kWh | czas sesji 4 min | moc 0 W, prąd 0 A, napięcia 227/0/0 V, licznik 0 kWh
17:35:49      odczyty: energia sesji 0 kWh | czas sesji 5 min | moc 0 W, prąd 0 A, napięcia 227/0/0 V, licznik 0 kWh
17:36:03      TMCU: D shelly_tmcu.cpp:598     RX: 0x07 v=3 [0102000400000000] (state Ready)
17:36:49      odczyty: energia sesji 0 kWh | czas sesji 6 min | moc 0 W, prąd 0 A, napięcia 227/0/0 V, licznik 0 kWh
17:37:33      TMCU: D shelly_tmcu.cpp:598     RX: 0x07 v=3 [0102000400000000] (state Ready)
17:37:49      odczyty: energia sesji 0 kWh | czas sesji 7 min | moc 0 W, prąd 0 A, napięcia 227/0/0 V, licznik 0 kWh
17:38:49      odczyty: energia sesji 0 kWh | czas sesji 8 min | moc 0 W, prąd 0 A, napięcia 227/0/0 V, licznik 0 kWh
17:39:03      TMCU: D shelly_tmcu.cpp:598     RX: 0x07 v=3 [0102000400000000] (state Ready)
17:39:49      odczyty: energia sesji 0 kWh | czas sesji 9 min | moc 0 W, prąd 0 A, napięcia 227/0/0 V, licznik 0 kWh
17:40:33      TMCU: D shelly_tmcu.cpp:598     RX: 0x07 v=3 [0102000400000000] (state Ready)
17:40:49      odczyty: energia sesji 0 kWh | czas sesji 10 min | moc 0 W, prąd 0 A, napięcia 227/0/0 V, licznik 0 kWh
17:40:50      TMCU: D shelly_tmcu.cpp:598     RX: 0x07 v=3 [1802000400000019] (state Ready)
17:40:50      TMCU: D shelly_tmcu.cpp:860     upd int 24 = 25
17:40:50      TMCU: D shelly_tmcu.cpp:79      Tmcu Event 4 (0x3fca0d80)
17:41:49      odczyty: energia sesji 0 kWh | czas sesji 11 min | moc 0 W, prąd 0 A, napięcia 227/0/0 V, licznik 0 kWh
17:42:04      TMCU: D shelly_tmcu.cpp:598     RX: 0x07 v=3 [0102000400000000] (state Ready)
17:42:49      odczyty: energia sesji 0 kWh | czas sesji 12 min | moc 0 W, prąd 0 A, napięcia 227/0/0 V, licznik 0 kWh
17:43:20  Q11: mikrokontroler nie odpowiada (Heartbeat timed out); kolejne takie same pomijam
17:43:20      TMCU: D shelly_tmcu.cpp:79      Tmcu Event 1 (0x3fca0ef8)
17:43:21  Q11: mikrokontroler się odezwał
17:43:21      TMCU: D shelly_tmcu.cpp:598     RX: 0x00 v=3 [01] (state Ready)
17:43:34      TMCU: D shelly_tmcu.cpp:598     RX: 0x07 v=3 [0102000400000000] (state Ready)
17:43:49      odczyty: energia sesji 0 kWh | czas sesji 13 min | moc 0 W, prąd 0 A, napięcia 227/0/0 V, licznik 0 kWh
17:44:49      odczyty: energia sesji 0 kWh | czas sesji 14 min | moc 0 W, prąd 0 A, napięcia 227/0/0 V, licznik 0 kWh
17:45:04      TMCU: D shelly_tmcu.cpp:598     RX: 0x07 v=3 [0102000400000000] (state Ready)
17:45:49      odczyty: energia sesji 0 kWh | czas sesji 15 min | moc 0 W, prąd 0 A, napięcia 227/0/0 V, licznik 0 kWh
17:46:35      TMCU: D shelly_tmcu.cpp:598     RX: 0x07 v=3 [0102000400000000] (state Ready)
17:46:49      odczyty: energia sesji 0 kWh | czas sesji 16 min | moc 0 W, prąd 0 A, napięcia 227/0/0 V, licznik 0 kWh
17:47:11      TMCU: D shelly_tmcu.cpp:598     RX: 0x07 v=3 [180200040000001b] (state Ready)
17:47:11      TMCU: D shelly_tmcu.cpp:860     upd int 24 = 27
17:47:11      TMCU: D shelly_tmcu.cpp:79      Tmcu Event 4 (0x3fca0d80)
17:47:49      odczyty: energia sesji 0 kWh | czas sesji 17 min | moc 0 W, prąd 0 A, napięcia 227/0/0 V, licznik 0 kWh
17:48:05      TMCU: D shelly_tmcu.cpp:598     RX: 0x07 v=3 [0102000400000000] (state Ready)
17:48:28      TMCU: D shelly_tmcu.cpp:890     TX: 0x34 v=3 [02ff1a091c11302201] (Ready)
17:48:49      odczyty: energia sesji 0 kWh | czas sesji 18 min | moc 0 W, prąd 0 A, napięcia 227/0/0 V, licznik 0 kWh
17:49:35      TMCU: D shelly_tmcu.cpp:598     RX: 0x07 v=3 [0102000400000000] (state Ready)
17:49:49      odczyty: energia sesji 0 kWh | czas sesji 19 min | moc 0 W, prąd 0 A, napięcia 227/0/0 V, licznik 0 kWh
17:50:49      odczyty: energia sesji 0 kWh | czas sesji 20 min | moc 0 W, prąd 0 A, napięcia 227/0/0 V, licznik 0 kWh
17:51:05      TMCU: D shelly_tmcu.cpp:598     RX: 0x07 v=3 [0102000400000000] (state Ready)
17:51:49      odczyty: energia sesji 0 kWh | czas sesji 21 min | moc 0 W, prąd 0 A, napięcia 227/0/0 V, licznik 0 kWh
17:52:36      TMCU: D shelly_tmcu.cpp:598     RX: 0x07 v=3 [0102000400000000] (state Ready)
17:52:49      odczyty: energia sesji 0 kWh | czas sesji 22 min | moc 0 W, prąd 0 A, napięcia 227/0/0 V, licznik 0 kWh
17:53:32      TMCU: D shelly_tmcu.cpp:598     RX: 0x07 v=3 [180200040000001c] (state Ready)
17:53:32      TMCU: D shelly_tmcu.cpp:860     upd int 24 = 28
17:53:32      TMCU: D shelly_tmcu.cpp:79      Tmcu Event 4 (0x3fca0d80)
17:53:49      odczyty: energia sesji 0 kWh | czas sesji 23 min | moc 0 W, prąd 0 A, napięcia 227/0/0 V, licznik 0 kWh
17:54:06      TMCU: D shelly_tmcu.cpp:598     RX: 0x07 v=3 [0102000400000000] (state Ready)
17:54:49      odczyty: energia sesji 0 kWh | czas sesji 24 min | moc 0 W, prąd 0 A, napięcia 227/0/0 V, licznik 0 kWh
17:55:36      TMCU: D shelly_tmcu.cpp:598     RX: 0x07 v=3 [0102000400000000] (state Ready)
17:55:49      odczyty: energia sesji 0 kWh | czas sesji 25 min | moc 0 W, prąd 0 A, napięcia 227/0/0 V, licznik 0 kWh
17:56:49      odczyty: energia sesji 0 kWh | czas sesji 26 min | moc 0 W, prąd 0 A, napięcia 227/0/0 V, licznik 0 kWh
17:57:06      TMCU: D shelly_tmcu.cpp:598     RX: 0x07 v=3 [0102000400000000] (state Ready)
17:57:49      odczyty: energia sesji 0 kWh | czas sesji 27 min | moc 0 W, prąd 0 A, napięcia 227/0/0 V, licznik 0 kWh
17:58:37      TMCU: D shelly_tmcu.cpp:598     RX: 0x07 v=3 [0102000400000000] (state Ready)
17:58:49      odczyty: energia sesji 0 kWh | czas sesji 28 min | moc 0 W, prąd 0 A, napięcia 227/0/0 V, licznik 0 kWh
17:59:49      odczyty: energia sesji 0 kWh | czas sesji 29 min | moc 0 W, prąd 0 A, napięcia 227/0/0 V, licznik 0 kWh
17:59:53      TMCU: D shelly_tmcu.cpp:598     RX: 0x07 v=3 [180200040000001c] (state Ready)
18:00:07      TMCU: D shelly_tmcu.cpp:598     RX: 0x07 v=3 [0102000400000000] (state Ready)
18:00:49      odczyty: energia sesji 0 kWh | czas sesji 30 min | moc 0 W, prąd 0 A, napięcia 227/0/0 V, licznik 0 kWh
18:01:37      TMCU: D shelly_tmcu.cpp:598     RX: 0x07 v=3 [0102000400000000] (state Ready)
18:01:49      odczyty: energia sesji 0 kWh | czas sesji 31 min | moc 0 W, prąd 0 A, napięcia 227/0/0 V, licznik 0 kWh
18:02:49      odczyty: energia sesji 0 kWh | czas sesji 32 min | moc 0 W, prąd 0 A, napięcia 227/0/0 V, licznik 0 kWh
18:03:08      TMCU: D shelly_tmcu.cpp:598     RX: 0x07 v=3 [0102000400000000] (state Ready)
18:03:49      odczyty: energia sesji 0 kWh | czas sesji 33 min | moc 0 W, prąd 0 A, napięcia 227/0/0 V, licznik 0 kWh
18:04:38      TMCU: D shelly_tmcu.cpp:598     RX: 0x07 v=3 [0102000400000000] (state Ready)
18:04:49      odczyty: energia sesji 0 kWh | czas sesji 34 min | moc 0 W, prąd 0 A, napięcia 227/0/0 V, licznik 0 kWh
18:05:49      odczyty: energia sesji 0 kWh | czas sesji 35 min | moc 0 W, prąd 0 A, napięcia 227/0/0 V, licznik 0 kWh
18:06:08      TMCU: D shelly_tmcu.cpp:598     RX: 0x07 v=3 [0102000400000000] (state Ready)
18:06:14      TMCU: D shelly_tmcu.cpp:598     RX: 0x07 v=3 [180200040000001d] (state Ready)
18:06:14      TMCU: D shelly_tmcu.cpp:860     upd int 24 = 29
18:06:14      TMCU: D shelly_tmcu.cpp:79      Tmcu Event 4 (0x3fca0d80)
18:06:49      odczyty: energia sesji 0 kWh | czas sesji 36 min | moc 0 W, prąd 0 A, napięcia 227/0/0 V, licznik 0 kWh
18:07:38      TMCU: D shelly_tmcu.cpp:598     RX: 0x07 v=3 [0102000400000000] (state Ready)
18:07:49      odczyty: energia sesji 0 kWh | czas sesji 37 min | moc 0 W, prąd 0 A, napięcia 227/0/0 V, licznik 0 kWh
18:08:49      odczyty: energia sesji 0 kWh | czas sesji 38 min | moc 0 W, prąd 0 A, napięcia 227/0/0 V, licznik 0 kWh
18:09:09      TMCU: D shelly_tmcu.cpp:598     RX: 0x07 v=3 [0102000400000000] (state Ready)
18:09:49      odczyty: energia sesji 0 kWh | czas sesji 39 min | moc 0 W, prąd 0 A, napięcia 227/0/0 V, licznik 0 kWh
18:10:39      TMCU: D shelly_tmcu.cpp:598     RX: 0x07 v=3 [0102000400000000] (state Ready)
18:10:49      odczyty: energia sesji 0 kWh | czas sesji 40 min | moc 0 W, prąd 0 A, napięcia 227/0/0 V, licznik 0 kWh
18:11:49      odczyty: energia sesji 0 kWh | czas sesji 41 min | moc 0 W, prąd 0 A, napięcia 227/0/0 V, licznik 0 kWh
18:12:09      TMCU: D shelly_tmcu.cpp:598     RX: 0x07 v=3 [0102000400000000] (state Ready)
18:12:35      TMCU: D shelly_tmcu.cpp:598     RX: 0x07 v=3 [180200040000001d] (state Ready)
18:12:49      odczyty: energia sesji 0 kWh | czas sesji 42 min | moc 0 W, prąd 0 A, napięcia 227/0/0 V, licznik 0 kWh
18:13:39      TMCU: D shelly_tmcu.cpp:598     RX: 0x07 v=3 [0102000400000000] (state Ready)
18:13:49      odczyty: energia sesji 0 kWh | czas sesji 43 min | moc 0 W, prąd 0 A, napięcia 227/0/0 V, licznik 0 kWh
18:14:49      odczyty: energia sesji 0 kWh | czas sesji 44 min | moc 0 W, prąd 0 A, napięcia 227/0/0 V, licznik 0 kWh
18:15:10      TMCU: D shelly_tmcu.cpp:598     RX: 0x07 v=3 [0102000400000000] (state Ready)
18:15:48      TMCU: D shelly_tmcu.cpp:890     TX: 0x34 v=3 [02ff1a091c120f3701] (Ready)
18:15:49      odczyty: energia sesji 0 kWh | czas sesji 45 min | moc 0 W, prąd 0 A, napięcia 227/0/0 V, licznik 0 kWh
18:16:40      TMCU: D shelly_tmcu.cpp:598     RX: 0x07 v=3 [0102000400000000] (state Ready)
18:16:49      odczyty: energia sesji 0 kWh | czas sesji 46 min | moc 0 W, prąd 0 A, napięcia 227/0/0 V, licznik 0 kWh
18:17:49      odczyty: energia sesji 0 kWh | czas sesji 47 min | moc 0 W, prąd 0 A, napięcia 227/0/0 V, licznik 0 kWh
18:18:10      TMCU: D shelly_tmcu.cpp:598     RX: 0x07 v=3 [0102000400000000] (state Ready)
18:18:49      odczyty: energia sesji 0 kWh | czas sesji 48 min | moc 0 W, prąd 0 A, napięcia 227/0/0 V, licznik 0 kWh
18:18:55      TMCU: D shelly_tmcu.cpp:598     RX: 0x07 v=3 [180200040000001d] (state Ready)
18:19:41      TMCU: D shelly_tmcu.cpp:598     RX: 0x07 v=3 [0102000400000000] (state Ready)
18:19:49      odczyty: energia sesji 0 kWh | czas sesji 49 min | moc 0 W, prąd 0 A, napięcia 227/0/0 V, licznik 0 kWh
18:20:49      odczyty: energia sesji 0 kWh | czas sesji 50 min | moc 0 W, prąd 0 A, napięcia 227/0/0 V, licznik 0 kWh
18:21:11      TMCU: D shelly_tmcu.cpp:598     RX: 0x07 v=3 [0102000400000000] (state Ready)
18:21:49      odczyty: energia sesji 0 kWh | czas sesji 51 min | moc 0 W, prąd 0 A, napięcia 227/0/0 V, licznik 0 kWh
18:22:41      TMCU: D shelly_tmcu.cpp:598     RX: 0x07 v=3 [0102000400000000] (state Ready)
18:22:49      odczyty: energia sesji 0 kWh | czas sesji 52 min | moc 0 W, prąd 0 A, napięcia 227/0/0 V, licznik 0 kWh
18:23:26  Q11: mikrokontroler nie odpowiada (Heartbeat timed out); kolejne takie same pomijam
18:23:26      TMCU: D shelly_tmcu.cpp:79      Tmcu Event 1 (0x3fca0ef8)
18:23:27  Q11: mikrokontroler się odezwał
18:23:27      TMCU: D shelly_tmcu.cpp:598     RX: 0x00 v=3 [01] (state Ready)
18:23:49      odczyty: energia sesji 0 kWh | czas sesji 53 min | moc 0 W, prąd 0 A, napięcia 227/0/0 V, licznik 0 kWh
18:24:11      TMCU: D shelly_tmcu.cpp:598     RX: 0x07 v=3 [0102000400000000] (state Ready)
18:24:49      odczyty: energia sesji 0 kWh | czas sesji 54 min | moc 0 W, prąd 0 A, napięcia 227/0/0 V, licznik 0 kWh
18:25:16      TMCU: D shelly_tmcu.cpp:598     RX: 0x07 v=3 [180200040000001d] (state Ready)
18:25:42      TMCU: D shelly_tmcu.cpp:598     RX: 0x07 v=3 [0102000400000000] (state Ready)
18:25:49      odczyty: energia sesji 0 kWh | czas sesji 55 min | moc 0 W, prąd 0 A, napięcia 227/0/0 V, licznik 0 kWh
18:26:49      odczyty: energia sesji 0 kWh | czas sesji 56 min | moc 0 W, prąd 0 A, napięcia 227/0/0 V, licznik 0 kWh
18:27:12      TMCU: D shelly_tmcu.cpp:598     RX: 0x07 v=3 [0102000400000000] (state Ready)
18:27:49      odczyty: energia sesji 0 kWh | czas sesji 57 min | moc 0 W, prąd 0 A, napięcia 227/0/0 V, licznik 0 kWh
18:28:42      TMCU: D shelly_tmcu.cpp:598     RX: 0x07 v=3 [0102000400000000] (state Ready)
18:28:49      odczyty: energia sesji 0 kWh | czas sesji 58 min | moc 0 W, prąd 0 A, napięcia 227/0/0 V, licznik 0 kWh
18:29:49      odczyty: energia sesji 0 kWh | czas sesji 59 min | moc 0 W, prąd 0 A, napięcia 227/0/0 V, licznik 0 kWh
18:30:12      TMCU: D shelly_tmcu.cpp:598     RX: 0x07 v=3 [0102000400000000] (state Ready)
18:30:49      odczyty: energia sesji 0 kWh | czas sesji 60 min | moc 0 W, prąd 0 A, napięcia 227/0/0 V, licznik 0 kWh
18:31:37      TMCU: D shelly_tmcu.cpp:598     RX: 0x07 v=3 [180200040000001d] (state Ready)
18:31:43      TMCU: D shelly_tmcu.cpp:598     RX: 0x07 v=3 [0102000400000000] (state Ready)
18:31:49      odczyty: energia sesji 0 kWh | czas sesji 61 min | moc 0 W, prąd 0 A, napięcia 227/0/0 V, licznik 0 kWh
18:32:49      odczyty: energia sesji 0 kWh | czas sesji 62 min | moc 0 W, prąd 0 A, napięcia 227/0/0 V, licznik 0 kWh
18:33:13      TMCU: D shelly_tmcu.cpp:598     RX: 0x07 v=3 [0102000400000000] (state Ready)
18:33:49      odczyty: energia sesji 0 kWh | czas sesji 63 min | moc 0 W, prąd 0 A, napięcia 227/0/0 V, licznik 0 kWh
18:34:43      TMCU: D shelly_tmcu.cpp:598     RX: 0x07 v=3 [0102000400000000] (state Ready)
18:34:49      odczyty: energia sesji 0 kWh | czas sesji 64 min | moc 0 W, prąd 0 A, napięcia 227/0/0 V, licznik 0 kWh
18:35:49      odczyty: energia sesji 0 kWh | czas sesji 65 min | moc 0 W, prąd 0 A, napięcia 227/0/0 V, licznik 0 kWh
18:36:14      TMCU: D shelly_tmcu.cpp:598     RX: 0x07 v=3 [0102000400000000] (state Ready)
18:36:49      odczyty: energia sesji 0 kWh | czas sesji 66 min | moc 0 W, prąd 0 A, napięcia 227/0/0 V, licznik 0 kWh
18:37:44      TMCU: D shelly_tmcu.cpp:598     RX: 0x07 v=3 [0102000400000000] (state Ready)
18:37:49      odczyty: energia sesji 0 kWh | czas sesji 67 min | moc 0 W, prąd 0 A, napięcia 227/0/0 V, licznik 0 kWh
18:37:58      TMCU: D shelly_tmcu.cpp:598     RX: 0x07 v=3 [180200040000001d] (state Ready)
03:11:01      odczyty: energia sesji 0 kWh | czas sesji 68 min | moc 0 W, prąd 0 A, napięcia 227/0/0 V, licznik 0 kWh
03:11:02  Log przez Wi-Fi: brak połączenia ([WinError 10054] Istniejące połączenie zostało gwałtownie zamknięte przez zdalnego hosta); ponawiam za 5 s
06:36:00  Log przez Wi-Fi: połączono z 192.168.0.238
06:36:01      TMCU: D shelly_tmcu.cpp:890     TX: 0x34 v=3 [02ff1a091d05333702] (Ready)
06:36:01      TMCU: D shelly_tmcu.cpp:890     TX: 0x34 v=3 [02ff1a091d05333702] (Ready)
06:36:01      TMCU: D shelly_tmcu.cpp:890     TX: 0x34 v=3 [02ff1a091d05333702] (Ready)
06:36:01      TMCU: D shelly_tmcu.cpp:890     TX: 0x34 v=3 [02ff1a091d05333702] (Ready)
06:36:20      odczyty: energia sesji 0 kWh | czas sesji 741 min | moc 0 W, prąd 0 A, napięcia 227/0/0 V, licznik 0 kWh
06:36:49      odczyty: energia sesji 0 kWh | czas sesji 742 min | moc 0 W, prąd 0 A, napięcia 227/0/0 V, licznik 0 kWh
06:36:53      TMCU: D shelly_tmcu.cpp:598     RX: 0x07 v=3 [0102000400000000] (state Ready)
06:37:49      odczyty: energia sesji 0 kWh | czas sesji 743 min | moc 0 W, prąd 0 A, napięcia 227/0/0 V, licznik 0 kWh
06:38:23      TMCU: D shelly_tmcu.cpp:598     RX: 0x07 v=3 [0102000400000000] (state Ready)
06:38:49      odczyty: energia sesji 0 kWh | czas sesji 744 min | moc 0 W, prąd 0 A, napięcia 227/0/0 V, licznik 0 kWh
06:39:49      odczyty: energia sesji 0 kWh | czas sesji 745 min | moc 0 W, prąd 0 A, napięcia 227/0/0 V, licznik 0 kWh
06:39:53      TMCU: D shelly_tmcu.cpp:598     RX: 0x07 v=3 [0102000400000000] (state Ready)
06:40:49      odczyty: energia sesji 0 kWh | czas sesji 746 min | moc 0 W, prąd 0 A, napięcia 227/0/0 V, licznik 0 kWh
06:41:23      TMCU: D shelly_tmcu.cpp:598     RX: 0x07 v=3 [0102000400000000] (state Ready)
06:41:45      TMCU: D shelly_tmcu.cpp:598     RX: 0x07 v=3 [180200040000001d] (state Ready)
06:41:49      odczyty: energia sesji 0 kWh | czas sesji 747 min | moc 0 W, prąd 0 A, napięcia 227/0/0 V, licznik 0 kWh
06:42:49      odczyty: energia sesji 0 kWh | czas sesji 748 min | moc 0 W, prąd 0 A, napięcia 227/0/0 V, licznik 0 kWh
06:42:54      TMCU: D shelly_tmcu.cpp:598     RX: 0x07 v=3 [0102000400000000] (state Ready)
06:43:49      odczyty: energia sesji 0 kWh | czas sesji 749 min | moc 0 W, prąd 0 A, napięcia 227/0/0 V, licznik 0 kWh
06:44:24      TMCU: D shelly_tmcu.cpp:598     RX: 0x07 v=3 [0102000400000000] (state Ready)
06:44:49      odczyty: energia sesji 0 kWh | czas sesji 750 min | moc 0 W, prąd 0 A, napięcia 227/0/0 V, licznik 0 kWh
06:45:49      odczyty: energia sesji 0 kWh | czas sesji 751 min | moc 0 W, prąd 0 A, napięcia 227/0/0 V, licznik 0 kWh
06:45:54      TMCU: D shelly_tmcu.cpp:598     RX: 0x07 v=3 [0102000400000000] (state Ready)
06:46:49      odczyty: energia sesji 0 kWh | czas sesji 752 min | moc 0 W, prąd 0 A, napięcia 227/0/0 V, licznik 0 kWh
06:47:24      TMCU: D shelly_tmcu.cpp:598     RX: 0x07 v=3 [0102000400000000] (state Ready)
06:47:49      odczyty: energia sesji 0 kWh | czas sesji 753 min | moc 0 W, prąd 0 A, napięcia 227/0/0 V, licznik 0 kWh
06:48:06      TMCU: D shelly_tmcu.cpp:598     RX: 0x07 v=3 [180200040000001d] (state Ready)
06:48:49      odczyty: energia sesji 0 kWh | czas sesji 754 min | moc 0 W, prąd 0 A, napięcia 227/0/0 V, licznik 0 kWh
06:48:55      TMCU: D shelly_tmcu.cpp:598     RX: 0x07 v=3 [0102000400000000] (state Ready)
06:49:49      odczyty: energia sesji 0 kWh | czas sesji 755 min | moc 0 W, prąd 0 A, napięcia 227/0/0 V, licznik 0 kWh
06:50:25      TMCU: D shelly_tmcu.cpp:598     RX: 0x07 v=3 [0102000400000000] (state Ready)
06:50:49      odczyty: energia sesji 0 kWh | czas sesji 756 min | moc 0 W, prąd 0 A, napięcia 227/0/0 V, licznik 0 kWh
06:51:49      odczyty: energia sesji 0 kWh | czas sesji 757 min | moc 0 W, prąd 0 A, napięcia 227/0/0 V, licznik 0 kWh
06:51:55      TMCU: D shelly_tmcu.cpp:598     RX: 0x07 v=3 [0102000400000000] (state Ready)
06:52:49      odczyty: energia sesji 0 kWh | czas sesji 758 min | moc 0 W, prąd 0 A, napięcia 227/0/0 V, licznik 0 kWh
06:53:25      TMCU: D shelly_tmcu.cpp:598     RX: 0x07 v=3 [0102000400000000] (state Ready)
06:53:49      odczyty: energia sesji 0 kWh | czas sesji 759 min | moc 0 W, prąd 0 A, napięcia 227/0/0 V, licznik 0 kWh
06:54:27      TMCU: D shelly_tmcu.cpp:598     RX: 0x07 v=3 [180200040000001d] (state Ready)
06:54:49      odczyty: energia sesji 0 kWh | czas sesji 760 min | moc 0 W, prąd 0 A, napięcia 227/0/0 V, licznik 0 kWh
06:54:56      TMCU: D shelly_tmcu.cpp:598     RX: 0x07 v=3 [0102000400000000] (state Ready)
06:55:49      odczyty: energia sesji 0 kWh | czas sesji 761 min | moc 0 W, prąd 0 A, napięcia 227/0/0 V, licznik 0 kWh
06:56:26      TMCU: D shelly_tmcu.cpp:598     RX: 0x07 v=3 [0102000400000000] (state Ready)
06:56:49      odczyty: energia sesji 0 kWh | czas sesji 762 min | moc 0 W, prąd 0 A, napięcia 227/0/0 V, licznik 0 kWh
06:57:49      odczyty: energia sesji 0 kWh | czas sesji 763 min | moc 0 W, prąd 0 A, napięcia 227/0/0 V, licznik 0 kWh
06:57:56      TMCU: D shelly_tmcu.cpp:598     RX: 0x07 v=3 [0102000400000000] (state Ready)
06:58:49      odczyty: energia sesji 0 kWh | czas sesji 764 min | moc 0 W, prąd 0 A, napięcia 227/0/0 V, licznik 0 kWh
06:59:27      TMCU: D shelly_tmcu.cpp:598     RX: 0x07 v=3 [0102000400000000] (state Ready)
06:59:49      odczyty: energia sesji 0 kWh | czas sesji 765 min | moc 0 W, prąd 0 A, napięcia 227/0/0 V, licznik 0 kWh
07:00:48      TMCU: D shelly_tmcu.cpp:598     RX: 0x07 v=3 [180200040000001d] (state Ready)
07:00:49      odczyty: energia sesji 0 kWh | czas sesji 766 min | moc 0 W, prąd 0 A, napięcia 227/0/0 V, licznik 0 kWh
07:00:57      TMCU: D shelly_tmcu.cpp:598     RX: 0x07 v=3 [0102000400000000] (state Ready)
07:01:43  [strona WWW] strona DevKitu została otwarta
07:01:49      odczyty: energia sesji 0 kWh | czas sesji 767 min | moc 0 W, prąd 0 A, napięcia 227/0/0 V, licznik 0 kWh
07:02:27      TMCU: D shelly_tmcu.cpp:598     RX: 0x07 v=3 [0102000400000000] (state Ready)
07:02:49      odczyty: energia sesji 0 kWh | czas sesji 768 min | moc 0 W, prąd 0 A, napięcia 227/0/0 V, licznik 0 kWh
07:03:49      odczyty: energia sesji 0 kWh | czas sesji 769 min | moc 0 W, prąd 0 A, napięcia 227/0/0 V, licznik 0 kWh
07:03:57      TMCU: D shelly_tmcu.cpp:598     RX: 0x07 v=3 [0102000400000000] (state Ready)
07:04:49      odczyty: energia sesji 0 kWh | czas sesji 770 min | moc 0 W, prąd 0 A, napięcia 227/0/0 V, licznik 0 kWh
07:05:26      TMCU: D shelly_tmcu.cpp:890     TX: 0x34 v=3 [02ff1a091d07052202] (Ready)
07:05:28      TMCU: D shelly_tmcu.cpp:598     RX: 0x07 v=3 [0102000400000000] (state Ready)
