07:05:46  Monitor DevKitu przez Wi-Fi, 192.168.0.238. Ustawienia na starcie:
07:05:46      Ładowanie włączone (DP 18): tak
07:05:46      Limit prądu (DP 4): 12 A
07:05:46      Stan ładowarki (DP 3): Ładuje
07:05:46      odczyty: energia sesji 0 kWh | czas sesji 770 min | moc 0 W, prąd 0 A, napięcia 227/0/0 V, licznik 0 kWh
07:05:46  Log przez Wi-Fi: połączono z 192.168.0.238
07:05:49      odczyty: energia sesji 0 kWh | czas sesji 815 min | moc 0 W, prąd 0 A, napięcia 227/0/0 V, licznik 0 kWh
07:06:15  [strona WWW] polecenie Shelly.Reboot
07:06:15  Log przez Wi-Fi: brak połączenia (DevKit zamknął log); ponawiam za 5 s
07:06:30  Log przez Wi-Fi: brak połączenia (timed out); ponawiam za 5 s
07:06:36  Log przez Wi-Fi: połączono z 192.168.0.238
07:06:56      odczyty: energia sesji 0 kWh | czas sesji 1066 min | moc 0 W, prąd 0 A, napięcia 227/0/0 V, licznik 0 kWh
07:07:01      TMCU: D shelly_tmcu.cpp:598     RX: 0x07 v=3 [0102000400000000] (state Ready)
07:07:12      TMCU: D shelly_tmcu.cpp:598     RX: 0x07 v=3 [180200040000001d] (state Ready)
07:07:56      odczyty: energia sesji 0 kWh | czas sesji 1067 min | moc 0 W, prąd 0 A, napięcia 227/0/0 V, licznik 0 kWh
07:08:32      TMCU: D shelly_tmcu.cpp:598     RX: 0x07 v=3 [0102000400000000] (state Ready)
07:08:56      odczyty: energia sesji 0 kWh | czas sesji 1068 min | moc 0 W, prąd 0 A, napięcia 227/0/0 V, licznik 0 kWh
07:09:56      odczyty: energia sesji 0 kWh | czas sesji 1069 min | moc 0 W, prąd 0 A, napięcia 227/0/0 V, licznik 0 kWh
07:10:02      TMCU: D shelly_tmcu.cpp:598     RX: 0x07 v=3 [0102000400000000] (state Ready)
07:10:56      odczyty: energia sesji 0 kWh | czas sesji 1070 min | moc 0 W, prąd 0 A, napięcia 227/0/0 V, licznik 0 kWh
07:11:32      TMCU: D shelly_tmcu.cpp:598     RX: 0x07 v=3 [0102000400000000] (state Ready)
07:11:56      odczyty: energia sesji 0 kWh | czas sesji 1071 min | moc 0 W, prąd 0 A, napięcia 227/0/0 V, licznik 0 kWh
07:12:56      odczyty: energia sesji 0 kWh | czas sesji 1072 min | moc 0 W, prąd 0 A, napięcia 227/0/0 V, licznik 0 kWh
07:13:01  [strona WWW] strona DevKitu została otwarta
07:13:02  [strona WWW] polecenie RPC.Ping
07:13:03      TMCU: D shelly_tmcu.cpp:598     RX: 0x07 v=3 [0102000400000000] (state Ready)
07:13:05  [strona WWW] polecenie BLE.ListPairedDevices
07:13:05  [strona WWW] polecenie service.GetResources
07:13:06  [strona WWW] polecenie service.GetInfo
07:13:08  [strona WWW] polecenie Webhook.ListAllSupported
07:13:09      TMCU: D shelly_tmcu.cpp:598     RX: 0x07 v=3 [0700000700000000000000] (state Ready)
07:13:09      TMCU: D shelly_tmcu.cpp:598     RX: 0x07 v=3 [0800000700000000000000] (state Ready)
07:13:09      TMCU: D shelly_tmcu.cpp:598     RX: 0x07 v=3 [0902000400000000] (state Ready)
07:13:19  [strona WWW] polecenie RPC.Ping
07:13:25      TMCU: D shelly_tmcu.cpp:890     TX: 0x06 v=3 [040200040000000a] (Ready)
07:13:25      TMCU: D shelly_tmcu.cpp:598     RX: 0x07 v=3 [040200040000000c] (state Ready)
07:13:27      TMCU: D shelly_tmcu.cpp:598     RX: 0x07 v=3 [040200040000000a] (state Ready)
07:13:27      TMCU: D shelly_tmcu.cpp:860     upd int 4 = 10
07:13:27      TMCU: D shelly_tmcu.cpp:79      Tmcu Event 4 (0x3fca0d80)
07:13:34      TMCU: D shelly_tmcu.cpp:598     RX: 0x07 v=3 [180200040000001d] (state Ready)
07:13:35  [strona WWW] polecenie RPC.Ping
07:13:37      TMCU: D shelly_tmcu.cpp:890     TX: 0x06 v=3 [1201000100] (Ready)
07:13:37      TMCU: D shelly_tmcu.cpp:598     RX: 0x07 v=3 [1201000100] (state Ready)
07:13:37      TMCU: D shelly_tmcu.cpp:860     upd bool 18 = false
07:13:37      TMCU: D shelly_tmcu.cpp:79      Tmcu Event 4 (0x3fca0d80)
07:13:38      TMCU: D shelly_tmcu.cpp:598     RX: 0x07 v=3 [1201000100] (state Ready)
07:13:38      odczyty: energia sesji 0 kWh | czas sesji 1073 min | moc 0 W, prąd 0 A, napięcia 227/0/0 V, licznik 0 kWh
07:13:42      TMCU: D shelly_tmcu.cpp:598     RX: 0x07 v=3 [0700000700000000000000] (state Ready)
07:13:42      TMCU: D shelly_tmcu.cpp:598     RX: 0x07 v=3 [0800000700000000000000] (state Ready)
07:13:42      TMCU: D shelly_tmcu.cpp:598     RX: 0x07 v=3 [0902000400000000] (state Ready)
07:13:42      TMCU: D shelly_tmcu.cpp:598     RX: 0x07 v=3 [0102000400000000] (state Ready)
07:13:52  [strona WWW] polecenie RPC.Ping
07:14:02  [strona WWW] polecenie RPC.Ping
07:14:12  [strona WWW] polecenie RPC.Ping
07:14:17      TMCU: D shelly_tmcu.cpp:598     RX: 0x07 v=3 [0600000700000000000000] (state Ready)
07:14:18      TMCU: D shelly_tmcu.cpp:598     RX: 0x07 v=3 [0700000700000000000000] (state Ready)
07:14:18      TMCU: D shelly_tmcu.cpp:598     RX: 0x07 v=3 [0800000700000000000000] (state Ready)
07:14:18      TMCU: D shelly_tmcu.cpp:598     RX: 0x07 v=3 [0902000400000000] (state Ready)
07:14:22  [strona WWW] polecenie RPC.Ping
07:14:33  [strona WWW] polecenie RPC.Ping
07:14:43  [strona WWW] polecenie RPC.Ping
07:14:53  [strona WWW] polecenie RPC.Ping
07:15:03  [strona WWW] polecenie RPC.Ping
07:15:13  [strona WWW] polecenie RPC.Ping
07:15:23  [strona WWW] polecenie RPC.Ping
07:15:33  [strona WWW] polecenie RPC.Ping
07:15:34      TMCU: D shelly_tmcu.cpp:890     TX: 0x06 v=3 [1201000101] (Ready)
07:15:35      TMCU: D shelly_tmcu.cpp:598     RX: 0x07 v=3 [1201000101] (state Ready)
07:15:35      TMCU: D shelly_tmcu.cpp:860     upd bool 18 = true
07:15:35      TMCU: D shelly_tmcu.cpp:79      Tmcu Event 4 (0x3fca0d80)
07:15:36      TMCU: D shelly_tmcu.cpp:598     RX: 0x07 v=3 [0700000700000000000000] (state Ready)
07:15:36      TMCU: D shelly_tmcu.cpp:598     RX: 0x07 v=3 [0800000700000000000000] (state Ready)
07:15:36      TMCU: D shelly_tmcu.cpp:598     RX: 0x07 v=3 [0902000400000000] (state Ready)
07:15:36      TMCU: D shelly_tmcu.cpp:598     RX: 0x07 v=3 [1201000101] (state Ready)
07:15:37      odczyty: energia sesji 0 kWh | czas sesji 1073 min | moc 0 W, prąd 0 A, napięcia 227/0/0 V, licznik 0 kWh
07:15:40      TMCU: D shelly_tmcu.cpp:890     TX: 0x06 v=3 [040200040000000c] (Ready)
07:15:40      TMCU: D shelly_tmcu.cpp:598     RX: 0x07 v=3 [040200040000000a] (state Ready)
07:15:41      TMCU: D shelly_tmcu.cpp:598     RX: 0x07 v=3 [040200040000000c] (state Ready)
07:15:41      TMCU: D shelly_tmcu.cpp:860     upd int 4 = 12
07:15:41      TMCU: D shelly_tmcu.cpp:79      Tmcu Event 4 (0x3fca0d80)
07:15:50  [strona WWW] polecenie RPC.Ping
07:16:01  [strona WWW] polecenie RPC.Ping
07:16:05      TMCU: D shelly_tmcu.cpp:598     RX: 0x07 v=3 [0102000400000000] (state Ready)
07:16:11  [strona WWW] polecenie RPC.Ping
07:16:21  [strona WWW] polecenie RPC.Ping
07:16:31  [strona WWW] polecenie RPC.Ping
07:16:41  [strona WWW] polecenie RPC.Ping
07:16:51  [strona WWW] polecenie RPC.Ping
07:16:56      odczyty: energia sesji 0 kWh | czas sesji 1074 min | moc 0 W, prąd 0 A, napięcia 227/0/0 V, licznik 0 kWh
07:17:06  [strona WWW] polecenie RPC.Ping
07:17:16  [strona WWW] polecenie RPC.Ping
07:17:26  [strona WWW] polecenie RPC.Ping
07:17:35      TMCU: D shelly_tmcu.cpp:598     RX: 0x07 v=3 [0102000400000000] (state Ready)
07:17:36  [strona WWW] polecenie RPC.Ping
07:17:46  [strona WWW] polecenie RPC.Ping
07:17:51  [strona WWW] strona DevKitu została otwarta
07:17:52  [strona WWW] polecenie RPC.Ping
07:17:55  [strona WWW] polecenie BLE.ListPairedDevices
07:17:55  [strona WWW] polecenie service.GetResources
07:17:55  [strona WWW] polecenie service.GetInfo
07:17:57  [strona WWW] polecenie RPC.Ping
07:17:58  [strona WWW] polecenie Webhook.ListAllSupported
07:18:05      TMCU: D shelly_tmcu.cpp:890     TX: 0x06 v=3 [1201000100] (Ready)
07:18:05      TMCU: D shelly_tmcu.cpp:598     RX: 0x07 v=3 [1201000100] (state Ready)
07:18:05      TMCU: D shelly_tmcu.cpp:860     upd bool 18 = false
07:18:05      TMCU: D shelly_tmcu.cpp:79      Tmcu Event 4 (0x3fca0d80)
07:18:06      TMCU: D shelly_tmcu.cpp:598     RX: 0x07 v=3 [1201000100] (state Ready)
07:18:10      TMCU: D shelly_tmcu.cpp:598     RX: 0x07 v=3 [0700000700000000000000] (state Ready)
07:18:10      TMCU: D shelly_tmcu.cpp:598     RX: 0x07 v=3 [0800000700000000000000] (state Ready)
07:18:10      TMCU: D shelly_tmcu.cpp:598     RX: 0x07 v=3 [0902000400000000] (state Ready)
07:18:10      TMCU: D shelly_tmcu.cpp:598     RX: 0x07 v=3 [0102000400000000] (state Ready)
07:18:12      TMCU: D shelly_tmcu.cpp:938     response to 07 timed out after 0.3036 s
07:18:12      TMCU: D shelly_tmcu.cpp:890     TX: 0x06 v=3 [0402000400000009] (Ready)
07:18:13      TMCU: D shelly_tmcu.cpp:598     RX: 0x07 v=3 [040200040000000c] (state Ready)
07:18:13      TMCU: D shelly_tmcu.cpp:598     RX: 0x07 v=3 [0402000400000009] (state Ready)
07:18:13      TMCU: D shelly_tmcu.cpp:860     upd int 4 = 9
07:18:13      TMCU: D shelly_tmcu.cpp:79      Tmcu Event 4 (0x3fca0d80)
07:18:17      TMCU: D shelly_tmcu.cpp:890     TX: 0x06 v=3 [040200040000000e] (Ready)
07:18:17      TMCU: D shelly_tmcu.cpp:938     response to 07 timed out after 0.3036 s
07:18:17      TMCU: D shelly_tmcu.cpp:890     TX: 0x06 v=3 [040200040000000e] (Ready)
07:18:17      TMCU: D shelly_tmcu.cpp:598     RX: 0x07 v=3 [0402000400000009] (state Ready)
07:18:19      TMCU: D shelly_tmcu.cpp:598     RX: 0x07 v=3 [040200040000000e] (state Ready)
07:18:19      TMCU: D shelly_tmcu.cpp:860     upd int 4 = 14
07:18:20      TMCU: D shelly_tmcu.cpp:79      Tmcu Event 4 (0x3fca0d80)
07:18:20      TMCU: D shelly_tmcu.cpp:890     TX: 0x06 v=3 [1201000101] (Ready)
07:18:20      TMCU: D shelly_tmcu.cpp:598     RX: 0x07 v=3 [1201000101] (state Ready)
07:18:20      TMCU: D shelly_tmcu.cpp:860     upd bool 18 = true
07:18:20      TMCU: D shelly_tmcu.cpp:79      Tmcu Event 4 (0x3fca0d80)
07:18:22      TMCU: D shelly_tmcu.cpp:598     RX: 0x07 v=3 [0700000700000000000000] (state Ready)
07:18:22      TMCU: D shelly_tmcu.cpp:598     RX: 0x07 v=3 [0800000700000000000000] (state Ready)
07:18:22      TMCU: D shelly_tmcu.cpp:598     RX: 0x07 v=3 [0902000400000000] (state Ready)
07:18:22      TMCU: D shelly_tmcu.cpp:598     RX: 0x07 v=3 [1201000101] (state Ready)
07:18:33  [strona WWW] polecenie RPC.Ping
07:18:33  [strona WWW] polecenie RPC.Ping
07:18:43  [strona WWW] polecenie RPC.Ping
07:18:43  [strona WWW] polecenie RPC.Ping
07:18:53  [strona WWW] polecenie RPC.Ping
07:18:53  [strona WWW] polecenie RPC.Ping
07:19:06  [strona WWW] polecenie RPC.Ping
07:19:06  [strona WWW] polecenie RPC.Ping
07:19:06      TMCU: D shelly_tmcu.cpp:598     RX: 0x07 v=3 [0102000400000000] (state Ready)
07:19:16  [strona WWW] polecenie RPC.Ping
07:19:16  [strona WWW] polecenie RPC.Ping
07:19:26  [strona WWW] polecenie RPC.Ping
07:19:26  [strona WWW] polecenie RPC.Ping
07:19:36  [strona WWW] polecenie RPC.Ping
07:19:46  [strona WWW] polecenie RPC.Ping
07:19:48  [strona WWW] polecenie RPC.Ping
07:19:57      TMCU: D shelly_tmcu.cpp:598     RX: 0x07 v=3 [180200040000001c] (state Ready)
07:19:57      TMCU: D shelly_tmcu.cpp:860     upd int 24 = 28
07:19:57      TMCU: D shelly_tmcu.cpp:79      Tmcu Event 4 (0x3fca0d80)
07:20:06  [strona WWW] polecenie RPC.Ping
07:20:16  [strona WWW] polecenie RPC.Ping
07:20:16  [strona WWW] polecenie RPC.Ping
07:20:26  [strona WWW] polecenie RPC.Ping
07:20:36  [strona WWW] polecenie RPC.Ping
07:20:36      TMCU: D shelly_tmcu.cpp:598     RX: 0x07 v=3 [0102000400000000] (state Ready)
07:20:42  [strona WWW] polecenie RPC.Ping
07:20:46  [strona WWW] polecenie RPC.Ping
07:21:06  [strona WWW] polecenie RPC.Ping
07:21:16  [strona WWW] polecenie RPC.Ping
07:21:19  [strona WWW] polecenie RPC.Ping
07:21:26  [strona WWW] polecenie RPC.Ping
07:21:36  [strona WWW] polecenie RPC.Ping
07:21:46  [strona WWW] polecenie RPC.Ping
07:22:06  [strona WWW] polecenie RPC.Ping
07:22:07      TMCU: D shelly_tmcu.cpp:598     RX: 0x07 v=3 [0102000400000000] (state Ready)
07:22:16  [strona WWW] polecenie RPC.Ping
07:22:26  [strona WWW] polecenie RPC.Ping
07:22:36  [strona WWW] polecenie RPC.Ping
07:22:46  [strona WWW] polecenie RPC.Ping
07:23:06  [strona WWW] polecenie RPC.Ping
07:23:16  [strona WWW] polecenie RPC.Ping
07:23:26  [strona WWW] polecenie RPC.Ping
07:23:34  [strona WWW] strona DevKitu została otwarta
07:23:35  [strona WWW] strona DevKitu została otwarta
07:23:38  [strona WWW] polecenie RPC.Ping
07:23:38      TMCU: D shelly_tmcu.cpp:598     RX: 0x07 v=3 [0102000400000000] (state Ready)
07:23:47  [strona WWW] polecenie RPC.Ping
07:24:06  [strona WWW] polecenie RPC.Ping
07:24:16  [strona WWW] polecenie RPC.Ping
07:24:26  [strona WWW] polecenie RPC.Ping
07:24:36  [strona WWW] polecenie RPC.Ping
07:24:46  [strona WWW] polecenie RPC.Ping
07:25:06  [strona WWW] polecenie RPC.Ping
07:25:07      TMCU: D shelly_tmcu.cpp:598     RX: 0x07 v=3 [0102000400000000] (state Ready)
07:25:16  [strona WWW] polecenie RPC.Ping
07:25:26  [strona WWW] polecenie RPC.Ping
07:25:36  [strona WWW] polecenie RPC.Ping
07:25:46  [strona WWW] polecenie RPC.Ping
07:26:06  [strona WWW] polecenie RPC.Ping
07:26:16  [strona WWW] polecenie RPC.Ping
07:26:18      TMCU: D shelly_tmcu.cpp:598     RX: 0x07 v=3 [180200040000001c] (state Ready)
07:26:26  [strona WWW] polecenie RPC.Ping
07:26:36  [strona WWW] polecenie RPC.Ping
07:26:38      TMCU: D shelly_tmcu.cpp:598     RX: 0x07 v=3 [0102000400000000] (state Ready)
07:26:46  [strona WWW] polecenie RPC.Ping
07:27:06  [strona WWW] polecenie RPC.Ping
07:27:16  [strona WWW] polecenie RPC.Ping
07:27:26  [strona WWW] polecenie RPC.Ping
07:27:36  [strona WWW] polecenie RPC.Ping
07:27:46  [strona WWW] polecenie RPC.Ping
07:28:06  [strona WWW] polecenie RPC.Ping
07:28:08      TMCU: D shelly_tmcu.cpp:598     RX: 0x07 v=3 [0102000400000000] (state Ready)
07:28:16  [strona WWW] polecenie RPC.Ping
07:28:26  [strona WWW] polecenie RPC.Ping
07:28:36  [strona WWW] polecenie RPC.Ping
07:28:46  [strona WWW] polecenie RPC.Ping
07:29:06  [strona WWW] polecenie RPC.Ping
07:29:16  [strona WWW] polecenie RPC.Ping
07:29:26  [strona WWW] polecenie RPC.Ping
07:29:36  [strona WWW] polecenie RPC.Ping
07:29:38      TMCU: D shelly_tmcu.cpp:598     RX: 0x07 v=3 [0102000400000000] (state Ready)
07:29:46  [strona WWW] polecenie RPC.Ping
07:30:06  [strona WWW] polecenie RPC.Ping
07:30:16  [strona WWW] polecenie RPC.Ping
07:30:26  [strona WWW] polecenie RPC.Ping
07:30:36  [strona WWW] polecenie RPC.Ping
07:30:46  [strona WWW] polecenie RPC.Ping
07:31:06  [strona WWW] polecenie RPC.Ping
07:31:08      TMCU: D shelly_tmcu.cpp:598     RX: 0x07 v=3 [0102000400000000] (state Ready)
07:31:16  [strona WWW] polecenie RPC.Ping
07:31:26  [strona WWW] polecenie RPC.Ping
07:31:36  [strona WWW] polecenie RPC.Ping
07:31:46  [strona WWW] polecenie RPC.Ping
07:32:06  [strona WWW] polecenie RPC.Ping
07:32:16  [strona WWW] polecenie RPC.Ping
07:32:26  [strona WWW] polecenie RPC.Ping
07:32:36  [strona WWW] polecenie RPC.Ping
07:32:39      TMCU: D shelly_tmcu.cpp:598     RX: 0x07 v=3 [180200040000001d] (state Ready)
07:32:39      TMCU: D shelly_tmcu.cpp:860     upd int 24 = 29
07:32:39      TMCU: D shelly_tmcu.cpp:79      Tmcu Event 4 (0x3fca0d80)
07:32:39      TMCU: D shelly_tmcu.cpp:598     RX: 0x07 v=3 [0102000400000000] (state Ready)
07:32:46  [strona WWW] polecenie RPC.Ping
07:33:06  [strona WWW] polecenie RPC.Ping
07:33:16  [strona WWW] polecenie RPC.Ping
07:33:26  [strona WWW] polecenie RPC.Ping
07:33:36  [strona WWW] polecenie RPC.Ping
07:33:46  [strona WWW] polecenie RPC.Ping
07:34:04      TMCU: D shelly_tmcu.cpp:890     TX: 0x34 v=3 [02ff1a091d07220b02] (Ready)
07:34:09      TMCU: D shelly_tmcu.cpp:598     RX: 0x07 v=3 [0102000400000000] (state Ready)
07:34:14  [strona WWW] polecenie RPC.Ping
07:34:24  [strona WWW] polecenie RPC.Ping
07:34:34  [strona WWW] polecenie RPC.Ping
07:34:45  [strona WWW] polecenie RPC.Ping
07:34:55  [strona WWW] polecenie RPC.Ping
07:35:06  [strona WWW] polecenie RPC.Ping
07:35:16  [strona WWW] polecenie RPC.Ping
07:35:26  [strona WWW] polecenie RPC.Ping
07:35:36  [strona WWW] polecenie RPC.Ping
07:35:39      TMCU: D shelly_tmcu.cpp:598     RX: 0x07 v=3 [0102000400000000] (state Ready)
07:35:46  [strona WWW] polecenie RPC.Ping
07:36:06  [strona WWW] polecenie RPC.Ping
07:36:16  [strona WWW] polecenie RPC.Ping
07:36:26  [strona WWW] polecenie RPC.Ping
07:36:36  [strona WWW] polecenie RPC.Ping
07:36:46  [strona WWW] polecenie RPC.Ping
07:37:06  [strona WWW] polecenie RPC.Ping
07:37:09      TMCU: D shelly_tmcu.cpp:598     RX: 0x07 v=3 [0102000400000000] (state Ready)
07:37:16  [strona WWW] polecenie RPC.Ping
07:37:26  [strona WWW] polecenie RPC.Ping
07:37:36  [strona WWW] polecenie RPC.Ping
07:37:46  [strona WWW] polecenie RPC.Ping
07:38:06  [strona WWW] polecenie RPC.Ping
07:38:16  [strona WWW] polecenie RPC.Ping
07:38:26  [strona WWW] polecenie RPC.Ping
07:38:36  [strona WWW] polecenie RPC.Ping
07:38:40      TMCU: D shelly_tmcu.cpp:598     RX: 0x07 v=3 [0102000400000000] (state Ready)
07:38:46  [strona WWW] polecenie RPC.Ping
07:39:00      TMCU: D shelly_tmcu.cpp:598     RX: 0x07 v=3 [180200040000001d] (state Ready)
07:39:06  [strona WWW] polecenie RPC.Ping
07:39:16  [strona WWW] polecenie RPC.Ping
07:39:26  [strona WWW] polecenie RPC.Ping
07:39:36  [strona WWW] polecenie RPC.Ping
07:39:46  [strona WWW] polecenie RPC.Ping
07:40:06  [strona WWW] polecenie RPC.Ping
07:40:10      TMCU: D shelly_tmcu.cpp:598     RX: 0x07 v=3 [0102000400000000] (state Ready)
07:40:16  [strona WWW] polecenie RPC.Ping
07:40:26  [strona WWW] polecenie RPC.Ping
07:40:36  [strona WWW] polecenie RPC.Ping
07:40:46  [strona WWW] polecenie RPC.Ping
07:41:06  [strona WWW] polecenie RPC.Ping
07:41:16  [strona WWW] polecenie RPC.Ping
07:41:26  [strona WWW] polecenie RPC.Ping
07:41:36  [strona WWW] polecenie RPC.Ping
07:41:40      TMCU: D shelly_tmcu.cpp:598     RX: 0x07 v=3 [0102000400000000] (state Ready)
07:41:46  [strona WWW] polecenie RPC.Ping
07:42:06  [strona WWW] polecenie RPC.Ping
07:42:16  [strona WWW] polecenie RPC.Ping
07:42:26  [strona WWW] polecenie RPC.Ping
07:42:36  [strona WWW] polecenie RPC.Ping
07:42:46  [strona WWW] polecenie RPC.Ping
07:43:06  [strona WWW] polecenie RPC.Ping
07:43:10      TMCU: D shelly_tmcu.cpp:598     RX: 0x07 v=3 [0102000400000000] (state Ready)
07:43:16  [strona WWW] polecenie RPC.Ping
07:43:26  [strona WWW] polecenie RPC.Ping
07:43:36  [strona WWW] polecenie RPC.Ping
07:43:46  [strona WWW] polecenie RPC.Ping
07:44:06  [strona WWW] polecenie RPC.Ping
07:44:16  [strona WWW] polecenie RPC.Ping
07:44:26  [strona WWW] polecenie RPC.Ping
07:44:36  [strona WWW] polecenie RPC.Ping
07:44:41      TMCU: D shelly_tmcu.cpp:598     RX: 0x07 v=3 [0102000400000000] (state Ready)
07:44:46  [strona WWW] polecenie RPC.Ping
07:45:06  [strona WWW] polecenie RPC.Ping
07:45:16  [strona WWW] polecenie RPC.Ping
07:45:21      TMCU: D shelly_tmcu.cpp:598     RX: 0x07 v=3 [180200040000001d] (state Ready)
07:45:26  [strona WWW] polecenie RPC.Ping
07:45:36  [strona WWW] polecenie RPC.Ping
07:45:46  [strona WWW] polecenie RPC.Ping
07:46:06  [strona WWW] polecenie RPC.Ping
07:46:11      TMCU: D shelly_tmcu.cpp:598     RX: 0x07 v=3 [0102000400000000] (state Ready)
07:46:16  [strona WWW] polecenie RPC.Ping
07:46:26  [strona WWW] polecenie RPC.Ping
07:46:36  [strona WWW] polecenie RPC.Ping
07:46:46  [strona WWW] polecenie RPC.Ping
07:47:06  [strona WWW] polecenie RPC.Ping
07:47:16  [strona WWW] polecenie RPC.Ping
07:47:26  [strona WWW] polecenie RPC.Ping
07:47:36  [strona WWW] polecenie RPC.Ping
07:47:41      TMCU: D shelly_tmcu.cpp:598     RX: 0x07 v=3 [0102000400000000] (state Ready)
07:47:46  [strona WWW] polecenie RPC.Ping
07:48:06  [strona WWW] polecenie RPC.Ping
07:48:16  [strona WWW] polecenie RPC.Ping
07:48:26  [strona WWW] polecenie RPC.Ping
07:48:36  [strona WWW] polecenie RPC.Ping
07:48:46  [strona WWW] polecenie RPC.Ping
07:49:06  [strona WWW] polecenie RPC.Ping
07:49:12      TMCU: D shelly_tmcu.cpp:598     RX: 0x07 v=3 [0102000400000000] (state Ready)
07:49:16  [strona WWW] polecenie RPC.Ping
07:49:26  [strona WWW] polecenie RPC.Ping
07:49:36  [strona WWW] polecenie RPC.Ping
07:49:46  [strona WWW] polecenie RPC.Ping
07:50:06  [strona WWW] polecenie RPC.Ping
07:50:16  [strona WWW] polecenie RPC.Ping
07:50:26  [strona WWW] polecenie RPC.Ping
07:50:36  [strona WWW] polecenie RPC.Ping
07:50:42      TMCU: D shelly_tmcu.cpp:598     RX: 0x07 v=3 [0102000400000000] (state Ready)
07:50:46  [strona WWW] polecenie RPC.Ping
07:51:06  [strona WWW] polecenie RPC.Ping
07:51:16  [strona WWW] polecenie RPC.Ping
07:51:26  [strona WWW] polecenie RPC.Ping
07:51:36  [strona WWW] polecenie RPC.Ping
07:51:41      TMCU: D shelly_tmcu.cpp:598     RX: 0x07 v=3 [180200040000001d] (state Ready)
07:51:46  [strona WWW] polecenie RPC.Ping
07:52:06  [strona WWW] polecenie RPC.Ping
07:52:12      TMCU: D shelly_tmcu.cpp:598     RX: 0x07 v=3 [0102000400000000] (state Ready)
07:52:16  [strona WWW] polecenie RPC.Ping
07:52:26  [strona WWW] polecenie RPC.Ping
07:52:36  [strona WWW] polecenie RPC.Ping
07:52:46  [strona WWW] polecenie RPC.Ping
07:53:06  [strona WWW] polecenie RPC.Ping
07:53:16  [strona WWW] polecenie RPC.Ping
07:53:26  [strona WWW] polecenie RPC.Ping
07:53:36  [strona WWW] polecenie RPC.Ping
07:53:42      TMCU: D shelly_tmcu.cpp:598     RX: 0x07 v=3 [0102000400000000] (state Ready)
07:53:46  [strona WWW] polecenie RPC.Ping
07:54:06  [strona WWW] polecenie RPC.Ping
07:54:16  [strona WWW] polecenie RPC.Ping
07:54:26  [strona WWW] polecenie RPC.Ping
07:54:36  [strona WWW] polecenie RPC.Ping
07:54:46  [strona WWW] polecenie RPC.Ping
07:55:06  [strona WWW] polecenie RPC.Ping
07:55:13      TMCU: D shelly_tmcu.cpp:598     RX: 0x07 v=3 [0102000400000000] (state Ready)
07:55:16  [strona WWW] polecenie RPC.Ping
07:55:26  [strona WWW] polecenie RPC.Ping
07:55:36  [strona WWW] polecenie RPC.Ping
07:55:46  [strona WWW] polecenie RPC.Ping
07:56:06  [strona WWW] polecenie RPC.Ping
07:56:16  [strona WWW] polecenie RPC.Ping
07:56:26  [strona WWW] polecenie RPC.Ping
07:56:36  [strona WWW] polecenie RPC.Ping
07:56:43      TMCU: D shelly_tmcu.cpp:598     RX: 0x07 v=3 [0102000400000000] (state Ready)
07:56:46  [strona WWW] polecenie RPC.Ping
07:57:06  [strona WWW] polecenie RPC.Ping
07:57:16  [strona WWW] polecenie RPC.Ping
07:57:26  [strona WWW] polecenie RPC.Ping
07:57:36  [strona WWW] polecenie RPC.Ping
07:57:46  [strona WWW] polecenie RPC.Ping
07:58:02      TMCU: D shelly_tmcu.cpp:598     RX: 0x07 v=3 [180200040000001d] (state Ready)
07:58:06  [strona WWW] polecenie RPC.Ping
07:58:13      TMCU: D shelly_tmcu.cpp:598     RX: 0x07 v=3 [0102000400000000] (state Ready)
07:58:16  [strona WWW] polecenie RPC.Ping
07:58:26  [strona WWW] polecenie RPC.Ping
07:58:36  [strona WWW] polecenie RPC.Ping
07:58:46  [strona WWW] polecenie RPC.Ping
07:59:06  [strona WWW] polecenie RPC.Ping
07:59:16  [strona WWW] polecenie RPC.Ping
07:59:26  [strona WWW] polecenie RPC.Ping
07:59:36  [strona WWW] polecenie RPC.Ping
07:59:43      TMCU: D shelly_tmcu.cpp:598     RX: 0x07 v=3 [0102000400000000] (state Ready)
07:59:46  [strona WWW] polecenie RPC.Ping
08:00:06  [strona WWW] polecenie RPC.Ping
08:00:16  [strona WWW] polecenie RPC.Ping
08:00:26  [strona WWW] polecenie RPC.Ping
08:00:36  [strona WWW] polecenie RPC.Ping
08:00:46  [strona WWW] polecenie RPC.Ping
08:01:06  [strona WWW] polecenie RPC.Ping
08:01:14      TMCU: D shelly_tmcu.cpp:598     RX: 0x07 v=3 [0102000400000000] (state Ready)
08:01:16  [strona WWW] polecenie RPC.Ping
08:01:26  [strona WWW] polecenie RPC.Ping
08:01:36  [strona WWW] polecenie RPC.Ping
08:01:46  [strona WWW] polecenie RPC.Ping
08:02:06  [strona WWW] polecenie RPC.Ping
08:02:16  [strona WWW] polecenie RPC.Ping
08:02:26  [strona WWW] polecenie RPC.Ping
08:02:36  [strona WWW] polecenie RPC.Ping
08:02:44      TMCU: D shelly_tmcu.cpp:598     RX: 0x07 v=3 [0102000400000000] (state Ready)
08:02:46  [strona WWW] polecenie RPC.Ping
08:03:06  [strona WWW] polecenie RPC.Ping
08:03:16  [strona WWW] polecenie RPC.Ping
08:03:26  [strona WWW] polecenie RPC.Ping
08:03:36  [strona WWW] polecenie RPC.Ping
08:03:40      TMCU: D shelly_tmcu.cpp:890     TX: 0x34 v=3 [02ff1a091d08033002] (Ready)
08:03:51  [strona WWW] polecenie RPC.Ping
08:04:06  [strona WWW] polecenie RPC.Ping
08:04:14      TMCU: D shelly_tmcu.cpp:598     RX: 0x07 v=3 [0102000400000000] (state Ready)
08:04:16  [strona WWW] polecenie RPC.Ping
08:04:23      TMCU: D shelly_tmcu.cpp:598     RX: 0x07 v=3 [180200040000001d] (state Ready)
08:04:26  [strona WWW] polecenie RPC.Ping
08:04:36  [strona WWW] polecenie RPC.Ping
08:04:46  [strona WWW] polecenie RPC.Ping
08:05:06  [strona WWW] polecenie RPC.Ping
08:05:16  [strona WWW] polecenie RPC.Ping
08:05:26  [strona WWW] polecenie RPC.Ping
08:05:36  [strona WWW] polecenie RPC.Ping
08:05:45      TMCU: D shelly_tmcu.cpp:598     RX: 0x07 v=3 [0102000400000000] (state Ready)
08:05:46  [strona WWW] polecenie RPC.Ping
08:06:06  [strona WWW] polecenie RPC.Ping
08:06:16  [strona WWW] polecenie RPC.Ping
08:06:26  [strona WWW] polecenie RPC.Ping
08:06:36  [strona WWW] polecenie RPC.Ping
08:06:46  [strona WWW] polecenie RPC.Ping
08:07:06  [strona WWW] polecenie RPC.Ping
08:07:15      TMCU: D shelly_tmcu.cpp:598     RX: 0x07 v=3 [0102000400000000] (state Ready)
08:07:16  [strona WWW] polecenie RPC.Ping
08:07:26  [strona WWW] polecenie RPC.Ping
08:07:36  [strona WWW] polecenie RPC.Ping
08:07:46  [strona WWW] polecenie RPC.Ping
08:08:06  [strona WWW] polecenie RPC.Ping
08:08:16  [strona WWW] polecenie RPC.Ping
08:08:26  [strona WWW] polecenie RPC.Ping
08:08:36  [strona WWW] polecenie RPC.Ping
08:08:45      TMCU: D shelly_tmcu.cpp:598     RX: 0x07 v=3 [0102000400000000] (state Ready)
08:08:46  [strona WWW] polecenie RPC.Ping
08:09:06  [strona WWW] polecenie RPC.Ping
08:09:16  [strona WWW] polecenie RPC.Ping
08:09:26  [strona WWW] polecenie RPC.Ping
08:09:36  [strona WWW] polecenie RPC.Ping
08:09:46  [strona WWW] polecenie RPC.Ping
08:10:06  [strona WWW] polecenie RPC.Ping
08:10:15      TMCU: D shelly_tmcu.cpp:598     RX: 0x07 v=3 [0102000400000000] (state Ready)
08:10:16  [strona WWW] polecenie RPC.Ping
08:10:26  [strona WWW] polecenie RPC.Ping
08:10:36  [strona WWW] polecenie RPC.Ping
08:10:44      TMCU: D shelly_tmcu.cpp:598     RX: 0x07 v=3 [180200040000001d] (state Ready)
08:10:46  [strona WWW] polecenie RPC.Ping
08:11:06  [strona WWW] polecenie RPC.Ping
08:11:16  [strona WWW] polecenie RPC.Ping
08:11:26  [strona WWW] polecenie RPC.Ping
08:11:36  [strona WWW] polecenie RPC.Ping
08:11:46      TMCU: D shelly_tmcu.cpp:598     RX: 0x07 v=3 [0102000400000000] (state Ready)
08:11:46  [strona WWW] polecenie RPC.Ping
08:12:06  [strona WWW] polecenie RPC.Ping
08:12:16  [strona WWW] polecenie RPC.Ping
08:12:26  [strona WWW] polecenie RPC.Ping
08:12:36  [strona WWW] polecenie RPC.Ping
08:12:46  [strona WWW] polecenie RPC.Ping
08:13:06  [strona WWW] polecenie RPC.Ping
08:13:16  [strona WWW] polecenie RPC.Ping
08:13:16      TMCU: D shelly_tmcu.cpp:598     RX: 0x07 v=3 [0102000400000000] (state Ready)
08:13:26  [strona WWW] polecenie RPC.Ping
08:13:36  [strona WWW] polecenie RPC.Ping
08:13:46  [strona WWW] polecenie RPC.Ping
08:14:06  [strona WWW] polecenie RPC.Ping
08:14:16  [strona WWW] polecenie RPC.Ping
08:14:26  [strona WWW] polecenie RPC.Ping
08:14:36  [strona WWW] polecenie RPC.Ping
08:14:46  [strona WWW] polecenie RPC.Ping
08:14:46      TMCU: D shelly_tmcu.cpp:598     RX: 0x07 v=3 [0102000400000000] (state Ready)
08:15:06  [strona WWW] polecenie RPC.Ping
08:15:16  [strona WWW] polecenie RPC.Ping
08:15:26  [strona WWW] polecenie RPC.Ping
08:15:36  [strona WWW] polecenie RPC.Ping
08:15:46  [strona WWW] polecenie RPC.Ping
08:16:06  [strona WWW] polecenie RPC.Ping
08:16:16  [strona WWW] polecenie RPC.Ping
08:16:16      TMCU: D shelly_tmcu.cpp:598     RX: 0x07 v=3 [0102000400000000] (state Ready)
08:16:26  [strona WWW] polecenie RPC.Ping
08:16:34      TMCU: D shelly_tmcu.cpp:598     RX: 0x07 v=3 [0102000400000000] (state Ready)
08:16:36  [strona WWW] polecenie RPC.Ping
08:16:46  [strona WWW] polecenie RPC.Ping
08:16:53      TMCU: D shelly_tmcu.cpp:598     RX: 0x07 v=3 [0e04000100] (state Ready)
08:16:53      TMCU: D shelly_tmcu.cpp:598     RX: 0x07 v=3 [0d04000104] (state Ready)
08:17:05      TMCU: D shelly_tmcu.cpp:598     RX: 0x07 v=3 [180200040000001d] (state Ready)
08:17:06  [strona WWW] polecenie RPC.Ping
08:17:11      TMCU: D shelly_tmcu.cpp:598     RX: 0x07 v=3 [0a0500020000] (state Ready)
08:17:11      TMCU: D shelly_tmcu.cpp:598     RX: 0x07 v=3 [1201000101] (state Ready)
08:17:11      TMCU: D shelly_tmcu.cpp:598     RX: 0x07 v=3 [180200040000001d] (state Ready)
08:17:16  [strona WWW] polecenie RPC.Ping
08:17:26  [strona WWW] polecenie RPC.Ping
08:17:30      TMCU: D shelly_tmcu.cpp:598     RX: 0x07 v=3 [0700000700000000000000] (state Ready)
08:17:30      TMCU: D shelly_tmcu.cpp:598     RX: 0x07 v=3 [0800000700000000000000] (state Ready)
08:17:30      TMCU: D shelly_tmcu.cpp:598     RX: 0x07 v=3 [0902000400000000] (state Ready)
08:17:40  [strona WWW] polecenie RPC.Ping
08:17:47      TMCU: D shelly_tmcu.cpp:598     RX: 0x07 v=3 [0304000104] (state Ready)
08:17:47      TMCU: D shelly_tmcu.cpp:598     RX: 0x07 v=3 [040200040000000e] (state Ready)
08:17:47      TMCU: D shelly_tmcu.cpp:598     RX: 0x07 v=3 [0102000400000000] (state Ready)
08:17:50  [strona WWW] polecenie RPC.Ping
08:18:06  [strona WWW] polecenie RPC.Ping
08:18:16  [strona WWW] polecenie RPC.Ping
08:18:26  [strona WWW] polecenie RPC.Ping
08:18:36  [strona WWW] polecenie RPC.Ping
08:18:46  [strona WWW] polecenie RPC.Ping
08:19:06  [strona WWW] polecenie RPC.Ping
08:19:16  [strona WWW] polecenie RPC.Ping
08:19:18      TMCU: D shelly_tmcu.cpp:598     RX: 0x07 v=3 [0102000400000000] (state Ready)
08:19:26  [strona WWW] polecenie RPC.Ping
08:19:36  [strona WWW] polecenie RPC.Ping
08:19:46  [strona WWW] polecenie RPC.Ping
08:20:06  [strona WWW] polecenie RPC.Ping
08:20:16  [strona WWW] polecenie RPC.Ping
08:20:26  [strona WWW] polecenie RPC.Ping
08:20:36  [strona WWW] polecenie RPC.Ping
08:20:46  [strona WWW] polecenie RPC.Ping
08:20:48      TMCU: D shelly_tmcu.cpp:598     RX: 0x07 v=3 [0102000400000000] (state Ready)
08:21:06  [strona WWW] polecenie RPC.Ping
08:21:16  [strona WWW] polecenie RPC.Ping
08:21:26  [strona WWW] polecenie RPC.Ping
08:21:36  [strona WWW] polecenie RPC.Ping
08:21:46  [strona WWW] polecenie RPC.Ping
08:22:06  [strona WWW] polecenie RPC.Ping
08:22:16  [strona WWW] polecenie RPC.Ping
08:22:18      TMCU: D shelly_tmcu.cpp:598     RX: 0x07 v=3 [0102000400000000] (state Ready)
08:22:26  [strona WWW] polecenie RPC.Ping
08:22:36  [strona WWW] polecenie RPC.Ping
08:22:46  [strona WWW] polecenie RPC.Ping
08:23:06  [strona WWW] polecenie RPC.Ping
08:23:16  [strona WWW] polecenie RPC.Ping
08:23:26  [strona WWW] polecenie RPC.Ping
08:23:27      TMCU: D shelly_tmcu.cpp:598     RX: 0x07 v=3 [180200040000001d] (state Ready)
08:23:36  [strona WWW] polecenie RPC.Ping
08:23:46  [strona WWW] polecenie RPC.Ping
08:23:49      TMCU: D shelly_tmcu.cpp:598     RX: 0x07 v=3 [0102000400000000] (state Ready)
08:24:06  [strona WWW] polecenie RPC.Ping
08:24:16  [strona WWW] polecenie RPC.Ping
08:24:26  [strona WWW] polecenie RPC.Ping
08:24:36  [strona WWW] polecenie RPC.Ping
08:24:47  [strona WWW] polecenie RPC.Ping
08:25:06  [strona WWW] polecenie RPC.Ping
08:25:16  [strona WWW] polecenie RPC.Ping
08:25:19      TMCU: D shelly_tmcu.cpp:598     RX: 0x07 v=3 [0102000400000000] (state Ready)
08:25:26  [strona WWW] polecenie RPC.Ping
08:25:36  [strona WWW] polecenie RPC.Ping
08:25:46  [strona WWW] polecenie RPC.Ping
08:26:06  [strona WWW] polecenie RPC.Ping
08:26:16  [strona WWW] polecenie RPC.Ping
08:26:26  [strona WWW] polecenie RPC.Ping
08:26:36  [strona WWW] polecenie RPC.Ping
08:26:46  [strona WWW] polecenie RPC.Ping
08:26:49      TMCU: D shelly_tmcu.cpp:598     RX: 0x07 v=3 [0102000400000000] (state Ready)
08:27:06  [strona WWW] polecenie RPC.Ping
08:27:16  [strona WWW] polecenie RPC.Ping
08:27:26  [strona WWW] polecenie RPC.Ping
08:27:36  [strona WWW] polecenie RPC.Ping
08:27:46  [strona WWW] polecenie RPC.Ping
08:28:06  [strona WWW] polecenie RPC.Ping
08:28:16  [strona WWW] polecenie RPC.Ping
08:28:19      TMCU: D shelly_tmcu.cpp:598     RX: 0x07 v=3 [0102000400000000] (state Ready)
08:28:26  [strona WWW] polecenie RPC.Ping
08:28:36  [strona WWW] polecenie RPC.Ping
08:28:46  [strona WWW] polecenie RPC.Ping
08:29:06  [strona WWW] polecenie RPC.Ping
08:29:16  [strona WWW] polecenie RPC.Ping
08:29:26  [strona WWW] polecenie RPC.Ping
08:29:36  [strona WWW] polecenie RPC.Ping
08:29:46  [strona WWW] polecenie RPC.Ping
08:29:48      TMCU: D shelly_tmcu.cpp:598     RX: 0x07 v=3 [180200040000001d] (state Ready)
08:29:50      TMCU: D shelly_tmcu.cpp:598     RX: 0x07 v=3 [0102000400000000] (state Ready)
08:30:06  [strona WWW] polecenie RPC.Ping
08:30:16  [strona WWW] polecenie RPC.Ping
08:30:26  [strona WWW] polecenie RPC.Ping
08:30:36  [strona WWW] polecenie RPC.Ping
08:30:46  [strona WWW] polecenie RPC.Ping
08:31:06  [strona WWW] polecenie RPC.Ping
08:31:16  [strona WWW] polecenie RPC.Ping
08:31:20      TMCU: D shelly_tmcu.cpp:598     RX: 0x07 v=3 [0102000400000000] (state Ready)
08:31:26  [strona WWW] polecenie RPC.Ping
08:31:36  [strona WWW] polecenie RPC.Ping
08:31:46  [strona WWW] polecenie RPC.Ping
08:31:47  Q11: mikrokontroler nie odpowiada (Heartbeat timed out); kolejne takie same pomijam
08:31:47      TMCU: D shelly_tmcu.cpp:79      Tmcu Event 1 (0x3fca0ef8)
08:31:48  Q11: mikrokontroler się odezwał
08:31:48      TMCU: D shelly_tmcu.cpp:598     RX: 0x00 v=3 [01] (state Ready)
08:32:06  [strona WWW] polecenie RPC.Ping
08:32:16  [strona WWW] polecenie RPC.Ping
08:32:26  [strona WWW] polecenie RPC.Ping
08:32:36  [strona WWW] polecenie RPC.Ping
08:32:46  [strona WWW] polecenie RPC.Ping
08:32:50      TMCU: D shelly_tmcu.cpp:598     RX: 0x07 v=3 [0102000400000000] (state Ready)
08:33:06  [strona WWW] polecenie RPC.Ping
08:33:16  [strona WWW] polecenie RPC.Ping
08:33:26  [strona WWW] polecenie RPC.Ping
08:33:36  [strona WWW] polecenie RPC.Ping
08:33:46  [strona WWW] polecenie RPC.Ping
08:34:06  [strona WWW] polecenie RPC.Ping
08:34:16  [strona WWW] polecenie RPC.Ping
08:34:20      TMCU: D shelly_tmcu.cpp:598     RX: 0x07 v=3 [0102000400000000] (state Ready)
08:34:26  [strona WWW] polecenie RPC.Ping
08:34:36  [strona WWW] polecenie RPC.Ping
08:34:46  [strona WWW] polecenie RPC.Ping
08:35:06  [strona WWW] polecenie RPC.Ping
08:35:16  [strona WWW] polecenie RPC.Ping
08:35:26  [strona WWW] polecenie RPC.Ping
08:35:36  [strona WWW] polecenie RPC.Ping
08:35:46  [strona WWW] polecenie RPC.Ping
08:35:51      TMCU: D shelly_tmcu.cpp:598     RX: 0x07 v=3 [0102000400000000] (state Ready)
08:36:06  [strona WWW] polecenie RPC.Ping
08:36:09      TMCU: D shelly_tmcu.cpp:598     RX: 0x07 v=3 [180200040000001d] (state Ready)
08:36:16  [strona WWW] polecenie RPC.Ping
08:36:26  [strona WWW] polecenie RPC.Ping
08:36:27      TMCU: D shelly_tmcu.cpp:890     TX: 0x34 v=3 [02ff1a091d08242302] (Ready)
08:36:38  [strona WWW] polecenie RPC.Ping
08:36:48  [strona WWW] polecenie RPC.Ping
08:37:06  [strona WWW] polecenie RPC.Ping
08:37:16  [strona WWW] polecenie RPC.Ping
08:37:21      TMCU: D shelly_tmcu.cpp:598     RX: 0x07 v=3 [0102000400000000] (state Ready)
08:37:26  [strona WWW] polecenie RPC.Ping
08:37:36  [strona WWW] polecenie RPC.Ping
08:37:46  [strona WWW] polecenie RPC.Ping
08:38:06  [strona WWW] polecenie RPC.Ping
08:38:16  [strona WWW] polecenie RPC.Ping
08:38:26  [strona WWW] polecenie RPC.Ping
08:38:36  [strona WWW] polecenie RPC.Ping
08:38:46  [strona WWW] polecenie RPC.Ping
08:38:51      TMCU: D shelly_tmcu.cpp:598     RX: 0x07 v=3 [0102000400000000] (state Ready)
08:39:06  [strona WWW] polecenie RPC.Ping
08:39:16  [strona WWW] polecenie RPC.Ping
08:39:26  [strona WWW] polecenie RPC.Ping
08:39:36  [strona WWW] polecenie RPC.Ping
08:39:46  [strona WWW] polecenie RPC.Ping
08:40:06  [strona WWW] polecenie RPC.Ping
08:40:16  [strona WWW] polecenie RPC.Ping
08:40:21      TMCU: D shelly_tmcu.cpp:598     RX: 0x07 v=3 [0102000400000000] (state Ready)
08:40:26  [strona WWW] polecenie RPC.Ping
08:40:36  [strona WWW] polecenie RPC.Ping
08:40:46  [strona WWW] polecenie RPC.Ping
08:41:06  [strona WWW] polecenie RPC.Ping
08:41:16  [strona WWW] polecenie RPC.Ping
08:41:26  [strona WWW] polecenie RPC.Ping
08:41:36  [strona WWW] polecenie RPC.Ping
08:41:46  [strona WWW] polecenie RPC.Ping
08:41:52      TMCU: D shelly_tmcu.cpp:598     RX: 0x07 v=3 [0102000400000000] (state Ready)
08:42:06  [strona WWW] polecenie RPC.Ping
08:42:16  [strona WWW] polecenie RPC.Ping
08:42:26  [strona WWW] polecenie RPC.Ping
08:42:30      TMCU: D shelly_tmcu.cpp:598     RX: 0x07 v=3 [180200040000001d] (state Ready)
08:42:36  [strona WWW] polecenie RPC.Ping
08:42:46  [strona WWW] polecenie RPC.Ping
08:43:06  [strona WWW] polecenie RPC.Ping
08:43:16  [strona WWW] polecenie RPC.Ping
08:43:22      TMCU: D shelly_tmcu.cpp:598     RX: 0x07 v=3 [0102000400000000] (state Ready)
08:43:26  [strona WWW] polecenie RPC.Ping
08:43:36  [strona WWW] polecenie RPC.Ping
08:43:46  [strona WWW] polecenie RPC.Ping
08:44:06  [strona WWW] polecenie RPC.Ping
08:44:16  [strona WWW] polecenie RPC.Ping
08:44:26  [strona WWW] polecenie RPC.Ping
08:44:36  [strona WWW] polecenie RPC.Ping
08:44:46  [strona WWW] polecenie RPC.Ping
08:44:52      TMCU: D shelly_tmcu.cpp:598     RX: 0x07 v=3 [0102000400000000] (state Ready)
08:45:06  [strona WWW] polecenie RPC.Ping
08:45:16  [strona WWW] polecenie RPC.Ping
08:45:26  [strona WWW] polecenie RPC.Ping
08:45:36  [strona WWW] polecenie RPC.Ping
08:45:46  [strona WWW] polecenie RPC.Ping
08:46:06  [strona WWW] polecenie RPC.Ping
08:46:16  [strona WWW] polecenie RPC.Ping
08:46:23      TMCU: D shelly_tmcu.cpp:598     RX: 0x07 v=3 [0102000400000000] (state Ready)
08:46:26  [strona WWW] polecenie RPC.Ping
08:46:36  [strona WWW] polecenie RPC.Ping
08:46:46  [strona WWW] polecenie RPC.Ping
08:47:06  [strona WWW] polecenie RPC.Ping
08:47:16  [strona WWW] polecenie RPC.Ping
08:47:26  [strona WWW] polecenie RPC.Ping
08:47:36  [strona WWW] polecenie RPC.Ping
08:47:46  [strona WWW] polecenie RPC.Ping
08:47:53      TMCU: D shelly_tmcu.cpp:598     RX: 0x07 v=3 [0102000400000000] (state Ready)
08:48:06  [strona WWW] polecenie RPC.Ping
08:48:16  [strona WWW] polecenie RPC.Ping
08:48:26  [strona WWW] polecenie RPC.Ping
08:48:36  [strona WWW] polecenie RPC.Ping
08:48:46  [strona WWW] polecenie RPC.Ping
08:48:51      TMCU: D shelly_tmcu.cpp:598     RX: 0x07 v=3 [180200040000001d] (state Ready)
08:49:06  [strona WWW] polecenie RPC.Ping
08:49:16  [strona WWW] polecenie RPC.Ping
08:49:23      TMCU: D shelly_tmcu.cpp:598     RX: 0x07 v=3 [0102000400000000] (state Ready)
08:49:26  [strona WWW] polecenie RPC.Ping
08:49:36  [strona WWW] polecenie RPC.Ping
08:49:46  [strona WWW] polecenie RPC.Ping
08:50:06  [strona WWW] polecenie RPC.Ping
08:50:16  [strona WWW] polecenie RPC.Ping
08:50:26  [strona WWW] polecenie RPC.Ping
08:50:36  [strona WWW] polecenie RPC.Ping
08:50:46  [strona WWW] polecenie RPC.Ping
08:50:54      TMCU: D shelly_tmcu.cpp:598     RX: 0x07 v=3 [0102000400000000] (state Ready)
08:51:06  [strona WWW] polecenie RPC.Ping
08:51:16  [strona WWW] polecenie RPC.Ping
08:51:26  [strona WWW] polecenie RPC.Ping
08:51:36  [strona WWW] polecenie RPC.Ping
08:51:46  [strona WWW] polecenie RPC.Ping
08:52:06  [strona WWW] polecenie RPC.Ping
08:52:16  [strona WWW] polecenie RPC.Ping
08:52:24      TMCU: D shelly_tmcu.cpp:598     RX: 0x07 v=3 [0102000400000000] (state Ready)
08:52:26  [strona WWW] polecenie RPC.Ping
08:52:36  [strona WWW] polecenie RPC.Ping
08:52:46  [strona WWW] polecenie RPC.Ping
08:53:06  [strona WWW] polecenie RPC.Ping
08:53:16  [strona WWW] polecenie RPC.Ping
08:53:26  [strona WWW] polecenie RPC.Ping
08:53:36  [strona WWW] polecenie RPC.Ping
08:53:46  [strona WWW] polecenie RPC.Ping
08:53:54      TMCU: D shelly_tmcu.cpp:598     RX: 0x07 v=3 [0102000400000000] (state Ready)
08:54:06  [strona WWW] polecenie RPC.Ping
08:54:16  [strona WWW] polecenie RPC.Ping
08:54:26  [strona WWW] polecenie RPC.Ping
08:54:36  [strona WWW] polecenie RPC.Ping
08:54:46  [strona WWW] polecenie RPC.Ping
08:55:06  [strona WWW] polecenie RPC.Ping
08:55:12      TMCU: D shelly_tmcu.cpp:598     RX: 0x07 v=3 [180200040000001d] (state Ready)
08:55:16  [strona WWW] polecenie RPC.Ping
08:55:24      TMCU: D shelly_tmcu.cpp:598     RX: 0x07 v=3 [0102000400000000] (state Ready)
08:55:26  [strona WWW] polecenie RPC.Ping
08:55:36  [strona WWW] polecenie RPC.Ping
08:55:46  [strona WWW] polecenie RPC.Ping
08:56:06  [strona WWW] polecenie RPC.Ping
08:56:16  [strona WWW] polecenie RPC.Ping
08:56:26  [strona WWW] polecenie RPC.Ping
08:56:36  [strona WWW] polecenie RPC.Ping
08:56:46  [strona WWW] polecenie RPC.Ping
08:56:54      TMCU: D shelly_tmcu.cpp:598     RX: 0x07 v=3 [0102000400000000] (state Ready)
08:57:06  [strona WWW] polecenie RPC.Ping
08:57:16  [strona WWW] polecenie RPC.Ping
08:57:26  [strona WWW] polecenie RPC.Ping
08:57:36  [strona WWW] polecenie RPC.Ping
08:57:46  [strona WWW] polecenie RPC.Ping
08:58:06  [strona WWW] polecenie RPC.Ping
08:58:16  [strona WWW] polecenie RPC.Ping
08:58:25      TMCU: D shelly_tmcu.cpp:598     RX: 0x07 v=3 [0102000400000000] (state Ready)
08:58:26  [strona WWW] polecenie RPC.Ping
08:58:36  [strona WWW] polecenie RPC.Ping
08:58:46  [strona WWW] polecenie RPC.Ping
08:59:06  [strona WWW] polecenie RPC.Ping
08:59:16  [strona WWW] polecenie RPC.Ping
08:59:26  [strona WWW] polecenie RPC.Ping
08:59:36  [strona WWW] polecenie RPC.Ping
08:59:46  [strona WWW] polecenie RPC.Ping
08:59:55      TMCU: D shelly_tmcu.cpp:598     RX: 0x07 v=3 [0102000400000000] (state Ready)
09:00:06  [strona WWW] polecenie RPC.Ping
09:00:16  [strona WWW] polecenie RPC.Ping
09:00:26  [strona WWW] polecenie RPC.Ping
09:00:36  [strona WWW] polecenie RPC.Ping
09:00:46  [strona WWW] polecenie RPC.Ping
09:01:06  [strona WWW] polecenie RPC.Ping
09:01:16  [strona WWW] polecenie RPC.Ping
09:01:25      TMCU: D shelly_tmcu.cpp:598     RX: 0x07 v=3 [0102000400000000] (state Ready)
09:01:26  [strona WWW] polecenie RPC.Ping
09:01:32      TMCU: D shelly_tmcu.cpp:598     RX: 0x07 v=3 [180200040000001d] (state Ready)
09:01:36  [strona WWW] polecenie RPC.Ping
09:01:46  [strona WWW] polecenie RPC.Ping
09:02:06  [strona WWW] polecenie RPC.Ping
09:02:16  [strona WWW] polecenie RPC.Ping
09:02:26  [strona WWW] polecenie RPC.Ping
09:02:36  [strona WWW] polecenie RPC.Ping
09:02:46  [strona WWW] polecenie RPC.Ping
09:02:56      TMCU: D shelly_tmcu.cpp:598     RX: 0x07 v=3 [0102000400000000] (state Ready)
09:03:06  [strona WWW] polecenie RPC.Ping
09:03:16  [strona WWW] polecenie RPC.Ping
09:03:26  [strona WWW] polecenie RPC.Ping
09:03:36  [strona WWW] polecenie RPC.Ping
09:03:46  [strona WWW] polecenie RPC.Ping
09:04:06  [strona WWW] polecenie RPC.Ping
09:04:16  [strona WWW] polecenie RPC.Ping
09:04:26  [strona WWW] polecenie RPC.Ping
09:04:26      TMCU: D shelly_tmcu.cpp:598     RX: 0x07 v=3 [0102000400000000] (state Ready)
09:04:36  [strona WWW] polecenie RPC.Ping
09:04:46  [strona WWW] polecenie RPC.Ping
09:05:06  [strona WWW] polecenie RPC.Ping
09:05:16  [strona WWW] polecenie RPC.Ping
09:05:16      TMCU: D shelly_tmcu.cpp:890     TX: 0x34 v=3 [02ff1a091d09051802] (Ready)
09:05:27  [strona WWW] polecenie RPC.Ping
09:05:37  [strona WWW] polecenie RPC.Ping
09:05:38  Q11: mikrokontroler nie odpowiada (Heartbeat timed out); kolejne takie same pomijam
09:05:38      TMCU: D shelly_tmcu.cpp:79      Tmcu Event 1 (0x3fca0ef8)
09:05:39  Q11: mikrokontroler się odezwał
09:05:39      TMCU: D shelly_tmcu.cpp:598     RX: 0x00 v=3 [01] (state Ready)
09:05:47  [strona WWW] polecenie RPC.Ping
09:05:56      TMCU: D shelly_tmcu.cpp:598     RX: 0x07 v=3 [0102000400000000] (state Ready)
09:06:06  [strona WWW] polecenie RPC.Ping
09:06:16  [strona WWW] polecenie RPC.Ping
09:06:26  [strona WWW] polecenie RPC.Ping
09:06:36  [strona WWW] polecenie RPC.Ping
09:06:46  [strona WWW] polecenie RPC.Ping
09:07:06  [strona WWW] polecenie RPC.Ping
09:07:16  [strona WWW] polecenie RPC.Ping
09:07:26  [strona WWW] polecenie RPC.Ping
09:07:26      TMCU: D shelly_tmcu.cpp:598     RX: 0x07 v=3 [0102000400000000] (state Ready)
09:07:36  [strona WWW] polecenie RPC.Ping
09:07:46  [strona WWW] polecenie RPC.Ping
09:07:54      TMCU: D shelly_tmcu.cpp:598     RX: 0x07 v=3 [180200040000001d] (state Ready)
09:08:06  [strona WWW] polecenie RPC.Ping
09:08:16  [strona WWW] polecenie RPC.Ping
09:08:33  [strona WWW] polecenie RPC.Ping
09:08:40  [strona WWW] polecenie RPC.Ping
09:08:51  [strona WWW] polecenie RPC.Ping
09:08:57      TMCU: D shelly_tmcu.cpp:598     RX: 0x07 v=3 [0102000400000000] (state Ready)
09:09:06  [strona WWW] polecenie RPC.Ping
09:09:16  [strona WWW] polecenie RPC.Ping
09:09:26  [strona WWW] polecenie RPC.Ping
09:09:36  [strona WWW] polecenie RPC.Ping
09:09:46  [strona WWW] polecenie RPC.Ping
09:10:06  [strona WWW] polecenie RPC.Ping
09:10:16  [strona WWW] polecenie RPC.Ping
09:10:26  [strona WWW] polecenie RPC.Ping
09:10:27      TMCU: D shelly_tmcu.cpp:598     RX: 0x07 v=3 [0102000400000000] (state Ready)
09:10:37  [strona WWW] polecenie RPC.Ping
09:10:47  [strona WWW] polecenie RPC.Ping
09:11:06  [strona WWW] polecenie RPC.Ping
09:11:16  [strona WWW] polecenie RPC.Ping
09:11:26  [strona WWW] polecenie RPC.Ping
09:11:36  [strona WWW] polecenie RPC.Ping
09:11:46  [strona WWW] polecenie RPC.Ping
09:11:57      TMCU: D shelly_tmcu.cpp:598     RX: 0x07 v=3 [0102000400000000] (state Ready)
09:12:06  [strona WWW] polecenie RPC.Ping
09:12:16  [strona WWW] polecenie RPC.Ping
09:12:26  [strona WWW] polecenie RPC.Ping
09:12:36  [strona WWW] polecenie RPC.Ping
09:12:46  [strona WWW] polecenie RPC.Ping
09:13:06  [strona WWW] polecenie RPC.Ping
09:13:16  [strona WWW] polecenie RPC.Ping
09:13:26  [strona WWW] polecenie RPC.Ping
09:13:27      TMCU: D shelly_tmcu.cpp:598     RX: 0x07 v=3 [0102000400000000] (state Ready)
09:13:36  [strona WWW] polecenie RPC.Ping
09:13:46  [strona WWW] polecenie RPC.Ping
09:14:06  [strona WWW] polecenie RPC.Ping
09:14:14      TMCU: D shelly_tmcu.cpp:598     RX: 0x07 v=3 [180200040000001d] (state Ready)
09:14:16  [strona WWW] polecenie RPC.Ping
09:14:26  [strona WWW] polecenie RPC.Ping
09:14:36  [strona WWW] polecenie RPC.Ping
09:14:46  [strona WWW] polecenie RPC.Ping
09:14:58      TMCU: D shelly_tmcu.cpp:598     RX: 0x07 v=3 [0102000400000000] (state Ready)
09:15:06  [strona WWW] polecenie RPC.Ping
09:15:16  [strona WWW] polecenie RPC.Ping
09:15:26  [strona WWW] polecenie RPC.Ping
09:15:36  [strona WWW] polecenie RPC.Ping
09:15:46  [strona WWW] polecenie RPC.Ping
09:16:06  [strona WWW] polecenie RPC.Ping
09:16:16  [strona WWW] polecenie RPC.Ping
09:16:26  [strona WWW] polecenie RPC.Ping
09:16:28      TMCU: D shelly_tmcu.cpp:598     RX: 0x07 v=3 [0102000400000000] (state Ready)
09:16:36  [strona WWW] polecenie RPC.Ping
09:16:46  [strona WWW] polecenie RPC.Ping
09:17:06  [strona WWW] polecenie RPC.Ping
09:17:16  [strona WWW] polecenie RPC.Ping
09:17:26  [strona WWW] polecenie RPC.Ping
09:17:36  [strona WWW] polecenie RPC.Ping
09:17:46  [strona WWW] polecenie RPC.Ping
09:17:58      TMCU: D shelly_tmcu.cpp:598     RX: 0x07 v=3 [0102000400000000] (state Ready)
09:18:06  [strona WWW] polecenie RPC.Ping
09:18:16  [strona WWW] polecenie RPC.Ping
09:18:26  [strona WWW] polecenie RPC.Ping
09:18:36  [strona WWW] polecenie RPC.Ping
09:18:46  [strona WWW] polecenie RPC.Ping
09:19:06  [strona WWW] polecenie RPC.Ping
09:19:16  [strona WWW] polecenie RPC.Ping
09:19:26  [strona WWW] polecenie RPC.Ping
09:19:28      TMCU: D shelly_tmcu.cpp:598     RX: 0x07 v=3 [0102000400000000] (state Ready)
09:19:36  [strona WWW] polecenie RPC.Ping
09:19:46  [strona WWW] polecenie RPC.Ping
09:20:06  [strona WWW] polecenie RPC.Ping
09:20:16  [strona WWW] polecenie RPC.Ping
09:20:26  [strona WWW] polecenie RPC.Ping
09:20:35      TMCU: D shelly_tmcu.cpp:598     RX: 0x07 v=3 [180200040000001d] (state Ready)
09:20:36  [strona WWW] polecenie RPC.Ping
09:20:46  [strona WWW] polecenie RPC.Ping
09:20:59      TMCU: D shelly_tmcu.cpp:598     RX: 0x07 v=3 [0102000400000000] (state Ready)
09:21:06  [strona WWW] polecenie RPC.Ping
09:21:16  [strona WWW] polecenie RPC.Ping
09:21:26  [strona WWW] polecenie RPC.Ping
09:21:36  [strona WWW] polecenie RPC.Ping
09:21:46  [strona WWW] polecenie RPC.Ping
09:22:06  [strona WWW] polecenie RPC.Ping
09:22:16  [strona WWW] polecenie RPC.Ping
09:22:26  [strona WWW] polecenie RPC.Ping
09:22:29      TMCU: D shelly_tmcu.cpp:598     RX: 0x07 v=3 [0102000400000000] (state Ready)
09:22:37  [strona WWW] polecenie RPC.Ping
09:22:47  [strona WWW] polecenie RPC.Ping
09:23:06  [strona WWW] polecenie RPC.Ping
09:23:16  [strona WWW] polecenie RPC.Ping
09:23:26  [strona WWW] polecenie RPC.Ping
09:23:36  [strona WWW] polecenie RPC.Ping
09:23:47  [strona WWW] polecenie RPC.Ping
09:23:59      TMCU: D shelly_tmcu.cpp:598     RX: 0x07 v=3 [0102000400000000] (state Ready)
09:24:06  [strona WWW] polecenie RPC.Ping
09:24:16  [strona WWW] polecenie RPC.Ping
09:24:26  [strona WWW] polecenie RPC.Ping
09:24:36  [strona WWW] polecenie RPC.Ping
09:24:47  [strona WWW] polecenie RPC.Ping
09:25:06  [strona WWW] polecenie RPC.Ping
09:25:16  [strona WWW] polecenie RPC.Ping
09:25:26  [strona WWW] polecenie RPC.Ping
09:25:29      TMCU: D shelly_tmcu.cpp:598     RX: 0x07 v=3 [0102000400000000] (state Ready)
09:25:36  [strona WWW] polecenie RPC.Ping
09:25:46  [strona WWW] polecenie RPC.Ping
09:26:06  [strona WWW] polecenie RPC.Ping
09:26:16  [strona WWW] polecenie RPC.Ping
09:26:17  !!  E shelly_service.cpp:990  GetConfig -> OK
09:26:26  [strona WWW] polecenie RPC.Ping
09:26:36  [strona WWW] polecenie RPC.Ping
09:26:46  [strona WWW] polecenie RPC.Ping
09:26:56      TMCU: D shelly_tmcu.cpp:598     RX: 0x07 v=3 [180200040000001d] (state Ready)
09:27:00      TMCU: D shelly_tmcu.cpp:598     RX: 0x07 v=3 [0102000400000000] (state Ready)
09:27:06  [strona WWW] polecenie RPC.Ping
09:27:16  [strona WWW] polecenie RPC.Ping
09:27:26  [strona WWW] polecenie RPC.Ping
09:27:36  [strona WWW] polecenie RPC.Ping
09:27:46  [strona WWW] polecenie RPC.Ping
09:28:06  [strona WWW] polecenie RPC.Ping
09:28:16  [strona WWW] polecenie RPC.Ping
09:28:27  [strona WWW] polecenie RPC.Ping
09:28:30      TMCU: D shelly_tmcu.cpp:598     RX: 0x07 v=3 [0102000400000000] (state Ready)
09:28:36  [strona WWW] polecenie RPC.Ping
09:28:46  [strona WWW] polecenie RPC.Ping
09:29:06  [strona WWW] polecenie RPC.Ping
09:29:16  [strona WWW] polecenie RPC.Ping
09:29:26  [strona WWW] polecenie RPC.Ping
09:29:36  [strona WWW] polecenie RPC.Ping
09:29:46  [strona WWW] polecenie RPC.Ping
09:30:00      TMCU: D shelly_tmcu.cpp:598     RX: 0x07 v=3 [0102000400000000] (state Ready)
09:30:06  [strona WWW] polecenie RPC.Ping
09:30:16  [strona WWW] polecenie RPC.Ping
09:30:26  [strona WWW] polecenie RPC.Ping
09:30:36  [strona WWW] polecenie RPC.Ping
09:30:46  [strona WWW] polecenie RPC.Ping
09:31:06  [strona WWW] polecenie RPC.Ping
09:31:16  [strona WWW] polecenie RPC.Ping
09:31:26  [strona WWW] polecenie RPC.Ping
09:31:31      TMCU: D shelly_tmcu.cpp:598     RX: 0x07 v=3 [0102000400000000] (state Ready)
09:31:36  [strona WWW] polecenie RPC.Ping
09:31:46  [strona WWW] polecenie RPC.Ping
09:32:06  [strona WWW] polecenie RPC.Ping
09:32:16  [strona WWW] polecenie RPC.Ping
09:32:26  [strona WWW] polecenie RPC.Ping
09:32:36  [strona WWW] polecenie RPC.Ping
09:32:39      TMCU: D shelly_tmcu.cpp:890     TX: 0x34 v=3 [02ff1a091d09202e02] (Ready)
09:32:49  [strona WWW] polecenie RPC.Ping
09:33:01      TMCU: D shelly_tmcu.cpp:598     RX: 0x07 v=3 [0102000400000000] (state Ready)
09:33:07  [strona WWW] polecenie RPC.Ping
09:33:16  [strona WWW] polecenie RPC.Ping
09:33:17      TMCU: D shelly_tmcu.cpp:598     RX: 0x07 v=3 [180200040000001d] (state Ready)
09:33:26  [strona WWW] polecenie RPC.Ping
09:33:36  [strona WWW] polecenie RPC.Ping
09:33:46  [strona WWW] polecenie RPC.Ping
09:34:06  [strona WWW] polecenie RPC.Ping
09:34:16  [strona WWW] polecenie RPC.Ping
09:34:26  [strona WWW] polecenie RPC.Ping
09:34:31      TMCU: D shelly_tmcu.cpp:598     RX: 0x07 v=3 [0102000400000000] (state Ready)
09:34:36  [strona WWW] polecenie RPC.Ping
09:34:46  [strona WWW] polecenie RPC.Ping
09:35:06  [strona WWW] polecenie RPC.Ping
09:35:16  [strona WWW] polecenie RPC.Ping
09:35:26  [strona WWW] polecenie RPC.Ping
09:35:36  [strona WWW] polecenie RPC.Ping
09:35:46  [strona WWW] polecenie RPC.Ping
09:36:01      TMCU: D shelly_tmcu.cpp:598     RX: 0x07 v=3 [0102000400000000] (state Ready)
09:36:06  [strona WWW] polecenie RPC.Ping
09:36:16  [strona WWW] polecenie RPC.Ping
09:36:26  [strona WWW] polecenie RPC.Ping
09:36:36  [strona WWW] polecenie RPC.Ping
09:36:46  [strona WWW] polecenie RPC.Ping
09:37:06  [strona WWW] polecenie RPC.Ping
09:37:16  [strona WWW] polecenie RPC.Ping
09:37:26  [strona WWW] polecenie RPC.Ping
09:37:32      TMCU: D shelly_tmcu.cpp:598     RX: 0x07 v=3 [0102000400000000] (state Ready)
09:37:36  [strona WWW] polecenie RPC.Ping
09:37:46  [strona WWW] polecenie RPC.Ping
09:38:06  [strona WWW] polecenie RPC.Ping
09:38:16  [strona WWW] polecenie RPC.Ping
09:38:26  [strona WWW] polecenie RPC.Ping
09:38:36  [strona WWW] polecenie RPC.Ping
09:38:46  [strona WWW] polecenie RPC.Ping
09:39:02      TMCU: D shelly_tmcu.cpp:598     RX: 0x07 v=3 [0102000400000000] (state Ready)
09:39:06  [strona WWW] polecenie RPC.Ping
09:39:16  [strona WWW] polecenie RPC.Ping
09:39:27  [strona WWW] polecenie RPC.Ping
09:39:36  [strona WWW] polecenie RPC.Ping
09:39:38      TMCU: D shelly_tmcu.cpp:598     RX: 0x07 v=3 [180200040000001d] (state Ready)
09:39:46  [strona WWW] polecenie RPC.Ping
09:40:06  [strona WWW] polecenie RPC.Ping
09:40:14  Q11: mikrokontroler nie odpowiada (Heartbeat timed out); kolejne takie same pomijam
09:40:14      TMCU: D shelly_tmcu.cpp:79      Tmcu Event 1 (0x3fca0ef8)
09:40:15  Q11: mikrokontroler się odezwał
09:40:15      TMCU: D shelly_tmcu.cpp:598     RX: 0x00 v=3 [01] (state Ready)
09:40:16  [strona WWW] polecenie RPC.Ping
09:40:26  [strona WWW] polecenie RPC.Ping
09:40:32      TMCU: D shelly_tmcu.cpp:598     RX: 0x07 v=3 [0102000400000000] (state Ready)
09:40:37  [strona WWW] polecenie RPC.Ping
09:40:47  [strona WWW] polecenie RPC.Ping
09:41:06  [strona WWW] polecenie RPC.Ping
09:41:16  [strona WWW] polecenie RPC.Ping
09:41:26  [strona WWW] polecenie RPC.Ping
09:41:36  [strona WWW] polecenie RPC.Ping
09:41:46  [strona WWW] polecenie RPC.Ping
09:42:02      TMCU: D shelly_tmcu.cpp:598     RX: 0x07 v=3 [0102000400000000] (state Ready)
09:42:06  [strona WWW] polecenie RPC.Ping
09:42:16  [strona WWW] polecenie RPC.Ping
09:42:26  [strona WWW] polecenie RPC.Ping
09:42:36  [strona WWW] polecenie RPC.Ping
09:42:46  [strona WWW] polecenie RPC.Ping
09:43:06  [strona WWW] polecenie RPC.Ping
09:43:16  [strona WWW] polecenie RPC.Ping
09:43:26  [strona WWW] polecenie RPC.Ping
09:43:33      TMCU: D shelly_tmcu.cpp:598     RX: 0x07 v=3 [0102000400000000] (state Ready)
09:43:36  [strona WWW] polecenie RPC.Ping
09:43:46  [strona WWW] polecenie RPC.Ping
09:44:06  [strona WWW] polecenie RPC.Ping
09:44:16  [strona WWW] polecenie RPC.Ping
09:44:26  [strona WWW] polecenie RPC.Ping
09:44:36  [strona WWW] polecenie RPC.Ping
09:44:46  [strona WWW] polecenie RPC.Ping
09:45:03      TMCU: D shelly_tmcu.cpp:598     RX: 0x07 v=3 [0102000400000000] (state Ready)
09:45:06  [strona WWW] polecenie RPC.Ping
09:45:16  [strona WWW] polecenie RPC.Ping
09:45:26  [strona WWW] polecenie RPC.Ping
09:45:36  [strona WWW] polecenie RPC.Ping
09:45:46  [strona WWW] polecenie RPC.Ping
09:46:36  Log przez Wi-Fi: brak połączenia ([WinError 10054] Istniejące połączenie zostało gwałtownie zamknięte przez zdalnego hosta); ponawiam za 5 s
09:46:41  Log przez Wi-Fi: połączono z 192.168.0.238
09:46:50  [strona WWW] polecenie RPC.Ping
09:47:06  [strona WWW] polecenie RPC.Ping
09:47:16  [strona WWW] polecenie RPC.Ping
09:47:26  [strona WWW] polecenie RPC.Ping
09:47:36  [strona WWW] polecenie RPC.Ping
09:47:46  [strona WWW] polecenie RPC.Ping
09:48:03      TMCU: D shelly_tmcu.cpp:598     RX: 0x07 v=3 [0102000400000000] (state Ready)
09:48:06  [strona WWW] polecenie RPC.Ping
09:48:16  [strona WWW] polecenie RPC.Ping
09:48:26  [strona WWW] polecenie RPC.Ping
09:48:36  [strona WWW] polecenie RPC.Ping
09:48:46  [strona WWW] polecenie RPC.Ping
09:49:06  [strona WWW] polecenie RPC.Ping
09:49:16  [strona WWW] polecenie RPC.Ping
09:49:26  [strona WWW] polecenie RPC.Ping
09:49:34      TMCU: D shelly_tmcu.cpp:598     RX: 0x07 v=3 [0102000400000000] (state Ready)
09:49:36  [strona WWW] polecenie RPC.Ping
09:49:46  [strona WWW] polecenie RPC.Ping
09:50:06  [strona WWW] polecenie RPC.Ping
09:50:16  [strona WWW] polecenie RPC.Ping
09:50:26  [strona WWW] polecenie RPC.Ping
09:50:36  [strona WWW] polecenie RPC.Ping
09:50:46  [strona WWW] polecenie RPC.Ping
09:51:04      TMCU: D shelly_tmcu.cpp:598     RX: 0x07 v=3 [0102000400000000] (state Ready)
09:51:06  [strona WWW] polecenie RPC.Ping
09:51:16  [strona WWW] polecenie RPC.Ping
09:51:26  [strona WWW] polecenie RPC.Ping
09:51:29  [strona WWW] polecenie Service.GetInfo
09:51:30  [strona WWW] polecenie Service.GetResources
09:51:36  [strona WWW] polecenie RPC.Ping
09:51:41  [strona WWW] polecenie Service.GetFile
09:51:41  [strona WWW] polecenie Service.GetFile
09:52:27  Log przez Wi-Fi: brak połączenia (45 s bez żadnego wiersza logu); ponawiam za 5 s
09:52:32  Log przez Wi-Fi: połączono z 192.168.0.238
09:52:33  [strona WWW] polecenie RPC.Ping
09:52:38      TMCU: D shelly_tmcu.cpp:598     RX: 0x07 v=3 [0102000400000000] (state Ready)
09:52:43  [strona WWW] polecenie RPC.Ping
09:53:04  [strona WWW] polecenie RPC.Ping
09:53:14  [strona WWW] polecenie RPC.Ping
09:53:24  [strona WWW] polecenie RPC.Ping
09:53:34  [strona WWW] polecenie RPC.Ping
09:53:44  [strona WWW] polecenie RPC.Ping
09:54:04  [strona WWW] polecenie RPC.Ping
09:54:08      TMCU: D shelly_tmcu.cpp:598     RX: 0x07 v=3 [0102000400000000] (state Ready)
09:54:14  [strona WWW] polecenie RPC.Ping
09:54:24  [strona WWW] polecenie RPC.Ping
09:54:34  [strona WWW] polecenie RPC.Ping
09:54:44  [strona WWW] polecenie RPC.Ping
09:55:03  [strona WWW] polecenie RPC.Ping
09:55:14  [strona WWW] polecenie RPC.Ping
09:55:24  [strona WWW] polecenie RPC.Ping
09:55:34  [strona WWW] polecenie RPC.Ping
09:55:38      TMCU: D shelly_tmcu.cpp:598     RX: 0x07 v=3 [0102000400000000] (state Ready)
09:55:44  [strona WWW] polecenie RPC.Ping
09:56:04  [strona WWW] polecenie RPC.Ping
09:56:14  [strona WWW] polecenie RPC.Ping
09:56:24  [strona WWW] polecenie RPC.Ping
09:56:34  [strona WWW] polecenie RPC.Ping
09:56:44  [strona WWW] polecenie RPC.Ping
09:57:04  [strona WWW] polecenie RPC.Ping
09:57:08      TMCU: D shelly_tmcu.cpp:598     RX: 0x07 v=3 [0102000400000000] (state Ready)
09:57:14  [strona WWW] polecenie RPC.Ping
09:57:24  [strona WWW] polecenie RPC.Ping
09:57:34  [strona WWW] polecenie RPC.Ping
09:57:44  [strona WWW] polecenie RPC.Ping
09:58:04  [strona WWW] polecenie RPC.Ping
09:58:14  [strona WWW] polecenie RPC.Ping
09:58:24  [strona WWW] polecenie RPC.Ping
09:58:34  [strona WWW] polecenie RPC.Ping
09:58:39      TMCU: D shelly_tmcu.cpp:598     RX: 0x07 v=3 [0102000400000000] (state Ready)
09:58:44  [strona WWW] polecenie RPC.Ping
09:58:44      TMCU: D shelly_tmcu.cpp:598     RX: 0x07 v=3 [180200040000001d] (state Ready)
09:59:03  [strona WWW] polecenie RPC.Ping
09:59:14  [strona WWW] polecenie RPC.Ping
09:59:24  [strona WWW] polecenie RPC.Ping
09:59:34  [strona WWW] polecenie RPC.Ping
09:59:44  [strona WWW] polecenie RPC.Ping
10:00:04  [strona WWW] polecenie RPC.Ping
10:00:09      TMCU: D shelly_tmcu.cpp:598     RX: 0x07 v=3 [0102000400000000] (state Ready)
10:00:14  [strona WWW] polecenie RPC.Ping
10:00:24  [strona WWW] polecenie RPC.Ping
10:00:34  [strona WWW] polecenie RPC.Ping
10:00:44  [strona WWW] polecenie RPC.Ping
10:01:03  [strona WWW] polecenie RPC.Ping
10:01:14  [strona WWW] polecenie RPC.Ping
10:01:24  [strona WWW] polecenie RPC.Ping
10:01:34  [strona WWW] polecenie RPC.Ping
10:01:39      TMCU: D shelly_tmcu.cpp:598     RX: 0x07 v=3 [0102000400000000] (state Ready)
10:01:44  [strona WWW] polecenie RPC.Ping
10:01:44  Q11: mikrokontroler nie odpowiada (Heartbeat timed out); kolejne takie same pomijam
10:01:44      TMCU: D shelly_tmcu.cpp:79      Tmcu Event 1 (0x3fca0ef8)
10:01:44      TMCU: D shelly_tmcu.cpp:993     wifi report state is SendRealState
10:01:44      TMCU: D shelly_tmcu.cpp:520     Sending WiFi status 4
10:01:44      TMCU: D shelly_tmcu.cpp:890     TX: 0x03 v=3 [04] (Ready)
10:01:44  Q11: mikrokontroler się odezwał
10:01:44      TMCU: D shelly_tmcu.cpp:598     RX: 0x03 v=3 [] (state Ready)
10:02:04  [strona WWW] polecenie RPC.Ping
10:02:14  [strona WWW] polecenie RPC.Ping
10:02:24  [strona WWW] polecenie RPC.Ping
10:02:34  [strona WWW] polecenie RPC.Ping
10:02:44  [strona WWW] polecenie RPC.Ping
10:03:03  [strona WWW] polecenie RPC.Ping
10:03:10      TMCU: D shelly_tmcu.cpp:598     RX: 0x07 v=3 [0102000400000000] (state Ready)
10:03:14  [strona WWW] polecenie RPC.Ping
10:03:24  [strona WWW] polecenie RPC.Ping
10:03:34  [strona WWW] polecenie RPC.Ping
10:03:44  [strona WWW] polecenie RPC.Ping
10:04:03  [strona WWW] polecenie RPC.Ping
10:04:14  [strona WWW] polecenie RPC.Ping
10:04:24  [strona WWW] polecenie RPC.Ping
10:04:34  [strona WWW] polecenie RPC.Ping
10:04:40      TMCU: D shelly_tmcu.cpp:598     RX: 0x07 v=3 [0102000400000000] (state Ready)
10:04:44  [strona WWW] polecenie RPC.Ping
10:05:04  [strona WWW] polecenie RPC.Ping
10:05:05      TMCU: D shelly_tmcu.cpp:598     RX: 0x07 v=3 [180200040000001d] (state Ready)
10:05:15  [strona WWW] polecenie RPC.Ping
10:05:26  [strona WWW] polecenie RPC.Ping
10:05:37  [strona WWW] polecenie RPC.Ping
10:05:48  [strona WWW] polecenie RPC.Ping
10:06:04  [strona WWW] polecenie RPC.Ping
10:06:10      TMCU: D shelly_tmcu.cpp:598     RX: 0x07 v=3 [0102000400000000] (state Ready)
10:06:15  [strona WWW] polecenie RPC.Ping
10:06:26  [strona WWW] polecenie RPC.Ping
10:06:37  [strona WWW] polecenie RPC.Ping
10:06:48  [strona WWW] polecenie RPC.Ping
10:07:04  [strona WWW] polecenie RPC.Ping
10:07:15  [strona WWW] polecenie RPC.Ping
10:07:26  [strona WWW] polecenie RPC.Ping
10:07:37  [strona WWW] polecenie RPC.Ping
10:07:40      TMCU: D shelly_tmcu.cpp:598     RX: 0x07 v=3 [0102000400000000] (state Ready)
10:07:48  [strona WWW] polecenie RPC.Ping
10:08:04  [strona WWW] polecenie RPC.Ping
10:08:15  [strona WWW] polecenie RPC.Ping
10:08:26  [strona WWW] polecenie RPC.Ping
10:08:37  [strona WWW] polecenie RPC.Ping
10:08:48  [strona WWW] polecenie RPC.Ping
10:09:04  [strona WWW] polecenie RPC.Ping
10:09:11      TMCU: D shelly_tmcu.cpp:598     RX: 0x07 v=3 [0102000400000000] (state Ready)
10:09:15  [strona WWW] polecenie RPC.Ping
10:09:26  [strona WWW] polecenie RPC.Ping
10:09:37  [strona WWW] polecenie RPC.Ping
10:09:48  [strona WWW] polecenie RPC.Ping
10:10:04  [strona WWW] polecenie RPC.Ping
10:10:15  [strona WWW] polecenie RPC.Ping
10:10:26  [strona WWW] polecenie RPC.Ping
10:10:37  [strona WWW] polecenie RPC.Ping
10:10:41      TMCU: D shelly_tmcu.cpp:598     RX: 0x07 v=3 [0102000400000000] (state Ready)
10:10:48  [strona WWW] polecenie RPC.Ping
10:11:04  [strona WWW] polecenie RPC.Ping
10:11:15  [strona WWW] polecenie RPC.Ping
10:11:26  [strona WWW] polecenie RPC.Ping
10:11:26      TMCU: D shelly_tmcu.cpp:598     RX: 0x07 v=3 [180200040000001d] (state Ready)
10:11:37  [strona WWW] polecenie RPC.Ping
10:11:48  [strona WWW] polecenie RPC.Ping
10:12:04  [strona WWW] polecenie RPC.Ping
10:12:11      TMCU: D shelly_tmcu.cpp:598     RX: 0x07 v=3 [0102000400000000] (state Ready)
10:12:15  [strona WWW] polecenie RPC.Ping
10:12:26  [strona WWW] polecenie RPC.Ping
10:12:37  [strona WWW] polecenie RPC.Ping
10:12:48  [strona WWW] polecenie RPC.Ping
10:13:04  [strona WWW] polecenie RPC.Ping
10:13:15  [strona WWW] polecenie RPC.Ping
10:13:26  [strona WWW] polecenie RPC.Ping
10:13:37  [strona WWW] polecenie RPC.Ping
10:13:41      TMCU: D shelly_tmcu.cpp:598     RX: 0x07 v=3 [0102000400000000] (state Ready)
10:13:48  [strona WWW] polecenie RPC.Ping
10:14:04  [strona WWW] polecenie RPC.Ping
10:14:15  [strona WWW] polecenie RPC.Ping
10:14:26  [strona WWW] polecenie RPC.Ping
10:14:37  [strona WWW] polecenie RPC.Ping
10:14:48  [strona WWW] polecenie RPC.Ping
10:15:04  [strona WWW] polecenie RPC.Ping
10:15:12      TMCU: D shelly_tmcu.cpp:598     RX: 0x07 v=3 [0102000400000000] (state Ready)
10:15:15  [strona WWW] polecenie RPC.Ping
10:15:26  [strona WWW] polecenie RPC.Ping
10:15:37  [strona WWW] polecenie RPC.Ping
10:15:48  [strona WWW] polecenie RPC.Ping
10:16:04  [strona WWW] polecenie RPC.Ping
10:16:15  [strona WWW] polecenie RPC.Ping
10:16:26  [strona WWW] polecenie RPC.Ping
10:16:37  [strona WWW] polecenie RPC.Ping
10:16:42      TMCU: D shelly_tmcu.cpp:598     RX: 0x07 v=3 [0102000400000000] (state Ready)
10:16:48  [strona WWW] polecenie RPC.Ping
10:17:04  [strona WWW] polecenie RPC.Ping
10:17:15  [strona WWW] polecenie RPC.Ping
10:17:26  [strona WWW] polecenie RPC.Ping
10:17:37  [strona WWW] polecenie RPC.Ping
10:17:47      TMCU: D shelly_tmcu.cpp:598     RX: 0x07 v=3 [180200040000001e] (state Ready)
10:17:47      TMCU: D shelly_tmcu.cpp:860     upd int 24 = 30
10:17:47      TMCU: D shelly_tmcu.cpp:79      Tmcu Event 4 (0x3fca0d80)
10:17:48  [strona WWW] polecenie RPC.Ping
10:18:04  [strona WWW] polecenie RPC.Ping
10:18:12      TMCU: D shelly_tmcu.cpp:598     RX: 0x07 v=3 [0102000400000000] (state Ready)
10:18:15  [strona WWW] polecenie RPC.Ping
10:18:26  [strona WWW] polecenie RPC.Ping
10:18:37  [strona WWW] polecenie RPC.Ping
10:18:48  [strona WWW] polecenie RPC.Ping
10:19:04  [strona WWW] polecenie RPC.Ping
10:19:15  [strona WWW] polecenie RPC.Ping
10:19:26  [strona WWW] polecenie RPC.Ping
10:19:31      TMCU: D shelly_tmcu.cpp:890     TX: 0x34 v=3 [02ff1a091d0a132702] (Ready)
10:19:42  [strona WWW] polecenie RPC.Ping
10:19:43      TMCU: D shelly_tmcu.cpp:598     RX: 0x07 v=3 [0102000400000000] (state Ready)
10:19:54  [strona WWW] polecenie RPC.Ping
10:20:04  [strona WWW] polecenie RPC.Ping
10:20:15  [strona WWW] polecenie RPC.Ping
10:20:26  [strona WWW] polecenie RPC.Ping
10:20:37  [strona WWW] polecenie RPC.Ping
10:20:48  [strona WWW] polecenie RPC.Ping
10:21:04  [strona WWW] polecenie RPC.Ping
10:21:13      TMCU: D shelly_tmcu.cpp:598     RX: 0x07 v=3 [0102000400000000] (state Ready)
10:21:15  [strona WWW] polecenie RPC.Ping
10:21:26  [strona WWW] polecenie RPC.Ping
10:21:37  [strona WWW] polecenie RPC.Ping
10:21:48  [strona WWW] polecenie RPC.Ping
10:22:04  [strona WWW] polecenie RPC.Ping
10:22:15  [strona WWW] polecenie RPC.Ping
10:22:26  [strona WWW] polecenie RPC.Ping
10:22:37  [strona WWW] polecenie RPC.Ping
10:22:43      TMCU: D shelly_tmcu.cpp:598     RX: 0x07 v=3 [0102000400000000] (state Ready)
10:22:48  [strona WWW] polecenie RPC.Ping
10:23:04  [strona WWW] polecenie RPC.Ping
10:23:15  [strona WWW] polecenie RPC.Ping
10:23:26  [strona WWW] polecenie RPC.Ping
10:23:37  [strona WWW] polecenie RPC.Ping
10:23:48  [strona WWW] polecenie RPC.Ping
10:24:04  [strona WWW] polecenie RPC.Ping
10:24:08      TMCU: D shelly_tmcu.cpp:598     RX: 0x07 v=3 [180200040000001e] (state Ready)
10:24:13      TMCU: D shelly_tmcu.cpp:598     RX: 0x07 v=3 [0102000400000000] (state Ready)
10:24:15  [strona WWW] polecenie RPC.Ping
10:24:26  [strona WWW] polecenie RPC.Ping
10:24:37  [strona WWW] polecenie RPC.Ping
10:24:48  [strona WWW] polecenie RPC.Ping
10:25:04  [strona WWW] polecenie RPC.Ping
10:25:15  [strona WWW] polecenie RPC.Ping
10:25:26  [strona WWW] polecenie RPC.Ping
10:25:34  [strona WWW] strona DevKitu została otwarta
10:25:35  [strona WWW] polecenie RPC.Ping
10:25:37  [strona WWW] polecenie BLE.ListPairedDevices
10:25:37  [strona WWW] polecenie service.GetResources
10:25:38  [strona WWW] polecenie service.GetInfo
10:25:39  [strona WWW] polecenie RPC.Ping
10:25:40  [strona WWW] polecenie Webhook.ListAllSupported
10:25:44      TMCU: D shelly_tmcu.cpp:598     RX: 0x07 v=3 [0102000400000000] (state Ready)
10:25:48  [strona WWW] polecenie RPC.Ping
10:25:50  [strona WWW] polecenie RPC.Ping
10:26:04  [strona WWW] polecenie RPC.Ping
10:26:04  [strona WWW] polecenie RPC.Ping
10:26:15  [strona WWW] polecenie RPC.Ping
10:26:15  [strona WWW] polecenie RPC.Ping
10:26:26  [strona WWW] polecenie RPC.Ping
10:26:37  [strona WWW] polecenie RPC.Ping
10:26:48  [strona WWW] polecenie RPC.Ping
10:27:04  [strona WWW] polecenie RPC.Ping
10:27:14      TMCU: D shelly_tmcu.cpp:598     RX: 0x07 v=3 [0102000400000000] (state Ready)
10:27:15  [strona WWW] polecenie RPC.Ping
10:27:26  [strona WWW] polecenie RPC.Ping
10:27:32  !!  E hos_http_server.cpp:406 192.168.0.57:64381: No handler for '/q11-wgranie'
10:27:32  !!  E hos_http_server.cpp:406 192.168.0.57:55759: No handler for '/favicon.ico'
10:27:37  [strona WWW] polecenie RPC.Ping
10:27:48  [strona WWW] polecenie RPC.Ping
10:28:04  [strona WWW] polecenie RPC.Ping
10:28:15  [strona WWW] polecenie RPC.Ping
10:28:26  [strona WWW] polecenie RPC.Ping
10:28:37  [strona WWW] polecenie RPC.Ping
10:28:44      TMCU: D shelly_tmcu.cpp:598     RX: 0x07 v=3 [0102000400000000] (state Ready)
10:28:48  [strona WWW] polecenie RPC.Ping
10:29:04  [strona WWW] polecenie RPC.Ping
10:29:15  [strona WWW] polecenie RPC.Ping
10:29:26  [strona WWW] polecenie RPC.Ping
10:29:37  [strona WWW] polecenie RPC.Ping
10:29:48  [strona WWW] polecenie RPC.Ping
10:30:04  [strona WWW] polecenie RPC.Ping
10:30:14      TMCU: D shelly_tmcu.cpp:598     RX: 0x07 v=3 [0102000400000000] (state Ready)
10:30:15  [strona WWW] polecenie RPC.Ping
10:30:26  [strona WWW] polecenie RPC.Ping
10:30:29      TMCU: D shelly_tmcu.cpp:598     RX: 0x07 v=3 [180200040000001e] (state Ready)
10:30:37  [strona WWW] polecenie RPC.Ping
10:30:48  [strona WWW] polecenie RPC.Ping
10:31:04  [strona WWW] polecenie RPC.Ping
10:31:15  [strona WWW] polecenie RPC.Ping
10:31:26  [strona WWW] polecenie RPC.Ping
10:31:37  [strona WWW] polecenie RPC.Ping
10:31:45      TMCU: D shelly_tmcu.cpp:598     RX: 0x07 v=3 [0102000400000000] (state Ready)
10:31:48  [strona WWW] polecenie RPC.Ping
10:32:02  [strona WWW] polecenie Service.PutFile
10:32:03  [strona WWW] polecenie Service.PutFile
10:32:03  [strona WWW] polecenie Service.PutFile
10:32:04  [strona WWW] polecenie Service.PutFile
10:32:04  [strona WWW] polecenie RPC.Ping
10:32:06  [strona WWW] polecenie Service.PutFile
10:32:09  [strona WWW] polecenie Service.PutFile
10:32:09  [strona WWW] polecenie Service.PutFile
10:32:12  [strona WWW] polecenie Service.PutFile
10:32:13  [strona WWW] polecenie Service.PutFile
10:32:14  [strona WWW] polecenie Service.PutFile
10:32:39      usługa: I shelly_service.cpp:483  service:0: state running -> terminated; ntf? 1
10:33:32  Log przez Wi-Fi: brak połączenia (45 s bez żadnego wiersza logu); ponawiam za 5 s
10:33:37  Log przez Wi-Fi: połączono z 192.168.0.238
10:33:37  [strona WWW] polecenie RPC.Ping
10:33:48  [strona WWW] polecenie RPC.Ping
10:33:59  [strona WWW] polecenie RPC.Ping
10:34:15  [strona WWW] polecenie RPC.Ping
10:34:26  [strona WWW] polecenie RPC.Ping
10:34:37  [strona WWW] polecenie RPC.Ping
10:34:44      TMCU: D shelly_tmcu.cpp:890     TX: 0x06 v=3 [1300000431363030] (Ready)
10:34:44      TMCU: D shelly_tmcu.cpp:938     response to 07 timed out after 0.3178 s
10:34:44      TMCU: D shelly_tmcu.cpp:890     TX: 0x06 v=3 [1300000431363030] (Ready)
10:34:44      TMCU: D shelly_tmcu.cpp:938     response to 07 timed out after 0.5733 s
10:34:44      TMCU: D shelly_tmcu.cpp:890     TX: 0x06 v=3 [1300000431363030] (Ready)
10:34:45      TMCU: D shelly_tmcu.cpp:938     response to 07 timed out after 0.3036 s
10:34:45      TMCU: D shelly_tmcu.cpp:890     TX: 0x06 v=3 [1300000431363030] (Ready)
10:34:45      TMCU: D shelly_tmcu.cpp:938     response to 07 timed out after 0.3037 s
10:34:45      TMCU: D shelly_tmcu.cpp:890     TX: 0x06 v=3 [1300000431363030] (Ready)
10:34:45      TMCU: D shelly_tmcu.cpp:938     response to 07 timed out after 0.3036 s
10:34:45      TMCU: D shelly_tmcu.cpp:890     TX: 0x06 v=3 [1300000431363030] (Ready)
10:34:45      TMCU: D shelly_tmcu.cpp:938     response to 07 timed out after 0.3036 s
10:34:45      TMCU: D shelly_tmcu.cpp:890     TX: 0x06 v=3 [1300000431363036] (Ready)
10:34:46      TMCU: D shelly_tmcu.cpp:938     response to 07 timed out after 0.3036 s
10:34:46      TMCU: D shelly_tmcu.cpp:890     TX: 0x06 v=3 [1300000431363036] (Ready)
10:34:46      TMCU: D shelly_tmcu.cpp:938     response to 07 timed out after 0.4950 s
10:34:46      TMCU: D shelly_tmcu.cpp:890     TX: 0x06 v=3 [1300000431363036] (Ready)
10:34:47      TMCU: D shelly_tmcu.cpp:938     response to 07 timed out after 0.3036 s
10:34:47      TMCU: D shelly_tmcu.cpp:890     TX: 0x06 v=3 [1300000431363036] (Ready)
10:34:47      TMCU: D shelly_tmcu.cpp:938     response to 07 timed out after 0.4211 s
10:34:47      TMCU: D shelly_tmcu.cpp:890     TX: 0x06 v=3 [1300000431363036] (Ready)
10:34:47      TMCU: D shelly_tmcu.cpp:938     response to 07 timed out after 0.3036 s
10:34:47      TMCU: D shelly_tmcu.cpp:890     TX: 0x06 v=3 [1300000431363036] (Ready)
10:34:48      TMCU: D shelly_tmcu.cpp:938     response to 07 timed out after 0.3036 s
10:34:49      TMCU: D shelly_tmcu.cpp:598     RX: 0x07 v=3 [0102000400000000] (state Ready)
10:34:55  [strona WWW] polecenie RPC.Ping
10:35:15  [strona WWW] polecenie RPC.Ping
10:35:26  [strona WWW] polecenie RPC.Ping
10:35:37  [strona WWW] polecenie RPC.Ping
10:35:48  [strona WWW] polecenie RPC.Ping
10:35:59  [strona WWW] polecenie RPC.Ping
10:36:15  [strona WWW] polecenie RPC.Ping
10:36:19      TMCU: D shelly_tmcu.cpp:598     RX: 0x07 v=3 [0102000400000000] (state Ready)
10:36:26  [strona WWW] polecenie RPC.Ping
10:36:37  [strona WWW] polecenie RPC.Ping
10:36:48  [strona WWW] polecenie RPC.Ping
10:36:53      TMCU: D shelly_tmcu.cpp:598     RX: 0x07 v=3 [180200040000001e] (state Ready)
10:36:59  [strona WWW] polecenie RPC.Ping
10:37:15  [strona WWW] polecenie RPC.Ping
10:37:26  [strona WWW] polecenie RPC.Ping
10:37:37  [strona WWW] polecenie RPC.Ping
10:37:48  [strona WWW] polecenie RPC.Ping
10:37:49      TMCU: D shelly_tmcu.cpp:598     RX: 0x07 v=3 [0102000400000000] (state Ready)
10:37:59  [strona WWW] polecenie RPC.Ping
10:38:06  !!  E hos_http_server.cpp:406 192.168.0.57:57313: No handler for '/q11-wgranie'
10:38:06  !!  E hos_http_server.cpp:406 192.168.0.57:50138: No handler for '/favicon.ico'
10:38:15  [strona WWW] polecenie RPC.Ping
10:38:26  [strona WWW] polecenie RPC.Ping
10:38:37  [strona WWW] polecenie RPC.Ping
10:38:48  [strona WWW] polecenie RPC.Ping
10:38:53  [strona WWW] polecenie Service.PutFile
10:38:54  [strona WWW] polecenie Service.PutFile
10:38:55  [strona WWW] polecenie Service.PutFile
10:38:56  [strona WWW] polecenie Service.PutFile
10:38:57  [strona WWW] polecenie Service.PutFile
10:38:58  [strona WWW] polecenie Service.PutFile
10:38:59  [strona WWW] polecenie Service.PutFile
10:38:59  [strona WWW] polecenie RPC.Ping
10:39:01  [strona WWW] polecenie Service.PutFile
10:39:04  [strona WWW] polecenie Service.PutFile
10:39:04  [strona WWW] polecenie Service.PutFile
10:39:05  [strona WWW] polecenie Service.PutFile
10:39:50  Log przez Wi-Fi: brak połączenia (45 s bez żadnego wiersza logu); ponawiam za 5 s
10:40:05  Log przez Wi-Fi: brak połączenia (timed out); ponawiam za 5 s
10:40:11  Log przez Wi-Fi: połączono z 192.168.0.238
10:40:12  [strona WWW] polecenie BLE.ListPairedDevices
10:40:12  [strona WWW] polecenie service.GetResources
10:40:14  [strona WWW] polecenie service.GetInfo
10:40:19  [strona WWW] strona DevKitu została otwarta
10:40:25  [strona WWW] polecenie RPC.Ping
10:40:28      TMCU: D shelly_tmcu.cpp:890     TX: 0x06 v=3 [130000021600] (Ready)
10:40:29      TMCU: D shelly_tmcu.cpp:938     response to 07 timed out after 0.3341 s
10:40:29      TMCU: D shelly_tmcu.cpp:890     TX: 0x06 v=3 [130000021600] (Ready)
10:40:29      TMCU: D shelly_tmcu.cpp:890     TX: 0x06 v=3 [130000021606] (Ready)
10:40:31  !!  W shelly_espruino.cpp:277 JS Error [9] error Error in EjsCall used=1439 peak=1500 total=1440
10:40:31      usługa: W shelly_service.cpp:732  Service.HandleError (service:0) [9] error Error in EjsCall
10:40:33      TMCU: D shelly_tmcu.cpp:938     response to 07 timed out after 1.5421 s
10:40:33      TMCU: D shelly_tmcu.cpp:890     TX: 0x06 v=3 [130000021606] (Ready)
10:40:33      TMCU: D shelly_tmcu.cpp:598     RX: 0x07 v=3 [0700000700000000000000] (state Ready)
10:40:33      TMCU: D shelly_tmcu.cpp:598     RX: 0x07 v=3 [0800000700000000000000] (state Ready)
10:40:33      TMCU: D shelly_tmcu.cpp:598     RX: 0x07 v=3 [0902000400000000] (state Ready)
10:40:33      TMCU: D shelly_tmcu.cpp:598     RX: 0x07 v=3 [130000021606] (state Ready)
10:40:33      TMCU: D shelly_tmcu.cpp:598     RX: 0x07 v=3 [0e04000102] (state Ready)
10:40:33      TMCU: D shelly_tmcu.cpp:890     TX: 0x06 v=3 [130000021600] (Ready)
10:40:33      TMCU: D shelly_tmcu.cpp:598     RX: 0x07 v=3 [130000021606] (state Ready)
10:40:33      TMCU: D shelly_tmcu.cpp:598     RX: 0x07 v=3 [0102000400000000] (state Ready)
10:40:44      usługa: I shelly_service.cpp:459  service:0: Running!
10:40:45  [strona WWW] polecenie RPC.Ping
10:40:55  [strona WWW] polecenie RPC.Ping
10:40:58      TMCU: D shelly_tmcu.cpp:598     RX: 0x07 v=3 [0600000700000000000000] (state Ready)
10:40:58      TMCU: D shelly_tmcu.cpp:598     RX: 0x07 v=3 [0700000700000000000000] (state Ready)
10:40:58      TMCU: D shelly_tmcu.cpp:598     RX: 0x07 v=3 [0800000700000000000000] (state Ready)
10:40:58      TMCU: D shelly_tmcu.cpp:598     RX: 0x07 v=3 [0902000400000000] (state Ready)
10:41:06  [strona WWW] polecenie RPC.Ping
10:41:17  [strona WWW] polecenie RPC.Ping
10:41:28  [strona WWW] polecenie RPC.Ping
10:41:33      TMCU: D shelly_tmcu.cpp:890     TX: 0x06 v=3 [130000020006] (Ready)
10:41:33      TMCU: D shelly_tmcu.cpp:938     response to 07 timed out after 0.3649 s
10:41:33      TMCU: D shelly_tmcu.cpp:890     TX: 0x06 v=3 [130000020006] (Ready)
10:41:34      TMCU: D shelly_tmcu.cpp:598     RX: 0x07 v=3 [0e04000102] (state Ready)
10:41:34      TMCU: D shelly_tmcu.cpp:598     RX: 0x07 v=3 [130000020006] (state Ready)
10:41:34      TMCU: D shelly_tmcu.cpp:598     RX: 0x07 v=3 [0e04000102] (state Ready)
10:41:35      TMCU: D shelly_tmcu.cpp:890     TX: 0x06 v=3 [130000020000] (Ready)
10:41:36      TMCU: D shelly_tmcu.cpp:598     RX: 0x07 v=3 [130000020006] (state Ready)
10:41:36      TMCU: D shelly_tmcu.cpp:890     TX: 0x06 v=3 [130000020006] (Ready)
10:41:36      TMCU: D shelly_tmcu.cpp:598     RX: 0x07 v=3 [0e04000102] (state Ready)
10:41:37  !!  W shelly_espruino.cpp:277 JS Error [9] error Error in EjsCall used=1480 peak=1541 total=1481
10:41:37      TMCU: D shelly_tmcu.cpp:938     response to 07 timed out after 1.5858 s
10:41:37      TMCU: D shelly_tmcu.cpp:890     TX: 0x08 v=3 [] (Ready)
10:41:38      TMCU: D shelly_tmcu.cpp:598     RX: 0x07 v=3 [0304000103] (state Ready)
10:41:38      TMCU: D shelly_tmcu.cpp:598     RX: 0x07 v=3 [040200040000000e] (state Ready)
10:41:38      TMCU: D shelly_tmcu.cpp:598     RX: 0x07 v=3 [0600000700000000000000] (state Ready)
10:41:38      TMCU: D shelly_tmcu.cpp:598     RX: 0x07 v=3 [0700000700000000000000] (state Ready)
10:41:38      TMCU: D shelly_tmcu.cpp:598     RX: 0x07 v=3 [0800000700000000000000] (state Ready)
10:41:38      TMCU: D shelly_tmcu.cpp:598     RX: 0x07 v=3 [0902000400000000] (state Ready)
10:41:38      TMCU: D shelly_tmcu.cpp:598     RX: 0x07 v=3 [0a0500020000] (state Ready)
10:41:38      TMCU: D shelly_tmcu.cpp:598     RX: 0x07 v=3 [0e04000102] (state Ready)
10:41:38      TMCU: D shelly_tmcu.cpp:598     RX: 0x07 v=3 [1201000101] (state Ready)
10:41:38      TMCU: D shelly_tmcu.cpp:598     RX: 0x07 v=3 [130000020006] (state Ready)
10:41:38      TMCU: D shelly_tmcu.cpp:598     RX: 0x07 v=3 [180200040000001e] (state Ready)
10:41:38      TMCU: D shelly_tmcu.cpp:598     RX: 0x07 v=3 [0d04000104] (state Ready)
10:41:49      usługa: I shelly_service.cpp:459  service:0: Running!
10:41:49  [strona WWW] polecenie RPC.Ping
10:41:50      TMCU: D shelly_tmcu.cpp:890     TX: 0x06 v=3 [0e04000100] (Ready)
10:41:51      TMCU: D shelly_tmcu.cpp:79      Tmcu Event 4 (0x3fca0d80)
10:41:51      TMCU: D shelly_tmcu.cpp:598     RX: 0x07 v=3 [0e04000100] (state Ready)
10:41:53  Q11: mikrokontroler nie odpowiada (Heartbeat timed out); kolejne takie same pomijam
10:41:53      TMCU: D shelly_tmcu.cpp:79      Tmcu Event 1 (0x3fca0ef8)
10:41:54  Q11: mikrokontroler się odezwał
10:41:54      TMCU: D shelly_tmcu.cpp:598     RX: 0x07 v=3 [0700000700000000000000] (state Ready)
10:41:54      TMCU: D shelly_tmcu.cpp:598     RX: 0x07 v=3 [0800000700000000000000] (state Ready)
10:41:54      TMCU: D shelly_tmcu.cpp:598     RX: 0x07 v=3 [0902000400000000] (state Ready)
10:42:06  [strona WWW] polecenie RPC.Ping
10:42:17  [strona WWW] polecenie RPC.Ping
10:42:26      TMCU: D shelly_tmcu.cpp:598     RX: 0x07 v=3 [0102000400000000] (state Ready)
10:42:28  [strona WWW] polecenie RPC.Ping
10:42:39  [strona WWW] polecenie RPC.Ping
10:42:58  [strona WWW] polecenie RPC.Ping
10:43:09  [strona WWW] polecenie RPC.Ping
10:43:20      TMCU: D shelly_tmcu.cpp:598     RX: 0x07 v=3 [180200040000001d] (state Ready)
10:43:20      TMCU: D shelly_tmcu.cpp:860     upd int 24 = 29
10:43:20      TMCU: D shelly_tmcu.cpp:79      Tmcu Event 4 (0x3fca0d80)
10:43:20  [strona WWW] polecenie RPC.Ping
10:43:31  [strona WWW] polecenie RPC.Ping
10:43:42  [strona WWW] polecenie RPC.Ping
10:43:56      TMCU: D shelly_tmcu.cpp:598     RX: 0x07 v=3 [0102000400000000] (state Ready)
10:43:58  [strona WWW] polecenie RPC.Ping
10:44:09  [strona WWW] polecenie RPC.Ping
10:44:20  [strona WWW] polecenie RPC.Ping
10:44:31  [strona WWW] polecenie RPC.Ping
10:44:42  [strona WWW] polecenie RPC.Ping
10:44:58  [strona WWW] polecenie RPC.Ping
10:45:09  [strona WWW] polecenie RPC.Ping
10:45:17  !!  E hos_http_server.cpp:406 192.168.0.57:59766: No handler for '/q11-wgranie'
10:45:17  !!  E hos_http_server.cpp:406 192.168.0.57:54320: No handler for '/favicon.ico'
10:45:20  [strona WWW] polecenie RPC.Ping
10:45:26      TMCU: D shelly_tmcu.cpp:598     RX: 0x07 v=3 [0102000400000000] (state Ready)
10:45:31  [strona WWW] polecenie RPC.Ping
10:45:37  [strona WWW] polecenie Service.PutFile
10:45:39  [strona WWW] polecenie Service.PutFile
10:45:39  [strona WWW] polecenie Service.PutFile
10:45:41  [strona WWW] polecenie Service.PutFile
10:45:43  [strona WWW] polecenie Service.PutFile
10:45:43  [strona WWW] polecenie Service.PutFile
10:45:43  [strona WWW] polecenie RPC.Ping
10:45:44  [strona WWW] polecenie Service.PutFile
10:45:46  [strona WWW] polecenie Service.PutFile
10:45:48  [strona WWW] polecenie Service.PutFile
10:46:36  Log przez Wi-Fi: brak połączenia (45 s bez żadnego wiersza logu); ponawiam za 5 s
10:46:49  Log przez Wi-Fi: połączono z 192.168.0.238
10:46:50      TMCU: D shelly_tmcu.cpp:890     TX: 0x34 v=3 [02ff1a091d0a2e3902] (Ready)
10:46:56  [strona WWW] polecenie BLE.ListPairedDevices
10:46:56  [strona WWW] polecenie service.GetResources
10:46:58  [strona WWW] polecenie service.GetInfo
10:47:00  [strona WWW] polecenie Webhook.ListAllSupported
10:47:00      TMCU: D shelly_tmcu.cpp:598     RX: 0x07 v=3 [0102000400000000] (state Ready)
10:47:09  [strona WWW] strona DevKitu została otwarta
10:47:21  [strona WWW] polecenie RPC.Ping
10:47:32  [strona WWW] polecenie RPC.Ping
10:47:51  [strona WWW] polecenie RPC.Ping
10:48:02  [strona WWW] polecenie RPC.Ping
10:48:13  [strona WWW] polecenie RPC.Ping
10:48:24  [strona WWW] polecenie RPC.Ping
10:48:30      TMCU: D shelly_tmcu.cpp:598     RX: 0x07 v=3 [0102000400000000] (state Ready)
10:48:35  [strona WWW] polecenie RPC.Ping
10:48:51  [strona WWW] polecenie RPC.Ping
10:49:02  [strona WWW] polecenie RPC.Ping
10:49:13  [strona WWW] polecenie RPC.Ping
10:49:24  [strona WWW] polecenie RPC.Ping
10:49:31      TMCU: D shelly_tmcu.cpp:598     RX: 0x07 v=3 [0102000400000000] (state Ready)
10:49:42  [strona WWW] polecenie RPC.Ping
10:49:45      TMCU: D shelly_tmcu.cpp:598     RX: 0x07 v=3 [0600000700000000000000] (state Ready)
10:49:45      TMCU: D shelly_tmcu.cpp:598     RX: 0x07 v=3 [0700000700000000000000] (state Ready)
10:49:45      TMCU: D shelly_tmcu.cpp:598     RX: 0x07 v=3 [0800000700000000000000] (state Ready)
10:49:45      TMCU: D shelly_tmcu.cpp:598     RX: 0x07 v=3 [0902000400000000] (state Ready)
10:49:45      TMCU: D shelly_tmcu.cpp:598     RX: 0x07 v=3 [180200040000001d] (state Ready)
10:49:53  [strona WWW] polecenie RPC.Ping
10:50:04  [strona WWW] polecenie RPC.Ping
10:50:15  [strona WWW] polecenie RPC.Ping
10:50:26  [strona WWW] polecenie RPC.Ping
10:50:37  [strona WWW] polecenie RPC.Ping
10:50:48  [strona WWW] polecenie RPC.Ping
10:50:59  [strona WWW] polecenie RPC.Ping
10:51:10  [strona WWW] polecenie RPC.Ping
10:51:21  [strona WWW] polecenie RPC.Ping
10:51:32  [strona WWW] polecenie RPC.Ping
10:51:43  [strona WWW] polecenie RPC.Ping
10:51:54  [strona WWW] polecenie RPC.Ping
10:52:05  [strona WWW] polecenie RPC.Ping
10:52:16  [strona WWW] polecenie RPC.Ping
10:52:27  [strona WWW] polecenie RPC.Ping
10:52:37  [strona WWW] polecenie RPC.Ping
10:52:47  [strona WWW] polecenie RPC.Ping
10:52:57  [strona WWW] polecenie RPC.Ping
10:53:07  [strona WWW] polecenie RPC.Ping
10:53:17  [strona WWW] polecenie RPC.Ping
10:53:27  [strona WWW] polecenie RPC.Ping
10:53:37  [strona WWW] polecenie RPC.Ping
10:53:48  [strona WWW] polecenie RPC.Ping
10:53:58  [strona WWW] polecenie RPC.Ping
10:54:08  [strona WWW] polecenie RPC.Ping
10:54:18  [strona WWW] polecenie RPC.Ping
10:54:28  [strona WWW] polecenie RPC.Ping
10:54:38  [strona WWW] polecenie RPC.Ping
10:54:46  Q11: mikrokontroler nie odpowiada (Heartbeat timed out); kolejne takie same pomijam
10:54:46      TMCU: D shelly_tmcu.cpp:79      Tmcu Event 1 (0x3fca0ef8)
10:54:47  Q11: mikrokontroler się odezwał
10:54:47      TMCU: D shelly_tmcu.cpp:598     RX: 0x00 v=3 [01] (state Ready)
10:54:48  [strona WWW] polecenie RPC.Ping
10:54:58  [strona WWW] polecenie RPC.Ping
10:55:08  [strona WWW] polecenie RPC.Ping
10:55:18  [strona WWW] polecenie RPC.Ping
10:55:28  [strona WWW] polecenie RPC.Ping
10:55:39  [strona WWW] polecenie RPC.Ping
10:55:50  [strona WWW] polecenie RPC.Ping
10:56:01  [strona WWW] polecenie RPC.Ping
10:56:06      TMCU: D shelly_tmcu.cpp:860     upd int 24 = 27
10:56:06      TMCU: D shelly_tmcu.cpp:79      Tmcu Event 4 (0x3fca0d80)
10:56:07  Q11: mikrokontroler nie odpowiada (Heartbeat timed out); kolejne takie same pomijam
10:56:07      TMCU: D shelly_tmcu.cpp:79      Tmcu Event 1 (0x3fca0ef8)
10:56:08  Q11: mikrokontroler się odezwał
10:56:08      TMCU: D shelly_tmcu.cpp:598     RX: 0x00 v=3 [01] (state Ready)
10:56:17  [strona WWW] polecenie RPC.Ping
10:56:28  [strona WWW] polecenie RPC.Ping
10:56:39  [strona WWW] polecenie RPC.Ping
10:56:50  [strona WWW] polecenie RPC.Ping
10:57:01  [strona WWW] polecenie RPC.Ping
10:57:12  [strona WWW] polecenie RPC.Ping
10:57:23  [strona WWW] polecenie RPC.Ping
10:57:34  [strona WWW] polecenie RPC.Ping
10:57:45  [strona WWW] polecenie RPC.Ping
10:57:56  [strona WWW] polecenie RPC.Ping
10:58:07  [strona WWW] polecenie RPC.Ping
10:58:18  [strona WWW] polecenie RPC.Ping
10:58:29  [strona WWW] polecenie RPC.Ping
10:58:40  [strona WWW] polecenie RPC.Ping
10:58:51  [strona WWW] polecenie RPC.Ping
10:59:02  [strona WWW] polecenie RPC.Ping
10:59:13  [strona WWW] polecenie RPC.Ping
10:59:24  [strona WWW] polecenie RPC.Ping
10:59:35  [strona WWW] polecenie RPC.Ping
10:59:46  [strona WWW] polecenie RPC.Ping
10:59:57  [strona WWW] polecenie RPC.Ping
11:00:08  [strona WWW] polecenie RPC.Ping
11:00:19  [strona WWW] polecenie RPC.Ping
11:00:30  [strona WWW] polecenie RPC.Ping
11:00:41  [strona WWW] polecenie RPC.Ping
11:00:52  [strona WWW] polecenie RPC.Ping
11:01:03  [strona WWW] polecenie RPC.Ping
11:01:14  [strona WWW] polecenie RPC.Ping
11:01:25  [strona WWW] polecenie RPC.Ping
11:01:36  [strona WWW] polecenie RPC.Ping
11:01:47  [strona WWW] polecenie RPC.Ping
11:01:58  [strona WWW] polecenie RPC.Ping
11:02:09  [strona WWW] polecenie RPC.Ping
11:02:20  [strona WWW] polecenie RPC.Ping
11:02:27      TMCU: D shelly_tmcu.cpp:860     upd int 24 = 25
11:02:27      TMCU: D shelly_tmcu.cpp:79      Tmcu Event 4 (0x3fca0d80)
11:02:38  [strona WWW] polecenie RPC.Ping
11:02:49  [strona WWW] polecenie RPC.Ping
11:03:00  [strona WWW] polecenie RPC.Ping
11:03:11  [strona WWW] polecenie RPC.Ping
11:03:22  [strona WWW] polecenie RPC.Ping
11:03:33  [strona WWW] polecenie RPC.Ping
11:03:44  [strona WWW] polecenie RPC.Ping
11:03:55  [strona WWW] polecenie RPC.Ping
11:04:06  [strona WWW] polecenie RPC.Ping
11:04:17  [strona WWW] polecenie RPC.Ping
11:04:28  [strona WWW] polecenie RPC.Ping
11:04:39  [strona WWW] polecenie RPC.Ping
11:04:50  [strona WWW] polecenie RPC.Ping
11:05:01  [strona WWW] polecenie RPC.Ping
11:05:12  [strona WWW] polecenie RPC.Ping
11:05:23  [strona WWW] polecenie RPC.Ping
11:05:34  [strona WWW] polecenie RPC.Ping
11:05:45  [strona WWW] polecenie RPC.Ping
11:05:56  [strona WWW] polecenie RPC.Ping
11:06:07  [strona WWW] polecenie RPC.Ping
11:06:18  [strona WWW] polecenie RPC.Ping
11:06:29  [strona WWW] polecenie RPC.Ping
11:06:40  [strona WWW] polecenie RPC.Ping
11:06:51  [strona WWW] polecenie RPC.Ping
11:07:02  [strona WWW] polecenie RPC.Ping
11:07:13  [strona WWW] polecenie RPC.Ping
11:07:24  [strona WWW] polecenie RPC.Ping
11:07:35  [strona WWW] polecenie RPC.Ping
11:07:46  [strona WWW] polecenie RPC.Ping
11:07:57  [strona WWW] polecenie RPC.Ping
11:08:08  [strona WWW] polecenie RPC.Ping
11:08:19  [strona WWW] polecenie RPC.Ping
11:08:30  [strona WWW] polecenie RPC.Ping
11:08:41  [strona WWW] polecenie RPC.Ping
11:08:48      TMCU: D shelly_tmcu.cpp:598     RX: 0x07 v=3 [1802000400000018] (state Ready)
11:08:48      TMCU: D shelly_tmcu.cpp:860     upd int 24 = 24
11:08:48      TMCU: D shelly_tmcu.cpp:79      Tmcu Event 4 (0x3fca0d80)
11:08:59  [strona WWW] polecenie RPC.Ping
11:09:10  [strona WWW] polecenie RPC.Ping
11:09:21  [strona WWW] polecenie RPC.Ping
11:09:32  [strona WWW] polecenie RPC.Ping
11:09:43  [strona WWW] polecenie RPC.Ping
11:09:54  [strona WWW] polecenie RPC.Ping
11:10:05  [strona WWW] polecenie RPC.Ping
11:10:16  [strona WWW] polecenie RPC.Ping
11:10:27  [strona WWW] polecenie RPC.Ping
11:10:38  [strona WWW] polecenie RPC.Ping
11:10:49  [strona WWW] polecenie RPC.Ping
11:11:00  [strona WWW] polecenie RPC.Ping
11:11:11  [strona WWW] polecenie RPC.Ping
11:11:22  [strona WWW] polecenie RPC.Ping
11:11:33  [strona WWW] polecenie RPC.Ping
11:11:44  [strona WWW] polecenie RPC.Ping
11:11:55  [strona WWW] polecenie RPC.Ping
11:12:06  [strona WWW] polecenie RPC.Ping
11:12:17  [strona WWW] polecenie RPC.Ping
11:12:28  [strona WWW] polecenie RPC.Ping
11:12:39  [strona WWW] polecenie RPC.Ping
11:12:50  [strona WWW] polecenie RPC.Ping
11:13:01  [strona WWW] polecenie RPC.Ping
11:13:12  [strona WWW] polecenie RPC.Ping
11:13:23  [strona WWW] polecenie RPC.Ping
11:13:34  [strona WWW] polecenie RPC.Ping
11:13:45  [strona WWW] polecenie RPC.Ping
11:13:56  [strona WWW] polecenie RPC.Ping
11:14:07  [strona WWW] polecenie RPC.Ping
11:14:18  [strona WWW] polecenie RPC.Ping
11:14:29  [strona WWW] polecenie RPC.Ping
11:14:40  [strona WWW] polecenie RPC.Ping
11:14:51  [strona WWW] polecenie RPC.Ping
11:15:02  [strona WWW] polecenie RPC.Ping
11:15:09      TMCU: D shelly_tmcu.cpp:598     RX: 0x07 v=3 [1802000400000017] (state Ready)
11:15:09      TMCU: D shelly_tmcu.cpp:860     upd int 24 = 23
11:15:09      TMCU: D shelly_tmcu.cpp:79      Tmcu Event 4 (0x3fca0d80)
11:15:20  [strona WWW] polecenie RPC.Ping
11:15:31  [strona WWW] polecenie RPC.Ping
11:15:42  [strona WWW] polecenie RPC.Ping
11:15:53  [strona WWW] polecenie RPC.Ping
11:16:04  [strona WWW] polecenie RPC.Ping
11:16:15  [strona WWW] polecenie RPC.Ping
11:16:26  [strona WWW] polecenie RPC.Ping
11:16:37  [strona WWW] polecenie RPC.Ping
11:16:48  [strona WWW] polecenie RPC.Ping
11:16:59  [strona WWW] polecenie RPC.Ping
11:17:10  [strona WWW] polecenie RPC.Ping
11:17:21  [strona WWW] polecenie RPC.Ping
11:17:32  [strona WWW] polecenie RPC.Ping
11:17:43  [strona WWW] polecenie RPC.Ping
11:17:54  [strona WWW] polecenie RPC.Ping
11:18:05  [strona WWW] polecenie RPC.Ping
11:18:16  [strona WWW] polecenie RPC.Ping
11:18:27  [strona WWW] polecenie RPC.Ping
11:18:38  [strona WWW] polecenie RPC.Ping
11:18:49  [strona WWW] polecenie RPC.Ping
11:19:00  [strona WWW] polecenie RPC.Ping
11:19:11  [strona WWW] polecenie RPC.Ping
11:19:21      TMCU: D shelly_tmcu.cpp:890     TX: 0x34 v=3 [02ff1a091d0b131d02] (Ready)
11:19:32  [strona WWW] polecenie RPC.Ping
11:19:43  [strona WWW] polecenie RPC.Ping
11:19:54  [strona WWW] polecenie RPC.Ping
11:20:05  [strona WWW] polecenie RPC.Ping
11:20:16  [strona WWW] polecenie RPC.Ping
11:20:27  [strona WWW] polecenie RPC.Ping
11:20:38  [strona WWW] polecenie RPC.Ping
11:20:49  [strona WWW] polecenie RPC.Ping
11:21:00  [strona WWW] polecenie RPC.Ping
11:21:11  [strona WWW] polecenie RPC.Ping
11:21:22  [strona WWW] polecenie RPC.Ping
11:21:30      TMCU: D shelly_tmcu.cpp:598     RX: 0x07 v=3 [1802000400000017] (state Ready)
11:21:33  [strona WWW] polecenie RPC.Ping
11:21:44  [strona WWW] polecenie RPC.Ping
11:21:55  [strona WWW] polecenie RPC.Ping
11:22:06  [strona WWW] polecenie RPC.Ping
11:22:17  [strona WWW] polecenie RPC.Ping
11:22:28  [strona WWW] polecenie RPC.Ping
11:22:39  [strona WWW] polecenie RPC.Ping
11:22:50  [strona WWW] polecenie RPC.Ping
11:23:01  [strona WWW] polecenie RPC.Ping
11:23:12  [strona WWW] polecenie RPC.Ping
11:23:23  [strona WWW] polecenie RPC.Ping
11:23:34  [strona WWW] polecenie RPC.Ping
11:23:45  [strona WWW] polecenie RPC.Ping
11:23:56  [strona WWW] polecenie RPC.Ping
11:24:07  [strona WWW] polecenie RPC.Ping
11:24:18  [strona WWW] polecenie RPC.Ping
11:24:29  [strona WWW] polecenie RPC.Ping
11:24:40  [strona WWW] polecenie RPC.Ping
11:24:51  [strona WWW] polecenie RPC.Ping
11:25:02  [strona WWW] polecenie RPC.Ping
11:25:13  [strona WWW] polecenie RPC.Ping
11:25:24  [strona WWW] polecenie RPC.Ping
11:25:35  [strona WWW] polecenie RPC.Ping
11:25:46  [strona WWW] polecenie RPC.Ping
11:25:57  [strona WWW] polecenie RPC.Ping
11:26:08  [strona WWW] polecenie RPC.Ping
11:26:19  [strona WWW] polecenie RPC.Ping
11:26:30  [strona WWW] polecenie RPC.Ping
11:26:41  [strona WWW] polecenie RPC.Ping
11:26:52  [strona WWW] polecenie RPC.Ping
11:27:03  [strona WWW] polecenie RPC.Ping
11:27:14  [strona WWW] polecenie RPC.Ping
11:27:25  [strona WWW] polecenie RPC.Ping
11:27:36  [strona WWW] polecenie RPC.Ping
11:27:47  [strona WWW] polecenie RPC.Ping
11:27:51      TMCU: D shelly_tmcu.cpp:598     RX: 0x07 v=3 [1802000400000016] (state Ready)
11:27:51      TMCU: D shelly_tmcu.cpp:860     upd int 24 = 22
11:27:51      TMCU: D shelly_tmcu.cpp:79      Tmcu Event 4 (0x3fca0d80)
11:28:01  [strona WWW] polecenie RPC.Ping
11:28:12  [strona WWW] polecenie RPC.Ping
11:28:23  [strona WWW] polecenie RPC.Ping
11:28:34  [strona WWW] polecenie RPC.Ping
11:28:45  [strona WWW] polecenie RPC.Ping
11:28:56  [strona WWW] polecenie RPC.Ping
11:29:07  [strona WWW] polecenie RPC.Ping
11:29:18  [strona WWW] polecenie RPC.Ping
11:29:29  [strona WWW] polecenie RPC.Ping
11:29:40  [strona WWW] polecenie RPC.Ping
11:29:51  [strona WWW] polecenie RPC.Ping
11:30:02  [strona WWW] polecenie RPC.Ping
11:30:13  [strona WWW] polecenie RPC.Ping
11:30:24  [strona WWW] polecenie RPC.Ping
11:30:35  [strona WWW] polecenie RPC.Ping
11:30:46  [strona WWW] polecenie RPC.Ping
11:30:57  [strona WWW] polecenie RPC.Ping
11:31:08  [strona WWW] polecenie RPC.Ping
11:31:19  [strona WWW] polecenie RPC.Ping
11:31:30  [strona WWW] polecenie RPC.Ping
11:31:41  [strona WWW] polecenie RPC.Ping
11:31:52  [strona WWW] polecenie RPC.Ping
11:31:58  Q11: mikrokontroler nie odpowiada (Heartbeat timed out); kolejne takie same pomijam
11:31:58      TMCU: D shelly_tmcu.cpp:79      Tmcu Event 1 (0x3fca0ef8)
11:32:00  Q11: mikrokontroler się odezwał
11:32:00      TMCU: D shelly_tmcu.cpp:598     RX: 0x00 v=3 [01] (state Ready)
11:32:03  [strona WWW] polecenie RPC.Ping
11:32:14  [strona WWW] polecenie RPC.Ping
11:32:25  [strona WWW] polecenie RPC.Ping
11:32:36  [strona WWW] polecenie RPC.Ping
11:32:47  [strona WWW] polecenie RPC.Ping
11:32:58  [strona WWW] polecenie RPC.Ping
11:33:09  [strona WWW] polecenie RPC.Ping
11:33:20  [strona WWW] polecenie RPC.Ping
11:33:31  [strona WWW] polecenie RPC.Ping
11:33:42  [strona WWW] polecenie RPC.Ping
11:33:53  [strona WWW] polecenie RPC.Ping
11:34:04  [strona WWW] polecenie RPC.Ping
11:34:11      TMCU: D shelly_tmcu.cpp:598     RX: 0x07 v=3 [1802000400000016] (state Ready)
11:34:15  [strona WWW] polecenie RPC.Ping
11:34:26  [strona WWW] polecenie RPC.Ping
11:34:37  [strona WWW] polecenie RPC.Ping
11:34:48  [strona WWW] polecenie RPC.Ping
11:34:59  [strona WWW] polecenie RPC.Ping
11:35:10  [strona WWW] polecenie RPC.Ping
11:35:21  [strona WWW] polecenie RPC.Ping
11:35:32  [strona WWW] polecenie RPC.Ping
11:35:43  [strona WWW] polecenie RPC.Ping
11:35:54  [strona WWW] polecenie RPC.Ping
11:36:05  [strona WWW] polecenie RPC.Ping
11:36:16  [strona WWW] polecenie RPC.Ping
11:36:27  [strona WWW] polecenie RPC.Ping
11:36:38  [strona WWW] polecenie RPC.Ping
11:36:49  [strona WWW] polecenie RPC.Ping
11:37:00  [strona WWW] polecenie RPC.Ping
11:37:11  [strona WWW] polecenie RPC.Ping
11:37:22  [strona WWW] polecenie RPC.Ping
11:37:33  [strona WWW] polecenie RPC.Ping
11:37:44  [strona WWW] polecenie RPC.Ping
11:37:54  [strona WWW] strona DevKitu została otwarta
11:38:06  [strona WWW] polecenie RPC.Ping
11:38:17  [strona WWW] polecenie RPC.Ping
11:38:28  [strona WWW] polecenie RPC.Ping
11:38:39  [strona WWW] polecenie RPC.Ping
11:38:50  [strona WWW] polecenie RPC.Ping
11:39:01  [strona WWW] polecenie RPC.Ping
11:39:12  [strona WWW] polecenie RPC.Ping
11:39:23  [strona WWW] polecenie RPC.Ping
11:39:34  [strona WWW] polecenie RPC.Ping
11:39:45  [strona WWW] polecenie RPC.Ping
11:39:56  [strona WWW] polecenie RPC.Ping
11:40:07  [strona WWW] polecenie RPC.Ping
11:40:18  [strona WWW] polecenie RPC.Ping
11:40:29  [strona WWW] polecenie RPC.Ping
11:40:32      TMCU: D shelly_tmcu.cpp:598     RX: 0x07 v=3 [1802000400000016] (state Ready)
11:40:40  [strona WWW] polecenie RPC.Ping
11:40:51  [strona WWW] polecenie RPC.Ping
11:41:02  [strona WWW] polecenie RPC.Ping
11:41:13  [strona WWW] polecenie RPC.Ping
11:41:24  [strona WWW] polecenie RPC.Ping
11:41:35  [strona WWW] polecenie RPC.Ping
11:41:46  [strona WWW] polecenie RPC.Ping
11:41:57  [strona WWW] polecenie RPC.Ping
11:42:08  [strona WWW] polecenie RPC.Ping
11:42:19  [strona WWW] polecenie RPC.Ping
11:42:30  [strona WWW] polecenie RPC.Ping
11:42:41  [strona WWW] polecenie RPC.Ping
11:42:52  [strona WWW] polecenie RPC.Ping
11:43:03  [strona WWW] polecenie RPC.Ping
11:43:14  [strona WWW] polecenie RPC.Ping
11:43:25  [strona WWW] polecenie RPC.Ping
11:43:36  [strona WWW] polecenie RPC.Ping
11:43:47  [strona WWW] polecenie RPC.Ping
11:43:58  [strona WWW] polecenie RPC.Ping
11:44:09  [strona WWW] polecenie RPC.Ping
11:44:20  [strona WWW] polecenie RPC.Ping
11:44:31  [strona WWW] polecenie RPC.Ping
11:44:42  [strona WWW] polecenie RPC.Ping
11:44:53  [strona WWW] polecenie RPC.Ping
11:45:04  [strona WWW] polecenie RPC.Ping
11:45:15  [strona WWW] polecenie RPC.Ping
11:45:26  [strona WWW] polecenie RPC.Ping
11:45:37  [strona WWW] polecenie RPC.Ping
11:45:43  [strona WWW] strona DevKitu została otwarta
11:45:48  [strona WWW] polecenie RPC.Ping
11:45:59  [strona WWW] polecenie RPC.Ping
11:46:10  [strona WWW] polecenie RPC.Ping
11:46:21  [strona WWW] polecenie RPC.Ping
11:46:32  [strona WWW] polecenie RPC.Ping
11:46:43  [strona WWW] polecenie RPC.Ping
11:46:53      TMCU: D shelly_tmcu.cpp:598     RX: 0x07 v=3 [1802000400000016] (state Ready)
11:46:54  [strona WWW] polecenie RPC.Ping
11:47:05  [strona WWW] polecenie RPC.Ping
11:47:16  [strona WWW] polecenie RPC.Ping
11:47:27  [strona WWW] polecenie RPC.Ping
11:47:38  [strona WWW] polecenie RPC.Ping
11:47:49  [strona WWW] polecenie RPC.Ping
11:48:00  [strona WWW] polecenie RPC.Ping
11:48:11  [strona WWW] polecenie RPC.Ping
11:48:22  [strona WWW] polecenie RPC.Ping
11:48:33  [strona WWW] polecenie RPC.Ping
11:48:44  [strona WWW] polecenie RPC.Ping
11:48:55  [strona WWW] polecenie RPC.Ping
11:49:06  [strona WWW] polecenie RPC.Ping
11:49:17  [strona WWW] polecenie RPC.Ping
11:49:28  [strona WWW] polecenie RPC.Ping
11:49:39  [strona WWW] polecenie RPC.Ping
11:49:50  [strona WWW] polecenie RPC.Ping
11:50:01  [strona WWW] polecenie RPC.Ping
11:50:12  [strona WWW] polecenie RPC.Ping
11:50:23  [strona WWW] polecenie RPC.Ping
11:50:34  [strona WWW] polecenie RPC.Ping
11:50:45  [strona WWW] polecenie RPC.Ping
11:50:56  [strona WWW] polecenie RPC.Ping
11:51:07  [strona WWW] polecenie RPC.Ping
11:51:18  [strona WWW] polecenie RPC.Ping
11:51:29  [strona WWW] polecenie RPC.Ping
11:51:30      TMCU: D shelly_tmcu.cpp:890     TX: 0x34 v=3 [02ff1a091d0b332602] (Ready)
11:51:42  [strona WWW] polecenie RPC.Ping
11:51:53  [strona WWW] polecenie RPC.Ping
11:52:04  [strona WWW] polecenie RPC.Ping
11:52:15  [strona WWW] polecenie RPC.Ping
11:52:26  [strona WWW] polecenie RPC.Ping
11:52:37  [strona WWW] polecenie RPC.Ping
11:52:48  [strona WWW] polecenie RPC.Ping
11:52:59  [strona WWW] polecenie RPC.Ping
11:53:10  [strona WWW] polecenie RPC.Ping
11:53:14      TMCU: D shelly_tmcu.cpp:598     RX: 0x07 v=3 [1802000400000016] (state Ready)
11:53:21  [strona WWW] polecenie RPC.Ping
11:53:32  [strona WWW] polecenie RPC.Ping
11:53:43  [strona WWW] polecenie RPC.Ping
11:53:54  [strona WWW] polecenie RPC.Ping
11:54:05  [strona WWW] polecenie RPC.Ping
11:54:16  [strona WWW] polecenie RPC.Ping
11:54:27  [strona WWW] polecenie RPC.Ping
11:54:38  [strona WWW] polecenie RPC.Ping
11:54:49  [strona WWW] polecenie RPC.Ping
11:55:00  [strona WWW] polecenie RPC.Ping
11:55:11  [strona WWW] polecenie RPC.Ping
11:55:21  [strona WWW] strona DevKitu została otwarta
11:55:23  [strona WWW] polecenie RPC.Ping
11:55:33  [strona WWW] polecenie RPC.Ping
11:55:44  [strona WWW] polecenie RPC.Ping
11:55:55  [strona WWW] polecenie RPC.Ping
11:56:06  [strona WWW] polecenie RPC.Ping
11:56:17  [strona WWW] polecenie RPC.Ping
11:56:28  [strona WWW] polecenie RPC.Ping
11:56:39  [strona WWW] polecenie RPC.Ping
11:56:50  [strona WWW] polecenie RPC.Ping
11:57:01  [strona WWW] polecenie RPC.Ping
11:57:12  [strona WWW] polecenie RPC.Ping
11:57:23  [strona WWW] polecenie RPC.Ping
11:57:34  [strona WWW] polecenie RPC.Ping
11:57:45  [strona WWW] polecenie RPC.Ping
11:57:56  [strona WWW] polecenie RPC.Ping
11:58:07  [strona WWW] polecenie RPC.Ping
11:58:18  [strona WWW] polecenie RPC.Ping
11:58:29  [strona WWW] polecenie RPC.Ping
11:58:40  [strona WWW] polecenie RPC.Ping
11:58:51  [strona WWW] polecenie RPC.Ping
11:59:02  [strona WWW] polecenie RPC.Ping
11:59:13  [strona WWW] polecenie RPC.Ping
11:59:24  [strona WWW] polecenie RPC.Ping
11:59:35      TMCU: D shelly_tmcu.cpp:598     RX: 0x07 v=3 [1802000400000016] (state Ready)
11:59:35  [strona WWW] polecenie RPC.Ping
11:59:46  [strona WWW] polecenie RPC.Ping
11:59:57  [strona WWW] polecenie RPC.Ping
12:00:08  [strona WWW] polecenie RPC.Ping
12:00:19  [strona WWW] polecenie RPC.Ping
12:00:30  [strona WWW] polecenie RPC.Ping
12:00:41  [strona WWW] polecenie RPC.Ping
12:00:52  [strona WWW] polecenie RPC.Ping
12:01:03  [strona WWW] polecenie RPC.Ping
12:01:14  [strona WWW] polecenie RPC.Ping
12:01:25  [strona WWW] polecenie RPC.Ping
12:01:36      TMCU: D shelly_tmcu.cpp:598     RX: 0x07 v=3 [0700000700000000000000] (state Ready)
12:01:36      TMCU: D shelly_tmcu.cpp:598     RX: 0x07 v=3 [0800000700000000000000] (state Ready)
12:01:36      TMCU: D shelly_tmcu.cpp:598     RX: 0x07 v=3 [0902000400000000] (state Ready)
12:01:43      TMCU: D shelly_tmcu.cpp:890     TX: 0x06 v=3 [1102000400000001] (Ready)
12:01:44      TMCU: D shelly_tmcu.cpp:938     response to 07 timed out after 0.3126 s
12:01:44      TMCU: D shelly_tmcu.cpp:890     TX: 0x06 v=3 [1102000400000001] (Ready)
12:01:44      TMCU: D shelly_tmcu.cpp:598     RX: 0x07 v=3 [0e04000101] (state Ready)
12:01:44      TMCU: D shelly_tmcu.cpp:598     RX: 0x07 v=3 [1102000400000001] (state Ready)
12:01:44      TMCU: D shelly_tmcu.cpp:598     RX: 0x07 v=3 [0e04000101] (state Ready)
12:01:45      TMCU: D shelly_tmcu.cpp:598     RX: 0x07 v=3 [1102000400000001] (state Ready)
12:01:45      TMCU: D shelly_tmcu.cpp:598     RX: 0x07 v=3 [0e04000101] (state Ready)
12:01:45      TMCU: D shelly_tmcu.cpp:598     RX: 0x07 v=3 [1102000400000001] (state Ready)
12:01:45      TMCU: D shelly_tmcu.cpp:598     RX: 0x07 v=3 [0e04000101] (state Ready)
12:01:45      TMCU: D shelly_tmcu.cpp:890     TX: 0x06 v=3 [1102000400000002] (Ready)
12:01:46      TMCU: D shelly_tmcu.cpp:938     response to 07 timed out after 0.5777 s
12:01:46      TMCU: D shelly_tmcu.cpp:890     TX: 0x06 v=3 [1102000400000002] (Ready)
12:01:48      TMCU: D shelly_tmcu.cpp:598     RX: 0x07 v=3 [0e04000101] (state Ready)
12:01:48      TMCU: D shelly_tmcu.cpp:598     RX: 0x07 v=3 [1102000400000002] (state Ready)
12:01:48      TMCU: D shelly_tmcu.cpp:598     RX: 0x07 v=3 [0e04000101] (state Ready)
12:01:48      TMCU: D shelly_tmcu.cpp:598     RX: 0x07 v=3 [1102000400000002] (state Ready)
12:01:48      TMCU: D shelly_tmcu.cpp:598     RX: 0x07 v=3 [0e04000101] (state Ready)
12:01:48      TMCU: D shelly_tmcu.cpp:598     RX: 0x07 v=3 [1102000400000002] (state Ready)
12:01:50      TMCU: D shelly_tmcu.cpp:598     RX: 0x07 v=3 [0e04000101] (state Ready)
12:01:50      TMCU: D shelly_tmcu.cpp:598     RX: 0x07 v=3 [1102000400000002] (state Ready)
12:01:50      TMCU: D shelly_tmcu.cpp:598     RX: 0x07 v=3 [0e04000101] (state Ready)
12:01:50      TMCU: D shelly_tmcu.cpp:598     RX: 0x07 v=3 [1102000400000002] (state Ready)
12:01:50      TMCU: D shelly_tmcu.cpp:598     RX: 0x07 v=3 [0e04000101] (state Ready)
12:01:50      TMCU: D shelly_tmcu.cpp:598     RX: 0x07 v=3 [1102000400000002] (state Ready)
12:01:50      TMCU: D shelly_tmcu.cpp:598     RX: 0x07 v=3 [0e04000101] (state Ready)
12:01:50      TMCU: D shelly_tmcu.cpp:890     TX: 0x06 v=3 [1102000400000008] (Ready)
12:01:50  Q11: mikrokontroler nie odpowiada (Heartbeat timed out); kolejne takie same pomijam
12:01:50      TMCU: D shelly_tmcu.cpp:79      Tmcu Event 1 (0x3fca0ef8)
12:01:52      TMCU: D shelly_tmcu.cpp:938     response to 07 timed out after 1.9109 s
12:01:52      TMCU: D shelly_tmcu.cpp:890     TX: 0x06 v=3 [1102000400000008] (Ready)
12:01:55  Q11: mikrokontroler się odezwał
12:01:55      TMCU: D shelly_tmcu.cpp:598     RX: 0x07 v=3 [0e04000101] (state Ready)
12:01:55      TMCU: D shelly_tmcu.cpp:598     RX: 0x07 v=3 [1102000400000008] (state Ready)
12:01:55      TMCU: D shelly_tmcu.cpp:598     RX: 0x07 v=3 [0e04000101] (state Ready)
12:01:55      TMCU: D shelly_tmcu.cpp:598     RX: 0x07 v=3 [1102000400000008] (state Ready)
12:01:55      TMCU: D shelly_tmcu.cpp:598     RX: 0x07 v=3 [0e04000101] (state Ready)
12:01:55      TMCU: D shelly_tmcu.cpp:598     RX: 0x07 v=3 [1102000400000008] (state Ready)
12:01:56      TMCU: D shelly_tmcu.cpp:598     RX: 0x07 v=3 [0e04000101] (state Ready)
12:01:56      TMCU: D shelly_tmcu.cpp:890     TX: 0x06 v=3 [1102000400000002] (Ready)
12:01:56  Q11: mikrokontroler nie odpowiada (Heartbeat timed out); kolejne takie same pomijam
12:01:56      TMCU: D shelly_tmcu.cpp:993     wifi report state is SendRealState
12:01:56      TMCU: D shelly_tmcu.cpp:520     Sending WiFi status 4
12:01:57  Q11: mikrokontroler się odezwał
12:01:57      TMCU: D shelly_tmcu.cpp:598     RX: 0x07 v=3 [1102000400000002] (state Ready)
12:01:57      TMCU: D shelly_tmcu.cpp:598     RX: 0x07 v=3 [0e04000101] (state Ready)
12:01:57      TMCU: D shelly_tmcu.cpp:598     RX: 0x07 v=3 [1102000400000002] (state Ready)
12:01:57      TMCU: D shelly_tmcu.cpp:598     RX: 0x07 v=3 [0e04000101] (state Ready)
12:01:57      TMCU: D shelly_tmcu.cpp:598     RX: 0x07 v=3 [1102000400000002] (state Ready)
12:01:57      TMCU: D shelly_tmcu.cpp:598     RX: 0x07 v=3 [0e04000101] (state Ready)
12:01:57      TMCU: D shelly_tmcu.cpp:890     TX: 0x06 v=3 [1102000400000014] (Ready)
12:01:59      TMCU: D shelly_tmcu.cpp:598     RX: 0x07 v=3 [1102000400000002] (state Ready)
12:01:59      TMCU: D shelly_tmcu.cpp:598     RX: 0x07 v=3 [0e04000101] (state Ready)
12:01:59      TMCU: D shelly_tmcu.cpp:598     RX: 0x07 v=3 [1102000400000002] (state Ready)
12:01:59      TMCU: D shelly_tmcu.cpp:598     RX: 0x07 v=3 [0e04000101] (state Ready)
12:01:59      TMCU: D shelly_tmcu.cpp:598     RX: 0x07 v=3 [1102000400000002] (state Ready)
12:01:59      TMCU: D shelly_tmcu.cpp:598     RX: 0x07 v=3 [0e04000101] (state Ready)
12:02:00      TMCU: D shelly_tmcu.cpp:890     TX: 0x06 v=3 [130000020005] (Ready)
12:02:00      TMCU: D shelly_tmcu.cpp:890     TX: 0x06 v=3 [130000020001] (Ready)
12:02:00      TMCU: D shelly_tmcu.cpp:598     RX: 0x07 v=3 [0e04000101] (state Ready)
12:02:00      TMCU: D shelly_tmcu.cpp:598     RX: 0x07 v=3 [1102000400000002] (state Ready)
12:02:00      TMCU: D shelly_tmcu.cpp:598     RX: 0x07 v=3 [0e04000101] (state Ready)
12:02:00      TMCU: D shelly_tmcu.cpp:598     RX: 0x07 v=3 [1102000400000002] (state Ready)
12:02:00      TMCU: D shelly_tmcu.cpp:598     RX: 0x07 v=3 [0e04000101] (state Ready)
12:02:00      TMCU: D shelly_tmcu.cpp:598     RX: 0x07 v=3 [1102000400000002] (state Ready)
12:02:00      TMCU: D shelly_tmcu.cpp:598     RX: 0x07 v=3 [0e04000101] (state Ready)
12:02:00      TMCU: D shelly_tmcu.cpp:890     TX: 0x06 v=3 [1102000400000008] (Ready)
12:02:00      TMCU: D shelly_tmcu.cpp:598     RX: 0x07 v=3 [0e04000101] (state Ready)
12:02:00      TMCU: D shelly_tmcu.cpp:598     RX: 0x07 v=3 [1102000400000002] (state Ready)
12:02:00      TMCU: D shelly_tmcu.cpp:598     RX: 0x07 v=3 [0e04000101] (state Ready)
12:02:00      TMCU: D shelly_tmcu.cpp:598     RX: 0x07 v=3 [1102000400000002] (state Ready)
12:02:00      TMCU: D shelly_tmcu.cpp:598     RX: 0x07 v=3 [0e04000101] (state Ready)
12:02:00      TMCU: D shelly_tmcu.cpp:598     RX: 0x07 v=3 [1102000400000002] (state Ready)
12:02:00      TMCU: D shelly_tmcu.cpp:598     RX: 0x07 v=3 [0e04000101] (state Ready)
12:02:00      TMCU: D shelly_tmcu.cpp:890     TX: 0x06 v=3 [1102000400000002] (Ready)
12:02:01      TMCU: D shelly_tmcu.cpp:598     RX: 0x07 v=3 [0e04000101] (state Ready)
12:02:01      TMCU: D shelly_tmcu.cpp:598     RX: 0x07 v=3 [1102000400000002] (state Ready)
12:02:01      TMCU: D shelly_tmcu.cpp:598     RX: 0x07 v=3 [0e04000101] (state Ready)
12:02:01      TMCU: D shelly_tmcu.cpp:598     RX: 0x07 v=3 [1102000400000002] (state Ready)
12:02:01      TMCU: D shelly_tmcu.cpp:598     RX: 0x07 v=3 [0e04000101] (state Ready)
12:02:01      TMCU: D shelly_tmcu.cpp:598     RX: 0x07 v=3 [1102000400000002] (state Ready)
12:02:01      TMCU: D shelly_tmcu.cpp:598     RX: 0x07 v=3 [0e04000101] (state Ready)
12:02:01      TMCU: D shelly_tmcu.cpp:598     RX: 0x07 v=3 [1102000400000002] (state Ready)
12:02:01      TMCU: D shelly_tmcu.cpp:598     RX: 0x07 v=3 [0e04000101] (state Ready)
12:02:01      TMCU: D shelly_tmcu.cpp:598     RX: 0x07 v=3 [1102000400000002] (state Ready)
12:02:01      TMCU: D shelly_tmcu.cpp:598     RX: 0x07 v=3 [0e04000101] (state Ready)
12:02:01      TMCU: D shelly_tmcu.cpp:598     RX: 0x07 v=3 [1102000400000002] (state Ready)
12:02:01      TMCU: D shelly_tmcu.cpp:598     RX: 0x07 v=3 [0e04000101] (state Ready)
12:02:01      TMCU: D shelly_tmcu.cpp:598     RX: 0x07 v=3 [1102000400000002] (state Ready)
12:02:01      TMCU: D shelly_tmcu.cpp:598     RX: 0x07 v=3 [0e04000101] (state Ready)
12:02:01  Q11: mikrokontroler nie odpowiada (Heartbeat timed out); kolejne takie same pomijam
12:02:01  Q11: mikrokontroler się odezwał
12:02:01      TMCU: D shelly_tmcu.cpp:598     RX: 0x07 v=3 [1102000400000002] (state Ready)
12:02:01      TMCU: D shelly_tmcu.cpp:598     RX: 0x07 v=3 [0e04000101] (state Ready)
12:02:01      TMCU: D shelly_tmcu.cpp:598     RX: 0x07 v=3 [1102000400000002] (state Ready)
12:02:01      TMCU: D shelly_tmcu.cpp:598     RX: 0x07 v=3 [0e04000101] (state Ready)
12:02:01      TMCU: D shelly_tmcu.cpp:598     RX: 0x07 v=3 [1102000400000002] (state Ready)
12:02:01      TMCU: D shelly_tmcu.cpp:598     RX: 0x07 v=3 [0e04000101] (state Ready)
12:02:01      TMCU: D shelly_tmcu.cpp:598     RX: 0x07 v=3 [1102000400000002] (state Ready)
12:02:01      TMCU: D shelly_tmcu.cpp:598     RX: 0x07 v=3 [0e04000101] (state Ready)
12:02:01      TMCU: D shelly_tmcu.cpp:598     RX: 0x07 v=3 [1102000400000002] (state Ready)
12:02:01      TMCU: D shelly_tmcu.cpp:598     RX: 0x07 v=3 [0e04000101] (state Ready)
12:02:02      TMCU: D shelly_tmcu.cpp:598     RX: 0x07 v=3 [1102000400000002] (state Ready)
12:02:02      TMCU: D shelly_tmcu.cpp:598     RX: 0x07 v=3 [0e04000101] (state Ready)
12:02:02      TMCU: D shelly_tmcu.cpp:598     RX: 0x07 v=3 [1102000400000002] (state Ready)
12:02:02      TMCU: D shelly_tmcu.cpp:598     RX: 0x07 v=3 [0e04000101] (state Ready)
12:02:02      TMCU: D shelly_tmcu.cpp:598     RX: 0x07 v=3 [1102000400000002] (state Ready)
12:02:02      TMCU: D shelly_tmcu.cpp:598     RX: 0x07 v=3 [0e04000101] (state Ready)
12:02:02      TMCU: D shelly_tmcu.cpp:598     RX: 0x07 v=3 [1102000400000002] (state Ready)
12:02:02      TMCU: D shelly_tmcu.cpp:598     RX: 0x07 v=3 [0e04000101] (state Ready)
12:02:02      TMCU: D shelly_tmcu.cpp:598     RX: 0x07 v=3 [1102000400000002] (state Ready)
12:02:02      TMCU: D shelly_tmcu.cpp:598     RX: 0x07 v=3 [0e04000101] (state Ready)
12:02:02      TMCU: D shelly_tmcu.cpp:598     RX: 0x07 v=3 [1102000400000002] (state Ready)
12:02:02      TMCU: D shelly_tmcu.cpp:598     RX: 0x07 v=3 [0e04000101] (state Ready)
12:02:02      TMCU: D shelly_tmcu.cpp:598     RX: 0x07 v=3 [1102000400000002] (state Ready)
12:02:02      TMCU: D shelly_tmcu.cpp:598     RX: 0x07 v=3 [0e04000101] (state Ready)
12:02:02      TMCU: D shelly_tmcu.cpp:598     RX: 0x07 v=3 [1102000400000002] (state Ready)
12:02:02      TMCU: D shelly_tmcu.cpp:598     RX: 0x07 v=3 [0e04000101] (state Ready)
12:02:02      TMCU: D shelly_tmcu.cpp:598     RX: 0x07 v=3 [1102000400000002] (state Ready)
12:02:02      TMCU: D shelly_tmcu.cpp:598     RX: 0x07 v=3 [0e04000101] (state Ready)
12:02:02  Q11: mikrokontroler nie odpowiada (Heartbeat timed out); kolejne takie same pomijam
12:02:02  Q11: mikrokontroler się odezwał
12:02:02      TMCU: D shelly_tmcu.cpp:598     RX: 0x07 v=3 [1102000400000002] (state Ready)
12:02:02      TMCU: D shelly_tmcu.cpp:598     RX: 0x07 v=3 [0e04000101] (state Ready)
12:02:02      TMCU: D shelly_tmcu.cpp:598     RX: 0x07 v=3 [1102000400000002] (state Ready)
12:02:02      TMCU: D shelly_tmcu.cpp:598     RX: 0x07 v=3 [0e04000101] (state Ready)
12:02:02      TMCU: D shelly_tmcu.cpp:598     RX: 0x07 v=3 [1102000400000002] (state Ready)
12:02:02      TMCU: D shelly_tmcu.cpp:598     RX: 0x07 v=3 [0e04000101] (state Ready)
12:02:02      TMCU: D shelly_tmcu.cpp:598     RX: 0x07 v=3 [1102000400000002] (state Ready)
12:02:02      TMCU: D shelly_tmcu.cpp:598     RX: 0x07 v=3 [0e04000101] (state Ready)
12:02:02      TMCU: D shelly_tmcu.cpp:598     RX: 0x07 v=3 [1102000400000002] (state Ready)
12:02:03      TMCU: D shelly_tmcu.cpp:598     RX: 0x07 v=3 [0e04000101] (state Ready)
12:02:03      TMCU: D shelly_tmcu.cpp:598     RX: 0x07 v=3 [1102000400000002] (state Ready)
12:02:03      TMCU: D shelly_tmcu.cpp:598     RX: 0x07 v=3 [0e04000101] (state Ready)
12:02:03      TMCU: D shelly_tmcu.cpp:598     RX: 0x07 v=3 [1102000400000002] (state Ready)
12:02:03      TMCU: D shelly_tmcu.cpp:598     RX: 0x07 v=3 [0e04000101] (state Ready)
12:02:03      TMCU: D shelly_tmcu.cpp:598     RX: 0x07 v=3 [1102000400000002] (state Ready)
12:02:03      TMCU: D shelly_tmcu.cpp:598     RX: 0x07 v=3 [0e04000101] (state Ready)
12:02:03      TMCU: D shelly_tmcu.cpp:598     RX: 0x07 v=3 [1102000400000002] (state Ready)
12:02:03      TMCU: D shelly_tmcu.cpp:598     RX: 0x07 v=3 [0e04000101] (state Ready)
12:02:03      TMCU: D shelly_tmcu.cpp:598     RX: 0x07 v=3 [1102000400000002] (state Ready)
12:02:03      TMCU: D shelly_tmcu.cpp:598     RX: 0x07 v=3 [0e04000101] (state Ready)
12:02:03      TMCU: D shelly_tmcu.cpp:598     RX: 0x07 v=3 [1102000400000002] (state Ready)
12:02:03      TMCU: D shelly_tmcu.cpp:598     RX: 0x07 v=3 [0e04000101] (state Ready)
12:02:03      TMCU: D shelly_tmcu.cpp:598     RX: 0x07 v=3 [1102000400000002] (state Ready)
12:02:03      TMCU: D shelly_tmcu.cpp:598     RX: 0x07 v=3 [0e04000101] (state Ready)
12:02:03  Q11: mikrokontroler nie odpowiada (Heartbeat timed out); kolejne takie same pomijam
12:02:03  Q11: mikrokontroler się odezwał
12:02:03      TMCU: D shelly_tmcu.cpp:598     RX: 0x07 v=3 [1102000400000002] (state Ready)
12:02:03      TMCU: D shelly_tmcu.cpp:598     RX: 0x07 v=3 [0e04000101] (state Ready)
12:02:04      TMCU: D shelly_tmcu.cpp:890     TX: 0x06 v=3 [130000020101] (Ready)
12:02:04      TMCU: D shelly_tmcu.cpp:598     RX: 0x07 v=3 [1102000400000002] (state Ready)
12:02:04      TMCU: D shelly_tmcu.cpp:598     RX: 0x07 v=3 [0e04000101] (state Ready)
12:02:04  Q11: mikrokontroler nie odpowiada (Heartbeat timed out); kolejne takie same pomijam
12:02:04      TMCU: D shelly_tmcu.cpp:890     TX: 0x06 v=3 [130000020201] (Ready)
12:02:05      TMCU: D shelly_tmcu.cpp:862     same int 17 = 2
12:02:05  Q11: mikrokontroler się odezwał
12:02:05      TMCU: D shelly_tmcu.cpp:598     RX: 0x07 v=3 [0e04000101] (state Ready)
12:02:05      TMCU: D shelly_tmcu.cpp:598     RX: 0x07 v=3 [1102000400000002] (state Ready)
12:02:05      TMCU: D shelly_tmcu.cpp:598     RX: 0x07 v=3 [0e04000101] (state Ready)
12:02:05      TMCU: D shelly_tmcu.cpp:598     RX: 0x07 v=3 [1102000400000002] (state Ready)
12:02:05      TMCU: D shelly_tmcu.cpp:598     RX: 0x07 v=3 [0e04000101] (state Ready)
12:02:05      TMCU: D shelly_tmcu.cpp:598     RX: 0x07 v=3 [1102000400000002] (state Ready)
12:02:05      TMCU: D shelly_tmcu.cpp:598     RX: 0x07 v=3 [0e04000101] (state Ready)
12:02:15      TMCU: D shelly_tmcu.cpp:890     TX: 0x06 v=3 [130000020200] (Ready)
12:02:17      TMCU: D shelly_tmcu.cpp:598     RX: 0x07 v=3 [0e04000102] (state Ready)
12:02:17      TMCU: D shelly_tmcu.cpp:598     RX: 0x07 v=3 [130000020200] (state Ready)
12:02:24      TMCU: D shelly_tmcu.cpp:598     RX: 0x07 v=3 [0102000400000000] (state Ready)
12:02:38      TMCU: D shelly_tmcu.cpp:890     TX: 0x06 v=3 [0e04000100] (Ready)
12:02:39      TMCU: D shelly_tmcu.cpp:598     RX: 0x07 v=3 [0e04000100] (state Ready)
12:02:44      TMCU: D shelly_tmcu.cpp:890     TX: 0x06 v=3 [0e04000101] (Ready)
12:02:44      TMCU: D shelly_tmcu.cpp:598     RX: 0x07 v=3 [0e04000100] (state Ready)
12:02:44      TMCU: D shelly_tmcu.cpp:598     RX: 0x07 v=3 [1102000400000000] (state Ready)
12:02:45      TMCU: D shelly_tmcu.cpp:598     RX: 0x07 v=3 [0e04000100] (state Ready)
12:02:45      TMCU: D shelly_tmcu.cpp:598     RX: 0x07 v=3 [1102000400000000] (state Ready)
12:02:45      TMCU: D shelly_tmcu.cpp:598     RX: 0x07 v=3 [0e04000100] (state Ready)
12:02:55  [strona WWW] polecenie RPC.Ping
12:03:00      TMCU: D shelly_tmcu.cpp:890     TX: 0x06 v=3 [1102000400000001] (Ready)
12:03:00      TMCU: D shelly_tmcu.cpp:938     response to 07 timed out after 0.3797 s
12:03:00      TMCU: D shelly_tmcu.cpp:890     TX: 0x06 v=3 [1102000400000001] (Ready)
12:03:01      TMCU: D shelly_tmcu.cpp:598     RX: 0x07 v=3 [1102000400000001] (state Ready)
12:03:01      TMCU: D shelly_tmcu.cpp:598     RX: 0x07 v=3 [0e04000101] (state Ready)
12:03:01      TMCU: D shelly_tmcu.cpp:598     RX: 0x07 v=3 [1102000400000001] (state Ready)
12:03:01      TMCU: D shelly_tmcu.cpp:598     RX: 0x07 v=3 [0e04000101] (state Ready)
12:03:01      TMCU: D shelly_tmcu.cpp:598     RX: 0x07 v=3 [1102000400000001] (state Ready)
12:03:01      TMCU: D shelly_tmcu.cpp:598     RX: 0x07 v=3 [0e04000101] (state Ready)
12:03:01      TMCU: D shelly_tmcu.cpp:598     RX: 0x07 v=3 [1102000400000001] (state Ready)
12:03:01      TMCU: D shelly_tmcu.cpp:598     RX: 0x07 v=3 [0e04000101] (state Ready)
12:03:01      TMCU: D shelly_tmcu.cpp:598     RX: 0x07 v=3 [1102000400000001] (state Ready)
12:03:01      TMCU: D shelly_tmcu.cpp:598     RX: 0x07 v=3 [0e04000101] (state Ready)
12:03:01      TMCU: D shelly_tmcu.cpp:598     RX: 0x07 v=3 [1102000400000001] (state Ready)
12:03:01      TMCU: D shelly_tmcu.cpp:598     RX: 0x07 v=3 [0e04000101] (state Ready)
12:03:01      TMCU: D shelly_tmcu.cpp:598     RX: 0x07 v=3 [1102000400000001] (state Ready)
12:03:01      TMCU: D shelly_tmcu.cpp:598     RX: 0x07 v=3 [0e04000101] (state Ready)
12:03:01      TMCU: D shelly_tmcu.cpp:598     RX: 0x07 v=3 [1102000400000001] (state Ready)
12:03:01      TMCU: D shelly_tmcu.cpp:598     RX: 0x07 v=3 [0e04000101] (state Ready)
12:03:05      TMCU: D shelly_tmcu.cpp:890     TX: 0x06 v=3 [1102000400000002] (Ready)
12:03:06      TMCU: D shelly_tmcu.cpp:938     response to 07 timed out after 0.3416 s
12:03:06      TMCU: D shelly_tmcu.cpp:890     TX: 0x06 v=3 [1102000400000002] (Ready)
12:03:06      TMCU: D shelly_tmcu.cpp:890     TX: 0x06 v=3 [1102000400000003] (Ready)
12:03:06      TMCU: D shelly_tmcu.cpp:598     RX: 0x07 v=3 [1102000400000002] (state Ready)
12:03:06      TMCU: D shelly_tmcu.cpp:598     RX: 0x07 v=3 [0e04000101] (state Ready)
12:03:06      TMCU: D shelly_tmcu.cpp:598     RX: 0x07 v=3 [1102000400000002] (state Ready)
12:03:06      TMCU: D shelly_tmcu.cpp:598     RX: 0x07 v=3 [0e04000101] (state Ready)
12:03:07      TMCU: D shelly_tmcu.cpp:890     TX: 0x06 v=3 [1102000400000002] (Ready)
12:03:07      TMCU: D shelly_tmcu.cpp:598     RX: 0x07 v=3 [0e04000101] (state Ready)
12:03:07      TMCU: D shelly_tmcu.cpp:598     RX: 0x07 v=3 [1102000400000002] (state Ready)
12:03:07      TMCU: D shelly_tmcu.cpp:598     RX: 0x07 v=3 [0e04000101] (state Ready)
12:03:07      TMCU: D shelly_tmcu.cpp:598     RX: 0x07 v=3 [1102000400000002] (state Ready)
12:03:07      TMCU: D shelly_tmcu.cpp:598     RX: 0x07 v=3 [0e04000101] (state Ready)
12:03:07      TMCU: D shelly_tmcu.cpp:598     RX: 0x07 v=3 [1102000400000002] (state Ready)
12:03:07      TMCU: D shelly_tmcu.cpp:598     RX: 0x07 v=3 [0e04000101] (state Ready)
12:03:07      TMCU: D shelly_tmcu.cpp:598     RX: 0x07 v=3 [1102000400000002] (state Ready)
12:03:07      TMCU: D shelly_tmcu.cpp:598     RX: 0x07 v=3 [0e04000101] (state Ready)
12:03:07      TMCU: D shelly_tmcu.cpp:598     RX: 0x07 v=3 [1102000400000002] (state Ready)
12:03:07      TMCU: D shelly_tmcu.cpp:598     RX: 0x07 v=3 [0e04000101] (state Ready)
12:03:07      TMCU: D shelly_tmcu.cpp:598     RX: 0x07 v=3 [1102000400000002] (state Ready)
12:03:07      TMCU: D shelly_tmcu.cpp:598     RX: 0x07 v=3 [0e04000101] (state Ready)
12:03:07      TMCU: D shelly_tmcu.cpp:598     RX: 0x07 v=3 [1102000400000002] (state Ready)
12:03:07      TMCU: D shelly_tmcu.cpp:598     RX: 0x07 v=3 [0e04000101] (state Ready)
12:03:07      TMCU: D shelly_tmcu.cpp:598     RX: 0x07 v=3 [1102000400000002] (state Ready)
12:03:07      TMCU: D shelly_tmcu.cpp:598     RX: 0x07 v=3 [0e04000101] (state Ready)
12:03:07      TMCU: D shelly_tmcu.cpp:598     RX: 0x07 v=3 [1102000400000002] (state Ready)
12:03:07      TMCU: D shelly_tmcu.cpp:598     RX: 0x07 v=3 [0e04000101] (state Ready)
12:03:07      TMCU: D shelly_tmcu.cpp:598     RX: 0x07 v=3 [1102000400000002] (state Ready)
12:03:07      TMCU: D shelly_tmcu.cpp:598     RX: 0x07 v=3 [0e04000101] (state Ready)
12:03:07      TMCU: D shelly_tmcu.cpp:598     RX: 0x07 v=3 [1102000400000002] (state Ready)
12:03:07      TMCU: D shelly_tmcu.cpp:598     RX: 0x07 v=3 [0e04000101] (state Ready)
12:03:07      TMCU: D shelly_tmcu.cpp:598     RX: 0x07 v=3 [1102000400000002] (state Ready)
12:03:07      TMCU: D shelly_tmcu.cpp:598     RX: 0x07 v=3 [0e04000101] (state Ready)
12:03:08      TMCU: D shelly_tmcu.cpp:598     RX: 0x07 v=3 [1102000400000002] (state Ready)
12:03:08      TMCU: D shelly_tmcu.cpp:598     RX: 0x07 v=3 [0e04000101] (state Ready)
12:03:08      TMCU: D shelly_tmcu.cpp:598     RX: 0x07 v=3 [1102000400000002] (state Ready)
12:03:08      TMCU: D shelly_tmcu.cpp:598     RX: 0x07 v=3 [0e04000101] (state Ready)
12:03:08      TMCU: D shelly_tmcu.cpp:598     RX: 0x07 v=3 [1102000400000002] (state Ready)
12:03:08      TMCU: D shelly_tmcu.cpp:598     RX: 0x07 v=3 [0e04000101] (state Ready)
12:03:08      TMCU: D shelly_tmcu.cpp:598     RX: 0x07 v=3 [1102000400000002] (state Ready)
12:03:08      TMCU: D shelly_tmcu.cpp:598     RX: 0x07 v=3 [0e04000101] (state Ready)
12:03:08      TMCU: D shelly_tmcu.cpp:598     RX: 0x07 v=3 [1102000400000002] (state Ready)
12:03:08      TMCU: D shelly_tmcu.cpp:598     RX: 0x07 v=3 [0e04000101] (state Ready)
12:03:08      TMCU: D shelly_tmcu.cpp:598     RX: 0x07 v=3 [1102000400000002] (state Ready)
12:03:08      TMCU: D shelly_tmcu.cpp:598     RX: 0x07 v=3 [0e04000101] (state Ready)
12:03:08      TMCU: D shelly_tmcu.cpp:598     RX: 0x07 v=3 [1102000400000002] (state Ready)
12:03:08      TMCU: D shelly_tmcu.cpp:598     RX: 0x07 v=3 [0e04000101] (state Ready)
12:03:08      TMCU: D shelly_tmcu.cpp:598     RX: 0x07 v=3 [1102000400000002] (state Ready)
12:03:08      TMCU: D shelly_tmcu.cpp:598     RX: 0x07 v=3 [0e04000101] (state Ready)
12:03:08      TMCU: D shelly_tmcu.cpp:598     RX: 0x07 v=3 [1102000400000002] (state Ready)
12:03:08      TMCU: D shelly_tmcu.cpp:598     RX: 0x07 v=3 [0e04000101] (state Ready)
12:03:08      TMCU: D shelly_tmcu.cpp:598     RX: 0x07 v=3 [1102000400000002] (state Ready)
12:03:08      TMCU: D shelly_tmcu.cpp:598     RX: 0x07 v=3 [0e04000101] (state Ready)
12:03:08      TMCU: D shelly_tmcu.cpp:598     RX: 0x07 v=3 [0e04000101] (state Ready)
12:03:08      TMCU: D shelly_tmcu.cpp:598     RX: 0x07 v=3 [1102000400000002] (state Ready)
12:03:08      TMCU: D shelly_tmcu.cpp:598     RX: 0x07 v=3 [0e04000101] (state Ready)
12:03:08      TMCU: D shelly_tmcu.cpp:598     RX: 0x07 v=3 [1102000400000002] (state Ready)
12:03:08      TMCU: D shelly_tmcu.cpp:598     RX: 0x07 v=3 [0e04000101] (state Ready)
12:03:08      TMCU: D shelly_tmcu.cpp:598     RX: 0x07 v=3 [1102000400000002] (state Ready)
12:03:08      TMCU: D shelly_tmcu.cpp:598     RX: 0x07 v=3 [0e04000101] (state Ready)
12:03:08      TMCU: D shelly_tmcu.cpp:598     RX: 0x07 v=3 [1102000400000002] (state Ready)
12:03:08      TMCU: D shelly_tmcu.cpp:598     RX: 0x07 v=3 [0e04000101] (state Ready)
12:03:08      TMCU: D shelly_tmcu.cpp:598     RX: 0x07 v=3 [1102000400000002] (state Ready)
12:03:09      TMCU: D shelly_tmcu.cpp:598     RX: 0x07 v=3 [0e04000101] (state Ready)
12:03:09      TMCU: D shelly_tmcu.cpp:598     RX: 0x07 v=3 [1102000400000002] (state Ready)
12:03:09      TMCU: D shelly_tmcu.cpp:598     RX: 0x07 v=3 [0e04000101] (state Ready)
12:03:09      TMCU: D shelly_tmcu.cpp:598     RX: 0x07 v=3 [1102000400000002] (state Ready)
12:03:09      TMCU: D shelly_tmcu.cpp:598     RX: 0x07 v=3 [0e04000101] (state Ready)
12:03:09      TMCU: D shelly_tmcu.cpp:598     RX: 0x07 v=3 [1102000400000002] (state Ready)
12:03:09      TMCU: D shelly_tmcu.cpp:598     RX: 0x07 v=3 [0e04000101] (state Ready)
12:03:09      TMCU: D shelly_tmcu.cpp:598     RX: 0x07 v=3 [1102000400000002] (state Ready)
12:03:09      TMCU: D shelly_tmcu.cpp:598     RX: 0x07 v=3 [0e04000101] (state Ready)
12:03:09      TMCU: D shelly_tmcu.cpp:598     RX: 0x07 v=3 [1102000400000002] (state Ready)
12:03:09      TMCU: D shelly_tmcu.cpp:598     RX: 0x07 v=3 [0e04000101] (state Ready)
12:03:09      TMCU: D shelly_tmcu.cpp:598     RX: 0x07 v=3 [1102000400000002] (state Ready)
12:03:09      TMCU: D shelly_tmcu.cpp:598     RX: 0x07 v=3 [0e04000101] (state Ready)
12:03:09      TMCU: D shelly_tmcu.cpp:598     RX: 0x07 v=3 [1102000400000002] (state Ready)
12:03:09      TMCU: D shelly_tmcu.cpp:598     RX: 0x07 v=3 [0e04000101] (state Ready)
12:03:09      TMCU: D shelly_tmcu.cpp:598     RX: 0x07 v=3 [1102000400000002] (state Ready)
12:03:09      TMCU: D shelly_tmcu.cpp:598     RX: 0x07 v=3 [0e04000101] (state Ready)
12:03:09      TMCU: D shelly_tmcu.cpp:598     RX: 0x07 v=3 [1102000400000002] (state Ready)
12:03:09      TMCU: D shelly_tmcu.cpp:598     RX: 0x07 v=3 [0e04000101] (state Ready)
12:03:10      TMCU: D shelly_tmcu.cpp:890     TX: 0x06 v=3 [1201000100] (Ready)
12:03:10  Q11: mikrokontroler nie odpowiada (Heartbeat timed out); kolejne takie same pomijam
12:03:10      TMCU: D shelly_tmcu.cpp:79      Tmcu Event 1 (0x3fca0ef8)
12:03:10      TMCU: D shelly_tmcu.cpp:862     same enum 14 = 1
12:03:10  Q11: mikrokontroler się odezwał
12:03:10      TMCU: D shelly_tmcu.cpp:598     RX: 0x07 v=3 [1102000400000002] (state Ready)
12:03:10      TMCU: D shelly_tmcu.cpp:598     RX: 0x07 v=3 [0e04000101] (state Ready)
12:03:10      TMCU: D shelly_tmcu.cpp:598     RX: 0x07 v=3 [1102000400000002] (state Ready)
12:03:10      TMCU: D shelly_tmcu.cpp:598     RX: 0x07 v=3 [0e04000101] (state Ready)
12:03:10      TMCU: D shelly_tmcu.cpp:598     RX: 0x07 v=3 [1102000400000002] (state Ready)
12:03:11      TMCU: D shelly_tmcu.cpp:598     RX: 0x07 v=3 [0e04000101] (state Ready)
12:03:11      TMCU: D shelly_tmcu.cpp:598     RX: 0x07 v=3 [1102000400000002] (state Ready)
12:03:11      TMCU: D shelly_tmcu.cpp:598     RX: 0x07 v=3 [0e04000101] (state Ready)
12:03:11      TMCU: D shelly_tmcu.cpp:598     RX: 0x07 v=3 [1102000400000002] (state Ready)
12:03:11      TMCU: D shelly_tmcu.cpp:598     RX: 0x07 v=3 [0e04000101] (state Ready)
12:03:11      TMCU: D shelly_tmcu.cpp:598     RX: 0x07 v=3 [1102000400000002] (state Ready)
12:03:11      TMCU: D shelly_tmcu.cpp:598     RX: 0x07 v=3 [0e04000101] (state Ready)
12:03:11      TMCU: D shelly_tmcu.cpp:598     RX: 0x07 v=3 [1102000400000002] (state Ready)
12:03:11      TMCU: D shelly_tmcu.cpp:598     RX: 0x07 v=3 [0e04000101] (state Ready)
12:03:11      TMCU: D shelly_tmcu.cpp:598     RX: 0x07 v=3 [1102000400000002] (state Ready)
12:03:11      TMCU: D shelly_tmcu.cpp:598     RX: 0x07 v=3 [0e04000101] (state Ready)
12:03:11      TMCU: D shelly_tmcu.cpp:598     RX: 0x07 v=3 [1102000400000002] (state Ready)
12:03:11      TMCU: D shelly_tmcu.cpp:598     RX: 0x07 v=3 [0e04000101] (state Ready)
12:03:11      TMCU: D shelly_tmcu.cpp:598     RX: 0x07 v=3 [1102000400000002] (state Ready)
12:03:11      TMCU: D shelly_tmcu.cpp:598     RX: 0x07 v=3 [0e04000101] (state Ready)
12:03:11      TMCU: D shelly_tmcu.cpp:598     RX: 0x07 v=3 [1102000400000002] (state Ready)
12:03:11      TMCU: D shelly_tmcu.cpp:598     RX: 0x07 v=3 [0e04000101] (state Ready)
12:03:11      TMCU: D shelly_tmcu.cpp:598     RX: 0x07 v=3 [1102000400000002] (state Ready)
12:03:11      TMCU: D shelly_tmcu.cpp:598     RX: 0x07 v=3 [0e04000101] (state Ready)
12:03:11      TMCU: D shelly_tmcu.cpp:598     RX: 0x07 v=3 [1102000400000002] (state Ready)
12:03:11      TMCU: D shelly_tmcu.cpp:598     RX: 0x07 v=3 [0e04000101] (state Ready)
12:03:11      TMCU: D shelly_tmcu.cpp:598     RX: 0x07 v=3 [1102000400000002] (state Ready)
12:03:11      TMCU: D shelly_tmcu.cpp:598     RX: 0x07 v=3 [0e04000101] (state Ready)
12:03:11      TMCU: D shelly_tmcu.cpp:598     RX: 0x07 v=3 [1102000400000002] (state Ready)
12:03:12      TMCU: D shelly_tmcu.cpp:598     RX: 0x07 v=3 [0e04000101] (state Ready)
12:03:12      TMCU: D shelly_tmcu.cpp:598     RX: 0x07 v=3 [1102000400000002] (state Ready)
12:03:12      TMCU: D shelly_tmcu.cpp:598     RX: 0x07 v=3 [1102000400000002] (state Ready)
12:03:12      TMCU: D shelly_tmcu.cpp:598     RX: 0x07 v=3 [0e04000101] (state Ready)
12:03:12      TMCU: D shelly_tmcu.cpp:598     RX: 0x07 v=3 [1102000400000002] (state Ready)
12:03:12      TMCU: D shelly_tmcu.cpp:598     RX: 0x07 v=3 [0e04000101] (state Ready)
12:03:12      TMCU: D shelly_tmcu.cpp:598     RX: 0x07 v=3 [1102000400000002] (state Ready)
12:03:12      TMCU: D shelly_tmcu.cpp:598     RX: 0x07 v=3 [0e04000101] (state Ready)
12:03:12      TMCU: D shelly_tmcu.cpp:598     RX: 0x07 v=3 [1102000400000002] (state Ready)
12:03:12      TMCU: D shelly_tmcu.cpp:598     RX: 0x07 v=3 [0e04000101] (state Ready)
12:03:12      TMCU: D shelly_tmcu.cpp:598     RX: 0x07 v=3 [1102000400000002] (state Ready)
12:03:12      TMCU: D shelly_tmcu.cpp:598     RX: 0x07 v=3 [0e04000101] (state Ready)
12:03:12  Q11: mikrokontroler nie odpowiada (Heartbeat timed out); kolejne takie same pomijam
12:03:12  Q11: mikrokontroler się odezwał
12:03:12      TMCU: D shelly_tmcu.cpp:598     RX: 0x07 v=3 [1102000400000002] (state Ready)
12:03:12      TMCU: D shelly_tmcu.cpp:598     RX: 0x07 v=3 [0e04000101] (state Ready)
12:03:18      TMCU: D shelly_tmcu.cpp:890     TX: 0x06 v=3 [1201000101] (Ready)
12:03:18      TMCU: D shelly_tmcu.cpp:598     RX: 0x07 v=3 [1201000101] (state Ready)
12:03:21      TMCU: D shelly_tmcu.cpp:890     TX: 0x06 v=3 [1201000100] (Ready)
12:03:21      TMCU: D shelly_tmcu.cpp:598     RX: 0x07 v=3 [1201000100] (state Ready)
12:03:21      TMCU: D shelly_tmcu.cpp:860     upd bool 18 = false
12:03:21      TMCU: D shelly_tmcu.cpp:79      Tmcu Event 4 (0x3fca0d80)
12:03:23      TMCU: D shelly_tmcu.cpp:890     TX: 0x06 v=3 [1201000101] (Ready)
12:03:23      TMCU: D shelly_tmcu.cpp:938     response to 07 timed out after 0.4277 s
12:03:23      TMCU: D shelly_tmcu.cpp:890     TX: 0x06 v=3 [1201000101] (Ready)
12:03:24      TMCU: D shelly_tmcu.cpp:598     RX: 0x07 v=3 [1201000101] (state Ready)
12:03:24      TMCU: D shelly_tmcu.cpp:860     upd bool 18 = true
12:03:24      TMCU: D shelly_tmcu.cpp:79      Tmcu Event 4 (0x3fca0d80)
12:03:25      TMCU: D shelly_tmcu.cpp:890     TX: 0x06 v=3 [1201000100] (Ready)
12:03:25      TMCU: D shelly_tmcu.cpp:598     RX: 0x07 v=3 [1201000100] (state Ready)
12:03:25      TMCU: D shelly_tmcu.cpp:860     upd bool 18 = false
12:03:25      TMCU: D shelly_tmcu.cpp:79      Tmcu Event 4 (0x3fca0d80)
12:03:27      TMCU: D shelly_tmcu.cpp:598     RX: 0x07 v=3 [1201000100] (state Ready)
12:03:28      TMCU: D shelly_tmcu.cpp:890     TX: 0x06 v=3 [1201000101] (Ready)
12:03:29      TMCU: D shelly_tmcu.cpp:938     response to 07 timed out after 0.4238 s
12:03:29      TMCU: D shelly_tmcu.cpp:890     TX: 0x06 v=3 [1201000101] (Ready)
12:03:30      TMCU: D shelly_tmcu.cpp:890     TX: 0x06 v=3 [1201000100] (Ready)
12:03:30      TMCU: D shelly_tmcu.cpp:938     response to 07 timed out after 0.3822 s
12:03:30      TMCU: D shelly_tmcu.cpp:890     TX: 0x06 v=3 [1201000100] (Ready)
12:03:32      TMCU: D shelly_tmcu.cpp:598     RX: 0x07 v=3 [0800000700000000000000] (state Ready)
12:03:32      TMCU: D shelly_tmcu.cpp:598     RX: 0x07 v=3 [0902000400000000] (state Ready)
12:03:35      TMCU: D shelly_tmcu.cpp:598     RX: 0x07 v=3 [0700000700000000000000] (state Ready)
12:03:35      TMCU: D shelly_tmcu.cpp:598     RX: 0x07 v=3 [0800000700000000000000] (state Ready)
12:03:35      TMCU: D shelly_tmcu.cpp:598     RX: 0x07 v=3 [0902000400000000] (state Ready)
12:03:37      TMCU: D shelly_tmcu.cpp:890     TX: 0x06 v=3 [1201000101] (Ready)
12:03:37      TMCU: D shelly_tmcu.cpp:860     upd bool 18 = true
12:03:37      TMCU: D shelly_tmcu.cpp:79      Tmcu Event 4 (0x3fca0d80)
12:03:40      TMCU: D shelly_tmcu.cpp:598     RX: 0x07 v=3 [0700000700000000000000] (state Ready)
12:03:40      TMCU: D shelly_tmcu.cpp:598     RX: 0x07 v=3 [0800000700000000000000] (state Ready)
12:03:40      TMCU: D shelly_tmcu.cpp:598     RX: 0x07 v=3 [0902000400000000] (state Ready)
12:03:40      TMCU: D shelly_tmcu.cpp:598     RX: 0x07 v=3 [1201000101] (state Ready)
12:03:42      TMCU: D shelly_tmcu.cpp:598     RX: 0x07 v=3 [1201000100] (state Ready)
12:03:42      TMCU: D shelly_tmcu.cpp:860     upd bool 18 = false
12:03:42      TMCU: D shelly_tmcu.cpp:79      Tmcu Event 4 (0x3fca0d80)
12:03:43      TMCU: D shelly_tmcu.cpp:598     RX: 0x07 v=3 [1201000100] (state Ready)
12:03:47      TMCU: D shelly_tmcu.cpp:598     RX: 0x07 v=3 [0700000700000000000000] (state Ready)
12:03:47      TMCU: D shelly_tmcu.cpp:598     RX: 0x07 v=3 [0800000700000000000000] (state Ready)
12:03:47      TMCU: D shelly_tmcu.cpp:598     RX: 0x07 v=3 [0902000400000000] (state Ready)
12:03:48      TMCU: D shelly_tmcu.cpp:890     TX: 0x06 v=3 [0402000400000009] (Ready)
12:03:48      TMCU: D shelly_tmcu.cpp:598     RX: 0x07 v=3 [040200040000000e] (state Ready)
12:03:48      TMCU: D shelly_tmcu.cpp:598     RX: 0x07 v=3 [0402000400000009] (state Ready)
12:03:48      TMCU: D shelly_tmcu.cpp:860     upd int 4 = 9
12:03:48      TMCU: D shelly_tmcu.cpp:79      Tmcu Event 4 (0x3fca0d80)
12:03:50      TMCU: D shelly_tmcu.cpp:890     TX: 0x06 v=3 [0402000400000006] (Ready)
12:03:51      TMCU: D shelly_tmcu.cpp:938     response to 07 timed out after 0.3264 s
12:03:51      TMCU: D shelly_tmcu.cpp:890     TX: 0x06 v=3 [0402000400000006] (Ready)
12:03:51      TMCU: D shelly_tmcu.cpp:598     RX: 0x07 v=3 [0402000400000009] (state Ready)
12:03:52      TMCU: D shelly_tmcu.cpp:598     RX: 0x07 v=3 [0402000400000006] (state Ready)
12:03:52      TMCU: D shelly_tmcu.cpp:860     upd int 4 = 6
12:03:52      TMCU: D shelly_tmcu.cpp:79      Tmcu Event 4 (0x3fca0d80)
12:04:01  [strona WWW] polecenie RPC.Ping
12:04:06      TMCU: D shelly_tmcu.cpp:598     RX: 0x07 v=3 [0600000700000000000000] (state Ready)
12:04:07      TMCU: D shelly_tmcu.cpp:598     RX: 0x07 v=3 [0700000700000000000000] (state Ready)
12:04:07      TMCU: D shelly_tmcu.cpp:598     RX: 0x07 v=3 [0800000700000000000000] (state Ready)
12:04:07      TMCU: D shelly_tmcu.cpp:598     RX: 0x07 v=3 [0902000400000000] (state Ready)
12:04:12  [strona WWW] polecenie RPC.Ping
12:04:23  [strona WWW] polecenie RPC.Ping
12:04:34  [strona WWW] polecenie RPC.Ping
12:04:45  [strona WWW] polecenie RPC.Ping
12:04:56  [strona WWW] polecenie RPC.Ping
12:05:07  [strona WWW] polecenie RPC.Ping
12:05:18  [strona WWW] polecenie RPC.Ping
12:05:29  [strona WWW] polecenie RPC.Ping
12:05:40  [strona WWW] polecenie RPC.Ping
12:05:51  [strona WWW] polecenie RPC.Ping
12:06:02  [strona WWW] polecenie RPC.Ping
12:06:13  [strona WWW] polecenie RPC.Ping
12:06:13      TMCU: D shelly_tmcu.cpp:598     RX: 0x07 v=3 [1802000400000017] (state Ready)
12:06:13      TMCU: D shelly_tmcu.cpp:860     upd int 24 = 23
12:06:13      TMCU: D shelly_tmcu.cpp:79      Tmcu Event 4 (0x3fca0d80)
12:06:24  [strona WWW] polecenie RPC.Ping
12:06:35  [strona WWW] polecenie RPC.Ping
12:06:46  [strona WWW] polecenie RPC.Ping
12:06:57  [strona WWW] polecenie RPC.Ping
12:07:08  [strona WWW] polecenie RPC.Ping
12:07:19  [strona WWW] polecenie RPC.Ping
12:07:30  [strona WWW] polecenie RPC.Ping
12:07:41  [strona WWW] polecenie RPC.Ping
12:07:52  [strona WWW] polecenie RPC.Ping
12:08:03  [strona WWW] polecenie RPC.Ping
12:08:14  [strona WWW] polecenie RPC.Ping
12:08:25  [strona WWW] polecenie RPC.Ping
12:08:36  [strona WWW] polecenie RPC.Ping
12:08:47  [strona WWW] polecenie RPC.Ping
12:08:58  [strona WWW] polecenie RPC.Ping
12:09:09  [strona WWW] polecenie RPC.Ping
12:09:20  [strona WWW] polecenie RPC.Ping
12:09:31  [strona WWW] polecenie RPC.Ping
12:09:42  [strona WWW] polecenie RPC.Ping
12:09:53  [strona WWW] polecenie RPC.Ping
12:10:04  [strona WWW] polecenie RPC.Ping
12:10:15  [strona WWW] polecenie RPC.Ping
12:10:26  [strona WWW] polecenie RPC.Ping
12:10:37  [strona WWW] polecenie RPC.Ping
12:10:48  [strona WWW] polecenie RPC.Ping
12:10:59  [strona WWW] polecenie RPC.Ping
12:11:10  [strona WWW] polecenie RPC.Ping
12:11:21  [strona WWW] polecenie RPC.Ping
12:11:32  [strona WWW] polecenie RPC.Ping
12:11:43  [strona WWW] polecenie RPC.Ping
12:11:54  [strona WWW] polecenie RPC.Ping
12:12:05  [strona WWW] polecenie RPC.Ping
12:12:16  [strona WWW] polecenie RPC.Ping
12:12:27  [strona WWW] polecenie RPC.Ping
12:12:34      TMCU: D shelly_tmcu.cpp:598     RX: 0x07 v=3 [1802000400000016] (state Ready)
12:12:34      TMCU: D shelly_tmcu.cpp:860     upd int 24 = 22
12:12:34      TMCU: D shelly_tmcu.cpp:79      Tmcu Event 4 (0x3fca0d80)
12:12:45  [strona WWW] polecenie RPC.Ping
12:12:56  [strona WWW] polecenie RPC.Ping
12:13:07  [strona WWW] polecenie RPC.Ping
12:13:18  [strona WWW] polecenie RPC.Ping
12:13:29  [strona WWW] polecenie RPC.Ping
12:13:40  [strona WWW] polecenie RPC.Ping
12:13:51  [strona WWW] polecenie RPC.Ping
12:14:02  [strona WWW] polecenie RPC.Ping
12:14:13  [strona WWW] polecenie RPC.Ping
12:14:24  [strona WWW] polecenie RPC.Ping
12:14:35  [strona WWW] polecenie RPC.Ping
12:14:46  [strona WWW] polecenie RPC.Ping
12:14:47  Q11: mikrokontroler nie odpowiada (Heartbeat timed out); kolejne takie same pomijam
12:14:47      TMCU: D shelly_tmcu.cpp:79      Tmcu Event 1 (0x3fca0ef8)
12:14:48  Q11: mikrokontroler się odezwał
12:14:48      TMCU: D shelly_tmcu.cpp:598     RX: 0x00 v=3 [01] (state Ready)
12:14:57  [strona WWW] polecenie RPC.Ping
12:15:08  [strona WWW] polecenie RPC.Ping
12:15:19  [strona WWW] polecenie RPC.Ping
12:15:30  [strona WWW] polecenie RPC.Ping
12:15:41  [strona WWW] polecenie RPC.Ping
12:15:52  [strona WWW] polecenie RPC.Ping
12:16:03  [strona WWW] polecenie RPC.Ping
12:16:14  [strona WWW] polecenie RPC.Ping
12:16:25  [strona WWW] polecenie RPC.Ping
12:16:36  [strona WWW] polecenie RPC.Ping
12:16:47  [strona WWW] polecenie RPC.Ping
12:16:58  [strona WWW] polecenie RPC.Ping
12:17:09  [strona WWW] polecenie RPC.Ping
12:17:20  [strona WWW] polecenie RPC.Ping
12:17:31  [strona WWW] polecenie RPC.Ping
12:17:42  [strona WWW] polecenie RPC.Ping
12:17:53  [strona WWW] polecenie RPC.Ping
12:18:04  [strona WWW] polecenie RPC.Ping
12:18:15  [strona WWW] polecenie RPC.Ping
12:18:26  [strona WWW] polecenie RPC.Ping
12:18:37  [strona WWW] polecenie RPC.Ping
12:18:48  [strona WWW] polecenie RPC.Ping
12:18:55      TMCU: D shelly_tmcu.cpp:598     RX: 0x07 v=3 [1802000400000016] (state Ready)
12:18:59  [strona WWW] polecenie RPC.Ping
12:19:10  [strona WWW] polecenie RPC.Ping
12:19:21  [strona WWW] polecenie RPC.Ping
12:19:32  [strona WWW] polecenie RPC.Ping
12:19:38      TMCU: D shelly_tmcu.cpp:890     TX: 0x34 v=3 [02ff1a091d0c132e02] (Ready)
12:19:49  [strona WWW] polecenie RPC.Ping
12:20:00  [strona WWW] polecenie RPC.Ping
12:20:11  [strona WWW] polecenie RPC.Ping
12:20:22  [strona WWW] polecenie RPC.Ping
12:20:33  [strona WWW] polecenie RPC.Ping
12:20:44  [strona WWW] polecenie RPC.Ping
12:20:55  [strona WWW] polecenie RPC.Ping
12:21:06  [strona WWW] polecenie RPC.Ping
12:21:17  [strona WWW] polecenie RPC.Ping
12:21:28  [strona WWW] polecenie RPC.Ping
12:21:39  [strona WWW] polecenie RPC.Ping
12:21:50  [strona WWW] polecenie RPC.Ping
12:22:01  [strona WWW] polecenie RPC.Ping
12:22:12  [strona WWW] polecenie RPC.Ping
12:22:23  [strona WWW] polecenie RPC.Ping
12:22:34  [strona WWW] polecenie RPC.Ping
12:22:45  [strona WWW] polecenie RPC.Ping
12:22:56  [strona WWW] polecenie RPC.Ping
12:23:07  [strona WWW] polecenie RPC.Ping
12:23:18  [strona WWW] polecenie RPC.Ping
12:23:29  [strona WWW] polecenie RPC.Ping
12:23:40  [strona WWW] polecenie RPC.Ping
12:23:51  [strona WWW] polecenie RPC.Ping
12:24:02  [strona WWW] polecenie RPC.Ping
12:24:13  [strona WWW] polecenie RPC.Ping
12:24:24  [strona WWW] polecenie RPC.Ping
12:24:35  [strona WWW] polecenie RPC.Ping
12:24:46  [strona WWW] polecenie RPC.Ping
12:24:57  [strona WWW] polecenie RPC.Ping
12:25:08  [strona WWW] polecenie RPC.Ping
12:25:16      TMCU: D shelly_tmcu.cpp:598     RX: 0x07 v=3 [1802000400000016] (state Ready)
12:25:19  [strona WWW] polecenie RPC.Ping
12:25:30  [strona WWW] polecenie RPC.Ping
12:25:41  [strona WWW] polecenie RPC.Ping
12:25:52  [strona WWW] polecenie RPC.Ping
12:26:03  [strona WWW] polecenie RPC.Ping
12:26:14  [strona WWW] polecenie RPC.Ping
12:26:25  [strona WWW] polecenie RPC.Ping
12:26:36  [strona WWW] polecenie RPC.Ping
12:26:47  [strona WWW] polecenie RPC.Ping
12:26:58  [strona WWW] polecenie RPC.Ping
12:27:09  [strona WWW] polecenie RPC.Ping
12:27:20  [strona WWW] polecenie RPC.Ping
12:27:31  [strona WWW] polecenie RPC.Ping
12:27:42  [strona WWW] polecenie RPC.Ping
12:27:53  [strona WWW] polecenie RPC.Ping
12:28:04  [strona WWW] polecenie RPC.Ping
12:28:15  [strona WWW] polecenie RPC.Ping
12:28:26  [strona WWW] polecenie RPC.Ping
12:28:37  [strona WWW] polecenie RPC.Ping
12:28:48  [strona WWW] polecenie RPC.Ping
12:28:59  [strona WWW] polecenie RPC.Ping
12:29:10  [strona WWW] polecenie RPC.Ping
12:29:21  [strona WWW] polecenie RPC.Ping
12:29:32  [strona WWW] polecenie RPC.Ping
12:29:43  [strona WWW] polecenie RPC.Ping
12:29:54  [strona WWW] polecenie RPC.Ping
12:30:05  [strona WWW] polecenie RPC.Ping
12:30:16  [strona WWW] polecenie RPC.Ping
12:30:27  [strona WWW] polecenie RPC.Ping
12:30:38  [strona WWW] polecenie RPC.Ping
12:30:49  [strona WWW] polecenie RPC.Ping
12:31:00  [strona WWW] polecenie RPC.Ping
12:31:11  [strona WWW] polecenie RPC.Ping
12:31:22  [strona WWW] polecenie RPC.Ping
12:31:33  [strona WWW] polecenie RPC.Ping
12:31:36      TMCU: D shelly_tmcu.cpp:598     RX: 0x07 v=3 [1802000400000016] (state Ready)
12:31:44  [strona WWW] polecenie RPC.Ping
12:31:55  [strona WWW] polecenie RPC.Ping
12:32:06  [strona WWW] polecenie RPC.Ping
12:32:17  [strona WWW] polecenie RPC.Ping
12:32:28  [strona WWW] polecenie RPC.Ping
12:32:39  [strona WWW] polecenie RPC.Ping
12:32:50  [strona WWW] polecenie RPC.Ping
12:33:01  [strona WWW] polecenie RPC.Ping
12:33:12  [strona WWW] polecenie RPC.Ping
12:33:23  [strona WWW] polecenie RPC.Ping
12:33:34  [strona WWW] polecenie RPC.Ping
12:33:45  [strona WWW] polecenie RPC.Ping
12:33:56  [strona WWW] polecenie RPC.Ping
12:34:07  [strona WWW] polecenie RPC.Ping
12:34:18  [strona WWW] polecenie RPC.Ping
12:34:29  [strona WWW] polecenie RPC.Ping
12:34:40  [strona WWW] polecenie RPC.Ping
12:34:51  [strona WWW] polecenie RPC.Ping
12:35:02  [strona WWW] polecenie RPC.Ping
12:35:13  [strona WWW] polecenie RPC.Ping
12:35:24  [strona WWW] polecenie RPC.Ping
12:35:35  [strona WWW] polecenie RPC.Ping
12:35:46  [strona WWW] polecenie RPC.Ping
12:35:57  [strona WWW] polecenie RPC.Ping
12:36:08  [strona WWW] polecenie RPC.Ping
12:36:19  [strona WWW] polecenie RPC.Ping
12:36:30  [strona WWW] polecenie RPC.Ping
12:36:41  [strona WWW] polecenie RPC.Ping
12:36:52  [strona WWW] polecenie RPC.Ping
12:37:03  [strona WWW] polecenie RPC.Ping
12:37:14  [strona WWW] polecenie RPC.Ping
12:37:25  [strona WWW] polecenie RPC.Ping
12:37:36  [strona WWW] polecenie RPC.Ping
12:37:47  [strona WWW] polecenie RPC.Ping
12:37:57      TMCU: D shelly_tmcu.cpp:598     RX: 0x07 v=3 [1802000400000016] (state Ready)
12:37:58  [strona WWW] polecenie RPC.Ping
12:38:09  [strona WWW] polecenie RPC.Ping
12:38:20  [strona WWW] polecenie RPC.Ping
12:38:31  [strona WWW] polecenie RPC.Ping
12:38:42  [strona WWW] polecenie RPC.Ping
12:38:53  [strona WWW] polecenie RPC.Ping
12:39:04  [strona WWW] polecenie RPC.Ping
12:39:15  [strona WWW] polecenie RPC.Ping
12:39:26  [strona WWW] polecenie RPC.Ping
12:39:37  [strona WWW] polecenie RPC.Ping
12:39:48  [strona WWW] polecenie RPC.Ping
12:39:59  [strona WWW] polecenie RPC.Ping
12:40:10  [strona WWW] polecenie RPC.Ping
12:40:21  [strona WWW] polecenie RPC.Ping
12:40:32  [strona WWW] polecenie RPC.Ping
12:40:43  [strona WWW] polecenie RPC.Ping
12:40:54  [strona WWW] polecenie RPC.Ping
12:41:05  [strona WWW] polecenie RPC.Ping
12:41:16  [strona WWW] polecenie RPC.Ping
12:41:27  [strona WWW] polecenie RPC.Ping
12:41:38  [strona WWW] polecenie RPC.Ping
12:41:49  [strona WWW] polecenie RPC.Ping
12:42:00  [strona WWW] polecenie RPC.Ping
12:42:11  [strona WWW] polecenie RPC.Ping
12:42:22  [strona WWW] polecenie RPC.Ping
12:42:33  [strona WWW] polecenie RPC.Ping
12:42:44  [strona WWW] polecenie RPC.Ping
12:42:55  [strona WWW] polecenie RPC.Ping
12:43:06  [strona WWW] polecenie RPC.Ping
12:43:17  [strona WWW] polecenie RPC.Ping
12:43:28  [strona WWW] polecenie RPC.Ping
12:43:39  [strona WWW] polecenie RPC.Ping
12:43:50  [strona WWW] polecenie RPC.Ping
12:44:01  [strona WWW] polecenie RPC.Ping
12:44:12  [strona WWW] polecenie RPC.Ping
12:44:18      TMCU: D shelly_tmcu.cpp:598     RX: 0x07 v=3 [1802000400000016] (state Ready)
12:44:23  [strona WWW] polecenie RPC.Ping
12:44:34  [strona WWW] polecenie RPC.Ping
12:44:45  [strona WWW] polecenie RPC.Ping
12:44:56  [strona WWW] polecenie RPC.Ping
12:45:07  [strona WWW] polecenie RPC.Ping
12:45:18  [strona WWW] polecenie RPC.Ping
12:45:29  [strona WWW] polecenie RPC.Ping
12:45:40  [strona WWW] polecenie RPC.Ping
12:45:51  [strona WWW] polecenie RPC.Ping
12:46:02  [strona WWW] polecenie RPC.Ping
12:46:13  [strona WWW] polecenie RPC.Ping
12:46:24  [strona WWW] polecenie RPC.Ping
12:46:35  [strona WWW] polecenie RPC.Ping
12:46:46  [strona WWW] polecenie RPC.Ping
12:46:57  [strona WWW] polecenie RPC.Ping
12:47:08  [strona WWW] polecenie RPC.Ping
12:47:19  [strona WWW] polecenie RPC.Ping
12:47:30  [strona WWW] polecenie RPC.Ping
12:47:41  [strona WWW] polecenie RPC.Ping
12:47:52  [strona WWW] polecenie RPC.Ping
12:48:03  [strona WWW] polecenie RPC.Ping
12:48:14  [strona WWW] polecenie RPC.Ping
12:48:25  [strona WWW] polecenie RPC.Ping
12:48:28      TMCU: D shelly_tmcu.cpp:890     TX: 0x34 v=3 [02ff1a091d0c302402] (Ready)
12:48:39  [strona WWW] polecenie RPC.Ping
12:48:50  [strona WWW] polecenie RPC.Ping
12:49:01  [strona WWW] polecenie RPC.Ping
12:49:12  [strona WWW] polecenie RPC.Ping
12:49:23  [strona WWW] polecenie RPC.Ping
12:49:34  [strona WWW] polecenie RPC.Ping
12:49:45  [strona WWW] polecenie RPC.Ping
12:49:56  [strona WWW] polecenie RPC.Ping
12:50:07  [strona WWW] polecenie RPC.Ping
12:50:18  [strona WWW] polecenie RPC.Ping
12:50:29  [strona WWW] polecenie RPC.Ping
12:50:39      TMCU: D shelly_tmcu.cpp:598     RX: 0x07 v=3 [1802000400000016] (state Ready)
12:50:40  [strona WWW] polecenie RPC.Ping
12:50:51  [strona WWW] polecenie RPC.Ping
12:51:02  [strona WWW] polecenie RPC.Ping
12:51:13  [strona WWW] polecenie RPC.Ping
12:51:24  [strona WWW] polecenie RPC.Ping
12:51:35  [strona WWW] polecenie RPC.Ping
12:51:46  [strona WWW] polecenie RPC.Ping
12:51:57  [strona WWW] polecenie RPC.Ping
12:52:08  [strona WWW] polecenie RPC.Ping
12:52:19  [strona WWW] polecenie RPC.Ping
12:52:30  [strona WWW] polecenie RPC.Ping
12:52:41  [strona WWW] polecenie RPC.Ping
12:52:52  [strona WWW] polecenie RPC.Ping
12:53:03  [strona WWW] polecenie RPC.Ping
12:53:14  [strona WWW] polecenie RPC.Ping
12:53:25  [strona WWW] polecenie RPC.Ping
12:53:36  [strona WWW] polecenie RPC.Ping
12:53:47  [strona WWW] polecenie RPC.Ping
12:53:58  [strona WWW] polecenie RPC.Ping
12:54:09  [strona WWW] polecenie RPC.Ping
12:54:20  [strona WWW] polecenie RPC.Ping
12:54:31  [strona WWW] polecenie RPC.Ping
12:54:42  [strona WWW] polecenie RPC.Ping
12:54:53  [strona WWW] polecenie RPC.Ping
12:55:04  [strona WWW] polecenie RPC.Ping
12:55:15  [strona WWW] polecenie RPC.Ping
12:55:26  [strona WWW] polecenie RPC.Ping
12:55:37  [strona WWW] polecenie RPC.Ping
12:55:48  [strona WWW] polecenie RPC.Ping
12:55:59  [strona WWW] polecenie RPC.Ping
12:56:10  [strona WWW] polecenie RPC.Ping
12:56:21  [strona WWW] polecenie RPC.Ping
12:56:32  [strona WWW] polecenie RPC.Ping
12:56:43  [strona WWW] polecenie RPC.Ping
12:56:54  [strona WWW] polecenie RPC.Ping
12:57:00      TMCU: D shelly_tmcu.cpp:598     RX: 0x07 v=3 [1802000400000016] (state Ready)
12:57:05  [strona WWW] polecenie RPC.Ping
12:57:16  [strona WWW] polecenie RPC.Ping
12:57:27  [strona WWW] polecenie RPC.Ping
12:57:38  [strona WWW] polecenie RPC.Ping
12:57:49  [strona WWW] polecenie RPC.Ping
12:58:00  [strona WWW] polecenie RPC.Ping
12:58:11  [strona WWW] polecenie RPC.Ping
12:58:22  [strona WWW] polecenie RPC.Ping
12:58:33  [strona WWW] polecenie RPC.Ping
12:58:44  [strona WWW] polecenie RPC.Ping
12:58:55  [strona WWW] polecenie RPC.Ping
12:59:06  [strona WWW] polecenie RPC.Ping
12:59:17  [strona WWW] polecenie RPC.Ping
12:59:28  [strona WWW] polecenie RPC.Ping
12:59:39  [strona WWW] polecenie RPC.Ping
12:59:50  [strona WWW] polecenie RPC.Ping
13:00:01  [strona WWW] polecenie RPC.Ping
13:00:12  [strona WWW] polecenie RPC.Ping
13:00:23  [strona WWW] polecenie RPC.Ping
13:00:34  [strona WWW] polecenie RPC.Ping
13:00:45  [strona WWW] polecenie RPC.Ping
13:00:56  [strona WWW] polecenie RPC.Ping
13:01:07  [strona WWW] polecenie RPC.Ping
13:01:18  [strona WWW] polecenie RPC.Ping
13:01:29  [strona WWW] polecenie RPC.Ping
13:01:40  [strona WWW] polecenie RPC.Ping
13:01:51  [strona WWW] polecenie RPC.Ping
13:02:02  [strona WWW] polecenie RPC.Ping
13:02:13  [strona WWW] polecenie RPC.Ping
13:02:24  [strona WWW] polecenie RPC.Ping
13:02:35  [strona WWW] polecenie RPC.Ping
13:02:46  [strona WWW] polecenie RPC.Ping
13:02:57  [strona WWW] polecenie RPC.Ping
13:03:08  [strona WWW] polecenie RPC.Ping
13:03:19  [strona WWW] polecenie RPC.Ping
13:03:21      TMCU: D shelly_tmcu.cpp:598     RX: 0x07 v=3 [1802000400000016] (state Ready)
13:03:30  [strona WWW] polecenie RPC.Ping
13:03:41  [strona WWW] polecenie RPC.Ping
13:03:52  [strona WWW] polecenie RPC.Ping
13:04:03  [strona WWW] polecenie RPC.Ping
13:04:14  [strona WWW] polecenie RPC.Ping
13:04:25  [strona WWW] polecenie RPC.Ping
13:04:36  [strona WWW] polecenie RPC.Ping
13:04:47  [strona WWW] polecenie RPC.Ping
13:04:58  [strona WWW] polecenie RPC.Ping
13:05:09  [strona WWW] polecenie RPC.Ping
13:05:20  [strona WWW] polecenie RPC.Ping
13:05:31  [strona WWW] polecenie RPC.Ping
13:05:42  [strona WWW] polecenie RPC.Ping
13:05:53  [strona WWW] polecenie RPC.Ping
13:06:04  [strona WWW] polecenie RPC.Ping
13:06:15  [strona WWW] polecenie RPC.Ping
13:06:26  [strona WWW] polecenie RPC.Ping
13:06:37  [strona WWW] polecenie RPC.Ping
13:06:48  [strona WWW] polecenie RPC.Ping
13:06:59  [strona WWW] polecenie RPC.Ping
13:07:10  [strona WWW] polecenie RPC.Ping
13:07:21  [strona WWW] polecenie RPC.Ping
13:07:32  [strona WWW] polecenie RPC.Ping
13:07:43  [strona WWW] polecenie RPC.Ping
13:07:54  [strona WWW] polecenie RPC.Ping
13:08:05  [strona WWW] polecenie RPC.Ping
13:08:16  [strona WWW] polecenie RPC.Ping
13:08:27  [strona WWW] polecenie RPC.Ping
13:08:38  [strona WWW] polecenie RPC.Ping
13:09:41      TMCU: D shelly_tmcu.cpp:598     RX: 0x07 v=3 [1802000400000016] (state Ready)
13:11:23  !!  E hos_http_server.cpp:406 192.168.0.57:59062: No handler for '/q11-wgranie'
13:11:24  !!  E hos_http_server.cpp:406 192.168.0.57:50860: No handler for '/favicon.ico'
13:14:17  [strona WWW] polecenie Service.PutFile
13:14:19  [strona WWW] polecenie Service.PutFile
13:14:19  [strona WWW] polecenie Service.PutFile
13:14:20  [strona WWW] polecenie Service.PutFile
13:14:22  [strona WWW] polecenie Service.PutFile
13:14:23  [strona WWW] polecenie Service.PutFile
13:14:25  [strona WWW] polecenie Service.PutFile
13:14:28  [strona WWW] polecenie Service.PutFile
13:14:29  [strona WWW] polecenie Service.PutFile
13:14:29  [strona WWW] polecenie Service.PutFile
13:15:17  Log przez Wi-Fi: brak połączenia (45 s bez żadnego wiersza logu); ponawiam za 5 s
13:15:30  Log przez Wi-Fi: połączono z 192.168.0.238
13:15:31  [strona WWW] polecenie Service.GetInfo
13:15:31  [strona WWW] strona DevKitu została otwarta
13:15:34  [strona WWW] strona DevKitu została otwarta
13:16:05      TMCU: D shelly_tmcu.cpp:598     RX: 0x07 v=3 [1802000400000016] (state Ready)
13:16:41  !!  E shelly_service.cpp:990  GetConfig -> OK
13:17:48  [strona WWW] polecenie Shelly.Reboot
13:17:49  Log przez Wi-Fi: brak połączenia (DevKit zamknął log); ponawiam za 5 s
13:18:04  Log przez Wi-Fi: brak połączenia (timed out); ponawiam za 5 s
13:18:14  Log przez Wi-Fi: połączono z 192.168.0.238
13:18:17  [strona WWW] strona DevKitu została otwarta
13:18:40  [strona WWW] strona DevKitu została otwarta
13:20:27  [strona WWW] strona DevKitu została otwarta
13:22:27      TMCU: D shelly_tmcu.cpp:598     RX: 0x07 v=3 [1802000400000016] (state Ready)
13:22:45  !!  E hos_http_server.cpp:406 192.168.0.57:53986: No handler for '/q11-wgranie'
13:22:45  !!  E hos_http_server.cpp:406 192.168.0.57:58308: No handler for '/favicon.ico'
13:25:17  [strona WWW] polecenie Service.PutFile
13:25:19  [strona WWW] polecenie Service.PutFile
13:25:20  [strona WWW] polecenie Service.PutFile
13:25:21  [strona WWW] polecenie Service.PutFile
13:25:22  [strona WWW] polecenie Service.PutFile
13:25:23  [strona WWW] polecenie Service.PutFile
13:25:25  [strona WWW] polecenie Service.PutFile
13:25:26  [strona WWW] polecenie Service.PutFile
13:25:28  [strona WWW] polecenie Service.PutFile
13:25:30  [strona WWW] polecenie Service.PutFile
13:26:18  Log przez Wi-Fi: brak połączenia (45 s bez żadnego wiersza logu); ponawiam za 5 s
13:26:29  Log przez Wi-Fi: połączono z 192.168.0.238
13:26:31  [strona WWW] strona DevKitu została otwarta
13:26:50  [strona WWW] polecenie Service.GetInfo
13:27:13      TMCU: D shelly_tmcu.cpp:890     TX: 0x06 v=3 [0402000400000007] (Ready)
13:27:13      TMCU: D shelly_tmcu.cpp:598     RX: 0x07 v=3 [0402000400000006] (state Ready)
13:27:15      TMCU: D shelly_tmcu.cpp:598     RX: 0x07 v=3 [0402000400000007] (state Ready)
13:27:15      TMCU: D shelly_tmcu.cpp:860     upd int 4 = 7
13:27:15      TMCU: D shelly_tmcu.cpp:79      Tmcu Event 4 (0x3fca0d80)
13:27:18      TMCU: D shelly_tmcu.cpp:890     TX: 0x06 v=3 [0402000400000006] (Ready)
13:27:18      TMCU: D shelly_tmcu.cpp:598     RX: 0x07 v=3 [0402000400000007] (state Ready)
13:27:19      TMCU: D shelly_tmcu.cpp:598     RX: 0x07 v=3 [0402000400000006] (state Ready)
13:27:19      TMCU: D shelly_tmcu.cpp:860     upd int 4 = 6
13:27:19      TMCU: D shelly_tmcu.cpp:79      Tmcu Event 4 (0x3fca0d80)
13:28:51      TMCU: D shelly_tmcu.cpp:598     RX: 0x07 v=3 [1802000400000016] (state Ready)
13:35:12      TMCU: D shelly_tmcu.cpp:598     RX: 0x07 v=3 [1802000400000016] (state Ready)
13:41:33      TMCU: D shelly_tmcu.cpp:598     RX: 0x07 v=3 [1802000400000016] (state Ready)
13:43:26  [strona WWW] polecenie Shelly.Reboot
13:43:26  Log przez Wi-Fi: brak połączenia (DevKit zamknął log); ponawiam za 5 s
13:43:41  Log przez Wi-Fi: brak połączenia (timed out); ponawiam za 5 s
13:43:53  Log przez Wi-Fi: połączono z 192.168.0.238
13:43:54      TMCU: D shelly_tmcu.cpp:890     TX: 0x34 v=3 [02ff1a091d0d2c0102] (Ready)
13:43:55  [strona WWW] strona DevKitu została otwarta
13:44:03  [SHC] polecenie service.getinfo
13:44:04  [SHC] polecenie shc.channelready
13:44:24      TMCU: D shelly_tmcu.cpp:890     TX: 0x06 v=3 [040200040000000c] (Ready)
13:44:24      TMCU: D shelly_tmcu.cpp:938     response to 07 timed out after 0.3564 s
13:44:24      TMCU: D shelly_tmcu.cpp:890     TX: 0x06 v=3 [040200040000000c] (Ready)
13:44:24      TMCU: D shelly_tmcu.cpp:598     RX: 0x07 v=3 [0402000400000006] (state Ready)
13:44:24  [SHC] polecenie boolean.set
13:44:25      TMCU: D shelly_tmcu.cpp:598     RX: 0x07 v=3 [040200040000000c] (state Ready)
13:44:25      TMCU: D shelly_tmcu.cpp:860     upd int 4 = 12
13:44:25      TMCU: D shelly_tmcu.cpp:79      Tmcu Event 4 (0x3fca0d80)
13:44:25  [strona WWW] strona DevKitu została otwarta
13:44:27      TMCU: D shelly_tmcu.cpp:938     response to 07 timed out after 0.3758 s
13:44:27      TMCU: D shelly_tmcu.cpp:890     TX: 0x06 v=3 [1201000100] (Ready)
13:44:27      TMCU: D shelly_tmcu.cpp:938     response to 07 timed out after 0.3264 s
13:44:27      TMCU: D shelly_tmcu.cpp:890     TX: 0x06 v=3 [1201000100] (Ready)
13:44:27      TMCU: D shelly_tmcu.cpp:598     RX: 0x07 v=3 [1201000101] (state Ready)
13:44:27      TMCU: D shelly_tmcu.cpp:598     RX: 0x07 v=3 [1201000101] (state Ready)
13:46:37  [strona WWW] strona DevKitu została otwarta
13:47:57      TMCU: D shelly_tmcu.cpp:598     RX: 0x07 v=3 [1802000400000016] (state Ready)
13:49:34  Q11: mikrokontroler nie odpowiada (Heartbeat timed out); kolejne takie same pomijam
13:49:34      TMCU: D shelly_tmcu.cpp:79      Tmcu Event 1 (0x3fca0ef8)
13:49:36  [strona WWW] polecenie Service.GetInfo
13:49:36  [strona WWW] polecenie Webhook.ListSupported
13:49:36  Q11: mikrokontroler się odezwał
13:49:36      TMCU: D shelly_tmcu.cpp:598     RX: 0x00 v=3 [01] (state Ready)
13:53:52  [skrypt] Limit prądu (DP 4): 12 A na 6 A
13:53:53      TMCU: D shelly_tmcu.cpp:890     TX: 0x06 v=3 [0402000400000006] (Ready)
13:53:53      TMCU: D shelly_tmcu.cpp:598     RX: 0x07 v=3 [040200040000000c] (state Ready)
13:53:55      TMCU: D shelly_tmcu.cpp:598     RX: 0x07 v=3 [0402000400000006] (state Ready)
13:53:55      TMCU: D shelly_tmcu.cpp:860     upd int 4 = 6
13:53:55      TMCU: D shelly_tmcu.cpp:79      Tmcu Event 4 (0x3fca0d80)
13:54:18      TMCU: D shelly_tmcu.cpp:598     RX: 0x07 v=3 [1802000400000016] (state Ready)
13:55:52  Limit prądu (DP 4): 6 A na 16 A
13:55:53      TMCU: D shelly_tmcu.cpp:890     TX: 0x06 v=3 [0402000400000010] (Ready)
13:55:53      TMCU: D shelly_tmcu.cpp:598     RX: 0x07 v=3 [0402000400000006] (state Ready)
13:55:54      TMCU: D shelly_tmcu.cpp:598     RX: 0x07 v=3 [0402000400000010] (state Ready)
13:55:54      TMCU: D shelly_tmcu.cpp:860     upd int 4 = 16
13:55:54      TMCU: D shelly_tmcu.cpp:79      Tmcu Event 4 (0x3fca0d80)
13:56:45  [strona WWW] polecenie Shelly.Reboot
13:56:45  Log przez Wi-Fi: brak połączenia (DevKit zamknął log); ponawiam za 5 s
13:57:00  Log przez Wi-Fi: brak połączenia (timed out); ponawiam za 5 s
13:57:10  Log przez Wi-Fi: połączono z 192.168.0.238
13:57:12      TMCU: D shelly_tmcu.cpp:890     TX: 0x34 v=3 [02ff1a091d0d391302] (Ready)
13:57:12  [strona WWW] strona DevKitu została otwarta
13:58:52  [skrypt] Limit prądu (DP 4): 16 A na 12 A
13:58:53      TMCU: D shelly_tmcu.cpp:890     TX: 0x06 v=3 [040200040000000c] (Ready)
13:58:53      TMCU: D shelly_tmcu.cpp:598     RX: 0x07 v=3 [0402000400000010] (state Ready)
13:58:54      TMCU: D shelly_tmcu.cpp:860     upd int 4 = 12
13:58:54      TMCU: D shelly_tmcu.cpp:79      Tmcu Event 4 (0x3fca0d80)
13:59:48  [strona WWW] polecenie Webhook.ListSupported
14:00:42      TMCU: D shelly_tmcu.cpp:598     RX: 0x07 v=3 [1802000400000016] (state Ready)
14:00:55  [strona WWW] polecenie HTTP.GET
14:01:18      TMCU: D shelly_tmcu.cpp:890     TX: 0x06 v=3 [040200040000000b] (Ready)
14:01:18      TMCU: D shelly_tmcu.cpp:598     RX: 0x07 v=3 [040200040000000c] (state Ready)
14:01:19      TMCU: D shelly_tmcu.cpp:598     RX: 0x07 v=3 [0600000700000000000000] (state Ready)
14:01:19      TMCU: D shelly_tmcu.cpp:598     RX: 0x07 v=3 [0700000700000000000000] (state Ready)
14:01:19      TMCU: D shelly_tmcu.cpp:598     RX: 0x07 v=3 [0800000700000000000000] (state Ready)
14:01:19      TMCU: D shelly_tmcu.cpp:598     RX: 0x07 v=3 [0902000400000000] (state Ready)
14:01:22      TMCU: D shelly_tmcu.cpp:890     TX: 0x06 v=3 [040200040000000c] (Ready)
14:01:22      TMCU: D shelly_tmcu.cpp:598     RX: 0x07 v=3 [040200040000000b] (state Ready)
14:01:22      TMCU: D shelly_tmcu.cpp:598     RX: 0x07 v=3 [040200040000000c] (state Ready)
14:01:22      TMCU: D shelly_tmcu.cpp:860     upd int 4 = 12
14:01:22      TMCU: D shelly_tmcu.cpp:79      Tmcu Event 4 (0x3fca0d80)
14:01:40      TMCU: D shelly_tmcu.cpp:598     RX: 0x07 v=3 [0600000700000000000000] (state Ready)
14:01:40      TMCU: D shelly_tmcu.cpp:598     RX: 0x07 v=3 [0700000700000000000000] (state Ready)
14:01:40      TMCU: D shelly_tmcu.cpp:598     RX: 0x07 v=3 [0800000700000000000000] (state Ready)
14:01:40      TMCU: D shelly_tmcu.cpp:598     RX: 0x07 v=3 [0902000400000000] (state Ready)
14:01:43      TMCU: D shelly_tmcu.cpp:890     TX: 0x06 v=3 [0e04000100] (Ready)
14:01:43      TMCU: D shelly_tmcu.cpp:79      Tmcu Event 4 (0x3fca0d80)
14:01:45      TMCU: D shelly_tmcu.cpp:890     TX: 0x06 v=3 [040200040000000e] (Ready)
14:01:45      TMCU: D shelly_tmcu.cpp:598     RX: 0x07 v=3 [040200040000000c] (state Ready)
14:01:46      TMCU: D shelly_tmcu.cpp:598     RX: 0x07 v=3 [040200040000000e] (state Ready)
14:01:46      TMCU: D shelly_tmcu.cpp:860     upd int 4 = 14
14:01:46      TMCU: D shelly_tmcu.cpp:79      Tmcu Event 4 (0x3fca0d80)
14:03:35  [strona WWW] polecenie Shelly.Reboot
14:03:35  Log przez Wi-Fi: brak połączenia (DevKit zamknął log); ponawiam za 5 s
14:03:50  Log przez Wi-Fi: brak połączenia (timed out); ponawiam za 5 s
14:04:02  Log przez Wi-Fi: połączono z 192.168.0.238
14:04:21  [strona WWW] strona DevKitu została otwarta
14:05:09      TMCU: D shelly_tmcu.cpp:890     TX: 0x06 v=3 [040200040000000d] (Ready)
14:05:09      TMCU: D shelly_tmcu.cpp:598     RX: 0x07 v=3 [040200040000000e] (state Ready)
14:05:09      TMCU: D shelly_tmcu.cpp:598     RX: 0x07 v=3 [040200040000000d] (state Ready)
14:05:09      TMCU: D shelly_tmcu.cpp:860     upd int 4 = 13
14:05:09      TMCU: D shelly_tmcu.cpp:79      Tmcu Event 4 (0x3fca0d80)
14:05:13      TMCU: D shelly_tmcu.cpp:890     TX: 0x06 v=3 [040200040000000e] (Ready)
14:05:14      TMCU: D shelly_tmcu.cpp:598     RX: 0x07 v=3 [040200040000000d] (state Ready)
14:05:15      TMCU: D shelly_tmcu.cpp:598     RX: 0x07 v=3 [040200040000000e] (state Ready)
14:05:15      TMCU: D shelly_tmcu.cpp:860     upd int 4 = 14
14:05:15      TMCU: D shelly_tmcu.cpp:79      Tmcu Event 4 (0x3fca0d80)
14:05:52      TMCU: D shelly_tmcu.cpp:890     TX: 0x06 v=3 [040200040000000b] (Ready)
14:05:53  Limit prądu (DP 4): 12 A na 11 A
14:05:53      TMCU: D shelly_tmcu.cpp:890     TX: 0x06 v=3 [040200040000000b] (Ready)
14:05:53      TMCU: D shelly_tmcu.cpp:598     RX: 0x07 v=3 [040200040000000b] (state Ready)
14:06:00      TMCU: D shelly_tmcu.cpp:890     TX: 0x06 v=3 [040200040000000c] (Ready)
14:06:00      TMCU: D shelly_tmcu.cpp:598     RX: 0x07 v=3 [040200040000000b] (state Ready)
14:06:00      TMCU: D shelly_tmcu.cpp:598     RX: 0x07 v=3 [040200040000000c] (state Ready)
14:06:00      TMCU: D shelly_tmcu.cpp:860     upd int 4 = 12
14:06:00      TMCU: D shelly_tmcu.cpp:79      Tmcu Event 4 (0x3fca0d80)
14:06:06  !!  E shos_rpc_inst.c:223     No handler for Foo.Bar
14:07:02  [strona WWW] polecenie Shelly.Reboot
14:07:03  Log przez Wi-Fi: brak połączenia (DevKit zamknął log); ponawiam za 5 s
14:07:18  Log przez Wi-Fi: brak połączenia (timed out); ponawiam za 5 s
14:07:27  Log przez Wi-Fi: połączono z 192.168.0.238
14:07:28      TMCU: D shelly_tmcu.cpp:598     RX: 0x07 v=3 [130000020200] (state Ready)
14:07:29      TMCU: D shelly_tmcu.cpp:598     RX: 0x07 v=3 [1802000400000016] (state Ready)
14:07:29      TMCU: D shelly_tmcu.cpp:598     RX: 0x07 v=3 [0d04000100] (state Ready)
14:07:31  [strona WWW] strona DevKitu została otwarta
14:07:33  [strona WWW] strona DevKitu została otwarta
14:07:39      TMCU: D shelly_tmcu.cpp:890     TX: 0x06 v=3 [040200040000000a] (Ready)
14:07:39      TMCU: D shelly_tmcu.cpp:598     RX: 0x07 v=3 [040200040000000c] (state Ready)
14:07:49      TMCU: D shelly_tmcu.cpp:890     TX: 0x06 v=3 [040200040000000c] (Ready)
14:07:49      TMCU: D shelly_tmcu.cpp:598     RX: 0x07 v=3 [040200040000000a] (state Ready)
14:07:50      TMCU: D shelly_tmcu.cpp:598     RX: 0x07 v=3 [040200040000000c] (state Ready)
14:07:50      TMCU: D shelly_tmcu.cpp:860     upd int 4 = 12
14:07:50      TMCU: D shelly_tmcu.cpp:79      Tmcu Event 4 (0x3fca0d80)
14:07:55  [strona WWW] strona DevKitu została otwarta
14:09:59  [strona WWW] strona DevKitu została otwarta
14:10:05      TMCU: D shelly_tmcu.cpp:890     TX: 0x06 v=3 [040200040000000a] (Ready)
14:10:05      TMCU: D shelly_tmcu.cpp:598     RX: 0x07 v=3 [040200040000000c] (state Ready)
14:10:07      TMCU: D shelly_tmcu.cpp:860     upd int 4 = 10
14:10:07      TMCU: D shelly_tmcu.cpp:79      Tmcu Event 4 (0x3fca0d80)
14:10:15      TMCU: D shelly_tmcu.cpp:890     TX: 0x06 v=3 [040200040000000c] (Ready)
14:10:15      TMCU: D shelly_tmcu.cpp:598     RX: 0x07 v=3 [040200040000000a] (state Ready)
14:10:16      TMCU: D shelly_tmcu.cpp:598     RX: 0x07 v=3 [040200040000000c] (state Ready)
14:10:16      TMCU: D shelly_tmcu.cpp:860     upd int 4 = 12
14:10:16      TMCU: D shelly_tmcu.cpp:79      Tmcu Event 4 (0x3fca0d80)
14:10:40  [strona WWW] strona DevKitu została otwarta
14:11:16  [strona WWW] polecenie Sys.CreateBackup
14:11:18  [strona WWW] polecenie Sys.DownloadBackup
14:11:37  [strona WWW] polecenie Shelly.Reboot
14:11:37  Log przez Wi-Fi: brak połączenia (DevKit zamknął log); ponawiam za 5 s
14:11:52  Log przez Wi-Fi: brak połączenia (timed out); ponawiam za 5 s
14:12:03  Log przez Wi-Fi: połączono z 192.168.0.238
14:12:04      TMCU: D shelly_tmcu.cpp:598     RX: 0x07 v=3 [130000020200] (state Ready)
14:12:04      TMCU: D shelly_tmcu.cpp:598     RX: 0x07 v=3 [1802000400000016] (state Ready)
14:12:04      TMCU: D shelly_tmcu.cpp:598     RX: 0x07 v=3 [0d04000100] (state Ready)
14:12:05      TMCU: D shelly_tmcu.cpp:890     TX: 0x34 v=3 [02ff1a091d0e0c0c02] (Ready)
14:12:10  [strona WWW] polecenie Sys.DownloadBackup
14:12:26  [strona WWW] polecenie Sys.DownloadBackup
14:12:27  [strona WWW] polecenie Sys.DownloadBackup
14:12:27  [strona WWW] polecenie Sys.DownloadBackup
14:12:27  [strona WWW] polecenie Sys.DownloadBackup
14:12:28  [strona WWW] polecenie Sys.DownloadBackup
14:12:28  [strona WWW] polecenie Sys.DownloadBackup
14:12:28  [strona WWW] polecenie Sys.DownloadBackup
14:12:29  [strona WWW] polecenie Sys.DownloadBackup
14:12:29  [strona WWW] polecenie Sys.DownloadBackup
14:12:29  [strona WWW] polecenie Sys.DownloadBackup
14:12:30  [strona WWW] polecenie Sys.DownloadBackup
14:12:30  [strona WWW] polecenie Sys.DownloadBackup
14:12:30  [strona WWW] polecenie Sys.DownloadBackup
14:12:31  [strona WWW] polecenie Sys.DownloadBackup
14:12:31  [strona WWW] polecenie Sys.DownloadBackup
14:12:31  [strona WWW] polecenie Sys.DownloadBackup
14:12:32  [strona WWW] polecenie Sys.DownloadBackup
14:12:32  [strona WWW] polecenie Sys.DownloadBackup
14:12:33  [strona WWW] polecenie Sys.DownloadBackup
14:12:33  [strona WWW] polecenie Sys.DownloadBackup
14:12:34  [strona WWW] polecenie Sys.DownloadBackup
14:12:34  [strona WWW] polecenie Sys.DownloadBackup
14:12:34  [strona WWW] polecenie Sys.DownloadBackup
14:12:35  [strona WWW] polecenie Sys.DownloadBackup
14:12:35  [strona WWW] polecenie Sys.DownloadBackup
14:12:36  [strona WWW] strona DevKitu została otwarta
14:12:38  [strona WWW] polecenie Sys.DownloadBackup
14:12:38  [strona WWW] polecenie Sys.DownloadBackup
14:12:40  [strona WWW] polecenie Sys.DownloadBackup
14:12:40  [strona WWW] polecenie Sys.DownloadBackup
14:12:40  [strona WWW] polecenie Sys.DownloadBackup
14:12:41  [strona WWW] polecenie Sys.DownloadBackup
14:12:41  [strona WWW] polecenie Sys.DownloadBackup
14:12:41  [strona WWW] polecenie Sys.DownloadBackup
14:12:42  [strona WWW] polecenie Sys.DownloadBackup
14:12:42  [strona WWW] polecenie Sys.DownloadBackup
14:12:43  [strona WWW] polecenie Sys.DownloadBackup
14:12:43  [strona WWW] polecenie Sys.DownloadBackup
14:12:43  [strona WWW] polecenie Sys.DownloadBackup
14:12:44  [strona WWW] polecenie Sys.DownloadBackup
14:12:44  [strona WWW] polecenie Sys.DownloadBackup
14:12:45  [strona WWW] polecenie Sys.DownloadBackup
14:12:45  [strona WWW] polecenie Sys.DownloadBackup
14:12:46  [strona WWW] polecenie Sys.DownloadBackup
14:12:46  [strona WWW] polecenie Sys.DownloadBackup
14:12:47  [strona WWW] polecenie Sys.DownloadBackup
14:12:47  [strona WWW] polecenie Sys.DownloadBackup
14:12:47  [strona WWW] polecenie Sys.DownloadBackup
14:12:48  [strona WWW] polecenie Sys.DownloadBackup
14:12:48  [strona WWW] polecenie Sys.DownloadBackup
14:12:49  [strona WWW] polecenie Sys.DownloadBackup
14:12:58  [strona WWW] polecenie Sys.DownloadBackup
14:12:59  [strona WWW] polecenie Sys.DownloadBackup
14:12:59  [strona WWW] polecenie Sys.DownloadBackup
14:12:59  [strona WWW] polecenie Sys.DownloadBackup
14:13:10  [strona WWW] polecenie Sys.DownloadBackup
14:13:11  [strona WWW] polecenie Sys.DownloadBackup
14:13:11  [strona WWW] polecenie Sys.DownloadBackup
14:13:11  [strona WWW] polecenie Sys.DownloadBackup
14:13:12  [strona WWW] polecenie Sys.DownloadBackup
14:13:12  [strona WWW] polecenie Sys.DownloadBackup
14:13:12  [strona WWW] polecenie Sys.DownloadBackup
14:13:13  [strona WWW] polecenie Sys.DownloadBackup
14:13:13  [strona WWW] polecenie Sys.DownloadBackup
14:13:34      TMCU: D shelly_tmcu.cpp:598     RX: 0x07 v=3 [1802000400000016] (state Ready)
14:13:43      TMCU: D shelly_tmcu.cpp:890     TX: 0x06 v=3 [040200040000000d] (Ready)
14:13:43      TMCU: D shelly_tmcu.cpp:598     RX: 0x07 v=3 [040200040000000c] (state Ready)
14:13:46      TMCU: D shelly_tmcu.cpp:890     TX: 0x06 v=3 [040200040000000c] (Ready)
14:13:47      TMCU: D shelly_tmcu.cpp:598     RX: 0x07 v=3 [040200040000000c] (state Ready)
14:13:47      TMCU: D shelly_tmcu.cpp:890     TX: 0x06 v=3 [040200040000000d] (Ready)
14:13:48      TMCU: D shelly_tmcu.cpp:938     response to 07 timed out after 1.1142 s
14:13:48      TMCU: D shelly_tmcu.cpp:890     TX: 0x06 v=3 [040200040000000d] (Ready)
14:13:48      TMCU: D shelly_tmcu.cpp:598     RX: 0x07 v=3 [040200040000000c] (state Ready)
14:13:49      TMCU: D shelly_tmcu.cpp:890     TX: 0x06 v=3 [040200040000000c] (Ready)
14:13:49      TMCU: D shelly_tmcu.cpp:598     RX: 0x07 v=3 [040200040000000d] (state Ready)
14:13:49      TMCU: D shelly_tmcu.cpp:860     upd int 4 = 13
14:13:49      TMCU: D shelly_tmcu.cpp:79      Tmcu Event 4 (0x3fca0d80)
14:14:31      TMCU: D shelly_tmcu.cpp:890     TX: 0x06 v=3 [040200040000000c] (Ready)
14:14:31      TMCU: D shelly_tmcu.cpp:598     RX: 0x07 v=3 [040200040000000c] (state Ready)
14:14:31      TMCU: D shelly_tmcu.cpp:860     upd int 4 = 12
14:14:31      TMCU: D shelly_tmcu.cpp:79      Tmcu Event 4 (0x3fca0d80)
14:15:57  [strona WWW] polecenie Shelly.Reboot
14:15:58  Log przez Wi-Fi: brak połączenia (DevKit zamknął log); ponawiam za 5 s
14:16:13  Log przez Wi-Fi: brak połączenia (timed out); ponawiam za 5 s
14:16:22  Log przez Wi-Fi: połączono z 192.168.0.238
14:16:22      TMCU: D shelly_tmcu.cpp:598     RX: 0x07 v=3 [0304000100] (state Ready)
14:16:22      TMCU: D shelly_tmcu.cpp:598     RX: 0x07 v=3 [040200040000000c] (state Ready)
14:16:22      TMCU: D shelly_tmcu.cpp:598     RX: 0x07 v=3 [0600000700000000000000] (state Ready)
14:16:22      TMCU: D shelly_tmcu.cpp:598     RX: 0x07 v=3 [0700000700000000000000] (state Ready)
14:16:22      TMCU: D shelly_tmcu.cpp:598     RX: 0x07 v=3 [0800000700000000000000] (state Ready)
14:16:22      TMCU: D shelly_tmcu.cpp:598     RX: 0x07 v=3 [0902000400000000] (state Ready)
14:16:24      TMCU: D shelly_tmcu.cpp:598     RX: 0x07 v=3 [0e04000100] (state Ready)
14:16:24      TMCU: D shelly_tmcu.cpp:598     RX: 0x07 v=3 [1201000101] (state Ready)
14:16:24      TMCU: D shelly_tmcu.cpp:598     RX: 0x07 v=3 [130000020200] (state Ready)
14:16:24      TMCU: D shelly_tmcu.cpp:598     RX: 0x07 v=3 [1802000400000016] (state Ready)
14:16:24      TMCU: D shelly_tmcu.cpp:598     RX: 0x07 v=3 [0d04000100] (state Ready)
14:16:24      TMCU: D shelly_tmcu.cpp:890     TX: 0x34 v=3 [02ff1a091d0e101e02] (Ready)
14:16:58  [strona WWW] strona DevKitu została otwarta
14:19:57      TMCU: D shelly_tmcu.cpp:598     RX: 0x07 v=3 [1802000400000016] (state Ready)
14:26:18      TMCU: D shelly_tmcu.cpp:598     RX: 0x07 v=3 [1802000400000016] (state Ready)
14:26:36  Q11: mikrokontroler nie odpowiada (Heartbeat timed out); kolejne takie same pomijam
14:26:36      TMCU: D shelly_tmcu.cpp:79      Tmcu Event 1 (0x3fca0ef8)
14:26:37  Q11: mikrokontroler się odezwał
14:26:37      TMCU: D shelly_tmcu.cpp:598     RX: 0x00 v=3 [01] (state Ready)
14:32:39      TMCU: D shelly_tmcu.cpp:598     RX: 0x07 v=3 [1802000400000016] (state Ready)
14:36:59      TMCU: D shelly_tmcu.cpp:598     RX: 0x07 v=3 [0e04000100] (state Ready)
14:36:59      TMCU: D shelly_tmcu.cpp:598     RX: 0x07 v=3 [0d04000100] (state Ready)
14:37:17      TMCU: D shelly_tmcu.cpp:598     RX: 0x07 v=3 [0a0500020000] (state Ready)
14:37:17      TMCU: D shelly_tmcu.cpp:598     RX: 0x07 v=3 [1201000101] (state Ready)
14:37:17      TMCU: D shelly_tmcu.cpp:598     RX: 0x07 v=3 [1802000400000016] (state Ready)
14:37:36      TMCU: D shelly_tmcu.cpp:598     RX: 0x07 v=3 [0600000700000000000000] (state Ready)
14:37:36      TMCU: D shelly_tmcu.cpp:598     RX: 0x07 v=3 [0700000700000000000000] (state Ready)
14:37:36      TMCU: D shelly_tmcu.cpp:598     RX: 0x07 v=3 [0800000700000000000000] (state Ready)
14:37:36      TMCU: D shelly_tmcu.cpp:598     RX: 0x07 v=3 [0902000400000000] (state Ready)
14:37:54      TMCU: D shelly_tmcu.cpp:598     RX: 0x07 v=3 [0304000100] (state Ready)
14:37:54      TMCU: D shelly_tmcu.cpp:598     RX: 0x07 v=3 [040200040000000c] (state Ready)
14:39:01      TMCU: D shelly_tmcu.cpp:598     RX: 0x07 v=3 [1802000400000016] (state Ready)
14:45:17      TMCU: D shelly_tmcu.cpp:890     TX: 0x34 v=3 [02ff1a091d0e2d1902] (Ready)
14:45:21      TMCU: D shelly_tmcu.cpp:598     RX: 0x07 v=3 [1802000400000016] (state Ready)
14:51:42      TMCU: D shelly_tmcu.cpp:598     RX: 0x07 v=3 [1802000400000016] (state Ready)
14:51:57  Q11: mikrokontroler nie odpowiada (Heartbeat timed out); kolejne takie same pomijam
14:51:57      TMCU: D shelly_tmcu.cpp:79      Tmcu Event 1 (0x3fca0ef8)
14:51:58  Q11: mikrokontroler się odezwał
14:51:58      TMCU: D shelly_tmcu.cpp:598     RX: 0x00 v=3 [01] (state Ready)
14:58:03      TMCU: D shelly_tmcu.cpp:598     RX: 0x07 v=3 [1802000400000016] (state Ready)
15:04:24      TMCU: D shelly_tmcu.cpp:598     RX: 0x07 v=3 [1802000400000016] (state Ready)
15:10:45      TMCU: D shelly_tmcu.cpp:598     RX: 0x07 v=3 [1802000400000016] (state Ready)
15:15:04      TMCU: D shelly_tmcu.cpp:890     TX: 0x34 v=3 [02ff1a091d0f0f0c02] (Ready)
15:17:06      TMCU: D shelly_tmcu.cpp:598     RX: 0x07 v=3 [1802000400000016] (state Ready)
15:23:27      TMCU: D shelly_tmcu.cpp:598     RX: 0x07 v=3 [1802000400000016] (state Ready)
15:29:48      TMCU: D shelly_tmcu.cpp:598     RX: 0x07 v=3 [1802000400000016] (state Ready)
15:36:08      TMCU: D shelly_tmcu.cpp:598     RX: 0x07 v=3 [1802000400000016] (state Ready)
15:42:06      TMCU: D shelly_tmcu.cpp:890     TX: 0x34 v=3 [02ff1a091d0f2a0f02] (Ready)
15:42:29      TMCU: D shelly_tmcu.cpp:598     RX: 0x07 v=3 [1802000400000016] (state Ready)
15:48:50      TMCU: D shelly_tmcu.cpp:598     RX: 0x07 v=3 [1802000400000016] (state Ready)
15:53:33  Q11: mikrokontroler nie odpowiada (Heartbeat timed out); kolejne takie same pomijam
15:53:33      TMCU: D shelly_tmcu.cpp:79      Tmcu Event 1 (0x3fca0ef8)
15:53:34  Q11: mikrokontroler się odezwał
15:53:34      TMCU: D shelly_tmcu.cpp:598     RX: 0x00 v=3 [01] (state Ready)
15:55:11      TMCU: D shelly_tmcu.cpp:598     RX: 0x07 v=3 [1802000400000016] (state Ready)
16:01:32      TMCU: D shelly_tmcu.cpp:598     RX: 0x07 v=3 [1802000400000016] (state Ready)
16:07:53      TMCU: D shelly_tmcu.cpp:598     RX: 0x07 v=3 [1802000400000016] (state Ready)
16:12:55      TMCU: D shelly_tmcu.cpp:890     TX: 0x34 v=3 [02ff1a091d100d0302] (Ready)
16:14:14      TMCU: D shelly_tmcu.cpp:598     RX: 0x07 v=3 [1802000400000016] (state Ready)
16:20:35      TMCU: D shelly_tmcu.cpp:598     RX: 0x07 v=3 [1802000400000016] (state Ready)
22:41:06  Log przez Wi-Fi: brak połączenia ([WinError 10054] Istniejące połączenie zostało gwałtownie zamknięte przez zdalnego hosta); ponawiam za 5 s
22:41:21  Log przez Wi-Fi: brak połączenia (timed out); ponawiam za 5 s
10:07:09  Log przez Wi-Fi: brak połączenia (timed out); ponawiam za 5 s
10:07:14  Log przez Wi-Fi: brak połączenia ([WinError 10065] Próba przeprowadzenia operacji, wykonywanej przez gniazdo, na nieosiągalnym hoście); ponawiam za 5 s
10:07:19  Log przez Wi-Fi: brak połączenia ([WinError 10065] Próba przeprowadzenia operacji, wykonywanej przez gniazdo, na nieosiągalnym hoście); ponawiam za 5 s
10:07:24  Log przez Wi-Fi: brak połączenia ([WinError 10065] Próba przeprowadzenia operacji, wykonywanej przez gniazdo, na nieosiągalnym hoście); ponawiam za 5 s
10:07:29  Log przez Wi-Fi: brak połączenia ([WinError 10065] Próba przeprowadzenia operacji, wykonywanej przez gniazdo, na nieosiągalnym hoście); ponawiam za 5 s
10:07:34  Log przez Wi-Fi: brak połączenia ([WinError 10065] Próba przeprowadzenia operacji, wykonywanej przez gniazdo, na nieosiągalnym hoście); ponawiam za 5 s
10:07:40  Log przez Wi-Fi: brak połączenia ([WinError 10065] Próba przeprowadzenia operacji, wykonywanej przez gniazdo, na nieosiągalnym hoście); ponawiam za 5 s
10:07:45  Log przez Wi-Fi: brak połączenia ([WinError 10065] Próba przeprowadzenia operacji, wykonywanej przez gniazdo, na nieosiągalnym hoście); ponawiam za 5 s
10:07:50  Log przez Wi-Fi: brak połączenia ([WinError 10065] Próba przeprowadzenia operacji, wykonywanej przez gniazdo, na nieosiągalnym hoście); ponawiam za 5 s
10:07:55  Log przez Wi-Fi: brak połączenia ([WinError 10065] Próba przeprowadzenia operacji, wykonywanej przez gniazdo, na nieosiągalnym hoście); ponawiam za 5 s
10:08:00  Log przez Wi-Fi: brak połączenia ([WinError 10065] Próba przeprowadzenia operacji, wykonywanej przez gniazdo, na nieosiągalnym hoście); ponawiam za 5 s
10:08:05  Log przez Wi-Fi: brak połączenia ([WinError 10065] Próba przeprowadzenia operacji, wykonywanej przez gniazdo, na nieosiągalnym hoście); ponawiam za 5 s
10:08:10  Log przez Wi-Fi: brak połączenia ([WinError 10065] Próba przeprowadzenia operacji, wykonywanej przez gniazdo, na nieosiągalnym hoście); ponawiam za 5 s
10:08:15  Log przez Wi-Fi: brak połączenia ([WinError 10065] Próba przeprowadzenia operacji, wykonywanej przez gniazdo, na nieosiągalnym hoście); ponawiam za 5 s
10:08:20  Log przez Wi-Fi: brak połączenia ([WinError 10065] Próba przeprowadzenia operacji, wykonywanej przez gniazdo, na nieosiągalnym hoście); ponawiam za 5 s
10:08:25  Log przez Wi-Fi: brak połączenia ([WinError 10065] Próba przeprowadzenia operacji, wykonywanej przez gniazdo, na nieosiągalnym hoście); ponawiam za 5 s
10:08:30  Log przez Wi-Fi: brak połączenia ([WinError 10065] Próba przeprowadzenia operacji, wykonywanej przez gniazdo, na nieosiągalnym hoście); ponawiam za 5 s
10:08:35  Log przez Wi-Fi: brak połączenia ([WinError 10065] Próba przeprowadzenia operacji, wykonywanej przez gniazdo, na nieosiągalnym hoście); ponawiam za 5 s
10:08:40  Log przez Wi-Fi: brak połączenia ([WinError 10065] Próba przeprowadzenia operacji, wykonywanej przez gniazdo, na nieosiągalnym hoście); ponawiam za 5 s
10:08:45  Log przez Wi-Fi: brak połączenia ([WinError 10065] Próba przeprowadzenia operacji, wykonywanej przez gniazdo, na nieosiągalnym hoście); ponawiam za 5 s
10:08:50  Log przez Wi-Fi: brak połączenia ([WinError 10065] Próba przeprowadzenia operacji, wykonywanej przez gniazdo, na nieosiągalnym hoście); ponawiam za 5 s
10:08:55  Log przez Wi-Fi: brak połączenia ([WinError 10065] Próba przeprowadzenia operacji, wykonywanej przez gniazdo, na nieosiągalnym hoście); ponawiam za 5 s
10:09:00  Log przez Wi-Fi: brak połączenia ([WinError 10065] Próba przeprowadzenia operacji, wykonywanej przez gniazdo, na nieosiągalnym hoście); ponawiam za 5 s
10:09:05  Log przez Wi-Fi: brak połączenia ([WinError 10065] Próba przeprowadzenia operacji, wykonywanej przez gniazdo, na nieosiągalnym hoście); ponawiam za 5 s
10:09:10  Log przez Wi-Fi: brak połączenia ([WinError 10065] Próba przeprowadzenia operacji, wykonywanej przez gniazdo, na nieosiągalnym hoście); ponawiam za 5 s
10:09:15  Log przez Wi-Fi: brak połączenia ([WinError 10065] Próba przeprowadzenia operacji, wykonywanej przez gniazdo, na nieosiągalnym hoście); ponawiam za 5 s
10:09:20  Log przez Wi-Fi: brak połączenia ([WinError 10065] Próba przeprowadzenia operacji, wykonywanej przez gniazdo, na nieosiągalnym hoście); ponawiam za 5 s
10:09:25  Log przez Wi-Fi: brak połączenia ([WinError 10065] Próba przeprowadzenia operacji, wykonywanej przez gniazdo, na nieosiągalnym hoście); ponawiam za 5 s
10:09:30  Log przez Wi-Fi: brak połączenia ([WinError 10065] Próba przeprowadzenia operacji, wykonywanej przez gniazdo, na nieosiągalnym hoście); ponawiam za 5 s
10:09:35  Log przez Wi-Fi: brak połączenia ([WinError 10065] Próba przeprowadzenia operacji, wykonywanej przez gniazdo, na nieosiągalnym hoście); ponawiam za 5 s
10:09:40  Log przez Wi-Fi: brak połączenia ([WinError 10065] Próba przeprowadzenia operacji, wykonywanej przez gniazdo, na nieosiągalnym hoście); ponawiam za 5 s
10:09:45  Log przez Wi-Fi: brak połączenia ([WinError 10065] Próba przeprowadzenia operacji, wykonywanej przez gniazdo, na nieosiągalnym hoście); ponawiam za 5 s
10:09:50  Log przez Wi-Fi: brak połączenia ([WinError 10065] Próba przeprowadzenia operacji, wykonywanej przez gniazdo, na nieosiągalnym hoście); ponawiam za 5 s
10:09:55  Log przez Wi-Fi: brak połączenia ([WinError 10065] Próba przeprowadzenia operacji, wykonywanej przez gniazdo, na nieosiągalnym hoście); ponawiam za 5 s
10:10:00  Log przez Wi-Fi: brak połączenia ([WinError 10065] Próba przeprowadzenia operacji, wykonywanej przez gniazdo, na nieosiągalnym hoście); ponawiam za 5 s
10:10:05  Log przez Wi-Fi: brak połączenia ([WinError 10065] Próba przeprowadzenia operacji, wykonywanej przez gniazdo, na nieosiągalnym hoście); ponawiam za 5 s
10:10:10  Log przez Wi-Fi: brak połączenia ([WinError 10065] Próba przeprowadzenia operacji, wykonywanej przez gniazdo, na nieosiągalnym hoście); ponawiam za 5 s
10:10:15  Log przez Wi-Fi: brak połączenia ([WinError 10065] Próba przeprowadzenia operacji, wykonywanej przez gniazdo, na nieosiągalnym hoście); ponawiam za 5 s
10:10:20  Log przez Wi-Fi: brak połączenia ([WinError 10065] Próba przeprowadzenia operacji, wykonywanej przez gniazdo, na nieosiągalnym hoście); ponawiam za 5 s
10:10:25  Log przez Wi-Fi: brak połączenia ([WinError 10065] Próba przeprowadzenia operacji, wykonywanej przez gniazdo, na nieosiągalnym hoście); ponawiam za 5 s
10:10:30  Log przez Wi-Fi: brak połączenia ([WinError 10065] Próba przeprowadzenia operacji, wykonywanej przez gniazdo, na nieosiągalnym hoście); ponawiam za 5 s
10:10:35  Log przez Wi-Fi: brak połączenia ([WinError 10065] Próba przeprowadzenia operacji, wykonywanej przez gniazdo, na nieosiągalnym hoście); ponawiam za 5 s
10:10:40  Log przez Wi-Fi: brak połączenia ([WinError 10065] Próba przeprowadzenia operacji, wykonywanej przez gniazdo, na nieosiągalnym hoście); ponawiam za 5 s
10:10:45  Log przez Wi-Fi: brak połączenia ([WinError 10065] Próba przeprowadzenia operacji, wykonywanej przez gniazdo, na nieosiągalnym hoście); ponawiam za 5 s
10:10:50  Log przez Wi-Fi: brak połączenia ([WinError 10065] Próba przeprowadzenia operacji, wykonywanej przez gniazdo, na nieosiągalnym hoście); ponawiam za 5 s
10:10:55  Log przez Wi-Fi: brak połączenia ([WinError 10065] Próba przeprowadzenia operacji, wykonywanej przez gniazdo, na nieosiągalnym hoście); ponawiam za 5 s
10:11:00  Log przez Wi-Fi: brak połączenia ([WinError 10065] Próba przeprowadzenia operacji, wykonywanej przez gniazdo, na nieosiągalnym hoście); ponawiam za 5 s
10:11:05  Log przez Wi-Fi: brak połączenia ([WinError 10065] Próba przeprowadzenia operacji, wykonywanej przez gniazdo, na nieosiągalnym hoście); ponawiam za 5 s
10:11:10  Log przez Wi-Fi: brak połączenia ([WinError 10065] Próba przeprowadzenia operacji, wykonywanej przez gniazdo, na nieosiągalnym hoście); ponawiam za 5 s
10:11:15  Log przez Wi-Fi: brak połączenia ([WinError 10065] Próba przeprowadzenia operacji, wykonywanej przez gniazdo, na nieosiągalnym hoście); ponawiam za 5 s
10:11:20  Log przez Wi-Fi: brak połączenia ([WinError 10065] Próba przeprowadzenia operacji, wykonywanej przez gniazdo, na nieosiągalnym hoście); ponawiam za 5 s
10:11:25  Log przez Wi-Fi: brak połączenia ([WinError 10065] Próba przeprowadzenia operacji, wykonywanej przez gniazdo, na nieosiągalnym hoście); ponawiam za 5 s
10:11:30  Log przez Wi-Fi: brak połączenia ([WinError 10065] Próba przeprowadzenia operacji, wykonywanej przez gniazdo, na nieosiągalnym hoście); ponawiam za 5 s
10:11:35  Log przez Wi-Fi: brak połączenia ([WinError 10065] Próba przeprowadzenia operacji, wykonywanej przez gniazdo, na nieosiągalnym hoście); ponawiam za 5 s
10:11:40  Log przez Wi-Fi: brak połączenia ([WinError 10065] Próba przeprowadzenia operacji, wykonywanej przez gniazdo, na nieosiągalnym hoście); ponawiam za 5 s
10:11:45  Log przez Wi-Fi: brak połączenia ([WinError 10065] Próba przeprowadzenia operacji, wykonywanej przez gniazdo, na nieosiągalnym hoście); ponawiam za 5 s
10:11:50  Log przez Wi-Fi: brak połączenia ([WinError 10065] Próba przeprowadzenia operacji, wykonywanej przez gniazdo, na nieosiągalnym hoście); ponawiam za 5 s
10:11:55  Log przez Wi-Fi: brak połączenia ([WinError 10065] Próba przeprowadzenia operacji, wykonywanej przez gniazdo, na nieosiągalnym hoście); ponawiam za 5 s
10:12:00  Log przez Wi-Fi: brak połączenia ([WinError 10065] Próba przeprowadzenia operacji, wykonywanej przez gniazdo, na nieosiągalnym hoście); ponawiam za 5 s
10:12:05  Log przez Wi-Fi: brak połączenia ([WinError 10065] Próba przeprowadzenia operacji, wykonywanej przez gniazdo, na nieosiągalnym hoście); ponawiam za 5 s
10:12:10  Log przez Wi-Fi: brak połączenia ([WinError 10065] Próba przeprowadzenia operacji, wykonywanej przez gniazdo, na nieosiągalnym hoście); ponawiam za 5 s
10:12:15  Log przez Wi-Fi: brak połączenia ([WinError 10065] Próba przeprowadzenia operacji, wykonywanej przez gniazdo, na nieosiągalnym hoście); ponawiam za 5 s
10:12:20  Log przez Wi-Fi: brak połączenia ([WinError 10065] Próba przeprowadzenia operacji, wykonywanej przez gniazdo, na nieosiągalnym hoście); ponawiam za 5 s
10:12:26  Log przez Wi-Fi: brak połączenia ([WinError 10065] Próba przeprowadzenia operacji, wykonywanej przez gniazdo, na nieosiągalnym hoście); ponawiam za 5 s
10:12:31  Log przez Wi-Fi: brak połączenia ([WinError 10065] Próba przeprowadzenia operacji, wykonywanej przez gniazdo, na nieosiągalnym hoście); ponawiam za 5 s
10:12:36  Log przez Wi-Fi: brak połączenia ([WinError 10065] Próba przeprowadzenia operacji, wykonywanej przez gniazdo, na nieosiągalnym hoście); ponawiam za 5 s
10:12:41  Log przez Wi-Fi: brak połączenia ([WinError 10065] Próba przeprowadzenia operacji, wykonywanej przez gniazdo, na nieosiągalnym hoście); ponawiam za 5 s
10:12:46  Log przez Wi-Fi: brak połączenia ([WinError 10065] Próba przeprowadzenia operacji, wykonywanej przez gniazdo, na nieosiągalnym hoście); ponawiam za 5 s
10:12:51  Log przez Wi-Fi: brak połączenia ([WinError 10065] Próba przeprowadzenia operacji, wykonywanej przez gniazdo, na nieosiągalnym hoście); ponawiam za 5 s
10:12:56  Log przez Wi-Fi: brak połączenia ([WinError 10065] Próba przeprowadzenia operacji, wykonywanej przez gniazdo, na nieosiągalnym hoście); ponawiam za 5 s
10:13:01  Log przez Wi-Fi: brak połączenia ([WinError 10065] Próba przeprowadzenia operacji, wykonywanej przez gniazdo, na nieosiągalnym hoście); ponawiam za 5 s
10:13:06  Log przez Wi-Fi: brak połączenia ([WinError 10065] Próba przeprowadzenia operacji, wykonywanej przez gniazdo, na nieosiągalnym hoście); ponawiam za 5 s
10:13:11  Log przez Wi-Fi: brak połączenia ([WinError 10065] Próba przeprowadzenia operacji, wykonywanej przez gniazdo, na nieosiągalnym hoście); ponawiam za 5 s
10:13:16  Log przez Wi-Fi: brak połączenia ([WinError 10065] Próba przeprowadzenia operacji, wykonywanej przez gniazdo, na nieosiągalnym hoście); ponawiam za 5 s
10:13:21  Log przez Wi-Fi: brak połączenia ([WinError 10065] Próba przeprowadzenia operacji, wykonywanej przez gniazdo, na nieosiągalnym hoście); ponawiam za 5 s
10:13:26  Log przez Wi-Fi: brak połączenia ([WinError 10065] Próba przeprowadzenia operacji, wykonywanej przez gniazdo, na nieosiągalnym hoście); ponawiam za 5 s
10:13:31  Log przez Wi-Fi: brak połączenia ([WinError 10065] Próba przeprowadzenia operacji, wykonywanej przez gniazdo, na nieosiągalnym hoście); ponawiam za 5 s
10:13:36  Log przez Wi-Fi: brak połączenia ([WinError 10065] Próba przeprowadzenia operacji, wykonywanej przez gniazdo, na nieosiągalnym hoście); ponawiam za 5 s
10:13:41  Log przez Wi-Fi: brak połączenia ([WinError 10065] Próba przeprowadzenia operacji, wykonywanej przez gniazdo, na nieosiągalnym hoście); ponawiam za 5 s
10:13:46  Log przez Wi-Fi: brak połączenia ([WinError 10065] Próba przeprowadzenia operacji, wykonywanej przez gniazdo, na nieosiągalnym hoście); ponawiam za 5 s
10:13:51  Log przez Wi-Fi: brak połączenia ([WinError 10065] Próba przeprowadzenia operacji, wykonywanej przez gniazdo, na nieosiągalnym hoście); ponawiam za 5 s
10:13:56  Log przez Wi-Fi: brak połączenia ([WinError 10065] Próba przeprowadzenia operacji, wykonywanej przez gniazdo, na nieosiągalnym hoście); ponawiam za 5 s
10:14:01  Log przez Wi-Fi: brak połączenia ([WinError 10065] Próba przeprowadzenia operacji, wykonywanej przez gniazdo, na nieosiągalnym hoście); ponawiam za 5 s
10:14:06  Log przez Wi-Fi: brak połączenia ([WinError 10065] Próba przeprowadzenia operacji, wykonywanej przez gniazdo, na nieosiągalnym hoście); ponawiam za 5 s
10:14:11  Log przez Wi-Fi: brak połączenia ([WinError 10065] Próba przeprowadzenia operacji, wykonywanej przez gniazdo, na nieosiągalnym hoście); ponawiam za 5 s
10:14:16  Log przez Wi-Fi: brak połączenia ([WinError 10065] Próba przeprowadzenia operacji, wykonywanej przez gniazdo, na nieosiągalnym hoście); ponawiam za 5 s
10:14:21  Log przez Wi-Fi: brak połączenia ([WinError 10065] Próba przeprowadzenia operacji, wykonywanej przez gniazdo, na nieosiągalnym hoście); ponawiam za 5 s
10:14:26  Log przez Wi-Fi: brak połączenia ([WinError 10065] Próba przeprowadzenia operacji, wykonywanej przez gniazdo, na nieosiągalnym hoście); ponawiam za 5 s
10:14:31  Log przez Wi-Fi: brak połączenia ([WinError 10065] Próba przeprowadzenia operacji, wykonywanej przez gniazdo, na nieosiągalnym hoście); ponawiam za 5 s
10:14:36  Log przez Wi-Fi: brak połączenia ([WinError 10065] Próba przeprowadzenia operacji, wykonywanej przez gniazdo, na nieosiągalnym hoście); ponawiam za 5 s
10:14:41  Log przez Wi-Fi: brak połączenia ([WinError 10065] Próba przeprowadzenia operacji, wykonywanej przez gniazdo, na nieosiągalnym hoście); ponawiam za 5 s
10:14:46  Log przez Wi-Fi: brak połączenia ([WinError 10065] Próba przeprowadzenia operacji, wykonywanej przez gniazdo, na nieosiągalnym hoście); ponawiam za 5 s
10:14:51  Log przez Wi-Fi: brak połączenia ([WinError 10065] Próba przeprowadzenia operacji, wykonywanej przez gniazdo, na nieosiągalnym hoście); ponawiam za 5 s
10:14:56  Log przez Wi-Fi: brak połączenia ([WinError 10065] Próba przeprowadzenia operacji, wykonywanej przez gniazdo, na nieosiągalnym hoście); ponawiam za 5 s
10:15:01  Log przez Wi-Fi: brak połączenia ([WinError 10065] Próba przeprowadzenia operacji, wykonywanej przez gniazdo, na nieosiągalnym hoście); ponawiam za 5 s
10:15:06  Log przez Wi-Fi: brak połączenia ([WinError 10065] Próba przeprowadzenia operacji, wykonywanej przez gniazdo, na nieosiągalnym hoście); ponawiam za 5 s
10:15:11  Log przez Wi-Fi: połączono z 192.168.0.238
10:15:33      TMCU: D shelly_tmcu.cpp:890     TX: 0x34 v=3 [02ff1a091e0a0f2103] (Ready)
10:15:47  [strona WWW] strona DevKitu została otwarta
10:17:42  [strona WWW] strona DevKitu została otwarta
10:17:44  [strona WWW] polecenie Service.GetInfo
10:17:52  [strona WWW] strona DevKitu została otwarta
10:17:53  [strona WWW] polecenie Service.GetInfo
10:19:20      TMCU: D shelly_tmcu.cpp:598     RX: 0x07 v=3 [1802000400000014] (state Ready)
10:25:41      TMCU: D shelly_tmcu.cpp:598     RX: 0x07 v=3 [1802000400000014] (state Ready)
10:32:02      TMCU: D shelly_tmcu.cpp:598     RX: 0x07 v=3 [1802000400000015] (state Ready)
10:32:02      TMCU: D shelly_tmcu.cpp:860     upd int 24 = 21
10:32:02      TMCU: D shelly_tmcu.cpp:79      Tmcu Event 4 (0x3fca0d80)
10:38:23      TMCU: D shelly_tmcu.cpp:598     RX: 0x07 v=3 [1802000400000015] (state Ready)
10:44:44      TMCU: D shelly_tmcu.cpp:598     RX: 0x07 v=3 [1802000400000015] (state Ready)
10:46:34      TMCU: D shelly_tmcu.cpp:890     TX: 0x34 v=3 [02ff1a091e0a2e2c03] (Ready)
10:51:04      TMCU: D shelly_tmcu.cpp:598     RX: 0x07 v=3 [1802000400000015] (state Ready)
10:52:59  Log przez Wi-Fi: brak połączenia (45 s bez żadnego wiersza logu); ponawiam za 5 s
10:53:04  Log przez Wi-Fi: połączono z 192.168.0.238
10:59:10      TMCU: D shelly_tmcu.cpp:598     RX: 0x07 v=3 [1802000400000015] (state Ready)
10:59:48  [strona WWW] polecenie KVS.Set
10:59:54      TMCU: D shelly_tmcu.cpp:890     TX: 0x06 v=3 [040200040000000b] (Ready)
10:59:54      TMCU: D shelly_tmcu.cpp:598     RX: 0x07 v=3 [040200040000000c] (state Ready)
10:59:56      TMCU: D shelly_tmcu.cpp:890     TX: 0x06 v=3 [1201000100] (Ready)
10:59:56      TMCU: D shelly_tmcu.cpp:598     RX: 0x07 v=3 [1201000101] (state Ready)
11:00:07  [strona WWW] strona DevKitu została otwarta
11:00:09  [strona WWW] polecenie Service.GetInfo
11:03:13  Log przez Wi-Fi: brak połączenia (45 s bez żadnego wiersza logu); ponawiam za 5 s
11:03:28  Log przez Wi-Fi: brak połączenia (timed out); ponawiam za 5 s
11:03:43  Log przez Wi-Fi: brak połączenia (timed out); ponawiam za 5 s
11:03:58  Log przez Wi-Fi: brak połączenia (timed out); ponawiam za 5 s
11:04:13  Log przez Wi-Fi: brak połączenia (timed out); ponawiam za 5 s
11:04:28  Log przez Wi-Fi: brak połączenia (timed out); ponawiam za 5 s
11:04:43  Log przez Wi-Fi: brak połączenia (timed out); ponawiam za 5 s
11:04:50  Log przez Wi-Fi: połączono z 192.168.0.238
11:04:52      TMCU: D shelly_tmcu.cpp:890     TX: 0x34 v=3 [02ff1a091e0b050103] (Setting up WiFi)
11:04:54  [strona WWW] strona DevKitu została otwarta
11:04:55      TMCU: D shelly_tmcu.cpp:598     RX: 0x07 v=3 [1802000400000015] (state Setting up WiFi)
11:04:55      TMCU: I shelly_tmcu.cpp:853     add int 24 = 21
11:04:55      TMCU: D shelly_tmcu.cpp:79      Tmcu Event 4 (0x3fca0d80)
11:04:58      TMCU: D shelly_tmcu.cpp:890     TX: 0x08 v=3 [] (Fetching Datapoints)
11:04:58      TMCU: D shelly_tmcu.cpp:598     RX: 0x07 v=3 [040200040000000b] (state Ready)
11:04:58      TMCU: D shelly_tmcu.cpp:598     RX: 0x07 v=3 [0600000700000000000000] (state Ready)
11:04:58      TMCU: D shelly_tmcu.cpp:598     RX: 0x07 v=3 [0700000700000000000000] (state Ready)
11:04:59      TMCU: D shelly_tmcu.cpp:598     RX: 0x07 v=3 [0800000700000000000000] (state Ready)
11:04:59      TMCU: D shelly_tmcu.cpp:890     TX: 0x08 v=3 [] (Ready)
11:04:59      TMCU: D shelly_tmcu.cpp:598     RX: 0x07 v=3 [0902000400000000] (state Ready)
11:04:59      TMCU: D shelly_tmcu.cpp:598     RX: 0x07 v=3 [0304000100] (state Ready)
11:04:59      TMCU: D shelly_tmcu.cpp:598     RX: 0x07 v=3 [040200040000000b] (state Ready)
11:04:59      TMCU: D shelly_tmcu.cpp:598     RX: 0x07 v=3 [0600000700000000000000] (state Ready)
11:04:59      TMCU: D shelly_tmcu.cpp:598     RX: 0x07 v=3 [0700000700000000000000] (state Ready)
11:04:59      TMCU: D shelly_tmcu.cpp:598     RX: 0x07 v=3 [0800000700000000000000] (state Ready)
11:05:00      TMCU: D shelly_tmcu.cpp:598     RX: 0x07 v=3 [0902000400000000] (state Ready)
11:05:00      TMCU: D shelly_tmcu.cpp:598     RX: 0x07 v=3 [0a0500020000] (state Ready)
11:05:01      odczyty: energia sesji 0 kWh | czas sesji 1074 min | moc 0 W, prąd 0 A, napięcia 0/0/0 V, licznik 0 kWh
11:05:59  [strona WWW] strona DevKitu została otwarta
11:06:01  [strona WWW] polecenie Service.GetInfo
11:06:50      TMCU: D shelly_tmcu.cpp:890     TX: 0x06 v=3 [1201000100] (Ready)
11:06:50      TMCU: D shelly_tmcu.cpp:598     RX: 0x07 v=3 [1201000101] (state Ready)
11:06:57  [strona WWW] polecenie Shelly.Reboot
11:06:58  Log przez Wi-Fi: brak połączenia (DevKit zamknął log); ponawiam za 5 s
11:07:13  Log przez Wi-Fi: brak połączenia (timed out); ponawiam za 5 s
11:07:26  Log przez Wi-Fi: połączono z 192.168.0.238
11:09:58  [strona WWW] strona DevKitu została otwarta
11:11:18      TMCU: D shelly_tmcu.cpp:598     RX: 0x07 v=3 [1802000400000015] (state Ready)
11:11:53      TMCU: D shelly_tmcu.cpp:890     TX: 0x06 v=3 [0402000400000009] (Ready)
11:11:53      TMCU: D shelly_tmcu.cpp:598     RX: 0x07 v=3 [040200040000000b] (state Ready)
11:11:53      TMCU: D shelly_tmcu.cpp:598     RX: 0x07 v=3 [0402000400000009] (state Ready)
11:11:53      TMCU: D shelly_tmcu.cpp:860     upd int 4 = 9
11:11:53      TMCU: D shelly_tmcu.cpp:79      Tmcu Event 4 (0x3fca0d80)
11:17:39      TMCU: D shelly_tmcu.cpp:598     RX: 0x07 v=3 [1802000400000015] (state Ready)
11:21:22  Q11: mikrokontroler nie odpowiada (Heartbeat timed out); kolejne takie same pomijam
11:21:22      TMCU: D shelly_tmcu.cpp:79      Tmcu Event 1 (0x3fca0ef8)
11:21:22  Q11: mikrokontroler się odezwał
11:21:22      TMCU: D shelly_tmcu.cpp:598     RX: 0x00 v=3 [01] (state Ready)
11:23:25  Log przez Wi-Fi: brak połączenia (45 s bez żadnego wiersza logu); ponawiam za 5 s
11:23:40  Log przez Wi-Fi: brak połączenia (timed out); ponawiam za 5 s
11:23:46  Log przez Wi-Fi: połączono z 192.168.0.238
11:23:46      TMCU: D shelly_tmcu.cpp:598     RX: 0x02 v=3 [] (state Setting up WiFi)
11:23:47      TMCU: D shelly_tmcu.cpp:890     TX: 0x08 v=3 [] (Fetching Datapoints)
11:23:47      TMCU: D shelly_tmcu.cpp:938     response to 07 timed out after 0.3444 s
11:23:47      TMCU: D shelly_tmcu.cpp:890     TX: 0x08 v=3 [] (Fetching Datapoints)
11:23:48      TMCU: D shelly_tmcu.cpp:938     response to 07 timed out after 0.5008 s
11:23:48      TMCU: D shelly_tmcu.cpp:890     TX: 0x08 v=3 [] (Fetching Datapoints)
11:23:50      TMCU: D shelly_tmcu.cpp:938     response to 07 timed out after 0.5032 s
11:23:50      TMCU: D shelly_tmcu.cpp:890     TX: 0x08 v=3 [] (Fetching Datapoints)
11:23:50      TMCU: D shelly_tmcu.cpp:890     TX: 0x08 v=3 [] (Ready)
11:23:51      odczyty: energia sesji 0 kWh | czas sesji 1074 min | moc 0 W, prąd 0 A, napięcia 0/0/0 V, licznik 0 kWh
11:23:51      TMCU: D shelly_tmcu.cpp:938     response to 07 timed out after 1.3042 s
11:23:51      TMCU: D shelly_tmcu.cpp:890     TX: 0x08 v=3 [] (Ready)
11:23:52      TMCU: D shelly_tmcu.cpp:938     response to 07 timed out after 0.4983 s
11:23:52      TMCU: D shelly_tmcu.cpp:890     TX: 0x08 v=3 [] (Ready)
11:23:52      TMCU: D shelly_tmcu.cpp:598     RX: 0x07 v=3 [0402000400000009] (state Ready)
11:23:52      TMCU: D shelly_tmcu.cpp:598     RX: 0x07 v=3 [0600000700000000000000] (state Ready)
11:23:52      TMCU: D shelly_tmcu.cpp:598     RX: 0x07 v=3 [0700000700000000000000] (state Ready)
11:23:52      TMCU: D shelly_tmcu.cpp:598     RX: 0x07 v=3 [0800000700000000000000] (state Ready)
11:23:52      TMCU: D shelly_tmcu.cpp:598     RX: 0x07 v=3 [0902000400000000] (state Ready)
11:23:52      TMCU: D shelly_tmcu.cpp:598     RX: 0x07 v=3 [0a0500020000] (state Ready)
11:23:53      TMCU: D shelly_tmcu.cpp:598     RX: 0x07 v=3 [0e04000100] (state Ready)
11:23:54      TMCU: D shelly_tmcu.cpp:598     RX: 0x07 v=3 [0e04000100] (state Ready)
11:23:54      TMCU: D shelly_tmcu.cpp:598     RX: 0x07 v=3 [1201000101] (state Ready)
11:23:54      TMCU: D shelly_tmcu.cpp:598     RX: 0x07 v=3 [130000020000] (state Ready)
11:23:54      TMCU: D shelly_tmcu.cpp:598     RX: 0x07 v=3 [1802000400000015] (state Ready)
11:23:54      TMCU: D shelly_tmcu.cpp:598     RX: 0x07 v=3 [0d04000100] (state Ready)
11:25:40      TMCU: D shelly_tmcu.cpp:890     TX: 0x34 v=3 [02ff1a091e0b192803] (Ready)
11:30:11      TMCU: D shelly_tmcu.cpp:598     RX: 0x07 v=3 [1802000400000015] (state Ready)
11:33:02  Log przez Wi-Fi: brak połączenia (45 s bez żadnego wiersza logu); ponawiam za 5 s
11:33:17  Log przez Wi-Fi: brak połączenia (timed out); ponawiam za 5 s
11:33:32  Log przez Wi-Fi: brak połączenia (timed out); ponawiam za 5 s
11:33:47  Log przez Wi-Fi: brak połączenia (timed out); ponawiam za 5 s
11:34:02  Log przez Wi-Fi: brak połączenia (timed out); ponawiam za 5 s
11:34:17  Log przez Wi-Fi: brak połączenia (timed out); ponawiam za 5 s
11:34:32  Log przez Wi-Fi: brak połączenia (timed out); ponawiam za 5 s
11:34:46  Log przez Wi-Fi: połączono z 192.168.0.238
11:34:50      TMCU: D shelly_tmcu.cpp:598     RX: 0x07 v=3 [1802000400000015] (state Setting up WiFi)
11:34:50      TMCU: I shelly_tmcu.cpp:853     add int 24 = 21
11:34:50      TMCU: D shelly_tmcu.cpp:79      Tmcu Event 4 (0x3fca0d80)
11:34:54      TMCU: D shelly_tmcu.cpp:890     TX: 0x08 v=3 [] (Fetching Datapoints)
11:34:55      TMCU: D shelly_tmcu.cpp:598     RX: 0x07 v=3 [0402000400000009] (state Ready)
11:34:55      TMCU: D shelly_tmcu.cpp:598     RX: 0x07 v=3 [0600000700000000000000] (state Ready)
11:34:55      TMCU: D shelly_tmcu.cpp:598     RX: 0x07 v=3 [0700000700000000000000] (state Ready)
11:34:55      TMCU: D shelly_tmcu.cpp:598     RX: 0x07 v=3 [0800000700000000000000] (state Ready)
11:34:55      TMCU: D shelly_tmcu.cpp:890     TX: 0x08 v=3 [] (Ready)
11:34:55      TMCU: D shelly_tmcu.cpp:598     RX: 0x07 v=3 [0902000400000000] (state Ready)
11:34:55      TMCU: D shelly_tmcu.cpp:598     RX: 0x07 v=3 [0304000100] (state Ready)
11:34:55      TMCU: D shelly_tmcu.cpp:598     RX: 0x07 v=3 [0402000400000009] (state Ready)
11:34:55      TMCU: D shelly_tmcu.cpp:598     RX: 0x07 v=3 [0600000700000000000000] (state Ready)
11:34:55      TMCU: D shelly_tmcu.cpp:598     RX: 0x07 v=3 [0700000700000000000000] (state Ready)
11:34:55      TMCU: D shelly_tmcu.cpp:598     RX: 0x07 v=3 [0800000700000000000000] (state Ready)
11:34:55      TMCU: D shelly_tmcu.cpp:598     RX: 0x07 v=3 [0902000400000000] (state Ready)
11:34:55      TMCU: D shelly_tmcu.cpp:598     RX: 0x07 v=3 [0a0500020000] (state Ready)
11:34:57      odczyty: energia sesji 0 kWh | czas sesji 1074 min | moc 0 W, prąd 0 A, napięcia 0/0/0 V, licznik 0 kWh
11:35:02  [strona WWW] strona DevKitu została otwarta
11:35:29  [strona WWW] strona DevKitu została otwarta
11:35:30  [strona WWW] strona DevKitu została otwarta
11:35:30  [strona WWW] strona DevKitu została otwarta
11:35:31  [strona WWW] strona DevKitu została otwarta
11:35:31  [strona WWW] strona DevKitu została otwarta
11:35:31  [strona WWW] strona DevKitu została otwarta
11:35:32  [strona WWW] strona DevKitu została otwarta
11:35:32  [strona WWW] strona DevKitu została otwarta
11:35:33  [strona WWW] strona DevKitu została otwarta
11:35:33  [strona WWW] strona DevKitu została otwarta
11:35:33  [strona WWW] strona DevKitu została otwarta
11:35:34  [strona WWW] strona DevKitu została otwarta
11:35:34  [strona WWW] strona DevKitu została otwarta
11:35:35  [strona WWW] strona DevKitu została otwarta
11:35:35  [strona WWW] strona DevKitu została otwarta
11:35:36  [strona WWW] strona DevKitu została otwarta
11:35:36  [strona WWW] strona DevKitu została otwarta
11:35:37  [strona WWW] strona DevKitu została otwarta
11:35:37  [strona WWW] strona DevKitu została otwarta
11:35:37  [strona WWW] strona DevKitu została otwarta
11:35:38  [strona WWW] strona DevKitu została otwarta
11:35:38  [strona WWW] strona DevKitu została otwarta
11:35:39  [strona WWW] strona DevKitu została otwarta
11:35:39  [strona WWW] strona DevKitu została otwarta
11:35:39  [strona WWW] strona DevKitu została otwarta
11:35:40  [strona WWW] strona DevKitu została otwarta
11:35:41  [strona WWW] strona DevKitu została otwarta
11:35:41  [strona WWW] strona DevKitu została otwarta
11:35:41  [strona WWW] strona DevKitu została otwarta
11:35:42  [strona WWW] strona DevKitu została otwarta
11:35:43  [strona WWW] strona DevKitu została otwarta
11:35:43  [strona WWW] strona DevKitu została otwarta
11:35:44  [strona WWW] strona DevKitu została otwarta
11:35:44  [strona WWW] strona DevKitu została otwarta
11:35:44  [strona WWW] strona DevKitu została otwarta
11:35:45  [strona WWW] strona DevKitu została otwarta
11:35:45  [strona WWW] strona DevKitu została otwarta
11:35:46  [strona WWW] strona DevKitu została otwarta
11:35:46  [strona WWW] strona DevKitu została otwarta
11:35:47  [strona WWW] strona DevKitu została otwarta
11:35:47  [strona WWW] strona DevKitu została otwarta
11:35:48  [strona WWW] strona DevKitu została otwarta
11:35:48  [strona WWW] strona DevKitu została otwarta
11:35:48  [strona WWW] strona DevKitu została otwarta
11:35:49  [strona WWW] strona DevKitu została otwarta
11:35:49  [strona WWW] strona DevKitu została otwarta
11:35:50  [strona WWW] strona DevKitu została otwarta
11:35:50  [strona WWW] strona DevKitu została otwarta
11:35:50  [strona WWW] strona DevKitu została otwarta
11:35:51  [strona WWW] strona DevKitu została otwarta
11:35:51  [strona WWW] strona DevKitu została otwarta
11:35:52  [strona WWW] strona DevKitu została otwarta
11:35:52  [strona WWW] strona DevKitu została otwarta
11:35:53  [strona WWW] strona DevKitu została otwarta
11:35:53  [strona WWW] strona DevKitu została otwarta
11:35:54  [strona WWW] strona DevKitu została otwarta
11:35:54  [strona WWW] strona DevKitu została otwarta
11:35:54  [strona WWW] strona DevKitu została otwarta
11:35:55  [strona WWW] strona DevKitu została otwarta
11:35:55  [strona WWW] strona DevKitu została otwarta
11:35:56  [strona WWW] strona DevKitu została otwarta
11:35:56  [strona WWW] strona DevKitu została otwarta
11:35:56  [strona WWW] strona DevKitu została otwarta
11:35:57  [strona WWW] strona DevKitu została otwarta
11:35:58  [strona WWW] strona DevKitu została otwarta
11:35:58  [strona WWW] strona DevKitu została otwarta
11:35:59  [strona WWW] strona DevKitu została otwarta
11:35:59  [strona WWW] strona DevKitu została otwarta
11:35:59  [strona WWW] strona DevKitu została otwarta
11:36:00  [strona WWW] strona DevKitu została otwarta
11:36:00  [strona WWW] strona DevKitu została otwarta
11:36:01  [strona WWW] strona DevKitu została otwarta
11:36:01  [strona WWW] strona DevKitu została otwarta
11:36:01  [strona WWW] strona DevKitu została otwarta
11:36:02  [strona WWW] strona DevKitu została otwarta
11:36:02  [strona WWW] strona DevKitu została otwarta
11:36:03  [strona WWW] strona DevKitu została otwarta
11:36:03  [strona WWW] strona DevKitu została otwarta
11:36:04  [strona WWW] strona DevKitu została otwarta
11:36:04  [strona WWW] strona DevKitu została otwarta
11:36:05  [strona WWW] strona DevKitu została otwarta
11:36:05  [strona WWW] strona DevKitu została otwarta
11:36:06  [strona WWW] strona DevKitu została otwarta
11:36:06  [strona WWW] strona DevKitu została otwarta
11:36:06  [strona WWW] strona DevKitu została otwarta
11:36:07  [strona WWW] strona DevKitu została otwarta
11:36:07  [strona WWW] strona DevKitu została otwarta
11:36:08  [strona WWW] strona DevKitu została otwarta
11:36:08  [strona WWW] strona DevKitu została otwarta
11:36:09  [strona WWW] strona DevKitu została otwarta
11:36:09  [strona WWW] strona DevKitu została otwarta
11:36:10  [strona WWW] strona DevKitu została otwarta
11:36:10  [strona WWW] strona DevKitu została otwarta
11:36:11  [strona WWW] strona DevKitu została otwarta
11:36:11  [strona WWW] strona DevKitu została otwarta
11:36:12  [strona WWW] strona DevKitu została otwarta
11:36:12  [strona WWW] strona DevKitu została otwarta
11:36:12  [strona WWW] strona DevKitu została otwarta
11:36:13  [strona WWW] strona DevKitu została otwarta
11:36:13  [strona WWW] strona DevKitu została otwarta
11:36:14  [strona WWW] strona DevKitu została otwarta
11:36:14  [strona WWW] strona DevKitu została otwarta
11:36:15  [strona WWW] strona DevKitu została otwarta
11:36:15  [strona WWW] strona DevKitu została otwarta
11:36:16  [strona WWW] strona DevKitu została otwarta
11:36:16  [strona WWW] strona DevKitu została otwarta
11:36:16  [strona WWW] strona DevKitu została otwarta
11:36:17  [strona WWW] strona DevKitu została otwarta
11:36:17  [strona WWW] strona DevKitu została otwarta
11:36:17  [strona WWW] strona DevKitu została otwarta
11:36:18  [strona WWW] strona DevKitu została otwarta
11:36:18  [strona WWW] strona DevKitu została otwarta
11:36:19  [strona WWW] strona DevKitu została otwarta
11:36:19  [strona WWW] strona DevKitu została otwarta
11:36:20  [strona WWW] strona DevKitu została otwarta
11:36:20  [strona WWW] strona DevKitu została otwarta
11:36:21  [strona WWW] strona DevKitu została otwarta
11:36:21  [strona WWW] strona DevKitu została otwarta
11:36:22  [strona WWW] strona DevKitu została otwarta
11:36:22  [strona WWW] strona DevKitu została otwarta
11:36:23  [strona WWW] strona DevKitu została otwarta
11:36:23  [strona WWW] strona DevKitu została otwarta
11:36:23  [strona WWW] strona DevKitu została otwarta
11:36:24  [strona WWW] strona DevKitu została otwarta
11:36:24  [strona WWW] strona DevKitu została otwarta
11:36:25  [strona WWW] strona DevKitu została otwarta
11:36:26  [strona WWW] strona DevKitu została otwarta
11:36:26  [strona WWW] strona DevKitu została otwarta
11:36:26  [strona WWW] strona DevKitu została otwarta
11:36:27  [strona WWW] strona DevKitu została otwarta
11:36:27  [strona WWW] strona DevKitu została otwarta
11:36:28  [strona WWW] strona DevKitu została otwarta
11:36:28  [strona WWW] strona DevKitu została otwarta
11:36:29  [strona WWW] strona DevKitu została otwarta
11:36:29  [strona WWW] strona DevKitu została otwarta
11:36:29  [strona WWW] strona DevKitu została otwarta
11:36:30  [strona WWW] strona DevKitu została otwarta
11:36:31  [strona WWW] strona DevKitu została otwarta
11:36:31  [strona WWW] strona DevKitu została otwarta
11:36:31  [strona WWW] strona DevKitu została otwarta
11:36:32  [strona WWW] strona DevKitu została otwarta
11:36:32  [strona WWW] strona DevKitu została otwarta
11:36:33  [strona WWW] strona DevKitu została otwarta
11:36:33  [strona WWW] strona DevKitu została otwarta
11:36:33  [strona WWW] strona DevKitu została otwarta
11:36:34  [strona WWW] strona DevKitu została otwarta
11:36:34  [strona WWW] strona DevKitu została otwarta
11:36:35  [strona WWW] strona DevKitu została otwarta
11:36:35  [strona WWW] strona DevKitu została otwarta
11:36:35  [strona WWW] strona DevKitu została otwarta
11:36:36  [strona WWW] strona DevKitu została otwarta
11:36:37  [strona WWW] strona DevKitu została otwarta
11:36:37  [strona WWW] strona DevKitu została otwarta
11:36:37  [strona WWW] strona DevKitu została otwarta
11:36:38  [strona WWW] strona DevKitu została otwarta
11:36:38  [strona WWW] strona DevKitu została otwarta
11:36:39  [strona WWW] strona DevKitu została otwarta
11:36:39  [strona WWW] strona DevKitu została otwarta
11:36:40  [strona WWW] strona DevKitu została otwarta
11:36:40  [strona WWW] strona DevKitu została otwarta
11:36:41  [strona WWW] strona DevKitu została otwarta
11:36:41  [strona WWW] strona DevKitu została otwarta
11:36:42  [strona WWW] strona DevKitu została otwarta
11:36:42  [strona WWW] strona DevKitu została otwarta
11:36:43  [strona WWW] strona DevKitu została otwarta
11:36:43  [strona WWW] strona DevKitu została otwarta
11:36:44  [strona WWW] strona DevKitu została otwarta
11:36:44  [strona WWW] strona DevKitu została otwarta
11:36:44  [strona WWW] strona DevKitu została otwarta
11:36:45  [strona WWW] strona DevKitu została otwarta
11:36:45  [strona WWW] strona DevKitu została otwarta
11:36:45  [strona WWW] strona DevKitu została otwarta
11:36:46  [strona WWW] strona DevKitu została otwarta
11:36:46  [strona WWW] strona DevKitu została otwarta
11:36:47  [strona WWW] strona DevKitu została otwarta
11:36:47  [strona WWW] strona DevKitu została otwarta
11:36:48  [strona WWW] strona DevKitu została otwarta
11:36:48  [strona WWW] strona DevKitu została otwarta
11:36:48  [strona WWW] strona DevKitu została otwarta
11:36:49  [strona WWW] strona DevKitu została otwarta
11:36:49  [strona WWW] strona DevKitu została otwarta
11:36:50  [strona WWW] strona DevKitu została otwarta
11:36:50  [strona WWW] strona DevKitu została otwarta
11:36:51  [strona WWW] strona DevKitu została otwarta
11:36:51  [strona WWW] strona DevKitu została otwarta
11:36:51  [strona WWW] strona DevKitu została otwarta
11:36:52  [strona WWW] strona DevKitu została otwarta
11:36:52  [strona WWW] strona DevKitu została otwarta
11:36:53  [strona WWW] strona DevKitu została otwarta
11:36:53  [strona WWW] strona DevKitu została otwarta
11:36:54  [strona WWW] strona DevKitu została otwarta
11:36:54  [strona WWW] strona DevKitu została otwarta
11:36:54  [strona WWW] strona DevKitu została otwarta
11:36:55  [strona WWW] strona DevKitu została otwarta
11:36:55  [strona WWW] strona DevKitu została otwarta
11:36:56  [strona WWW] strona DevKitu została otwarta
11:36:56  [strona WWW] strona DevKitu została otwarta
11:36:56  [strona WWW] strona DevKitu została otwarta
11:36:57  [strona WWW] strona DevKitu została otwarta
11:36:57  [strona WWW] strona DevKitu została otwarta
11:36:58  [strona WWW] strona DevKitu została otwarta
11:36:58  [strona WWW] strona DevKitu została otwarta
11:36:59  [strona WWW] strona DevKitu została otwarta
11:36:59  [strona WWW] strona DevKitu została otwarta
11:37:00  [strona WWW] strona DevKitu została otwarta
11:37:00  [strona WWW] strona DevKitu została otwarta
11:37:00  [strona WWW] strona DevKitu została otwarta
11:37:01  [strona WWW] strona DevKitu została otwarta
11:37:01  [strona WWW] strona DevKitu została otwarta
11:37:02  [strona WWW] strona DevKitu została otwarta
11:37:02  [strona WWW] strona DevKitu została otwarta
11:37:02  [strona WWW] strona DevKitu została otwarta
11:37:03  [strona WWW] strona DevKitu została otwarta
11:37:03  [strona WWW] strona DevKitu została otwarta
11:37:04  [strona WWW] strona DevKitu została otwarta
11:37:04  [strona WWW] strona DevKitu została otwarta
11:37:05  [strona WWW] strona DevKitu została otwarta
11:37:05  [strona WWW] strona DevKitu została otwarta
11:37:06  [strona WWW] strona DevKitu została otwarta
11:37:06  [strona WWW] strona DevKitu została otwarta
11:37:06  [strona WWW] strona DevKitu została otwarta
11:37:07  [strona WWW] strona DevKitu została otwarta
11:37:07  [strona WWW] strona DevKitu została otwarta
11:37:08  [strona WWW] strona DevKitu została otwarta
11:37:08  [strona WWW] strona DevKitu została otwarta
11:37:53  Log przez Wi-Fi: brak połączenia (45 s bez żadnego wiersza logu); ponawiam za 5 s
11:37:58  Log przez Wi-Fi: połączono z 192.168.0.238
11:37:59  [strona WWW] strona DevKitu została otwarta
11:37:59  [strona WWW] strona DevKitu została otwarta
11:38:00  [strona WWW] strona DevKitu została otwarta
11:38:00  [strona WWW] strona DevKitu została otwarta
11:38:01  [strona WWW] strona DevKitu została otwarta
11:38:01  [strona WWW] strona DevKitu została otwarta
11:38:02  [strona WWW] strona DevKitu została otwarta
11:38:02  [strona WWW] strona DevKitu została otwarta
11:38:03  [strona WWW] strona DevKitu została otwarta
11:38:03  [strona WWW] strona DevKitu została otwarta
11:38:04  [strona WWW] strona DevKitu została otwarta
11:38:04  [strona WWW] strona DevKitu została otwarta
11:38:05  [strona WWW] strona DevKitu została otwarta
11:38:05  [strona WWW] strona DevKitu została otwarta
11:38:06  [strona WWW] strona DevKitu została otwarta
11:38:06  [strona WWW] strona DevKitu została otwarta
11:38:07  [strona WWW] strona DevKitu została otwarta
11:38:07  [strona WWW] strona DevKitu została otwarta
11:38:08  [strona WWW] strona DevKitu została otwarta
11:38:08  [strona WWW] strona DevKitu została otwarta
11:38:09  [strona WWW] strona DevKitu została otwarta
11:38:10  [strona WWW] strona DevKitu została otwarta
11:38:10  [strona WWW] strona DevKitu została otwarta
11:38:11  [strona WWW] strona DevKitu została otwarta
11:38:11  [strona WWW] strona DevKitu została otwarta
11:38:12  [strona WWW] strona DevKitu została otwarta
11:38:12  [strona WWW] strona DevKitu została otwarta
11:38:13  [strona WWW] strona DevKitu została otwarta
11:38:13  [strona WWW] strona DevKitu została otwarta
11:38:14  [strona WWW] strona DevKitu została otwarta
11:38:14  [strona WWW] strona DevKitu została otwarta
11:38:15  [strona WWW] strona DevKitu została otwarta
11:38:15  [strona WWW] strona DevKitu została otwarta
11:38:16  [strona WWW] strona DevKitu została otwarta
11:38:16  [strona WWW] strona DevKitu została otwarta
11:38:17  [strona WWW] strona DevKitu została otwarta
11:38:18  [strona WWW] strona DevKitu została otwarta
11:38:18  [strona WWW] strona DevKitu została otwarta
11:38:19  [strona WWW] strona DevKitu została otwarta
11:38:19  [strona WWW] strona DevKitu została otwarta
11:38:20  [strona WWW] strona DevKitu została otwarta
11:38:20  [strona WWW] strona DevKitu została otwarta
11:38:21  [strona WWW] strona DevKitu została otwarta
11:38:21  [strona WWW] strona DevKitu została otwarta
11:38:22  [strona WWW] strona DevKitu została otwarta
11:38:22  [strona WWW] strona DevKitu została otwarta
11:38:23  [strona WWW] strona DevKitu została otwarta
11:38:23  [strona WWW] strona DevKitu została otwarta
11:38:24  [strona WWW] strona DevKitu została otwarta
11:38:24  [strona WWW] strona DevKitu została otwarta
11:38:25  [strona WWW] strona DevKitu została otwarta
11:38:25  [strona WWW] strona DevKitu została otwarta
11:38:26  [strona WWW] strona DevKitu została otwarta
11:38:26  [strona WWW] strona DevKitu została otwarta
11:38:27  [strona WWW] strona DevKitu została otwarta
11:38:28  [strona WWW] strona DevKitu została otwarta
11:38:28  [strona WWW] strona DevKitu została otwarta
11:38:28  [strona WWW] strona DevKitu została otwarta
11:38:29  [strona WWW] strona DevKitu została otwarta
11:38:30  [strona WWW] strona DevKitu została otwarta
11:38:31  [strona WWW] strona DevKitu została otwarta
11:38:31  [strona WWW] strona DevKitu została otwarta
11:38:32  [strona WWW] strona DevKitu została otwarta
11:39:17  Log przez Wi-Fi: brak połączenia (45 s bez żadnego wiersza logu); ponawiam za 5 s
11:39:32  Log przez Wi-Fi: brak połączenia (timed out); ponawiam za 5 s
11:39:47  Log przez Wi-Fi: brak połączenia (timed out); ponawiam za 5 s
11:40:02  Log przez Wi-Fi: brak połączenia (timed out); ponawiam za 5 s
11:40:17  Log przez Wi-Fi: brak połączenia (timed out); ponawiam za 5 s
11:40:32  Log przez Wi-Fi: brak połączenia (timed out); ponawiam za 5 s
11:40:47  Log przez Wi-Fi: brak połączenia (timed out); ponawiam za 5 s
11:41:02  Log przez Wi-Fi: brak połączenia (timed out); ponawiam za 5 s
11:41:17  Log przez Wi-Fi: brak połączenia (timed out); ponawiam za 5 s
11:41:32  Log przez Wi-Fi: brak połączenia (timed out); ponawiam za 5 s
11:41:47  Log przez Wi-Fi: brak połączenia (timed out); ponawiam za 5 s
11:42:02  Log przez Wi-Fi: brak połączenia (timed out); ponawiam za 5 s
11:42:17  Log przez Wi-Fi: brak połączenia (timed out); ponawiam za 5 s
11:42:32  Log przez Wi-Fi: brak połączenia (timed out); ponawiam za 5 s
11:42:47  Log przez Wi-Fi: brak połączenia (timed out); ponawiam za 5 s
11:43:02  Log przez Wi-Fi: brak połączenia (timed out); ponawiam za 5 s
11:43:17  Log przez Wi-Fi: brak połączenia (timed out); ponawiam za 5 s
11:43:32  Log przez Wi-Fi: brak połączenia (timed out); ponawiam za 5 s
11:43:47  Log przez Wi-Fi: brak połączenia (timed out); ponawiam za 5 s
11:44:02  Log przez Wi-Fi: brak połączenia (timed out); ponawiam za 5 s
11:44:17  Log przez Wi-Fi: brak połączenia (timed out); ponawiam za 5 s
11:44:32  Log przez Wi-Fi: brak połączenia (timed out); ponawiam za 5 s
11:44:47  Log przez Wi-Fi: brak połączenia (timed out); ponawiam za 5 s
11:45:02  Log przez Wi-Fi: brak połączenia (timed out); ponawiam za 5 s
11:45:17  Log przez Wi-Fi: brak połączenia (timed out); ponawiam za 5 s
11:45:32  Log przez Wi-Fi: brak połączenia (timed out); ponawiam za 5 s
11:45:47  Log przez Wi-Fi: brak połączenia (timed out); ponawiam za 5 s
11:46:02  Log przez Wi-Fi: brak połączenia (timed out); ponawiam za 5 s
11:46:17  Log przez Wi-Fi: brak połączenia (timed out); ponawiam za 5 s
11:46:32  Log przez Wi-Fi: brak połączenia (timed out); ponawiam za 5 s
11:46:47  Log przez Wi-Fi: brak połączenia (timed out); ponawiam za 5 s
11:47:02  Log przez Wi-Fi: brak połączenia (timed out); ponawiam za 5 s
11:47:17  Log przez Wi-Fi: brak połączenia (timed out); ponawiam za 5 s
11:47:32  Log przez Wi-Fi: brak połączenia (timed out); ponawiam za 5 s
11:47:47  Log przez Wi-Fi: brak połączenia (timed out); ponawiam za 5 s
11:48:02  Log przez Wi-Fi: brak połączenia (timed out); ponawiam za 5 s
11:48:17  Log przez Wi-Fi: brak połączenia (timed out); ponawiam za 5 s
11:48:32  Log przez Wi-Fi: brak połączenia (timed out); ponawiam za 5 s
11:48:47  Log przez Wi-Fi: brak połączenia (timed out); ponawiam za 5 s
11:49:02  Log przez Wi-Fi: brak połączenia (timed out); ponawiam za 5 s
11:49:17  Log przez Wi-Fi: brak połączenia (timed out); ponawiam za 5 s
11:49:32  Log przez Wi-Fi: brak połączenia (timed out); ponawiam za 5 s
11:49:47  Log przez Wi-Fi: brak połączenia (timed out); ponawiam za 5 s
11:50:02  Log przez Wi-Fi: brak połączenia (timed out); ponawiam za 5 s
11:50:17  Log przez Wi-Fi: brak połączenia (timed out); ponawiam za 5 s
11:50:32  Log przez Wi-Fi: brak połączenia (timed out); ponawiam za 5 s
11:50:47  Log przez Wi-Fi: brak połączenia (timed out); ponawiam za 5 s
11:51:02  Log przez Wi-Fi: brak połączenia (timed out); ponawiam za 5 s
11:51:17  Log przez Wi-Fi: brak połączenia (timed out); ponawiam za 5 s
11:51:32  Log przez Wi-Fi: brak połączenia (timed out); ponawiam za 5 s
11:51:47  Log przez Wi-Fi: brak połączenia (timed out); ponawiam za 5 s
11:52:02  Log przez Wi-Fi: brak połączenia (timed out); ponawiam za 5 s
11:52:17  Log przez Wi-Fi: brak połączenia (timed out); ponawiam za 5 s
11:52:32  Log przez Wi-Fi: brak połączenia (timed out); ponawiam za 5 s
11:52:40  Log przez Wi-Fi: połączono z 192.168.0.238
11:52:40      TMCU: D shelly_tmcu.cpp:598     RX: 0x07 v=3 [1802000400000015] (state Ready)
11:52:40      TMCU: D shelly_tmcu.cpp:598     RX: 0x07 v=3 [0d04000100] (state Ready)
11:52:41      TMCU: D shelly_tmcu.cpp:890     TX: 0x08 v=3 [] (Ready)
11:52:41      TMCU: D shelly_tmcu.cpp:938     response to 07 timed out after 0.9884 s
11:52:41      TMCU: D shelly_tmcu.cpp:890     TX: 0x08 v=3 [] (Ready)
11:52:42      TMCU: D shelly_tmcu.cpp:938     response to 07 timed out after 0.4721 s
11:52:42      TMCU: D shelly_tmcu.cpp:890     TX: 0x08 v=3 [] (Ready)
11:52:42      TMCU: D shelly_tmcu.cpp:598     RX: 0x07 v=3 [0a0500020000] (state Ready)
11:52:42      TMCU: D shelly_tmcu.cpp:890     TX: 0x34 v=3 [02ff1a091e0b343103] (Ready)
11:52:42      TMCU: D shelly_tmcu.cpp:598     RX: 0x07 v=3 [0a0500020000] (state Ready)
11:52:43      TMCU: D shelly_tmcu.cpp:598     RX: 0x07 v=3 [0e04000100] (state Ready)
11:52:43      TMCU: D shelly_tmcu.cpp:598     RX: 0x07 v=3 [1201000101] (state Ready)
11:52:43      TMCU: D shelly_tmcu.cpp:598     RX: 0x07 v=3 [130000020000] (state Ready)
11:52:43      TMCU: D shelly_tmcu.cpp:598     RX: 0x07 v=3 [1802000400000015] (state Ready)
11:52:43      TMCU: D shelly_tmcu.cpp:598     RX: 0x07 v=3 [0d04000100] (state Ready)
11:52:45      TMCU: D shelly_tmcu.cpp:598     RX: 0x07 v=3 [1802000400000015] (state Ready)
11:53:30  [strona WWW] strona DevKitu została otwarta
11:53:31  [strona WWW] polecenie KVS.Delete
11:53:34      TMCU: D shelly_tmcu.cpp:890     TX: 0x06 v=3 [040200040000000c] (Ready)
11:53:34      TMCU: D shelly_tmcu.cpp:598     RX: 0x07 v=3 [0402000400000009] (state Ready)
11:53:35      TMCU: D shelly_tmcu.cpp:598     RX: 0x07 v=3 [040200040000000c] (state Ready)
11:53:35      TMCU: D shelly_tmcu.cpp:860     upd int 4 = 12
11:53:35      TMCU: D shelly_tmcu.cpp:79      Tmcu Event 4 (0x3fca0d80)
11:59:02      TMCU: D shelly_tmcu.cpp:890     TX: 0x06 v=3 [130000020204] (Ready)
11:59:04      TMCU: D shelly_tmcu.cpp:598     RX: 0x07 v=3 [0e04000102] (state Ready)
11:59:04      TMCU: D shelly_tmcu.cpp:598     RX: 0x07 v=3 [130000020204] (state Ready)
11:59:06      TMCU: D shelly_tmcu.cpp:598     RX: 0x07 v=3 [1802000400000015] (state Ready)
11:59:24  [strona WWW] polecenie Shelly.Reboot
11:59:25  Log przez Wi-Fi: brak połączenia (DevKit zamknął log); ponawiam za 5 s
11:59:40  Log przez Wi-Fi: brak połączenia (timed out); ponawiam za 5 s
11:59:51  Log przez Wi-Fi: połączono z 192.168.0.238
11:59:51      TMCU: D shelly_tmcu.cpp:890     TX: 0x34 v=3 [02ff1a091e0c000003] (Ready)
11:59:53  [strona WWW] strona DevKitu została otwarta
12:05:30      TMCU: D shelly_tmcu.cpp:598     RX: 0x07 v=3 [1802000400000015] (state Ready)
12:11:51      TMCU: D shelly_tmcu.cpp:598     RX: 0x07 v=3 [1802000400000015] (state Ready)
12:16:43  Log przez Wi-Fi: brak połączenia (45 s bez żadnego wiersza logu); ponawiam za 5 s
12:16:58  Log przez Wi-Fi: brak połączenia (timed out); ponawiam za 5 s
12:17:13  Log przez Wi-Fi: brak połączenia (timed out); ponawiam za 5 s
12:17:28  Log przez Wi-Fi: brak połączenia (timed out); ponawiam za 5 s
12:17:43  Log przez Wi-Fi: brak połączenia (timed out); ponawiam za 5 s
12:17:58  Log przez Wi-Fi: brak połączenia (timed out); ponawiam za 5 s
12:18:13  Log przez Wi-Fi: brak połączenia (timed out); ponawiam za 5 s
12:18:28  Log przez Wi-Fi: brak połączenia (timed out); ponawiam za 5 s
12:18:43  Log przez Wi-Fi: brak połączenia (timed out); ponawiam za 5 s
12:18:58  Log przez Wi-Fi: brak połączenia (timed out); ponawiam za 5 s
12:19:13  Log przez Wi-Fi: brak połączenia (timed out); ponawiam za 5 s
12:19:28  Log przez Wi-Fi: brak połączenia (timed out); ponawiam za 5 s
12:19:43  Log przez Wi-Fi: brak połączenia (timed out); ponawiam za 5 s
12:19:58  Log przez Wi-Fi: brak połączenia (timed out); ponawiam za 5 s
12:20:13  Log przez Wi-Fi: brak połączenia (timed out); ponawiam za 5 s
12:20:28  Log przez Wi-Fi: brak połączenia (timed out); ponawiam za 5 s
12:20:43  Log przez Wi-Fi: brak połączenia (timed out); ponawiam za 5 s
12:20:58  Log przez Wi-Fi: brak połączenia (timed out); ponawiam za 5 s
12:21:13  Log przez Wi-Fi: brak połączenia (timed out); ponawiam za 5 s
12:21:28  Log przez Wi-Fi: brak połączenia (timed out); ponawiam za 5 s
12:21:43  Log przez Wi-Fi: brak połączenia (timed out); ponawiam za 5 s
12:21:58  Log przez Wi-Fi: brak połączenia (timed out); ponawiam za 5 s
12:22:13  Log przez Wi-Fi: brak połączenia (timed out); ponawiam za 5 s
12:22:29  Log przez Wi-Fi: brak połączenia (timed out); ponawiam za 5 s
12:22:44  Log przez Wi-Fi: brak połączenia (timed out); ponawiam za 5 s
12:22:58  Log przez Wi-Fi: połączono z 192.168.0.238
12:23:02      TMCU: D shelly_tmcu.cpp:598     RX: 0x07 v=3 [1802000400000016] (state Setting up WiFi)
12:23:02      TMCU: I shelly_tmcu.cpp:853     add int 24 = 22
12:23:02      TMCU: D shelly_tmcu.cpp:79      Tmcu Event 4 (0x3fca0d80)
12:23:06      TMCU: D shelly_tmcu.cpp:890     TX: 0x08 v=3 [] (Fetching Datapoints)
12:23:07      TMCU: D shelly_tmcu.cpp:598     RX: 0x07 v=3 [040200040000000c] (state Ready)
12:23:07      TMCU: D shelly_tmcu.cpp:598     RX: 0x07 v=3 [0600000700000000000000] (state Ready)
12:23:07      TMCU: D shelly_tmcu.cpp:598     RX: 0x07 v=3 [0700000700000000000000] (state Ready)
12:23:07      TMCU: D shelly_tmcu.cpp:598     RX: 0x07 v=3 [0800000700000000000000] (state Ready)
12:23:07      TMCU: D shelly_tmcu.cpp:890     TX: 0x08 v=3 [] (Ready)
12:23:07      TMCU: D shelly_tmcu.cpp:598     RX: 0x07 v=3 [0902000400000000] (state Ready)
12:23:07      TMCU: D shelly_tmcu.cpp:598     RX: 0x07 v=3 [0304000100] (state Ready)
12:23:07      TMCU: D shelly_tmcu.cpp:598     RX: 0x07 v=3 [040200040000000c] (state Ready)
12:23:07      TMCU: D shelly_tmcu.cpp:598     RX: 0x07 v=3 [0600000700000000000000] (state Ready)
12:23:07      TMCU: D shelly_tmcu.cpp:598     RX: 0x07 v=3 [0700000700000000000000] (state Ready)
12:23:07      TMCU: D shelly_tmcu.cpp:598     RX: 0x07 v=3 [0800000700000000000000] (state Ready)
12:23:07      TMCU: D shelly_tmcu.cpp:598     RX: 0x07 v=3 [0902000400000000] (state Ready)
12:23:07      TMCU: D shelly_tmcu.cpp:598     RX: 0x07 v=3 [0a0500020000] (state Ready)
12:23:07      TMCU: D shelly_tmcu.cpp:598     RX: 0x07 v=3 [0e04000100] (state Ready)
12:23:09      odczyty: energia sesji 0 kWh | czas sesji 1074 min | moc 0 W, prąd 0 A, napięcia 0/0/0 V, licznik 0 kWh
12:23:38  [strona WWW] polecenie Shelly.Reboot
12:23:39  Log przez Wi-Fi: brak połączenia (DevKit zamknął log); ponawiam za 5 s
12:23:54  Log przez Wi-Fi: brak połączenia (timed out); ponawiam za 5 s
12:24:03  Log przez Wi-Fi: połączono z 192.168.0.238
12:27:27  [strona WWW] polecenie Shelly.Reboot
12:27:28  Log przez Wi-Fi: brak połączenia (DevKit zamknął log); ponawiam za 5 s
12:27:43  Log przez Wi-Fi: brak połączenia (timed out); ponawiam za 5 s
12:27:55  Log przez Wi-Fi: połączono z 192.168.0.238
12:27:57      TMCU: D shelly_tmcu.cpp:890     TX: 0x34 v=3 [02ff1a091e0c1c0603] (Ready)
12:29:27      TMCU: D shelly_tmcu.cpp:598     RX: 0x07 v=3 [1802000400000016] (state Ready)
12:35:48      TMCU: D shelly_tmcu.cpp:598     RX: 0x07 v=3 [1802000400000016] (state Ready)
12:36:51  [strona WWW] polecenie Shelly.Reboot
12:36:52  Log przez Wi-Fi: brak połączenia (DevKit zamknął log); ponawiam za 5 s
12:37:07  Log przez Wi-Fi: brak połączenia (timed out); ponawiam za 5 s
12:37:17  Log przez Wi-Fi: połączono z 192.168.0.238
12:37:17      TMCU: D shelly_tmcu.cpp:890     TX: 0x34 v=3 [02ff1a091e0c251a03] (Ready)
12:37:18  [strona WWW] strona DevKitu została otwarta
12:41:10      TMCU: D shelly_tmcu.cpp:598     RX: 0x07 v=3 [12010001010e04000100] (state Ready)
12:41:17      TMCU: D shelly_tmcu.cpp:598     RX: 0x07 v=3 [0700000700000000000000] (state Ready)
12:41:17      TMCU: D shelly_tmcu.cpp:598     RX: 0x07 v=3 [0800000700000000000000] (state Ready)
12:41:17      TMCU: D shelly_tmcu.cpp:598     RX: 0x07 v=3 [0902000400000000] (state Ready)
12:41:18      odczyty: energia sesji 0 kWh | czas sesji 1074 min | moc 0 W, prąd 0 A, napięcia 0/0/0 V, licznik 0 kWh
12:41:48      TMCU: D shelly_tmcu.cpp:598     RX: 0x07 v=3 [0600000700000000000000] (state Ready)
12:41:48      TMCU: D shelly_tmcu.cpp:598     RX: 0x07 v=3 [0700000700000000000000] (state Ready)
12:41:48      TMCU: D shelly_tmcu.cpp:598     RX: 0x07 v=3 [0800000700000000000000] (state Ready)
12:41:48      TMCU: D shelly_tmcu.cpp:598     RX: 0x07 v=3 [0902000400000000] (state Ready)
12:42:12      TMCU: D shelly_tmcu.cpp:598     RX: 0x07 v=3 [1802000400000016] (state Ready)
12:48:32      TMCU: D shelly_tmcu.cpp:598     RX: 0x07 v=3 [1802000400000016] (state Ready)
12:54:53      TMCU: D shelly_tmcu.cpp:598     RX: 0x07 v=3 [1802000400000016] (state Ready)
13:01:14      TMCU: D shelly_tmcu.cpp:598     RX: 0x07 v=3 [1802000400000016] (state Ready)
13:02:31  Log przez Wi-Fi: brak połączenia (45 s bez żadnego wiersza logu); ponawiam za 5 s
13:02:36  Log przez Wi-Fi: połączono z 192.168.0.238
13:03:04      odczyty: energia sesji 0 kWh | czas sesji 1 min | moc 0 W, prąd 0 A, napięcia 0/0/0 V, licznik 0 kWh
13:03:31      TMCU: D shelly_tmcu.cpp:598     RX: 0x07 v=3 [0102000400000000] (state Ready)
13:04:00      TMCU: D shelly_tmcu.cpp:598     RX: 0x07 v=3 [0700000700000000000000] (state Ready)
13:04:00      TMCU: D shelly_tmcu.cpp:598     RX: 0x07 v=3 [0800000700000000000000] (state Ready)
13:04:00      TMCU: D shelly_tmcu.cpp:598     RX: 0x07 v=3 [0902000400000000] (state Ready)
13:04:00      TMCU: D shelly_tmcu.cpp:598     RX: 0x07 v=3 [0102000400000000] (state Ready)
13:04:00      odczyty: energia sesji 0 kWh | czas sesji 1 min | moc 0 W, prąd 0 A, napięcia 0/0/0 V, licznik 0 kWh
13:04:23      TMCU: D shelly_tmcu.cpp:598     RX: 0x07 v=3 [0600000700000000000000] (state Ready)
13:04:23      TMCU: D shelly_tmcu.cpp:598     RX: 0x07 v=3 [0700000700000000000000] (state Ready)
13:04:23      TMCU: D shelly_tmcu.cpp:598     RX: 0x07 v=3 [0800000700000000000000] (state Ready)
13:04:23      TMCU: D shelly_tmcu.cpp:598     RX: 0x07 v=3 [0902000400000000] (state Ready)
13:06:05  Log przez Wi-Fi: brak połączenia (45 s bez żadnego wiersza logu); ponawiam za 5 s
13:06:10  Log przez Wi-Fi: połączono z 192.168.0.238
13:07:20  Log przez Wi-Fi: brak połączenia (45 s bez żadnego wiersza logu); ponawiam za 5 s
13:07:35  Log przez Wi-Fi: brak połączenia (timed out); ponawiam za 5 s
13:07:43  Log przez Wi-Fi: połączono z 192.168.0.238
13:07:46      TMCU: D shelly_tmcu.cpp:890     TX: 0x34 v=3 [02ff1a091e0d073403] (Ready)
13:07:47      TMCU: D shelly_tmcu.cpp:598     RX: 0x07 v=3 [1802000400000017] (state Ready)
13:14:08      TMCU: D shelly_tmcu.cpp:598     RX: 0x07 v=3 [1802000400000017] (state Ready)
13:20:29      TMCU: D shelly_tmcu.cpp:598     RX: 0x07 v=3 [1802000400000016] (state Ready)
13:20:29      TMCU: D shelly_tmcu.cpp:860     upd int 24 = 22
13:20:29      TMCU: D shelly_tmcu.cpp:79      Tmcu Event 4 (0x3fca0d80)
13:25:15  Log przez Wi-Fi: brak połączenia (45 s bez żadnego wiersza logu); ponawiam za 5 s
13:25:20  Log przez Wi-Fi: połączono z 192.168.0.238
13:25:41      TMCU: D shelly_tmcu.cpp:598     RX: 0x07 v=3 [0600000700000000000000] (state Ready)
13:25:41      TMCU: D shelly_tmcu.cpp:598     RX: 0x07 v=3 [0700000700000000000000] (state Ready)
13:25:41      TMCU: D shelly_tmcu.cpp:598     RX: 0x07 v=3 [0800000700000000000000] (state Ready)
13:25:41      TMCU: D shelly_tmcu.cpp:598     RX: 0x07 v=3 [0902000400000000] (state Ready)
13:26:37  Log przez Wi-Fi: brak połączenia (45 s bez żadnego wiersza logu); ponawiam za 5 s
13:26:42  Log przez Wi-Fi: połączono z 192.168.0.238
13:27:39      TMCU: D shelly_tmcu.cpp:598     RX: 0x07 v=3 [0102000400000000] (state Ready)
13:28:11      odczyty: energia sesji 0 kWh | czas sesji 2 min | moc 0 W, prąd 0 A, napięcia 0/0/0 V, licznik 0 kWh
13:28:20      TMCU: D shelly_tmcu.cpp:598     RX: 0x07 v=3 [0700000700000000000000] (state Ready)
13:28:20      TMCU: D shelly_tmcu.cpp:598     RX: 0x07 v=3 [0800000700000000000000] (state Ready)
13:28:20      TMCU: D shelly_tmcu.cpp:598     RX: 0x07 v=3 [0902000400000000] (state Ready)
13:28:20      TMCU: D shelly_tmcu.cpp:598     RX: 0x07 v=3 [0102000400000000] (state Ready)
13:28:53      TMCU: D shelly_tmcu.cpp:598     RX: 0x07 v=3 [0600000700000000000000] (state Ready)
13:28:53      TMCU: D shelly_tmcu.cpp:598     RX: 0x07 v=3 [0700000700000000000000] (state Ready)
13:28:53      TMCU: D shelly_tmcu.cpp:598     RX: 0x07 v=3 [0800000700000000000000] (state Ready)
13:28:53      TMCU: D shelly_tmcu.cpp:598     RX: 0x07 v=3 [0902000400000000] (state Ready)
13:30:00      TMCU: D shelly_tmcu.cpp:598     RX: 0x07 v=3 [0600000708de0000000000] (state Ready)
13:30:02      TMCU: D shelly_tmcu.cpp:598     RX: 0x07 v=3 [0902000400000000] (state Ready)
13:30:02      odczyty: energia sesji 0 kWh | czas sesji 2 min | moc 0 W, prąd 0 A, napięcia 227/0/0 V, licznik 0 kWh
13:30:10      TMCU: D shelly_tmcu.cpp:598     RX: 0x07 v=3 [0700000700000000000000] (state Ready)
13:30:10      TMCU: D shelly_tmcu.cpp:598     RX: 0x07 v=3 [0800000700000000000000] (state Ready)
13:30:10      TMCU: D shelly_tmcu.cpp:598     RX: 0x07 v=3 [0902000400000000] (state Ready)
13:30:25      TMCU: D shelly_tmcu.cpp:598     RX: 0x07 v=3 [0600000700000000000000] (state Ready)
13:30:25      TMCU: D shelly_tmcu.cpp:598     RX: 0x07 v=3 [0700000700000000000000] (state Ready)
13:30:25      TMCU: D shelly_tmcu.cpp:598     RX: 0x07 v=3 [0800000700000000000000] (state Ready)
13:30:25      TMCU: D shelly_tmcu.cpp:598     RX: 0x07 v=3 [0902000400000000] (state Ready)
13:31:51      odczyty: energia sesji 0 kWh | czas sesji 3 min | moc 0 W, prąd 0 A, napięcia 0/0/0 V, licznik 0 kWh
13:32:12      TMCU: D shelly_tmcu.cpp:598     RX: 0x07 v=3 [0102000400000000] (state Ready)
13:32:25      TMCU: D shelly_tmcu.cpp:598     RX: 0x07 v=3 [0700000700000000000000] (state Ready)
13:32:25      TMCU: D shelly_tmcu.cpp:598     RX: 0x07 v=3 [0800000700000000000000] (state Ready)
13:32:25      TMCU: D shelly_tmcu.cpp:598     RX: 0x07 v=3 [0902000400000000] (state Ready)
13:32:25      TMCU: D shelly_tmcu.cpp:598     RX: 0x07 v=3 [0102000400000000] (state Ready)
13:32:47      TMCU: D shelly_tmcu.cpp:598     RX: 0x07 v=3 [1802000400000018] (state Ready)
13:32:47      TMCU: D shelly_tmcu.cpp:860     upd int 24 = 24
13:32:47      TMCU: D shelly_tmcu.cpp:79      Tmcu Event 4 (0x3fca0d80)
13:39:08      TMCU: D shelly_tmcu.cpp:598     RX: 0x07 v=3 [1802000400000018] (state Ready)
13:45:29      TMCU: D shelly_tmcu.cpp:598     RX: 0x07 v=3 [1802000400000017] (state Ready)
13:45:29      TMCU: D shelly_tmcu.cpp:860     upd int 24 = 23
13:45:29      TMCU: D shelly_tmcu.cpp:79      Tmcu Event 4 (0x3fca0d80)
13:51:50      TMCU: D shelly_tmcu.cpp:598     RX: 0x07 v=3 [1802000400000017] (state Ready)
13:55:46      TMCU: D shelly_tmcu.cpp:890     TX: 0x34 v=3 [02ff1a091e0d373803] (Ready)
13:56:55  Log przez Wi-Fi: brak połączenia (45 s bez żadnego wiersza logu); ponawiam za 5 s
13:57:00  Log przez Wi-Fi: połączono z 192.168.0.238
13:57:10  [strona WWW] strona DevKitu została otwarta
13:58:10      TMCU: D shelly_tmcu.cpp:598     RX: 0x07 v=3 [1802000400000017] (state Ready)
14:03:02  Q11: mikrokontroler nie odpowiada (Heartbeat timed out); kolejne takie same pomijam
14:03:02      TMCU: D shelly_tmcu.cpp:79      Tmcu Event 1 (0x3fca0ef8)
14:03:03  Q11: mikrokontroler się odezwał
14:03:03      TMCU: D shelly_tmcu.cpp:598     RX: 0x00 v=3 [01] (state Ready)
14:04:31      TMCU: D shelly_tmcu.cpp:598     RX: 0x07 v=3 [1802000400000016] (state Ready)
14:04:31      TMCU: D shelly_tmcu.cpp:860     upd int 24 = 22
14:04:31      TMCU: D shelly_tmcu.cpp:79      Tmcu Event 4 (0x3fca0d80)
14:05:51      TMCU: D shelly_tmcu.cpp:598     RX: 0x07 v=3 [0402000400000008] (state Ready)
14:05:51      TMCU: D shelly_tmcu.cpp:860     upd int 4 = 8
14:05:51      TMCU: D shelly_tmcu.cpp:79      Tmcu Event 4 (0x3fca0d80)
14:05:52  Limit prądu (DP 4): 11 A na 8 A
14:07:06  Log przez Wi-Fi: brak połączenia (45 s bez żadnego wiersza logu); ponawiam za 5 s
14:07:15  Log przez Wi-Fi: połączono z 192.168.0.238
14:07:16  [strona WWW] strona DevKitu została otwarta
14:07:18      TMCU: I shelly_tmcu.cpp:853     add int 24 = 22
14:07:18      TMCU: D shelly_tmcu.cpp:79      Tmcu Event 4 (0x3fca0d80)
14:07:22      TMCU: D shelly_tmcu.cpp:890     TX: 0x08 v=3 [] (Fetching Datapoints)
14:07:22      TMCU: D shelly_tmcu.cpp:598     RX: 0x07 v=3 [0402000400000008] (state Ready)
14:07:22      TMCU: D shelly_tmcu.cpp:598     RX: 0x07 v=3 [0600000700000000000000] (state Ready)
14:07:22      TMCU: D shelly_tmcu.cpp:598     RX: 0x07 v=3 [0700000700000000000000] (state Ready)
14:07:22      TMCU: D shelly_tmcu.cpp:598     RX: 0x07 v=3 [0800000700000000000000] (state Ready)
14:07:22      TMCU: D shelly_tmcu.cpp:890     TX: 0x08 v=3 [] (Ready)
14:07:22      TMCU: D shelly_tmcu.cpp:598     RX: 0x07 v=3 [0902000400000000] (state Ready)
14:07:22      TMCU: D shelly_tmcu.cpp:598     RX: 0x07 v=3 [0304000100] (state Ready)
14:07:22      TMCU: D shelly_tmcu.cpp:598     RX: 0x07 v=3 [0402000400000008] (state Ready)
14:07:22      TMCU: D shelly_tmcu.cpp:598     RX: 0x07 v=3 [0600000700000000000000] (state Ready)
14:07:22      TMCU: D shelly_tmcu.cpp:598     RX: 0x07 v=3 [0700000700000000000000] (state Ready)
14:07:22      TMCU: D shelly_tmcu.cpp:598     RX: 0x07 v=3 [0800000700000000000000] (state Ready)
14:07:24      TMCU: D shelly_tmcu.cpp:598     RX: 0x07 v=3 [0902000400000000] (state Ready)
14:07:24      TMCU: D shelly_tmcu.cpp:598     RX: 0x07 v=3 [0a0500020000] (state Ready)
14:07:24      odczyty: energia sesji 0 kWh | czas sesji 3 min | moc 0 W, prąd 0 A, napięcia 0/0/0 V, licznik 0 kWh
14:08:46      TMCU: D shelly_tmcu.cpp:890     TX: 0x06 v=3 [0402000400000009] (Ready)
14:08:46      TMCU: D shelly_tmcu.cpp:598     RX: 0x07 v=3 [0402000400000008] (state Ready)
14:08:46      TMCU: D shelly_tmcu.cpp:598     RX: 0x07 v=3 [0402000400000009] (state Ready)
14:08:46      TMCU: D shelly_tmcu.cpp:860     upd int 4 = 9
14:08:46      TMCU: D shelly_tmcu.cpp:79      Tmcu Event 4 (0x3fca0d80)
14:08:50      TMCU: D shelly_tmcu.cpp:890     TX: 0x06 v=3 [040200040000000a] (Ready)
14:08:50      TMCU: D shelly_tmcu.cpp:598     RX: 0x07 v=3 [0402000400000009] (state Ready)
14:08:52      TMCU: D shelly_tmcu.cpp:598     RX: 0x07 v=3 [040200040000000a] (state Ready)
14:08:52      TMCU: D shelly_tmcu.cpp:860     upd int 4 = 10
14:08:52      TMCU: D shelly_tmcu.cpp:79      Tmcu Event 4 (0x3fca0d80)
14:08:56      TMCU: D shelly_tmcu.cpp:890     TX: 0x06 v=3 [0402000400000008] (Ready)
14:08:56      TMCU: D shelly_tmcu.cpp:598     RX: 0x07 v=3 [040200040000000a] (state Ready)
14:08:58      TMCU: D shelly_tmcu.cpp:598     RX: 0x07 v=3 [0402000400000008] (state Ready)
14:08:58      TMCU: D shelly_tmcu.cpp:860     upd int 4 = 8
14:08:58      TMCU: D shelly_tmcu.cpp:79      Tmcu Event 4 (0x3fca0d80)
14:10:51  [skrypt] Limit prądu (DP 4): 8 A na 11 A
14:10:52      TMCU: D shelly_tmcu.cpp:890     TX: 0x06 v=3 [040200040000000b] (Ready)
14:10:52      TMCU: D shelly_tmcu.cpp:938     response to 07 timed out after 0.3036 s
14:10:52      TMCU: D shelly_tmcu.cpp:890     TX: 0x06 v=3 [040200040000000b] (Ready)
14:10:52      TMCU: D shelly_tmcu.cpp:598     RX: 0x07 v=3 [0402000400000008] (state Ready)
14:10:53      TMCU: D shelly_tmcu.cpp:598     RX: 0x07 v=3 [040200040000000b] (state Ready)
14:10:53      TMCU: D shelly_tmcu.cpp:860     upd int 4 = 11
14:10:53      TMCU: D shelly_tmcu.cpp:79      Tmcu Event 4 (0x3fca0d80)
14:11:04      TMCU: D shelly_tmcu.cpp:890     TX: 0x06 v=3 [0402000400000008] (Ready)
14:11:04      TMCU: D shelly_tmcu.cpp:598     RX: 0x07 v=3 [040200040000000b] (state Ready)
14:11:04      TMCU: D shelly_tmcu.cpp:598     RX: 0x07 v=3 [0402000400000008] (state Ready)
14:11:04      TMCU: D shelly_tmcu.cpp:860     upd int 4 = 8
14:11:04      TMCU: D shelly_tmcu.cpp:79      Tmcu Event 4 (0x3fca0d80)
14:13:39      TMCU: D shelly_tmcu.cpp:598     RX: 0x07 v=3 [1802000400000016] (state Ready)
14:20:00      TMCU: D shelly_tmcu.cpp:598     RX: 0x07 v=3 [1802000400000016] (state Ready)
14:26:21      TMCU: D shelly_tmcu.cpp:598     RX: 0x07 v=3 [1802000400000016] (state Ready)
14:32:41      TMCU: D shelly_tmcu.cpp:598     RX: 0x07 v=3 [1802000400000016] (state Ready)
14:39:02      TMCU: D shelly_tmcu.cpp:598     RX: 0x07 v=3 [1802000400000016] (state Ready)
14:39:31      TMCU: D shelly_tmcu.cpp:890     TX: 0x34 v=3 [02ff1a091e0e272903] (Ready)
14:40:45      TMCU: D shelly_tmcu.cpp:598     RX: 0x07 v=3 [12010001010e04000100] (state Ready)
14:41:24      TMCU: D shelly_tmcu.cpp:598     RX: 0x07 v=3 [0600000700000000000000] (state Ready)
14:41:24      TMCU: D shelly_tmcu.cpp:598     RX: 0x07 v=3 [0700000700000000000000] (state Ready)
14:41:24      TMCU: D shelly_tmcu.cpp:598     RX: 0x07 v=3 [0800000700000000000000] (state Ready)
14:41:24      TMCU: D shelly_tmcu.cpp:598     RX: 0x07 v=3 [0902000400000000] (state Ready)
14:45:24      TMCU: D shelly_tmcu.cpp:598     RX: 0x07 v=3 [1802000400000016] (state Ready)
14:51:45      TMCU: D shelly_tmcu.cpp:598     RX: 0x07 v=3 [1802000400000016] (state Ready)
14:57:34      TMCU: D shelly_tmcu.cpp:598     RX: 0x07 v=3 [0600000708d40000000000] (state Ready)
14:57:35      TMCU: D shelly_tmcu.cpp:598     RX: 0x07 v=3 [0902000400000000] (state Ready)
14:57:36      odczyty: energia sesji 0 kWh | czas sesji 3 min | moc 0 W, prąd 0 A, napięcia 226/0/0 V, licznik 0 kWh
14:58:07      TMCU: D shelly_tmcu.cpp:598     RX: 0x07 v=3 [1802000400000016] (state Ready)
14:58:09      TMCU: D shelly_tmcu.cpp:890     TX: 0x06 v=3 [040200040000000c] (Ready)
14:58:09      TMCU: D shelly_tmcu.cpp:598     RX: 0x07 v=3 [0402000400000008] (state Ready)
14:58:10      TMCU: D shelly_tmcu.cpp:598     RX: 0x07 v=3 [040200040000000c] (state Ready)
14:58:10      TMCU: D shelly_tmcu.cpp:860     upd int 4 = 12
14:58:10      TMCU: D shelly_tmcu.cpp:79      Tmcu Event 4 (0x3fca0d80)
14:58:14      TMCU: D shelly_tmcu.cpp:598     RX: 0x07 v=3 [0102000400000000] (state Ready)
14:59:08      odczyty: energia sesji 0 kWh | czas sesji 2 min | moc 0 W, prąd 0 A, napięcia 226/0/0 V, licznik 0 kWh
14:59:44      TMCU: D shelly_tmcu.cpp:598     RX: 0x07 v=3 [0102000400000000] (state Ready)
15:00:08      odczyty: energia sesji 0 kWh | czas sesji 3 min | moc 0 W, prąd 0 A, napięcia 226/0/0 V, licznik 0 kWh
15:00:37  [strona WWW] polecenie Shelly.Reboot
15:00:38  Log przez Wi-Fi: brak połączenia (DevKit zamknął log); ponawiam za 5 s
15:00:53  Log przez Wi-Fi: brak połączenia (timed out); ponawiam za 5 s
15:01:05  Log przez Wi-Fi: połączono z 192.168.0.238
15:01:06      TMCU: D shelly_tmcu.cpp:890     TX: 0x34 v=3 [02ff1a091e0f010f03] (Ready)
15:01:07  [strona WWW] strona DevKitu została otwarta
15:01:17      TMCU: D shelly_tmcu.cpp:598     RX: 0x07 v=3 [0102000400000000] (state Ready)
15:01:55      odczyty: energia sesji 0 kWh | czas sesji 1 min | moc 0 W, prąd 0 A, napięcia 226/0/0 V, licznik 0 kWh
15:02:47      TMCU: D shelly_tmcu.cpp:598     RX: 0x07 v=3 [0102000400000000] (state Ready)
15:02:55      odczyty: energia sesji 0 kWh | czas sesji 2 min | moc 0 W, prąd 0 A, napięcia 226/0/0 V, licznik 0 kWh
15:03:50  [strona WWW] polecenie Shelly.Reboot
15:03:51  Log przez Wi-Fi: brak połączenia (DevKit zamknął log); ponawiam za 5 s
15:04:06  Log przez Wi-Fi: brak połączenia (timed out); ponawiam za 5 s
15:04:18  Log przez Wi-Fi: połączono z 192.168.0.238
15:04:19  [strona WWW] strona DevKitu została otwarta
15:04:21      TMCU: D shelly_tmcu.cpp:598     RX: 0x07 v=3 [0102000400000000] (state Ready)
15:04:33      TMCU: D shelly_tmcu.cpp:598     RX: 0x07 v=3 [1802000400000019] (state Ready)
15:05:08      odczyty: energia sesji 0 kWh | czas sesji 1 min | moc 0 W, prąd 0 A, napięcia 226/0/0 V, licznik 0 kWh
15:05:24  [strona WWW] polecenie Shelly.Reboot
15:05:25  Log przez Wi-Fi: brak połączenia (DevKit zamknął log); ponawiam za 5 s
15:05:40  Log przez Wi-Fi: brak połączenia (timed out); ponawiam za 5 s
15:05:52  Log przez Wi-Fi: połączono z 192.168.0.238
15:05:54      TMCU: D shelly_tmcu.cpp:890     TX: 0x34 v=3 [02ff1a091e0f060303] (Ready)
15:05:56  [strona WWW] polecenie Shelly.Reboot
15:06:41  Log przez Wi-Fi: brak połączenia (45 s bez żadnego wiersza logu); ponawiam za 5 s
15:06:51  Log przez Wi-Fi: połączono z 192.168.0.238
15:07:06  [strona WWW] strona DevKitu została otwarta
15:07:26      TMCU: D shelly_tmcu.cpp:598     RX: 0x07 v=3 [0102000400000000] (state Ready)
15:08:57      TMCU: D shelly_tmcu.cpp:598     RX: 0x07 v=3 [0102000400000000] (state Ready)
15:09:41      odczyty: energia sesji 0 kWh | czas sesji 3 min | moc 0 W, prąd 0 A, napięcia 226/0/0 V, licznik 0 kWh
15:10:27      TMCU: D shelly_tmcu.cpp:598     RX: 0x07 v=3 [0102000400000000] (state Ready)
15:10:41      odczyty: energia sesji 0 kWh | czas sesji 4 min | moc 0 W, prąd 0 A, napięcia 226/0/0 V, licznik 0 kWh
15:11:00      TMCU: D shelly_tmcu.cpp:860     upd int 24 = 27
15:11:00      TMCU: D shelly_tmcu.cpp:79      Tmcu Event 4 (0x3fca0d80)
15:11:57      TMCU: D shelly_tmcu.cpp:598     RX: 0x07 v=3 [0102000400000000] (state Ready)
15:12:41      odczyty: energia sesji 0 kWh | czas sesji 6 min | moc 0 W, prąd 0 A, napięcia 226/0/0 V, licznik 0 kWh
15:13:27      TMCU: D shelly_tmcu.cpp:598     RX: 0x07 v=3 [0102000400000000] (state Ready)
15:13:41      odczyty: energia sesji 0 kWh | czas sesji 7 min | moc 0 W, prąd 0 A, napięcia 226/0/0 V, licznik 0 kWh
15:14:58      TMCU: D shelly_tmcu.cpp:598     RX: 0x07 v=3 [0102000400000000] (state Ready)
15:15:41      odczyty: energia sesji 0 kWh | czas sesji 9 min | moc 0 W, prąd 0 A, napięcia 226/0/0 V, licznik 0 kWh
15:16:28      TMCU: D shelly_tmcu.cpp:598     RX: 0x07 v=3 [0102000400000000] (state Ready)
15:16:41      odczyty: energia sesji 0 kWh | czas sesji 10 min | moc 0 W, prąd 0 A, napięcia 226/0/0 V, licznik 0 kWh
15:17:21      TMCU: D shelly_tmcu.cpp:598     RX: 0x07 v=3 [180200040000001c] (state Ready)
15:17:21      TMCU: D shelly_tmcu.cpp:860     upd int 24 = 28
15:17:21      TMCU: D shelly_tmcu.cpp:79      Tmcu Event 4 (0x3fca0d80)
15:17:58      TMCU: D shelly_tmcu.cpp:598     RX: 0x07 v=3 [0102000400000000] (state Ready)
15:18:56  Log przez Wi-Fi: brak połączenia (45 s bez żadnego wiersza logu); ponawiam za 5 s
15:19:11  Log przez Wi-Fi: brak połączenia (timed out); ponawiam za 5 s
15:19:26  Log przez Wi-Fi: brak połączenia (timed out); ponawiam za 5 s
15:19:41  Log przez Wi-Fi: brak połączenia (timed out); ponawiam za 5 s
15:19:46  Log przez Wi-Fi: połączono z 192.168.0.238
15:19:48      TMCU: D shelly_tmcu.cpp:890     TX: 0x08 v=3 [] (Fetching Datapoints)
15:19:48      TMCU: D shelly_tmcu.cpp:598     RX: 0x07 v=3 [0304000104] (state Fetching Datapoints)
15:19:48      TMCU: D shelly_tmcu.cpp:79      Tmcu Event 2 (0x3fca0e40)
15:19:48      TMCU: D shelly_tmcu.cpp:890     TX: 0x08 v=3 [] (Ready)
15:19:48      TMCU: D shelly_tmcu.cpp:598     RX: 0x07 v=3 [040200040000000c] (state Ready)
15:19:48      TMCU: D shelly_tmcu.cpp:598     RX: 0x07 v=3 [0600000708d40000000000] (state Ready)
15:19:48      TMCU: D shelly_tmcu.cpp:598     RX: 0x07 v=3 [0304000104] (state Ready)
15:19:48      TMCU: D shelly_tmcu.cpp:598     RX: 0x07 v=3 [040200040000000c] (state Ready)
15:19:48      TMCU: D shelly_tmcu.cpp:598     RX: 0x07 v=3 [0600000708d40000000000] (state Ready)
15:19:48      TMCU: D shelly_tmcu.cpp:598     RX: 0x07 v=3 [0700000700000000000000] (state Ready)
15:19:48      TMCU: D shelly_tmcu.cpp:598     RX: 0x07 v=3 [0800000700000000000000] (state Ready)
15:19:48      TMCU: D shelly_tmcu.cpp:598     RX: 0x07 v=3 [0902000400000000] (state Ready)
15:19:50      odczyty: energia sesji 0 kWh | czas sesji 10 min | moc 0 W, prąd 0 A, napięcia 226/0/0 V, licznik 0 kWh
15:20:34      odczyty: energia sesji 0 kWh | czas sesji 1 min | moc 0 W, prąd 0 A, napięcia 226/0/0 V, licznik 0 kWh
15:20:40  [strona WWW] strona DevKitu została otwarta
15:21:01      TMCU: D shelly_tmcu.cpp:598     RX: 0x07 v=3 [0102000400000000] (state Ready)
15:21:34      odczyty: energia sesji 0 kWh | czas sesji 2 min | moc 0 W, prąd 0 A, napięcia 226/0/0 V, licznik 0 kWh
15:22:31      TMCU: D shelly_tmcu.cpp:598     RX: 0x07 v=3 [0102000400000000] (state Ready)
15:22:34      odczyty: energia sesji 0 kWh | czas sesji 3 min | moc 0 W, prąd 0 A, napięcia 226/0/0 V, licznik 0 kWh
15:23:34      odczyty: energia sesji 0 kWh | czas sesji 4 min | moc 0 W, prąd 0 A, napięcia 226/0/0 V, licznik 0 kWh
15:24:01      TMCU: D shelly_tmcu.cpp:598     RX: 0x07 v=3 [0102000400000000] (state Ready)
15:24:27  [strona WWW] polecenie Shelly.Reboot
15:24:28  Log przez Wi-Fi: brak połączenia (DevKit zamknął log); ponawiam za 5 s
15:24:43  Log przez Wi-Fi: brak połączenia (timed out); ponawiam za 5 s
15:24:50  Log przez Wi-Fi: połączono z 192.168.0.238
15:24:52  [strona WWW] strona DevKitu została otwarta
15:24:52      TMCU: D shelly_tmcu.cpp:890     TX: 0x34 v=3 [02ff1a091e153a1303] (Fetching Config)
15:25:09      TMCU: W shelly_tmcu.cpp:1027    Setting unknown datapoint 19
15:25:09      TMCU: D shelly_tmcu.cpp:890     TX: 0x06 v=3 [130000021617] (Fetching Config)
15:25:11      TMCU: D shelly_tmcu.cpp:598     RX: 0x07 v=3 [0e04000102] (state Fetching Config)
15:25:11      TMCU: D shelly_tmcu.cpp:598     RX: 0x07 v=3 [130000021617] (state Fetching Config)
15:25:12      Stan ładowarki (DP 3): Czeka na harmonogram
15:25:15      odczyty: energia sesji 0 kWh | czas sesji 4 min | moc 0 W, prąd 0 A, napięcia 0/0/0 V, licznik 0 kWh
15:25:59      TMCU: D shelly_tmcu.cpp:598     RX: 0x07 v=3 [0600000700000000000000] (state Fetching Config)
15:25:59      TMCU: D shelly_tmcu.cpp:598     RX: 0x07 v=3 [0700000700000000000000] (state Fetching Config)
15:26:00      TMCU: D shelly_tmcu.cpp:598     RX: 0x07 v=3 [0800000700000000000000] (state Fetching Config)
15:26:00      TMCU: D shelly_tmcu.cpp:598     RX: 0x07 v=3 [0902000400000000] (state Fetching Config)
15:26:07      TMCU: I shelly_tmcu.cpp:853     add int 24 = 29
15:26:07      TMCU: D shelly_tmcu.cpp:79      Tmcu Event 4 (0x3fca0d80)
15:26:34      Stan ładowarki (DP 3): Ładuje
15:26:35      TMCU: D shelly_tmcu.cpp:598     RX: 0x07 v=3 [0700000700000000000000] (state Fetching Config)
15:26:35      TMCU: D shelly_tmcu.cpp:598     RX: 0x07 v=3 [0800000700000000000000] (state Fetching Config)
15:26:35      TMCU: D shelly_tmcu.cpp:598     RX: 0x07 v=3 [0902000400000000] (state Fetching Config)
15:26:35      odczyty: energia sesji 0 kWh | czas sesji 4 min | moc 0 W, prąd 0 A, napięcia 225/0/0 V, licznik 0 kWh
15:27:03      TMCU: D shelly_tmcu.cpp:598     RX: 0x07 v=3 [0102000400000000] (state Fetching Config)
15:27:25      odczyty: energia sesji 0 kWh | czas sesji 1 min | moc 0 W, prąd 0 A, napięcia 225/0/0 V, licznik 0 kWh
15:27:53  [strona WWW] polecenie Shelly.Reboot
15:27:54  Log przez Wi-Fi: brak połączenia (DevKit zamknął log); ponawiam za 5 s
15:28:09  Log przez Wi-Fi: brak połączenia (timed out); ponawiam za 5 s
15:28:24  Log przez Wi-Fi: brak połączenia (timed out); ponawiam za 5 s
15:28:29  Log przez Wi-Fi: połączono z 192.168.0.238
15:28:42      TMCU: D shelly_tmcu.cpp:598     RX: 0x07 v=3 [0600000700000000000000] (state Ready)
15:28:42      TMCU: D shelly_tmcu.cpp:598     RX: 0x07 v=3 [0700000700000000000000] (state Ready)
15:28:42      TMCU: D shelly_tmcu.cpp:598     RX: 0x07 v=3 [0800000700000000000000] (state Ready)
15:28:43      TMCU: D shelly_tmcu.cpp:598     RX: 0x07 v=3 [0902000400000000] (state Ready)
15:29:02      TMCU: D shelly_tmcu.cpp:598     RX: 0x07 v=3 [0700000700000000000000] (state Ready)
15:29:02      TMCU: D shelly_tmcu.cpp:598     RX: 0x07 v=3 [0800000700000000000000] (state Ready)
15:29:02      TMCU: D shelly_tmcu.cpp:598     RX: 0x07 v=3 [0902000400000000] (state Ready)
15:30:02      Stan ładowarki (DP 3): Czeka na harmonogram
15:30:03      TMCU: D shelly_tmcu.cpp:598     RX: 0x07 v=3 [0700000700000000000000] (state Ready)
15:30:03      TMCU: D shelly_tmcu.cpp:598     RX: 0x07 v=3 [0800000700000000000000] (state Ready)
15:30:03      TMCU: D shelly_tmcu.cpp:598     RX: 0x07 v=3 [0902000400000000] (state Ready)
15:30:03      odczyty: energia sesji 0 kWh | czas sesji 1 min | moc 0 W, prąd 0 A, napięcia 0/0/0 V, licznik 0 kWh
15:30:20  [strona WWW] polecenie Shelly.Reboot
15:30:20  Log przez Wi-Fi: brak połączenia (DevKit zamknął log); ponawiam za 5 s
15:30:36  Log przez Wi-Fi: brak połączenia (timed out); ponawiam za 5 s
15:30:45  Log przez Wi-Fi: połączono z 192.168.0.238
15:30:49  [strona WWW] strona DevKitu została otwarta
15:30:49      TMCU: D shelly_tmcu.cpp:890     TX: 0x34 v=3 [02ff1a091e0f1e2d03] (Ready)
15:30:50      TMCU: D shelly_tmcu.cpp:938     response to 07 timed out after 0.4125 s
15:30:50      TMCU: D shelly_tmcu.cpp:890     TX: 0x08 v=3 [] (Ready)
15:30:50      TMCU: D shelly_tmcu.cpp:598     RX: 0x07 v=3 [0304000103] (state Ready)
15:30:50      TMCU: D shelly_tmcu.cpp:598     RX: 0x07 v=3 [040200040000000c] (state Ready)
15:30:50      TMCU: D shelly_tmcu.cpp:598     RX: 0x07 v=3 [0600000700000000000000] (state Ready)
15:30:50      TMCU: D shelly_tmcu.cpp:598     RX: 0x07 v=3 [0700000700000000000000] (state Ready)
15:30:50      TMCU: D shelly_tmcu.cpp:598     RX: 0x07 v=3 [0800000700000000000000] (state Ready)
15:30:50      TMCU: D shelly_tmcu.cpp:598     RX: 0x07 v=3 [0304000103] (state Ready)
15:30:50      TMCU: D shelly_tmcu.cpp:598     RX: 0x07 v=3 [040200040000000c] (state Ready)
15:30:50      TMCU: D shelly_tmcu.cpp:598     RX: 0x07 v=3 [0600000700000000000000] (state Ready)
15:30:50      TMCU: D shelly_tmcu.cpp:598     RX: 0x07 v=3 [0700000700000000000000] (state Ready)
15:30:50      TMCU: D shelly_tmcu.cpp:598     RX: 0x07 v=3 [0800000700000000000000] (state Ready)
15:30:50      TMCU: D shelly_tmcu.cpp:598     RX: 0x07 v=3 [0902000400000000] (state Ready)
15:30:51      TMCU: D shelly_tmcu.cpp:598     RX: 0x07 v=3 [0a0500020000] (state Ready)
15:30:51      TMCU: D shelly_tmcu.cpp:598     RX: 0x07 v=3 [0e04000102] (state Ready)
15:30:51      TMCU: D shelly_tmcu.cpp:598     RX: 0x07 v=3 [1201000101] (state Ready)
15:30:51      TMCU: D shelly_tmcu.cpp:598     RX: 0x07 v=3 [130000021617] (state Ready)
15:30:51      TMCU: D shelly_tmcu.cpp:598     RX: 0x07 v=3 [180200040000001c] (state Ready)
15:30:51      TMCU: D shelly_tmcu.cpp:598     RX: 0x07 v=3 [0d04000104] (state Ready)
15:30:59      TMCU: D shelly_tmcu.cpp:890     TX: 0x06 v=3 [0e04000100] (Ready)
15:31:02      TMCU: D shelly_tmcu.cpp:598     RX: 0x07 v=3 [0902000400000000] (state Ready)
15:31:02      TMCU: D shelly_tmcu.cpp:598     RX: 0x07 v=3 [0e04000100] (state Ready)
15:31:06      odczyty: energia sesji 0 kWh | czas sesji 1 min | moc 0 W, prąd 0 A, napięcia 227/227/226 V, licznik 0 kWh
15:31:06      TMCU: D shelly_tmcu.cpp:598     RX: 0x07 v=3 [0902000400000000] (state Ready)
15:32:29  Q11: mikrokontroler nie odpowiada (Heartbeat timed out); kolejne takie same pomijam
15:32:29      TMCU: D shelly_tmcu.cpp:79      Tmcu Event 1 (0x3fca0ef8)
15:32:30  Q11: mikrokontroler się odezwał
15:32:30      TMCU: D shelly_tmcu.cpp:598     RX: 0x00 v=3 [01] (state Ready)
15:32:36      TMCU: D shelly_tmcu.cpp:598     RX: 0x07 v=3 [180200040000001c] (state Ready)
15:32:58      odczyty: energia sesji 0 kWh | czas sesji 2 min | moc 0 W, prąd 0 A, napięcia 227/227/226 V, licznik 0 kWh
15:33:12      TMCU: D shelly_tmcu.cpp:598     RX: 0x07 v=3 [0102000400000000] (state Ready)
15:33:58      odczyty: energia sesji 0 kWh | czas sesji 3 min | moc 0 W, prąd 0 A, napięcia 227/227/226 V, licznik 0 kWh
15:34:42      TMCU: D shelly_tmcu.cpp:598     RX: 0x07 v=3 [0102000400000000] (state Ready)
15:34:58      odczyty: energia sesji 0 kWh | czas sesji 4 min | moc 0 W, prąd 0 A, napięcia 227/227/226 V, licznik 0 kWh
15:35:58      odczyty: energia sesji 0 kWh | czas sesji 5 min | moc 0 W, prąd 0 A, napięcia 227/227/226 V, licznik 0 kWh
15:36:13      TMCU: D shelly_tmcu.cpp:598     RX: 0x07 v=3 [0102000400000000] (state Ready)
15:36:58      odczyty: energia sesji 0 kWh | czas sesji 6 min | moc 0 W, prąd 0 A, napięcia 227/227/226 V, licznik 0 kWh
15:37:43      TMCU: D shelly_tmcu.cpp:598     RX: 0x07 v=3 [0102000400000000] (state Ready)
15:37:58      odczyty: energia sesji 0 kWh | czas sesji 7 min | moc 0 W, prąd 0 A, napięcia 227/227/226 V, licznik 0 kWh
15:38:57      TMCU: D shelly_tmcu.cpp:598     RX: 0x07 v=3 [180200040000001d] (state Ready)
15:38:57      TMCU: D shelly_tmcu.cpp:860     upd int 24 = 29
15:38:57      TMCU: D shelly_tmcu.cpp:79      Tmcu Event 4 (0x3fca0d80)
15:38:58      odczyty: energia sesji 0 kWh | czas sesji 8 min | moc 0 W, prąd 0 A, napięcia 227/227/226 V, licznik 0 kWh
15:39:13      TMCU: D shelly_tmcu.cpp:598     RX: 0x07 v=3 [0102000400000000] (state Ready)
15:40:44      TMCU: D shelly_tmcu.cpp:598     RX: 0x07 v=3 [0102000400000000] (state Ready)
15:40:58      odczyty: energia sesji 0 kWh | czas sesji 10 min | moc 0 W, prąd 0 A, napięcia 227/227/226 V, licznik 0 kWh
15:41:58      odczyty: energia sesji 0 kWh | czas sesji 11 min | moc 0 W, prąd 0 A, napięcia 227/227/226 V, licznik 0 kWh
15:42:14      TMCU: D shelly_tmcu.cpp:598     RX: 0x07 v=3 [0102000400000000] (state Ready)
15:43:44      TMCU: D shelly_tmcu.cpp:598     RX: 0x07 v=3 [0102000400000000] (state Ready)
15:43:58      odczyty: energia sesji 0 kWh | czas sesji 13 min | moc 0 W, prąd 0 A, napięcia 227/227/226 V, licznik 0 kWh
15:44:58      odczyty: energia sesji 0 kWh | czas sesji 14 min | moc 0 W, prąd 0 A, napięcia 227/227/226 V, licznik 0 kWh
15:45:14      TMCU: D shelly_tmcu.cpp:598     RX: 0x07 v=3 [0102000400000000] (state Ready)
15:45:18      TMCU: D shelly_tmcu.cpp:598     RX: 0x07 v=3 [180200040000001e] (state Ready)
15:45:18      TMCU: D shelly_tmcu.cpp:860     upd int 24 = 30
15:45:18      TMCU: D shelly_tmcu.cpp:79      Tmcu Event 4 (0x3fca0d80)
15:46:45      TMCU: D shelly_tmcu.cpp:598     RX: 0x07 v=3 [0102000400000000] (state Ready)
15:46:58      odczyty: energia sesji 0 kWh | czas sesji 16 min | moc 0 W, prąd 0 A, napięcia 227/227/226 V, licznik 0 kWh
15:47:58      odczyty: energia sesji 0 kWh | czas sesji 17 min | moc 0 W, prąd 0 A, napięcia 227/227/226 V, licznik 0 kWh
15:48:15      TMCU: D shelly_tmcu.cpp:598     RX: 0x07 v=3 [0102000400000000] (state Ready)
15:49:45      TMCU: D shelly_tmcu.cpp:598     RX: 0x07 v=3 [0102000400000000] (state Ready)
15:49:58      odczyty: energia sesji 0 kWh | czas sesji 19 min | moc 0 W, prąd 0 A, napięcia 227/227/226 V, licznik 0 kWh
15:50:58      odczyty: energia sesji 0 kWh | czas sesji 20 min | moc 0 W, prąd 0 A, napięcia 227/227/226 V, licznik 0 kWh
15:51:15      TMCU: D shelly_tmcu.cpp:598     RX: 0x07 v=3 [0102000400000000] (state Ready)
15:51:39      TMCU: D shelly_tmcu.cpp:598     RX: 0x07 v=3 [180200040000001e] (state Ready)
15:52:46      TMCU: D shelly_tmcu.cpp:598     RX: 0x07 v=3 [0102000400000000] (state Ready)
15:52:58      odczyty: energia sesji 0 kWh | czas sesji 22 min | moc 0 W, prąd 0 A, napięcia 227/227/226 V, licznik 0 kWh
15:53:58      odczyty: energia sesji 0 kWh | czas sesji 23 min | moc 0 W, prąd 0 A, napięcia 227/227/226 V, licznik 0 kWh
15:54:16      TMCU: D shelly_tmcu.cpp:598     RX: 0x07 v=3 [0102000400000000] (state Ready)
15:55:46      TMCU: D shelly_tmcu.cpp:598     RX: 0x07 v=3 [0102000400000000] (state Ready)
15:55:58      odczyty: energia sesji 0 kWh | czas sesji 25 min | moc 0 W, prąd 0 A, napięcia 227/227/226 V, licznik 0 kWh
15:56:58      odczyty: energia sesji 0 kWh | czas sesji 26 min | moc 0 W, prąd 0 A, napięcia 227/227/226 V, licznik 0 kWh
15:57:16      TMCU: D shelly_tmcu.cpp:598     RX: 0x07 v=3 [0102000400000000] (state Ready)
15:58:00      TMCU: D shelly_tmcu.cpp:598     RX: 0x07 v=3 [180200040000001e] (state Ready)
15:58:47      TMCU: D shelly_tmcu.cpp:598     RX: 0x07 v=3 [0102000400000000] (state Ready)
15:58:58      odczyty: energia sesji 0 kWh | czas sesji 28 min | moc 0 W, prąd 0 A, napięcia 227/227/226 V, licznik 0 kWh
15:59:58      odczyty: energia sesji 0 kWh | czas sesji 29 min | moc 0 W, prąd 0 A, napięcia 227/227/226 V, licznik 0 kWh
16:00:10      TMCU: D shelly_tmcu.cpp:890     TX: 0x34 v=3 [02ff1a091e10001403] (Ready)
16:00:17      TMCU: D shelly_tmcu.cpp:598     RX: 0x07 v=3 [0102000400000000] (state Ready)
16:01:47      TMCU: D shelly_tmcu.cpp:598     RX: 0x07 v=3 [0102000400000000] (state Ready)
16:01:58      odczyty: energia sesji 0 kWh | czas sesji 31 min | moc 0 W, prąd 0 A, napięcia 227/227/226 V, licznik 0 kWh
16:02:58      odczyty: energia sesji 0 kWh | czas sesji 32 min | moc 0 W, prąd 0 A, napięcia 227/227/226 V, licznik 0 kWh
16:03:18      TMCU: D shelly_tmcu.cpp:598     RX: 0x07 v=3 [0102000400000000] (state Ready)
16:04:21      TMCU: D shelly_tmcu.cpp:598     RX: 0x07 v=3 [180200040000001e] (state Ready)
16:04:48      TMCU: D shelly_tmcu.cpp:598     RX: 0x07 v=3 [0102000400000000] (state Ready)
16:04:58      odczyty: energia sesji 0 kWh | czas sesji 34 min | moc 0 W, prąd 0 A, napięcia 227/227/226 V, licznik 0 kWh
16:05:58      odczyty: energia sesji 0 kWh | czas sesji 35 min | moc 0 W, prąd 0 A, napięcia 227/227/226 V, licznik 0 kWh
16:06:18      TMCU: D shelly_tmcu.cpp:598     RX: 0x07 v=3 [0102000400000000] (state Ready)
16:07:48      TMCU: D shelly_tmcu.cpp:598     RX: 0x07 v=3 [0102000400000000] (state Ready)
16:07:58      odczyty: energia sesji 0 kWh | czas sesji 37 min | moc 0 W, prąd 0 A, napięcia 227/227/226 V, licznik 0 kWh
16:08:58      odczyty: energia sesji 0 kWh | czas sesji 38 min | moc 0 W, prąd 0 A, napięcia 227/227/226 V, licznik 0 kWh
16:09:19      TMCU: D shelly_tmcu.cpp:598     RX: 0x07 v=3 [0102000400000000] (state Ready)
16:10:42      TMCU: D shelly_tmcu.cpp:598     RX: 0x07 v=3 [180200040000001e] (state Ready)
16:10:49      TMCU: D shelly_tmcu.cpp:598     RX: 0x07 v=3 [0102000400000000] (state Ready)
16:10:58      odczyty: energia sesji 0 kWh | czas sesji 40 min | moc 0 W, prąd 0 A, napięcia 227/227/226 V, licznik 0 kWh
16:11:58      odczyty: energia sesji 0 kWh | czas sesji 41 min | moc 0 W, prąd 0 A, napięcia 227/227/226 V, licznik 0 kWh
16:12:19      TMCU: D shelly_tmcu.cpp:598     RX: 0x07 v=3 [0102000400000000] (state Ready)
16:13:07  [strona WWW] polecenie WiFi.SetConfig
16:13:49      TMCU: D shelly_tmcu.cpp:598     RX: 0x07 v=3 [0102000400000000] (state Ready)
16:13:58      odczyty: energia sesji 0 kWh | czas sesji 43 min | moc 0 W, prąd 0 A, napięcia 227/227/226 V, licznik 0 kWh
16:14:09  [strona WWW] strona DevKitu została otwarta
16:14:09  [strona WWW] polecenie RPC.Ping
16:14:12  [strona WWW] polecenie BLE.ListPairedDevices
16:14:12  [strona WWW] polecenie service.GetResources
16:14:12  [strona WWW] polecenie service.GetInfo
16:14:14  [strona WWW] polecenie Webhook.ListAllSupported
16:14:24  [strona WWW] polecenie RPC.Ping
16:14:34  [strona WWW] polecenie RPC.Ping
16:14:44  [strona WWW] polecenie RPC.Ping
16:14:54  [strona WWW] polecenie WiFi.SetConfig
16:14:54  [strona WWW] polecenie RPC.Ping
16:15:08  [strona WWW] polecenie RPC.Ping
16:15:18  [strona WWW] polecenie RPC.Ping
16:15:20      TMCU: D shelly_tmcu.cpp:598     RX: 0x07 v=3 [0102000400000000] (state Ready)
16:15:28  [strona WWW] polecenie RPC.Ping
16:15:38  [strona WWW] polecenie RPC.Ping
16:15:48  [strona WWW] polecenie RPC.Ping
16:15:56  !!  E hos_http_server.cpp:406 192.168.0.57:51330: No handler for '/favicon.ico'
16:15:56  [strona WWW] strona DevKitu została otwarta
16:15:56  [strona WWW] polecenie RPC.Ping
16:15:59  [strona WWW] polecenie BLE.ListPairedDevices
16:15:59  [strona WWW] polecenie service.GetResources
16:16:01  [strona WWW] polecenie service.GetInfo
16:16:02  !!  E hos_http_server.cpp:406 192.168.0.57:58396: No handler for '/favicon.ico'
16:16:02  [strona WWW] polecenie Webhook.ListAllSupported
16:16:05  Q11: mikrokontroler nie odpowiada (Heartbeat timed out); kolejne takie same pomijam
16:16:05      TMCU: D shelly_tmcu.cpp:79      Tmcu Event 1 (0x3fca0ef8)
16:16:06  [strona WWW] polecenie Wifi.Scan
16:16:06  !!  E hos_http_server.cpp:406 192.168.0.57:53872: No handler for '/favicon.ico'
16:16:06  Q11: mikrokontroler się odezwał
16:16:06      TMCU: D shelly_tmcu.cpp:598     RX: 0x00 v=3 [01] (state Ready)
16:16:19  [strona WWW] polecenie RPC.Ping
16:16:20  !!  E hos_http_server.cpp:406 192.168.0.57:56019: No handler for '/favicon.ico'
16:16:29  [strona WWW] polecenie RPC.Ping
16:16:38  !!  E hos_http_server.cpp:406 192.168.0.57:53580: No handler for '/favicon.ico'
16:16:39  [strona WWW] polecenie RPC.Ping
16:16:49  [strona WWW] polecenie RPC.Ping
16:16:50      TMCU: D shelly_tmcu.cpp:598     RX: 0x07 v=3 [0102000400000000] (state Ready)
16:17:03      TMCU: D shelly_tmcu.cpp:598     RX: 0x07 v=3 [180200040000001f] (state Ready)
16:17:03      TMCU: D shelly_tmcu.cpp:860     upd int 24 = 31
16:17:03      TMCU: D shelly_tmcu.cpp:79      Tmcu Event 4 (0x3fca0d80)
16:17:13  [strona WWW] polecenie RPC.Ping
16:17:23  [strona WWW] polecenie RPC.Ping
16:17:29  !!  E hos_http_server.cpp:406 192.168.0.57:53016: No handler for '/favicon.ico'
16:17:29  [strona WWW] strona DevKitu została otwarta
16:17:29  [strona WWW] polecenie RPC.Ping
16:17:32  [strona WWW] polecenie BLE.ListPairedDevices
16:17:32  [strona WWW] polecenie service.GetResources
16:17:32  [strona WWW] polecenie service.GetInfo
16:17:34  [strona WWW] polecenie Webhook.ListAllSupported
16:17:42  [strona WWW] polecenie Wifi.Scan
16:17:42  !!  E hos_http_server.cpp:406 192.168.0.57:55656: No handler for '/favicon.ico'
16:17:45  [strona WWW] polecenie RPC.Ping
16:18:35  Log przez Wi-Fi: brak połączenia (timed out); ponawiam za 5 s
16:18:50  Log przez Wi-Fi: brak połączenia (timed out); ponawiam za 5 s
16:19:05  Log przez Wi-Fi: brak połączenia (timed out); ponawiam za 5 s
16:19:20  Log przez Wi-Fi: brak połączenia (timed out); ponawiam za 5 s
16:19:35  Log przez Wi-Fi: brak połączenia (timed out); ponawiam za 5 s
16:19:50  Log przez Wi-Fi: brak połączenia (timed out); ponawiam za 5 s
16:20:05  Log przez Wi-Fi: brak połączenia (timed out); ponawiam za 5 s
16:20:20  Log przez Wi-Fi: brak połączenia (timed out); ponawiam za 5 s
16:20:35  Log przez Wi-Fi: brak połączenia (timed out); ponawiam za 5 s
16:20:50  Log przez Wi-Fi: brak połączenia (timed out); ponawiam za 5 s
16:21:05  Log przez Wi-Fi: brak połączenia (timed out); ponawiam za 5 s
16:21:20  Log przez Wi-Fi: brak połączenia (timed out); ponawiam za 5 s
16:21:35  Log przez Wi-Fi: brak połączenia (timed out); ponawiam za 5 s
16:21:50  Log przez Wi-Fi: brak połączenia (timed out); ponawiam za 5 s
16:22:05  Log przez Wi-Fi: brak połączenia (timed out); ponawiam za 5 s
16:22:20  Log przez Wi-Fi: brak połączenia (timed out); ponawiam za 5 s
16:22:35  Log przez Wi-Fi: brak połączenia (timed out); ponawiam za 5 s
16:22:50  Log przez Wi-Fi: brak połączenia (timed out); ponawiam za 5 s
16:23:05  Log przez Wi-Fi: brak połączenia (timed out); ponawiam za 5 s
16:23:20  Log przez Wi-Fi: brak połączenia (timed out); ponawiam za 5 s
16:23:35  Log przez Wi-Fi: brak połączenia (timed out); ponawiam za 5 s
16:23:50  Log przez Wi-Fi: brak połączenia (timed out); ponawiam za 5 s
16:24:05  Log przez Wi-Fi: brak połączenia (timed out); ponawiam za 5 s
16:24:20  Log przez Wi-Fi: brak połączenia (timed out); ponawiam za 5 s
16:24:35  Log przez Wi-Fi: brak połączenia (timed out); ponawiam za 5 s
16:24:50  Log przez Wi-Fi: brak połączenia (timed out); ponawiam za 5 s
16:25:05  Log przez Wi-Fi: brak połączenia (timed out); ponawiam za 5 s
16:25:20  Log przez Wi-Fi: brak połączenia (timed out); ponawiam za 5 s
16:25:35  Log przez Wi-Fi: brak połączenia (timed out); ponawiam za 5 s
16:25:50  Log przez Wi-Fi: brak połączenia (timed out); ponawiam za 5 s
16:26:05  Log przez Wi-Fi: brak połączenia (timed out); ponawiam za 5 s
16:26:20  Log przez Wi-Fi: brak połączenia (timed out); ponawiam za 5 s
16:26:35  Log przez Wi-Fi: brak połączenia (timed out); ponawiam za 5 s
16:26:50  Log przez Wi-Fi: brak połączenia (timed out); ponawiam za 5 s
16:27:05  Log przez Wi-Fi: brak połączenia (timed out); ponawiam za 5 s
16:27:11  Log przez Wi-Fi: połączono z 192.168.0.238
16:27:12      TMCU: D shelly_tmcu.cpp:890     TX: 0x34 v=3 [02ff1a091e101b1603] (Ready)
16:27:14  [strona WWW] strona DevKitu została otwarta
16:27:14  [strona WWW] polecenie RPC.Ping
16:27:17      TMCU: D shelly_tmcu.cpp:598     RX: 0x07 v=3 [0102000400000000] (state Ready)
16:27:17  [strona WWW] polecenie BLE.ListPairedDevices
16:27:18  [strona WWW] polecenie service.GetResources
16:27:18  [strona WWW] polecenie service.GetInfo
16:27:20  [strona WWW] polecenie Webhook.ListAllSupported
16:27:20  [Bluetooth] polecenie WiFi.SetConfig
16:27:24  [Bluetooth] polecenie BLE.SetConfig
16:27:27  [strona WWW] polecenie BLE.ListPairedDevices
16:27:37  [strona WWW] polecenie RPC.Ping
16:27:47  [strona WWW] polecenie RPC.Ping
16:27:51      TMCU: D shelly_tmcu.cpp:598     RX: 0x07 v=3 [180200040000001f] (state Ready)
16:27:57  [strona WWW] polecenie RPC.Ping
16:28:07  [strona WWW] polecenie RPC.Ping
16:28:17  [strona WWW] polecenie RPC.Ping
16:28:29  [strona WWW] polecenie RPC.Ping
16:28:39  [strona WWW] polecenie RPC.Ping
16:28:47      TMCU: D shelly_tmcu.cpp:598     RX: 0x07 v=3 [0102000400000000] (state Ready)
16:28:49  [strona WWW] polecenie RPC.Ping
16:28:59  [strona WWW] polecenie RPC.Ping
16:29:09  [strona WWW] polecenie RPC.Ping
16:29:19  !!  E hos_http_server.cpp:406 192.168.0.57:59437: No handler for '/favicon.ico'
16:29:20  [strona WWW] strona DevKitu została otwarta
16:29:29  [strona WWW] polecenie RPC.Ping
16:29:33      TMCU: D shelly_tmcu.cpp:890     TX: 0x06 v=3 [1201000100] (Ready)
16:29:34      TMCU: D shelly_tmcu.cpp:890     TX: 0x06 v=3 [1201000100] (Ready)
16:29:35      TMCU: D shelly_tmcu.cpp:938     response to 07 timed out after 0.5641 s
16:29:35      TMCU: D shelly_tmcu.cpp:890     TX: 0x06 v=3 [1201000100] (Ready)
16:29:35      TMCU: D shelly_tmcu.cpp:598     RX: 0x07 v=3 [1201000100] (state Ready)
16:29:35      TMCU: D shelly_tmcu.cpp:598     RX: 0x07 v=3 [1201000100] (state Ready)
16:29:38      TMCU: D shelly_tmcu.cpp:598     RX: 0x07 v=3 [0700000700000000000000] (state Ready)
16:29:38      TMCU: D shelly_tmcu.cpp:598     RX: 0x07 v=3 [0800000700000000000000] (state Ready)
16:29:38      TMCU: D shelly_tmcu.cpp:598     RX: 0x07 v=3 [0902000400000000] (state Ready)
16:29:38      TMCU: D shelly_tmcu.cpp:598     RX: 0x07 v=3 [0102000400000000] (state Ready)
16:29:49  [strona WWW] polecenie RPC.Ping
16:29:54  !!  E hos_http_server.cpp:406 192.168.0.57:63381: No handler for '/favicon.ico'
16:29:59  !!  E hos_http_server.cpp:406 192.168.0.57:64253: No handler for '/favicon.ico'
16:30:01  !!  E hos_http_server.cpp:406 192.168.0.57:63132: No handler for '/favicon.ico'
16:30:01      TMCU: D shelly_tmcu.cpp:598     RX: 0x07 v=3 [0600000700000000000000] (state Ready)
16:30:01      TMCU: D shelly_tmcu.cpp:598     RX: 0x07 v=3 [0700000700000000000000] (state Ready)
16:30:02      TMCU: D shelly_tmcu.cpp:598     RX: 0x07 v=3 [0800000700000000000000] (state Ready)
16:30:02      TMCU: D shelly_tmcu.cpp:598     RX: 0x07 v=3 [0902000400000000] (state Ready)
16:30:11  [strona WWW] polecenie RPC.Ping
16:30:16  !!  E hos_http_server.cpp:406 192.168.0.57:62240: No handler for '/favicon.ico'
16:30:21  [strona WWW] polecenie RPC.Ping
16:30:22  !!  E hos_http_server.cpp:406 192.168.0.57:59084: No handler for '/favicon.ico'
16:30:25  !!  E hos_http_server.cpp:406 192.168.0.57:64182: No handler for '/favicon.ico'
16:30:31  [strona WWW] polecenie RPC.Ping
16:30:39  !!  E hos_http_server.cpp:406 192.168.0.57:53026: No handler for '/favicon.ico'
16:30:41  [strona WWW] polecenie RPC.Ping
16:30:51  [strona WWW] polecenie RPC.Ping
16:30:55  !!  E hos_http_server.cpp:406 192.168.0.57:55458: No handler for '/favicon.ico'
16:31:02  [strona WWW] strona DevKitu została otwarta
16:31:03  [strona WWW] polecenie RPC.Ping
16:31:13  [strona WWW] polecenie RPC.Ping
16:31:19  !!  E hos_http_server.cpp:406 192.168.0.57:60838: No handler for '/favicon.ico'
16:31:21  !!  E hos_http_server.cpp:406 192.168.0.57:52832: No handler for '/favicon.ico'
16:31:23  [strona WWW] polecenie RPC.Ping
16:31:25  !!  E hos_http_server.cpp:406 192.168.0.57:50662: No handler for '/favicon.ico'
16:31:26  !!  E hos_http_server.cpp:406 192.168.0.57:60295: No handler for '/favicon.ico'
16:31:33  [strona WWW] polecenie RPC.Ping
16:31:43  [strona WWW] polecenie RPC.Ping
16:31:49  !!  E hos_http_server.cpp:406 192.168.0.57:50316: No handler for '/favicon.ico'
16:31:52  !!  E hos_http_server.cpp:406 192.168.0.57:59930: No handler for '/favicon.ico'
16:31:53  [strona WWW] polecenie RPC.Ping
16:31:55  !!  E hos_http_server.cpp:406 192.168.0.57:65406: No handler for '/favicon.ico'
16:31:56  !!  E hos_http_server.cpp:406 192.168.0.57:59283: No handler for '/favicon.ico'
16:32:03  [strona WWW] polecenie RPC.Ping
16:32:08  !!  E hos_http_server.cpp:406 192.168.0.57:64306: No handler for '/favicon.ico'
16:32:13  [strona WWW] polecenie RPC.Ping
16:32:23  [strona WWW] polecenie RPC.Ping
16:32:33  [strona WWW] polecenie RPC.Ping
16:32:41  !!  E hos_http_server.cpp:406 192.168.0.57:51437: No handler for '/favicon.ico'
16:32:42  !!  E hos_http_server.cpp:406 192.168.0.57:63324: No handler for '/favicon.ico'
16:32:43  !!  E hos_http_server.cpp:406 192.168.0.57:59085: No handler for '/favicon.ico'
16:32:43  [strona WWW] polecenie RPC.Ping
16:32:45  !!  E hos_http_server.cpp:406 192.168.0.57:63618: No handler for '/favicon.ico'
16:32:53  [strona WWW] polecenie RPC.Ping
16:33:04  [strona WWW] polecenie RPC.Ping
16:33:14  [strona WWW] polecenie RPC.Ping
16:33:24  [strona WWW] polecenie RPC.Ping
16:33:34  [strona WWW] polecenie RPC.Ping
16:33:44  [strona WWW] polecenie RPC.Ping
16:41:33  Log przez Wi-Fi: brak połączenia ([WinError 10054] Istniejące połączenie zostało gwałtownie zamknięte przez zdalnego hosta); ponawiam za 5 s
16:41:40  Log przez Wi-Fi: połączono z 192.168.0.238
16:41:43  [strona WWW] polecenie BLE.ListPairedDevices
16:41:43  [strona WWW] polecenie service.GetResources
16:41:45  [strona WWW] polecenie service.GetInfo
16:41:45  [strona WWW] polecenie Webhook.ListAllSupported
16:41:56  [strona WWW] polecenie RPC.Ping
16:42:07  [strona WWW] polecenie RPC.Ping
16:42:18  [strona WWW] polecenie RPC.Ping
16:42:29  [strona WWW] polecenie RPC.Ping
16:42:40  [strona WWW] polecenie RPC.Ping
16:42:51  [strona WWW] polecenie RPC.Ping
16:43:02  [strona WWW] polecenie RPC.Ping
16:43:13  [strona WWW] polecenie RPC.Ping
16:43:24  [strona WWW] polecenie RPC.Ping
16:43:35  [strona WWW] polecenie RPC.Ping
16:43:46  [strona WWW] polecenie RPC.Ping
17:32:27  Log przez Wi-Fi: brak połączenia ([WinError 10054] Istniejące połączenie zostało gwałtownie zamknięte przez zdalnego hosta); ponawiam za 5 s
17:32:32  Log przez Wi-Fi: brak połączenia ([WinError 10051] Próba przeprowadzenia operacji, wykonywanej przez gniazdo, na nieosiągalnej sieci); ponawiam za 5 s
20:15:44  Log przez Wi-Fi: brak połączenia ([WinError 10051] Próba przeprowadzenia operacji, wykonywanej przez gniazdo, na nieosiągalnej sieci); ponawiam za 5 s
20:15:59  Log przez Wi-Fi: brak połączenia (timed out); ponawiam za 5 s
20:16:14  Log przez Wi-Fi: brak połączenia (timed out); ponawiam za 5 s
20:16:29  Log przez Wi-Fi: brak połączenia (timed out); ponawiam za 5 s
20:16:44  Log przez Wi-Fi: brak połączenia (timed out); ponawiam za 5 s
20:16:59  Log przez Wi-Fi: brak połączenia (timed out); ponawiam za 5 s
20:17:14  Log przez Wi-Fi: brak połączenia (timed out); ponawiam za 5 s
20:17:29  Log przez Wi-Fi: brak połączenia (timed out); ponawiam za 5 s
20:17:44  Log przez Wi-Fi: brak połączenia (timed out); ponawiam za 5 s
20:17:59  Log przez Wi-Fi: brak połączenia (timed out); ponawiam za 5 s
20:18:14  Log przez Wi-Fi: brak połączenia (timed out); ponawiam za 5 s
20:18:29  Log przez Wi-Fi: brak połączenia (timed out); ponawiam za 5 s
20:18:44  Log przez Wi-Fi: brak połączenia (timed out); ponawiam za 5 s
20:18:59  Log przez Wi-Fi: brak połączenia (timed out); ponawiam za 5 s
20:19:14  Log przez Wi-Fi: brak połączenia (timed out); ponawiam za 5 s
20:19:29  Log przez Wi-Fi: brak połączenia (timed out); ponawiam za 5 s
20:19:44  Log przez Wi-Fi: brak połączenia (timed out); ponawiam za 5 s
20:19:59  Log przez Wi-Fi: brak połączenia (timed out); ponawiam za 5 s
20:20:14  Log przez Wi-Fi: brak połączenia (timed out); ponawiam za 5 s
20:20:29  Log przez Wi-Fi: brak połączenia (timed out); ponawiam za 5 s
20:20:44  Log przez Wi-Fi: brak połączenia (timed out); ponawiam za 5 s
20:20:59  Log przez Wi-Fi: brak połączenia (timed out); ponawiam za 5 s
20:21:14  Log przez Wi-Fi: brak połączenia (timed out); ponawiam za 5 s
20:21:29  Log przez Wi-Fi: brak połączenia (timed out); ponawiam za 5 s
20:21:44  Log przez Wi-Fi: brak połączenia (timed out); ponawiam za 5 s
20:21:59  Log przez Wi-Fi: brak połączenia (timed out); ponawiam za 5 s
20:22:14  Log przez Wi-Fi: brak połączenia (timed out); ponawiam za 5 s
20:22:29  Log przez Wi-Fi: brak połączenia (timed out); ponawiam za 5 s
20:22:44  Log przez Wi-Fi: brak połączenia (timed out); ponawiam za 5 s
20:22:59  Log przez Wi-Fi: brak połączenia (timed out); ponawiam za 5 s
20:23:14  Log przez Wi-Fi: brak połączenia (timed out); ponawiam za 5 s
20:23:29  Log przez Wi-Fi: brak połączenia (timed out); ponawiam za 5 s
20:23:44  Log przez Wi-Fi: brak połączenia (timed out); ponawiam za 5 s
20:23:59  Log przez Wi-Fi: brak połączenia (timed out); ponawiam za 5 s
20:24:14  Log przez Wi-Fi: brak połączenia (timed out); ponawiam za 5 s
20:24:29  Log przez Wi-Fi: brak połączenia (timed out); ponawiam za 5 s
20:24:44  Log przez Wi-Fi: brak połączenia (timed out); ponawiam za 5 s
20:24:59  Log przez Wi-Fi: brak połączenia (timed out); ponawiam za 5 s
20:25:14  Log przez Wi-Fi: brak połączenia (timed out); ponawiam za 5 s
20:25:29  Log przez Wi-Fi: brak połączenia (timed out); ponawiam za 5 s
20:25:44  Log przez Wi-Fi: brak połączenia (timed out); ponawiam za 5 s
20:25:59  Log przez Wi-Fi: brak połączenia (timed out); ponawiam za 5 s
20:26:14  Log przez Wi-Fi: brak połączenia (timed out); ponawiam za 5 s
20:26:29  Log przez Wi-Fi: brak połączenia (timed out); ponawiam za 5 s
20:26:44  Log przez Wi-Fi: brak połączenia (timed out); ponawiam za 5 s
20:26:59  Log przez Wi-Fi: brak połączenia (timed out); ponawiam za 5 s
20:27:14  Log przez Wi-Fi: brak połączenia (timed out); ponawiam za 5 s
20:27:29  Log przez Wi-Fi: brak połączenia (timed out); ponawiam za 5 s
20:27:44  Log przez Wi-Fi: brak połączenia (timed out); ponawiam za 5 s
20:27:59  Log przez Wi-Fi: brak połączenia (timed out); ponawiam za 5 s
20:28:14  Log przez Wi-Fi: brak połączenia (timed out); ponawiam za 5 s
20:28:29  Log przez Wi-Fi: brak połączenia (timed out); ponawiam za 5 s
20:28:44  Log przez Wi-Fi: brak połączenia (timed out); ponawiam za 5 s
20:28:59  Log przez Wi-Fi: brak połączenia (timed out); ponawiam za 5 s
20:29:14  Log przez Wi-Fi: brak połączenia (timed out); ponawiam za 5 s
20:29:29  Log przez Wi-Fi: brak połączenia (timed out); ponawiam za 5 s
20:29:44  Log przez Wi-Fi: brak połączenia (timed out); ponawiam za 5 s
20:29:59  Log przez Wi-Fi: brak połączenia (timed out); ponawiam za 5 s
20:30:14  Log przez Wi-Fi: brak połączenia (timed out); ponawiam za 5 s
20:30:29  Log przez Wi-Fi: brak połączenia (timed out); ponawiam za 5 s
20:30:44  Log przez Wi-Fi: brak połączenia (timed out); ponawiam za 5 s
20:30:59  Log przez Wi-Fi: brak połączenia (timed out); ponawiam za 5 s
20:31:14  Log przez Wi-Fi: brak połączenia (timed out); ponawiam za 5 s
20:31:29  Log przez Wi-Fi: brak połączenia (timed out); ponawiam za 5 s
20:31:44  Log przez Wi-Fi: brak połączenia (timed out); ponawiam za 5 s
20:31:59  Log przez Wi-Fi: brak połączenia (timed out); ponawiam za 5 s
20:32:14  Log przez Wi-Fi: brak połączenia (timed out); ponawiam za 5 s
20:32:29  Log przez Wi-Fi: brak połączenia (timed out); ponawiam za 5 s
20:32:44  Log przez Wi-Fi: brak połączenia (timed out); ponawiam za 5 s
20:32:59  Log przez Wi-Fi: brak połączenia (timed out); ponawiam za 5 s
20:33:14  Log przez Wi-Fi: brak połączenia (timed out); ponawiam za 5 s
20:33:29  Log przez Wi-Fi: brak połączenia (timed out); ponawiam za 5 s
20:33:44  Log przez Wi-Fi: brak połączenia (timed out); ponawiam za 5 s
20:33:59  Log przez Wi-Fi: brak połączenia (timed out); ponawiam za 5 s
20:34:14  Log przez Wi-Fi: brak połączenia (timed out); ponawiam za 5 s
20:34:30  Log przez Wi-Fi: brak połączenia (timed out); ponawiam za 5 s
20:34:45  Log przez Wi-Fi: brak połączenia (timed out); ponawiam za 5 s
20:35:00  Log przez Wi-Fi: brak połączenia (timed out); ponawiam za 5 s
20:35:15  Log przez Wi-Fi: brak połączenia (timed out); ponawiam za 5 s
20:35:30  Log przez Wi-Fi: brak połączenia (timed out); ponawiam za 5 s
20:35:45  Log przez Wi-Fi: brak połączenia (timed out); ponawiam za 5 s
20:36:00  Log przez Wi-Fi: brak połączenia (timed out); ponawiam za 5 s
20:36:15  Log przez Wi-Fi: brak połączenia (timed out); ponawiam za 5 s
20:36:30  Log przez Wi-Fi: brak połączenia (timed out); ponawiam za 5 s
20:36:45  Log przez Wi-Fi: brak połączenia (timed out); ponawiam za 5 s
20:37:00  Log przez Wi-Fi: brak połączenia (timed out); ponawiam za 5 s
20:37:15  Log przez Wi-Fi: brak połączenia (timed out); ponawiam za 5 s
20:37:30  Log przez Wi-Fi: brak połączenia (timed out); ponawiam za 5 s
20:37:45  Log przez Wi-Fi: brak połączenia (timed out); ponawiam za 5 s
20:38:00  Log przez Wi-Fi: brak połączenia (timed out); ponawiam za 5 s
20:38:15  Log przez Wi-Fi: brak połączenia (timed out); ponawiam za 5 s
20:38:30  Log przez Wi-Fi: brak połączenia (timed out); ponawiam za 5 s
20:38:45  Log przez Wi-Fi: brak połączenia (timed out); ponawiam za 5 s
20:39:00  Log przez Wi-Fi: brak połączenia (timed out); ponawiam za 5 s
20:39:15  Log przez Wi-Fi: brak połączenia (timed out); ponawiam za 5 s
20:39:30  Log przez Wi-Fi: brak połączenia (timed out); ponawiam za 5 s
20:39:45  Log przez Wi-Fi: brak połączenia (timed out); ponawiam za 5 s
20:40:00  Log przez Wi-Fi: brak połączenia (timed out); ponawiam za 5 s
20:40:15  Log przez Wi-Fi: brak połączenia (timed out); ponawiam za 5 s
20:40:30  Log przez Wi-Fi: brak połączenia (timed out); ponawiam za 5 s
21:43:31  Log przez Wi-Fi: brak połączenia ([WinError 10053] Nawiązane połączenie zostało przerwane przez oprogramowanie zainstalowane w komputerze-hoście); ponawiam za 5 s
04:19:54  Log przez Wi-Fi: brak połączenia ([WinError 10051] Próba przeprowadzenia operacji, wykonywanej przez gniazdo, na nieosiągalnej sieci); ponawiam za 5 s
04:20:09  Log przez Wi-Fi: brak połączenia (timed out); ponawiam za 5 s
09:23:11  Log przez Wi-Fi: brak połączenia ([WinError 10065] Próba przeprowadzenia operacji, wykonywanej przez gniazdo, na nieosiągalnym hoście); ponawiam za 5 s
09:23:26  Log przez Wi-Fi: brak połączenia (timed out); ponawiam za 5 s
09:23:41  Log przez Wi-Fi: brak połączenia (timed out); ponawiam za 5 s
09:23:56  Log przez Wi-Fi: brak połączenia (timed out); ponawiam za 5 s
09:24:11  Log przez Wi-Fi: brak połączenia (timed out); ponawiam za 5 s
09:24:26  Log przez Wi-Fi: brak połączenia (timed out); ponawiam za 5 s
09:24:41  Log przez Wi-Fi: brak połączenia (timed out); ponawiam za 5 s
09:24:56  Log przez Wi-Fi: brak połączenia (timed out); ponawiam za 5 s
09:25:11  Log przez Wi-Fi: brak połączenia (timed out); ponawiam za 5 s
09:25:26  Log przez Wi-Fi: brak połączenia (timed out); ponawiam za 5 s
09:25:41  Log przez Wi-Fi: brak połączenia (timed out); ponawiam za 5 s
09:25:56  Log przez Wi-Fi: brak połączenia (timed out); ponawiam za 5 s
09:26:11  Log przez Wi-Fi: brak połączenia (timed out); ponawiam za 5 s
09:26:26  Log przez Wi-Fi: brak połączenia (timed out); ponawiam za 5 s
09:26:41  Log przez Wi-Fi: brak połączenia (timed out); ponawiam za 5 s
09:26:56  Log przez Wi-Fi: brak połączenia (timed out); ponawiam za 5 s
09:27:11  Log przez Wi-Fi: brak połączenia (timed out); ponawiam za 5 s
09:27:26  Log przez Wi-Fi: brak połączenia (timed out); ponawiam za 5 s
09:27:41  Log przez Wi-Fi: brak połączenia (timed out); ponawiam za 5 s
09:27:56  Log przez Wi-Fi: brak połączenia (timed out); ponawiam za 5 s
09:28:11  Log przez Wi-Fi: brak połączenia (timed out); ponawiam za 5 s
09:28:26  Log przez Wi-Fi: brak połączenia (timed out); ponawiam za 5 s
09:28:41  Log przez Wi-Fi: brak połączenia (timed out); ponawiam za 5 s
09:28:56  Log przez Wi-Fi: brak połączenia (timed out); ponawiam za 5 s
09:29:11  Log przez Wi-Fi: brak połączenia (timed out); ponawiam za 5 s
09:29:26  Log przez Wi-Fi: brak połączenia (timed out); ponawiam za 5 s
09:29:41  Log przez Wi-Fi: brak połączenia (timed out); ponawiam za 5 s
09:29:56  Log przez Wi-Fi: brak połączenia (timed out); ponawiam za 5 s
09:30:11  Log przez Wi-Fi: brak połączenia (timed out); ponawiam za 5 s
09:30:26  Log przez Wi-Fi: brak połączenia (timed out); ponawiam za 5 s
09:30:41  Log przez Wi-Fi: brak połączenia (timed out); ponawiam za 5 s
09:30:56  Log przez Wi-Fi: brak połączenia (timed out); ponawiam za 5 s
09:31:11  Log przez Wi-Fi: brak połączenia (timed out); ponawiam za 5 s
09:31:26  Log przez Wi-Fi: brak połączenia (timed out); ponawiam za 5 s
09:31:41  Log przez Wi-Fi: brak połączenia (timed out); ponawiam za 5 s
09:31:56  Log przez Wi-Fi: brak połączenia (timed out); ponawiam za 5 s
09:32:11  Log przez Wi-Fi: brak połączenia (timed out); ponawiam za 5 s
09:32:26  Log przez Wi-Fi: brak połączenia (timed out); ponawiam za 5 s
09:32:41  Log przez Wi-Fi: brak połączenia (timed out); ponawiam za 5 s
09:32:56  Log przez Wi-Fi: brak połączenia (timed out); ponawiam za 5 s
09:33:11  Log przez Wi-Fi: brak połączenia (timed out); ponawiam za 5 s
09:33:26  Log przez Wi-Fi: brak połączenia (timed out); ponawiam za 5 s
09:33:41  Log przez Wi-Fi: brak połączenia (timed out); ponawiam za 5 s
09:33:56  Log przez Wi-Fi: brak połączenia (timed out); ponawiam za 5 s
09:34:11  Log przez Wi-Fi: brak połączenia (timed out); ponawiam za 5 s
09:34:26  Log przez Wi-Fi: brak połączenia (timed out); ponawiam za 5 s
09:34:41  Log przez Wi-Fi: brak połączenia (timed out); ponawiam za 5 s
09:34:56  Log przez Wi-Fi: brak połączenia (timed out); ponawiam za 5 s
09:35:11  Log przez Wi-Fi: brak połączenia (timed out); ponawiam za 5 s
09:35:26  Log przez Wi-Fi: brak połączenia (timed out); ponawiam za 5 s
09:35:41  Log przez Wi-Fi: brak połączenia (timed out); ponawiam za 5 s
09:35:56  Log przez Wi-Fi: brak połączenia (timed out); ponawiam za 5 s
09:36:11  Log przez Wi-Fi: brak połączenia (timed out); ponawiam za 5 s
09:36:26  Log przez Wi-Fi: brak połączenia (timed out); ponawiam za 5 s
09:36:41  Log przez Wi-Fi: brak połączenia (timed out); ponawiam za 5 s
09:36:56  Log przez Wi-Fi: brak połączenia (timed out); ponawiam za 5 s
09:37:11  Log przez Wi-Fi: brak połączenia (timed out); ponawiam za 5 s
09:37:26  Log przez Wi-Fi: brak połączenia (timed out); ponawiam za 5 s
09:37:41  Log przez Wi-Fi: brak połączenia (timed out); ponawiam za 5 s
09:37:56  Log przez Wi-Fi: brak połączenia (timed out); ponawiam za 5 s
09:38:11  Log przez Wi-Fi: brak połączenia (timed out); ponawiam za 5 s
09:38:26  Log przez Wi-Fi: brak połączenia (timed out); ponawiam za 5 s
09:38:41  Log przez Wi-Fi: brak połączenia (timed out); ponawiam za 5 s
09:38:56  Log przez Wi-Fi: brak połączenia (timed out); ponawiam za 5 s
09:39:11  Log przez Wi-Fi: brak połączenia (timed out); ponawiam za 5 s
09:39:26  Log przez Wi-Fi: brak połączenia (timed out); ponawiam za 5 s
09:39:41  Log przez Wi-Fi: brak połączenia (timed out); ponawiam za 5 s
09:39:56  Log przez Wi-Fi: brak połączenia (timed out); ponawiam za 5 s
09:40:11  Log przez Wi-Fi: brak połączenia (timed out); ponawiam za 5 s
09:40:26  Log przez Wi-Fi: brak połączenia (timed out); ponawiam za 5 s
09:40:41  Log przez Wi-Fi: brak połączenia (timed out); ponawiam za 5 s
09:40:56  Log przez Wi-Fi: brak połączenia (timed out); ponawiam za 5 s
09:41:11  Log przez Wi-Fi: brak połączenia (timed out); ponawiam za 5 s
09:41:26  Log przez Wi-Fi: brak połączenia (timed out); ponawiam za 5 s
09:41:41  Log przez Wi-Fi: brak połączenia (timed out); ponawiam za 5 s
09:41:56  Log przez Wi-Fi: brak połączenia (timed out); ponawiam za 5 s
09:42:11  Log przez Wi-Fi: brak połączenia (timed out); ponawiam za 5 s
09:42:26  Log przez Wi-Fi: brak połączenia (timed out); ponawiam za 5 s
09:42:41  Log przez Wi-Fi: brak połączenia (timed out); ponawiam za 5 s
09:42:56  Log przez Wi-Fi: brak połączenia (timed out); ponawiam za 5 s
09:43:11  Log przez Wi-Fi: brak połączenia (timed out); ponawiam za 5 s
09:43:26  Log przez Wi-Fi: brak połączenia (timed out); ponawiam za 5 s
09:43:41  Log przez Wi-Fi: brak połączenia (timed out); ponawiam za 5 s
09:43:56  Log przez Wi-Fi: brak połączenia (timed out); ponawiam za 5 s
09:44:11  Log przez Wi-Fi: brak połączenia (timed out); ponawiam za 5 s
09:44:26  Log przez Wi-Fi: brak połączenia (timed out); ponawiam za 5 s
09:44:41  Log przez Wi-Fi: brak połączenia (timed out); ponawiam za 5 s
09:44:56  Log przez Wi-Fi: brak połączenia (timed out); ponawiam za 5 s
09:45:11  Log przez Wi-Fi: brak połączenia (timed out); ponawiam za 5 s
09:45:26  Log przez Wi-Fi: brak połączenia (timed out); ponawiam za 5 s
09:45:41  Log przez Wi-Fi: brak połączenia (timed out); ponawiam za 5 s
09:45:57  Log przez Wi-Fi: brak połączenia (timed out); ponawiam za 5 s
09:46:12  Log przez Wi-Fi: brak połączenia (timed out); ponawiam za 5 s
09:46:27  Log przez Wi-Fi: brak połączenia (timed out); ponawiam za 5 s
09:46:42  Log przez Wi-Fi: brak połączenia (timed out); ponawiam za 5 s
09:46:57  Log przez Wi-Fi: brak połączenia (timed out); ponawiam za 5 s
09:47:12  Log przez Wi-Fi: brak połączenia (timed out); ponawiam za 5 s
09:47:27  Log przez Wi-Fi: brak połączenia (timed out); ponawiam za 5 s
09:47:42  Log przez Wi-Fi: brak połączenia (timed out); ponawiam za 5 s
09:47:57  Log przez Wi-Fi: brak połączenia (timed out); ponawiam za 5 s
09:48:12  Log przez Wi-Fi: brak połączenia (timed out); ponawiam za 5 s
09:48:27  Log przez Wi-Fi: brak połączenia (timed out); ponawiam za 5 s
09:48:42  Log przez Wi-Fi: brak połączenia (timed out); ponawiam za 5 s
09:48:57  Log przez Wi-Fi: brak połączenia (timed out); ponawiam za 5 s
09:49:12  Log przez Wi-Fi: brak połączenia (timed out); ponawiam za 5 s
09:49:27  Log przez Wi-Fi: brak połączenia (timed out); ponawiam za 5 s
09:49:42  Log przez Wi-Fi: brak połączenia (timed out); ponawiam za 5 s
09:49:57  Log przez Wi-Fi: brak połączenia (timed out); ponawiam za 5 s
09:50:12  Log przez Wi-Fi: brak połączenia (timed out); ponawiam za 5 s
09:50:27  Log przez Wi-Fi: brak połączenia (timed out); ponawiam za 5 s
09:50:42  Log przez Wi-Fi: brak połączenia (timed out); ponawiam za 5 s
09:50:57  Log przez Wi-Fi: brak połączenia (timed out); ponawiam za 5 s
09:51:12  Log przez Wi-Fi: brak połączenia (timed out); ponawiam za 5 s
09:51:27  Log przez Wi-Fi: brak połączenia (timed out); ponawiam za 5 s
09:51:42  Log przez Wi-Fi: brak połączenia (timed out); ponawiam za 5 s
09:51:57  Log przez Wi-Fi: brak połączenia (timed out); ponawiam za 5 s
09:52:12  Log przez Wi-Fi: brak połączenia (timed out); ponawiam za 5 s
09:52:27  Log przez Wi-Fi: brak połączenia (timed out); ponawiam za 5 s
09:52:42  Log przez Wi-Fi: brak połączenia (timed out); ponawiam za 5 s
09:52:57  Log przez Wi-Fi: brak połączenia (timed out); ponawiam za 5 s
09:53:12  Log przez Wi-Fi: brak połączenia (timed out); ponawiam za 5 s
09:53:27  Log przez Wi-Fi: brak połączenia (timed out); ponawiam za 5 s
09:53:42  Log przez Wi-Fi: brak połączenia (timed out); ponawiam za 5 s
09:53:57  Log przez Wi-Fi: brak połączenia (timed out); ponawiam za 5 s
09:54:12  Log przez Wi-Fi: brak połączenia (timed out); ponawiam za 5 s
09:54:27  Log przez Wi-Fi: brak połączenia (timed out); ponawiam za 5 s
09:54:42  Log przez Wi-Fi: brak połączenia (timed out); ponawiam za 5 s
09:54:57  Log przez Wi-Fi: brak połączenia (timed out); ponawiam za 5 s
09:55:12  Log przez Wi-Fi: brak połączenia (timed out); ponawiam za 5 s
09:55:27  Log przez Wi-Fi: brak połączenia (timed out); ponawiam za 5 s
09:55:42  Log przez Wi-Fi: brak połączenia (timed out); ponawiam za 5 s
09:55:57  Log przez Wi-Fi: brak połączenia (timed out); ponawiam za 5 s
09:56:12  Log przez Wi-Fi: brak połączenia (timed out); ponawiam za 5 s
09:56:27  Log przez Wi-Fi: brak połączenia (timed out); ponawiam za 5 s
09:56:42  Log przez Wi-Fi: brak połączenia (timed out); ponawiam za 5 s
09:56:57  Log przez Wi-Fi: brak połączenia (timed out); ponawiam za 5 s
09:57:12  Log przez Wi-Fi: brak połączenia (timed out); ponawiam za 5 s
09:57:27  Log przez Wi-Fi: brak połączenia (timed out); ponawiam za 5 s
09:57:42  Log przez Wi-Fi: brak połączenia (timed out); ponawiam za 5 s
09:57:57  Log przez Wi-Fi: brak połączenia (timed out); ponawiam za 5 s
09:58:12  Log przez Wi-Fi: brak połączenia (timed out); ponawiam za 5 s
09:58:27  Log przez Wi-Fi: brak połączenia (timed out); ponawiam za 5 s
09:58:42  Log przez Wi-Fi: brak połączenia (timed out); ponawiam za 5 s
09:58:57  Log przez Wi-Fi: brak połączenia (timed out); ponawiam za 5 s
09:59:12  Log przez Wi-Fi: brak połączenia (timed out); ponawiam za 5 s
09:59:27  Log przez Wi-Fi: brak połączenia (timed out); ponawiam za 5 s
09:59:42  Log przez Wi-Fi: brak połączenia (timed out); ponawiam za 5 s
09:59:57  Log przez Wi-Fi: brak połączenia (timed out); ponawiam za 5 s
10:00:12  Log przez Wi-Fi: brak połączenia (timed out); ponawiam za 5 s
10:00:27  Log przez Wi-Fi: brak połączenia (timed out); ponawiam za 5 s
10:00:42  Log przez Wi-Fi: brak połączenia (timed out); ponawiam za 5 s
10:00:57  Log przez Wi-Fi: brak połączenia (timed out); ponawiam za 5 s
10:01:12  Log przez Wi-Fi: brak połączenia (timed out); ponawiam za 5 s
10:01:27  Log przez Wi-Fi: brak połączenia (timed out); ponawiam za 5 s
10:01:42  Log przez Wi-Fi: brak połączenia (timed out); ponawiam za 5 s
10:01:57  Log przez Wi-Fi: brak połączenia (timed out); ponawiam za 5 s
10:02:12  Log przez Wi-Fi: brak połączenia (timed out); ponawiam za 5 s
10:02:27  Log przez Wi-Fi: brak połączenia (timed out); ponawiam za 5 s
10:02:42  Log przez Wi-Fi: brak połączenia (timed out); ponawiam za 5 s
10:02:57  Log przez Wi-Fi: brak połączenia (timed out); ponawiam za 5 s
10:03:12  Log przez Wi-Fi: brak połączenia (timed out); ponawiam za 5 s
10:03:27  Log przez Wi-Fi: brak połączenia (timed out); ponawiam za 5 s
10:03:42  Log przez Wi-Fi: brak połączenia (timed out); ponawiam za 5 s
10:03:57  Log przez Wi-Fi: brak połączenia (timed out); ponawiam za 5 s
10:04:12  Log przez Wi-Fi: brak połączenia (timed out); ponawiam za 5 s
10:04:27  Log przez Wi-Fi: brak połączenia (timed out); ponawiam za 5 s
10:04:42  Log przez Wi-Fi: brak połączenia (timed out); ponawiam za 5 s
10:04:57  Log przez Wi-Fi: brak połączenia (timed out); ponawiam za 5 s
10:05:12  Log przez Wi-Fi: brak połączenia (timed out); ponawiam za 5 s
10:05:27  Log przez Wi-Fi: brak połączenia (timed out); ponawiam za 5 s
10:05:42  Log przez Wi-Fi: brak połączenia (timed out); ponawiam za 5 s
10:05:57  Log przez Wi-Fi: brak połączenia (timed out); ponawiam za 5 s
10:06:12  Log przez Wi-Fi: brak połączenia (timed out); ponawiam za 5 s
10:06:27  Log przez Wi-Fi: brak połączenia (timed out); ponawiam za 5 s
10:06:42  Log przez Wi-Fi: brak połączenia (timed out); ponawiam za 5 s
10:06:57  Log przez Wi-Fi: brak połączenia (timed out); ponawiam za 5 s
10:07:12  Log przez Wi-Fi: brak połączenia (timed out); ponawiam za 5 s
10:07:27  Log przez Wi-Fi: brak połączenia (timed out); ponawiam za 5 s
10:07:42  Log przez Wi-Fi: brak połączenia (timed out); ponawiam za 5 s
10:07:57  Log przez Wi-Fi: brak połączenia (timed out); ponawiam za 5 s
10:08:12  Log przez Wi-Fi: brak połączenia (timed out); ponawiam za 5 s
10:08:27  Log przez Wi-Fi: brak połączenia (timed out); ponawiam za 5 s
10:08:42  Log przez Wi-Fi: brak połączenia (timed out); ponawiam za 5 s
10:08:57  Log przez Wi-Fi: brak połączenia (timed out); ponawiam za 5 s
10:09:12  Log przez Wi-Fi: brak połączenia (timed out); ponawiam za 5 s
10:09:27  Log przez Wi-Fi: brak połączenia (timed out); ponawiam za 5 s
10:09:42  Log przez Wi-Fi: brak połączenia (timed out); ponawiam za 5 s
10:09:57  Log przez Wi-Fi: brak połączenia (timed out); ponawiam za 5 s
10:10:12  Log przez Wi-Fi: brak połączenia (timed out); ponawiam za 5 s
10:10:27  Log przez Wi-Fi: brak połączenia (timed out); ponawiam za 5 s
10:10:42  Log przez Wi-Fi: brak połączenia (timed out); ponawiam za 5 s
10:10:57  Log przez Wi-Fi: brak połączenia (timed out); ponawiam za 5 s
10:11:12  Log przez Wi-Fi: brak połączenia (timed out); ponawiam za 5 s
10:11:27  Log przez Wi-Fi: brak połączenia (timed out); ponawiam za 5 s
10:11:42  Log przez Wi-Fi: brak połączenia (timed out); ponawiam za 5 s
10:11:57  Log przez Wi-Fi: brak połączenia (timed out); ponawiam za 5 s
10:12:12  Log przez Wi-Fi: brak połączenia (timed out); ponawiam za 5 s
10:12:27  Log przez Wi-Fi: brak połączenia (timed out); ponawiam za 5 s
10:12:42  Log przez Wi-Fi: brak połączenia (timed out); ponawiam za 5 s
10:12:57  Log przez Wi-Fi: brak połączenia (timed out); ponawiam za 5 s
10:13:12  Log przez Wi-Fi: brak połączenia (timed out); ponawiam za 5 s
10:13:27  Log przez Wi-Fi: brak połączenia (timed out); ponawiam za 5 s
10:13:42  Log przez Wi-Fi: brak połączenia (timed out); ponawiam za 5 s
10:13:57  Log przez Wi-Fi: brak połączenia (timed out); ponawiam za 5 s
10:14:12  Log przez Wi-Fi: brak połączenia (timed out); ponawiam za 5 s
10:14:27  Log przez Wi-Fi: brak połączenia (timed out); ponawiam za 5 s
10:14:42  Log przez Wi-Fi: brak połączenia (timed out); ponawiam za 5 s
10:14:57  Log przez Wi-Fi: brak połączenia (timed out); ponawiam za 5 s
10:15:12  Log przez Wi-Fi: brak połączenia (timed out); ponawiam za 5 s
10:15:27  Log przez Wi-Fi: brak połączenia (timed out); ponawiam za 5 s
10:15:42  Log przez Wi-Fi: brak połączenia (timed out); ponawiam za 5 s
10:15:57  Log przez Wi-Fi: brak połączenia (timed out); ponawiam za 5 s
10:16:12  Log przez Wi-Fi: brak połączenia (timed out); ponawiam za 5 s
10:16:27  Log przez Wi-Fi: brak połączenia (timed out); ponawiam za 5 s
10:16:42  Log przez Wi-Fi: brak połączenia (timed out); ponawiam za 5 s
10:16:58  Log przez Wi-Fi: brak połączenia (timed out); ponawiam za 5 s
10:17:13  Log przez Wi-Fi: brak połączenia (timed out); ponawiam za 5 s
10:17:28  Log przez Wi-Fi: brak połączenia (timed out); ponawiam za 5 s
10:17:43  Log przez Wi-Fi: brak połączenia (timed out); ponawiam za 5 s
10:17:58  Log przez Wi-Fi: brak połączenia (timed out); ponawiam za 5 s
10:18:13  Log przez Wi-Fi: brak połączenia (timed out); ponawiam za 5 s
10:18:28  Log przez Wi-Fi: brak połączenia (timed out); ponawiam za 5 s
10:18:43  Log przez Wi-Fi: brak połączenia (timed out); ponawiam za 5 s
10:18:58  Log przez Wi-Fi: brak połączenia (timed out); ponawiam za 5 s
10:19:13  Log przez Wi-Fi: brak połączenia (timed out); ponawiam za 5 s
10:19:28  Log przez Wi-Fi: brak połączenia (timed out); ponawiam za 5 s
10:19:43  Log przez Wi-Fi: brak połączenia (timed out); ponawiam za 5 s
10:19:58  Log przez Wi-Fi: brak połączenia (timed out); ponawiam za 5 s
10:20:13  Log przez Wi-Fi: brak połączenia (timed out); ponawiam za 5 s
10:20:28  Log przez Wi-Fi: brak połączenia (timed out); ponawiam za 5 s
10:20:43  Log przez Wi-Fi: brak połączenia (timed out); ponawiam za 5 s
10:20:58  Log przez Wi-Fi: brak połączenia (timed out); ponawiam za 5 s
10:21:13  Log przez Wi-Fi: brak połączenia (timed out); ponawiam za 5 s
10:21:28  Log przez Wi-Fi: brak połączenia (timed out); ponawiam za 5 s
10:21:43  Log przez Wi-Fi: brak połączenia (timed out); ponawiam za 5 s
10:21:58  Log przez Wi-Fi: brak połączenia (timed out); ponawiam za 5 s
10:22:13  Log przez Wi-Fi: brak połączenia (timed out); ponawiam za 5 s
10:22:28  Log przez Wi-Fi: brak połączenia (timed out); ponawiam za 5 s
10:22:43  Log przez Wi-Fi: brak połączenia (timed out); ponawiam za 5 s
10:22:58  Log przez Wi-Fi: brak połączenia (timed out); ponawiam za 5 s
10:23:13  Log przez Wi-Fi: brak połączenia (timed out); ponawiam za 5 s
10:23:28  Log przez Wi-Fi: brak połączenia (timed out); ponawiam za 5 s
10:23:43  Log przez Wi-Fi: brak połączenia (timed out); ponawiam za 5 s
10:23:58  Log przez Wi-Fi: brak połączenia (timed out); ponawiam za 5 s
10:24:13  Log przez Wi-Fi: brak połączenia (timed out); ponawiam za 5 s
10:24:28  Log przez Wi-Fi: brak połączenia (timed out); ponawiam za 5 s
10:24:43  Log przez Wi-Fi: brak połączenia (timed out); ponawiam za 5 s
10:24:58  Log przez Wi-Fi: brak połączenia (timed out); ponawiam za 5 s
10:25:13  Log przez Wi-Fi: brak połączenia (timed out); ponawiam za 5 s
10:25:28  Log przez Wi-Fi: brak połączenia (timed out); ponawiam za 5 s
10:25:43  Log przez Wi-Fi: brak połączenia (timed out); ponawiam za 5 s
10:25:58  Log przez Wi-Fi: brak połączenia (timed out); ponawiam za 5 s
10:26:13  Log przez Wi-Fi: brak połączenia (timed out); ponawiam za 5 s
10:26:28  Log przez Wi-Fi: brak połączenia (timed out); ponawiam za 5 s
10:26:43  Log przez Wi-Fi: brak połączenia (timed out); ponawiam za 5 s
10:26:58  Log przez Wi-Fi: brak połączenia (timed out); ponawiam za 5 s
10:27:13  Log przez Wi-Fi: brak połączenia (timed out); ponawiam za 5 s
10:27:28  Log przez Wi-Fi: brak połączenia (timed out); ponawiam za 5 s
10:27:43  Log przez Wi-Fi: brak połączenia (timed out); ponawiam za 5 s
10:27:58  Log przez Wi-Fi: brak połączenia (timed out); ponawiam za 5 s
10:28:13  Log przez Wi-Fi: brak połączenia (timed out); ponawiam za 5 s
10:28:28  Log przez Wi-Fi: brak połączenia (timed out); ponawiam za 5 s
10:28:43  Log przez Wi-Fi: brak połączenia (timed out); ponawiam za 5 s
10:28:58  Log przez Wi-Fi: brak połączenia (timed out); ponawiam za 5 s
10:29:13  Log przez Wi-Fi: brak połączenia (timed out); ponawiam za 5 s
10:29:28  Log przez Wi-Fi: brak połączenia (timed out); ponawiam za 5 s
10:29:43  Log przez Wi-Fi: brak połączenia (timed out); ponawiam za 5 s
10:29:58  Log przez Wi-Fi: brak połączenia (timed out); ponawiam za 5 s
10:30:13  Log przez Wi-Fi: brak połączenia (timed out); ponawiam za 5 s
10:30:28  Log przez Wi-Fi: brak połączenia (timed out); ponawiam za 5 s
10:30:43  Log przez Wi-Fi: brak połączenia (timed out); ponawiam za 5 s
10:30:58  Log przez Wi-Fi: brak połączenia (timed out); ponawiam za 5 s
10:31:13  Log przez Wi-Fi: brak połączenia (timed out); ponawiam za 5 s
10:31:28  Log przez Wi-Fi: brak połączenia (timed out); ponawiam za 5 s
10:31:43  Log przez Wi-Fi: brak połączenia (timed out); ponawiam za 5 s
10:31:58  Log przez Wi-Fi: brak połączenia (timed out); ponawiam za 5 s
10:32:13  Log przez Wi-Fi: brak połączenia (timed out); ponawiam za 5 s
10:32:28  Log przez Wi-Fi: brak połączenia (timed out); ponawiam za 5 s
10:32:43  Log przez Wi-Fi: brak połączenia (timed out); ponawiam za 5 s
10:32:58  Log przez Wi-Fi: brak połączenia (timed out); ponawiam za 5 s
10:33:13  Log przez Wi-Fi: brak połączenia (timed out); ponawiam za 5 s
10:33:28  Log przez Wi-Fi: brak połączenia (timed out); ponawiam za 5 s
10:33:43  Log przez Wi-Fi: brak połączenia (timed out); ponawiam za 5 s
10:33:58  Log przez Wi-Fi: brak połączenia (timed out); ponawiam za 5 s
10:34:13  Log przez Wi-Fi: brak połączenia (timed out); ponawiam za 5 s
10:34:28  Log przez Wi-Fi: brak połączenia (timed out); ponawiam za 5 s
10:34:43  Log przez Wi-Fi: brak połączenia (timed out); ponawiam za 5 s
10:34:58  Log przez Wi-Fi: brak połączenia (timed out); ponawiam za 5 s
10:35:13  Log przez Wi-Fi: brak połączenia (timed out); ponawiam za 5 s
10:35:28  Log przez Wi-Fi: brak połączenia (timed out); ponawiam za 5 s
10:35:43  Log przez Wi-Fi: brak połączenia (timed out); ponawiam za 5 s
10:35:58  Log przez Wi-Fi: brak połączenia (timed out); ponawiam za 5 s
10:36:13  Log przez Wi-Fi: brak połączenia (timed out); ponawiam za 5 s
10:36:28  Log przez Wi-Fi: brak połączenia (timed out); ponawiam za 5 s
10:36:43  Log przez Wi-Fi: brak połączenia (timed out); ponawiam za 5 s
10:36:58  Log przez Wi-Fi: brak połączenia (timed out); ponawiam za 5 s
10:37:13  Log przez Wi-Fi: brak połączenia (timed out); ponawiam za 5 s
10:37:18  Log przez Wi-Fi: połączono z 192.168.0.238
10:37:20  [strona WWW] strona DevKitu została otwarta
10:37:24      TMCU: D shelly_tmcu.cpp:890     TX: 0x08 v=3 [] (Fetching Datapoints)
10:37:26      TMCU: D shelly_tmcu.cpp:938     response to 07 timed out after 0.7534 s
10:37:26      TMCU: D shelly_tmcu.cpp:890     TX: 0x08 v=3 [] (Fetching Datapoints)
10:37:29      TMCU: D shelly_tmcu.cpp:890     TX: 0x08 v=3 [] (Ready)
10:37:29      TMCU: D shelly_tmcu.cpp:938     response to 07 timed out after 0.5255 s
10:37:29      TMCU: D shelly_tmcu.cpp:890     TX: 0x08 v=3 [] (Ready)
10:37:29      TMCU: D shelly_tmcu.cpp:598     RX: 0x07 v=3 [0304000100] (state Ready)
10:37:29      TMCU: D shelly_tmcu.cpp:598     RX: 0x07 v=3 [040200040000000c] (state Ready)
10:37:29      TMCU: D shelly_tmcu.cpp:598     RX: 0x07 v=3 [0600000700000000000000] (state Ready)
10:37:29      TMCU: D shelly_tmcu.cpp:598     RX: 0x07 v=3 [0700000700000000000000] (state Ready)
10:37:30      TMCU: D shelly_tmcu.cpp:598     RX: 0x07 v=3 [0304000100] (state Ready)
10:37:30      TMCU: D shelly_tmcu.cpp:598     RX: 0x07 v=3 [040200040000000c] (state Ready)
10:37:30      TMCU: D shelly_tmcu.cpp:598     RX: 0x07 v=3 [0600000700000000000000] (state Ready)
10:37:30      TMCU: D shelly_tmcu.cpp:598     RX: 0x07 v=3 [0700000700000000000000] (state Ready)
10:37:30      TMCU: D shelly_tmcu.cpp:598     RX: 0x07 v=3 [0800000700000000000000] (state Ready)
10:37:30      TMCU: D shelly_tmcu.cpp:598     RX: 0x07 v=3 [0902000400000000] (state Ready)
10:37:30      TMCU: D shelly_tmcu.cpp:598     RX: 0x07 v=3 [0a0500020000] (state Ready)
10:37:30      TMCU: D shelly_tmcu.cpp:598     RX: 0x07 v=3 [0e04000100] (state Ready)
10:37:30      TMCU: D shelly_tmcu.cpp:598     RX: 0x07 v=3 [1201000101] (state Ready)
10:37:30      TMCU: D shelly_tmcu.cpp:598     RX: 0x07 v=3 [130000020000] (state Ready)
10:37:30  [strona WWW] polecenie BLE.ListPairedDevices
10:37:30  [strona WWW] polecenie service.GetResources
10:37:30      TMCU: D shelly_tmcu.cpp:598     RX: 0x07 v=3 [1802000400000015] (state Ready)
10:37:30      TMCU: D shelly_tmcu.cpp:598     RX: 0x07 v=3 [0d04000100] (state Ready)
10:37:30  [strona WWW] polecenie service.GetInfo
10:37:33  [strona WWW] polecenie Webhook.ListAllSupported
10:37:44  [strona WWW] polecenie RPC.Ping
10:37:55  [strona WWW] polecenie RPC.Ping
10:38:06  [strona WWW] polecenie RPC.Ping
10:38:17  [strona WWW] polecenie RPC.Ping
10:38:28  [strona WWW] polecenie RPC.Ping
10:38:39  [strona WWW] polecenie RPC.Ping
10:38:50  [strona WWW] polecenie RPC.Ping
10:39:01  [strona WWW] polecenie RPC.Ping
10:39:12  [strona WWW] polecenie RPC.Ping
10:39:23  [strona WWW] polecenie RPC.Ping
10:39:34  [strona WWW] polecenie RPC.Ping
10:39:45  [strona WWW] polecenie RPC.Ping
10:39:56  [strona WWW] polecenie RPC.Ping
10:40:07  [strona WWW] polecenie RPC.Ping
10:40:18  [strona WWW] polecenie RPC.Ping
10:40:29  [strona WWW] polecenie RPC.Ping
10:40:40  [strona WWW] polecenie RPC.Ping
10:40:51  [strona WWW] polecenie RPC.Ping
10:41:02  [strona WWW] polecenie RPC.Ping
10:41:13  [strona WWW] polecenie RPC.Ping
10:41:24  [strona WWW] polecenie RPC.Ping
10:41:35  [strona WWW] polecenie RPC.Ping
10:41:46  [strona WWW] polecenie RPC.Ping
10:41:57  [strona WWW] polecenie RPC.Ping
10:42:08  [strona WWW] polecenie RPC.Ping
10:42:19  [strona WWW] polecenie RPC.Ping
10:42:30  [strona WWW] polecenie RPC.Ping
10:42:41  [strona WWW] polecenie RPC.Ping
10:42:52  [strona WWW] polecenie RPC.Ping
10:43:03  [strona WWW] polecenie RPC.Ping
10:43:14  [strona WWW] polecenie RPC.Ping
10:43:25  [strona WWW] polecenie RPC.Ping
10:43:36  [strona WWW] polecenie RPC.Ping
10:43:43      TMCU: D shelly_tmcu.cpp:598     RX: 0x07 v=3 [1802000400000015] (state Ready)
10:43:47  [strona WWW] polecenie RPC.Ping
10:43:58  [strona WWW] polecenie RPC.Ping
10:44:09  [strona WWW] polecenie RPC.Ping
10:44:20  [strona WWW] polecenie RPC.Ping
10:44:31  [strona WWW] polecenie RPC.Ping
10:44:42  [strona WWW] polecenie RPC.Ping
10:44:53  [strona WWW] polecenie RPC.Ping
10:45:04  [strona WWW] polecenie RPC.Ping
10:45:15  [strona WWW] polecenie RPC.Ping
10:45:26  [strona WWW] polecenie RPC.Ping
10:45:37  [strona WWW] polecenie RPC.Ping
10:45:48  [strona WWW] polecenie RPC.Ping
10:45:59  [strona WWW] polecenie RPC.Ping
10:46:10  [strona WWW] polecenie RPC.Ping
10:46:21  [strona WWW] polecenie RPC.Ping
10:46:32  [strona WWW] polecenie RPC.Ping
10:46:43  [strona WWW] polecenie RPC.Ping
10:46:54  [strona WWW] polecenie RPC.Ping
10:47:05  [strona WWW] polecenie RPC.Ping
10:47:16  [strona WWW] polecenie RPC.Ping
10:47:27  [strona WWW] polecenie RPC.Ping
10:47:38  [strona WWW] polecenie RPC.Ping
10:47:49  [strona WWW] polecenie RPC.Ping
10:48:00  [strona WWW] polecenie RPC.Ping
10:48:11  [strona WWW] polecenie RPC.Ping
10:48:22  [strona WWW] polecenie RPC.Ping
10:48:33  [strona WWW] polecenie RPC.Ping
10:48:44  [strona WWW] polecenie RPC.Ping
10:48:55  [strona WWW] polecenie RPC.Ping
10:49:06  [strona WWW] polecenie RPC.Ping
10:49:17  [strona WWW] polecenie RPC.Ping
10:49:28  [strona WWW] polecenie RPC.Ping
10:49:39  [strona WWW] polecenie RPC.Ping
10:49:50  [strona WWW] polecenie RPC.Ping
10:50:01  [strona WWW] polecenie RPC.Ping
10:50:04      TMCU: D shelly_tmcu.cpp:598     RX: 0x07 v=3 [1802000400000015] (state Ready)
10:50:12  [strona WWW] polecenie RPC.Ping
10:50:23  [strona WWW] polecenie RPC.Ping
10:50:34  [strona WWW] polecenie RPC.Ping
10:50:45  [strona WWW] polecenie RPC.Ping
10:50:56  [strona WWW] polecenie RPC.Ping
10:51:07  [strona WWW] polecenie RPC.Ping
10:51:18  [strona WWW] polecenie RPC.Ping
10:51:29  [strona WWW] polecenie RPC.Ping
10:51:40  [strona WWW] polecenie RPC.Ping
10:51:51  [strona WWW] polecenie RPC.Ping
10:52:02  [strona WWW] polecenie RPC.Ping
10:52:13  [strona WWW] polecenie RPC.Ping
10:52:24  [strona WWW] polecenie RPC.Ping
10:52:35  [strona WWW] polecenie RPC.Ping
10:52:46  [strona WWW] polecenie RPC.Ping
10:52:57  [strona WWW] polecenie RPC.Ping
10:53:08  [strona WWW] polecenie RPC.Ping
10:53:19  [strona WWW] polecenie RPC.Ping
10:53:30  [strona WWW] polecenie RPC.Ping
10:53:41  [strona WWW] polecenie RPC.Ping
10:53:52  [strona WWW] polecenie RPC.Ping
10:54:03  [strona WWW] polecenie RPC.Ping
10:54:14  [strona WWW] polecenie RPC.Ping
10:54:25  [strona WWW] polecenie RPC.Ping
10:54:36  [strona WWW] polecenie RPC.Ping
10:54:47  [strona WWW] polecenie RPC.Ping
10:54:58  [strona WWW] polecenie RPC.Ping
10:55:09  [strona WWW] polecenie RPC.Ping
10:55:20  [strona WWW] polecenie RPC.Ping
10:55:31  [strona WWW] polecenie RPC.Ping
10:55:42  [strona WWW] polecenie RPC.Ping
10:55:53  [strona WWW] polecenie RPC.Ping
10:56:04  [strona WWW] polecenie RPC.Ping
10:56:15  [strona WWW] polecenie RPC.Ping
10:56:25      TMCU: D shelly_tmcu.cpp:598     RX: 0x07 v=3 [1802000400000015] (state Ready)
10:56:26  [strona WWW] polecenie RPC.Ping
10:56:37  [strona WWW] polecenie RPC.Ping
10:56:46  Q11: mikrokontroler nie odpowiada (Heartbeat timed out); kolejne takie same pomijam
10:56:46      TMCU: D shelly_tmcu.cpp:79      Tmcu Event 1 (0x3fca0ef8)
10:56:47  Q11: mikrokontroler się odezwał
10:56:47      TMCU: D shelly_tmcu.cpp:598     RX: 0x00 v=3 [01] (state Ready)
10:56:48  [strona WWW] polecenie RPC.Ping
10:56:59  [strona WWW] polecenie RPC.Ping
10:57:10  [strona WWW] polecenie RPC.Ping
10:57:21  [strona WWW] polecenie RPC.Ping
10:57:32  [strona WWW] polecenie RPC.Ping
10:57:43  [strona WWW] polecenie RPC.Ping
10:57:54  [strona WWW] polecenie RPC.Ping
10:58:05  [strona WWW] polecenie RPC.Ping
10:58:16  [strona WWW] polecenie RPC.Ping
10:58:27  [strona WWW] polecenie RPC.Ping
10:58:38  [strona WWW] polecenie RPC.Ping
10:58:49  [strona WWW] polecenie RPC.Ping
10:59:00  [strona WWW] polecenie RPC.Ping
10:59:11  [strona WWW] polecenie RPC.Ping
10:59:22  [strona WWW] polecenie RPC.Ping
10:59:33  [strona WWW] polecenie RPC.Ping
10:59:44  [strona WWW] polecenie RPC.Ping
10:59:55  [strona WWW] polecenie RPC.Ping
11:00:06  [strona WWW] polecenie RPC.Ping
11:00:17  [strona WWW] polecenie RPC.Ping
11:00:28  [strona WWW] polecenie RPC.Ping
11:00:39  [strona WWW] polecenie RPC.Ping
11:00:50  [strona WWW] polecenie RPC.Ping
11:01:01  [strona WWW] polecenie RPC.Ping
11:01:12  [strona WWW] polecenie RPC.Ping
11:01:23  [strona WWW] polecenie RPC.Ping
11:01:34  [strona WWW] polecenie RPC.Ping
11:01:45  [strona WWW] polecenie RPC.Ping
11:01:56  [strona WWW] polecenie RPC.Ping
11:02:07  [strona WWW] polecenie RPC.Ping
11:02:18  [strona WWW] polecenie RPC.Ping
11:02:29  [strona WWW] polecenie RPC.Ping
11:02:40  [strona WWW] polecenie RPC.Ping
11:02:46      TMCU: D shelly_tmcu.cpp:598     RX: 0x07 v=3 [1802000400000015] (state Ready)
11:02:51  [strona WWW] polecenie RPC.Ping
11:03:02  [strona WWW] polecenie RPC.Ping
11:03:13  [strona WWW] polecenie RPC.Ping
11:03:24  [strona WWW] polecenie RPC.Ping
11:03:35  [strona WWW] polecenie RPC.Ping
11:03:46  [strona WWW] polecenie RPC.Ping
11:03:57  [strona WWW] polecenie RPC.Ping
11:04:08  [strona WWW] polecenie RPC.Ping
11:04:19  [strona WWW] polecenie RPC.Ping
11:04:30  [strona WWW] polecenie RPC.Ping
11:04:41  [strona WWW] polecenie RPC.Ping
11:04:52  [strona WWW] polecenie RPC.Ping
11:05:03  [strona WWW] polecenie RPC.Ping
11:05:14  [strona WWW] polecenie RPC.Ping
11:05:25  [strona WWW] polecenie RPC.Ping
11:05:36  [strona WWW] polecenie RPC.Ping
11:05:47  [strona WWW] polecenie RPC.Ping
11:05:58  [strona WWW] polecenie RPC.Ping
11:06:09  [strona WWW] polecenie RPC.Ping
11:06:20  [strona WWW] polecenie RPC.Ping
11:06:31  [strona WWW] polecenie RPC.Ping
11:06:42  [strona WWW] polecenie RPC.Ping
11:06:53  [strona WWW] polecenie RPC.Ping
11:07:04  [strona WWW] polecenie RPC.Ping
11:07:15  [strona WWW] polecenie RPC.Ping
11:07:26  [strona WWW] polecenie RPC.Ping
11:07:37  [strona WWW] polecenie RPC.Ping
11:07:48  [strona WWW] polecenie RPC.Ping
11:07:59  [strona WWW] polecenie RPC.Ping
11:08:10  [strona WWW] polecenie RPC.Ping
11:08:21  [strona WWW] polecenie RPC.Ping
11:08:26      TMCU: D shelly_tmcu.cpp:890     TX: 0x34 v=3 [02ff1a0a010b082404] (Ready)
11:08:37  [strona WWW] polecenie RPC.Ping
11:08:48  [strona WWW] polecenie RPC.Ping
11:08:59  [strona WWW] polecenie RPC.Ping
11:09:07      TMCU: D shelly_tmcu.cpp:598     RX: 0x07 v=3 [1802000400000015] (state Ready)
11:09:10  [strona WWW] polecenie RPC.Ping
11:09:21  [strona WWW] polecenie RPC.Ping
11:09:32  [strona WWW] polecenie RPC.Ping
11:09:43  [strona WWW] polecenie RPC.Ping
11:09:54  [strona WWW] polecenie RPC.Ping
11:10:05  [strona WWW] polecenie RPC.Ping
11:10:16  [strona WWW] polecenie RPC.Ping
11:10:27  [strona WWW] polecenie RPC.Ping
11:10:38  [strona WWW] polecenie RPC.Ping
11:10:49  [strona WWW] polecenie RPC.Ping
11:11:00  [strona WWW] polecenie RPC.Ping
11:11:11  [strona WWW] polecenie RPC.Ping
11:11:22  [strona WWW] polecenie RPC.Ping
11:11:33  [strona WWW] polecenie RPC.Ping
11:11:44  [strona WWW] polecenie RPC.Ping
11:11:55  [strona WWW] polecenie RPC.Ping
11:12:06  [strona WWW] polecenie RPC.Ping
11:12:17  [strona WWW] polecenie RPC.Ping
11:12:28  [strona WWW] polecenie RPC.Ping
11:12:39  [strona WWW] polecenie RPC.Ping
11:12:50  [strona WWW] polecenie RPC.Ping
11:13:01  [strona WWW] polecenie RPC.Ping
11:13:12  [strona WWW] polecenie RPC.Ping
11:13:23  [strona WWW] polecenie RPC.Ping
11:13:34  [strona WWW] polecenie RPC.Ping
11:13:45  [strona WWW] polecenie RPC.Ping
11:13:56  [strona WWW] polecenie RPC.Ping
11:14:07  [strona WWW] polecenie RPC.Ping
11:14:18  [strona WWW] polecenie RPC.Ping
11:14:29  [strona WWW] polecenie RPC.Ping
11:14:40  [strona WWW] polecenie RPC.Ping
11:14:51  [strona WWW] polecenie RPC.Ping
11:15:02  [strona WWW] polecenie RPC.Ping
11:15:13  [strona WWW] polecenie RPC.Ping
11:15:24  [strona WWW] polecenie RPC.Ping
11:15:28      TMCU: D shelly_tmcu.cpp:598     RX: 0x07 v=3 [1802000400000015] (state Ready)
11:15:35  [strona WWW] polecenie RPC.Ping
11:15:46  [strona WWW] polecenie RPC.Ping
11:15:57  [strona WWW] polecenie RPC.Ping
11:16:08  [strona WWW] polecenie RPC.Ping
11:16:19  [strona WWW] polecenie RPC.Ping
11:16:30  [strona WWW] polecenie RPC.Ping
11:16:41  [strona WWW] polecenie RPC.Ping
11:16:52  [strona WWW] polecenie RPC.Ping
11:17:03  [strona WWW] polecenie RPC.Ping
11:17:14  [strona WWW] polecenie RPC.Ping
11:17:25  [strona WWW] polecenie RPC.Ping
11:17:36  [strona WWW] polecenie RPC.Ping
11:17:47  [strona WWW] polecenie RPC.Ping
11:17:58  [strona WWW] polecenie RPC.Ping
11:18:09  [strona WWW] polecenie RPC.Ping
11:18:20  [strona WWW] polecenie RPC.Ping
11:18:31  [strona WWW] polecenie RPC.Ping
11:18:42  [strona WWW] polecenie RPC.Ping
11:18:53  [strona WWW] polecenie RPC.Ping
11:19:04  [strona WWW] polecenie RPC.Ping
11:19:15  [strona WWW] polecenie RPC.Ping
11:19:26  [strona WWW] polecenie RPC.Ping
11:19:37  [strona WWW] polecenie RPC.Ping
11:19:48  [strona WWW] polecenie RPC.Ping
11:19:59  [strona WWW] polecenie RPC.Ping
11:20:10  [strona WWW] polecenie RPC.Ping
11:20:21  [strona WWW] polecenie RPC.Ping
11:20:32  [strona WWW] polecenie RPC.Ping
11:20:43  [strona WWW] polecenie RPC.Ping
11:20:54  [strona WWW] polecenie RPC.Ping
11:21:05  [strona WWW] polecenie RPC.Ping
11:21:16  [strona WWW] polecenie RPC.Ping
11:21:27  [strona WWW] polecenie RPC.Ping
11:21:38  [strona WWW] polecenie RPC.Ping
11:21:48      TMCU: D shelly_tmcu.cpp:598     RX: 0x07 v=3 [1802000400000015] (state Ready)
11:21:49  [strona WWW] polecenie RPC.Ping
11:22:00  [strona WWW] polecenie RPC.Ping
11:22:11  [strona WWW] polecenie RPC.Ping
11:22:22  [strona WWW] polecenie RPC.Ping
11:22:33  [strona WWW] polecenie RPC.Ping
11:22:44  [strona WWW] polecenie RPC.Ping
11:22:55  [strona WWW] polecenie RPC.Ping
11:23:06  [strona WWW] polecenie RPC.Ping
11:23:17  [strona WWW] polecenie RPC.Ping
11:23:28  [strona WWW] polecenie RPC.Ping
11:23:39  [strona WWW] polecenie RPC.Ping
11:23:50  [strona WWW] polecenie RPC.Ping
11:24:01  [strona WWW] polecenie RPC.Ping
11:24:12  [strona WWW] polecenie RPC.Ping
11:24:23  [strona WWW] polecenie RPC.Ping
11:24:34  [strona WWW] polecenie RPC.Ping
11:24:45  [strona WWW] polecenie RPC.Ping
11:24:56  [strona WWW] polecenie RPC.Ping
11:25:07  [strona WWW] polecenie RPC.Ping
11:25:18  [strona WWW] polecenie RPC.Ping
11:25:29  [strona WWW] polecenie RPC.Ping
11:25:40  [strona WWW] polecenie RPC.Ping
11:25:51  [strona WWW] polecenie RPC.Ping
11:26:02  [strona WWW] polecenie RPC.Ping
11:26:13  [strona WWW] polecenie RPC.Ping
11:26:24  [strona WWW] polecenie RPC.Ping
11:26:35  [strona WWW] polecenie RPC.Ping
11:26:46  [strona WWW] polecenie RPC.Ping
11:26:57  [strona WWW] polecenie RPC.Ping
11:27:08  [strona WWW] polecenie RPC.Ping
11:27:19  [strona WWW] polecenie RPC.Ping
11:27:30  [strona WWW] polecenie RPC.Ping
11:27:41  [strona WWW] polecenie RPC.Ping
11:27:52  [strona WWW] polecenie RPC.Ping
11:28:03  [strona WWW] polecenie RPC.Ping
11:28:09      TMCU: D shelly_tmcu.cpp:598     RX: 0x07 v=3 [1802000400000015] (state Ready)
11:28:14  [strona WWW] polecenie RPC.Ping
11:28:25  [strona WWW] polecenie RPC.Ping
11:28:36  [strona WWW] polecenie RPC.Ping
11:28:47  [strona WWW] polecenie RPC.Ping
11:28:58  [strona WWW] polecenie RPC.Ping
11:29:09  [strona WWW] polecenie RPC.Ping
11:29:20  [strona WWW] polecenie RPC.Ping
11:29:31  [strona WWW] polecenie RPC.Ping
11:29:42  [strona WWW] polecenie RPC.Ping
11:29:53  [strona WWW] polecenie RPC.Ping
11:30:04  [strona WWW] polecenie RPC.Ping
11:30:15  [strona WWW] polecenie RPC.Ping
11:30:26  [strona WWW] polecenie RPC.Ping
11:30:37  [strona WWW] polecenie RPC.Ping
11:30:48  [strona WWW] polecenie RPC.Ping
11:30:59  [strona WWW] polecenie RPC.Ping
11:31:10  [strona WWW] polecenie RPC.Ping
11:31:21  [strona WWW] polecenie RPC.Ping
11:31:32  [strona WWW] polecenie RPC.Ping
11:31:43  [strona WWW] polecenie RPC.Ping
11:31:54  [strona WWW] polecenie RPC.Ping
11:32:05  [strona WWW] polecenie RPC.Ping
11:32:16  [strona WWW] polecenie RPC.Ping
11:32:27  [strona WWW] polecenie RPC.Ping
11:32:38  [strona WWW] polecenie RPC.Ping
11:32:49  [strona WWW] polecenie RPC.Ping
11:33:00  [strona WWW] polecenie RPC.Ping
11:33:11  [strona WWW] polecenie RPC.Ping
11:33:22  [strona WWW] polecenie RPC.Ping
11:33:33  [strona WWW] polecenie RPC.Ping
11:33:44  [strona WWW] polecenie RPC.Ping
11:33:55  [strona WWW] polecenie RPC.Ping
11:34:05  [strona WWW] polecenie HTTP.GET
11:34:06  [strona WWW] polecenie RPC.Ping
11:34:11  [strona WWW] polecenie HTTP.GET
11:34:17  [strona WWW] polecenie RPC.Ping
11:34:28  [strona WWW] polecenie RPC.Ping
11:34:30      TMCU: D shelly_tmcu.cpp:598     RX: 0x07 v=3 [1802000400000015] (state Ready)
11:34:39  [strona WWW] polecenie RPC.Ping
11:34:45      TMCU: D shelly_tmcu.cpp:598     RX: 0x07 v=3 [0600000700000000000000] (state Ready)
11:34:45      TMCU: D shelly_tmcu.cpp:598     RX: 0x07 v=3 [0700000700000000000000] (state Ready)
11:34:45      TMCU: D shelly_tmcu.cpp:598     RX: 0x07 v=3 [0800000700000000000000] (state Ready)
11:34:45      TMCU: D shelly_tmcu.cpp:598     RX: 0x07 v=3 [0902000400000000] (state Ready)
11:34:50  [strona WWW] polecenie RPC.Ping
11:35:01  [strona WWW] polecenie RPC.Ping
11:35:04      TMCU: D shelly_tmcu.cpp:938     response to 07 timed out after 0.3036 s
11:35:04      TMCU: D shelly_tmcu.cpp:890     TX: 0x06 v=3 [040200040000000a] (Ready)
11:35:04      TMCU: D shelly_tmcu.cpp:598     RX: 0x07 v=3 [040200040000000c] (state Ready)
11:35:05      TMCU: D shelly_tmcu.cpp:598     RX: 0x07 v=3 [040200040000000a] (state Ready)
11:35:05      TMCU: D shelly_tmcu.cpp:860     upd int 4 = 10
11:35:05      TMCU: D shelly_tmcu.cpp:79      Tmcu Event 4 (0x3fca0d80)
11:35:14  [strona WWW] polecenie RPC.Ping
11:35:25  [strona WWW] polecenie RPC.Ping
11:35:37  [strona WWW] polecenie RPC.Ping
11:35:37      TMCU: D shelly_tmcu.cpp:890     TX: 0x06 v=3 [040200040000000c] (Ready)
11:35:37      TMCU: D shelly_tmcu.cpp:598     RX: 0x07 v=3 [040200040000000a] (state Ready)
11:35:38      TMCU: D shelly_tmcu.cpp:598     RX: 0x07 v=3 [040200040000000c] (state Ready)
11:35:38      TMCU: D shelly_tmcu.cpp:860     upd int 4 = 12
11:35:38      TMCU: D shelly_tmcu.cpp:79      Tmcu Event 4 (0x3fca0d80)
11:35:47  [strona WWW] polecenie RPC.Ping
11:35:58  [strona WWW] polecenie RPC.Ping
11:36:09  [strona WWW] polecenie RPC.Ping
11:36:20  [strona WWW] polecenie RPC.Ping
11:36:31  [strona WWW] polecenie RPC.Ping
11:36:42  [strona WWW] polecenie RPC.Ping
11:36:55      TMCU: D shelly_tmcu.cpp:598     RX: 0x07 v=3 [0700000700000000000000] (state Ready)
11:36:55      TMCU: D shelly_tmcu.cpp:598     RX: 0x07 v=3 [0800000700000000000000] (state Ready)
11:36:55      TMCU: D shelly_tmcu.cpp:598     RX: 0x07 v=3 [0902000400000000] (state Ready)
11:37:09  [strona WWW] polecenie RPC.Ping
11:37:19      TMCU: D shelly_tmcu.cpp:598     RX: 0x07 v=3 [0102000400000000] (state Ready)
11:37:20  [strona WWW] polecenie RPC.Ping
11:37:31  [strona WWW] polecenie RPC.Ping
11:37:42  [strona WWW] polecenie RPC.Ping
11:38:01  [strona WWW] polecenie RPC.Ping
11:38:12  [strona WWW] polecenie RPC.Ping
11:38:23  [strona WWW] polecenie RPC.Ping
11:38:34  [strona WWW] polecenie RPC.Ping
11:38:45  [strona WWW] polecenie RPC.Ping
11:38:49      TMCU: D shelly_tmcu.cpp:598     RX: 0x07 v=3 [0102000400000000] (state Ready)
11:38:50      TMCU: D shelly_tmcu.cpp:890     TX: 0x34 v=3 [02ff1a0a010b270004] (Ready)
11:39:01  [strona WWW] polecenie RPC.Ping
11:39:12  [strona WWW] polecenie RPC.Ping
11:39:23  [strona WWW] polecenie RPC.Ping
11:39:34  [strona WWW] polecenie RPC.Ping
11:39:43      TMCU: D shelly_tmcu.cpp:598     RX: 0x07 v=3 [0102000400000000] (state Ready)
11:39:59  [strona WWW] polecenie RPC.Ping
11:40:04      TMCU: D shelly_tmcu.cpp:598     RX: 0x07 v=3 [0600000700000000000000] (state Ready)
11:40:04      TMCU: D shelly_tmcu.cpp:598     RX: 0x07 v=3 [0700000700000000000000] (state Ready)
11:40:04      TMCU: D shelly_tmcu.cpp:598     RX: 0x07 v=3 [0800000700000000000000] (state Ready)
11:40:04      TMCU: D shelly_tmcu.cpp:598     RX: 0x07 v=3 [0902000400000000] (state Ready)
11:40:10  [strona WWW] polecenie RPC.Ping
11:40:21  [strona WWW] polecenie RPC.Ping
11:40:32  [strona WWW] polecenie RPC.Ping
11:40:43  [strona WWW] polecenie RPC.Ping
11:40:53      TMCU: D shelly_tmcu.cpp:598     RX: 0x07 v=3 [1802000400000017] (state Ready)
11:40:53      TMCU: D shelly_tmcu.cpp:860     upd int 24 = 23
11:40:53      TMCU: D shelly_tmcu.cpp:79      Tmcu Event 4 (0x3fca0d80)
11:41:04  [strona WWW] polecenie RPC.Ping
11:41:15  [strona WWW] polecenie RPC.Ping
11:41:26  [strona WWW] polecenie RPC.Ping
11:41:37  [strona WWW] polecenie RPC.Ping
11:41:48  [strona WWW] polecenie RPC.Ping
11:41:59  [strona WWW] polecenie RPC.Ping
11:42:10  [strona WWW] polecenie RPC.Ping
11:42:21  [strona WWW] polecenie RPC.Ping
11:42:32  [strona WWW] polecenie RPC.Ping
11:42:43  [strona WWW] polecenie RPC.Ping
11:42:54  [strona WWW] polecenie RPC.Ping
11:43:48  Log przez Wi-Fi: brak połączenia (45 s bez żadnego wiersza logu); ponawiam za 5 s
11:44:01  Log przez Wi-Fi: połączono z 192.168.0.238
11:44:01      TMCU: D shelly_tmcu.cpp:598     RX: 0x07 v=3 [040200040000000c] (state Ready)
11:44:01      TMCU: D shelly_tmcu.cpp:598     RX: 0x07 v=3 [0600000700000000000000] (state Ready)
11:44:01      TMCU: D shelly_tmcu.cpp:598     RX: 0x07 v=3 [0902000400000000] (state Ready)
11:44:01  !!  E shos_mqtt_conn.c:506    MQTT0: Connect status 256
11:44:01  [strona WWW] strona DevKitu została otwarta
11:44:01  [strona WWW] polecenie RPC.Ping
11:44:01      TMCU: D shelly_tmcu.cpp:598     RX: 0x07 v=3 [1201000101] (state Ready)
11:44:01      TMCU: D shelly_tmcu.cpp:598     RX: 0x07 v=3 [130000020000] (state Ready)
11:44:01      TMCU: D shelly_tmcu.cpp:598     RX: 0x07 v=3 [1802000400000017] (state Ready)
11:44:01      TMCU: D shelly_tmcu.cpp:598     RX: 0x07 v=3 [0d04000100] (state Ready)
11:44:02      TMCU: D shelly_tmcu.cpp:890     TX: 0x34 v=3 [02ff1a0a010b2c0c04] (Ready)
11:44:07  [strona WWW] polecenie BLE.ListPairedDevices
11:44:07  [strona WWW] polecenie service.GetResources
11:44:07  [strona WWW] polecenie service.GetInfo
11:44:10  [strona WWW] polecenie Webhook.ListAllSupported
11:44:13  [SHC] polecenie service.getinfo
11:44:14  [SHC] polecenie shc.channelready
11:44:20  !!  E shos_mqtt_conn.c:506    MQTT0: Connect status 257
11:44:24  [strona WWW] polecenie RPC.Ping
11:44:29  !!  E shos_mqtt_conn.c:506    MQTT0: Connect status 256
11:44:34  [strona WWW] strona DevKitu została otwarta
11:44:36  [strona WWW] polecenie RPC.Ping
11:44:46  [strona WWW] polecenie RPC.Ping
11:44:47  !!  E shos_mqtt_conn.c:506    MQTT0: Connect status 256
11:44:57  [strona WWW] polecenie RPC.Ping
11:45:08  [strona WWW] polecenie RPC.Ping
11:45:19  [strona WWW] polecenie RPC.Ping
11:45:35  [strona WWW] polecenie RPC.Ping
11:45:46  [strona WWW] polecenie RPC.Ping
11:45:57  [strona WWW] polecenie RPC.Ping
11:46:08  [strona WWW] polecenie RPC.Ping
11:46:19  [strona WWW] polecenie RPC.Ping
11:46:30  [strona WWW] polecenie RPC.Ping
11:46:41  [strona WWW] polecenie RPC.Ping
11:46:46      TMCU: D shelly_tmcu.cpp:890     TX: 0x06 v=3 [040200040000000a] (Ready)
11:46:46      TMCU: D shelly_tmcu.cpp:598     RX: 0x07 v=3 [040200040000000c] (state Ready)
11:46:48      TMCU: D shelly_tmcu.cpp:598     RX: 0x07 v=3 [040200040000000a] (state Ready)
11:46:48      TMCU: D shelly_tmcu.cpp:860     upd int 4 = 10
11:46:48      TMCU: D shelly_tmcu.cpp:79      Tmcu Event 4 (0x3fca0d80)
11:46:56  [strona WWW] polecenie RPC.Ping
11:47:07  [strona WWW] polecenie RPC.Ping
11:47:16      TMCU: D shelly_tmcu.cpp:598     RX: 0x07 v=3 [1802000400000017] (state Ready)
11:47:18  [strona WWW] polecenie RPC.Ping
11:47:26      TMCU: D shelly_tmcu.cpp:890     TX: 0x06 v=3 [040200040000000c] (Ready)
11:47:26      TMCU: D shelly_tmcu.cpp:598     RX: 0x07 v=3 [040200040000000a] (state Ready)
11:47:28      TMCU: D shelly_tmcu.cpp:598     RX: 0x07 v=3 [040200040000000c] (state Ready)
11:47:28      TMCU: D shelly_tmcu.cpp:860     upd int 4 = 12
11:47:28      TMCU: D shelly_tmcu.cpp:79      Tmcu Event 4 (0x3fca0d80)
11:47:36  [strona WWW] polecenie RPC.Ping
11:47:42  [strona WWW] polecenie Shelly.Reboot
11:48:28  Log przez Wi-Fi: brak połączenia (timed out); ponawiam za 5 s
11:48:33  Log przez Wi-Fi: połączono z 192.168.0.238
11:48:42  [strona WWW] strona DevKitu została otwarta
11:48:43  [strona WWW] polecenie RPC.Ping
11:48:54  [strona WWW] polecenie RPC.Ping
11:49:05  [strona WWW] polecenie RPC.Ping
11:49:16  [strona WWW] polecenie RPC.Ping
11:49:27  [strona WWW] polecenie RPC.Ping
11:49:38  [strona WWW] polecenie RPC.Ping
11:49:49  [strona WWW] polecenie RPC.Ping
11:50:00  [strona WWW] polecenie RPC.Ping
11:50:11  [strona WWW] polecenie RPC.Ping
11:50:22  [strona WWW] polecenie RPC.Ping
11:50:33  [strona WWW] polecenie RPC.Ping
11:50:44  [strona WWW] polecenie RPC.Ping
11:50:55  [strona WWW] polecenie RPC.Ping
11:51:06  [strona WWW] polecenie RPC.Ping
11:51:17  [strona WWW] polecenie RPC.Ping
11:51:28  [strona WWW] polecenie RPC.Ping
11:51:39  [strona WWW] polecenie RPC.Ping
11:51:50  [strona WWW] polecenie RPC.Ping
11:52:01  [strona WWW] polecenie RPC.Ping
11:52:12  [strona WWW] polecenie RPC.Ping
11:52:23  [strona WWW] polecenie RPC.Ping
11:52:34  [strona WWW] polecenie RPC.Ping
11:52:45  [strona WWW] polecenie RPC.Ping
11:52:56  [strona WWW] polecenie RPC.Ping
11:53:07  [strona WWW] polecenie RPC.Ping
11:53:18  [strona WWW] polecenie RPC.Ping
11:53:29  [strona WWW] polecenie RPC.Ping
11:53:40  [strona WWW] polecenie RPC.Ping
11:53:41      TMCU: D shelly_tmcu.cpp:598     RX: 0x07 v=3 [1802000400000016] (state Ready)
11:53:41      TMCU: D shelly_tmcu.cpp:860     upd int 24 = 22
11:53:41      TMCU: D shelly_tmcu.cpp:79      Tmcu Event 4 (0x3fca0d80)
11:53:52  [strona WWW] polecenie RPC.Ping
11:54:03  [strona WWW] polecenie RPC.Ping
11:54:14  [strona WWW] polecenie RPC.Ping
11:54:25  [strona WWW] polecenie RPC.Ping
11:54:36  [strona WWW] polecenie RPC.Ping
11:54:47  [strona WWW] polecenie RPC.Ping
11:54:58  [strona WWW] polecenie RPC.Ping
11:55:09  [strona WWW] polecenie RPC.Ping
11:55:20  [strona WWW] polecenie RPC.Ping
11:55:31  [strona WWW] polecenie RPC.Ping
11:55:42  [strona WWW] polecenie RPC.Ping
11:55:53  [strona WWW] polecenie RPC.Ping
11:56:04  [strona WWW] polecenie RPC.Ping
11:56:15  [strona WWW] polecenie RPC.Ping
11:56:26  [strona WWW] polecenie RPC.Ping
11:56:37  [strona WWW] polecenie RPC.Ping
11:56:48  [strona WWW] polecenie RPC.Ping
11:56:59  [strona WWW] polecenie RPC.Ping
11:57:10  [strona WWW] polecenie RPC.Ping
11:57:21  [strona WWW] polecenie RPC.Ping
11:57:32  [strona WWW] polecenie RPC.Ping
11:57:43  [strona WWW] polecenie RPC.Ping
11:57:54  [strona WWW] polecenie RPC.Ping
11:58:05  [strona WWW] polecenie RPC.Ping
11:58:16  [strona WWW] polecenie RPC.Ping
11:58:27  [strona WWW] polecenie RPC.Ping
11:58:38  [strona WWW] polecenie RPC.Ping
11:58:49  [strona WWW] polecenie RPC.Ping
11:59:00  [strona WWW] polecenie RPC.Ping
11:59:11  [strona WWW] polecenie RPC.Ping
11:59:22  [strona WWW] polecenie RPC.Ping
11:59:33  [strona WWW] polecenie RPC.Ping
11:59:44  [strona WWW] polecenie RPC.Ping
11:59:55  [strona WWW] polecenie RPC.Ping
12:00:02      TMCU: D shelly_tmcu.cpp:598     RX: 0x07 v=3 [1802000400000016] (state Ready)
12:00:06  [strona WWW] polecenie RPC.Ping
12:00:17  [strona WWW] polecenie RPC.Ping
12:00:28  [strona WWW] polecenie RPC.Ping
12:00:39  [strona WWW] polecenie RPC.Ping
12:00:50  [strona WWW] polecenie RPC.Ping
12:01:01  [strona WWW] polecenie RPC.Ping
12:01:12  [strona WWW] polecenie RPC.Ping
12:01:23  [strona WWW] polecenie RPC.Ping
12:01:34  [strona WWW] polecenie RPC.Ping
12:01:45  [strona WWW] polecenie RPC.Ping
12:01:56  [strona WWW] polecenie RPC.Ping
12:02:07  [strona WWW] polecenie RPC.Ping
12:02:18  [strona WWW] polecenie RPC.Ping
12:02:29  [strona WWW] polecenie RPC.Ping
12:02:40  [strona WWW] polecenie RPC.Ping
12:02:51  [strona WWW] polecenie RPC.Ping
12:03:02  [strona WWW] polecenie RPC.Ping
12:03:13  [strona WWW] polecenie RPC.Ping
12:03:24  [strona WWW] polecenie RPC.Ping
12:03:35  [strona WWW] polecenie RPC.Ping
12:03:46  [strona WWW] polecenie RPC.Ping
12:03:57  [strona WWW] polecenie RPC.Ping
12:04:08  [strona WWW] polecenie RPC.Ping
12:04:19  [strona WWW] polecenie RPC.Ping
12:04:30  [strona WWW] polecenie RPC.Ping
12:04:41  [strona WWW] polecenie RPC.Ping
12:04:52  [strona WWW] polecenie RPC.Ping
12:05:03  [strona WWW] polecenie RPC.Ping
12:05:14  [strona WWW] polecenie RPC.Ping
12:05:25  [strona WWW] polecenie RPC.Ping
12:05:36  [strona WWW] polecenie RPC.Ping
12:05:47  [strona WWW] polecenie RPC.Ping
12:05:58  [strona WWW] polecenie RPC.Ping
12:06:09  [strona WWW] polecenie RPC.Ping
12:06:20  [strona WWW] polecenie RPC.Ping
12:06:23      TMCU: D shelly_tmcu.cpp:598     RX: 0x07 v=3 [1802000400000016] (state Ready)
12:06:31  [strona WWW] polecenie RPC.Ping
12:06:42  [strona WWW] polecenie RPC.Ping
12:06:53  [strona WWW] polecenie RPC.Ping
12:07:04  [strona WWW] polecenie RPC.Ping
12:07:15  [strona WWW] polecenie RPC.Ping
12:07:26  [strona WWW] polecenie RPC.Ping
12:07:37  [strona WWW] polecenie RPC.Ping
12:07:48  [strona WWW] polecenie RPC.Ping
12:07:59  [strona WWW] polecenie RPC.Ping
12:08:10  [strona WWW] polecenie RPC.Ping
12:08:21  [strona WWW] polecenie RPC.Ping
12:08:32  [strona WWW] polecenie RPC.Ping
12:08:43  [strona WWW] polecenie RPC.Ping
12:08:54  [strona WWW] polecenie RPC.Ping
12:09:05  [strona WWW] polecenie RPC.Ping
12:09:16  [strona WWW] polecenie RPC.Ping
12:09:27  [strona WWW] polecenie RPC.Ping
12:09:38  [strona WWW] polecenie RPC.Ping
12:09:49  [strona WWW] polecenie RPC.Ping
12:10:00  [strona WWW] polecenie RPC.Ping
12:10:11  [strona WWW] polecenie RPC.Ping
12:10:22  [strona WWW] polecenie RPC.Ping
12:10:33  [strona WWW] polecenie RPC.Ping
12:10:44  [strona WWW] polecenie RPC.Ping
12:10:55  [strona WWW] polecenie RPC.Ping
12:11:06  [strona WWW] polecenie RPC.Ping
12:11:17  [strona WWW] polecenie RPC.Ping
12:11:28  [strona WWW] polecenie RPC.Ping
12:11:39  [strona WWW] polecenie RPC.Ping
12:11:50  [strona WWW] polecenie RPC.Ping
12:12:01  [strona WWW] polecenie RPC.Ping
12:12:12  [strona WWW] polecenie RPC.Ping
12:12:23  [strona WWW] polecenie RPC.Ping
12:12:34  [strona WWW] polecenie RPC.Ping
12:12:44      TMCU: D shelly_tmcu.cpp:598     RX: 0x07 v=3 [1802000400000016] (state Ready)
12:12:45  [strona WWW] polecenie RPC.Ping
12:12:56  [strona WWW] polecenie RPC.Ping
12:13:07  [strona WWW] polecenie RPC.Ping
12:13:18  [strona WWW] polecenie RPC.Ping
12:13:29  [strona WWW] polecenie RPC.Ping
12:13:40  [strona WWW] polecenie RPC.Ping
12:13:51  [strona WWW] polecenie RPC.Ping
12:14:02  [strona WWW] polecenie RPC.Ping
12:14:13  [strona WWW] polecenie RPC.Ping
12:14:24  [strona WWW] polecenie RPC.Ping
12:14:35  [strona WWW] polecenie RPC.Ping
12:14:46  [strona WWW] polecenie RPC.Ping
12:14:57  [strona WWW] polecenie RPC.Ping
12:15:08  [strona WWW] polecenie RPC.Ping
12:15:19  [strona WWW] polecenie RPC.Ping
12:15:30  [strona WWW] polecenie RPC.Ping
12:15:41  [strona WWW] polecenie RPC.Ping
12:15:52  [strona WWW] polecenie RPC.Ping
12:16:03  [strona WWW] polecenie RPC.Ping
12:16:14  [strona WWW] polecenie RPC.Ping
12:16:25  [strona WWW] polecenie RPC.Ping
12:16:36  [strona WWW] polecenie RPC.Ping
12:16:47  [strona WWW] polecenie RPC.Ping
12:16:58  [strona WWW] polecenie RPC.Ping
12:17:09  [strona WWW] polecenie RPC.Ping
12:17:20  [strona WWW] polecenie RPC.Ping
12:17:31  [strona WWW] polecenie RPC.Ping
12:17:41      TMCU: D shelly_tmcu.cpp:890     TX: 0x34 v=3 [02ff1a0a010c113304] (Ready)
12:17:52  [strona WWW] polecenie RPC.Ping
12:18:03  [strona WWW] polecenie RPC.Ping
12:18:14  [strona WWW] polecenie RPC.Ping
12:18:25  [strona WWW] polecenie RPC.Ping
12:18:36  [strona WWW] polecenie RPC.Ping
12:18:47  [strona WWW] polecenie RPC.Ping
12:18:58  [strona WWW] polecenie RPC.Ping
12:19:04      TMCU: D shelly_tmcu.cpp:598     RX: 0x07 v=3 [1802000400000016] (state Ready)
12:19:09  [strona WWW] polecenie RPC.Ping
12:19:20  [strona WWW] polecenie RPC.Ping
12:19:31  [strona WWW] polecenie RPC.Ping
12:19:42  [strona WWW] polecenie RPC.Ping
12:19:53  [strona WWW] polecenie RPC.Ping
12:20:04  [strona WWW] polecenie RPC.Ping
12:20:15  [strona WWW] polecenie RPC.Ping
12:20:26  [strona WWW] polecenie RPC.Ping
12:20:37  [strona WWW] polecenie RPC.Ping
12:20:48  [strona WWW] polecenie RPC.Ping
12:20:59  [strona WWW] polecenie RPC.Ping
12:21:10  [strona WWW] polecenie RPC.Ping
12:21:21  [strona WWW] polecenie RPC.Ping
12:21:32  [strona WWW] polecenie RPC.Ping
12:21:43  [strona WWW] polecenie RPC.Ping
12:21:54  [strona WWW] polecenie RPC.Ping
12:22:05  [strona WWW] polecenie RPC.Ping
12:22:16  [strona WWW] polecenie RPC.Ping
12:22:27  [strona WWW] polecenie RPC.Ping
12:22:38  [strona WWW] polecenie RPC.Ping
12:22:49  [strona WWW] polecenie RPC.Ping
12:23:00  [strona WWW] polecenie RPC.Ping
12:23:11  [strona WWW] polecenie RPC.Ping
12:23:22  [strona WWW] polecenie RPC.Ping
12:23:33  [strona WWW] polecenie RPC.Ping
12:23:44  [strona WWW] polecenie RPC.Ping
12:23:55  [strona WWW] polecenie RPC.Ping
12:24:06  [strona WWW] polecenie RPC.Ping
12:24:17  [strona WWW] polecenie RPC.Ping
12:24:28  [strona WWW] polecenie RPC.Ping
12:24:39  [strona WWW] polecenie RPC.Ping
12:24:50  [strona WWW] polecenie RPC.Ping
12:25:01  [strona WWW] polecenie RPC.Ping
12:25:12  [strona WWW] polecenie RPC.Ping
12:25:23  [strona WWW] polecenie RPC.Ping
12:25:25      TMCU: D shelly_tmcu.cpp:598     RX: 0x07 v=3 [1802000400000016] (state Ready)
12:25:34  [strona WWW] polecenie RPC.Ping
12:25:45  [strona WWW] polecenie RPC.Ping
12:25:56  [strona WWW] polecenie RPC.Ping
12:26:07  [strona WWW] polecenie RPC.Ping
12:26:18  [strona WWW] polecenie RPC.Ping
12:26:29  [strona WWW] polecenie RPC.Ping
12:26:40  [strona WWW] polecenie RPC.Ping
12:26:51  [strona WWW] polecenie RPC.Ping
12:27:02  [strona WWW] polecenie RPC.Ping
12:27:13  [strona WWW] polecenie RPC.Ping
12:27:24  [strona WWW] polecenie RPC.Ping
12:27:35  [strona WWW] polecenie RPC.Ping
12:27:46  [strona WWW] polecenie RPC.Ping
12:27:57  [strona WWW] polecenie RPC.Ping
12:28:08  [strona WWW] polecenie RPC.Ping
12:28:19  [strona WWW] polecenie RPC.Ping
12:28:30  [strona WWW] polecenie RPC.Ping
12:28:41  [strona WWW] polecenie RPC.Ping
12:28:52  [strona WWW] polecenie RPC.Ping
12:29:03  [strona WWW] polecenie RPC.Ping
12:29:14  [strona WWW] polecenie RPC.Ping
12:29:25  [strona WWW] polecenie RPC.Ping
12:29:36  [strona WWW] polecenie RPC.Ping
12:29:47  [strona WWW] polecenie RPC.Ping
12:29:58  [strona WWW] polecenie RPC.Ping
12:30:09  [strona WWW] polecenie RPC.Ping
12:30:20  [strona WWW] polecenie RPC.Ping
12:30:31  [strona WWW] polecenie RPC.Ping
12:30:42  [strona WWW] polecenie RPC.Ping
12:30:53  [strona WWW] polecenie RPC.Ping
12:31:04  [strona WWW] polecenie RPC.Ping
12:31:15  [strona WWW] polecenie RPC.Ping
12:31:26  [strona WWW] polecenie RPC.Ping
12:31:37  [strona WWW] polecenie RPC.Ping
12:31:46      TMCU: D shelly_tmcu.cpp:598     RX: 0x07 v=3 [1802000400000016] (state Ready)
12:31:48  [strona WWW] polecenie RPC.Ping
12:31:59  [strona WWW] polecenie RPC.Ping
12:32:10  [strona WWW] polecenie RPC.Ping
12:32:21  [strona WWW] polecenie RPC.Ping
12:32:32  [strona WWW] polecenie RPC.Ping
12:32:43  [strona WWW] polecenie RPC.Ping
12:32:54  [strona WWW] polecenie RPC.Ping
12:33:05  [strona WWW] polecenie RPC.Ping
12:33:11      TMCU: D shelly_tmcu.cpp:598     RX: 0x07 v=3 [0600000700000000000000] (state Ready)
12:33:11      TMCU: D shelly_tmcu.cpp:598     RX: 0x07 v=3 [0700000700000000000000] (state Ready)
12:33:11      TMCU: D shelly_tmcu.cpp:598     RX: 0x07 v=3 [0800000700000000000000] (state Ready)
12:33:11      TMCU: D shelly_tmcu.cpp:598     RX: 0x07 v=3 [0902000400000000] (state Ready)
12:33:16  [strona WWW] polecenie RPC.Ping
12:33:27  [strona WWW] polecenie RPC.Ping
12:33:38  [strona WWW] polecenie RPC.Ping
12:33:49  [strona WWW] polecenie RPC.Ping
12:34:00  [strona WWW] polecenie RPC.Ping
12:34:11  [strona WWW] polecenie RPC.Ping
12:34:22  [strona WWW] polecenie RPC.Ping
12:34:33  [strona WWW] polecenie RPC.Ping
12:34:44  [strona WWW] polecenie RPC.Ping
12:34:55  [strona WWW] polecenie RPC.Ping
12:35:06  [strona WWW] polecenie RPC.Ping
12:35:17  [strona WWW] polecenie RPC.Ping
12:35:28  [strona WWW] polecenie RPC.Ping
12:35:39  [strona WWW] polecenie RPC.Ping
12:35:50  [strona WWW] polecenie RPC.Ping
12:36:01  [strona WWW] polecenie RPC.Ping
12:36:12  [strona WWW] polecenie RPC.Ping
12:36:23  [strona WWW] polecenie RPC.Ping
12:36:34  [strona WWW] polecenie RPC.Ping
12:36:45  [strona WWW] polecenie RPC.Ping
12:36:56  [strona WWW] polecenie RPC.Ping
12:37:07  [strona WWW] polecenie RPC.Ping
12:37:18  [strona WWW] polecenie RPC.Ping
12:37:29  [strona WWW] polecenie RPC.Ping
12:37:40  [strona WWW] polecenie RPC.Ping
12:37:51  [strona WWW] polecenie RPC.Ping
12:38:02  [strona WWW] polecenie RPC.Ping
12:38:07      TMCU: D shelly_tmcu.cpp:598     RX: 0x07 v=3 [1802000400000016] (state Ready)
12:38:13  [strona WWW] polecenie RPC.Ping
12:38:24  [strona WWW] polecenie RPC.Ping
12:38:35  [strona WWW] polecenie RPC.Ping
12:38:46  [strona WWW] polecenie RPC.Ping
12:38:57  [strona WWW] polecenie RPC.Ping
12:39:08  [strona WWW] polecenie RPC.Ping
12:39:19  [strona WWW] polecenie RPC.Ping
12:39:30  [strona WWW] polecenie RPC.Ping
12:39:41  [strona WWW] polecenie RPC.Ping
12:39:52  [strona WWW] polecenie RPC.Ping
12:39:57      TMCU: D shelly_tmcu.cpp:598     RX: 0x07 v=3 [0600000700000000000000] (state Ready)
12:39:57      TMCU: D shelly_tmcu.cpp:598     RX: 0x07 v=3 [0700000700000000000000] (state Ready)
12:39:57      TMCU: D shelly_tmcu.cpp:598     RX: 0x07 v=3 [0800000700000000000000] (state Ready)
12:39:57      TMCU: D shelly_tmcu.cpp:598     RX: 0x07 v=3 [0902000400000000] (state Ready)
12:40:03  [strona WWW] polecenie RPC.Ping
12:40:14  [strona WWW] polecenie RPC.Ping
12:40:25  [strona WWW] polecenie RPC.Ping
12:40:36  [strona WWW] polecenie RPC.Ping
12:40:47  [strona WWW] polecenie RPC.Ping
12:40:58  [strona WWW] polecenie RPC.Ping
12:41:09  [strona WWW] polecenie RPC.Ping
12:41:20  [strona WWW] polecenie RPC.Ping
12:41:31  [strona WWW] polecenie RPC.Ping
12:41:42  [strona WWW] polecenie RPC.Ping
12:41:53  [strona WWW] polecenie RPC.Ping
12:42:04  [strona WWW] polecenie RPC.Ping
12:42:15  [strona WWW] polecenie RPC.Ping
12:42:26  [strona WWW] polecenie RPC.Ping
12:42:37  [strona WWW] polecenie RPC.Ping
12:42:48  [strona WWW] polecenie RPC.Ping
12:42:59  [strona WWW] polecenie RPC.Ping
12:43:10  [strona WWW] polecenie RPC.Ping
12:43:21  [strona WWW] polecenie RPC.Ping
12:43:32  [strona WWW] polecenie RPC.Ping
12:43:44  [strona WWW] polecenie RPC.Ping
12:43:54  [strona WWW] polecenie RPC.Ping
12:44:05  [strona WWW] polecenie RPC.Ping
12:44:16  [strona WWW] polecenie RPC.Ping
12:44:27  [strona WWW] polecenie RPC.Ping
12:44:28      TMCU: D shelly_tmcu.cpp:598     RX: 0x07 v=3 [1802000400000016] (state Ready)
12:44:38  [strona WWW] polecenie RPC.Ping
12:44:49  [strona WWW] polecenie RPC.Ping
12:45:00  [strona WWW] polecenie RPC.Ping
12:45:11  [strona WWW] polecenie RPC.Ping
12:45:22  [strona WWW] polecenie RPC.Ping
12:45:33  [strona WWW] polecenie RPC.Ping
12:45:44  [strona WWW] polecenie RPC.Ping
12:45:55  [strona WWW] polecenie RPC.Ping
12:46:06  [strona WWW] polecenie RPC.Ping
12:46:17  [strona WWW] polecenie RPC.Ping
12:46:28  [strona WWW] polecenie RPC.Ping
12:46:39  [strona WWW] polecenie RPC.Ping
12:46:50  [strona WWW] polecenie RPC.Ping
12:46:52  Q11: mikrokontroler nie odpowiada (Heartbeat timed out); kolejne takie same pomijam
12:46:52      TMCU: D shelly_tmcu.cpp:79      Tmcu Event 1 (0x3fca0ef8)
12:46:53  Q11: mikrokontroler się odezwał
12:46:53      TMCU: D shelly_tmcu.cpp:598     RX: 0x00 v=3 [01] (state Ready)
12:47:01  [strona WWW] polecenie RPC.Ping
12:47:12  [strona WWW] polecenie RPC.Ping
12:47:23  [strona WWW] polecenie RPC.Ping
12:47:34  [strona WWW] polecenie RPC.Ping
12:47:45  [strona WWW] polecenie RPC.Ping
12:47:56  [strona WWW] polecenie RPC.Ping
12:48:07  [strona WWW] polecenie RPC.Ping
12:48:13  Q11: mikrokontroler nie odpowiada (Heartbeat timed out); kolejne takie same pomijam
12:48:13      TMCU: D shelly_tmcu.cpp:79      Tmcu Event 1 (0x3fca0ef8)
12:48:14      TMCU: D shelly_tmcu.cpp:993     wifi report state is SendRealState
12:48:14      TMCU: D shelly_tmcu.cpp:520     Sending WiFi status 4
12:48:14      TMCU: D shelly_tmcu.cpp:890     TX: 0x03 v=3 [04] (Ready)
12:48:14  Q11: mikrokontroler się odezwał
12:48:14      TMCU: D shelly_tmcu.cpp:598     RX: 0x03 v=3 [] (state Ready)
12:48:18  [strona WWW] polecenie RPC.Ping
12:48:29  [strona WWW] polecenie RPC.Ping
12:48:40  [strona WWW] polecenie RPC.Ping
12:48:51  [strona WWW] polecenie RPC.Ping
12:49:02  [strona WWW] polecenie RPC.Ping
12:49:13  [strona WWW] polecenie RPC.Ping
12:49:24  [strona WWW] polecenie RPC.Ping
12:49:35  [strona WWW] polecenie RPC.Ping
12:49:46  [strona WWW] polecenie RPC.Ping
12:49:57  [strona WWW] polecenie RPC.Ping
12:50:08  [strona WWW] polecenie RPC.Ping
12:50:19  [strona WWW] polecenie RPC.Ping
12:50:28      TMCU: D shelly_tmcu.cpp:890     TX: 0x34 v=3 [02ff1a0a010c322604] (Ready)
12:50:39  [strona WWW] polecenie RPC.Ping
12:50:49      TMCU: D shelly_tmcu.cpp:598     RX: 0x07 v=3 [1802000400000016] (state Ready)
12:50:50  [strona WWW] polecenie RPC.Ping
12:51:01  [strona WWW] polecenie RPC.Ping
12:51:12  [strona WWW] polecenie RPC.Ping
12:51:23  [strona WWW] polecenie RPC.Ping
12:51:34  [strona WWW] polecenie RPC.Ping
12:51:45  [strona WWW] polecenie RPC.Ping
12:51:56  [strona WWW] polecenie RPC.Ping
12:52:07  [strona WWW] polecenie RPC.Ping
12:52:18  [strona WWW] polecenie RPC.Ping
12:52:29  [strona WWW] polecenie RPC.Ping
12:52:40  [strona WWW] polecenie RPC.Ping
12:52:51  [strona WWW] polecenie RPC.Ping
12:53:02  [strona WWW] polecenie RPC.Ping
12:53:13  [strona WWW] polecenie RPC.Ping
12:53:24  [strona WWW] polecenie RPC.Ping
12:53:35  [strona WWW] polecenie RPC.Ping
12:53:46  [strona WWW] polecenie RPC.Ping
12:53:57  [strona WWW] polecenie RPC.Ping
12:54:08  [strona WWW] polecenie RPC.Ping
12:54:19  [strona WWW] polecenie RPC.Ping
12:54:30  [strona WWW] polecenie RPC.Ping
12:54:41  [strona WWW] polecenie RPC.Ping
12:54:52  [strona WWW] polecenie RPC.Ping
12:55:03  [strona WWW] polecenie RPC.Ping
12:55:14  [strona WWW] polecenie RPC.Ping
12:55:25  [strona WWW] polecenie RPC.Ping
12:55:36  [strona WWW] polecenie RPC.Ping
12:55:47  [strona WWW] polecenie RPC.Ping
12:55:58  [strona WWW] polecenie RPC.Ping
12:56:09  [strona WWW] polecenie RPC.Ping
12:56:20  [strona WWW] polecenie RPC.Ping
12:56:31  [strona WWW] polecenie RPC.Ping
12:56:42  [strona WWW] polecenie RPC.Ping
12:56:53  [strona WWW] polecenie RPC.Ping
12:57:04  [strona WWW] polecenie RPC.Ping
12:57:10      TMCU: D shelly_tmcu.cpp:598     RX: 0x07 v=3 [1802000400000016] (state Ready)
12:57:15  [strona WWW] polecenie RPC.Ping
12:57:26  [strona WWW] polecenie RPC.Ping
12:57:37  [strona WWW] polecenie RPC.Ping
12:57:48  [strona WWW] polecenie RPC.Ping
12:57:59  [strona WWW] polecenie RPC.Ping
12:58:10  [strona WWW] polecenie RPC.Ping
12:58:21  [strona WWW] polecenie RPC.Ping
12:58:32  [strona WWW] polecenie RPC.Ping
12:58:43  [strona WWW] polecenie RPC.Ping
12:58:54  [strona WWW] polecenie RPC.Ping
12:59:05  [strona WWW] polecenie RPC.Ping
12:59:16  [strona WWW] polecenie RPC.Ping
12:59:27  [strona WWW] polecenie RPC.Ping
12:59:38  [strona WWW] polecenie RPC.Ping
12:59:49  [strona WWW] polecenie RPC.Ping
13:00:00  [strona WWW] polecenie RPC.Ping
13:00:11  [strona WWW] polecenie RPC.Ping
13:00:22  [strona WWW] polecenie RPC.Ping
13:00:33  [strona WWW] polecenie RPC.Ping
13:00:44  [strona WWW] polecenie RPC.Ping
13:00:55  [strona WWW] polecenie RPC.Ping
13:01:06  [strona WWW] polecenie RPC.Ping
13:01:17  [strona WWW] polecenie RPC.Ping
13:01:28  [strona WWW] polecenie RPC.Ping
13:01:39  [strona WWW] polecenie RPC.Ping
13:01:50  [strona WWW] polecenie RPC.Ping
13:02:01  [strona WWW] polecenie RPC.Ping
13:02:12  [strona WWW] polecenie RPC.Ping
13:02:23  [strona WWW] polecenie RPC.Ping
13:02:34  [strona WWW] polecenie RPC.Ping
13:02:45  [strona WWW] polecenie RPC.Ping
13:02:56  [strona WWW] polecenie RPC.Ping
13:03:07  [strona WWW] polecenie RPC.Ping
13:03:18  [strona WWW] polecenie RPC.Ping
13:03:29  [strona WWW] polecenie RPC.Ping
13:03:31      TMCU: D shelly_tmcu.cpp:598     RX: 0x07 v=3 [1802000400000016] (state Ready)
13:03:40  [strona WWW] polecenie RPC.Ping
13:03:51  [strona WWW] polecenie RPC.Ping
13:04:02  [strona WWW] polecenie RPC.Ping
13:04:13  [strona WWW] polecenie RPC.Ping
13:04:24  [strona WWW] polecenie RPC.Ping
13:04:35  [strona WWW] polecenie RPC.Ping
13:04:46  [strona WWW] polecenie RPC.Ping
13:04:57  [strona WWW] polecenie RPC.Ping
13:05:08  [strona WWW] polecenie RPC.Ping
13:05:19  [strona WWW] polecenie RPC.Ping
13:05:30  [strona WWW] polecenie RPC.Ping
13:05:41  [strona WWW] polecenie RPC.Ping
13:05:52  [strona WWW] polecenie RPC.Ping
13:06:03  [strona WWW] polecenie RPC.Ping
13:06:14  [strona WWW] polecenie RPC.Ping
13:06:25  [strona WWW] polecenie RPC.Ping
13:06:36  [strona WWW] polecenie RPC.Ping
13:06:47  [strona WWW] polecenie RPC.Ping
13:06:58  [strona WWW] polecenie RPC.Ping
13:07:09  [strona WWW] polecenie RPC.Ping
13:07:20  [strona WWW] polecenie RPC.Ping
13:07:31  [strona WWW] polecenie RPC.Ping
13:07:42  [strona WWW] polecenie RPC.Ping
13:07:53  [strona WWW] polecenie RPC.Ping
13:08:04  [strona WWW] polecenie RPC.Ping
13:08:15  [strona WWW] polecenie RPC.Ping
13:08:26  [strona WWW] polecenie RPC.Ping
13:08:37  [strona WWW] polecenie RPC.Ping
13:08:48  [strona WWW] polecenie RPC.Ping
13:08:59  [strona WWW] polecenie RPC.Ping
13:09:13  [strona WWW] polecenie RPC.Ping
13:09:19  Q11: mikrokontroler nie odpowiada (Heartbeat timed out); kolejne takie same pomijam
13:09:19      TMCU: D shelly_tmcu.cpp:79      Tmcu Event 1 (0x3fca0ef8)
13:09:21  Q11: mikrokontroler się odezwał
13:09:21      TMCU: D shelly_tmcu.cpp:598     RX: 0x00 v=3 [01] (state Ready)
13:09:24  [strona WWW] polecenie RPC.Ping
13:09:35  [strona WWW] polecenie RPC.Ping
13:09:46  [strona WWW] polecenie RPC.Ping
13:09:52      TMCU: D shelly_tmcu.cpp:598     RX: 0x07 v=3 [1802000400000016] (state Ready)
13:09:57  [strona WWW] polecenie RPC.Ping
13:10:08  [strona WWW] polecenie RPC.Ping
13:10:19  [strona WWW] polecenie RPC.Ping
13:10:30  [strona WWW] polecenie RPC.Ping
13:10:41  [strona WWW] polecenie RPC.Ping
13:10:52  [strona WWW] polecenie RPC.Ping
13:11:03  [strona WWW] polecenie RPC.Ping
13:11:14  [strona WWW] polecenie RPC.Ping
13:11:25  [strona WWW] polecenie RPC.Ping
13:11:36  [strona WWW] polecenie RPC.Ping
13:11:47  [strona WWW] polecenie RPC.Ping
13:11:58  [strona WWW] polecenie RPC.Ping
13:12:09  [strona WWW] polecenie RPC.Ping
13:12:20  [strona WWW] polecenie RPC.Ping
13:12:31  [strona WWW] polecenie RPC.Ping
13:12:42  [strona WWW] polecenie RPC.Ping
13:12:53  [strona WWW] polecenie RPC.Ping
13:13:04  [strona WWW] polecenie RPC.Ping
13:13:15  [strona WWW] polecenie RPC.Ping
13:13:26  [strona WWW] polecenie RPC.Ping
13:13:37  [strona WWW] polecenie RPC.Ping
13:13:48  [strona WWW] polecenie RPC.Ping
13:13:59  [strona WWW] polecenie RPC.Ping
13:14:10  [strona WWW] polecenie RPC.Ping
13:14:21  [strona WWW] polecenie RPC.Ping
13:14:32  [strona WWW] polecenie RPC.Ping
13:14:43  [strona WWW] polecenie RPC.Ping
13:14:54  [strona WWW] polecenie RPC.Ping
13:15:05  [strona WWW] polecenie RPC.Ping
13:15:09  [SHC] polecenie service.getinfo
13:15:09  [SHC] polecenie shc.channelready
13:15:20  [strona WWW] polecenie RPC.Ping
13:15:31  [strona WWW] polecenie RPC.Ping
13:15:42  [strona WWW] polecenie RPC.Ping
13:15:53  [strona WWW] polecenie RPC.Ping
13:16:04  [strona WWW] polecenie RPC.Ping
13:16:12      TMCU: D shelly_tmcu.cpp:598     RX: 0x07 v=3 [1802000400000016] (state Ready)
13:16:15  [strona WWW] polecenie RPC.Ping
13:16:26  [strona WWW] polecenie RPC.Ping
13:16:37  [strona WWW] polecenie RPC.Ping
13:16:48  [strona WWW] polecenie RPC.Ping
13:16:59  [strona WWW] polecenie RPC.Ping
13:17:10  [strona WWW] polecenie RPC.Ping
13:17:21  [strona WWW] polecenie RPC.Ping
13:17:32  [strona WWW] polecenie RPC.Ping
13:17:43  [strona WWW] polecenie RPC.Ping
13:17:54  [strona WWW] polecenie RPC.Ping
13:18:05  [strona WWW] polecenie RPC.Ping
13:18:16  [strona WWW] polecenie RPC.Ping
13:18:19      TMCU: D shelly_tmcu.cpp:598     RX: 0x07 v=3 [0600000700000000000000] (state Ready)
13:18:19      TMCU: D shelly_tmcu.cpp:598     RX: 0x07 v=3 [0700000700000000000000] (state Ready)
13:18:19      TMCU: D shelly_tmcu.cpp:598     RX: 0x07 v=3 [0800000700000000000000] (state Ready)
13:18:19      TMCU: D shelly_tmcu.cpp:598     RX: 0x07 v=3 [0902000400000000] (state Ready)
13:18:27  [strona WWW] polecenie RPC.Ping
13:18:38  [strona WWW] polecenie RPC.Ping
13:18:49  [strona WWW] polecenie RPC.Ping
13:19:00  [strona WWW] polecenie RPC.Ping
13:19:11  [strona WWW] polecenie RPC.Ping
13:19:20      TMCU: D shelly_tmcu.cpp:890     TX: 0x34 v=3 [02ff1a0a010d131e04] (Ready)
13:19:26  Q11: mikrokontroler nie odpowiada (Heartbeat timed out); kolejne takie same pomijam
13:19:26      TMCU: D shelly_tmcu.cpp:79      Tmcu Event 1 (0x3fca0ef8)
13:19:27  Q11: mikrokontroler się odezwał
13:19:27      TMCU: D shelly_tmcu.cpp:598     RX: 0x00 v=3 [01] (state Ready)
13:19:31  [strona WWW] polecenie RPC.Ping
13:19:42  [strona WWW] polecenie RPC.Ping
13:19:53  [strona WWW] polecenie RPC.Ping
13:20:04  [strona WWW] polecenie RPC.Ping
13:20:15  [strona WWW] polecenie RPC.Ping
13:20:26  [strona WWW] polecenie RPC.Ping
13:20:37  [strona WWW] polecenie RPC.Ping
13:20:48  [strona WWW] polecenie RPC.Ping
13:20:59  [strona WWW] polecenie RPC.Ping
13:21:10  [strona WWW] polecenie RPC.Ping
13:21:21  [strona WWW] polecenie RPC.Ping
13:21:32  [strona WWW] polecenie RPC.Ping
13:21:43  [strona WWW] polecenie RPC.Ping
13:21:54  [strona WWW] polecenie RPC.Ping
13:22:05  [strona WWW] polecenie RPC.Ping
13:22:16  [strona WWW] polecenie RPC.Ping
13:22:27  [strona WWW] polecenie RPC.Ping
13:22:33      TMCU: D shelly_tmcu.cpp:598     RX: 0x07 v=3 [1802000400000016] (state Ready)
13:22:38  [strona WWW] polecenie RPC.Ping
13:22:49  [strona WWW] polecenie RPC.Ping
13:23:00  [strona WWW] polecenie RPC.Ping
13:23:11  [strona WWW] polecenie RPC.Ping
13:23:22  [strona WWW] polecenie RPC.Ping
13:23:33  [strona WWW] polecenie RPC.Ping
13:23:44  [strona WWW] polecenie RPC.Ping
13:23:55  [strona WWW] polecenie RPC.Ping
13:24:06  [strona WWW] polecenie RPC.Ping
13:24:17  [strona WWW] polecenie RPC.Ping
13:24:28  [strona WWW] polecenie RPC.Ping
13:24:39  [strona WWW] polecenie RPC.Ping
13:24:50  [strona WWW] polecenie RPC.Ping
13:25:01  [strona WWW] polecenie RPC.Ping
13:25:12  [strona WWW] polecenie RPC.Ping
13:25:23  [strona WWW] polecenie RPC.Ping
13:25:34  [strona WWW] polecenie RPC.Ping
13:25:45  [strona WWW] polecenie RPC.Ping
13:25:57  [strona WWW] polecenie RPC.Ping
13:26:07  [strona WWW] polecenie RPC.Ping
13:26:18  [strona WWW] polecenie RPC.Ping
13:26:29  [strona WWW] polecenie RPC.Ping
13:26:40  [strona WWW] polecenie RPC.Ping
13:26:51  [strona WWW] polecenie RPC.Ping
13:27:02  [strona WWW] polecenie RPC.Ping
13:27:13  [strona WWW] polecenie RPC.Ping
13:27:24  [strona WWW] polecenie RPC.Ping
13:27:35  [strona WWW] polecenie RPC.Ping
13:27:46  [strona WWW] polecenie RPC.Ping
13:27:57  [strona WWW] polecenie RPC.Ping
13:28:08  [strona WWW] polecenie RPC.Ping
13:28:19  [strona WWW] polecenie RPC.Ping
13:28:30  [strona WWW] polecenie RPC.Ping
13:28:41  [strona WWW] polecenie RPC.Ping
13:28:52  [strona WWW] polecenie RPC.Ping
13:28:54      TMCU: D shelly_tmcu.cpp:598     RX: 0x07 v=3 [1802000400000016] (state Ready)
13:29:03  [strona WWW] polecenie RPC.Ping
13:29:14  [strona WWW] polecenie RPC.Ping
13:29:25  [strona WWW] polecenie RPC.Ping
13:29:36  [strona WWW] polecenie RPC.Ping
13:29:47  [strona WWW] polecenie RPC.Ping
13:29:58  [strona WWW] polecenie RPC.Ping
13:30:09  [strona WWW] polecenie RPC.Ping
13:30:20  [strona WWW] polecenie RPC.Ping
13:30:31  [strona WWW] polecenie RPC.Ping
13:30:42  [strona WWW] polecenie RPC.Ping
13:30:53  [strona WWW] polecenie RPC.Ping
13:31:04  [strona WWW] polecenie RPC.Ping
13:31:15  [strona WWW] polecenie RPC.Ping
13:31:26  [strona WWW] polecenie RPC.Ping
13:31:37  [strona WWW] polecenie RPC.Ping
13:31:48  [strona WWW] polecenie RPC.Ping
13:31:59  [strona WWW] polecenie RPC.Ping
13:32:10  [strona WWW] polecenie RPC.Ping
14:19:49  Log przez Wi-Fi: brak połączenia (45 s bez żadnego wiersza logu); ponawiam za 5 s
14:19:54  Log przez Wi-Fi: połączono z 192.168.0.238
14:19:56  [strona WWW] polecenie RPC.Ping
14:20:10  [strona WWW] strona DevKitu została otwarta
14:20:10  [strona WWW] polecenie RPC.Ping
14:20:14  [strona WWW] polecenie BLE.ListPairedDevices
14:20:14  [strona WWW] polecenie service.GetResources
14:20:16  [strona WWW] polecenie service.GetInfo
14:20:17  [strona WWW] polecenie Webhook.ListAllSupported
14:20:27  [strona WWW] polecenie RPC.Ping
14:20:38  [strona WWW] polecenie RPC.Ping
14:23:11  Log przez Wi-Fi: brak połączenia ([WinError 10054] Istniejące połączenie zostało gwałtownie zamknięte przez zdalnego hosta); ponawiam za 5 s
14:23:26  Log przez Wi-Fi: brak połączenia (timed out); ponawiam za 5 s
14:23:41  Log przez Wi-Fi: brak połączenia (timed out); ponawiam za 5 s
14:23:56  Log przez Wi-Fi: brak połączenia (timed out); ponawiam za 5 s
14:24:11  Log przez Wi-Fi: brak połączenia (timed out); ponawiam za 5 s
14:24:26  Log przez Wi-Fi: brak połączenia (timed out); ponawiam za 5 s
14:24:41  Log przez Wi-Fi: brak połączenia (timed out); ponawiam za 5 s
14:24:56  Log przez Wi-Fi: brak połączenia (timed out); ponawiam za 5 s
14:25:11  Log przez Wi-Fi: brak połączenia (timed out); ponawiam za 5 s
14:25:26  Log przez Wi-Fi: brak połączenia (timed out); ponawiam za 5 s
14:25:41  Log przez Wi-Fi: brak połączenia (timed out); ponawiam za 5 s
14:25:56  Log przez Wi-Fi: brak połączenia (timed out); ponawiam za 5 s
14:26:11  Log przez Wi-Fi: brak połączenia (timed out); ponawiam za 5 s
14:26:26  Log przez Wi-Fi: brak połączenia (timed out); ponawiam za 5 s
14:26:41  Log przez Wi-Fi: brak połączenia (timed out); ponawiam za 5 s
14:26:56  Log przez Wi-Fi: brak połączenia (timed out); ponawiam za 5 s
14:27:11  Log przez Wi-Fi: brak połączenia (timed out); ponawiam za 5 s
14:27:26  Log przez Wi-Fi: brak połączenia (timed out); ponawiam za 5 s
14:27:41  Log przez Wi-Fi: brak połączenia (timed out); ponawiam za 5 s
14:27:56  Log przez Wi-Fi: brak połączenia (timed out); ponawiam za 5 s
14:28:11  Log przez Wi-Fi: brak połączenia (timed out); ponawiam za 5 s
14:28:26  Log przez Wi-Fi: brak połączenia (timed out); ponawiam za 5 s
14:28:41  Log przez Wi-Fi: brak połączenia (timed out); ponawiam za 5 s
14:28:56  Log przez Wi-Fi: brak połączenia (timed out); ponawiam za 5 s
14:29:11  Log przez Wi-Fi: brak połączenia (timed out); ponawiam za 5 s
14:29:26  Log przez Wi-Fi: brak połączenia (timed out); ponawiam za 5 s
14:29:41  Log przez Wi-Fi: brak połączenia (timed out); ponawiam za 5 s
14:29:56  Log przez Wi-Fi: brak połączenia (timed out); ponawiam za 5 s
14:30:11  Log przez Wi-Fi: brak połączenia (timed out); ponawiam za 5 s
14:30:26  Log przez Wi-Fi: brak połączenia (timed out); ponawiam za 5 s
14:30:41  Log przez Wi-Fi: brak połączenia (timed out); ponawiam za 5 s
14:30:56  Log przez Wi-Fi: brak połączenia (timed out); ponawiam za 5 s
14:31:11  Log przez Wi-Fi: brak połączenia (timed out); ponawiam za 5 s
14:31:26  Log przez Wi-Fi: brak połączenia (timed out); ponawiam za 5 s
14:31:41  Log przez Wi-Fi: brak połączenia (timed out); ponawiam za 5 s
14:31:56  Log przez Wi-Fi: brak połączenia (timed out); ponawiam za 5 s
14:32:11  Log przez Wi-Fi: brak połączenia (timed out); ponawiam za 5 s
14:32:26  Log przez Wi-Fi: brak połączenia (timed out); ponawiam za 5 s
14:32:41  Log przez Wi-Fi: brak połączenia (timed out); ponawiam za 5 s
14:32:56  Log przez Wi-Fi: brak połączenia (timed out); ponawiam za 5 s
14:33:11  Log przez Wi-Fi: brak połączenia (timed out); ponawiam za 5 s
14:33:26  Log przez Wi-Fi: brak połączenia (timed out); ponawiam za 5 s
14:33:41  Log przez Wi-Fi: brak połączenia (timed out); ponawiam za 5 s
14:56:00  Log przez Wi-Fi: brak połączenia ([WinError 10053] Nawiązane połączenie zostało przerwane przez oprogramowanie zainstalowane w komputerze-hoście); ponawiam za 5 s
14:56:05  Log przez Wi-Fi: brak połączenia ([WinError 10051] Próba przeprowadzenia operacji, wykonywanej przez gniazdo, na nieosiągalnej sieci); ponawiam za 5 s
21:28:03  Log przez Wi-Fi: brak połączenia ([WinError 10051] Próba przeprowadzenia operacji, wykonywanej przez gniazdo, na nieosiągalnej sieci); ponawiam za 5 s
21:28:08  Log przez Wi-Fi: brak połączenia ([WinError 10065] Próba przeprowadzenia operacji, wykonywanej przez gniazdo, na nieosiągalnym hoście); ponawiam za 5 s
21:28:13  Log przez Wi-Fi: brak połączenia ([WinError 10065] Próba przeprowadzenia operacji, wykonywanej przez gniazdo, na nieosiągalnym hoście); ponawiam za 5 s
15:33:22  Log przez Wi-Fi: brak połączenia ([WinError 10053] Nawiązane połączenie zostało przerwane przez oprogramowanie zainstalowane w komputerze-hoście); ponawiam za 5 s
15:33:37  Log przez Wi-Fi: brak połączenia (timed out); ponawiam za 5 s
15:33:52  Log przez Wi-Fi: brak połączenia (timed out); ponawiam za 5 s
15:34:07  Log przez Wi-Fi: brak połączenia (timed out); ponawiam za 5 s
15:34:22  Log przez Wi-Fi: brak połączenia (timed out); ponawiam za 5 s
15:34:38  Log przez Wi-Fi: brak połączenia (timed out); ponawiam za 5 s
15:34:53  Log przez Wi-Fi: brak połączenia (timed out); ponawiam za 5 s
15:35:08  Log przez Wi-Fi: brak połączenia (timed out); ponawiam za 5 s
16:20:33  Log przez Wi-Fi: brak połączenia ([WinError 10051] Próba przeprowadzenia operacji, wykonywanej przez gniazdo, na nieosiągalnej sieci); ponawiam za 5 s
22:37:19  Log przez Wi-Fi: brak połączenia ([WinError 10051] Próba przeprowadzenia operacji, wykonywanej przez gniazdo, na nieosiągalnej sieci); ponawiam za 5 s
22:37:34  Log przez Wi-Fi: brak połączenia (timed out); ponawiam za 5 s
09:56:58  Log przez Wi-Fi: brak połączenia ([WinError 10053] Nawiązane połączenie zostało przerwane przez oprogramowanie zainstalowane w komputerze-hoście); ponawiam za 5 s
09:57:03  Log przez Wi-Fi: brak połączenia ([WinError 10051] Próba przeprowadzenia operacji, wykonywanej przez gniazdo, na nieosiągalnej sieci); ponawiam za 5 s
09:57:18  Log przez Wi-Fi: brak połączenia (timed out); ponawiam za 5 s
09:57:33  Log przez Wi-Fi: brak połączenia (timed out); ponawiam za 5 s
09:57:48  Log przez Wi-Fi: brak połączenia (timed out); ponawiam za 5 s
09:58:03  Log przez Wi-Fi: brak połączenia (timed out); ponawiam za 5 s
09:58:18  Log przez Wi-Fi: brak połączenia (timed out); ponawiam za 5 s
09:58:35  Log przez Wi-Fi: połączono z 192.168.0.238
09:58:36  [strona WWW] strona DevKitu została otwarta
09:58:36  [strona WWW] polecenie RPC.Ping
09:58:37      TMCU: D shelly_tmcu.cpp:598     RX: 0x07 v=3 [1802000400000014] (state Ready)
09:58:42  [strona WWW] polecenie BLE.ListPairedDevices
09:58:42  [SHC] polecenie service.getinfo
09:58:43  [strona WWW] polecenie service.GetResources
09:58:43  [strona WWW] polecenie service.GetInfo
09:58:45  [SHC] polecenie shc.channelready
09:58:45  [strona WWW] polecenie Webhook.ListAllSupported
09:58:56  [strona WWW] polecenie RPC.Ping
09:59:07  [strona WWW] polecenie RPC.Ping
09:59:18  [strona WWW] polecenie RPC.Ping
09:59:29  [strona WWW] polecenie RPC.Ping
09:59:40  [strona WWW] polecenie RPC.Ping
09:59:51  [strona WWW] polecenie RPC.Ping
10:00:02  [strona WWW] polecenie RPC.Ping
10:00:13  [strona WWW] polecenie RPC.Ping
10:00:24  [strona WWW] polecenie RPC.Ping
10:00:35  [strona WWW] polecenie RPC.Ping
10:00:46  [strona WWW] polecenie RPC.Ping
10:00:57  [strona WWW] polecenie RPC.Ping
10:01:08  [strona WWW] polecenie RPC.Ping
10:01:19  [strona WWW] polecenie RPC.Ping
10:01:30  [strona WWW] polecenie RPC.Ping
10:01:41  [strona WWW] polecenie RPC.Ping
10:01:52  [strona WWW] polecenie RPC.Ping
10:02:03  [strona WWW] polecenie RPC.Ping
10:02:14  [strona WWW] polecenie RPC.Ping
10:02:25  [strona WWW] polecenie RPC.Ping
10:02:36  [strona WWW] polecenie RPC.Ping
10:02:47  [strona WWW] polecenie RPC.Ping
10:02:58  [strona WWW] polecenie RPC.Ping
10:03:09  [strona WWW] polecenie RPC.Ping
10:03:20  [strona WWW] polecenie RPC.Ping
10:03:31  [strona WWW] polecenie RPC.Ping
10:03:42  [strona WWW] polecenie RPC.Ping
10:03:53  [strona WWW] polecenie RPC.Ping
10:04:04  [strona WWW] polecenie RPC.Ping
10:04:15  [strona WWW] polecenie RPC.Ping
10:04:26  [strona WWW] polecenie RPC.Ping
10:04:37  [strona WWW] polecenie RPC.Ping
10:04:48  [strona WWW] polecenie RPC.Ping
10:04:57      TMCU: D shelly_tmcu.cpp:598     RX: 0x07 v=3 [1802000400000014] (state Ready)
10:04:59  [strona WWW] polecenie RPC.Ping
10:05:10  [strona WWW] polecenie RPC.Ping
10:05:21  [strona WWW] polecenie RPC.Ping
10:05:32  [strona WWW] polecenie RPC.Ping
10:05:43  [strona WWW] polecenie RPC.Ping
10:05:54  [strona WWW] polecenie RPC.Ping
10:06:05  [strona WWW] polecenie RPC.Ping
10:06:16  [strona WWW] polecenie RPC.Ping
10:06:27  [strona WWW] polecenie RPC.Ping
10:06:38  [strona WWW] polecenie RPC.Ping
10:06:49  [strona WWW] polecenie RPC.Ping
10:07:00  [strona WWW] polecenie RPC.Ping
10:07:11  [strona WWW] polecenie RPC.Ping
10:07:22  [strona WWW] polecenie RPC.Ping
10:07:36  [SHC] polecenie service.getinfo
10:07:36  [SHC] polecenie shc.channelready
10:07:47  [strona WWW] polecenie RPC.Ping
10:07:58  [strona WWW] polecenie RPC.Ping
10:08:09  [strona WWW] polecenie RPC.Ping
10:08:20  [strona WWW] polecenie RPC.Ping
10:08:31  [strona WWW] polecenie RPC.Ping
10:08:42  [strona WWW] polecenie RPC.Ping
10:08:53  [strona WWW] polecenie RPC.Ping
10:09:04  [strona WWW] polecenie RPC.Ping
10:09:15  [strona WWW] polecenie RPC.Ping
10:09:26  [strona WWW] polecenie RPC.Ping
10:09:37  [strona WWW] polecenie RPC.Ping
10:09:48  [strona WWW] polecenie RPC.Ping
10:09:59  [strona WWW] polecenie RPC.Ping
10:10:10  [strona WWW] polecenie RPC.Ping
10:10:21  [strona WWW] polecenie RPC.Ping
10:10:32  [strona WWW] polecenie RPC.Ping
10:10:43  [strona WWW] polecenie RPC.Ping
10:10:54  [strona WWW] polecenie RPC.Ping
10:11:05  [strona WWW] polecenie RPC.Ping
10:11:16  [strona WWW] polecenie RPC.Ping
10:11:18      TMCU: D shelly_tmcu.cpp:598     RX: 0x07 v=3 [1802000400000014] (state Ready)
10:11:27  [strona WWW] polecenie RPC.Ping
10:11:38  [strona WWW] polecenie RPC.Ping
10:11:49  [strona WWW] polecenie RPC.Ping
10:12:00  [strona WWW] polecenie RPC.Ping
10:12:11  [strona WWW] polecenie RPC.Ping
10:12:22  [strona WWW] polecenie RPC.Ping
10:12:33  [strona WWW] polecenie RPC.Ping
10:12:44  [strona WWW] polecenie RPC.Ping
10:12:55  [strona WWW] polecenie RPC.Ping
10:13:06  [strona WWW] polecenie RPC.Ping
10:13:17  [strona WWW] polecenie RPC.Ping
10:13:28  [strona WWW] polecenie RPC.Ping
10:13:39  [strona WWW] polecenie RPC.Ping
10:13:50  [strona WWW] polecenie RPC.Ping
10:14:01  [strona WWW] polecenie RPC.Ping
10:14:12  [strona WWW] polecenie RPC.Ping
10:14:23  [strona WWW] polecenie RPC.Ping
10:14:34  [strona WWW] polecenie RPC.Ping
10:14:45  [strona WWW] polecenie RPC.Ping
10:14:56  [strona WWW] polecenie RPC.Ping
10:15:07  [strona WWW] polecenie RPC.Ping
10:15:18  [strona WWW] polecenie RPC.Ping
10:15:29  [strona WWW] polecenie RPC.Ping
10:15:40  [strona WWW] polecenie RPC.Ping
10:15:51  [strona WWW] polecenie RPC.Ping
10:16:02  [strona WWW] polecenie RPC.Ping
10:16:13  [strona WWW] polecenie RPC.Ping
10:16:24  [strona WWW] polecenie RPC.Ping
10:16:35  [strona WWW] polecenie RPC.Ping
10:16:46  [strona WWW] polecenie RPC.Ping
10:16:57  [strona WWW] polecenie RPC.Ping
10:17:08  [strona WWW] polecenie RPC.Ping
10:17:19  [strona WWW] polecenie RPC.Ping
10:17:30  [strona WWW] polecenie RPC.Ping
10:17:39      TMCU: D shelly_tmcu.cpp:598     RX: 0x07 v=3 [1802000400000015] (state Ready)
10:17:39      TMCU: D shelly_tmcu.cpp:860     upd int 24 = 21
10:17:39      TMCU: D shelly_tmcu.cpp:79      Tmcu Event 4 (0x3fca0d80)
10:17:50  [strona WWW] polecenie RPC.Ping
10:18:41  Log przez Wi-Fi: brak połączenia (45 s bez żadnego wiersza logu); ponawiam za 5 s
10:18:46  Log przez Wi-Fi: połączono z 192.168.0.238
10:18:52  [strona WWW] polecenie RPC.Ping
10:19:03  [strona WWW] polecenie RPC.Ping
10:19:14  [strona WWW] polecenie RPC.Ping
10:19:25  [strona WWW] polecenie RPC.Ping
10:19:36  [strona WWW] polecenie RPC.Ping
10:19:47  [strona WWW] polecenie RPC.Ping
10:19:58  [strona WWW] polecenie RPC.Ping
10:20:09  [strona WWW] polecenie RPC.Ping
10:20:20  [strona WWW] polecenie RPC.Ping
10:20:31  [strona WWW] polecenie RPC.Ping
10:20:42  [strona WWW] polecenie RPC.Ping
10:20:53  [strona WWW] polecenie RPC.Ping
10:21:04  [strona WWW] polecenie RPC.Ping
10:21:15  [strona WWW] polecenie RPC.Ping
10:21:26  [strona WWW] polecenie RPC.Ping
10:21:37  [strona WWW] polecenie RPC.Ping
10:21:48  [strona WWW] polecenie RPC.Ping
10:21:59  [strona WWW] polecenie RPC.Ping
10:22:10  [strona WWW] polecenie RPC.Ping
10:22:21  [strona WWW] polecenie RPC.Ping
10:22:32  [strona WWW] polecenie RPC.Ping
10:22:43  [strona WWW] polecenie RPC.Ping
10:22:54  [strona WWW] polecenie RPC.Ping
10:23:05  [strona WWW] polecenie RPC.Ping
10:23:16  [strona WWW] polecenie RPC.Ping
10:23:27  [strona WWW] polecenie RPC.Ping
10:23:38  [strona WWW] polecenie RPC.Ping
10:23:49  [strona WWW] polecenie RPC.Ping
10:24:00  [strona WWW] polecenie RPC.Ping
10:24:01      TMCU: D shelly_tmcu.cpp:598     RX: 0x07 v=3 [1802000400000015] (state Ready)
10:24:11  [strona WWW] polecenie RPC.Ping
10:24:22  [strona WWW] polecenie RPC.Ping
10:24:33  [strona WWW] polecenie RPC.Ping
10:24:44  [strona WWW] polecenie RPC.Ping
10:24:55  [strona WWW] polecenie RPC.Ping
10:25:06  [strona WWW] polecenie RPC.Ping
10:25:17  [strona WWW] polecenie RPC.Ping
10:25:28  [strona WWW] polecenie RPC.Ping
10:25:39  [strona WWW] polecenie RPC.Ping
10:25:50  [strona WWW] polecenie RPC.Ping
10:26:01  [strona WWW] polecenie RPC.Ping
10:26:12  [strona WWW] polecenie RPC.Ping
10:26:23  [strona WWW] polecenie RPC.Ping
10:26:34  [strona WWW] polecenie RPC.Ping
10:26:45  [strona WWW] polecenie RPC.Ping
10:26:56  [strona WWW] polecenie RPC.Ping
10:27:07  [strona WWW] polecenie RPC.Ping
10:27:18  [strona WWW] polecenie RPC.Ping
10:27:29  [strona WWW] polecenie RPC.Ping
10:27:40  [strona WWW] polecenie RPC.Ping
10:27:51  [strona WWW] polecenie RPC.Ping
10:28:02  [strona WWW] polecenie RPC.Ping
10:28:13  [strona WWW] polecenie RPC.Ping
10:28:24  [strona WWW] polecenie RPC.Ping
10:28:35  [strona WWW] polecenie RPC.Ping
10:28:46  [strona WWW] polecenie RPC.Ping
10:28:57  [strona WWW] polecenie RPC.Ping
10:29:08  [strona WWW] polecenie RPC.Ping
10:29:19  [strona WWW] polecenie RPC.Ping
10:29:19      TMCU: D shelly_tmcu.cpp:890     TX: 0x34 v=3 [02ff1a0a050a1d2201] (Ready)
10:29:30  [strona WWW] polecenie RPC.Ping
10:29:41  [strona WWW] polecenie RPC.Ping
10:29:52  [strona WWW] polecenie RPC.Ping
10:30:03  [strona WWW] polecenie RPC.Ping
10:30:14  [strona WWW] polecenie RPC.Ping
10:30:22      TMCU: D shelly_tmcu.cpp:598     RX: 0x07 v=3 [1802000400000015] (state Ready)
10:30:25  [strona WWW] polecenie RPC.Ping
10:30:36  [strona WWW] polecenie RPC.Ping
10:30:47  [strona WWW] polecenie RPC.Ping
10:30:58  [strona WWW] polecenie RPC.Ping
10:31:09  [strona WWW] polecenie RPC.Ping
10:31:20  [strona WWW] polecenie RPC.Ping
10:31:31  [strona WWW] polecenie RPC.Ping
10:31:42  [strona WWW] polecenie RPC.Ping
10:31:53  [strona WWW] polecenie RPC.Ping
10:32:04  [strona WWW] polecenie RPC.Ping
10:32:15  [strona WWW] polecenie RPC.Ping
10:32:26  [strona WWW] polecenie RPC.Ping
10:32:37  [strona WWW] polecenie RPC.Ping
10:32:48  [strona WWW] polecenie RPC.Ping
10:32:59  [strona WWW] polecenie RPC.Ping
10:33:10  [strona WWW] polecenie RPC.Ping
10:33:21  [strona WWW] polecenie RPC.Ping
10:33:32  [strona WWW] polecenie RPC.Ping
10:33:43  [strona WWW] polecenie RPC.Ping
10:33:54  [strona WWW] polecenie RPC.Ping
10:34:05  [strona WWW] polecenie RPC.Ping
10:34:16  [strona WWW] polecenie RPC.Ping
10:34:27  [strona WWW] polecenie RPC.Ping
10:34:38  [strona WWW] polecenie RPC.Ping
10:34:49  [strona WWW] polecenie RPC.Ping
10:35:00  [strona WWW] polecenie RPC.Ping
10:35:11  [strona WWW] polecenie RPC.Ping
10:35:22  [strona WWW] polecenie RPC.Ping
10:35:33  [strona WWW] polecenie RPC.Ping
10:35:44  [strona WWW] polecenie RPC.Ping
10:35:55  [strona WWW] polecenie RPC.Ping
10:36:06  [strona WWW] polecenie RPC.Ping
10:36:17  [strona WWW] polecenie RPC.Ping
10:36:28  [strona WWW] polecenie RPC.Ping
10:36:39  [strona WWW] polecenie RPC.Ping
10:36:43      TMCU: D shelly_tmcu.cpp:598     RX: 0x07 v=3 [1802000400000015] (state Ready)
10:36:50  [strona WWW] polecenie RPC.Ping
10:37:01  [strona WWW] polecenie RPC.Ping
10:37:12  [strona WWW] polecenie RPC.Ping
10:37:23  [strona WWW] polecenie RPC.Ping
10:37:34  [strona WWW] polecenie RPC.Ping
10:37:45  [strona WWW] polecenie RPC.Ping
10:37:56  [strona WWW] polecenie RPC.Ping
10:38:07  [strona WWW] polecenie RPC.Ping
10:38:18  [strona WWW] polecenie RPC.Ping
10:38:29  [strona WWW] polecenie RPC.Ping
10:38:40  [strona WWW] polecenie RPC.Ping
10:38:51  [strona WWW] polecenie RPC.Ping
10:39:02  [strona WWW] polecenie RPC.Ping
10:39:13  [strona WWW] polecenie RPC.Ping
10:39:24  [strona WWW] polecenie RPC.Ping
10:39:35  [strona WWW] polecenie RPC.Ping
10:39:46  [strona WWW] polecenie RPC.Ping
10:39:57  [strona WWW] polecenie RPC.Ping
10:40:08  [strona WWW] polecenie RPC.Ping
10:40:19  [strona WWW] polecenie RPC.Ping
10:40:30  [strona WWW] polecenie RPC.Ping
10:40:41  [strona WWW] polecenie RPC.Ping
10:40:52  [strona WWW] polecenie RPC.Ping
10:41:03  [strona WWW] polecenie RPC.Ping
10:41:14  [strona WWW] polecenie RPC.Ping
10:41:25  [strona WWW] polecenie RPC.Ping
10:41:36  [strona WWW] polecenie RPC.Ping
10:41:47  [strona WWW] polecenie RPC.Ping
10:41:58  [strona WWW] polecenie RPC.Ping
10:42:09  [strona WWW] polecenie RPC.Ping
10:42:20  [strona WWW] polecenie RPC.Ping
10:42:31  [strona WWW] polecenie RPC.Ping
10:42:42  [strona WWW] polecenie RPC.Ping
10:42:53  [strona WWW] polecenie RPC.Ping
10:43:03      TMCU: D shelly_tmcu.cpp:598     RX: 0x07 v=3 [1802000400000015] (state Ready)
10:43:04  [strona WWW] polecenie RPC.Ping
10:43:15  [strona WWW] polecenie RPC.Ping
10:43:26  [strona WWW] polecenie RPC.Ping
10:43:37  [strona WWW] polecenie RPC.Ping
10:43:48  [strona WWW] polecenie RPC.Ping
10:43:59  [strona WWW] polecenie RPC.Ping
10:44:10  [strona WWW] polecenie RPC.Ping
10:44:21  [strona WWW] polecenie RPC.Ping
10:44:32  [strona WWW] polecenie RPC.Ping
10:44:43  [strona WWW] polecenie RPC.Ping
10:44:54  [strona WWW] polecenie RPC.Ping
10:45:05  [strona WWW] polecenie RPC.Ping
10:45:16  [strona WWW] polecenie RPC.Ping
10:45:27  [strona WWW] polecenie RPC.Ping
10:45:38  [strona WWW] polecenie RPC.Ping
10:45:49  [strona WWW] polecenie RPC.Ping
10:46:00  [strona WWW] polecenie RPC.Ping
10:46:11  [strona WWW] polecenie RPC.Ping
10:46:22  [strona WWW] polecenie RPC.Ping
10:46:33  [strona WWW] polecenie RPC.Ping
10:46:44  [strona WWW] polecenie RPC.Ping
10:46:55  [strona WWW] polecenie RPC.Ping
10:47:06  [strona WWW] polecenie RPC.Ping
10:47:17  [strona WWW] polecenie RPC.Ping
10:47:28  [strona WWW] polecenie RPC.Ping
10:47:39  [strona WWW] polecenie RPC.Ping
10:47:50  [strona WWW] polecenie RPC.Ping
10:48:01  [strona WWW] polecenie RPC.Ping
10:48:12  [strona WWW] polecenie RPC.Ping
10:48:23  [strona WWW] polecenie RPC.Ping
10:48:34  [strona WWW] polecenie RPC.Ping
10:48:45  [strona WWW] polecenie RPC.Ping
10:48:56  [strona WWW] polecenie RPC.Ping
10:49:07  [strona WWW] polecenie RPC.Ping
10:49:18  [strona WWW] polecenie RPC.Ping
10:49:24      TMCU: D shelly_tmcu.cpp:598     RX: 0x07 v=3 [1802000400000015] (state Ready)
10:49:29  [strona WWW] polecenie RPC.Ping
10:49:40  [strona WWW] polecenie RPC.Ping
10:49:51  [strona WWW] polecenie RPC.Ping
10:49:58  Q11: mikrokontroler nie odpowiada (Heartbeat timed out); kolejne takie same pomijam
10:49:58      TMCU: D shelly_tmcu.cpp:79      Tmcu Event 1 (0x3fca0ef8)
10:49:59  Q11: mikrokontroler się odezwał
10:49:59      TMCU: D shelly_tmcu.cpp:598     RX: 0x00 v=3 [01] (state Ready)
10:50:02  [strona WWW] polecenie RPC.Ping
10:50:13  [strona WWW] polecenie RPC.Ping
10:50:24  [strona WWW] polecenie RPC.Ping
10:50:35  [strona WWW] polecenie RPC.Ping
10:50:46  [strona WWW] polecenie RPC.Ping
10:50:57  [strona WWW] polecenie RPC.Ping
10:51:08  [strona WWW] polecenie RPC.Ping
10:51:19  [strona WWW] polecenie RPC.Ping
10:51:30  [strona WWW] polecenie RPC.Ping
10:51:41  [strona WWW] polecenie RPC.Ping
10:51:52  [strona WWW] polecenie RPC.Ping
10:52:03  [strona WWW] polecenie RPC.Ping
10:52:14  [strona WWW] polecenie RPC.Ping
10:52:25  [strona WWW] polecenie RPC.Ping
10:52:36  [strona WWW] polecenie RPC.Ping
10:52:47  [strona WWW] polecenie RPC.Ping
10:52:58  [strona WWW] polecenie RPC.Ping
10:53:09  [strona WWW] polecenie RPC.Ping
10:53:20  [strona WWW] polecenie RPC.Ping
10:53:31  [strona WWW] polecenie RPC.Ping
10:53:42  [strona WWW] polecenie RPC.Ping
10:53:53  [strona WWW] polecenie RPC.Ping
10:54:04  [strona WWW] polecenie RPC.Ping
10:54:15  [strona WWW] polecenie RPC.Ping
10:54:26  [strona WWW] polecenie RPC.Ping
10:54:37  [strona WWW] polecenie RPC.Ping
10:54:48  [strona WWW] polecenie RPC.Ping
10:54:59  [strona WWW] polecenie RPC.Ping
10:55:10  [strona WWW] polecenie RPC.Ping
10:55:21  [strona WWW] polecenie RPC.Ping
10:55:32  [strona WWW] polecenie RPC.Ping
10:55:43  [strona WWW] polecenie RPC.Ping
10:55:45      TMCU: D shelly_tmcu.cpp:598     RX: 0x07 v=3 [1802000400000015] (state Ready)
10:55:54  [strona WWW] polecenie RPC.Ping
10:56:05  [strona WWW] polecenie RPC.Ping
10:56:16  [strona WWW] polecenie RPC.Ping
10:56:27  [strona WWW] polecenie RPC.Ping
10:56:28      TMCU: D shelly_tmcu.cpp:890     TX: 0x34 v=3 [02ff1a0a050a382b01] (Ready)
10:56:40  [strona WWW] polecenie RPC.Ping
10:56:51  [strona WWW] polecenie RPC.Ping
10:57:02  [strona WWW] polecenie RPC.Ping
10:57:13  [strona WWW] polecenie RPC.Ping
10:57:24  [strona WWW] polecenie RPC.Ping
10:57:35  [strona WWW] polecenie RPC.Ping
10:57:46  [strona WWW] polecenie RPC.Ping
10:57:57  [strona WWW] polecenie RPC.Ping
10:58:08  [strona WWW] polecenie RPC.Ping
10:58:19  [strona WWW] polecenie RPC.Ping
10:58:30  [strona WWW] polecenie RPC.Ping
10:58:41  [strona WWW] polecenie RPC.Ping
10:58:52  [strona WWW] polecenie RPC.Ping
10:59:03  [strona WWW] polecenie RPC.Ping
10:59:14  [strona WWW] polecenie RPC.Ping
10:59:25  [strona WWW] polecenie RPC.Ping
10:59:36  [strona WWW] polecenie RPC.Ping
10:59:47  [strona WWW] polecenie RPC.Ping
10:59:58  [strona WWW] polecenie RPC.Ping
11:00:09  [strona WWW] polecenie RPC.Ping
11:00:20  [strona WWW] polecenie RPC.Ping
11:00:31  [strona WWW] polecenie RPC.Ping
11:00:42  [strona WWW] polecenie RPC.Ping
11:00:53  [strona WWW] polecenie RPC.Ping
11:01:04  [strona WWW] polecenie RPC.Ping
11:01:15  [strona WWW] polecenie RPC.Ping
11:01:26  [strona WWW] polecenie RPC.Ping
11:01:37  [strona WWW] polecenie RPC.Ping
11:01:48  [strona WWW] polecenie RPC.Ping
11:01:59  [strona WWW] polecenie RPC.Ping
11:02:06      TMCU: D shelly_tmcu.cpp:598     RX: 0x07 v=3 [1802000400000015] (state Ready)
11:02:10  [strona WWW] polecenie RPC.Ping
11:02:21  [strona WWW] polecenie RPC.Ping
11:02:32  [strona WWW] polecenie RPC.Ping
11:02:43  [strona WWW] polecenie RPC.Ping
11:02:54  [strona WWW] polecenie RPC.Ping
11:03:05  [strona WWW] polecenie RPC.Ping
11:03:16  [strona WWW] polecenie RPC.Ping
11:03:27  [strona WWW] polecenie RPC.Ping
11:03:38  [strona WWW] polecenie RPC.Ping
11:03:49  [strona WWW] polecenie RPC.Ping
11:04:00  [strona WWW] polecenie RPC.Ping
11:04:11  [strona WWW] polecenie RPC.Ping
11:04:22  [strona WWW] polecenie RPC.Ping
11:04:33  [strona WWW] polecenie RPC.Ping
11:04:44  [strona WWW] polecenie RPC.Ping
11:04:55  [strona WWW] polecenie RPC.Ping
11:05:06  [strona WWW] polecenie RPC.Ping
11:05:17  [strona WWW] polecenie RPC.Ping
11:05:28  [strona WWW] polecenie RPC.Ping
11:05:39  [strona WWW] polecenie RPC.Ping
11:05:50  [strona WWW] polecenie RPC.Ping
11:06:01  [strona WWW] polecenie RPC.Ping
11:06:12  [strona WWW] polecenie RPC.Ping
11:06:23  [strona WWW] polecenie RPC.Ping
11:06:34  [strona WWW] polecenie RPC.Ping
11:06:45  [strona WWW] polecenie RPC.Ping
11:06:56  [strona WWW] polecenie RPC.Ping
11:07:07  [strona WWW] polecenie RPC.Ping
11:07:18  [strona WWW] polecenie RPC.Ping
11:07:29  [strona WWW] polecenie RPC.Ping
11:07:40  [strona WWW] polecenie RPC.Ping
11:07:51  [strona WWW] polecenie RPC.Ping
11:08:02  [strona WWW] polecenie RPC.Ping
11:08:13  [strona WWW] polecenie RPC.Ping
11:08:24  [strona WWW] polecenie RPC.Ping
11:08:27      TMCU: D shelly_tmcu.cpp:598     RX: 0x07 v=3 [1802000400000015] (state Ready)
11:08:35  [strona WWW] polecenie RPC.Ping
11:08:46  [strona WWW] polecenie RPC.Ping
11:08:57  [strona WWW] polecenie RPC.Ping
11:09:08  [strona WWW] polecenie RPC.Ping
11:09:19  [strona WWW] polecenie RPC.Ping
11:09:30  [strona WWW] polecenie RPC.Ping
11:09:41  [strona WWW] polecenie RPC.Ping
11:09:52  [strona WWW] polecenie RPC.Ping
11:10:03  [strona WWW] polecenie RPC.Ping
11:10:14  [strona WWW] polecenie RPC.Ping
11:10:25  [strona WWW] polecenie RPC.Ping
11:10:36  [strona WWW] polecenie RPC.Ping
11:10:47  [strona WWW] polecenie RPC.Ping
11:10:58  [strona WWW] polecenie RPC.Ping
11:11:09  [strona WWW] polecenie RPC.Ping
11:11:20  [strona WWW] polecenie RPC.Ping
11:11:31  [strona WWW] polecenie RPC.Ping
11:11:42  [strona WWW] polecenie RPC.Ping
11:11:53  [strona WWW] polecenie RPC.Ping
11:12:04  [strona WWW] polecenie RPC.Ping
11:12:15  [strona WWW] polecenie RPC.Ping
11:12:26  [strona WWW] polecenie RPC.Ping
11:12:37  [strona WWW] polecenie RPC.Ping
11:12:48  [strona WWW] polecenie RPC.Ping
11:12:59  [strona WWW] polecenie RPC.Ping
11:13:10  [strona WWW] polecenie RPC.Ping
11:13:21  [strona WWW] polecenie RPC.Ping
11:13:32  [strona WWW] polecenie RPC.Ping
11:13:43  [strona WWW] polecenie RPC.Ping
11:13:54  [strona WWW] polecenie RPC.Ping
11:14:05  [strona WWW] polecenie RPC.Ping
11:14:16  [strona WWW] polecenie RPC.Ping
11:14:27  [strona WWW] polecenie RPC.Ping
11:14:38  [strona WWW] polecenie RPC.Ping
11:14:48      TMCU: D shelly_tmcu.cpp:598     RX: 0x07 v=3 [1802000400000015] (state Ready)
11:14:49  [strona WWW] polecenie RPC.Ping
11:15:00  [strona WWW] polecenie RPC.Ping
11:15:11  [strona WWW] polecenie RPC.Ping
11:15:22  [strona WWW] polecenie RPC.Ping
11:15:33  [strona WWW] polecenie RPC.Ping
11:15:44  [strona WWW] polecenie RPC.Ping
11:15:55  [strona WWW] polecenie RPC.Ping
11:16:06  [strona WWW] polecenie RPC.Ping
11:16:17  [strona WWW] polecenie RPC.Ping
11:16:28  [strona WWW] polecenie RPC.Ping
11:16:39  [strona WWW] polecenie RPC.Ping
11:16:50  [strona WWW] polecenie RPC.Ping
11:17:01  [strona WWW] polecenie RPC.Ping
11:17:12  [strona WWW] polecenie RPC.Ping
11:17:23  [strona WWW] polecenie RPC.Ping
11:17:34  [strona WWW] polecenie RPC.Ping
11:17:45  [strona WWW] polecenie RPC.Ping
11:17:56  [strona WWW] polecenie RPC.Ping
11:18:07  [strona WWW] polecenie RPC.Ping
11:18:18  [strona WWW] polecenie RPC.Ping
11:18:29  [strona WWW] polecenie RPC.Ping
11:18:40  [strona WWW] polecenie RPC.Ping
11:18:51  [strona WWW] polecenie RPC.Ping
11:19:02  [strona WWW] polecenie RPC.Ping
11:19:13  [strona WWW] polecenie RPC.Ping
11:19:24  [strona WWW] polecenie RPC.Ping
11:19:35  [strona WWW] polecenie RPC.Ping
11:19:46  [strona WWW] polecenie RPC.Ping
11:19:57  [strona WWW] polecenie RPC.Ping
11:20:08  [strona WWW] polecenie RPC.Ping
11:20:19  [strona WWW] polecenie RPC.Ping
11:20:30  [strona WWW] polecenie RPC.Ping
11:20:41  [strona WWW] polecenie RPC.Ping
11:20:52  [strona WWW] polecenie RPC.Ping
11:21:03  [strona WWW] polecenie RPC.Ping
11:21:08      TMCU: D shelly_tmcu.cpp:598     RX: 0x07 v=3 [1802000400000015] (state Ready)
11:21:14  [strona WWW] polecenie RPC.Ping
11:21:25  [strona WWW] polecenie RPC.Ping
11:21:36  [strona WWW] polecenie RPC.Ping
11:21:47  [strona WWW] polecenie RPC.Ping
11:21:58  [strona WWW] polecenie RPC.Ping
11:22:09  [strona WWW] polecenie RPC.Ping
11:22:20  [strona WWW] polecenie RPC.Ping
11:22:31  [strona WWW] polecenie RPC.Ping
11:22:42  [strona WWW] polecenie RPC.Ping
11:22:53  [strona WWW] polecenie RPC.Ping
11:23:04  [strona WWW] polecenie RPC.Ping
11:23:15  [strona WWW] polecenie RPC.Ping
11:23:26  [strona WWW] polecenie RPC.Ping
11:23:37  [strona WWW] polecenie RPC.Ping
11:23:48  [strona WWW] polecenie RPC.Ping
11:23:59  [strona WWW] polecenie RPC.Ping
11:24:10  [strona WWW] polecenie RPC.Ping
11:24:21  [strona WWW] polecenie RPC.Ping
11:24:32  [strona WWW] polecenie RPC.Ping
11:24:43  [strona WWW] polecenie RPC.Ping
11:24:54  [strona WWW] polecenie RPC.Ping
11:25:05  [strona WWW] polecenie RPC.Ping
11:25:16  [strona WWW] polecenie RPC.Ping
11:25:27  [strona WWW] polecenie RPC.Ping
11:25:38  [strona WWW] polecenie RPC.Ping
11:25:49  [strona WWW] polecenie RPC.Ping
11:26:00  [strona WWW] polecenie RPC.Ping
11:26:11  [strona WWW] polecenie RPC.Ping
11:26:22  [strona WWW] polecenie RPC.Ping
11:26:33  [strona WWW] polecenie RPC.Ping
11:26:44  [strona WWW] polecenie RPC.Ping
11:26:55  [strona WWW] polecenie RPC.Ping
11:27:06  [strona WWW] polecenie RPC.Ping
11:27:17  [strona WWW] polecenie RPC.Ping
11:27:28  [strona WWW] polecenie RPC.Ping
11:27:29      TMCU: D shelly_tmcu.cpp:598     RX: 0x07 v=3 [1802000400000015] (state Ready)
11:27:39  [strona WWW] polecenie RPC.Ping
11:27:50  [strona WWW] polecenie RPC.Ping
11:27:53      TMCU: D shelly_tmcu.cpp:890     TX: 0x34 v=3 [02ff1a0a050b1c0901] (Ready)
11:28:05  [strona WWW] polecenie RPC.Ping
11:28:16  [strona WWW] polecenie RPC.Ping
11:28:27  [strona WWW] polecenie RPC.Ping
11:28:38  [strona WWW] polecenie RPC.Ping
11:28:49  [strona WWW] polecenie RPC.Ping
11:29:00  [strona WWW] polecenie RPC.Ping
11:29:11  [strona WWW] polecenie RPC.Ping
11:29:22  [strona WWW] polecenie RPC.Ping
11:29:33  [strona WWW] polecenie RPC.Ping
11:29:44  [strona WWW] polecenie RPC.Ping
11:29:55  [strona WWW] polecenie RPC.Ping
11:30:06  [strona WWW] polecenie RPC.Ping
11:30:17  [strona WWW] polecenie RPC.Ping
11:30:28  [strona WWW] polecenie RPC.Ping
11:30:39  [strona WWW] polecenie RPC.Ping
11:30:50  [strona WWW] polecenie RPC.Ping
11:31:01  [strona WWW] polecenie RPC.Ping
11:31:12  [strona WWW] polecenie RPC.Ping
11:31:23  [strona WWW] polecenie RPC.Ping
11:31:34  [strona WWW] polecenie RPC.Ping
11:31:45  [strona WWW] polecenie RPC.Ping
11:31:56  [strona WWW] polecenie RPC.Ping
11:32:07  [strona WWW] polecenie RPC.Ping
11:32:18  [strona WWW] polecenie RPC.Ping
11:32:29  [strona WWW] polecenie RPC.Ping
11:32:40  [strona WWW] polecenie RPC.Ping
11:32:51  [strona WWW] polecenie RPC.Ping
11:33:02  [strona WWW] polecenie RPC.Ping
11:33:13  [strona WWW] polecenie RPC.Ping
11:33:24  [strona WWW] polecenie RPC.Ping
11:33:35  [strona WWW] polecenie RPC.Ping
11:33:46  [strona WWW] polecenie RPC.Ping
11:33:50      TMCU: D shelly_tmcu.cpp:598     RX: 0x07 v=3 [1802000400000015] (state Ready)
11:33:57  [strona WWW] polecenie RPC.Ping
11:34:08  [strona WWW] polecenie RPC.Ping
11:34:19  [strona WWW] polecenie RPC.Ping
11:34:30  [strona WWW] polecenie RPC.Ping
11:34:41  [strona WWW] polecenie RPC.Ping
11:34:52  [strona WWW] polecenie RPC.Ping
11:35:03  [strona WWW] polecenie RPC.Ping
11:35:14  [strona WWW] polecenie RPC.Ping
11:35:25  [strona WWW] polecenie RPC.Ping
11:35:36  [strona WWW] polecenie RPC.Ping
11:35:47  [strona WWW] polecenie RPC.Ping
11:35:58  [strona WWW] polecenie RPC.Ping
11:36:09  [strona WWW] polecenie RPC.Ping
11:36:20  [strona WWW] polecenie RPC.Ping
11:36:31  [strona WWW] polecenie RPC.Ping
11:36:42  [strona WWW] polecenie RPC.Ping
11:36:53  [strona WWW] polecenie RPC.Ping
11:37:04  [strona WWW] polecenie RPC.Ping
11:37:15  [strona WWW] polecenie RPC.Ping
11:37:26  [strona WWW] polecenie RPC.Ping
11:37:37  [strona WWW] polecenie RPC.Ping
11:37:48  [strona WWW] polecenie RPC.Ping
11:37:59  [strona WWW] polecenie RPC.Ping
11:38:10  [strona WWW] polecenie RPC.Ping
11:38:21  [strona WWW] polecenie RPC.Ping
11:38:32  [strona WWW] polecenie RPC.Ping
11:38:43  [strona WWW] polecenie RPC.Ping
11:38:54  [strona WWW] polecenie RPC.Ping
11:39:05  [strona WWW] polecenie RPC.Ping
11:39:16  [strona WWW] polecenie RPC.Ping
11:39:27  [strona WWW] polecenie RPC.Ping
11:39:38  [strona WWW] polecenie RPC.Ping
11:39:49  [strona WWW] polecenie RPC.Ping
11:40:00  [strona WWW] polecenie RPC.Ping
11:40:11  [strona WWW] polecenie RPC.Ping
11:40:11      TMCU: D shelly_tmcu.cpp:598     RX: 0x07 v=3 [1802000400000015] (state Ready)
11:40:22  [strona WWW] polecenie RPC.Ping
11:40:33  [strona WWW] polecenie RPC.Ping
11:40:44  [strona WWW] polecenie RPC.Ping
11:40:55  [strona WWW] polecenie RPC.Ping
11:41:06  [strona WWW] polecenie RPC.Ping
11:41:17  [strona WWW] polecenie RPC.Ping
11:41:28  [strona WWW] polecenie RPC.Ping
11:41:39  [strona WWW] polecenie RPC.Ping
11:41:50  [strona WWW] polecenie RPC.Ping
11:42:01  [strona WWW] polecenie RPC.Ping
11:42:12  [strona WWW] polecenie RPC.Ping
11:42:23  [strona WWW] polecenie RPC.Ping
11:42:34  [strona WWW] polecenie RPC.Ping
11:42:45  [strona WWW] polecenie RPC.Ping
11:42:56  [strona WWW] polecenie RPC.Ping
11:43:07  [strona WWW] polecenie RPC.Ping
11:43:18  [strona WWW] polecenie RPC.Ping
11:43:29  [strona WWW] polecenie RPC.Ping
11:43:40  [strona WWW] polecenie RPC.Ping
11:43:51  [strona WWW] polecenie RPC.Ping
11:44:02  [strona WWW] polecenie RPC.Ping
11:44:13  [strona WWW] polecenie RPC.Ping
11:44:24  [strona WWW] polecenie RPC.Ping
11:44:35  [strona WWW] polecenie RPC.Ping
11:44:46  [strona WWW] polecenie RPC.Ping
11:44:57  [strona WWW] polecenie RPC.Ping
11:45:08  [strona WWW] polecenie RPC.Ping
11:45:19  [strona WWW] polecenie RPC.Ping
11:45:30  [strona WWW] polecenie RPC.Ping
11:45:41  [strona WWW] polecenie RPC.Ping
11:45:52  [strona WWW] polecenie RPC.Ping
11:46:03  [strona WWW] polecenie RPC.Ping
11:46:14  [strona WWW] polecenie RPC.Ping
11:46:25  [strona WWW] polecenie RPC.Ping
11:46:32      TMCU: D shelly_tmcu.cpp:598     RX: 0x07 v=3 [1802000400000015] (state Ready)
11:46:36  [strona WWW] polecenie RPC.Ping
11:46:47  [strona WWW] polecenie RPC.Ping
11:46:58  [strona WWW] polecenie RPC.Ping
11:47:09  [strona WWW] polecenie RPC.Ping
11:47:20  [strona WWW] polecenie RPC.Ping
11:47:31  [strona WWW] polecenie RPC.Ping
11:47:42  [strona WWW] polecenie RPC.Ping
11:47:53  [strona WWW] polecenie RPC.Ping
11:48:04  [strona WWW] polecenie RPC.Ping
11:48:15  [strona WWW] polecenie RPC.Ping
11:48:26  [strona WWW] polecenie RPC.Ping
11:48:37  [strona WWW] polecenie RPC.Ping
11:48:48  [strona WWW] polecenie RPC.Ping
11:48:59  [strona WWW] polecenie RPC.Ping
11:49:10  [strona WWW] polecenie RPC.Ping
11:49:21  [strona WWW] polecenie RPC.Ping
11:49:32  [strona WWW] polecenie RPC.Ping
11:49:43  [strona WWW] polecenie RPC.Ping
11:49:54  [strona WWW] polecenie RPC.Ping
11:50:05  [strona WWW] polecenie RPC.Ping
11:50:16  [strona WWW] polecenie RPC.Ping
11:50:27  [strona WWW] polecenie RPC.Ping
11:50:38  [strona WWW] polecenie RPC.Ping
11:50:49  [strona WWW] polecenie RPC.Ping
11:51:00  [strona WWW] polecenie RPC.Ping
11:51:11  [strona WWW] polecenie RPC.Ping
11:51:22  [strona WWW] polecenie RPC.Ping
11:51:33  [strona WWW] polecenie RPC.Ping
11:51:44  [strona WWW] polecenie RPC.Ping
11:51:55  [strona WWW] polecenie RPC.Ping
11:52:06  [strona WWW] polecenie RPC.Ping
11:52:17  [strona WWW] polecenie RPC.Ping
11:52:28  [strona WWW] polecenie RPC.Ping
11:52:39  [strona WWW] polecenie RPC.Ping
11:52:50  [strona WWW] polecenie RPC.Ping
11:52:53      TMCU: D shelly_tmcu.cpp:598     RX: 0x07 v=3 [1802000400000015] (state Ready)
11:53:01  [strona WWW] polecenie RPC.Ping
11:53:12  [strona WWW] polecenie RPC.Ping
11:53:23  [strona WWW] polecenie RPC.Ping
11:53:34  [strona WWW] polecenie RPC.Ping
11:53:45  [strona WWW] polecenie RPC.Ping
11:53:56  [strona WWW] polecenie RPC.Ping
11:54:07  [strona WWW] polecenie RPC.Ping
11:54:18  [strona WWW] polecenie RPC.Ping
11:54:29  [strona WWW] polecenie RPC.Ping
11:54:40  [strona WWW] polecenie RPC.Ping
11:54:51  [strona WWW] polecenie RPC.Ping
11:55:02  [strona WWW] polecenie RPC.Ping
11:55:13  [strona WWW] polecenie RPC.Ping
11:55:24  [strona WWW] polecenie RPC.Ping
11:55:35  [strona WWW] polecenie RPC.Ping
11:55:46  [strona WWW] polecenie RPC.Ping
11:55:57  [strona WWW] polecenie RPC.Ping
11:56:08  [strona WWW] polecenie RPC.Ping
11:56:19  [strona WWW] polecenie RPC.Ping
11:56:30  [strona WWW] polecenie RPC.Ping
11:56:41  [strona WWW] polecenie RPC.Ping
11:56:52  [strona WWW] polecenie RPC.Ping
11:57:03  [strona WWW] polecenie RPC.Ping
11:57:14  [strona WWW] polecenie RPC.Ping
11:57:25  [strona WWW] polecenie RPC.Ping
11:57:36  [strona WWW] polecenie RPC.Ping
11:57:47  [strona WWW] polecenie RPC.Ping
11:57:58  [strona WWW] polecenie RPC.Ping
11:58:09  [strona WWW] polecenie RPC.Ping
11:58:20  [strona WWW] polecenie RPC.Ping
11:58:31  [strona WWW] polecenie RPC.Ping
11:58:42  [strona WWW] polecenie RPC.Ping
11:58:53  [strona WWW] polecenie RPC.Ping
11:59:04  [strona WWW] polecenie RPC.Ping
11:59:14      TMCU: D shelly_tmcu.cpp:598     RX: 0x07 v=3 [1802000400000015] (state Ready)
11:59:15  [strona WWW] polecenie RPC.Ping
11:59:26  [strona WWW] polecenie RPC.Ping
11:59:37  [strona WWW] polecenie RPC.Ping
11:59:48  [strona WWW] polecenie RPC.Ping
11:59:59  [strona WWW] polecenie RPC.Ping
12:00:10  [strona WWW] polecenie RPC.Ping
12:00:21  [strona WWW] polecenie RPC.Ping
12:00:21      TMCU: D shelly_tmcu.cpp:890     TX: 0x34 v=3 [02ff1a0a050c002501] (Ready)
12:00:33  [strona WWW] polecenie RPC.Ping
12:00:44  [strona WWW] polecenie RPC.Ping
12:00:55  [strona WWW] polecenie RPC.Ping
12:01:06  [strona WWW] polecenie RPC.Ping
12:01:17  [strona WWW] polecenie RPC.Ping
12:01:28  [strona WWW] polecenie RPC.Ping
12:01:39  [strona WWW] polecenie RPC.Ping
12:01:50  [strona WWW] polecenie RPC.Ping
12:02:01  [strona WWW] polecenie RPC.Ping
12:02:12  [strona WWW] polecenie RPC.Ping
12:02:23  [strona WWW] polecenie RPC.Ping
12:02:34  [strona WWW] polecenie RPC.Ping
12:02:45  [strona WWW] polecenie RPC.Ping
12:02:56  [strona WWW] polecenie RPC.Ping
12:03:07  [strona WWW] polecenie RPC.Ping
12:03:18  [strona WWW] polecenie RPC.Ping
12:03:29  [strona WWW] polecenie RPC.Ping
12:03:40  [strona WWW] polecenie RPC.Ping
12:03:51  [strona WWW] polecenie RPC.Ping
12:04:02  [strona WWW] polecenie RPC.Ping
12:04:13  [strona WWW] polecenie RPC.Ping
12:04:24  [strona WWW] polecenie RPC.Ping
12:04:35  [strona WWW] polecenie RPC.Ping
12:04:46  [strona WWW] polecenie RPC.Ping
12:04:57  [strona WWW] polecenie RPC.Ping
12:05:08  [strona WWW] polecenie RPC.Ping
12:05:19  [strona WWW] polecenie RPC.Ping
12:05:30  [strona WWW] polecenie RPC.Ping
12:05:34      TMCU: D shelly_tmcu.cpp:598     RX: 0x07 v=3 [1802000400000015] (state Ready)
12:05:41  [strona WWW] polecenie RPC.Ping
12:05:52  [strona WWW] polecenie RPC.Ping
12:06:03  [strona WWW] polecenie RPC.Ping
12:06:14  [strona WWW] polecenie RPC.Ping
12:06:19  Q11: mikrokontroler nie odpowiada (Heartbeat timed out); kolejne takie same pomijam
12:06:19      TMCU: D shelly_tmcu.cpp:79      Tmcu Event 1 (0x3fca0ef8)
12:06:20  Q11: mikrokontroler się odezwał
12:06:20      TMCU: D shelly_tmcu.cpp:598     RX: 0x00 v=3 [01] (state Ready)
12:06:25  [strona WWW] polecenie RPC.Ping
12:06:36  [strona WWW] polecenie RPC.Ping
12:06:47  [strona WWW] polecenie RPC.Ping
12:06:58  [strona WWW] polecenie RPC.Ping
12:07:09  [strona WWW] polecenie RPC.Ping
12:07:20  [strona WWW] polecenie RPC.Ping
12:07:31  [strona WWW] polecenie RPC.Ping
12:07:42  [strona WWW] polecenie RPC.Ping
12:07:53  [strona WWW] polecenie RPC.Ping
12:08:04  [strona WWW] polecenie RPC.Ping
12:08:15  [strona WWW] polecenie RPC.Ping
12:08:26  [strona WWW] polecenie RPC.Ping
12:08:37  [strona WWW] polecenie RPC.Ping
12:08:48  [strona WWW] polecenie RPC.Ping
12:08:59  [strona WWW] polecenie RPC.Ping
12:09:10  [strona WWW] polecenie RPC.Ping
12:09:21  [strona WWW] polecenie RPC.Ping
12:09:32  [strona WWW] polecenie RPC.Ping
12:09:43  [strona WWW] polecenie RPC.Ping
12:09:54  [strona WWW] polecenie RPC.Ping
12:10:05  [strona WWW] polecenie RPC.Ping
12:10:16  [strona WWW] polecenie RPC.Ping
12:10:27  [strona WWW] polecenie RPC.Ping
12:10:38  [strona WWW] polecenie RPC.Ping
12:10:49  [strona WWW] polecenie RPC.Ping
12:11:00  [strona WWW] polecenie RPC.Ping
12:11:11  [strona WWW] polecenie RPC.Ping
12:11:22  [strona WWW] polecenie RPC.Ping
12:11:33  [strona WWW] polecenie RPC.Ping
12:11:44  [strona WWW] polecenie RPC.Ping
12:11:55  [strona WWW] polecenie RPC.Ping
12:11:55      TMCU: D shelly_tmcu.cpp:598     RX: 0x07 v=3 [1802000400000015] (state Ready)
12:12:06  [strona WWW] polecenie RPC.Ping
12:12:17  [strona WWW] polecenie RPC.Ping
12:12:28  [strona WWW] polecenie RPC.Ping
12:12:39  [strona WWW] polecenie RPC.Ping
12:12:50  [strona WWW] polecenie RPC.Ping
12:13:01  [strona WWW] polecenie RPC.Ping
12:13:12  [strona WWW] polecenie RPC.Ping
12:13:23  [strona WWW] polecenie RPC.Ping
12:13:34  [strona WWW] polecenie RPC.Ping
12:13:45  [strona WWW] polecenie RPC.Ping
12:13:56  [strona WWW] polecenie RPC.Ping
12:14:07  [strona WWW] polecenie RPC.Ping
12:14:18  [strona WWW] polecenie RPC.Ping
12:14:29  [strona WWW] polecenie RPC.Ping
12:14:40  [strona WWW] polecenie RPC.Ping
12:14:51  [strona WWW] polecenie RPC.Ping
12:15:02  [strona WWW] polecenie RPC.Ping
12:15:13  [strona WWW] polecenie RPC.Ping
12:15:24  [strona WWW] polecenie RPC.Ping
12:15:35  [strona WWW] polecenie RPC.Ping
12:15:46  [strona WWW] polecenie RPC.Ping
12:15:57  [strona WWW] polecenie RPC.Ping
12:16:08  [strona WWW] polecenie RPC.Ping
12:16:19  [strona WWW] polecenie RPC.Ping
12:16:30  [strona WWW] polecenie RPC.Ping
12:16:41  [strona WWW] polecenie RPC.Ping
12:16:52  [strona WWW] polecenie RPC.Ping
12:17:03  [strona WWW] polecenie RPC.Ping
12:17:14  [strona WWW] polecenie RPC.Ping
12:17:25  [strona WWW] polecenie RPC.Ping
12:17:36  [strona WWW] polecenie RPC.Ping
12:17:47  [strona WWW] polecenie RPC.Ping
12:17:58  [strona WWW] polecenie RPC.Ping
12:18:09  [strona WWW] polecenie RPC.Ping
12:18:16      TMCU: D shelly_tmcu.cpp:598     RX: 0x07 v=3 [1802000400000016] (state Ready)
12:18:16      TMCU: D shelly_tmcu.cpp:860     upd int 24 = 22
12:18:16      TMCU: D shelly_tmcu.cpp:79      Tmcu Event 4 (0x3fca0d80)
12:18:27  [strona WWW] polecenie RPC.Ping
12:18:38  [strona WWW] polecenie RPC.Ping
12:18:49  [strona WWW] polecenie RPC.Ping
12:19:00  [strona WWW] polecenie RPC.Ping
12:19:11  [strona WWW] polecenie RPC.Ping
12:19:22  [strona WWW] polecenie RPC.Ping
12:19:33  [strona WWW] polecenie RPC.Ping
12:19:44  [strona WWW] polecenie RPC.Ping
12:19:55  [strona WWW] polecenie RPC.Ping
12:20:06  [strona WWW] polecenie RPC.Ping
12:20:17  [strona WWW] polecenie RPC.Ping
12:20:28  [strona WWW] polecenie RPC.Ping
12:20:39  [strona WWW] polecenie RPC.Ping
12:20:50  [strona WWW] polecenie RPC.Ping
12:21:01  [strona WWW] polecenie RPC.Ping
12:21:12  [strona WWW] polecenie RPC.Ping
12:21:23  [strona WWW] polecenie RPC.Ping
12:21:34  [strona WWW] polecenie RPC.Ping
12:21:45  [strona WWW] polecenie RPC.Ping
12:21:56  [strona WWW] polecenie RPC.Ping
12:22:07  [strona WWW] polecenie RPC.Ping
12:22:18  [strona WWW] polecenie RPC.Ping
12:22:29  [strona WWW] polecenie RPC.Ping
12:22:40  [strona WWW] polecenie RPC.Ping
12:22:51  [strona WWW] polecenie RPC.Ping
12:23:02  [strona WWW] polecenie RPC.Ping
12:23:13  [strona WWW] polecenie RPC.Ping
12:23:24  [strona WWW] polecenie RPC.Ping
12:23:35  [strona WWW] polecenie RPC.Ping
12:23:46  [strona WWW] polecenie RPC.Ping
12:23:57  [strona WWW] polecenie RPC.Ping
12:24:08  [strona WWW] polecenie RPC.Ping
12:24:19  [strona WWW] polecenie RPC.Ping
12:24:30  [strona WWW] polecenie RPC.Ping
12:24:37      TMCU: D shelly_tmcu.cpp:598     RX: 0x07 v=3 [1802000400000016] (state Ready)
12:24:41  [strona WWW] polecenie RPC.Ping
12:24:52  [strona WWW] polecenie RPC.Ping
12:25:03  [strona WWW] polecenie RPC.Ping
12:25:14  [strona WWW] polecenie RPC.Ping
12:25:25  [strona WWW] polecenie RPC.Ping
12:25:36  [strona WWW] polecenie RPC.Ping
12:25:47  [strona WWW] polecenie RPC.Ping
12:25:58  [strona WWW] polecenie RPC.Ping
12:26:09  [strona WWW] polecenie RPC.Ping
12:26:20  [strona WWW] polecenie RPC.Ping
12:26:31  [strona WWW] polecenie RPC.Ping
12:26:42  [strona WWW] polecenie RPC.Ping
12:26:53  [strona WWW] polecenie RPC.Ping
12:27:04  [strona WWW] polecenie RPC.Ping
12:27:15  [strona WWW] polecenie RPC.Ping
12:27:26  [strona WWW] polecenie RPC.Ping
12:27:37  [strona WWW] polecenie RPC.Ping
12:27:48  [strona WWW] polecenie RPC.Ping
12:27:59  [strona WWW] polecenie RPC.Ping
12:28:10  [strona WWW] polecenie RPC.Ping
12:28:21  [strona WWW] polecenie RPC.Ping
12:28:32  [strona WWW] polecenie RPC.Ping
12:28:43  [strona WWW] polecenie RPC.Ping
12:28:54  [strona WWW] polecenie RPC.Ping
12:29:05  [strona WWW] polecenie RPC.Ping
12:29:16  [strona WWW] polecenie RPC.Ping
12:29:27  [strona WWW] polecenie RPC.Ping
12:29:38  [strona WWW] polecenie RPC.Ping
12:29:49  [strona WWW] polecenie RPC.Ping
12:30:00  [strona WWW] polecenie RPC.Ping
12:30:11  [strona WWW] polecenie RPC.Ping
12:30:22  [strona WWW] polecenie RPC.Ping
12:30:33  [strona WWW] polecenie RPC.Ping
12:30:44  [strona WWW] polecenie RPC.Ping
12:30:55  [strona WWW] polecenie RPC.Ping
12:30:58      TMCU: D shelly_tmcu.cpp:598     RX: 0x07 v=3 [1802000400000016] (state Ready)
12:31:06  [strona WWW] polecenie RPC.Ping
12:31:17  [strona WWW] polecenie RPC.Ping
12:31:28  [strona WWW] polecenie RPC.Ping
12:31:39  [strona WWW] polecenie RPC.Ping
12:31:50  [strona WWW] polecenie RPC.Ping
12:32:01  [strona WWW] polecenie RPC.Ping
12:32:12  [strona WWW] polecenie RPC.Ping
12:32:23  [strona WWW] polecenie RPC.Ping
12:32:34  [strona WWW] polecenie RPC.Ping
12:32:45  [strona WWW] polecenie RPC.Ping
12:32:48      TMCU: D shelly_tmcu.cpp:890     TX: 0x34 v=3 [02ff1a0a050c210301] (Ready)
12:33:00  [strona WWW] polecenie RPC.Ping
12:33:11  [strona WWW] polecenie RPC.Ping
12:33:22  [strona WWW] polecenie RPC.Ping
12:33:33  [strona WWW] polecenie RPC.Ping
12:33:44  [strona WWW] polecenie RPC.Ping
12:33:55  [strona WWW] polecenie RPC.Ping
12:34:06  [strona WWW] polecenie RPC.Ping
12:34:17  [strona WWW] polecenie RPC.Ping
12:34:28  [strona WWW] polecenie RPC.Ping
12:34:39  [strona WWW] polecenie RPC.Ping
12:34:50  [strona WWW] polecenie RPC.Ping
12:35:01  [strona WWW] polecenie RPC.Ping
12:35:12  [strona WWW] polecenie RPC.Ping
12:35:23  [strona WWW] polecenie RPC.Ping
12:35:34  [strona WWW] polecenie RPC.Ping
12:35:45  [strona WWW] polecenie RPC.Ping
12:35:56  [strona WWW] polecenie RPC.Ping
12:36:07  [strona WWW] polecenie RPC.Ping
12:36:18  [strona WWW] polecenie RPC.Ping
12:36:29  [strona WWW] polecenie RPC.Ping
12:36:40  [strona WWW] polecenie RPC.Ping
12:36:51  [strona WWW] polecenie RPC.Ping
12:37:02  [strona WWW] polecenie RPC.Ping
12:37:13  [strona WWW] polecenie RPC.Ping
12:37:19      TMCU: D shelly_tmcu.cpp:598     RX: 0x07 v=3 [1802000400000016] (state Ready)
12:37:24  [strona WWW] polecenie RPC.Ping
12:37:35  [strona WWW] polecenie RPC.Ping
12:37:46  [strona WWW] polecenie RPC.Ping
12:37:57  [strona WWW] polecenie RPC.Ping
12:38:08  [strona WWW] polecenie RPC.Ping
12:38:19  [strona WWW] polecenie RPC.Ping
12:38:30  [strona WWW] polecenie RPC.Ping
12:38:41  [strona WWW] polecenie RPC.Ping
12:38:52  [strona WWW] polecenie RPC.Ping
12:39:03  [strona WWW] polecenie RPC.Ping
12:39:14  [strona WWW] polecenie RPC.Ping
12:39:25  [strona WWW] polecenie RPC.Ping
12:39:36  [strona WWW] polecenie RPC.Ping
12:39:47  [strona WWW] polecenie RPC.Ping
12:39:58  [strona WWW] polecenie RPC.Ping
12:40:09  [strona WWW] polecenie RPC.Ping
12:40:20  [strona WWW] polecenie RPC.Ping
12:40:31  [strona WWW] polecenie RPC.Ping
12:40:42  [strona WWW] polecenie RPC.Ping
12:40:53  [strona WWW] polecenie RPC.Ping
12:41:04  [strona WWW] polecenie RPC.Ping
12:41:15  [strona WWW] polecenie RPC.Ping
12:41:26  [strona WWW] polecenie RPC.Ping
12:41:37  [strona WWW] polecenie RPC.Ping
12:41:48  [strona WWW] polecenie RPC.Ping
12:41:59  [strona WWW] polecenie RPC.Ping
12:42:10  [strona WWW] polecenie RPC.Ping
12:42:21  [strona WWW] polecenie RPC.Ping
12:42:25  Q11: mikrokontroler nie odpowiada (Heartbeat timed out); kolejne takie same pomijam
12:42:25      TMCU: D shelly_tmcu.cpp:79      Tmcu Event 1 (0x3fca0ef8)
12:42:26  Q11: mikrokontroler się odezwał
12:42:26      TMCU: D shelly_tmcu.cpp:598     RX: 0x00 v=3 [01] (state Ready)
12:42:32  [strona WWW] polecenie RPC.Ping
12:42:43  [strona WWW] polecenie RPC.Ping
12:42:54  [strona WWW] polecenie RPC.Ping
12:43:05  [strona WWW] polecenie RPC.Ping
12:43:16  [strona WWW] polecenie RPC.Ping
12:43:27  [strona WWW] polecenie RPC.Ping
12:43:38  [strona WWW] polecenie RPC.Ping
12:43:40      TMCU: D shelly_tmcu.cpp:598     RX: 0x07 v=3 [1802000400000016] (state Ready)
12:43:49  [strona WWW] polecenie RPC.Ping
12:44:00  [strona WWW] polecenie RPC.Ping
12:44:11  [strona WWW] polecenie RPC.Ping
12:44:22  [strona WWW] polecenie RPC.Ping
12:44:33  [strona WWW] polecenie RPC.Ping
12:44:44  [strona WWW] polecenie RPC.Ping
12:44:55  [strona WWW] polecenie RPC.Ping
12:45:06  [strona WWW] polecenie RPC.Ping
12:45:17  [strona WWW] polecenie RPC.Ping
12:45:28  [strona WWW] polecenie RPC.Ping
12:45:39  [strona WWW] polecenie RPC.Ping
12:45:50  [strona WWW] polecenie RPC.Ping
12:46:01  [strona WWW] polecenie RPC.Ping
12:46:12  [strona WWW] polecenie RPC.Ping
12:46:23  [strona WWW] polecenie RPC.Ping
12:46:34  [strona WWW] polecenie RPC.Ping
12:46:45  [strona WWW] polecenie RPC.Ping
12:46:56  [strona WWW] polecenie RPC.Ping
12:47:07  [strona WWW] polecenie RPC.Ping
12:47:18  [strona WWW] polecenie RPC.Ping
12:47:29  [strona WWW] polecenie RPC.Ping
12:47:40  [strona WWW] polecenie RPC.Ping
12:47:51  [strona WWW] polecenie RPC.Ping
12:48:02  [strona WWW] polecenie RPC.Ping
12:48:13  [strona WWW] polecenie RPC.Ping
12:48:24  [strona WWW] polecenie RPC.Ping
12:48:35  [strona WWW] polecenie RPC.Ping
12:48:46  [strona WWW] polecenie RPC.Ping
12:48:57  [strona WWW] polecenie RPC.Ping
12:49:08  [strona WWW] polecenie RPC.Ping
12:49:19  [strona WWW] polecenie RPC.Ping
12:49:30  [strona WWW] polecenie RPC.Ping
12:49:41  [strona WWW] polecenie RPC.Ping
12:49:52  [strona WWW] polecenie RPC.Ping
12:50:00      TMCU: D shelly_tmcu.cpp:598     RX: 0x07 v=3 [1802000400000016] (state Ready)
12:50:03  [strona WWW] polecenie RPC.Ping
12:50:14  [strona WWW] polecenie RPC.Ping
12:50:25  [strona WWW] polecenie RPC.Ping
12:50:36  [strona WWW] polecenie RPC.Ping
12:50:47  [strona WWW] polecenie RPC.Ping
12:50:58  [strona WWW] polecenie RPC.Ping
12:51:09  [strona WWW] polecenie RPC.Ping
12:51:20  [strona WWW] polecenie RPC.Ping
12:51:31  [strona WWW] polecenie RPC.Ping
12:51:42  [strona WWW] polecenie RPC.Ping
12:51:53  [strona WWW] polecenie RPC.Ping
12:52:04  [strona WWW] polecenie RPC.Ping
12:52:15  [strona WWW] polecenie RPC.Ping
12:52:26  [strona WWW] polecenie RPC.Ping
12:52:37  [strona WWW] polecenie RPC.Ping
12:52:48  [strona WWW] polecenie RPC.Ping
12:52:59  [strona WWW] polecenie RPC.Ping
12:53:10  [strona WWW] polecenie RPC.Ping
12:53:21  [strona WWW] polecenie RPC.Ping
12:53:32  [strona WWW] polecenie RPC.Ping
12:53:43  [strona WWW] polecenie RPC.Ping
12:53:54  [strona WWW] polecenie RPC.Ping
12:54:05  [strona WWW] polecenie RPC.Ping
12:54:16  [strona WWW] polecenie RPC.Ping
12:54:27  [strona WWW] polecenie RPC.Ping
12:54:38  [strona WWW] polecenie RPC.Ping
12:54:49  [strona WWW] polecenie RPC.Ping
12:55:00  [strona WWW] polecenie RPC.Ping
12:55:11  [strona WWW] polecenie RPC.Ping
12:55:22  [strona WWW] polecenie RPC.Ping
12:55:33  [strona WWW] polecenie RPC.Ping
12:55:44  [strona WWW] polecenie RPC.Ping
12:55:55  [strona WWW] polecenie RPC.Ping
12:56:06  [strona WWW] polecenie RPC.Ping
12:56:17  [strona WWW] polecenie RPC.Ping
12:56:21      TMCU: D shelly_tmcu.cpp:598     RX: 0x07 v=3 [1802000400000016] (state Ready)
12:56:28  [strona WWW] polecenie RPC.Ping
12:56:39  [strona WWW] polecenie RPC.Ping
12:56:50  [strona WWW] polecenie RPC.Ping
12:57:01  [strona WWW] polecenie RPC.Ping
12:57:12  [strona WWW] polecenie RPC.Ping
12:57:23  [strona WWW] polecenie RPC.Ping
12:57:34  [strona WWW] polecenie RPC.Ping
12:57:45  [strona WWW] polecenie RPC.Ping
12:57:56  [strona WWW] polecenie RPC.Ping
12:58:07  [strona WWW] polecenie RPC.Ping
12:58:18  [strona WWW] polecenie RPC.Ping
12:58:29  [strona WWW] polecenie RPC.Ping
12:58:40  [strona WWW] polecenie RPC.Ping
12:58:51  [strona WWW] polecenie RPC.Ping
12:59:02  [strona WWW] polecenie RPC.Ping
12:59:13  [strona WWW] polecenie RPC.Ping
12:59:24  [strona WWW] polecenie RPC.Ping
12:59:35  [strona WWW] polecenie RPC.Ping
12:59:46  [strona WWW] polecenie RPC.Ping
12:59:57  [strona WWW] polecenie RPC.Ping
13:00:08  [strona WWW] polecenie RPC.Ping
13:00:19  [strona WWW] polecenie RPC.Ping
13:00:30  [strona WWW] polecenie RPC.Ping
13:00:41  [strona WWW] polecenie RPC.Ping
13:00:52  [strona WWW] polecenie RPC.Ping
13:01:03  [strona WWW] polecenie RPC.Ping
13:01:14  [strona WWW] polecenie RPC.Ping
13:01:21      TMCU: D shelly_tmcu.cpp:890     TX: 0x34 v=3 [02ff1a0a050d012401] (Ready)
13:01:32  [strona WWW] polecenie RPC.Ping
13:01:43  [strona WWW] polecenie RPC.Ping
13:01:54  [strona WWW] polecenie RPC.Ping
13:02:05  [strona WWW] polecenie RPC.Ping
13:02:16  [strona WWW] polecenie RPC.Ping
13:02:27  [strona WWW] polecenie RPC.Ping
13:02:38  [strona WWW] polecenie RPC.Ping
13:02:42      TMCU: D shelly_tmcu.cpp:598     RX: 0x07 v=3 [1802000400000016] (state Ready)
13:02:49  [strona WWW] polecenie RPC.Ping
13:03:00  [strona WWW] polecenie RPC.Ping
13:03:11  [strona WWW] polecenie RPC.Ping
13:03:22  [strona WWW] polecenie RPC.Ping
13:03:33  [strona WWW] polecenie RPC.Ping
13:03:44  [strona WWW] polecenie RPC.Ping
13:03:55  [strona WWW] polecenie RPC.Ping
13:04:06  [strona WWW] polecenie RPC.Ping
13:04:17  [strona WWW] polecenie RPC.Ping
13:04:28  [strona WWW] polecenie RPC.Ping
13:04:39  [strona WWW] polecenie RPC.Ping
13:04:50  [strona WWW] polecenie RPC.Ping
13:05:01  [strona WWW] polecenie RPC.Ping
13:05:12  [strona WWW] polecenie RPC.Ping
13:05:23  [strona WWW] polecenie RPC.Ping
13:05:34  [strona WWW] polecenie RPC.Ping
13:05:45  [strona WWW] polecenie RPC.Ping
13:05:56  [strona WWW] polecenie RPC.Ping
13:06:07  [strona WWW] polecenie RPC.Ping
13:06:18  [strona WWW] polecenie RPC.Ping
13:06:29  [strona WWW] polecenie RPC.Ping
13:06:40  [strona WWW] polecenie RPC.Ping
13:06:51  [strona WWW] polecenie RPC.Ping
13:07:02  [strona WWW] polecenie RPC.Ping
13:07:13  [strona WWW] polecenie RPC.Ping
13:07:24  [strona WWW] polecenie RPC.Ping
13:07:35  [strona WWW] polecenie RPC.Ping
13:07:46  [strona WWW] polecenie RPC.Ping
13:07:57  [strona WWW] polecenie RPC.Ping
13:08:08  [strona WWW] polecenie RPC.Ping
13:08:19  [strona WWW] polecenie RPC.Ping
13:08:30  [strona WWW] polecenie RPC.Ping
13:08:41  [strona WWW] polecenie RPC.Ping
13:08:52  [strona WWW] polecenie RPC.Ping
13:09:03  [strona WWW] polecenie RPC.Ping
13:09:03      TMCU: D shelly_tmcu.cpp:598     RX: 0x07 v=3 [1802000400000016] (state Ready)
13:09:14  [strona WWW] polecenie RPC.Ping
13:09:25  [strona WWW] polecenie RPC.Ping
13:09:36  [strona WWW] polecenie RPC.Ping
13:09:47  [strona WWW] polecenie RPC.Ping
13:09:58  [strona WWW] polecenie RPC.Ping
13:10:09  [strona WWW] polecenie RPC.Ping
13:10:20  [strona WWW] polecenie RPC.Ping
13:10:31  [strona WWW] polecenie RPC.Ping
13:10:42  [strona WWW] polecenie RPC.Ping
13:10:53  [strona WWW] polecenie RPC.Ping
13:11:04  [strona WWW] polecenie RPC.Ping
13:11:15  [strona WWW] polecenie RPC.Ping
13:11:26  [strona WWW] polecenie RPC.Ping
13:11:37  [strona WWW] polecenie RPC.Ping
13:11:48  [strona WWW] polecenie RPC.Ping
13:11:59  [strona WWW] polecenie RPC.Ping
13:12:10  [strona WWW] polecenie RPC.Ping
13:12:21  [strona WWW] polecenie RPC.Ping
13:12:32  [strona WWW] polecenie RPC.Ping
13:12:43  [strona WWW] polecenie RPC.Ping
13:12:54  [strona WWW] polecenie RPC.Ping
13:13:05  [strona WWW] polecenie RPC.Ping
13:13:16  [strona WWW] polecenie RPC.Ping
13:13:27  [strona WWW] polecenie RPC.Ping
13:13:38  [strona WWW] polecenie RPC.Ping
13:13:49  [strona WWW] polecenie RPC.Ping
13:14:00  [strona WWW] polecenie RPC.Ping
13:14:11  [strona WWW] polecenie RPC.Ping
13:14:22  [strona WWW] polecenie RPC.Ping
13:14:33  [strona WWW] polecenie RPC.Ping
13:14:44  [strona WWW] polecenie RPC.Ping
13:14:55  [strona WWW] polecenie RPC.Ping
13:15:06  [strona WWW] polecenie RPC.Ping
13:15:17  [strona WWW] polecenie RPC.Ping
13:15:24      TMCU: D shelly_tmcu.cpp:598     RX: 0x07 v=3 [1802000400000016] (state Ready)
13:15:28  [strona WWW] polecenie RPC.Ping
13:15:39  [strona WWW] polecenie RPC.Ping
13:15:50  [strona WWW] polecenie RPC.Ping
13:16:01  [strona WWW] polecenie RPC.Ping
13:16:12  [strona WWW] polecenie RPC.Ping
13:16:23  [strona WWW] polecenie RPC.Ping
13:16:34  [strona WWW] polecenie RPC.Ping
13:16:45  [strona WWW] polecenie RPC.Ping
13:16:56  [strona WWW] polecenie RPC.Ping
13:17:07  [strona WWW] polecenie RPC.Ping
13:17:18  [strona WWW] polecenie RPC.Ping
13:17:29  [strona WWW] polecenie RPC.Ping
13:17:40  [strona WWW] polecenie RPC.Ping
13:17:51  [strona WWW] polecenie RPC.Ping
13:18:02  [strona WWW] polecenie RPC.Ping
13:18:13  [strona WWW] polecenie RPC.Ping
13:18:24  [strona WWW] polecenie RPC.Ping
13:18:35  [strona WWW] polecenie RPC.Ping
13:18:46  [strona WWW] polecenie RPC.Ping
13:18:57  [strona WWW] polecenie RPC.Ping
13:19:08  [strona WWW] polecenie RPC.Ping
13:20:03  Log przez Wi-Fi: brak połączenia (45 s bez żadnego wiersza logu); ponawiam za 5 s
13:20:18  Log przez Wi-Fi: brak połączenia (timed out); ponawiam za 5 s
13:20:33  Log przez Wi-Fi: brak połączenia (timed out); ponawiam za 5 s
13:20:48  Log przez Wi-Fi: brak połączenia (timed out); ponawiam za 5 s
13:21:03  Log przez Wi-Fi: brak połączenia (timed out); ponawiam za 5 s
13:21:18  Log przez Wi-Fi: brak połączenia (timed out); ponawiam za 5 s
13:21:33  Log przez Wi-Fi: brak połączenia (timed out); ponawiam za 5 s
13:21:48  Log przez Wi-Fi: brak połączenia (timed out); ponawiam za 5 s
13:22:03  Log przez Wi-Fi: brak połączenia (timed out); ponawiam za 5 s
13:22:18  Log przez Wi-Fi: brak połączenia (timed out); ponawiam za 5 s
13:22:33  Log przez Wi-Fi: brak połączenia (timed out); ponawiam za 5 s
13:22:48  Log przez Wi-Fi: brak połączenia (timed out); ponawiam za 5 s
13:23:03  Log przez Wi-Fi: brak połączenia (timed out); ponawiam za 5 s
13:23:18  Log przez Wi-Fi: brak połączenia (timed out); ponawiam za 5 s
13:23:33  Log przez Wi-Fi: brak połączenia (timed out); ponawiam za 5 s
13:23:48  Log przez Wi-Fi: brak połączenia (timed out); ponawiam za 5 s
13:24:03  Log przez Wi-Fi: brak połączenia (timed out); ponawiam za 5 s
13:24:18  Log przez Wi-Fi: brak połączenia (timed out); ponawiam za 5 s
13:24:33  Log przez Wi-Fi: brak połączenia (timed out); ponawiam za 5 s
13:24:48  Log przez Wi-Fi: brak połączenia (timed out); ponawiam za 5 s
13:25:03  Log przez Wi-Fi: brak połączenia (timed out); ponawiam za 5 s
13:25:18  Log przez Wi-Fi: brak połączenia (timed out); ponawiam za 5 s
13:25:33  Log przez Wi-Fi: brak połączenia (timed out); ponawiam za 5 s
13:25:48  Log przez Wi-Fi: brak połączenia (timed out); ponawiam za 5 s
13:26:03  Log przez Wi-Fi: brak połączenia (timed out); ponawiam za 5 s
13:26:18  Log przez Wi-Fi: brak połączenia (timed out); ponawiam za 5 s
13:26:33  Log przez Wi-Fi: brak połączenia (timed out); ponawiam za 5 s
13:26:48  Log przez Wi-Fi: brak połączenia (timed out); ponawiam za 5 s
13:27:03  Log przez Wi-Fi: brak połączenia (timed out); ponawiam za 5 s
13:27:18  Log przez Wi-Fi: brak połączenia (timed out); ponawiam za 5 s
13:27:33  Log przez Wi-Fi: brak połączenia (timed out); ponawiam za 5 s
13:27:48  Log przez Wi-Fi: brak połączenia (timed out); ponawiam za 5 s
13:28:03  Log przez Wi-Fi: brak połączenia (timed out); ponawiam za 5 s
13:28:18  Log przez Wi-Fi: brak połączenia (timed out); ponawiam za 5 s
13:28:33  Log przez Wi-Fi: brak połączenia (timed out); ponawiam za 5 s
13:28:48  Log przez Wi-Fi: brak połączenia (timed out); ponawiam za 5 s
13:29:03  Log przez Wi-Fi: brak połączenia (timed out); ponawiam za 5 s
13:29:18  Log przez Wi-Fi: brak połączenia (timed out); ponawiam za 5 s
13:29:33  Log przez Wi-Fi: brak połączenia (timed out); ponawiam za 5 s
13:29:48  Log przez Wi-Fi: brak połączenia (timed out); ponawiam za 5 s
13:30:03  Log przez Wi-Fi: brak połączenia (timed out); ponawiam za 5 s
13:30:18  Log przez Wi-Fi: brak połączenia (timed out); ponawiam za 5 s
13:30:33  Log przez Wi-Fi: brak połączenia (timed out); ponawiam za 5 s
13:30:48  Log przez Wi-Fi: brak połączenia (timed out); ponawiam za 5 s
13:31:03  Log przez Wi-Fi: brak połączenia (timed out); ponawiam za 5 s
13:31:18  Log przez Wi-Fi: brak połączenia (timed out); ponawiam za 5 s
13:31:33  Log przez Wi-Fi: brak połączenia (timed out); ponawiam za 5 s
13:31:48  Log przez Wi-Fi: brak połączenia (timed out); ponawiam za 5 s
13:32:03  Log przez Wi-Fi: brak połączenia (timed out); ponawiam za 5 s
13:32:18  Log przez Wi-Fi: brak połączenia (timed out); ponawiam za 5 s
13:32:33  Log przez Wi-Fi: brak połączenia (timed out); ponawiam za 5 s
13:32:48  Log przez Wi-Fi: brak połączenia (timed out); ponawiam za 5 s
13:33:03  Log przez Wi-Fi: brak połączenia (timed out); ponawiam za 5 s
13:33:18  Log przez Wi-Fi: brak połączenia (timed out); ponawiam za 5 s
13:33:33  Log przez Wi-Fi: brak połączenia (timed out); ponawiam za 5 s
13:33:48  Log przez Wi-Fi: brak połączenia (timed out); ponawiam za 5 s
13:34:03  Log przez Wi-Fi: brak połączenia (timed out); ponawiam za 5 s
13:34:18  Log przez Wi-Fi: brak połączenia (timed out); ponawiam za 5 s
13:34:33  Log przez Wi-Fi: brak połączenia (timed out); ponawiam za 5 s
13:34:48  Log przez Wi-Fi: brak połączenia (timed out); ponawiam za 5 s
13:35:03  Log przez Wi-Fi: brak połączenia (timed out); ponawiam za 5 s
13:35:18  Log przez Wi-Fi: brak połączenia (timed out); ponawiam za 5 s
13:35:34  Log przez Wi-Fi: brak połączenia (timed out); ponawiam za 5 s
13:35:49  Log przez Wi-Fi: brak połączenia (timed out); ponawiam za 5 s
13:36:04  Log przez Wi-Fi: brak połączenia (timed out); ponawiam za 5 s
13:36:19  Log przez Wi-Fi: brak połączenia (timed out); ponawiam za 5 s
13:36:34  Log przez Wi-Fi: brak połączenia (timed out); ponawiam za 5 s
13:36:49  Log przez Wi-Fi: brak połączenia (timed out); ponawiam za 5 s
13:37:04  Log przez Wi-Fi: brak połączenia (timed out); ponawiam za 5 s
13:37:19  Log przez Wi-Fi: brak połączenia (timed out); ponawiam za 5 s
13:37:34  Log przez Wi-Fi: brak połączenia (timed out); ponawiam za 5 s
13:37:49  Log przez Wi-Fi: brak połączenia (timed out); ponawiam za 5 s
13:38:04  Log przez Wi-Fi: brak połączenia (timed out); ponawiam za 5 s
13:38:19  Log przez Wi-Fi: brak połączenia (timed out); ponawiam za 5 s
13:38:34  Log przez Wi-Fi: brak połączenia (timed out); ponawiam za 5 s
13:38:49  Log przez Wi-Fi: brak połączenia (timed out); ponawiam za 5 s
13:39:04  Log przez Wi-Fi: brak połączenia (timed out); ponawiam za 5 s
13:39:19  Log przez Wi-Fi: brak połączenia (timed out); ponawiam za 5 s
13:39:34  Log przez Wi-Fi: brak połączenia (timed out); ponawiam za 5 s
13:39:49  Log przez Wi-Fi: brak połączenia (timed out); ponawiam za 5 s
13:40:04  Log przez Wi-Fi: brak połączenia (timed out); ponawiam za 5 s
13:40:19  Log przez Wi-Fi: brak połączenia (timed out); ponawiam za 5 s
13:40:34  Log przez Wi-Fi: brak połączenia (timed out); ponawiam za 5 s
13:40:49  Log przez Wi-Fi: brak połączenia (timed out); ponawiam za 5 s
13:41:04  Log przez Wi-Fi: brak połączenia (timed out); ponawiam za 5 s
13:41:19  Log przez Wi-Fi: brak połączenia (timed out); ponawiam za 5 s
13:41:34  Log przez Wi-Fi: brak połączenia (timed out); ponawiam za 5 s
13:41:49  Log przez Wi-Fi: brak połączenia (timed out); ponawiam za 5 s
13:42:04  Log przez Wi-Fi: brak połączenia (timed out); ponawiam za 5 s
13:42:19  Log przez Wi-Fi: brak połączenia (timed out); ponawiam za 5 s
13:42:34  Log przez Wi-Fi: brak połączenia (timed out); ponawiam za 5 s
13:42:49  Log przez Wi-Fi: brak połączenia (timed out); ponawiam za 5 s
13:43:04  Log przez Wi-Fi: brak połączenia (timed out); ponawiam za 5 s
13:43:19  Log przez Wi-Fi: brak połączenia (timed out); ponawiam za 5 s
13:43:34  Log przez Wi-Fi: brak połączenia (timed out); ponawiam za 5 s
13:43:49  Log przez Wi-Fi: brak połączenia (timed out); ponawiam za 5 s
13:44:04  Log przez Wi-Fi: brak połączenia (timed out); ponawiam za 5 s
13:44:19  Log przez Wi-Fi: brak połączenia (timed out); ponawiam za 5 s
13:44:34  Log przez Wi-Fi: brak połączenia (timed out); ponawiam za 5 s
13:44:49  Log przez Wi-Fi: brak połączenia (timed out); ponawiam za 5 s
13:45:04  Log przez Wi-Fi: brak połączenia (timed out); ponawiam za 5 s
13:45:19  Log przez Wi-Fi: brak połączenia (timed out); ponawiam za 5 s
13:45:34  Log przez Wi-Fi: brak połączenia (timed out); ponawiam za 5 s
13:45:49  Log przez Wi-Fi: brak połączenia (timed out); ponawiam za 5 s
13:46:04  Log przez Wi-Fi: brak połączenia (timed out); ponawiam za 5 s
13:46:19  Log przez Wi-Fi: brak połączenia (timed out); ponawiam za 5 s
13:46:34  Log przez Wi-Fi: brak połączenia (timed out); ponawiam za 5 s
13:46:49  Log przez Wi-Fi: brak połączenia (timed out); ponawiam za 5 s
13:47:04  Log przez Wi-Fi: brak połączenia (timed out); ponawiam za 5 s
13:47:19  Log przez Wi-Fi: brak połączenia (timed out); ponawiam za 5 s
13:47:34  Log przez Wi-Fi: brak połączenia (timed out); ponawiam za 5 s
13:47:49  Log przez Wi-Fi: brak połączenia (timed out); ponawiam za 5 s
13:48:04  Log przez Wi-Fi: brak połączenia (timed out); ponawiam za 5 s
13:48:15  Log przez Wi-Fi: połączono z 192.168.0.238
13:48:15      TMCU: D shelly_tmcu.cpp:890     TX: 0x08 v=3 [] (Ready)
13:48:16      TMCU: D shelly_tmcu.cpp:938     response to 07 timed out after 0.3520 s
13:48:16      TMCU: D shelly_tmcu.cpp:890     TX: 0x08 v=3 [] (Ready)
13:48:17      TMCU: D shelly_tmcu.cpp:938     response to 07 timed out after 1.0469 s
13:48:17      TMCU: D shelly_tmcu.cpp:890     TX: 0x08 v=3 [] (Ready)
13:48:18      TMCU: D shelly_tmcu.cpp:938     response to 07 timed out after 0.4248 s
13:48:18      TMCU: D shelly_tmcu.cpp:890     TX: 0x08 v=3 [] (Ready)
13:48:18  [strona WWW] strona DevKitu została otwarta
13:48:18  [strona WWW] polecenie RPC.Ping
13:48:25  [strona WWW] polecenie BLE.ListPairedDevices
13:49:19  Log przez Wi-Fi: brak połączenia (45 s bez żadnego wiersza logu); ponawiam za 5 s
13:49:34  Log przez Wi-Fi: brak połączenia (timed out); ponawiam za 5 s
13:49:49  Log przez Wi-Fi: brak połączenia (timed out); ponawiam za 5 s
13:50:04  Log przez Wi-Fi: brak połączenia (timed out); ponawiam za 5 s
13:50:19  Log przez Wi-Fi: brak połączenia (timed out); ponawiam za 5 s
13:50:34  Log przez Wi-Fi: brak połączenia (timed out); ponawiam za 5 s
13:50:49  Log przez Wi-Fi: brak połączenia (timed out); ponawiam za 5 s
13:51:04  Log przez Wi-Fi: brak połączenia (timed out); ponawiam za 5 s
13:51:19  Log przez Wi-Fi: brak połączenia (timed out); ponawiam za 5 s
13:51:34  Log przez Wi-Fi: brak połączenia (timed out); ponawiam za 5 s
13:51:49  Log przez Wi-Fi: brak połączenia (timed out); ponawiam za 5 s
13:52:04  Log przez Wi-Fi: brak połączenia (timed out); ponawiam za 5 s
13:52:19  Log przez Wi-Fi: brak połączenia (timed out); ponawiam za 5 s
13:52:34  Log przez Wi-Fi: brak połączenia (timed out); ponawiam za 5 s
13:52:49  Log przez Wi-Fi: brak połączenia (timed out); ponawiam za 5 s
13:53:04  Log przez Wi-Fi: brak połączenia (timed out); ponawiam za 5 s
13:53:19  Log przez Wi-Fi: brak połączenia (timed out); ponawiam za 5 s
13:53:34  Log przez Wi-Fi: brak połączenia (timed out); ponawiam za 5 s
13:53:49  Log przez Wi-Fi: brak połączenia (timed out); ponawiam za 5 s
13:54:04  Log przez Wi-Fi: brak połączenia (timed out); ponawiam za 5 s
13:54:19  Log przez Wi-Fi: brak połączenia (timed out); ponawiam za 5 s
13:54:34  Log przez Wi-Fi: brak połączenia (timed out); ponawiam za 5 s
13:54:49  Log przez Wi-Fi: brak połączenia (timed out); ponawiam za 5 s
13:55:04  Log przez Wi-Fi: brak połączenia (timed out); ponawiam za 5 s
13:55:19  Log przez Wi-Fi: brak połączenia (timed out); ponawiam za 5 s
13:55:34  Log przez Wi-Fi: brak połączenia (timed out); ponawiam za 5 s
13:55:49  Log przez Wi-Fi: brak połączenia (timed out); ponawiam za 5 s
13:56:04  Log przez Wi-Fi: brak połączenia (timed out); ponawiam za 5 s
13:56:19  Log przez Wi-Fi: brak połączenia (timed out); ponawiam za 5 s
13:56:34  Log przez Wi-Fi: brak połączenia (timed out); ponawiam za 5 s
13:56:49  Log przez Wi-Fi: brak połączenia (timed out); ponawiam za 5 s
13:57:04  Log przez Wi-Fi: brak połączenia (timed out); ponawiam za 5 s
13:57:19  Log przez Wi-Fi: brak połączenia (timed out); ponawiam za 5 s
13:57:34  Log przez Wi-Fi: brak połączenia (timed out); ponawiam za 5 s
13:57:49  Log przez Wi-Fi: brak połączenia (timed out); ponawiam za 5 s
13:58:04  Log przez Wi-Fi: brak połączenia (timed out); ponawiam za 5 s
13:58:19  Log przez Wi-Fi: brak połączenia (timed out); ponawiam za 5 s
13:58:34  Log przez Wi-Fi: brak połączenia (timed out); ponawiam za 5 s
13:58:49  Log przez Wi-Fi: brak połączenia (timed out); ponawiam za 5 s
13:59:04  Log przez Wi-Fi: brak połączenia (timed out); ponawiam za 5 s
13:59:19  Log przez Wi-Fi: brak połączenia (timed out); ponawiam za 5 s
13:59:34  Log przez Wi-Fi: brak połączenia (timed out); ponawiam za 5 s
13:59:49  Log przez Wi-Fi: brak połączenia (timed out); ponawiam za 5 s
14:00:04  Log przez Wi-Fi: brak połączenia (timed out); ponawiam za 5 s
14:00:19  Log przez Wi-Fi: brak połączenia (timed out); ponawiam za 5 s
14:00:34  Log przez Wi-Fi: brak połączenia (timed out); ponawiam za 5 s
14:00:49  Log przez Wi-Fi: brak połączenia (timed out); ponawiam za 5 s
14:01:05  Log przez Wi-Fi: brak połączenia (timed out); ponawiam za 5 s
14:01:20  Log przez Wi-Fi: brak połączenia (timed out); ponawiam za 5 s
14:01:35  Log przez Wi-Fi: brak połączenia (timed out); ponawiam za 5 s
14:01:50  Log przez Wi-Fi: brak połączenia (timed out); ponawiam za 5 s
14:02:05  Log przez Wi-Fi: brak połączenia (timed out); ponawiam za 5 s
14:02:20  Log przez Wi-Fi: brak połączenia (timed out); ponawiam za 5 s
14:02:35  Log przez Wi-Fi: brak połączenia (timed out); ponawiam za 5 s
14:02:50  Log przez Wi-Fi: brak połączenia (timed out); ponawiam za 5 s
14:03:05  Log przez Wi-Fi: brak połączenia (timed out); ponawiam za 5 s
14:03:20  Log przez Wi-Fi: brak połączenia (timed out); ponawiam za 5 s
14:03:35  Log przez Wi-Fi: brak połączenia (timed out); ponawiam za 5 s
14:03:50  Log przez Wi-Fi: brak połączenia (timed out); ponawiam za 5 s
14:04:05  Log przez Wi-Fi: brak połączenia (timed out); ponawiam za 5 s
14:04:20  Log przez Wi-Fi: brak połączenia (timed out); ponawiam za 5 s
14:04:35  Log przez Wi-Fi: brak połączenia (timed out); ponawiam za 5 s
14:04:50  Log przez Wi-Fi: brak połączenia (timed out); ponawiam za 5 s
14:05:05  Log przez Wi-Fi: brak połączenia (timed out); ponawiam za 5 s
14:05:20  Log przez Wi-Fi: brak połączenia (timed out); ponawiam za 5 s
14:05:35  Log przez Wi-Fi: brak połączenia (timed out); ponawiam za 5 s
14:05:50  Log przez Wi-Fi: brak połączenia (timed out); ponawiam za 5 s
14:06:05  Log przez Wi-Fi: brak połączenia (timed out); ponawiam za 5 s
14:06:20  Log przez Wi-Fi: brak połączenia (timed out); ponawiam za 5 s
14:06:35  Log przez Wi-Fi: brak połączenia (timed out); ponawiam za 5 s
14:06:50  Log przez Wi-Fi: brak połączenia (timed out); ponawiam za 5 s
14:07:05  Log przez Wi-Fi: brak połączenia (timed out); ponawiam za 5 s
14:07:20  Log przez Wi-Fi: brak połączenia (timed out); ponawiam za 5 s
14:07:35  Log przez Wi-Fi: brak połączenia (timed out); ponawiam za 5 s
14:07:50  Log przez Wi-Fi: brak połączenia (timed out); ponawiam za 5 s
14:08:05  Log przez Wi-Fi: brak połączenia (timed out); ponawiam za 5 s
14:08:20  Log przez Wi-Fi: brak połączenia (timed out); ponawiam za 5 s
14:08:35  Log przez Wi-Fi: brak połączenia (timed out); ponawiam za 5 s
14:08:50  Log przez Wi-Fi: brak połączenia (timed out); ponawiam za 5 s
14:09:05  Log przez Wi-Fi: brak połączenia (timed out); ponawiam za 5 s
14:09:20  Log przez Wi-Fi: brak połączenia (timed out); ponawiam za 5 s
14:09:35  Log przez Wi-Fi: brak połączenia (timed out); ponawiam za 5 s
14:09:50  Log przez Wi-Fi: brak połączenia (timed out); ponawiam za 5 s
14:10:05  Log przez Wi-Fi: brak połączenia (timed out); ponawiam za 5 s
14:10:20  Log przez Wi-Fi: brak połączenia (timed out); ponawiam za 5 s
14:10:35  Log przez Wi-Fi: brak połączenia (timed out); ponawiam za 5 s
14:10:50  Log przez Wi-Fi: brak połączenia (timed out); ponawiam za 5 s
14:11:05  Log przez Wi-Fi: brak połączenia (timed out); ponawiam za 5 s
14:11:20  Log przez Wi-Fi: brak połączenia (timed out); ponawiam za 5 s
14:11:35  Log przez Wi-Fi: brak połączenia (timed out); ponawiam za 5 s
14:11:50  Log przez Wi-Fi: brak połączenia (timed out); ponawiam za 5 s
14:12:05  Log przez Wi-Fi: brak połączenia (timed out); ponawiam za 5 s
14:12:20  Log przez Wi-Fi: brak połączenia (timed out); ponawiam za 5 s
14:12:35  Log przez Wi-Fi: brak połączenia (timed out); ponawiam za 5 s
14:12:50  Log przez Wi-Fi: brak połączenia (timed out); ponawiam za 5 s
14:13:05  Log przez Wi-Fi: brak połączenia (timed out); ponawiam za 5 s
14:13:20  Log przez Wi-Fi: brak połączenia (timed out); ponawiam za 5 s
14:13:35  Log przez Wi-Fi: brak połączenia (timed out); ponawiam za 5 s
14:13:50  Log przez Wi-Fi: brak połączenia (timed out); ponawiam za 5 s
14:14:05  Log przez Wi-Fi: brak połączenia (timed out); ponawiam za 5 s
14:14:20  Log przez Wi-Fi: brak połączenia (timed out); ponawiam za 5 s
14:14:35  Log przez Wi-Fi: brak połączenia (timed out); ponawiam za 5 s
14:14:50  Log przez Wi-Fi: brak połączenia (timed out); ponawiam za 5 s
14:15:05  Log przez Wi-Fi: brak połączenia (timed out); ponawiam za 5 s
14:15:20  Log przez Wi-Fi: brak połączenia (timed out); ponawiam za 5 s
14:15:35  Log przez Wi-Fi: brak połączenia (timed out); ponawiam za 5 s
14:15:50  Log przez Wi-Fi: brak połączenia (timed out); ponawiam za 5 s
14:16:05  Log przez Wi-Fi: brak połączenia (timed out); ponawiam za 5 s
14:16:20  Log przez Wi-Fi: brak połączenia (timed out); ponawiam za 5 s
14:16:35  Log przez Wi-Fi: brak połączenia (timed out); ponawiam za 5 s
14:16:50  Log przez Wi-Fi: brak połączenia (timed out); ponawiam za 5 s
14:17:05  Log przez Wi-Fi: brak połączenia (timed out); ponawiam za 5 s
14:17:20  Log przez Wi-Fi: brak połączenia (timed out); ponawiam za 5 s
14:17:35  Log przez Wi-Fi: brak połączenia (timed out); ponawiam za 5 s
14:17:50  Log przez Wi-Fi: brak połączenia (timed out); ponawiam za 5 s
14:18:05  Log przez Wi-Fi: brak połączenia (timed out); ponawiam za 5 s
14:18:20  Log przez Wi-Fi: brak połączenia (timed out); ponawiam za 5 s
14:18:35  Log przez Wi-Fi: brak połączenia (timed out); ponawiam za 5 s
14:18:50  Log przez Wi-Fi: brak połączenia (timed out); ponawiam za 5 s
14:19:05  Log przez Wi-Fi: brak połączenia (timed out); ponawiam za 5 s
14:19:20  Log przez Wi-Fi: brak połączenia (timed out); ponawiam za 5 s
14:19:35  Log przez Wi-Fi: brak połączenia (timed out); ponawiam za 5 s
14:19:50  Log przez Wi-Fi: brak połączenia (timed out); ponawiam za 5 s
14:20:05  Log przez Wi-Fi: brak połączenia (timed out); ponawiam za 5 s
14:20:20  Log przez Wi-Fi: brak połączenia (timed out); ponawiam za 5 s
14:20:35  Log przez Wi-Fi: brak połączenia (timed out); ponawiam za 5 s
14:20:50  Log przez Wi-Fi: brak połączenia (timed out); ponawiam za 5 s
14:21:05  Log przez Wi-Fi: brak połączenia (timed out); ponawiam za 5 s
14:21:20  Log przez Wi-Fi: brak połączenia (timed out); ponawiam za 5 s
14:21:35  Log przez Wi-Fi: brak połączenia (timed out); ponawiam za 5 s
14:21:50  Log przez Wi-Fi: brak połączenia (timed out); ponawiam za 5 s
14:22:05  Log przez Wi-Fi: brak połączenia (timed out); ponawiam za 5 s
14:22:20  Log przez Wi-Fi: brak połączenia (timed out); ponawiam za 5 s
14:22:35  Log przez Wi-Fi: brak połączenia (timed out); ponawiam za 5 s
14:22:50  Log przez Wi-Fi: brak połączenia (timed out); ponawiam za 5 s
14:23:05  Log przez Wi-Fi: brak połączenia (timed out); ponawiam za 5 s
14:23:20  Log przez Wi-Fi: brak połączenia (timed out); ponawiam za 5 s
14:23:35  Log przez Wi-Fi: brak połączenia (timed out); ponawiam za 5 s
14:23:50  Log przez Wi-Fi: brak połączenia (timed out); ponawiam za 5 s
14:24:05  Log przez Wi-Fi: brak połączenia (timed out); ponawiam za 5 s
14:24:20  Log przez Wi-Fi: brak połączenia (timed out); ponawiam za 5 s
14:24:35  Log przez Wi-Fi: brak połączenia (timed out); ponawiam za 5 s
14:24:50  Log przez Wi-Fi: brak połączenia (timed out); ponawiam za 5 s
14:25:05  Log przez Wi-Fi: brak połączenia (timed out); ponawiam za 5 s
14:25:20  Log przez Wi-Fi: brak połączenia (timed out); ponawiam za 5 s
14:25:35  Log przez Wi-Fi: brak połączenia (timed out); ponawiam za 5 s
14:25:50  Log przez Wi-Fi: brak połączenia (timed out); ponawiam za 5 s
14:26:06  Log przez Wi-Fi: brak połączenia (timed out); ponawiam za 5 s
14:26:21  Log przez Wi-Fi: brak połączenia (timed out); ponawiam za 5 s
14:26:36  Log przez Wi-Fi: brak połączenia (timed out); ponawiam za 5 s
14:26:51  Log przez Wi-Fi: brak połączenia (timed out); ponawiam za 5 s
14:27:06  Log przez Wi-Fi: brak połączenia (timed out); ponawiam za 5 s
14:27:21  Log przez Wi-Fi: brak połączenia (timed out); ponawiam za 5 s
14:27:36  Log przez Wi-Fi: brak połączenia (timed out); ponawiam za 5 s
14:27:51  Log przez Wi-Fi: brak połączenia (timed out); ponawiam za 5 s
14:28:06  Log przez Wi-Fi: brak połączenia (timed out); ponawiam za 5 s
14:28:21  Log przez Wi-Fi: brak połączenia (timed out); ponawiam za 5 s
14:28:36  Log przez Wi-Fi: brak połączenia (timed out); ponawiam za 5 s
14:28:51  Log przez Wi-Fi: brak połączenia (timed out); ponawiam za 5 s
14:29:06  Log przez Wi-Fi: brak połączenia (timed out); ponawiam za 5 s
14:29:21  Log przez Wi-Fi: brak połączenia (timed out); ponawiam za 5 s
14:29:36  Log przez Wi-Fi: brak połączenia (timed out); ponawiam za 5 s
14:29:51  Log przez Wi-Fi: brak połączenia (timed out); ponawiam za 5 s
14:30:06  Log przez Wi-Fi: brak połączenia (timed out); ponawiam za 5 s
14:30:21  Log przez Wi-Fi: brak połączenia (timed out); ponawiam za 5 s
14:30:36  Log przez Wi-Fi: brak połączenia (timed out); ponawiam za 5 s
14:30:51  Log przez Wi-Fi: brak połączenia (timed out); ponawiam za 5 s
14:31:06  Log przez Wi-Fi: brak połączenia (timed out); ponawiam za 5 s
14:31:21  Log przez Wi-Fi: brak połączenia (timed out); ponawiam za 5 s
14:31:36  Log przez Wi-Fi: brak połączenia (timed out); ponawiam za 5 s
14:31:51  Log przez Wi-Fi: brak połączenia (timed out); ponawiam za 5 s
14:32:06  Log przez Wi-Fi: brak połączenia (timed out); ponawiam za 5 s
14:32:21  Log przez Wi-Fi: brak połączenia (timed out); ponawiam za 5 s
14:32:36  Log przez Wi-Fi: brak połączenia (timed out); ponawiam za 5 s
14:32:51  Log przez Wi-Fi: brak połączenia (timed out); ponawiam za 5 s
14:33:06  Log przez Wi-Fi: brak połączenia (timed out); ponawiam za 5 s
14:33:21  Log przez Wi-Fi: brak połączenia (timed out); ponawiam za 5 s
14:33:36  Log przez Wi-Fi: brak połączenia (timed out); ponawiam za 5 s
14:33:51  Log przez Wi-Fi: brak połączenia (timed out); ponawiam za 5 s
14:34:06  Log przez Wi-Fi: brak połączenia (timed out); ponawiam za 5 s
14:34:21  Log przez Wi-Fi: brak połączenia (timed out); ponawiam za 5 s
14:34:36  Log przez Wi-Fi: brak połączenia (timed out); ponawiam za 5 s
14:34:51  Log przez Wi-Fi: brak połączenia (timed out); ponawiam za 5 s
14:35:06  Log przez Wi-Fi: brak połączenia (timed out); ponawiam za 5 s
14:35:21  Log przez Wi-Fi: brak połączenia (timed out); ponawiam za 5 s
14:35:36  Log przez Wi-Fi: brak połączenia (timed out); ponawiam za 5 s
14:35:51  Log przez Wi-Fi: brak połączenia (timed out); ponawiam za 5 s
14:36:06  Log przez Wi-Fi: brak połączenia (timed out); ponawiam za 5 s
14:36:21  Log przez Wi-Fi: brak połączenia (timed out); ponawiam za 5 s
14:36:36  Log przez Wi-Fi: brak połączenia (timed out); ponawiam za 5 s
14:36:51  Log przez Wi-Fi: brak połączenia (timed out); ponawiam za 5 s
14:37:06  Log przez Wi-Fi: brak połączenia (timed out); ponawiam za 5 s
14:37:21  Log przez Wi-Fi: brak połączenia (timed out); ponawiam za 5 s
14:37:36  Log przez Wi-Fi: brak połączenia (timed out); ponawiam za 5 s
14:37:51  Log przez Wi-Fi: brak połączenia (timed out); ponawiam za 5 s
14:38:06  Log przez Wi-Fi: brak połączenia (timed out); ponawiam za 5 s
14:38:21  Log przez Wi-Fi: brak połączenia (timed out); ponawiam za 5 s
14:38:36  Log przez Wi-Fi: brak połączenia (timed out); ponawiam za 5 s
14:38:51  Log przez Wi-Fi: brak połączenia (timed out); ponawiam za 5 s
14:39:06  Log przez Wi-Fi: brak połączenia (timed out); ponawiam za 5 s
14:39:21  Log przez Wi-Fi: brak połączenia (timed out); ponawiam za 5 s
14:39:36  Log przez Wi-Fi: brak połączenia (timed out); ponawiam za 5 s
14:39:51  Log przez Wi-Fi: brak połączenia (timed out); ponawiam za 5 s
14:40:06  Log przez Wi-Fi: brak połączenia (timed out); ponawiam za 5 s
14:40:21  Log przez Wi-Fi: brak połączenia (timed out); ponawiam za 5 s
14:40:36  Log przez Wi-Fi: brak połączenia (timed out); ponawiam za 5 s
14:40:51  Log przez Wi-Fi: brak połączenia (timed out); ponawiam za 5 s
14:41:06  Log przez Wi-Fi: brak połączenia (timed out); ponawiam za 5 s
14:41:21  Log przez Wi-Fi: brak połączenia (timed out); ponawiam za 5 s
14:41:36  Log przez Wi-Fi: brak połączenia (timed out); ponawiam za 5 s
14:41:51  Log przez Wi-Fi: brak połączenia (timed out); ponawiam za 5 s
14:42:06  Log przez Wi-Fi: brak połączenia (timed out); ponawiam za 5 s
14:42:21  Log przez Wi-Fi: brak połączenia (timed out); ponawiam za 5 s
14:42:36  Log przez Wi-Fi: brak połączenia (timed out); ponawiam za 5 s
14:42:51  Log przez Wi-Fi: brak połączenia (timed out); ponawiam za 5 s
14:43:06  Log przez Wi-Fi: brak połączenia (timed out); ponawiam za 5 s
14:43:21  Log przez Wi-Fi: brak połączenia (timed out); ponawiam za 5 s
14:43:36  Log przez Wi-Fi: brak połączenia (timed out); ponawiam za 5 s
14:43:51  Log przez Wi-Fi: brak połączenia (timed out); ponawiam za 5 s
14:44:06  Log przez Wi-Fi: brak połączenia (timed out); ponawiam za 5 s
14:44:21  Log przez Wi-Fi: brak połączenia (timed out); ponawiam za 5 s
14:44:36  Log przez Wi-Fi: brak połączenia (timed out); ponawiam za 5 s
14:44:51  Log przez Wi-Fi: brak połączenia (timed out); ponawiam za 5 s
14:45:06  Log przez Wi-Fi: brak połączenia (timed out); ponawiam za 5 s
14:45:21  Log przez Wi-Fi: brak połączenia (timed out); ponawiam za 5 s
14:45:36  Log przez Wi-Fi: brak połączenia (timed out); ponawiam za 5 s
14:45:51  Log przez Wi-Fi: brak połączenia (timed out); ponawiam za 5 s
14:46:06  Log przez Wi-Fi: brak połączenia (timed out); ponawiam za 5 s
14:46:21  Log przez Wi-Fi: brak połączenia (timed out); ponawiam za 5 s
14:46:36  Log przez Wi-Fi: brak połączenia (timed out); ponawiam za 5 s
14:46:51  Log przez Wi-Fi: brak połączenia (timed out); ponawiam za 5 s
14:47:06  Log przez Wi-Fi: brak połączenia (timed out); ponawiam za 5 s
14:47:21  Log przez Wi-Fi: brak połączenia (timed out); ponawiam za 5 s
14:47:36  Log przez Wi-Fi: brak połączenia (timed out); ponawiam za 5 s
14:47:51  Log przez Wi-Fi: brak połączenia (timed out); ponawiam za 5 s
14:48:06  Log przez Wi-Fi: brak połączenia (timed out); ponawiam za 5 s
14:48:21  Log przez Wi-Fi: brak połączenia (timed out); ponawiam za 5 s
14:48:36  Log przez Wi-Fi: brak połączenia (timed out); ponawiam za 5 s
14:48:51  Log przez Wi-Fi: brak połączenia (timed out); ponawiam za 5 s
14:49:06  Log przez Wi-Fi: brak połączenia (timed out); ponawiam za 5 s
14:49:21  Log przez Wi-Fi: brak połączenia (timed out); ponawiam za 5 s
14:49:36  Log przez Wi-Fi: brak połączenia (timed out); ponawiam za 5 s
14:49:51  Log przez Wi-Fi: brak połączenia (timed out); ponawiam za 5 s
14:50:06  Log przez Wi-Fi: brak połączenia (timed out); ponawiam za 5 s
14:50:21  Log przez Wi-Fi: brak połączenia (timed out); ponawiam za 5 s
14:50:36  Log przez Wi-Fi: brak połączenia (timed out); ponawiam za 5 s
14:50:51  Log przez Wi-Fi: brak połączenia (timed out); ponawiam za 5 s
14:51:06  Log przez Wi-Fi: brak połączenia (timed out); ponawiam za 5 s
14:51:21  Log przez Wi-Fi: brak połączenia (timed out); ponawiam za 5 s
14:51:36  Log przez Wi-Fi: brak połączenia (timed out); ponawiam za 5 s
14:51:51  Log przez Wi-Fi: brak połączenia (timed out); ponawiam za 5 s
14:52:06  Log przez Wi-Fi: brak połączenia (timed out); ponawiam za 5 s
14:52:21  Log przez Wi-Fi: brak połączenia (timed out); ponawiam za 5 s
14:52:36  Log przez Wi-Fi: brak połączenia (timed out); ponawiam za 5 s
14:52:51  Log przez Wi-Fi: brak połączenia (timed out); ponawiam za 5 s
14:53:06  Log przez Wi-Fi: brak połączenia (timed out); ponawiam za 5 s
14:53:21  Log przez Wi-Fi: brak połączenia (timed out); ponawiam za 5 s
14:53:36  Log przez Wi-Fi: brak połączenia (timed out); ponawiam za 5 s
14:53:51  Log przez Wi-Fi: brak połączenia (timed out); ponawiam za 5 s
14:54:06  Log przez Wi-Fi: brak połączenia (timed out); ponawiam za 5 s
14:54:21  Log przez Wi-Fi: brak połączenia (timed out); ponawiam za 5 s
14:54:37  Log przez Wi-Fi: brak połączenia (timed out); ponawiam za 5 s
14:54:52  Log przez Wi-Fi: brak połączenia (timed out); ponawiam za 5 s
14:55:07  Log przez Wi-Fi: brak połączenia (timed out); ponawiam za 5 s
14:55:22  Log przez Wi-Fi: brak połączenia (timed out); ponawiam za 5 s
14:55:37  Log przez Wi-Fi: brak połączenia (timed out); ponawiam za 5 s
14:55:52  Log przez Wi-Fi: brak połączenia (timed out); ponawiam za 5 s
14:56:07  Log przez Wi-Fi: brak połączenia (timed out); ponawiam za 5 s
14:56:22  Log przez Wi-Fi: brak połączenia (timed out); ponawiam za 5 s
14:56:37  Log przez Wi-Fi: brak połączenia (timed out); ponawiam za 5 s
14:56:52  Log przez Wi-Fi: brak połączenia (timed out); ponawiam za 5 s
14:57:07  Log przez Wi-Fi: brak połączenia (timed out); ponawiam za 5 s
14:57:22  Log przez Wi-Fi: brak połączenia (timed out); ponawiam za 5 s
14:57:37  Log przez Wi-Fi: brak połączenia (timed out); ponawiam za 5 s
14:57:52  Log przez Wi-Fi: brak połączenia (timed out); ponawiam za 5 s
14:58:07  Log przez Wi-Fi: brak połączenia (timed out); ponawiam za 5 s
14:58:22  Log przez Wi-Fi: brak połączenia (timed out); ponawiam za 5 s
14:58:37  Log przez Wi-Fi: brak połączenia (timed out); ponawiam za 5 s
14:58:52  Log przez Wi-Fi: brak połączenia (timed out); ponawiam za 5 s
14:59:07  Log przez Wi-Fi: brak połączenia (timed out); ponawiam za 5 s
14:59:22  Log przez Wi-Fi: brak połączenia (timed out); ponawiam za 5 s
14:59:37  Log przez Wi-Fi: brak połączenia (timed out); ponawiam za 5 s
14:59:52  Log przez Wi-Fi: brak połączenia (timed out); ponawiam za 5 s
15:00:07  Log przez Wi-Fi: brak połączenia (timed out); ponawiam za 5 s
15:00:22  Log przez Wi-Fi: brak połączenia (timed out); ponawiam za 5 s
15:00:37  Log przez Wi-Fi: brak połączenia (timed out); ponawiam za 5 s
15:00:52  Log przez Wi-Fi: brak połączenia (timed out); ponawiam za 5 s
15:01:07  Log przez Wi-Fi: brak połączenia (timed out); ponawiam za 5 s
15:01:22  Log przez Wi-Fi: brak połączenia (timed out); ponawiam za 5 s
15:01:37  Log przez Wi-Fi: brak połączenia (timed out); ponawiam za 5 s
15:01:52  Log przez Wi-Fi: brak połączenia (timed out); ponawiam za 5 s
15:02:07  Log przez Wi-Fi: brak połączenia (timed out); ponawiam za 5 s
15:02:22  Log przez Wi-Fi: brak połączenia (timed out); ponawiam za 5 s
15:02:37  Log przez Wi-Fi: brak połączenia (timed out); ponawiam za 5 s
15:02:52  Log przez Wi-Fi: brak połączenia (timed out); ponawiam za 5 s
15:03:07  Log przez Wi-Fi: brak połączenia (timed out); ponawiam za 5 s
15:03:22  Log przez Wi-Fi: brak połączenia (timed out); ponawiam za 5 s
15:03:37  Log przez Wi-Fi: brak połączenia (timed out); ponawiam za 5 s
15:03:52  Log przez Wi-Fi: brak połączenia (timed out); ponawiam za 5 s
15:04:07  Log przez Wi-Fi: brak połączenia (timed out); ponawiam za 5 s
15:04:22  Log przez Wi-Fi: brak połączenia (timed out); ponawiam za 5 s
15:04:37  Log przez Wi-Fi: brak połączenia (timed out); ponawiam za 5 s
15:04:52  Log przez Wi-Fi: brak połączenia (timed out); ponawiam za 5 s
15:05:07  Log przez Wi-Fi: brak połączenia (timed out); ponawiam za 5 s
15:05:22  Log przez Wi-Fi: brak połączenia (timed out); ponawiam za 5 s
15:05:37  Log przez Wi-Fi: brak połączenia (timed out); ponawiam za 5 s
15:05:52  Log przez Wi-Fi: brak połączenia (timed out); ponawiam za 5 s
15:06:07  Log przez Wi-Fi: brak połączenia (timed out); ponawiam za 5 s
15:06:22  Log przez Wi-Fi: brak połączenia (timed out); ponawiam za 5 s
15:06:37  Log przez Wi-Fi: brak połączenia (timed out); ponawiam za 5 s
15:06:52  Log przez Wi-Fi: brak połączenia (timed out); ponawiam za 5 s
15:07:07  Log przez Wi-Fi: brak połączenia (timed out); ponawiam za 5 s
15:07:22  Log przez Wi-Fi: brak połączenia (timed out); ponawiam za 5 s
15:07:37  Log przez Wi-Fi: brak połączenia (timed out); ponawiam za 5 s
15:07:52  Log przez Wi-Fi: brak połączenia (timed out); ponawiam za 5 s
15:08:07  Log przez Wi-Fi: brak połączenia (timed out); ponawiam za 5 s
15:08:22  Log przez Wi-Fi: brak połączenia (timed out); ponawiam za 5 s
15:08:37  Log przez Wi-Fi: brak połączenia (timed out); ponawiam za 5 s
15:08:52  Log przez Wi-Fi: brak połączenia (timed out); ponawiam za 5 s
15:09:07  Log przez Wi-Fi: brak połączenia (timed out); ponawiam za 5 s
15:09:22  Log przez Wi-Fi: brak połączenia (timed out); ponawiam za 5 s
15:09:37  Log przez Wi-Fi: brak połączenia (timed out); ponawiam za 5 s
15:09:52  Log przez Wi-Fi: brak połączenia (timed out); ponawiam za 5 s
15:10:07  Log przez Wi-Fi: brak połączenia (timed out); ponawiam za 5 s
15:10:22  Log przez Wi-Fi: brak połączenia (timed out); ponawiam za 5 s
15:10:37  Log przez Wi-Fi: brak połączenia (timed out); ponawiam za 5 s
15:10:52  Log przez Wi-Fi: brak połączenia (timed out); ponawiam za 5 s
15:11:07  Log przez Wi-Fi: brak połączenia (timed out); ponawiam za 5 s
15:11:22  Log przez Wi-Fi: brak połączenia (timed out); ponawiam za 5 s
15:11:37  Log przez Wi-Fi: brak połączenia (timed out); ponawiam za 5 s
15:11:52  Log przez Wi-Fi: brak połączenia (timed out); ponawiam za 5 s
15:12:07  Log przez Wi-Fi: brak połączenia (timed out); ponawiam za 5 s
15:12:22  Log przez Wi-Fi: brak połączenia (timed out); ponawiam za 5 s
15:12:37  Log przez Wi-Fi: brak połączenia (timed out); ponawiam za 5 s
15:12:52  Log przez Wi-Fi: brak połączenia (timed out); ponawiam za 5 s
15:13:07  Log przez Wi-Fi: brak połączenia (timed out); ponawiam za 5 s
15:13:22  Log przez Wi-Fi: brak połączenia (timed out); ponawiam za 5 s
15:13:37  Log przez Wi-Fi: brak połączenia (timed out); ponawiam za 5 s
15:13:52  Log przez Wi-Fi: brak połączenia (timed out); ponawiam za 5 s
15:14:07  Log przez Wi-Fi: brak połączenia (timed out); ponawiam za 5 s
15:14:22  Log przez Wi-Fi: brak połączenia (timed out); ponawiam za 5 s
15:14:37  Log przez Wi-Fi: brak połączenia (timed out); ponawiam za 5 s
15:14:52  Log przez Wi-Fi: brak połączenia (timed out); ponawiam za 5 s
15:15:07  Log przez Wi-Fi: brak połączenia (timed out); ponawiam za 5 s
15:15:22  Log przez Wi-Fi: brak połączenia (timed out); ponawiam za 5 s
15:15:37  Log przez Wi-Fi: brak połączenia (timed out); ponawiam za 5 s
15:15:52  Log przez Wi-Fi: brak połączenia (timed out); ponawiam za 5 s
15:16:07  Log przez Wi-Fi: brak połączenia (timed out); ponawiam za 5 s
15:16:22  Log przez Wi-Fi: brak połączenia (timed out); ponawiam za 5 s
15:16:37  Log przez Wi-Fi: brak połączenia (timed out); ponawiam za 5 s
15:16:52  Log przez Wi-Fi: brak połączenia (timed out); ponawiam za 5 s
15:17:07  Log przez Wi-Fi: brak połączenia (timed out); ponawiam za 5 s
15:17:22  Log przez Wi-Fi: brak połączenia (timed out); ponawiam za 5 s
15:17:37  Log przez Wi-Fi: brak połączenia (timed out); ponawiam za 5 s
15:17:52  Log przez Wi-Fi: brak połączenia (timed out); ponawiam za 5 s
15:18:07  Log przez Wi-Fi: brak połączenia (timed out); ponawiam za 5 s
15:18:22  Log przez Wi-Fi: brak połączenia (timed out); ponawiam za 5 s
15:18:37  Log przez Wi-Fi: brak połączenia (timed out); ponawiam za 5 s
15:18:52  Log przez Wi-Fi: brak połączenia (timed out); ponawiam za 5 s
15:19:07  Log przez Wi-Fi: brak połączenia (timed out); ponawiam za 5 s
15:19:22  Log przez Wi-Fi: brak połączenia (timed out); ponawiam za 5 s
15:19:37  Log przez Wi-Fi: brak połączenia (timed out); ponawiam za 5 s
15:19:52  Log przez Wi-Fi: brak połączenia (timed out); ponawiam za 5 s
15:20:07  Log przez Wi-Fi: brak połączenia (timed out); ponawiam za 5 s
15:20:22  Log przez Wi-Fi: brak połączenia (timed out); ponawiam za 5 s
15:20:37  Log przez Wi-Fi: brak połączenia (timed out); ponawiam za 5 s
15:20:52  Log przez Wi-Fi: brak połączenia (timed out); ponawiam za 5 s
15:21:07  Log przez Wi-Fi: brak połączenia (timed out); ponawiam za 5 s
15:21:22  Log przez Wi-Fi: brak połączenia (timed out); ponawiam za 5 s
15:21:37  Log przez Wi-Fi: brak połączenia (timed out); ponawiam za 5 s
15:21:52  Log przez Wi-Fi: brak połączenia (timed out); ponawiam za 5 s
15:22:07  Log przez Wi-Fi: brak połączenia (timed out); ponawiam za 5 s
15:22:22  Log przez Wi-Fi: brak połączenia (timed out); ponawiam za 5 s
15:22:37  Log przez Wi-Fi: brak połączenia (timed out); ponawiam za 5 s
15:22:52  Log przez Wi-Fi: brak połączenia (timed out); ponawiam za 5 s
15:23:07  Log przez Wi-Fi: brak połączenia (timed out); ponawiam za 5 s
15:23:22  Log przez Wi-Fi: brak połączenia (timed out); ponawiam za 5 s
15:23:37  Log przez Wi-Fi: brak połączenia (timed out); ponawiam za 5 s
15:23:52  Log przez Wi-Fi: brak połączenia (timed out); ponawiam za 5 s
15:24:07  Log przez Wi-Fi: brak połączenia (timed out); ponawiam za 5 s
15:24:22  Log przez Wi-Fi: brak połączenia (timed out); ponawiam za 5 s
15:24:37  Log przez Wi-Fi: brak połączenia (timed out); ponawiam za 5 s
15:24:52  Log przez Wi-Fi: brak połączenia (timed out); ponawiam za 5 s
15:25:07  Log przez Wi-Fi: brak połączenia (timed out); ponawiam za 5 s
15:25:23  Log przez Wi-Fi: brak połączenia (timed out); ponawiam za 5 s
15:25:38  Log przez Wi-Fi: brak połączenia (timed out); ponawiam za 5 s
15:25:53  Log przez Wi-Fi: brak połączenia (timed out); ponawiam za 5 s
15:26:08  Log przez Wi-Fi: brak połączenia (timed out); ponawiam za 5 s
15:26:23  Log przez Wi-Fi: brak połączenia (timed out); ponawiam za 5 s
15:26:38  Log przez Wi-Fi: brak połączenia (timed out); ponawiam za 5 s
15:26:53  Log przez Wi-Fi: brak połączenia (timed out); ponawiam za 5 s
15:27:08  Log przez Wi-Fi: brak połączenia (timed out); ponawiam za 5 s
15:27:23  Log przez Wi-Fi: brak połączenia (timed out); ponawiam za 5 s
15:27:38  Log przez Wi-Fi: brak połączenia (timed out); ponawiam za 5 s
15:27:53  Log przez Wi-Fi: brak połączenia (timed out); ponawiam za 5 s
15:28:08  Log przez Wi-Fi: brak połączenia (timed out); ponawiam za 5 s
15:28:23  Log przez Wi-Fi: brak połączenia (timed out); ponawiam za 5 s
15:28:38  Log przez Wi-Fi: brak połączenia (timed out); ponawiam za 5 s
15:28:53  Log przez Wi-Fi: brak połączenia (timed out); ponawiam za 5 s
15:29:08  Log przez Wi-Fi: brak połączenia (timed out); ponawiam za 5 s
15:29:23  Log przez Wi-Fi: brak połączenia (timed out); ponawiam za 5 s
15:29:38  Log przez Wi-Fi: brak połączenia (timed out); ponawiam za 5 s
15:29:53  Log przez Wi-Fi: brak połączenia (timed out); ponawiam za 5 s
15:30:08  Log przez Wi-Fi: brak połączenia (timed out); ponawiam za 5 s
15:30:23  Log przez Wi-Fi: brak połączenia (timed out); ponawiam za 5 s
15:30:38  Log przez Wi-Fi: brak połączenia (timed out); ponawiam za 5 s
15:30:53  Log przez Wi-Fi: brak połączenia (timed out); ponawiam za 5 s
15:31:08  Log przez Wi-Fi: brak połączenia (timed out); ponawiam za 5 s
15:31:23  Log przez Wi-Fi: brak połączenia (timed out); ponawiam za 5 s
15:31:38  Log przez Wi-Fi: brak połączenia (timed out); ponawiam za 5 s
15:31:53  Log przez Wi-Fi: brak połączenia (timed out); ponawiam za 5 s
15:32:08  Log przez Wi-Fi: brak połączenia (timed out); ponawiam za 5 s
15:32:23  Log przez Wi-Fi: brak połączenia (timed out); ponawiam za 5 s
15:32:38  Log przez Wi-Fi: brak połączenia (timed out); ponawiam za 5 s
15:32:53  Log przez Wi-Fi: brak połączenia (timed out); ponawiam za 5 s
15:33:08  Log przez Wi-Fi: brak połączenia (timed out); ponawiam za 5 s
15:33:23  Log przez Wi-Fi: brak połączenia (timed out); ponawiam za 5 s
15:33:38  Log przez Wi-Fi: brak połączenia (timed out); ponawiam za 5 s
15:33:53  Log przez Wi-Fi: brak połączenia (timed out); ponawiam za 5 s
15:34:08  Log przez Wi-Fi: brak połączenia (timed out); ponawiam za 5 s
15:34:23  Log przez Wi-Fi: brak połączenia (timed out); ponawiam za 5 s
15:34:38  Log przez Wi-Fi: brak połączenia (timed out); ponawiam za 5 s
15:34:53  Log przez Wi-Fi: brak połączenia (timed out); ponawiam za 5 s
15:35:08  Log przez Wi-Fi: brak połączenia (timed out); ponawiam za 5 s
15:35:23  Log przez Wi-Fi: brak połączenia (timed out); ponawiam za 5 s
15:35:38  Log przez Wi-Fi: brak połączenia (timed out); ponawiam za 5 s
15:35:53  Log przez Wi-Fi: brak połączenia (timed out); ponawiam za 5 s
15:36:08  Log przez Wi-Fi: brak połączenia (timed out); ponawiam za 5 s
15:36:23  Log przez Wi-Fi: brak połączenia (timed out); ponawiam za 5 s
15:36:38  Log przez Wi-Fi: brak połączenia (timed out); ponawiam za 5 s
15:36:53  Log przez Wi-Fi: brak połączenia (timed out); ponawiam za 5 s
15:37:08  Log przez Wi-Fi: brak połączenia (timed out); ponawiam za 5 s
15:37:23  Log przez Wi-Fi: brak połączenia (timed out); ponawiam za 5 s
15:37:38  Log przez Wi-Fi: brak połączenia (timed out); ponawiam za 5 s
15:37:53  Log przez Wi-Fi: brak połączenia (timed out); ponawiam za 5 s
15:38:08  Log przez Wi-Fi: brak połączenia (timed out); ponawiam za 5 s
15:38:23  Log przez Wi-Fi: brak połączenia (timed out); ponawiam za 5 s
15:38:38  Log przez Wi-Fi: brak połączenia (timed out); ponawiam za 5 s
15:38:53  Log przez Wi-Fi: brak połączenia (timed out); ponawiam za 5 s
15:39:08  Log przez Wi-Fi: brak połączenia (timed out); ponawiam za 5 s
15:39:23  Log przez Wi-Fi: brak połączenia (timed out); ponawiam za 5 s
15:39:38  Log przez Wi-Fi: brak połączenia (timed out); ponawiam za 5 s
15:39:53  Log przez Wi-Fi: brak połączenia (timed out); ponawiam za 5 s
15:40:08  Log przez Wi-Fi: brak połączenia (timed out); ponawiam za 5 s
15:40:23  Log przez Wi-Fi: brak połączenia (timed out); ponawiam za 5 s
15:40:38  Log przez Wi-Fi: brak połączenia (timed out); ponawiam za 5 s
15:40:53  Log przez Wi-Fi: brak połączenia (timed out); ponawiam za 5 s
15:41:08  Log przez Wi-Fi: brak połączenia (timed out); ponawiam za 5 s
15:41:23  Log przez Wi-Fi: brak połączenia (timed out); ponawiam za 5 s
15:41:38  Log przez Wi-Fi: brak połączenia (timed out); ponawiam za 5 s
15:41:53  Log przez Wi-Fi: brak połączenia (timed out); ponawiam za 5 s
15:42:08  Log przez Wi-Fi: brak połączenia (timed out); ponawiam za 5 s
15:42:23  Log przez Wi-Fi: brak połączenia (timed out); ponawiam za 5 s
15:42:38  Log przez Wi-Fi: brak połączenia (timed out); ponawiam za 5 s
15:42:53  Log przez Wi-Fi: brak połączenia (timed out); ponawiam za 5 s
15:43:08  Log przez Wi-Fi: brak połączenia (timed out); ponawiam za 5 s
15:43:23  Log przez Wi-Fi: brak połączenia (timed out); ponawiam za 5 s
15:43:38  Log przez Wi-Fi: brak połączenia (timed out); ponawiam za 5 s
15:43:53  Log przez Wi-Fi: brak połączenia (timed out); ponawiam za 5 s
15:44:08  Log przez Wi-Fi: brak połączenia (timed out); ponawiam za 5 s
15:44:23  Log przez Wi-Fi: brak połączenia (timed out); ponawiam za 5 s
15:44:38  Log przez Wi-Fi: brak połączenia (timed out); ponawiam za 5 s
15:44:53  Log przez Wi-Fi: brak połączenia (timed out); ponawiam za 5 s
15:45:08  Log przez Wi-Fi: brak połączenia (timed out); ponawiam za 5 s
15:45:23  Log przez Wi-Fi: brak połączenia (timed out); ponawiam za 5 s
15:45:38  Log przez Wi-Fi: brak połączenia (timed out); ponawiam za 5 s
15:45:53  Log przez Wi-Fi: brak połączenia (timed out); ponawiam za 5 s
15:46:08  Log przez Wi-Fi: brak połączenia (timed out); ponawiam za 5 s
15:46:23  Log przez Wi-Fi: brak połączenia (timed out); ponawiam za 5 s
15:46:38  Log przez Wi-Fi: brak połączenia (timed out); ponawiam za 5 s
15:46:53  Log przez Wi-Fi: brak połączenia (timed out); ponawiam za 5 s
15:47:08  Log przez Wi-Fi: brak połączenia (timed out); ponawiam za 5 s
15:47:23  Log przez Wi-Fi: brak połączenia (timed out); ponawiam za 5 s
15:47:38  Log przez Wi-Fi: brak połączenia (timed out); ponawiam za 5 s
15:47:53  Log przez Wi-Fi: brak połączenia (timed out); ponawiam za 5 s
15:48:08  Log przez Wi-Fi: brak połączenia (timed out); ponawiam za 5 s
15:48:23  Log przez Wi-Fi: brak połączenia (timed out); ponawiam za 5 s
15:48:38  Log przez Wi-Fi: brak połączenia (timed out); ponawiam za 5 s
15:48:53  Log przez Wi-Fi: brak połączenia (timed out); ponawiam za 5 s
15:49:08  Log przez Wi-Fi: brak połączenia (timed out); ponawiam za 5 s
15:49:23  Log przez Wi-Fi: brak połączenia (timed out); ponawiam za 5 s
15:49:38  Log przez Wi-Fi: brak połączenia (timed out); ponawiam za 5 s
15:49:53  Log przez Wi-Fi: brak połączenia (timed out); ponawiam za 5 s
15:50:08  Log przez Wi-Fi: brak połączenia (timed out); ponawiam za 5 s
15:50:23  Log przez Wi-Fi: brak połączenia (timed out); ponawiam za 5 s
15:50:38  Log przez Wi-Fi: brak połączenia (timed out); ponawiam za 5 s
15:50:53  Log przez Wi-Fi: brak połączenia (timed out); ponawiam za 5 s
15:51:08  Log przez Wi-Fi: brak połączenia (timed out); ponawiam za 5 s
15:51:23  Log przez Wi-Fi: brak połączenia (timed out); ponawiam za 5 s
15:51:38  Log przez Wi-Fi: brak połączenia (timed out); ponawiam za 5 s
15:51:53  Log przez Wi-Fi: brak połączenia (timed out); ponawiam za 5 s
15:52:08  Log przez Wi-Fi: brak połączenia (timed out); ponawiam za 5 s
15:52:23  Log przez Wi-Fi: brak połączenia (timed out); ponawiam za 5 s
15:52:38  Log przez Wi-Fi: brak połączenia (timed out); ponawiam za 5 s
15:52:53  Log przez Wi-Fi: brak połączenia (timed out); ponawiam za 5 s
15:53:08  Log przez Wi-Fi: brak połączenia (timed out); ponawiam za 5 s
15:53:23  Log przez Wi-Fi: brak połączenia (timed out); ponawiam za 5 s
15:53:39  Log przez Wi-Fi: brak połączenia (timed out); ponawiam za 5 s
15:53:54  Log przez Wi-Fi: brak połączenia (timed out); ponawiam za 5 s
15:54:09  Log przez Wi-Fi: brak połączenia (timed out); ponawiam za 5 s
15:54:24  Log przez Wi-Fi: brak połączenia (timed out); ponawiam za 5 s
15:54:39  Log przez Wi-Fi: brak połączenia (timed out); ponawiam za 5 s
15:54:54  Log przez Wi-Fi: brak połączenia (timed out); ponawiam za 5 s
15:55:09  Log przez Wi-Fi: brak połączenia (timed out); ponawiam za 5 s
15:55:24  Log przez Wi-Fi: brak połączenia (timed out); ponawiam za 5 s
15:55:39  Log przez Wi-Fi: brak połączenia (timed out); ponawiam za 5 s
15:55:54  Log przez Wi-Fi: brak połączenia (timed out); ponawiam za 5 s
15:56:09  Log przez Wi-Fi: brak połączenia (timed out); ponawiam za 5 s
15:56:24  Log przez Wi-Fi: brak połączenia (timed out); ponawiam za 5 s
15:56:39  Log przez Wi-Fi: brak połączenia (timed out); ponawiam za 5 s
15:56:54  Log przez Wi-Fi: brak połączenia (timed out); ponawiam za 5 s
15:57:09  Log przez Wi-Fi: brak połączenia (timed out); ponawiam za 5 s
15:57:24  Log przez Wi-Fi: brak połączenia (timed out); ponawiam za 5 s
15:57:39  Log przez Wi-Fi: brak połączenia (timed out); ponawiam za 5 s
15:57:54  Log przez Wi-Fi: brak połączenia (timed out); ponawiam za 5 s
15:58:09  Log przez Wi-Fi: brak połączenia (timed out); ponawiam za 5 s
15:58:24  Log przez Wi-Fi: brak połączenia (timed out); ponawiam za 5 s
15:58:39  Log przez Wi-Fi: brak połączenia (timed out); ponawiam za 5 s
15:58:54  Log przez Wi-Fi: brak połączenia (timed out); ponawiam za 5 s
15:59:09  Log przez Wi-Fi: brak połączenia (timed out); ponawiam za 5 s
15:59:24  Log przez Wi-Fi: brak połączenia (timed out); ponawiam za 5 s
15:59:39  Log przez Wi-Fi: brak połączenia (timed out); ponawiam za 5 s
15:59:54  Log przez Wi-Fi: brak połączenia (timed out); ponawiam za 5 s
16:00:09  Log przez Wi-Fi: brak połączenia (timed out); ponawiam za 5 s
16:00:24  Log przez Wi-Fi: brak połączenia (timed out); ponawiam za 5 s
16:00:39  Log przez Wi-Fi: brak połączenia (timed out); ponawiam za 5 s
16:00:54  Log przez Wi-Fi: brak połączenia (timed out); ponawiam za 5 s
16:01:09  Log przez Wi-Fi: brak połączenia (timed out); ponawiam za 5 s
16:01:24  Log przez Wi-Fi: brak połączenia (timed out); ponawiam za 5 s
16:01:39  Log przez Wi-Fi: brak połączenia (timed out); ponawiam za 5 s
16:01:54  Log przez Wi-Fi: brak połączenia (timed out); ponawiam za 5 s
16:02:09  Log przez Wi-Fi: brak połączenia (timed out); ponawiam za 5 s
16:02:24  Log przez Wi-Fi: brak połączenia (timed out); ponawiam za 5 s
16:02:39  Log przez Wi-Fi: brak połączenia (timed out); ponawiam za 5 s
16:02:54  Log przez Wi-Fi: brak połączenia (timed out); ponawiam za 5 s
16:03:09  Log przez Wi-Fi: brak połączenia (timed out); ponawiam za 5 s
16:03:24  Log przez Wi-Fi: brak połączenia (timed out); ponawiam za 5 s
16:03:39  Log przez Wi-Fi: brak połączenia (timed out); ponawiam za 5 s
16:03:54  Log przez Wi-Fi: brak połączenia (timed out); ponawiam za 5 s
16:04:09  Log przez Wi-Fi: brak połączenia (timed out); ponawiam za 5 s
16:04:24  Log przez Wi-Fi: brak połączenia (timed out); ponawiam za 5 s
16:04:39  Log przez Wi-Fi: brak połączenia (timed out); ponawiam za 5 s
16:04:54  Log przez Wi-Fi: brak połączenia (timed out); ponawiam za 5 s
16:05:09  Log przez Wi-Fi: brak połączenia (timed out); ponawiam za 5 s
16:05:24  Log przez Wi-Fi: brak połączenia (timed out); ponawiam za 5 s
16:05:39  Log przez Wi-Fi: brak połączenia (timed out); ponawiam za 5 s
16:05:54  Log przez Wi-Fi: brak połączenia (timed out); ponawiam za 5 s
16:06:09  Log przez Wi-Fi: brak połączenia (timed out); ponawiam za 5 s
16:06:24  Log przez Wi-Fi: brak połączenia (timed out); ponawiam za 5 s
16:06:39  Log przez Wi-Fi: brak połączenia (timed out); ponawiam za 5 s
16:06:54  Log przez Wi-Fi: brak połączenia (timed out); ponawiam za 5 s
16:07:09  Log przez Wi-Fi: brak połączenia (timed out); ponawiam za 5 s
16:07:24  Log przez Wi-Fi: brak połączenia (timed out); ponawiam za 5 s
16:07:39  Log przez Wi-Fi: brak połączenia (timed out); ponawiam za 5 s
16:07:54  Log przez Wi-Fi: brak połączenia (timed out); ponawiam za 5 s
16:08:09  Log przez Wi-Fi: brak połączenia (timed out); ponawiam za 5 s
16:08:24  Log przez Wi-Fi: brak połączenia (timed out); ponawiam za 5 s
16:08:39  Log przez Wi-Fi: brak połączenia (timed out); ponawiam za 5 s
16:08:54  Log przez Wi-Fi: brak połączenia (timed out); ponawiam za 5 s
16:09:09  Log przez Wi-Fi: brak połączenia (timed out); ponawiam za 5 s
16:09:24  Log przez Wi-Fi: brak połączenia (timed out); ponawiam za 5 s
16:09:39  Log przez Wi-Fi: brak połączenia (timed out); ponawiam za 5 s
16:09:54  Log przez Wi-Fi: brak połączenia (timed out); ponawiam za 5 s
16:10:09  Log przez Wi-Fi: brak połączenia (timed out); ponawiam za 5 s
16:10:24  Log przez Wi-Fi: brak połączenia (timed out); ponawiam za 5 s
16:10:39  Log przez Wi-Fi: brak połączenia (timed out); ponawiam za 5 s
16:10:54  Log przez Wi-Fi: brak połączenia (timed out); ponawiam za 5 s
16:11:09  Log przez Wi-Fi: brak połączenia (timed out); ponawiam za 5 s
16:11:24  Log przez Wi-Fi: brak połączenia (timed out); ponawiam za 5 s
16:11:39  Log przez Wi-Fi: brak połączenia (timed out); ponawiam za 5 s
16:11:54  Log przez Wi-Fi: brak połączenia (timed out); ponawiam za 5 s
16:12:09  Log przez Wi-Fi: brak połączenia (timed out); ponawiam za 5 s
16:12:24  Log przez Wi-Fi: brak połączenia (timed out); ponawiam za 5 s
16:12:39  Log przez Wi-Fi: brak połączenia (timed out); ponawiam za 5 s
16:12:54  Log przez Wi-Fi: brak połączenia (timed out); ponawiam za 5 s
16:13:09  Log przez Wi-Fi: brak połączenia (timed out); ponawiam za 5 s
16:13:24  Log przez Wi-Fi: brak połączenia (timed out); ponawiam za 5 s
16:13:39  Log przez Wi-Fi: brak połączenia (timed out); ponawiam za 5 s
16:13:54  Log przez Wi-Fi: brak połączenia (timed out); ponawiam za 5 s
16:14:09  Log przez Wi-Fi: brak połączenia (timed out); ponawiam za 5 s
16:14:24  Log przez Wi-Fi: brak połączenia (timed out); ponawiam za 5 s
16:14:39  Log przez Wi-Fi: brak połączenia (timed out); ponawiam za 5 s
16:14:54  Log przez Wi-Fi: brak połączenia (timed out); ponawiam za 5 s
16:15:09  Log przez Wi-Fi: brak połączenia (timed out); ponawiam za 5 s
16:15:24  Log przez Wi-Fi: brak połączenia (timed out); ponawiam za 5 s
16:15:39  Log przez Wi-Fi: brak połączenia (timed out); ponawiam za 5 s
16:15:54  Log przez Wi-Fi: brak połączenia (timed out); ponawiam za 5 s
16:16:09  Log przez Wi-Fi: brak połączenia (timed out); ponawiam za 5 s
16:16:24  Log przez Wi-Fi: brak połączenia (timed out); ponawiam za 5 s
16:16:39  Log przez Wi-Fi: brak połączenia (timed out); ponawiam za 5 s
16:16:54  Log przez Wi-Fi: brak połączenia (timed out); ponawiam za 5 s
16:17:09  Log przez Wi-Fi: brak połączenia (timed out); ponawiam za 5 s
16:17:24  Log przez Wi-Fi: brak połączenia (timed out); ponawiam za 5 s
16:17:39  Log przez Wi-Fi: brak połączenia (timed out); ponawiam za 5 s
16:17:54  Log przez Wi-Fi: brak połączenia (timed out); ponawiam za 5 s
16:18:09  Log przez Wi-Fi: brak połączenia (timed out); ponawiam za 5 s
16:18:24  Log przez Wi-Fi: brak połączenia (timed out); ponawiam za 5 s
16:18:39  Log przez Wi-Fi: brak połączenia (timed out); ponawiam za 5 s
16:18:54  Log przez Wi-Fi: brak połączenia (timed out); ponawiam za 5 s
16:19:09  Log przez Wi-Fi: brak połączenia (timed out); ponawiam za 5 s
16:19:24  Log przez Wi-Fi: brak połączenia (timed out); ponawiam za 5 s
16:19:39  Log przez Wi-Fi: brak połączenia (timed out); ponawiam za 5 s
16:19:54  Log przez Wi-Fi: brak połączenia (timed out); ponawiam za 5 s
16:20:09  Log przez Wi-Fi: brak połączenia (timed out); ponawiam za 5 s
16:20:24  Log przez Wi-Fi: brak połączenia (timed out); ponawiam za 5 s
16:20:39  Log przez Wi-Fi: brak połączenia (timed out); ponawiam za 5 s
16:20:54  Log przez Wi-Fi: brak połączenia (timed out); ponawiam za 5 s
16:21:09  Log przez Wi-Fi: brak połączenia (timed out); ponawiam za 5 s
16:21:24  Log przez Wi-Fi: brak połączenia (timed out); ponawiam za 5 s
16:21:39  Log przez Wi-Fi: brak połączenia (timed out); ponawiam za 5 s
16:21:54  Log przez Wi-Fi: brak połączenia (timed out); ponawiam za 5 s
16:22:09  Log przez Wi-Fi: brak połączenia (timed out); ponawiam za 5 s
16:22:24  Log przez Wi-Fi: brak połączenia (timed out); ponawiam za 5 s
16:22:39  Log przez Wi-Fi: brak połączenia (timed out); ponawiam za 5 s
16:22:54  Log przez Wi-Fi: brak połączenia (timed out); ponawiam za 5 s
16:23:10  Log przez Wi-Fi: brak połączenia (timed out); ponawiam za 5 s
16:23:25  Log przez Wi-Fi: brak połączenia (timed out); ponawiam za 5 s
16:23:40  Log przez Wi-Fi: brak połączenia (timed out); ponawiam za 5 s
16:23:55  Log przez Wi-Fi: brak połączenia (timed out); ponawiam za 5 s
16:24:10  Log przez Wi-Fi: brak połączenia (timed out); ponawiam za 5 s
16:24:25  Log przez Wi-Fi: brak połączenia (timed out); ponawiam za 5 s
16:24:40  Log przez Wi-Fi: brak połączenia (timed out); ponawiam za 5 s
16:24:55  Log przez Wi-Fi: brak połączenia (timed out); ponawiam za 5 s
16:25:10  Log przez Wi-Fi: brak połączenia (timed out); ponawiam za 5 s
16:25:25  Log przez Wi-Fi: brak połączenia (timed out); ponawiam za 5 s
16:25:40  Log przez Wi-Fi: brak połączenia (timed out); ponawiam za 5 s
16:25:55  Log przez Wi-Fi: brak połączenia (timed out); ponawiam za 5 s
16:26:10  Log przez Wi-Fi: brak połączenia (timed out); ponawiam za 5 s
16:26:25  Log przez Wi-Fi: brak połączenia (timed out); ponawiam za 5 s
16:26:40  Log przez Wi-Fi: brak połączenia (timed out); ponawiam za 5 s
16:26:55  Log przez Wi-Fi: brak połączenia (timed out); ponawiam za 5 s
16:27:10  Log przez Wi-Fi: brak połączenia (timed out); ponawiam za 5 s
16:27:25  Log przez Wi-Fi: brak połączenia (timed out); ponawiam za 5 s
16:27:40  Log przez Wi-Fi: brak połączenia (timed out); ponawiam za 5 s
16:27:55  Log przez Wi-Fi: brak połączenia (timed out); ponawiam za 5 s
16:28:10  Log przez Wi-Fi: brak połączenia (timed out); ponawiam za 5 s
16:28:25  Log przez Wi-Fi: brak połączenia (timed out); ponawiam za 5 s
16:28:40  Log przez Wi-Fi: brak połączenia (timed out); ponawiam za 5 s
16:28:55  Log przez Wi-Fi: brak połączenia (timed out); ponawiam za 5 s
16:29:10  Log przez Wi-Fi: brak połączenia (timed out); ponawiam za 5 s
16:29:25  Log przez Wi-Fi: brak połączenia (timed out); ponawiam za 5 s
16:29:40  Log przez Wi-Fi: brak połączenia (timed out); ponawiam za 5 s
16:29:55  Log przez Wi-Fi: brak połączenia (timed out); ponawiam za 5 s
16:30:10  Log przez Wi-Fi: brak połączenia (timed out); ponawiam za 5 s
16:30:25  Log przez Wi-Fi: brak połączenia (timed out); ponawiam za 5 s
16:30:40  Log przez Wi-Fi: brak połączenia (timed out); ponawiam za 5 s
16:30:55  Log przez Wi-Fi: brak połączenia (timed out); ponawiam za 5 s
16:31:10  Log przez Wi-Fi: brak połączenia (timed out); ponawiam za 5 s
16:31:25  Log przez Wi-Fi: brak połączenia (timed out); ponawiam za 5 s
16:31:40  Log przez Wi-Fi: brak połączenia (timed out); ponawiam za 5 s
16:31:55  Log przez Wi-Fi: brak połączenia (timed out); ponawiam za 5 s
16:32:10  Log przez Wi-Fi: brak połączenia (timed out); ponawiam za 5 s
16:32:25  Log przez Wi-Fi: brak połączenia (timed out); ponawiam za 5 s
16:32:40  Log przez Wi-Fi: brak połączenia (timed out); ponawiam za 5 s
16:32:55  Log przez Wi-Fi: brak połączenia (timed out); ponawiam za 5 s
16:33:10  Log przez Wi-Fi: brak połączenia (timed out); ponawiam za 5 s
16:33:25  Log przez Wi-Fi: brak połączenia (timed out); ponawiam za 5 s
16:33:40  Log przez Wi-Fi: brak połączenia (timed out); ponawiam za 5 s
16:33:55  Log przez Wi-Fi: brak połączenia (timed out); ponawiam za 5 s
16:34:10  Log przez Wi-Fi: brak połączenia (timed out); ponawiam za 5 s
16:34:25  Log przez Wi-Fi: brak połączenia (timed out); ponawiam za 5 s
16:34:40  Log przez Wi-Fi: brak połączenia (timed out); ponawiam za 5 s
16:34:55  Log przez Wi-Fi: brak połączenia (timed out); ponawiam za 5 s
16:35:10  Log przez Wi-Fi: brak połączenia (timed out); ponawiam za 5 s
16:35:25  Log przez Wi-Fi: brak połączenia (timed out); ponawiam za 5 s
16:35:40  Log przez Wi-Fi: brak połączenia (timed out); ponawiam za 5 s
16:35:55  Log przez Wi-Fi: brak połączenia (timed out); ponawiam za 5 s
16:36:10  Log przez Wi-Fi: brak połączenia (timed out); ponawiam za 5 s
16:36:25  Log przez Wi-Fi: brak połączenia (timed out); ponawiam za 5 s
16:36:40  Log przez Wi-Fi: brak połączenia (timed out); ponawiam za 5 s
16:36:55  Log przez Wi-Fi: brak połączenia (timed out); ponawiam za 5 s
16:37:10  Log przez Wi-Fi: brak połączenia (timed out); ponawiam za 5 s
16:37:25  Log przez Wi-Fi: brak połączenia (timed out); ponawiam za 5 s
16:37:40  Log przez Wi-Fi: brak połączenia (timed out); ponawiam za 5 s
16:37:55  Log przez Wi-Fi: brak połączenia (timed out); ponawiam za 5 s
16:38:10  Log przez Wi-Fi: brak połączenia (timed out); ponawiam za 5 s
16:38:25  Log przez Wi-Fi: brak połączenia (timed out); ponawiam za 5 s
16:38:40  Log przez Wi-Fi: brak połączenia (timed out); ponawiam za 5 s
16:38:55  Log przez Wi-Fi: brak połączenia (timed out); ponawiam za 5 s
16:39:10  Log przez Wi-Fi: brak połączenia (timed out); ponawiam za 5 s
16:39:25  Log przez Wi-Fi: brak połączenia (timed out); ponawiam za 5 s
16:39:40  Log przez Wi-Fi: brak połączenia (timed out); ponawiam za 5 s
16:39:55  Log przez Wi-Fi: brak połączenia (timed out); ponawiam za 5 s
16:40:10  Log przez Wi-Fi: brak połączenia (timed out); ponawiam za 5 s
16:40:25  Log przez Wi-Fi: brak połączenia (timed out); ponawiam za 5 s
16:40:40  Log przez Wi-Fi: brak połączenia (timed out); ponawiam za 5 s
16:40:55  Log przez Wi-Fi: brak połączenia (timed out); ponawiam za 5 s
16:41:10  Log przez Wi-Fi: brak połączenia (timed out); ponawiam za 5 s
16:41:25  Log przez Wi-Fi: brak połączenia (timed out); ponawiam za 5 s
16:41:40  Log przez Wi-Fi: brak połączenia (timed out); ponawiam za 5 s
16:41:55  Log przez Wi-Fi: brak połączenia (timed out); ponawiam za 5 s
16:42:10  Log przez Wi-Fi: brak połączenia (timed out); ponawiam za 5 s
16:42:25  Log przez Wi-Fi: brak połączenia (timed out); ponawiam za 5 s
16:42:40  Log przez Wi-Fi: brak połączenia (timed out); ponawiam za 5 s
16:42:55  Log przez Wi-Fi: brak połączenia (timed out); ponawiam za 5 s
16:43:10  Log przez Wi-Fi: brak połączenia (timed out); ponawiam za 5 s
16:43:25  Log przez Wi-Fi: brak połączenia (timed out); ponawiam za 5 s
16:43:40  Log przez Wi-Fi: brak połączenia (timed out); ponawiam za 5 s
16:43:55  Log przez Wi-Fi: brak połączenia (timed out); ponawiam za 5 s
16:44:10  Log przez Wi-Fi: brak połączenia (timed out); ponawiam za 5 s
16:44:25  Log przez Wi-Fi: brak połączenia (timed out); ponawiam za 5 s
16:44:40  Log przez Wi-Fi: brak połączenia (timed out); ponawiam za 5 s
16:44:55  Log przez Wi-Fi: brak połączenia (timed out); ponawiam za 5 s
16:45:10  Log przez Wi-Fi: brak połączenia (timed out); ponawiam za 5 s
16:45:25  Log przez Wi-Fi: brak połączenia (timed out); ponawiam za 5 s
16:45:40  Log przez Wi-Fi: brak połączenia (timed out); ponawiam za 5 s
16:45:55  Log przez Wi-Fi: brak połączenia (timed out); ponawiam za 5 s
16:46:10  Log przez Wi-Fi: brak połączenia (timed out); ponawiam za 5 s
16:46:25  Log przez Wi-Fi: brak połączenia (timed out); ponawiam za 5 s
16:46:40  Log przez Wi-Fi: brak połączenia (timed out); ponawiam za 5 s
16:46:55  Log przez Wi-Fi: brak połączenia (timed out); ponawiam za 5 s
16:47:10  Log przez Wi-Fi: brak połączenia (timed out); ponawiam za 5 s
16:47:25  Log przez Wi-Fi: brak połączenia (timed out); ponawiam za 5 s
16:47:40  Log przez Wi-Fi: brak połączenia (timed out); ponawiam za 5 s
16:47:55  Log przez Wi-Fi: brak połączenia (timed out); ponawiam za 5 s
16:48:10  Log przez Wi-Fi: brak połączenia (timed out); ponawiam za 5 s
16:48:25  Log przez Wi-Fi: brak połączenia (timed out); ponawiam za 5 s
16:48:40  Log przez Wi-Fi: brak połączenia (timed out); ponawiam za 5 s
16:48:55  Log przez Wi-Fi: brak połączenia (timed out); ponawiam za 5 s
16:49:10  Log przez Wi-Fi: brak połączenia (timed out); ponawiam za 5 s
16:49:25  Log przez Wi-Fi: brak połączenia (timed out); ponawiam za 5 s
16:49:40  Log przez Wi-Fi: brak połączenia (timed out); ponawiam za 5 s
16:49:55  Log przez Wi-Fi: brak połączenia (timed out); ponawiam za 5 s
16:50:10  Log przez Wi-Fi: brak połączenia (timed out); ponawiam za 5 s
16:50:25  Log przez Wi-Fi: brak połączenia (timed out); ponawiam za 5 s
16:50:40  Log przez Wi-Fi: brak połączenia (timed out); ponawiam za 5 s
16:50:55  Log przez Wi-Fi: brak połączenia (timed out); ponawiam za 5 s
16:51:10  Log przez Wi-Fi: brak połączenia (timed out); ponawiam za 5 s
16:51:25  Log przez Wi-Fi: brak połączenia (timed out); ponawiam za 5 s
16:51:40  Log przez Wi-Fi: brak połączenia (timed out); ponawiam za 5 s
16:51:55  Log przez Wi-Fi: brak połączenia (timed out); ponawiam za 5 s
16:52:10  Log przez Wi-Fi: brak połączenia (timed out); ponawiam za 5 s
16:52:26  Log przez Wi-Fi: brak połączenia (timed out); ponawiam za 5 s
16:52:41  Log przez Wi-Fi: brak połączenia (timed out); ponawiam za 5 s
16:52:56  Log przez Wi-Fi: brak połączenia (timed out); ponawiam za 5 s
16:53:11  Log przez Wi-Fi: brak połączenia (timed out); ponawiam za 5 s
16:53:26  Log przez Wi-Fi: brak połączenia (timed out); ponawiam za 5 s
16:53:41  Log przez Wi-Fi: brak połączenia (timed out); ponawiam za 5 s
16:53:56  Log przez Wi-Fi: brak połączenia (timed out); ponawiam za 5 s
16:54:11  Log przez Wi-Fi: brak połączenia (timed out); ponawiam za 5 s
16:54:26  Log przez Wi-Fi: brak połączenia (timed out); ponawiam za 5 s
16:54:41  Log przez Wi-Fi: brak połączenia (timed out); ponawiam za 5 s
16:54:56  Log przez Wi-Fi: brak połączenia (timed out); ponawiam za 5 s
16:55:11  Log przez Wi-Fi: brak połączenia (timed out); ponawiam za 5 s
16:55:26  Log przez Wi-Fi: brak połączenia (timed out); ponawiam za 5 s
16:55:41  Log przez Wi-Fi: brak połączenia (timed out); ponawiam za 5 s
16:55:56  Log przez Wi-Fi: brak połączenia (timed out); ponawiam za 5 s
16:56:11  Log przez Wi-Fi: brak połączenia (timed out); ponawiam za 5 s
16:56:26  Log przez Wi-Fi: brak połączenia (timed out); ponawiam za 5 s
16:56:41  Log przez Wi-Fi: brak połączenia (timed out); ponawiam za 5 s
16:56:56  Log przez Wi-Fi: brak połączenia (timed out); ponawiam za 5 s
16:57:11  Log przez Wi-Fi: brak połączenia (timed out); ponawiam za 5 s
16:57:26  Log przez Wi-Fi: brak połączenia (timed out); ponawiam za 5 s
16:57:41  Log przez Wi-Fi: brak połączenia (timed out); ponawiam za 5 s
16:57:56  Log przez Wi-Fi: brak połączenia (timed out); ponawiam za 5 s
16:58:11  Log przez Wi-Fi: brak połączenia (timed out); ponawiam za 5 s
16:58:26  Log przez Wi-Fi: brak połączenia (timed out); ponawiam za 5 s
16:58:41  Log przez Wi-Fi: brak połączenia (timed out); ponawiam za 5 s
16:58:56  Log przez Wi-Fi: brak połączenia (timed out); ponawiam za 5 s
16:59:11  Log przez Wi-Fi: brak połączenia (timed out); ponawiam za 5 s
16:59:26  Log przez Wi-Fi: brak połączenia (timed out); ponawiam za 5 s
16:59:41  Log przez Wi-Fi: brak połączenia (timed out); ponawiam za 5 s
16:59:56  Log przez Wi-Fi: brak połączenia (timed out); ponawiam za 5 s
17:00:11  Log przez Wi-Fi: brak połączenia (timed out); ponawiam za 5 s
17:00:26  Log przez Wi-Fi: brak połączenia (timed out); ponawiam za 5 s
17:00:41  Log przez Wi-Fi: brak połączenia (timed out); ponawiam za 5 s
17:00:56  Log przez Wi-Fi: brak połączenia (timed out); ponawiam za 5 s
17:01:11  Log przez Wi-Fi: brak połączenia (timed out); ponawiam za 5 s
17:01:26  Log przez Wi-Fi: brak połączenia (timed out); ponawiam za 5 s
17:01:41  Log przez Wi-Fi: brak połączenia (timed out); ponawiam za 5 s
17:01:56  Log przez Wi-Fi: brak połączenia (timed out); ponawiam za 5 s
17:02:11  Log przez Wi-Fi: brak połączenia (timed out); ponawiam za 5 s
17:02:26  Log przez Wi-Fi: brak połączenia (timed out); ponawiam za 5 s
17:02:41  Log przez Wi-Fi: brak połączenia (timed out); ponawiam za 5 s
17:02:56  Log przez Wi-Fi: brak połączenia (timed out); ponawiam za 5 s
17:03:11  Log przez Wi-Fi: brak połączenia (timed out); ponawiam za 5 s
17:03:26  Log przez Wi-Fi: brak połączenia (timed out); ponawiam za 5 s
17:03:41  Log przez Wi-Fi: brak połączenia (timed out); ponawiam za 5 s
17:03:56  Log przez Wi-Fi: brak połączenia (timed out); ponawiam za 5 s
17:04:11  Log przez Wi-Fi: brak połączenia (timed out); ponawiam za 5 s
17:04:26  Log przez Wi-Fi: brak połączenia (timed out); ponawiam za 5 s
17:04:41  Log przez Wi-Fi: brak połączenia (timed out); ponawiam za 5 s
17:04:56  Log przez Wi-Fi: brak połączenia (timed out); ponawiam za 5 s
17:05:11  Log przez Wi-Fi: brak połączenia (timed out); ponawiam za 5 s
17:05:26  Log przez Wi-Fi: brak połączenia (timed out); ponawiam za 5 s
17:05:41  Log przez Wi-Fi: brak połączenia (timed out); ponawiam za 5 s
17:05:56  Log przez Wi-Fi: brak połączenia (timed out); ponawiam za 5 s
17:06:11  Log przez Wi-Fi: brak połączenia (timed out); ponawiam za 5 s
17:06:26  Log przez Wi-Fi: brak połączenia (timed out); ponawiam za 5 s
17:06:41  Log przez Wi-Fi: brak połączenia (timed out); ponawiam za 5 s
17:06:56  Log przez Wi-Fi: brak połączenia (timed out); ponawiam za 5 s
17:07:11  Log przez Wi-Fi: brak połączenia (timed out); ponawiam za 5 s
17:07:26  Log przez Wi-Fi: brak połączenia (timed out); ponawiam za 5 s
17:07:41  Log przez Wi-Fi: brak połączenia (timed out); ponawiam za 5 s
17:07:56  Log przez Wi-Fi: brak połączenia (timed out); ponawiam za 5 s
17:08:11  Log przez Wi-Fi: brak połączenia (timed out); ponawiam za 5 s
17:08:26  Log przez Wi-Fi: brak połączenia (timed out); ponawiam za 5 s
17:08:41  Log przez Wi-Fi: brak połączenia (timed out); ponawiam za 5 s
17:08:56  Log przez Wi-Fi: brak połączenia (timed out); ponawiam za 5 s
17:09:11  Log przez Wi-Fi: brak połączenia (timed out); ponawiam za 5 s
17:09:26  Log przez Wi-Fi: brak połączenia (timed out); ponawiam za 5 s
17:09:41  Log przez Wi-Fi: brak połączenia (timed out); ponawiam za 5 s
17:09:56  Log przez Wi-Fi: brak połączenia (timed out); ponawiam za 5 s
17:10:11  Log przez Wi-Fi: brak połączenia (timed out); ponawiam za 5 s
17:10:26  Log przez Wi-Fi: brak połączenia (timed out); ponawiam za 5 s
17:10:41  Log przez Wi-Fi: brak połączenia (timed out); ponawiam za 5 s
17:10:56  Log przez Wi-Fi: brak połączenia (timed out); ponawiam za 5 s
17:11:11  Log przez Wi-Fi: brak połączenia (timed out); ponawiam za 5 s
17:11:26  Log przez Wi-Fi: brak połączenia (timed out); ponawiam za 5 s
17:11:41  Log przez Wi-Fi: brak połączenia (timed out); ponawiam za 5 s
17:11:56  Log przez Wi-Fi: brak połączenia (timed out); ponawiam za 5 s
17:12:11  Log przez Wi-Fi: brak połączenia (timed out); ponawiam za 5 s
17:12:26  Log przez Wi-Fi: brak połączenia (timed out); ponawiam za 5 s
17:12:41  Log przez Wi-Fi: brak połączenia (timed out); ponawiam za 5 s
17:12:56  Log przez Wi-Fi: brak połączenia (timed out); ponawiam za 5 s
17:13:11  Log przez Wi-Fi: brak połączenia (timed out); ponawiam za 5 s
17:13:26  Log przez Wi-Fi: brak połączenia (timed out); ponawiam za 5 s
17:13:41  Log przez Wi-Fi: brak połączenia (timed out); ponawiam za 5 s
17:13:56  Log przez Wi-Fi: brak połączenia (timed out); ponawiam za 5 s
17:14:11  Log przez Wi-Fi: brak połączenia (timed out); ponawiam za 5 s
17:14:26  Log przez Wi-Fi: brak połączenia (timed out); ponawiam za 5 s
17:14:41  Log przez Wi-Fi: brak połączenia (timed out); ponawiam za 5 s
17:14:56  Log przez Wi-Fi: brak połączenia (timed out); ponawiam za 5 s
17:15:11  Log przez Wi-Fi: brak połączenia (timed out); ponawiam za 5 s
17:15:26  Log przez Wi-Fi: brak połączenia (timed out); ponawiam za 5 s
17:15:41  Log przez Wi-Fi: brak połączenia (timed out); ponawiam za 5 s
17:15:56  Log przez Wi-Fi: brak połączenia (timed out); ponawiam za 5 s
17:16:11  Log przez Wi-Fi: brak połączenia (timed out); ponawiam za 5 s
17:16:26  Log przez Wi-Fi: brak połączenia (timed out); ponawiam za 5 s
17:16:41  Log przez Wi-Fi: brak połączenia (timed out); ponawiam za 5 s
17:16:56  Log przez Wi-Fi: brak połączenia (timed out); ponawiam za 5 s
17:17:11  Log przez Wi-Fi: brak połączenia (timed out); ponawiam za 5 s
17:17:26  Log przez Wi-Fi: brak połączenia (timed out); ponawiam za 5 s
17:17:41  Log przez Wi-Fi: brak połączenia (timed out); ponawiam za 5 s
17:17:56  Log przez Wi-Fi: brak połączenia (timed out); ponawiam za 5 s
17:18:11  Log przez Wi-Fi: brak połączenia (timed out); ponawiam za 5 s
17:18:26  Log przez Wi-Fi: brak połączenia (timed out); ponawiam za 5 s
17:18:41  Log przez Wi-Fi: brak połączenia (timed out); ponawiam za 5 s
17:18:56  Log przez Wi-Fi: brak połączenia (timed out); ponawiam za 5 s
17:19:11  Log przez Wi-Fi: brak połączenia (timed out); ponawiam za 5 s
17:19:26  Log przez Wi-Fi: brak połączenia (timed out); ponawiam za 5 s
17:19:41  Log przez Wi-Fi: brak połączenia (timed out); ponawiam za 5 s
17:19:56  Log przez Wi-Fi: brak połączenia (timed out); ponawiam za 5 s
17:20:12  Log przez Wi-Fi: brak połączenia (timed out); ponawiam za 5 s
17:20:27  Log przez Wi-Fi: brak połączenia (timed out); ponawiam za 5 s
17:20:42  Log przez Wi-Fi: brak połączenia (timed out); ponawiam za 5 s
17:20:57  Log przez Wi-Fi: brak połączenia (timed out); ponawiam za 5 s
17:21:12  Log przez Wi-Fi: brak połączenia (timed out); ponawiam za 5 s
17:21:27  Log przez Wi-Fi: brak połączenia (timed out); ponawiam za 5 s
17:21:42  Log przez Wi-Fi: brak połączenia (timed out); ponawiam za 5 s
17:21:57  Log przez Wi-Fi: brak połączenia (timed out); ponawiam za 5 s
17:22:12  Log przez Wi-Fi: brak połączenia (timed out); ponawiam za 5 s
17:22:27  Log przez Wi-Fi: brak połączenia (timed out); ponawiam za 5 s
17:22:42  Log przez Wi-Fi: brak połączenia (timed out); ponawiam za 5 s
17:22:57  Log przez Wi-Fi: brak połączenia (timed out); ponawiam za 5 s
17:23:12  Log przez Wi-Fi: brak połączenia (timed out); ponawiam za 5 s
17:23:27  Log przez Wi-Fi: brak połączenia (timed out); ponawiam za 5 s
17:23:42  Log przez Wi-Fi: brak połączenia (timed out); ponawiam za 5 s
17:23:57  Log przez Wi-Fi: brak połączenia (timed out); ponawiam za 5 s
17:24:12  Log przez Wi-Fi: brak połączenia (timed out); ponawiam za 5 s
17:24:27  Log przez Wi-Fi: brak połączenia (timed out); ponawiam za 5 s
17:24:42  Log przez Wi-Fi: brak połączenia (timed out); ponawiam za 5 s
17:24:57  Log przez Wi-Fi: brak połączenia (timed out); ponawiam za 5 s
17:25:12  Log przez Wi-Fi: brak połączenia (timed out); ponawiam za 5 s
17:25:27  Log przez Wi-Fi: brak połączenia (timed out); ponawiam za 5 s
17:25:42  Log przez Wi-Fi: brak połączenia (timed out); ponawiam za 5 s
17:25:57  Log przez Wi-Fi: brak połączenia (timed out); ponawiam za 5 s
17:26:12  Log przez Wi-Fi: brak połączenia (timed out); ponawiam za 5 s
17:26:27  Log przez Wi-Fi: brak połączenia (timed out); ponawiam za 5 s
17:26:42  Log przez Wi-Fi: brak połączenia (timed out); ponawiam za 5 s
17:26:57  Log przez Wi-Fi: brak połączenia (timed out); ponawiam za 5 s
17:27:12  Log przez Wi-Fi: brak połączenia (timed out); ponawiam za 5 s
17:27:27  Log przez Wi-Fi: brak połączenia (timed out); ponawiam za 5 s
17:27:42  Log przez Wi-Fi: brak połączenia (timed out); ponawiam za 5 s
17:27:57  Log przez Wi-Fi: brak połączenia (timed out); ponawiam za 5 s
17:28:12  Log przez Wi-Fi: brak połączenia (timed out); ponawiam za 5 s
17:28:27  Log przez Wi-Fi: brak połączenia (timed out); ponawiam za 5 s
17:28:42  Log przez Wi-Fi: brak połączenia (timed out); ponawiam za 5 s
17:28:57  Log przez Wi-Fi: brak połączenia (timed out); ponawiam za 5 s
17:29:12  Log przez Wi-Fi: brak połączenia (timed out); ponawiam za 5 s
17:29:27  Log przez Wi-Fi: brak połączenia (timed out); ponawiam za 5 s
17:29:42  Log przez Wi-Fi: brak połączenia (timed out); ponawiam za 5 s
17:29:57  Log przez Wi-Fi: brak połączenia (timed out); ponawiam za 5 s
17:30:12  Log przez Wi-Fi: brak połączenia (timed out); ponawiam za 5 s
17:30:27  Log przez Wi-Fi: brak połączenia (timed out); ponawiam za 5 s
17:30:42  Log przez Wi-Fi: brak połączenia (timed out); ponawiam za 5 s
17:30:57  Log przez Wi-Fi: brak połączenia (timed out); ponawiam za 5 s
17:31:12  Log przez Wi-Fi: brak połączenia (timed out); ponawiam za 5 s
17:31:27  Log przez Wi-Fi: brak połączenia (timed out); ponawiam za 5 s
17:31:42  Log przez Wi-Fi: brak połączenia (timed out); ponawiam za 5 s
17:31:57  Log przez Wi-Fi: brak połączenia (timed out); ponawiam za 5 s
17:32:12  Log przez Wi-Fi: brak połączenia (timed out); ponawiam za 5 s
17:32:27  Log przez Wi-Fi: brak połączenia (timed out); ponawiam za 5 s
17:32:42  Log przez Wi-Fi: brak połączenia (timed out); ponawiam za 5 s
17:32:57  Log przez Wi-Fi: brak połączenia (timed out); ponawiam za 5 s
17:33:12  Log przez Wi-Fi: brak połączenia (timed out); ponawiam za 5 s
17:33:27  Log przez Wi-Fi: brak połączenia (timed out); ponawiam za 5 s
17:33:42  Log przez Wi-Fi: brak połączenia (timed out); ponawiam za 5 s
17:33:57  Log przez Wi-Fi: brak połączenia (timed out); ponawiam za 5 s
17:34:12  Log przez Wi-Fi: brak połączenia (timed out); ponawiam za 5 s
17:34:27  Log przez Wi-Fi: brak połączenia (timed out); ponawiam za 5 s
17:34:42  Log przez Wi-Fi: brak połączenia (timed out); ponawiam za 5 s
17:34:57  Log przez Wi-Fi: brak połączenia (timed out); ponawiam za 5 s
17:35:12  Log przez Wi-Fi: brak połączenia (timed out); ponawiam za 5 s
17:35:27  Log przez Wi-Fi: brak połączenia (timed out); ponawiam za 5 s
17:35:42  Log przez Wi-Fi: brak połączenia (timed out); ponawiam za 5 s
17:35:57  Log przez Wi-Fi: brak połączenia (timed out); ponawiam za 5 s
17:36:12  Log przez Wi-Fi: brak połączenia (timed out); ponawiam za 5 s
17:36:27  Log przez Wi-Fi: brak połączenia (timed out); ponawiam za 5 s
17:36:42  Log przez Wi-Fi: brak połączenia (timed out); ponawiam za 5 s
17:36:57  Log przez Wi-Fi: brak połączenia (timed out); ponawiam za 5 s
17:37:12  Log przez Wi-Fi: brak połączenia (timed out); ponawiam za 5 s
17:37:27  Log przez Wi-Fi: brak połączenia (timed out); ponawiam za 5 s
17:37:42  Log przez Wi-Fi: brak połączenia (timed out); ponawiam za 5 s
17:37:57  Log przez Wi-Fi: brak połączenia (timed out); ponawiam za 5 s
17:38:12  Log przez Wi-Fi: brak połączenia (timed out); ponawiam za 5 s
17:38:27  Log przez Wi-Fi: brak połączenia (timed out); ponawiam za 5 s
17:38:42  Log przez Wi-Fi: brak połączenia (timed out); ponawiam za 5 s
17:38:57  Log przez Wi-Fi: brak połączenia (timed out); ponawiam za 5 s
17:39:12  Log przez Wi-Fi: brak połączenia (timed out); ponawiam za 5 s
17:39:27  Log przez Wi-Fi: brak połączenia (timed out); ponawiam za 5 s
17:46:42  Log przez Wi-Fi: brak połączenia (timed out); ponawiam za 5 s
17:46:47  Log przez Wi-Fi: brak połączenia ([WinError 10051] Próba przeprowadzenia operacji, wykonywanej przez gniazdo, na nieosiągalnej sieci); ponawiam za 5 s
18:28:11  Log przez Wi-Fi: brak połączenia ([WinError 10051] Próba przeprowadzenia operacji, wykonywanej przez gniazdo, na nieosiągalnej sieci); ponawiam za 5 s
18:28:26  Log przez Wi-Fi: brak połączenia (timed out); ponawiam za 5 s
18:28:41  Log przez Wi-Fi: brak połączenia (timed out); ponawiam za 5 s
18:28:56  Log przez Wi-Fi: brak połączenia (timed out); ponawiam za 5 s
18:29:11  Log przez Wi-Fi: brak połączenia (timed out); ponawiam za 5 s
18:29:26  Log przez Wi-Fi: brak połączenia (timed out); ponawiam za 5 s
18:29:41  Log przez Wi-Fi: brak połączenia (timed out); ponawiam za 5 s
18:29:56  Log przez Wi-Fi: brak połączenia (timed out); ponawiam za 5 s
18:30:11  Log przez Wi-Fi: brak połączenia (timed out); ponawiam za 5 s
18:30:26  Log przez Wi-Fi: brak połączenia (timed out); ponawiam za 5 s
18:30:41  Log przez Wi-Fi: brak połączenia (timed out); ponawiam za 5 s
18:30:56  Log przez Wi-Fi: brak połączenia (timed out); ponawiam za 5 s
18:31:11  Log przez Wi-Fi: brak połączenia (timed out); ponawiam za 5 s
18:31:26  Log przez Wi-Fi: brak połączenia (timed out); ponawiam za 5 s
18:31:41  Log przez Wi-Fi: brak połączenia (timed out); ponawiam za 5 s
18:31:56  Log przez Wi-Fi: brak połączenia (timed out); ponawiam za 5 s
18:32:11  Log przez Wi-Fi: brak połączenia (timed out); ponawiam za 5 s
18:32:26  Log przez Wi-Fi: brak połączenia (timed out); ponawiam za 5 s
18:32:41  Log przez Wi-Fi: brak połączenia (timed out); ponawiam za 5 s
18:32:56  Log przez Wi-Fi: brak połączenia (timed out); ponawiam za 5 s
18:33:11  Log przez Wi-Fi: brak połączenia (timed out); ponawiam za 5 s
18:33:26  Log przez Wi-Fi: brak połączenia (timed out); ponawiam za 5 s
18:33:41  Log przez Wi-Fi: brak połączenia (timed out); ponawiam za 5 s
18:33:56  Log przez Wi-Fi: brak połączenia (timed out); ponawiam za 5 s
18:34:11  Log przez Wi-Fi: brak połączenia (timed out); ponawiam za 5 s
18:34:26  Log przez Wi-Fi: brak połączenia (timed out); ponawiam za 5 s
18:34:41  Log przez Wi-Fi: brak połączenia (timed out); ponawiam za 5 s
18:34:56  Log przez Wi-Fi: brak połączenia (timed out); ponawiam za 5 s
18:35:11  Log przez Wi-Fi: brak połączenia (timed out); ponawiam za 5 s
18:35:26  Log przez Wi-Fi: brak połączenia (timed out); ponawiam za 5 s
18:35:41  Log przez Wi-Fi: brak połączenia (timed out); ponawiam za 5 s
18:35:56  Log przez Wi-Fi: brak połączenia (timed out); ponawiam za 5 s
18:36:11  Log przez Wi-Fi: brak połączenia (timed out); ponawiam za 5 s
18:36:26  Log przez Wi-Fi: brak połączenia (timed out); ponawiam za 5 s
18:36:41  Log przez Wi-Fi: brak połączenia (timed out); ponawiam za 5 s
18:36:56  Log przez Wi-Fi: brak połączenia (timed out); ponawiam za 5 s
18:37:11  Log przez Wi-Fi: brak połączenia (timed out); ponawiam za 5 s
18:37:26  Log przez Wi-Fi: brak połączenia (timed out); ponawiam za 5 s
18:37:41  Log przez Wi-Fi: brak połączenia (timed out); ponawiam za 5 s
18:37:56  Log przez Wi-Fi: brak połączenia (timed out); ponawiam za 5 s
18:38:11  Log przez Wi-Fi: brak połączenia (timed out); ponawiam za 5 s
18:38:26  Log przez Wi-Fi: brak połączenia (timed out); ponawiam za 5 s
18:38:41  Log przez Wi-Fi: brak połączenia (timed out); ponawiam za 5 s
18:38:56  Log przez Wi-Fi: brak połączenia (timed out); ponawiam za 5 s
18:39:11  Log przez Wi-Fi: brak połączenia (timed out); ponawiam za 5 s
18:39:26  Log przez Wi-Fi: brak połączenia (timed out); ponawiam za 5 s
18:39:41  Log przez Wi-Fi: brak połączenia (timed out); ponawiam za 5 s
18:39:56  Log przez Wi-Fi: brak połączenia (timed out); ponawiam za 5 s
18:40:11  Log przez Wi-Fi: brak połączenia (timed out); ponawiam za 5 s
18:40:26  Log przez Wi-Fi: brak połączenia (timed out); ponawiam za 5 s
18:40:41  Log przez Wi-Fi: brak połączenia (timed out); ponawiam za 5 s
18:40:56  Log przez Wi-Fi: brak połączenia (timed out); ponawiam za 5 s
18:41:11  Log przez Wi-Fi: brak połączenia (timed out); ponawiam za 5 s
18:41:26  Log przez Wi-Fi: brak połączenia (timed out); ponawiam za 5 s
18:41:41  Log przez Wi-Fi: brak połączenia (timed out); ponawiam za 5 s
18:41:56  Log przez Wi-Fi: brak połączenia (timed out); ponawiam za 5 s
18:42:11  Log przez Wi-Fi: brak połączenia (timed out); ponawiam za 5 s
18:42:26  Log przez Wi-Fi: brak połączenia (timed out); ponawiam za 5 s
18:42:41  Log przez Wi-Fi: brak połączenia (timed out); ponawiam za 5 s
18:42:57  Log przez Wi-Fi: brak połączenia (timed out); ponawiam za 5 s
18:43:12  Log przez Wi-Fi: brak połączenia (timed out); ponawiam za 5 s
18:43:27  Log przez Wi-Fi: brak połączenia (timed out); ponawiam za 5 s
18:43:42  Log przez Wi-Fi: brak połączenia (timed out); ponawiam za 5 s
18:43:57  Log przez Wi-Fi: brak połączenia (timed out); ponawiam za 5 s
18:44:12  Log przez Wi-Fi: brak połączenia (timed out); ponawiam za 5 s
18:44:27  Log przez Wi-Fi: brak połączenia (timed out); ponawiam za 5 s
18:44:42  Log przez Wi-Fi: brak połączenia (timed out); ponawiam za 5 s
18:44:57  Log przez Wi-Fi: brak połączenia (timed out); ponawiam za 5 s
18:45:12  Log przez Wi-Fi: brak połączenia (timed out); ponawiam za 5 s
18:45:27  Log przez Wi-Fi: brak połączenia (timed out); ponawiam za 5 s
18:45:42  Log przez Wi-Fi: brak połączenia (timed out); ponawiam za 5 s
18:45:57  Log przez Wi-Fi: brak połączenia (timed out); ponawiam za 5 s
18:46:12  Log przez Wi-Fi: brak połączenia (timed out); ponawiam za 5 s
18:46:27  Log przez Wi-Fi: brak połączenia (timed out); ponawiam za 5 s
18:46:42  Log przez Wi-Fi: brak połączenia (timed out); ponawiam za 5 s
18:46:57  Log przez Wi-Fi: brak połączenia (timed out); ponawiam za 5 s
18:47:12  Log przez Wi-Fi: brak połączenia (timed out); ponawiam za 5 s
18:47:27  Log przez Wi-Fi: brak połączenia (timed out); ponawiam za 5 s
18:47:42  Log przez Wi-Fi: brak połączenia (timed out); ponawiam za 5 s
18:47:57  Log przez Wi-Fi: brak połączenia (timed out); ponawiam za 5 s
18:48:12  Log przez Wi-Fi: brak połączenia (timed out); ponawiam za 5 s
18:48:27  Log przez Wi-Fi: brak połączenia (timed out); ponawiam za 5 s
18:48:42  Log przez Wi-Fi: brak połączenia (timed out); ponawiam za 5 s
18:48:57  Log przez Wi-Fi: brak połączenia (timed out); ponawiam za 5 s
18:49:12  Log przez Wi-Fi: brak połączenia (timed out); ponawiam za 5 s
18:49:27  Log przez Wi-Fi: brak połączenia (timed out); ponawiam za 5 s
18:49:42  Log przez Wi-Fi: brak połączenia (timed out); ponawiam za 5 s
18:49:57  Log przez Wi-Fi: brak połączenia (timed out); ponawiam za 5 s
18:50:12  Log przez Wi-Fi: brak połączenia (timed out); ponawiam za 5 s
18:50:27  Log przez Wi-Fi: brak połączenia (timed out); ponawiam za 5 s
18:50:42  Log przez Wi-Fi: brak połączenia (timed out); ponawiam za 5 s
18:50:57  Log przez Wi-Fi: brak połączenia (timed out); ponawiam za 5 s
18:51:12  Log przez Wi-Fi: brak połączenia (timed out); ponawiam za 5 s
18:51:27  Log przez Wi-Fi: brak połączenia (timed out); ponawiam za 5 s
18:51:42  Log przez Wi-Fi: brak połączenia (timed out); ponawiam za 5 s
18:51:57  Log przez Wi-Fi: brak połączenia (timed out); ponawiam za 5 s
18:52:12  Log przez Wi-Fi: brak połączenia (timed out); ponawiam za 5 s
18:52:27  Log przez Wi-Fi: brak połączenia (timed out); ponawiam za 5 s
18:52:42  Log przez Wi-Fi: brak połączenia (timed out); ponawiam za 5 s
18:52:57  Log przez Wi-Fi: brak połączenia (timed out); ponawiam za 5 s
18:53:12  Log przez Wi-Fi: brak połączenia (timed out); ponawiam za 5 s
18:53:27  Log przez Wi-Fi: brak połączenia (timed out); ponawiam za 5 s
18:53:42  Log przez Wi-Fi: brak połączenia (timed out); ponawiam za 5 s
18:53:57  Log przez Wi-Fi: brak połączenia (timed out); ponawiam za 5 s
18:54:12  Log przez Wi-Fi: brak połączenia (timed out); ponawiam za 5 s
18:54:27  Log przez Wi-Fi: brak połączenia (timed out); ponawiam za 5 s
18:54:42  Log przez Wi-Fi: brak połączenia (timed out); ponawiam za 5 s
18:54:57  Log przez Wi-Fi: brak połączenia (timed out); ponawiam za 5 s
18:55:12  Log przez Wi-Fi: brak połączenia (timed out); ponawiam za 5 s
18:55:27  Log przez Wi-Fi: brak połączenia (timed out); ponawiam za 5 s
18:55:42  Log przez Wi-Fi: brak połączenia (timed out); ponawiam za 5 s
18:55:57  Log przez Wi-Fi: brak połączenia (timed out); ponawiam za 5 s
18:56:12  Log przez Wi-Fi: brak połączenia (timed out); ponawiam za 5 s
18:56:27  Log przez Wi-Fi: brak połączenia (timed out); ponawiam za 5 s
18:56:42  Log przez Wi-Fi: brak połączenia (timed out); ponawiam za 5 s
18:56:57  Log przez Wi-Fi: brak połączenia (timed out); ponawiam za 5 s
18:57:12  Log przez Wi-Fi: brak połączenia (timed out); ponawiam za 5 s
18:57:27  Log przez Wi-Fi: brak połączenia (timed out); ponawiam za 5 s
18:57:42  Log przez Wi-Fi: brak połączenia (timed out); ponawiam za 5 s
18:57:57  Log przez Wi-Fi: brak połączenia (timed out); ponawiam za 5 s
18:58:12  Log przez Wi-Fi: brak połączenia (timed out); ponawiam za 5 s
18:58:27  Log przez Wi-Fi: brak połączenia (timed out); ponawiam za 5 s
18:58:42  Log przez Wi-Fi: brak połączenia (timed out); ponawiam za 5 s
18:58:57  Log przez Wi-Fi: brak połączenia (timed out); ponawiam za 5 s
18:59:12  Log przez Wi-Fi: brak połączenia (timed out); ponawiam za 5 s
18:59:27  Log przez Wi-Fi: brak połączenia (timed out); ponawiam za 5 s
18:59:42  Log przez Wi-Fi: brak połączenia (timed out); ponawiam za 5 s
18:59:57  Log przez Wi-Fi: brak połączenia (timed out); ponawiam za 5 s
19:00:12  Log przez Wi-Fi: brak połączenia (timed out); ponawiam za 5 s
19:00:27  Log przez Wi-Fi: brak połączenia (timed out); ponawiam za 5 s
19:00:42  Log przez Wi-Fi: brak połączenia (timed out); ponawiam za 5 s
19:00:57  Log przez Wi-Fi: brak połączenia (timed out); ponawiam za 5 s
19:01:12  Log przez Wi-Fi: brak połączenia (timed out); ponawiam za 5 s
19:01:27  Log przez Wi-Fi: brak połączenia (timed out); ponawiam za 5 s
19:01:42  Log przez Wi-Fi: brak połączenia (timed out); ponawiam za 5 s
19:01:57  Log przez Wi-Fi: brak połączenia (timed out); ponawiam za 5 s
19:02:12  Log przez Wi-Fi: brak połączenia (timed out); ponawiam za 5 s
19:02:27  Log przez Wi-Fi: brak połączenia (timed out); ponawiam za 5 s
19:02:42  Log przez Wi-Fi: brak połączenia (timed out); ponawiam za 5 s
19:02:57  Log przez Wi-Fi: brak połączenia (timed out); ponawiam za 5 s
19:03:12  Log przez Wi-Fi: brak połączenia (timed out); ponawiam za 5 s
19:03:27  Log przez Wi-Fi: brak połączenia (timed out); ponawiam za 5 s
19:03:42  Log przez Wi-Fi: brak połączenia (timed out); ponawiam za 5 s
19:03:57  Log przez Wi-Fi: brak połączenia (timed out); ponawiam za 5 s
19:04:12  Log przez Wi-Fi: brak połączenia (timed out); ponawiam za 5 s
19:04:27  Log przez Wi-Fi: brak połączenia (timed out); ponawiam za 5 s
19:04:42  Log przez Wi-Fi: brak połączenia (timed out); ponawiam za 5 s
19:04:57  Log przez Wi-Fi: brak połączenia (timed out); ponawiam za 5 s
19:05:12  Log przez Wi-Fi: brak połączenia (timed out); ponawiam za 5 s
19:05:27  Log przez Wi-Fi: brak połączenia (timed out); ponawiam za 5 s
19:05:42  Log przez Wi-Fi: brak połączenia (timed out); ponawiam za 5 s
19:05:57  Log przez Wi-Fi: brak połączenia (timed out); ponawiam za 5 s
19:06:12  Log przez Wi-Fi: brak połączenia (timed out); ponawiam za 5 s
19:06:27  Log przez Wi-Fi: brak połączenia (timed out); ponawiam za 5 s
19:06:42  Log przez Wi-Fi: brak połączenia (timed out); ponawiam za 5 s
19:06:57  Log przez Wi-Fi: brak połączenia (timed out); ponawiam za 5 s
19:07:12  Log przez Wi-Fi: brak połączenia (timed out); ponawiam za 5 s
19:07:27  Log przez Wi-Fi: brak połączenia (timed out); ponawiam za 5 s
19:07:42  Log przez Wi-Fi: brak połączenia (timed out); ponawiam za 5 s
19:07:57  Log przez Wi-Fi: brak połączenia (timed out); ponawiam za 5 s
19:08:12  Log przez Wi-Fi: brak połączenia (timed out); ponawiam za 5 s
19:08:27  Log przez Wi-Fi: brak połączenia (timed out); ponawiam za 5 s
19:08:42  Log przez Wi-Fi: brak połączenia (timed out); ponawiam za 5 s
19:08:57  Log przez Wi-Fi: brak połączenia (timed out); ponawiam za 5 s
19:09:12  Log przez Wi-Fi: brak połączenia (timed out); ponawiam za 5 s
19:09:27  Log przez Wi-Fi: brak połączenia (timed out); ponawiam za 5 s
19:09:42  Log przez Wi-Fi: brak połączenia (timed out); ponawiam za 5 s
19:09:57  Log przez Wi-Fi: brak połączenia (timed out); ponawiam za 5 s
19:10:12  Log przez Wi-Fi: brak połączenia (timed out); ponawiam za 5 s
19:10:27  Log przez Wi-Fi: brak połączenia (timed out); ponawiam za 5 s
19:10:42  Log przez Wi-Fi: brak połączenia (timed out); ponawiam za 5 s
19:10:57  Log przez Wi-Fi: brak połączenia (timed out); ponawiam za 5 s
19:11:12  Log przez Wi-Fi: brak połączenia (timed out); ponawiam za 5 s
19:11:27  Log przez Wi-Fi: brak połączenia (timed out); ponawiam za 5 s
19:11:43  Log przez Wi-Fi: brak połączenia (timed out); ponawiam za 5 s
19:11:58  Log przez Wi-Fi: brak połączenia (timed out); ponawiam za 5 s
19:12:13  Log przez Wi-Fi: brak połączenia (timed out); ponawiam za 5 s
19:12:28  Log przez Wi-Fi: brak połączenia (timed out); ponawiam za 5 s
19:12:43  Log przez Wi-Fi: brak połączenia (timed out); ponawiam za 5 s
19:12:58  Log przez Wi-Fi: brak połączenia (timed out); ponawiam za 5 s
19:13:13  Log przez Wi-Fi: brak połączenia (timed out); ponawiam za 5 s
19:13:28  Log przez Wi-Fi: brak połączenia (timed out); ponawiam za 5 s
19:13:43  Log przez Wi-Fi: brak połączenia (timed out); ponawiam za 5 s
19:13:58  Log przez Wi-Fi: brak połączenia (timed out); ponawiam za 5 s
19:14:13  Log przez Wi-Fi: brak połączenia (timed out); ponawiam za 5 s
19:14:28  Log przez Wi-Fi: brak połączenia (timed out); ponawiam za 5 s
19:14:43  Log przez Wi-Fi: brak połączenia (timed out); ponawiam za 5 s
19:14:58  Log przez Wi-Fi: brak połączenia (timed out); ponawiam za 5 s
19:15:13  Log przez Wi-Fi: brak połączenia (timed out); ponawiam za 5 s
19:15:28  Log przez Wi-Fi: brak połączenia (timed out); ponawiam za 5 s
19:15:43  Log przez Wi-Fi: brak połączenia (timed out); ponawiam za 5 s
19:15:58  Log przez Wi-Fi: brak połączenia (timed out); ponawiam za 5 s
19:16:13  Log przez Wi-Fi: brak połączenia (timed out); ponawiam za 5 s
19:16:28  Log przez Wi-Fi: brak połączenia (timed out); ponawiam za 5 s
19:16:43  Log przez Wi-Fi: brak połączenia (timed out); ponawiam za 5 s
19:16:58  Log przez Wi-Fi: brak połączenia (timed out); ponawiam za 5 s
19:17:13  Log przez Wi-Fi: brak połączenia (timed out); ponawiam za 5 s
19:17:28  Log przez Wi-Fi: brak połączenia (timed out); ponawiam za 5 s
19:17:43  Log przez Wi-Fi: brak połączenia (timed out); ponawiam za 5 s
19:17:58  Log przez Wi-Fi: brak połączenia (timed out); ponawiam za 5 s
19:18:13  Log przez Wi-Fi: brak połączenia (timed out); ponawiam za 5 s
19:18:28  Log przez Wi-Fi: brak połączenia (timed out); ponawiam za 5 s
19:18:43  Log przez Wi-Fi: brak połączenia (timed out); ponawiam za 5 s
19:18:58  Log przez Wi-Fi: brak połączenia (timed out); ponawiam za 5 s
19:19:13  Log przez Wi-Fi: brak połączenia (timed out); ponawiam za 5 s
19:19:28  Log przez Wi-Fi: brak połączenia (timed out); ponawiam za 5 s
19:19:43  Log przez Wi-Fi: brak połączenia (timed out); ponawiam za 5 s
19:19:58  Log przez Wi-Fi: brak połączenia (timed out); ponawiam za 5 s
19:20:13  Log przez Wi-Fi: brak połączenia (timed out); ponawiam za 5 s
19:20:28  Log przez Wi-Fi: brak połączenia (timed out); ponawiam za 5 s
19:20:43  Log przez Wi-Fi: brak połączenia (timed out); ponawiam za 5 s
19:20:58  Log przez Wi-Fi: brak połączenia (timed out); ponawiam za 5 s
19:21:13  Log przez Wi-Fi: brak połączenia (timed out); ponawiam za 5 s
19:21:28  Log przez Wi-Fi: brak połączenia (timed out); ponawiam za 5 s
19:21:43  Log przez Wi-Fi: brak połączenia (timed out); ponawiam za 5 s
19:21:58  Log przez Wi-Fi: brak połączenia (timed out); ponawiam za 5 s
19:22:13  Log przez Wi-Fi: brak połączenia (timed out); ponawiam za 5 s
19:22:28  Log przez Wi-Fi: brak połączenia (timed out); ponawiam za 5 s
19:22:43  Log przez Wi-Fi: brak połączenia (timed out); ponawiam za 5 s
19:22:58  Log przez Wi-Fi: brak połączenia (timed out); ponawiam za 5 s
19:23:13  Log przez Wi-Fi: brak połączenia (timed out); ponawiam za 5 s
19:23:28  Log przez Wi-Fi: brak połączenia (timed out); ponawiam za 5 s
19:23:43  Log przez Wi-Fi: brak połączenia (timed out); ponawiam za 5 s
19:23:58  Log przez Wi-Fi: brak połączenia (timed out); ponawiam za 5 s
19:24:13  Log przez Wi-Fi: brak połączenia (timed out); ponawiam za 5 s
19:24:28  Log przez Wi-Fi: brak połączenia (timed out); ponawiam za 5 s
19:24:43  Log przez Wi-Fi: brak połączenia (timed out); ponawiam za 5 s
19:24:58  Log przez Wi-Fi: brak połączenia (timed out); ponawiam za 5 s
19:25:13  Log przez Wi-Fi: brak połączenia (timed out); ponawiam za 5 s
19:25:28  Log przez Wi-Fi: brak połączenia (timed out); ponawiam za 5 s
19:25:43  Log przez Wi-Fi: brak połączenia (timed out); ponawiam za 5 s
19:25:58  Log przez Wi-Fi: brak połączenia (timed out); ponawiam za 5 s
19:26:13  Log przez Wi-Fi: brak połączenia (timed out); ponawiam za 5 s
19:26:28  Log przez Wi-Fi: brak połączenia (timed out); ponawiam za 5 s
19:26:43  Log przez Wi-Fi: brak połączenia (timed out); ponawiam za 5 s
19:26:58  Log przez Wi-Fi: brak połączenia (timed out); ponawiam za 5 s
19:27:13  Log przez Wi-Fi: brak połączenia (timed out); ponawiam za 5 s
19:27:28  Log przez Wi-Fi: brak połączenia (timed out); ponawiam za 5 s
19:27:43  Log przez Wi-Fi: brak połączenia (timed out); ponawiam za 5 s
19:27:58  Log przez Wi-Fi: brak połączenia (timed out); ponawiam za 5 s
19:28:13  Log przez Wi-Fi: brak połączenia (timed out); ponawiam za 5 s
19:28:28  Log przez Wi-Fi: brak połączenia (timed out); ponawiam za 5 s
19:28:43  Log przez Wi-Fi: brak połączenia (timed out); ponawiam za 5 s
19:28:58  Log przez Wi-Fi: brak połączenia (timed out); ponawiam za 5 s
19:29:13  Log przez Wi-Fi: brak połączenia (timed out); ponawiam za 5 s
19:29:28  Log przez Wi-Fi: brak połączenia (timed out); ponawiam za 5 s
19:29:43  Log przez Wi-Fi: brak połączenia (timed out); ponawiam za 5 s
19:29:58  Log przez Wi-Fi: brak połączenia (timed out); ponawiam za 5 s
19:30:13  Log przez Wi-Fi: brak połączenia (timed out); ponawiam za 5 s
19:30:28  Log przez Wi-Fi: brak połączenia (timed out); ponawiam za 5 s
19:30:43  Log przez Wi-Fi: brak połączenia (timed out); ponawiam za 5 s
19:30:58  Log przez Wi-Fi: brak połączenia (timed out); ponawiam za 5 s
19:31:13  Log przez Wi-Fi: brak połączenia (timed out); ponawiam za 5 s
19:31:28  Log przez Wi-Fi: brak połączenia (timed out); ponawiam za 5 s
19:31:43  Log przez Wi-Fi: brak połączenia (timed out); ponawiam za 5 s
19:31:58  Log przez Wi-Fi: brak połączenia (timed out); ponawiam za 5 s
19:32:13  Log przez Wi-Fi: brak połączenia (timed out); ponawiam za 5 s
19:32:28  Log przez Wi-Fi: brak połączenia (timed out); ponawiam za 5 s
19:32:43  Log przez Wi-Fi: brak połączenia (timed out); ponawiam za 5 s
19:32:58  Log przez Wi-Fi: brak połączenia (timed out); ponawiam za 5 s
19:33:13  Log przez Wi-Fi: brak połączenia (timed out); ponawiam za 5 s
19:33:28  Log przez Wi-Fi: brak połączenia (timed out); ponawiam za 5 s
19:33:43  Log przez Wi-Fi: brak połączenia (timed out); ponawiam za 5 s
19:33:58  Log przez Wi-Fi: brak połączenia (timed out); ponawiam za 5 s
19:34:13  Log przez Wi-Fi: brak połączenia (timed out); ponawiam za 5 s
19:34:28  Log przez Wi-Fi: brak połączenia (timed out); ponawiam za 5 s
19:34:43  Log przez Wi-Fi: brak połączenia (timed out); ponawiam za 5 s
19:34:58  Log przez Wi-Fi: brak połączenia (timed out); ponawiam za 5 s
19:35:13  Log przez Wi-Fi: brak połączenia (timed out); ponawiam za 5 s
19:35:28  Log przez Wi-Fi: brak połączenia (timed out); ponawiam za 5 s
19:35:43  Log przez Wi-Fi: brak połączenia (timed out); ponawiam za 5 s
19:35:58  Log przez Wi-Fi: brak połączenia (timed out); ponawiam za 5 s
19:36:13  Log przez Wi-Fi: brak połączenia (timed out); ponawiam za 5 s
19:36:28  Log przez Wi-Fi: brak połączenia (timed out); ponawiam za 5 s
19:36:43  Log przez Wi-Fi: brak połączenia (timed out); ponawiam za 5 s
19:36:58  Log przez Wi-Fi: brak połączenia (timed out); ponawiam za 5 s
19:37:13  Log przez Wi-Fi: brak połączenia (timed out); ponawiam za 5 s
19:37:28  Log przez Wi-Fi: brak połączenia (timed out); ponawiam za 5 s
19:37:43  Log przez Wi-Fi: brak połączenia (timed out); ponawiam za 5 s
19:37:58  Log przez Wi-Fi: brak połączenia (timed out); ponawiam za 5 s
19:38:13  Log przez Wi-Fi: brak połączenia (timed out); ponawiam za 5 s
19:38:28  Log przez Wi-Fi: brak połączenia (timed out); ponawiam za 5 s
19:38:43  Log przez Wi-Fi: brak połączenia (timed out); ponawiam za 5 s
19:38:58  Log przez Wi-Fi: brak połączenia (timed out); ponawiam za 5 s
19:39:13  Log przez Wi-Fi: brak połączenia (timed out); ponawiam za 5 s
19:39:28  Log przez Wi-Fi: brak połączenia (timed out); ponawiam za 5 s
19:39:43  Log przez Wi-Fi: brak połączenia (timed out); ponawiam za 5 s
19:39:58  Log przez Wi-Fi: brak połączenia (timed out); ponawiam za 5 s
19:40:13  Log przez Wi-Fi: brak połączenia (timed out); ponawiam za 5 s
19:40:28  Log przez Wi-Fi: brak połączenia (timed out); ponawiam za 5 s
19:40:43  Log przez Wi-Fi: brak połączenia (timed out); ponawiam za 5 s
19:40:58  Log przez Wi-Fi: brak połączenia (timed out); ponawiam za 5 s
19:41:13  Log przez Wi-Fi: brak połączenia (timed out); ponawiam za 5 s
19:41:28  Log przez Wi-Fi: brak połączenia (timed out); ponawiam za 5 s
19:41:43  Log przez Wi-Fi: brak połączenia (timed out); ponawiam za 5 s
19:41:58  Log przez Wi-Fi: brak połączenia (timed out); ponawiam za 5 s
19:42:13  Log przez Wi-Fi: brak połączenia (timed out); ponawiam za 5 s
19:42:28  Log przez Wi-Fi: brak połączenia (timed out); ponawiam za 5 s
19:42:43  Log przez Wi-Fi: brak połączenia (timed out); ponawiam za 5 s
19:42:58  Log przez Wi-Fi: brak połączenia (timed out); ponawiam za 5 s
19:43:13  Log przez Wi-Fi: brak połączenia (timed out); ponawiam za 5 s
19:43:28  Log przez Wi-Fi: brak połączenia (timed out); ponawiam za 5 s
19:43:44  Log przez Wi-Fi: brak połączenia (timed out); ponawiam za 5 s
19:43:59  Log przez Wi-Fi: brak połączenia (timed out); ponawiam za 5 s
19:44:14  Log przez Wi-Fi: brak połączenia (timed out); ponawiam za 5 s
19:44:29  Log przez Wi-Fi: brak połączenia (timed out); ponawiam za 5 s
19:44:44  Log przez Wi-Fi: brak połączenia (timed out); ponawiam za 5 s
19:44:59  Log przez Wi-Fi: brak połączenia (timed out); ponawiam za 5 s
19:45:14  Log przez Wi-Fi: brak połączenia (timed out); ponawiam za 5 s
19:45:29  Log przez Wi-Fi: brak połączenia (timed out); ponawiam za 5 s
19:45:44  Log przez Wi-Fi: brak połączenia (timed out); ponawiam za 5 s
19:45:59  Log przez Wi-Fi: brak połączenia (timed out); ponawiam za 5 s
19:46:14  Log przez Wi-Fi: brak połączenia (timed out); ponawiam za 5 s
19:46:29  Log przez Wi-Fi: brak połączenia (timed out); ponawiam za 5 s
19:46:44  Log przez Wi-Fi: brak połączenia (timed out); ponawiam za 5 s
19:46:59  Log przez Wi-Fi: brak połączenia (timed out); ponawiam za 5 s
19:47:14  Log przez Wi-Fi: brak połączenia (timed out); ponawiam za 5 s
19:47:29  Log przez Wi-Fi: brak połączenia (timed out); ponawiam za 5 s
19:47:44  Log przez Wi-Fi: brak połączenia (timed out); ponawiam za 5 s
19:47:59  Log przez Wi-Fi: brak połączenia (timed out); ponawiam za 5 s
19:48:14  Log przez Wi-Fi: brak połączenia (timed out); ponawiam za 5 s
19:48:29  Log przez Wi-Fi: brak połączenia (timed out); ponawiam za 5 s
19:48:44  Log przez Wi-Fi: brak połączenia (timed out); ponawiam za 5 s
19:48:59  Log przez Wi-Fi: brak połączenia (timed out); ponawiam za 5 s
19:49:14  Log przez Wi-Fi: brak połączenia (timed out); ponawiam za 5 s
19:49:29  Log przez Wi-Fi: brak połączenia (timed out); ponawiam za 5 s
19:49:44  Log przez Wi-Fi: brak połączenia (timed out); ponawiam za 5 s
19:49:59  Log przez Wi-Fi: brak połączenia (timed out); ponawiam za 5 s
19:50:14  Log przez Wi-Fi: brak połączenia (timed out); ponawiam za 5 s
19:50:29  Log przez Wi-Fi: brak połączenia (timed out); ponawiam za 5 s
19:50:44  Log przez Wi-Fi: brak połączenia (timed out); ponawiam za 5 s
19:50:59  Log przez Wi-Fi: brak połączenia (timed out); ponawiam za 5 s
19:51:14  Log przez Wi-Fi: brak połączenia (timed out); ponawiam za 5 s
19:51:29  Log przez Wi-Fi: brak połączenia (timed out); ponawiam za 5 s
19:51:44  Log przez Wi-Fi: brak połączenia (timed out); ponawiam za 5 s
19:51:59  Log przez Wi-Fi: brak połączenia (timed out); ponawiam za 5 s
19:52:14  Log przez Wi-Fi: brak połączenia (timed out); ponawiam za 5 s
19:52:29  Log przez Wi-Fi: brak połączenia (timed out); ponawiam za 5 s
19:52:44  Log przez Wi-Fi: brak połączenia (timed out); ponawiam za 5 s
19:52:59  Log przez Wi-Fi: brak połączenia (timed out); ponawiam za 5 s
19:53:14  Log przez Wi-Fi: brak połączenia (timed out); ponawiam za 5 s
19:53:29  Log przez Wi-Fi: brak połączenia (timed out); ponawiam za 5 s
19:53:44  Log przez Wi-Fi: brak połączenia (timed out); ponawiam za 5 s
19:53:59  Log przez Wi-Fi: brak połączenia (timed out); ponawiam za 5 s
19:54:14  Log przez Wi-Fi: brak połączenia (timed out); ponawiam za 5 s
19:54:29  Log przez Wi-Fi: brak połączenia (timed out); ponawiam za 5 s
19:54:44  Log przez Wi-Fi: brak połączenia (timed out); ponawiam za 5 s
19:54:59  Log przez Wi-Fi: brak połączenia (timed out); ponawiam za 5 s
19:55:14  Log przez Wi-Fi: brak połączenia (timed out); ponawiam za 5 s
19:55:29  Log przez Wi-Fi: brak połączenia (timed out); ponawiam za 5 s
19:55:44  Log przez Wi-Fi: brak połączenia (timed out); ponawiam za 5 s
19:55:59  Log przez Wi-Fi: brak połączenia (timed out); ponawiam za 5 s
19:56:14  Log przez Wi-Fi: brak połączenia (timed out); ponawiam za 5 s
19:56:29  Log przez Wi-Fi: brak połączenia (timed out); ponawiam za 5 s
19:56:44  Log przez Wi-Fi: brak połączenia (timed out); ponawiam za 5 s
19:56:59  Log przez Wi-Fi: brak połączenia (timed out); ponawiam za 5 s
19:57:14  Log przez Wi-Fi: brak połączenia (timed out); ponawiam za 5 s
19:57:29  Log przez Wi-Fi: brak połączenia (timed out); ponawiam za 5 s
19:57:44  Log przez Wi-Fi: brak połączenia (timed out); ponawiam za 5 s
19:57:59  Log przez Wi-Fi: brak połączenia (timed out); ponawiam za 5 s
19:58:14  Log przez Wi-Fi: brak połączenia (timed out); ponawiam za 5 s
19:58:29  Log przez Wi-Fi: brak połączenia (timed out); ponawiam za 5 s
19:58:44  Log przez Wi-Fi: brak połączenia (timed out); ponawiam za 5 s
19:58:59  Log przez Wi-Fi: brak połączenia (timed out); ponawiam za 5 s
19:59:14  Log przez Wi-Fi: brak połączenia (timed out); ponawiam za 5 s
19:59:29  Log przez Wi-Fi: brak połączenia (timed out); ponawiam za 5 s
19:59:44  Log przez Wi-Fi: brak połączenia (timed out); ponawiam za 5 s
19:59:59  Log przez Wi-Fi: brak połączenia (timed out); ponawiam za 5 s
20:00:14  Log przez Wi-Fi: brak połączenia (timed out); ponawiam za 5 s
20:00:29  Log przez Wi-Fi: brak połączenia (timed out); ponawiam za 5 s
20:00:44  Log przez Wi-Fi: brak połączenia (timed out); ponawiam za 5 s
20:00:59  Log przez Wi-Fi: brak połączenia (timed out); ponawiam za 5 s
20:01:14  Log przez Wi-Fi: brak połączenia (timed out); ponawiam za 5 s
20:01:29  Log przez Wi-Fi: brak połączenia (timed out); ponawiam za 5 s
20:01:44  Log przez Wi-Fi: brak połączenia (timed out); ponawiam za 5 s
20:01:59  Log przez Wi-Fi: brak połączenia (timed out); ponawiam za 5 s
20:02:14  Log przez Wi-Fi: brak połączenia (timed out); ponawiam za 5 s
20:02:29  Log przez Wi-Fi: brak połączenia (timed out); ponawiam za 5 s
20:02:44  Log przez Wi-Fi: brak połączenia (timed out); ponawiam za 5 s
20:02:59  Log przez Wi-Fi: brak połączenia (timed out); ponawiam za 5 s
20:03:14  Log przez Wi-Fi: brak połączenia (timed out); ponawiam za 5 s
20:03:29  Log przez Wi-Fi: brak połączenia (timed out); ponawiam za 5 s
20:03:44  Log przez Wi-Fi: brak połączenia (timed out); ponawiam za 5 s
20:03:59  Log przez Wi-Fi: brak połączenia (timed out); ponawiam za 5 s
20:04:14  Log przez Wi-Fi: brak połączenia (timed out); ponawiam za 5 s
20:04:29  Log przez Wi-Fi: brak połączenia (timed out); ponawiam za 5 s
20:04:44  Log przez Wi-Fi: brak połączenia (timed out); ponawiam za 5 s
20:04:59  Log przez Wi-Fi: brak połączenia (timed out); ponawiam za 5 s
20:05:14  Log przez Wi-Fi: brak połączenia (timed out); ponawiam za 5 s
20:05:29  Log przez Wi-Fi: brak połączenia (timed out); ponawiam za 5 s
20:05:44  Log przez Wi-Fi: brak połączenia (timed out); ponawiam za 5 s
20:05:59  Log przez Wi-Fi: brak połączenia (timed out); ponawiam za 5 s
20:06:14  Log przez Wi-Fi: brak połączenia (timed out); ponawiam za 5 s
20:06:29  Log przez Wi-Fi: brak połączenia (timed out); ponawiam za 5 s
20:06:44  Log przez Wi-Fi: brak połączenia (timed out); ponawiam za 5 s
20:06:59  Log przez Wi-Fi: brak połączenia (timed out); ponawiam za 5 s
20:07:14  Log przez Wi-Fi: brak połączenia (timed out); ponawiam za 5 s
20:07:29  Log przez Wi-Fi: brak połączenia (timed out); ponawiam za 5 s
20:07:44  Log przez Wi-Fi: brak połączenia (timed out); ponawiam za 5 s
20:07:59  Log przez Wi-Fi: brak połączenia (timed out); ponawiam za 5 s
20:08:14  Log przez Wi-Fi: brak połączenia (timed out); ponawiam za 5 s
20:08:29  Log przez Wi-Fi: brak połączenia (timed out); ponawiam za 5 s
20:08:44  Log przez Wi-Fi: brak połączenia (timed out); ponawiam za 5 s
20:08:59  Log przez Wi-Fi: brak połączenia (timed out); ponawiam za 5 s
20:09:14  Log przez Wi-Fi: brak połączenia (timed out); ponawiam za 5 s
20:09:29  Log przez Wi-Fi: brak połączenia (timed out); ponawiam za 5 s
20:09:44  Log przez Wi-Fi: brak połączenia (timed out); ponawiam za 5 s
20:09:59  Log przez Wi-Fi: brak połączenia (timed out); ponawiam za 5 s
20:10:14  Log przez Wi-Fi: brak połączenia (timed out); ponawiam za 5 s
20:10:29  Log przez Wi-Fi: brak połączenia (timed out); ponawiam za 5 s
20:10:44  Log przez Wi-Fi: brak połączenia (timed out); ponawiam za 5 s
20:11:00  Log przez Wi-Fi: brak połączenia (timed out); ponawiam za 5 s
20:11:15  Log przez Wi-Fi: brak połączenia (timed out); ponawiam za 5 s
20:11:30  Log przez Wi-Fi: brak połączenia (timed out); ponawiam za 5 s
20:11:45  Log przez Wi-Fi: brak połączenia (timed out); ponawiam za 5 s
20:12:00  Log przez Wi-Fi: brak połączenia (timed out); ponawiam za 5 s
20:12:15  Log przez Wi-Fi: brak połączenia (timed out); ponawiam za 5 s
20:12:30  Log przez Wi-Fi: brak połączenia (timed out); ponawiam za 5 s
20:12:45  Log przez Wi-Fi: brak połączenia (timed out); ponawiam za 5 s
20:13:00  Log przez Wi-Fi: brak połączenia (timed out); ponawiam za 5 s
20:13:15  Log przez Wi-Fi: brak połączenia (timed out); ponawiam za 5 s
20:13:30  Log przez Wi-Fi: brak połączenia (timed out); ponawiam za 5 s
20:13:45  Log przez Wi-Fi: brak połączenia (timed out); ponawiam za 5 s
20:14:00  Log przez Wi-Fi: brak połączenia (timed out); ponawiam za 5 s
20:14:15  Log przez Wi-Fi: brak połączenia (timed out); ponawiam za 5 s
20:14:30  Log przez Wi-Fi: brak połączenia (timed out); ponawiam za 5 s
20:14:45  Log przez Wi-Fi: brak połączenia (timed out); ponawiam za 5 s
20:15:00  Log przez Wi-Fi: brak połączenia (timed out); ponawiam za 5 s
20:15:15  Log przez Wi-Fi: brak połączenia (timed out); ponawiam za 5 s
20:15:30  Log przez Wi-Fi: brak połączenia (timed out); ponawiam za 5 s
20:15:45  Log przez Wi-Fi: brak połączenia (timed out); ponawiam za 5 s
20:16:00  Log przez Wi-Fi: brak połączenia (timed out); ponawiam za 5 s
20:16:15  Log przez Wi-Fi: brak połączenia (timed out); ponawiam za 5 s
20:16:30  Log przez Wi-Fi: brak połączenia (timed out); ponawiam za 5 s
20:16:45  Log przez Wi-Fi: brak połączenia (timed out); ponawiam za 5 s
20:17:00  Log przez Wi-Fi: brak połączenia (timed out); ponawiam za 5 s
20:17:15  Log przez Wi-Fi: brak połączenia (timed out); ponawiam za 5 s
20:17:30  Log przez Wi-Fi: brak połączenia (timed out); ponawiam za 5 s
20:17:45  Log przez Wi-Fi: brak połączenia (timed out); ponawiam za 5 s
20:18:00  Log przez Wi-Fi: brak połączenia (timed out); ponawiam za 5 s
20:18:15  Log przez Wi-Fi: brak połączenia (timed out); ponawiam za 5 s
20:18:30  Log przez Wi-Fi: brak połączenia (timed out); ponawiam za 5 s
20:18:45  Log przez Wi-Fi: brak połączenia (timed out); ponawiam za 5 s
20:19:00  Log przez Wi-Fi: brak połączenia (timed out); ponawiam za 5 s
20:19:15  Log przez Wi-Fi: brak połączenia (timed out); ponawiam za 5 s
20:19:30  Log przez Wi-Fi: brak połączenia (timed out); ponawiam za 5 s
20:19:45  Log przez Wi-Fi: brak połączenia (timed out); ponawiam za 5 s
20:20:00  Log przez Wi-Fi: brak połączenia (timed out); ponawiam za 5 s
20:20:15  Log przez Wi-Fi: brak połączenia (timed out); ponawiam za 5 s
20:20:30  Log przez Wi-Fi: brak połączenia (timed out); ponawiam za 5 s
20:20:45  Log przez Wi-Fi: brak połączenia (timed out); ponawiam za 5 s
20:21:00  Log przez Wi-Fi: brak połączenia (timed out); ponawiam za 5 s
20:21:15  Log przez Wi-Fi: brak połączenia (timed out); ponawiam za 5 s
20:21:30  Log przez Wi-Fi: brak połączenia (timed out); ponawiam za 5 s
20:21:45  Log przez Wi-Fi: brak połączenia (timed out); ponawiam za 5 s
20:22:00  Log przez Wi-Fi: brak połączenia (timed out); ponawiam za 5 s
20:22:15  Log przez Wi-Fi: brak połączenia (timed out); ponawiam za 5 s
20:22:30  Log przez Wi-Fi: brak połączenia (timed out); ponawiam za 5 s
20:22:45  Log przez Wi-Fi: brak połączenia (timed out); ponawiam za 5 s
20:23:00  Log przez Wi-Fi: brak połączenia (timed out); ponawiam za 5 s
20:23:15  Log przez Wi-Fi: brak połączenia (timed out); ponawiam za 5 s
20:23:30  Log przez Wi-Fi: brak połączenia (timed out); ponawiam za 5 s
20:23:45  Log przez Wi-Fi: brak połączenia (timed out); ponawiam za 5 s
20:24:00  Log przez Wi-Fi: brak połączenia (timed out); ponawiam za 5 s
20:24:15  Log przez Wi-Fi: brak połączenia (timed out); ponawiam za 5 s
20:24:30  Log przez Wi-Fi: brak połączenia (timed out); ponawiam za 5 s
20:24:45  Log przez Wi-Fi: brak połączenia (timed out); ponawiam za 5 s
20:25:00  Log przez Wi-Fi: brak połączenia (timed out); ponawiam za 5 s
20:25:15  Log przez Wi-Fi: brak połączenia (timed out); ponawiam za 5 s
20:25:30  Log przez Wi-Fi: brak połączenia (timed out); ponawiam za 5 s
20:25:45  Log przez Wi-Fi: brak połączenia (timed out); ponawiam za 5 s
20:26:00  Log przez Wi-Fi: brak połączenia (timed out); ponawiam za 5 s
20:26:15  Log przez Wi-Fi: brak połączenia (timed out); ponawiam za 5 s
20:26:30  Log przez Wi-Fi: brak połączenia (timed out); ponawiam za 5 s
20:26:45  Log przez Wi-Fi: brak połączenia (timed out); ponawiam za 5 s
20:27:00  Log przez Wi-Fi: brak połączenia (timed out); ponawiam za 5 s
20:27:15  Log przez Wi-Fi: brak połączenia (timed out); ponawiam za 5 s
20:27:30  Log przez Wi-Fi: brak połączenia (timed out); ponawiam za 5 s
20:27:45  Log przez Wi-Fi: brak połączenia (timed out); ponawiam za 5 s
20:28:00  Log przez Wi-Fi: brak połączenia (timed out); ponawiam za 5 s
20:28:15  Log przez Wi-Fi: brak połączenia (timed out); ponawiam za 5 s
20:28:30  Log przez Wi-Fi: brak połączenia (timed out); ponawiam za 5 s
20:28:45  Log przez Wi-Fi: brak połączenia (timed out); ponawiam za 5 s
20:29:00  Log przez Wi-Fi: brak połączenia (timed out); ponawiam za 5 s
20:29:15  Log przez Wi-Fi: brak połączenia (timed out); ponawiam za 5 s
20:29:30  Log przez Wi-Fi: brak połączenia (timed out); ponawiam za 5 s
20:29:45  Log przez Wi-Fi: brak połączenia (timed out); ponawiam za 5 s
20:30:00  Log przez Wi-Fi: brak połączenia (timed out); ponawiam za 5 s
20:30:15  Log przez Wi-Fi: brak połączenia (timed out); ponawiam za 5 s
20:30:30  Log przez Wi-Fi: brak połączenia (timed out); ponawiam za 5 s
20:30:45  Log przez Wi-Fi: brak połączenia (timed out); ponawiam za 5 s
20:31:00  Log przez Wi-Fi: brak połączenia (timed out); ponawiam za 5 s
20:31:15  Log przez Wi-Fi: brak połączenia (timed out); ponawiam za 5 s
20:31:30  Log przez Wi-Fi: brak połączenia (timed out); ponawiam za 5 s
20:31:45  Log przez Wi-Fi: brak połączenia (timed out); ponawiam za 5 s
20:32:00  Log przez Wi-Fi: brak połączenia (timed out); ponawiam za 5 s
20:32:15  Log przez Wi-Fi: brak połączenia (timed out); ponawiam za 5 s
20:32:30  Log przez Wi-Fi: brak połączenia (timed out); ponawiam za 5 s
20:32:45  Log przez Wi-Fi: brak połączenia (timed out); ponawiam za 5 s
20:33:00  Log przez Wi-Fi: brak połączenia (timed out); ponawiam za 5 s
20:33:15  Log przez Wi-Fi: brak połączenia (timed out); ponawiam za 5 s
20:33:30  Log przez Wi-Fi: brak połączenia (timed out); ponawiam za 5 s
20:33:45  Log przez Wi-Fi: brak połączenia (timed out); ponawiam za 5 s
20:34:00  Log przez Wi-Fi: brak połączenia (timed out); ponawiam za 5 s
20:34:15  Log przez Wi-Fi: brak połączenia (timed out); ponawiam za 5 s
20:34:30  Log przez Wi-Fi: brak połączenia (timed out); ponawiam za 5 s
20:34:45  Log przez Wi-Fi: brak połączenia (timed out); ponawiam za 5 s
20:35:00  Log przez Wi-Fi: brak połączenia (timed out); ponawiam za 5 s
20:35:15  Log przez Wi-Fi: brak połączenia (timed out); ponawiam za 5 s
20:35:30  Log przez Wi-Fi: brak połączenia (timed out); ponawiam za 5 s
20:35:45  Log przez Wi-Fi: brak połączenia (timed out); ponawiam za 5 s
20:36:00  Log przez Wi-Fi: brak połączenia (timed out); ponawiam za 5 s
20:36:15  Log przez Wi-Fi: brak połączenia (timed out); ponawiam za 5 s
20:36:30  Log przez Wi-Fi: brak połączenia (timed out); ponawiam za 5 s
20:36:45  Log przez Wi-Fi: brak połączenia (timed out); ponawiam za 5 s
20:37:00  Log przez Wi-Fi: brak połączenia (timed out); ponawiam za 5 s
20:37:15  Log przez Wi-Fi: brak połączenia (timed out); ponawiam za 5 s
20:37:30  Log przez Wi-Fi: brak połączenia (timed out); ponawiam za 5 s
20:37:45  Log przez Wi-Fi: brak połączenia (timed out); ponawiam za 5 s
20:38:00  Log przez Wi-Fi: brak połączenia (timed out); ponawiam za 5 s
20:38:15  Log przez Wi-Fi: brak połączenia (timed out); ponawiam za 5 s
20:38:30  Log przez Wi-Fi: brak połączenia (timed out); ponawiam za 5 s
20:38:45  Log przez Wi-Fi: brak połączenia (timed out); ponawiam za 5 s
20:39:00  Log przez Wi-Fi: brak połączenia (timed out); ponawiam za 5 s
20:39:16  Log przez Wi-Fi: brak połączenia (timed out); ponawiam za 5 s
20:39:31  Log przez Wi-Fi: brak połączenia (timed out); ponawiam za 5 s
20:39:46  Log przez Wi-Fi: brak połączenia (timed out); ponawiam za 5 s
20:40:01  Log przez Wi-Fi: brak połączenia (timed out); ponawiam za 5 s
20:40:16  Log przez Wi-Fi: brak połączenia (timed out); ponawiam za 5 s
20:40:31  Log przez Wi-Fi: brak połączenia (timed out); ponawiam za 5 s
20:40:46  Log przez Wi-Fi: brak połączenia (timed out); ponawiam za 5 s
20:41:01  Log przez Wi-Fi: brak połączenia (timed out); ponawiam za 5 s
20:41:16  Log przez Wi-Fi: brak połączenia (timed out); ponawiam za 5 s
20:41:31  Log przez Wi-Fi: brak połączenia (timed out); ponawiam za 5 s
20:41:46  Log przez Wi-Fi: brak połączenia (timed out); ponawiam za 5 s
20:42:01  Log przez Wi-Fi: brak połączenia (timed out); ponawiam za 5 s
20:42:16  Log przez Wi-Fi: brak połączenia (timed out); ponawiam za 5 s
20:42:31  Log przez Wi-Fi: brak połączenia (timed out); ponawiam za 5 s
20:42:46  Log przez Wi-Fi: brak połączenia (timed out); ponawiam za 5 s
20:43:01  Log przez Wi-Fi: brak połączenia (timed out); ponawiam za 5 s
20:43:16  Log przez Wi-Fi: brak połączenia (timed out); ponawiam za 5 s
20:43:31  Log przez Wi-Fi: brak połączenia (timed out); ponawiam za 5 s
20:43:46  Log przez Wi-Fi: brak połączenia (timed out); ponawiam za 5 s
20:44:01  Log przez Wi-Fi: brak połączenia (timed out); ponawiam za 5 s
20:44:16  Log przez Wi-Fi: brak połączenia (timed out); ponawiam za 5 s
20:44:31  Log przez Wi-Fi: brak połączenia (timed out); ponawiam za 5 s
20:44:46  Log przez Wi-Fi: brak połączenia (timed out); ponawiam za 5 s
20:45:01  Log przez Wi-Fi: brak połączenia (timed out); ponawiam za 5 s
20:45:16  Log przez Wi-Fi: brak połączenia (timed out); ponawiam za 5 s
20:45:31  Log przez Wi-Fi: brak połączenia (timed out); ponawiam za 5 s
20:45:46  Log przez Wi-Fi: brak połączenia (timed out); ponawiam za 5 s
20:46:01  Log przez Wi-Fi: brak połączenia (timed out); ponawiam za 5 s
20:46:16  Log przez Wi-Fi: brak połączenia (timed out); ponawiam za 5 s
20:46:31  Log przez Wi-Fi: brak połączenia (timed out); ponawiam za 5 s
20:46:46  Log przez Wi-Fi: brak połączenia (timed out); ponawiam za 5 s
20:47:01  Log przez Wi-Fi: brak połączenia (timed out); ponawiam za 5 s
20:47:16  Log przez Wi-Fi: brak połączenia (timed out); ponawiam za 5 s
20:47:31  Log przez Wi-Fi: brak połączenia (timed out); ponawiam za 5 s
20:47:46  Log przez Wi-Fi: brak połączenia (timed out); ponawiam za 5 s
20:48:01  Log przez Wi-Fi: brak połączenia (timed out); ponawiam za 5 s
20:48:16  Log przez Wi-Fi: brak połączenia (timed out); ponawiam za 5 s
20:48:31  Log przez Wi-Fi: brak połączenia (timed out); ponawiam za 5 s
20:48:46  Log przez Wi-Fi: brak połączenia (timed out); ponawiam za 5 s
20:49:01  Log przez Wi-Fi: brak połączenia (timed out); ponawiam za 5 s
20:49:16  Log przez Wi-Fi: brak połączenia (timed out); ponawiam za 5 s
20:49:31  Log przez Wi-Fi: brak połączenia (timed out); ponawiam za 5 s
20:49:46  Log przez Wi-Fi: brak połączenia (timed out); ponawiam za 5 s
20:50:01  Log przez Wi-Fi: brak połączenia (timed out); ponawiam za 5 s
20:50:16  Log przez Wi-Fi: brak połączenia (timed out); ponawiam za 5 s
20:50:31  Log przez Wi-Fi: brak połączenia (timed out); ponawiam za 5 s
20:50:46  Log przez Wi-Fi: brak połączenia (timed out); ponawiam za 5 s
20:51:01  Log przez Wi-Fi: brak połączenia (timed out); ponawiam za 5 s
20:51:16  Log przez Wi-Fi: brak połączenia (timed out); ponawiam za 5 s
20:51:31  Log przez Wi-Fi: brak połączenia (timed out); ponawiam za 5 s
20:51:46  Log przez Wi-Fi: brak połączenia (timed out); ponawiam za 5 s
20:52:01  Log przez Wi-Fi: brak połączenia (timed out); ponawiam za 5 s
20:52:16  Log przez Wi-Fi: brak połączenia (timed out); ponawiam za 5 s
20:52:31  Log przez Wi-Fi: brak połączenia (timed out); ponawiam za 5 s
20:52:46  Log przez Wi-Fi: brak połączenia (timed out); ponawiam za 5 s
20:53:01  Log przez Wi-Fi: brak połączenia (timed out); ponawiam za 5 s
20:53:16  Log przez Wi-Fi: brak połączenia (timed out); ponawiam za 5 s
20:53:31  Log przez Wi-Fi: brak połączenia (timed out); ponawiam za 5 s
20:53:46  Log przez Wi-Fi: brak połączenia (timed out); ponawiam za 5 s
20:54:01  Log przez Wi-Fi: brak połączenia (timed out); ponawiam za 5 s
20:54:16  Log przez Wi-Fi: brak połączenia (timed out); ponawiam za 5 s
20:54:31  Log przez Wi-Fi: brak połączenia (timed out); ponawiam za 5 s
20:54:46  Log przez Wi-Fi: brak połączenia (timed out); ponawiam za 5 s
20:55:01  Log przez Wi-Fi: brak połączenia (timed out); ponawiam za 5 s
20:55:16  Log przez Wi-Fi: brak połączenia (timed out); ponawiam za 5 s
20:55:31  Log przez Wi-Fi: brak połączenia (timed out); ponawiam za 5 s
20:55:46  Log przez Wi-Fi: brak połączenia (timed out); ponawiam za 5 s
20:56:01  Log przez Wi-Fi: brak połączenia (timed out); ponawiam za 5 s
20:56:16  Log przez Wi-Fi: brak połączenia (timed out); ponawiam za 5 s
20:56:31  Log przez Wi-Fi: brak połączenia (timed out); ponawiam za 5 s
20:56:46  Log przez Wi-Fi: brak połączenia (timed out); ponawiam za 5 s
20:57:01  Log przez Wi-Fi: brak połączenia (timed out); ponawiam za 5 s
20:57:16  Log przez Wi-Fi: brak połączenia (timed out); ponawiam za 5 s
20:57:31  Log przez Wi-Fi: brak połączenia (timed out); ponawiam za 5 s
20:57:46  Log przez Wi-Fi: brak połączenia (timed out); ponawiam za 5 s
20:58:01  Log przez Wi-Fi: brak połączenia (timed out); ponawiam za 5 s
20:58:16  Log przez Wi-Fi: brak połączenia (timed out); ponawiam za 5 s
20:58:31  Log przez Wi-Fi: brak połączenia (timed out); ponawiam za 5 s
20:58:46  Log przez Wi-Fi: brak połączenia (timed out); ponawiam za 5 s
20:59:01  Log przez Wi-Fi: brak połączenia (timed out); ponawiam za 5 s
20:59:16  Log przez Wi-Fi: brak połączenia (timed out); ponawiam za 5 s
20:59:31  Log przez Wi-Fi: brak połączenia (timed out); ponawiam za 5 s
20:59:46  Log przez Wi-Fi: brak połączenia (timed out); ponawiam za 5 s
21:00:01  Log przez Wi-Fi: brak połączenia (timed out); ponawiam za 5 s
21:00:16  Log przez Wi-Fi: brak połączenia (timed out); ponawiam za 5 s
21:00:31  Log przez Wi-Fi: brak połączenia (timed out); ponawiam za 5 s
21:00:46  Log przez Wi-Fi: brak połączenia (timed out); ponawiam za 5 s
21:01:01  Log przez Wi-Fi: brak połączenia (timed out); ponawiam za 5 s
21:01:16  Log przez Wi-Fi: brak połączenia (timed out); ponawiam za 5 s
21:01:31  Log przez Wi-Fi: brak połączenia (timed out); ponawiam za 5 s
21:01:46  Log przez Wi-Fi: brak połączenia (timed out); ponawiam za 5 s
21:02:01  Log przez Wi-Fi: brak połączenia (timed out); ponawiam za 5 s
21:02:16  Log przez Wi-Fi: brak połączenia (timed out); ponawiam za 5 s
21:02:31  Log przez Wi-Fi: brak połączenia (timed out); ponawiam za 5 s
21:02:46  Log przez Wi-Fi: brak połączenia (timed out); ponawiam za 5 s
21:03:01  Log przez Wi-Fi: brak połączenia (timed out); ponawiam za 5 s
21:03:16  Log przez Wi-Fi: brak połączenia (timed out); ponawiam za 5 s
21:03:31  Log przez Wi-Fi: brak połączenia (timed out); ponawiam za 5 s
21:03:46  Log przez Wi-Fi: brak połączenia (timed out); ponawiam za 5 s
21:04:01  Log przez Wi-Fi: brak połączenia (timed out); ponawiam za 5 s
21:04:16  Log przez Wi-Fi: brak połączenia (timed out); ponawiam za 5 s
21:04:31  Log przez Wi-Fi: brak połączenia (timed out); ponawiam za 5 s
21:04:46  Log przez Wi-Fi: brak połączenia (timed out); ponawiam za 5 s
21:05:01  Log przez Wi-Fi: brak połączenia (timed out); ponawiam za 5 s
21:05:16  Log przez Wi-Fi: brak połączenia (timed out); ponawiam za 5 s
21:05:31  Log przez Wi-Fi: brak połączenia (timed out); ponawiam za 5 s
21:05:46  Log przez Wi-Fi: brak połączenia (timed out); ponawiam za 5 s
21:06:01  Log przez Wi-Fi: brak połączenia (timed out); ponawiam za 5 s
21:06:16  Log przez Wi-Fi: brak połączenia (timed out); ponawiam za 5 s
21:06:31  Log przez Wi-Fi: brak połączenia (timed out); ponawiam za 5 s
21:06:46  Log przez Wi-Fi: brak połączenia (timed out); ponawiam za 5 s
21:07:01  Log przez Wi-Fi: brak połączenia (timed out); ponawiam za 5 s
21:07:16  Log przez Wi-Fi: brak połączenia (timed out); ponawiam za 5 s
21:07:31  Log przez Wi-Fi: brak połączenia (timed out); ponawiam za 5 s
21:07:46  Log przez Wi-Fi: brak połączenia (timed out); ponawiam za 5 s
21:08:02  Log przez Wi-Fi: brak połączenia (timed out); ponawiam za 5 s
21:08:17  Log przez Wi-Fi: brak połączenia (timed out); ponawiam za 5 s
21:08:32  Log przez Wi-Fi: brak połączenia (timed out); ponawiam za 5 s
21:08:47  Log przez Wi-Fi: brak połączenia (timed out); ponawiam za 5 s
21:09:02  Log przez Wi-Fi: brak połączenia (timed out); ponawiam za 5 s
21:09:17  Log przez Wi-Fi: brak połączenia (timed out); ponawiam za 5 s
21:09:32  Log przez Wi-Fi: brak połączenia (timed out); ponawiam za 5 s
21:09:47  Log przez Wi-Fi: brak połączenia (timed out); ponawiam za 5 s
21:10:02  Log przez Wi-Fi: brak połączenia (timed out); ponawiam za 5 s
21:10:17  Log przez Wi-Fi: brak połączenia (timed out); ponawiam za 5 s
21:10:32  Log przez Wi-Fi: brak połączenia (timed out); ponawiam za 5 s
21:10:47  Log przez Wi-Fi: brak połączenia (timed out); ponawiam za 5 s
21:11:02  Log przez Wi-Fi: brak połączenia (timed out); ponawiam za 5 s
21:11:17  Log przez Wi-Fi: brak połączenia (timed out); ponawiam za 5 s
21:11:32  Log przez Wi-Fi: brak połączenia (timed out); ponawiam za 5 s
21:11:47  Log przez Wi-Fi: brak połączenia (timed out); ponawiam za 5 s
21:12:02  Log przez Wi-Fi: brak połączenia (timed out); ponawiam za 5 s
21:12:17  Log przez Wi-Fi: brak połączenia (timed out); ponawiam za 5 s
21:12:32  Log przez Wi-Fi: brak połączenia (timed out); ponawiam za 5 s
21:12:47  Log przez Wi-Fi: brak połączenia (timed out); ponawiam za 5 s
21:13:02  Log przez Wi-Fi: brak połączenia (timed out); ponawiam za 5 s
21:13:17  Log przez Wi-Fi: brak połączenia (timed out); ponawiam za 5 s
21:13:32  Log przez Wi-Fi: brak połączenia (timed out); ponawiam za 5 s
21:13:47  Log przez Wi-Fi: brak połączenia (timed out); ponawiam za 5 s
21:14:02  Log przez Wi-Fi: brak połączenia (timed out); ponawiam za 5 s
21:14:17  Log przez Wi-Fi: brak połączenia (timed out); ponawiam za 5 s
21:14:32  Log przez Wi-Fi: brak połączenia (timed out); ponawiam za 5 s
21:14:47  Log przez Wi-Fi: brak połączenia (timed out); ponawiam za 5 s
21:15:02  Log przez Wi-Fi: brak połączenia (timed out); ponawiam za 5 s
21:15:17  Log przez Wi-Fi: brak połączenia (timed out); ponawiam za 5 s
21:15:32  Log przez Wi-Fi: brak połączenia (timed out); ponawiam za 5 s
21:15:47  Log przez Wi-Fi: brak połączenia (timed out); ponawiam za 5 s
21:16:02  Log przez Wi-Fi: brak połączenia (timed out); ponawiam za 5 s
21:16:17  Log przez Wi-Fi: brak połączenia (timed out); ponawiam za 5 s
21:16:32  Log przez Wi-Fi: brak połączenia (timed out); ponawiam za 5 s
21:16:47  Log przez Wi-Fi: brak połączenia (timed out); ponawiam za 5 s
21:17:02  Log przez Wi-Fi: brak połączenia (timed out); ponawiam za 5 s
21:17:17  Log przez Wi-Fi: brak połączenia (timed out); ponawiam za 5 s
21:17:32  Log przez Wi-Fi: brak połączenia (timed out); ponawiam za 5 s
21:17:47  Log przez Wi-Fi: brak połączenia (timed out); ponawiam za 5 s
21:18:02  Log przez Wi-Fi: brak połączenia (timed out); ponawiam za 5 s
21:18:17  Log przez Wi-Fi: brak połączenia (timed out); ponawiam za 5 s
21:18:32  Log przez Wi-Fi: brak połączenia (timed out); ponawiam za 5 s
21:18:47  Log przez Wi-Fi: brak połączenia (timed out); ponawiam za 5 s
21:19:02  Log przez Wi-Fi: brak połączenia (timed out); ponawiam za 5 s
21:19:17  Log przez Wi-Fi: brak połączenia (timed out); ponawiam za 5 s
21:19:32  Log przez Wi-Fi: brak połączenia (timed out); ponawiam za 5 s
21:19:47  Log przez Wi-Fi: brak połączenia (timed out); ponawiam za 5 s
21:20:02  Log przez Wi-Fi: brak połączenia (timed out); ponawiam za 5 s
21:20:17  Log przez Wi-Fi: brak połączenia (timed out); ponawiam za 5 s
21:20:32  Log przez Wi-Fi: brak połączenia (timed out); ponawiam za 5 s
21:20:47  Log przez Wi-Fi: brak połączenia (timed out); ponawiam za 5 s
21:21:02  Log przez Wi-Fi: brak połączenia (timed out); ponawiam za 5 s
21:21:17  Log przez Wi-Fi: brak połączenia (timed out); ponawiam za 5 s
21:21:32  Log przez Wi-Fi: brak połączenia (timed out); ponawiam za 5 s
21:21:47  Log przez Wi-Fi: brak połączenia (timed out); ponawiam za 5 s
21:22:02  Log przez Wi-Fi: brak połączenia (timed out); ponawiam za 5 s
21:22:17  Log przez Wi-Fi: brak połączenia (timed out); ponawiam za 5 s
21:22:32  Log przez Wi-Fi: brak połączenia (timed out); ponawiam za 5 s
21:22:47  Log przez Wi-Fi: brak połączenia (timed out); ponawiam za 5 s
21:23:02  Log przez Wi-Fi: brak połączenia (timed out); ponawiam za 5 s
21:23:17  Log przez Wi-Fi: brak połączenia (timed out); ponawiam za 5 s
21:23:32  Log przez Wi-Fi: brak połączenia (timed out); ponawiam za 5 s
21:23:47  Log przez Wi-Fi: brak połączenia (timed out); ponawiam za 5 s
21:24:02  Log przez Wi-Fi: brak połączenia (timed out); ponawiam za 5 s
21:24:17  Log przez Wi-Fi: brak połączenia (timed out); ponawiam za 5 s
21:24:32  Log przez Wi-Fi: brak połączenia (timed out); ponawiam za 5 s
21:24:47  Log przez Wi-Fi: brak połączenia (timed out); ponawiam za 5 s
21:25:02  Log przez Wi-Fi: brak połączenia (timed out); ponawiam za 5 s
21:25:17  Log przez Wi-Fi: brak połączenia (timed out); ponawiam za 5 s
21:25:32  Log przez Wi-Fi: brak połączenia (timed out); ponawiam za 5 s
21:25:47  Log przez Wi-Fi: brak połączenia (timed out); ponawiam za 5 s
21:26:02  Log przez Wi-Fi: brak połączenia (timed out); ponawiam za 5 s
21:26:17  Log przez Wi-Fi: brak połączenia (timed out); ponawiam za 5 s
21:26:32  Log przez Wi-Fi: brak połączenia (timed out); ponawiam za 5 s
21:26:47  Log przez Wi-Fi: brak połączenia (timed out); ponawiam za 5 s
21:27:02  Log przez Wi-Fi: brak połączenia (timed out); ponawiam za 5 s
21:27:17  Log przez Wi-Fi: brak połączenia (timed out); ponawiam za 5 s
21:27:32  Log przez Wi-Fi: brak połączenia (timed out); ponawiam za 5 s
21:27:47  Log przez Wi-Fi: brak połączenia (timed out); ponawiam za 5 s
21:28:02  Log przez Wi-Fi: brak połączenia (timed out); ponawiam za 5 s
21:28:17  Log przez Wi-Fi: brak połączenia (timed out); ponawiam za 5 s
21:28:32  Log przez Wi-Fi: brak połączenia (timed out); ponawiam za 5 s
21:28:47  Log przez Wi-Fi: brak połączenia (timed out); ponawiam za 5 s
21:29:02  Log przez Wi-Fi: brak połączenia (timed out); ponawiam za 5 s
21:29:17  Log przez Wi-Fi: brak połączenia (timed out); ponawiam za 5 s
21:29:32  Log przez Wi-Fi: brak połączenia (timed out); ponawiam za 5 s
21:29:47  Log przez Wi-Fi: brak połączenia (timed out); ponawiam za 5 s
21:30:02  Log przez Wi-Fi: brak połączenia (timed out); ponawiam za 5 s
21:30:17  Log przez Wi-Fi: brak połączenia (timed out); ponawiam za 5 s
21:30:32  Log przez Wi-Fi: brak połączenia (timed out); ponawiam za 5 s
21:30:47  Log przez Wi-Fi: brak połączenia (timed out); ponawiam za 5 s
21:31:02  Log przez Wi-Fi: brak połączenia (timed out); ponawiam za 5 s
21:31:17  Log przez Wi-Fi: brak połączenia (timed out); ponawiam za 5 s
21:31:32  Log przez Wi-Fi: brak połączenia (timed out); ponawiam za 5 s
21:31:47  Log przez Wi-Fi: brak połączenia (timed out); ponawiam za 5 s
21:32:02  Log przez Wi-Fi: brak połączenia (timed out); ponawiam za 5 s
21:32:17  Log przez Wi-Fi: brak połączenia (timed out); ponawiam za 5 s
21:32:32  Log przez Wi-Fi: brak połączenia (timed out); ponawiam za 5 s
21:32:47  Log przez Wi-Fi: brak połączenia (timed out); ponawiam za 5 s
21:33:02  Log przez Wi-Fi: brak połączenia (timed out); ponawiam za 5 s
21:33:17  Log przez Wi-Fi: brak połączenia (timed out); ponawiam za 5 s
21:33:32  Log przez Wi-Fi: brak połączenia (timed out); ponawiam za 5 s
21:33:47  Log przez Wi-Fi: brak połączenia (timed out); ponawiam za 5 s
21:34:02  Log przez Wi-Fi: brak połączenia (timed out); ponawiam za 5 s
21:34:17  Log przez Wi-Fi: brak połączenia (timed out); ponawiam za 5 s
21:34:32  Log przez Wi-Fi: brak połączenia (timed out); ponawiam za 5 s
21:34:47  Log przez Wi-Fi: brak połączenia (timed out); ponawiam za 5 s
21:35:02  Log przez Wi-Fi: brak połączenia (timed out); ponawiam za 5 s
21:35:17  Log przez Wi-Fi: brak połączenia (timed out); ponawiam za 5 s
21:35:32  Log przez Wi-Fi: brak połączenia (timed out); ponawiam za 5 s
21:35:47  Log przez Wi-Fi: brak połączenia (timed out); ponawiam za 5 s
21:36:02  Log przez Wi-Fi: brak połączenia (timed out); ponawiam za 5 s
21:36:17  Log przez Wi-Fi: brak połączenia (timed out); ponawiam za 5 s
21:36:32  Log przez Wi-Fi: brak połączenia (timed out); ponawiam za 5 s
21:36:47  Log przez Wi-Fi: brak połączenia (timed out); ponawiam za 5 s
21:37:02  Log przez Wi-Fi: brak połączenia (timed out); ponawiam za 5 s
21:37:18  Log przez Wi-Fi: brak połączenia (timed out); ponawiam za 5 s
21:37:33  Log przez Wi-Fi: brak połączenia (timed out); ponawiam za 5 s
21:37:48  Log przez Wi-Fi: brak połączenia (timed out); ponawiam za 5 s
21:38:03  Log przez Wi-Fi: brak połączenia (timed out); ponawiam za 5 s
21:38:18  Log przez Wi-Fi: brak połączenia (timed out); ponawiam za 5 s
21:38:33  Log przez Wi-Fi: brak połączenia (timed out); ponawiam za 5 s
21:38:48  Log przez Wi-Fi: brak połączenia (timed out); ponawiam za 5 s
21:39:03  Log przez Wi-Fi: brak połączenia (timed out); ponawiam za 5 s
21:39:18  Log przez Wi-Fi: brak połączenia (timed out); ponawiam za 5 s
21:39:33  Log przez Wi-Fi: brak połączenia (timed out); ponawiam za 5 s
21:39:48  Log przez Wi-Fi: brak połączenia (timed out); ponawiam za 5 s
21:40:03  Log przez Wi-Fi: brak połączenia (timed out); ponawiam za 5 s
21:40:18  Log przez Wi-Fi: brak połączenia (timed out); ponawiam za 5 s
21:40:33  Log przez Wi-Fi: brak połączenia (timed out); ponawiam za 5 s
21:40:48  Log przez Wi-Fi: brak połączenia (timed out); ponawiam za 5 s
21:41:03  Log przez Wi-Fi: brak połączenia (timed out); ponawiam za 5 s
21:41:18  Log przez Wi-Fi: brak połączenia (timed out); ponawiam za 5 s
21:41:33  Log przez Wi-Fi: brak połączenia (timed out); ponawiam za 5 s
21:41:48  Log przez Wi-Fi: brak połączenia (timed out); ponawiam za 5 s
21:42:03  Log przez Wi-Fi: brak połączenia (timed out); ponawiam za 5 s
21:42:18  Log przez Wi-Fi: brak połączenia (timed out); ponawiam za 5 s
21:42:33  Log przez Wi-Fi: brak połączenia (timed out); ponawiam za 5 s
21:42:48  Log przez Wi-Fi: brak połączenia (timed out); ponawiam za 5 s
21:43:03  Log przez Wi-Fi: brak połączenia (timed out); ponawiam za 5 s
21:43:18  Log przez Wi-Fi: brak połączenia (timed out); ponawiam za 5 s
21:43:33  Log przez Wi-Fi: brak połączenia (timed out); ponawiam za 5 s
21:43:48  Log przez Wi-Fi: brak połączenia (timed out); ponawiam za 5 s
21:44:03  Log przez Wi-Fi: brak połączenia (timed out); ponawiam za 5 s
21:44:18  Log przez Wi-Fi: brak połączenia (timed out); ponawiam za 5 s
21:44:33  Log przez Wi-Fi: brak połączenia (timed out); ponawiam za 5 s
21:44:48  Log przez Wi-Fi: brak połączenia (timed out); ponawiam za 5 s
21:45:03  Log przez Wi-Fi: brak połączenia (timed out); ponawiam za 5 s
21:45:18  Log przez Wi-Fi: brak połączenia (timed out); ponawiam za 5 s
21:45:33  Log przez Wi-Fi: brak połączenia (timed out); ponawiam za 5 s
21:45:48  Log przez Wi-Fi: brak połączenia (timed out); ponawiam za 5 s
21:46:03  Log przez Wi-Fi: brak połączenia (timed out); ponawiam za 5 s
21:46:18  Log przez Wi-Fi: brak połączenia (timed out); ponawiam za 5 s
21:46:33  Log przez Wi-Fi: brak połączenia (timed out); ponawiam za 5 s
21:46:48  Log przez Wi-Fi: brak połączenia (timed out); ponawiam za 5 s
21:47:03  Log przez Wi-Fi: brak połączenia (timed out); ponawiam za 5 s
21:47:18  Log przez Wi-Fi: brak połączenia (timed out); ponawiam za 5 s
21:47:33  Log przez Wi-Fi: brak połączenia (timed out); ponawiam za 5 s
21:47:48  Log przez Wi-Fi: brak połączenia (timed out); ponawiam za 5 s
21:48:03  Log przez Wi-Fi: brak połączenia (timed out); ponawiam za 5 s
21:48:18  Log przez Wi-Fi: brak połączenia (timed out); ponawiam za 5 s
21:48:33  Log przez Wi-Fi: brak połączenia (timed out); ponawiam za 5 s
21:48:48  Log przez Wi-Fi: brak połączenia (timed out); ponawiam za 5 s
21:49:03  Log przez Wi-Fi: brak połączenia (timed out); ponawiam za 5 s
21:49:18  Log przez Wi-Fi: brak połączenia (timed out); ponawiam za 5 s
21:49:33  Log przez Wi-Fi: brak połączenia (timed out); ponawiam za 5 s
21:49:48  Log przez Wi-Fi: brak połączenia (timed out); ponawiam za 5 s
21:50:03  Log przez Wi-Fi: brak połączenia (timed out); ponawiam za 5 s
21:50:18  Log przez Wi-Fi: brak połączenia (timed out); ponawiam za 5 s
21:50:33  Log przez Wi-Fi: brak połączenia (timed out); ponawiam za 5 s
21:50:48  Log przez Wi-Fi: brak połączenia (timed out); ponawiam za 5 s
21:51:03  Log przez Wi-Fi: brak połączenia (timed out); ponawiam za 5 s
21:51:18  Log przez Wi-Fi: brak połączenia (timed out); ponawiam za 5 s
21:51:33  Log przez Wi-Fi: brak połączenia (timed out); ponawiam za 5 s
21:51:48  Log przez Wi-Fi: brak połączenia (timed out); ponawiam za 5 s
21:52:03  Log przez Wi-Fi: brak połączenia (timed out); ponawiam za 5 s
21:52:18  Log przez Wi-Fi: brak połączenia (timed out); ponawiam za 5 s
21:52:33  Log przez Wi-Fi: brak połączenia (timed out); ponawiam za 5 s
21:52:48  Log przez Wi-Fi: brak połączenia (timed out); ponawiam za 5 s
21:53:03  Log przez Wi-Fi: brak połączenia (timed out); ponawiam za 5 s
21:53:18  Log przez Wi-Fi: brak połączenia (timed out); ponawiam za 5 s
21:53:33  Log przez Wi-Fi: brak połączenia (timed out); ponawiam za 5 s
21:53:48  Log przez Wi-Fi: brak połączenia (timed out); ponawiam za 5 s
21:54:03  Log przez Wi-Fi: brak połączenia (timed out); ponawiam za 5 s
21:54:18  Log przez Wi-Fi: brak połączenia (timed out); ponawiam za 5 s
21:54:33  Log przez Wi-Fi: brak połączenia (timed out); ponawiam za 5 s
21:54:48  Log przez Wi-Fi: brak połączenia (timed out); ponawiam za 5 s
21:55:03  Log przez Wi-Fi: brak połączenia (timed out); ponawiam za 5 s
21:55:18  Log przez Wi-Fi: brak połączenia (timed out); ponawiam za 5 s
21:55:33  Log przez Wi-Fi: brak połączenia (timed out); ponawiam za 5 s
21:55:48  Log przez Wi-Fi: brak połączenia (timed out); ponawiam za 5 s
21:56:03  Log przez Wi-Fi: brak połączenia (timed out); ponawiam za 5 s
21:56:18  Log przez Wi-Fi: brak połączenia (timed out); ponawiam za 5 s
21:56:33  Log przez Wi-Fi: brak połączenia (timed out); ponawiam za 5 s
21:56:48  Log przez Wi-Fi: brak połączenia (timed out); ponawiam za 5 s
21:57:03  Log przez Wi-Fi: brak połączenia (timed out); ponawiam za 5 s
21:57:18  Log przez Wi-Fi: brak połączenia (timed out); ponawiam za 5 s
21:57:33  Log przez Wi-Fi: brak połączenia (timed out); ponawiam za 5 s
21:57:48  Log przez Wi-Fi: brak połączenia (timed out); ponawiam za 5 s
21:58:03  Log przez Wi-Fi: brak połączenia (timed out); ponawiam za 5 s
21:58:18  Log przez Wi-Fi: brak połączenia (timed out); ponawiam za 5 s
21:58:33  Log przez Wi-Fi: brak połączenia (timed out); ponawiam za 5 s
21:58:48  Log przez Wi-Fi: brak połączenia (timed out); ponawiam za 5 s
21:59:03  Log przez Wi-Fi: brak połączenia (timed out); ponawiam za 5 s
21:59:18  Log przez Wi-Fi: brak połączenia (timed out); ponawiam za 5 s
21:59:33  Log przez Wi-Fi: brak połączenia (timed out); ponawiam za 5 s
21:59:48  Log przez Wi-Fi: brak połączenia (timed out); ponawiam za 5 s
22:00:03  Log przez Wi-Fi: brak połączenia (timed out); ponawiam za 5 s
22:00:18  Log przez Wi-Fi: brak połączenia (timed out); ponawiam za 5 s
22:00:33  Log przez Wi-Fi: brak połączenia (timed out); ponawiam za 5 s
22:00:48  Log przez Wi-Fi: brak połączenia (timed out); ponawiam za 5 s
22:01:03  Log przez Wi-Fi: brak połączenia (timed out); ponawiam za 5 s
22:01:18  Log przez Wi-Fi: brak połączenia (timed out); ponawiam za 5 s
22:01:33  Log przez Wi-Fi: brak połączenia (timed out); ponawiam za 5 s
22:01:48  Log przez Wi-Fi: brak połączenia (timed out); ponawiam za 5 s
22:02:03  Log przez Wi-Fi: brak połączenia (timed out); ponawiam za 5 s
22:02:18  Log przez Wi-Fi: brak połączenia (timed out); ponawiam za 5 s
22:02:33  Log przez Wi-Fi: brak połączenia (timed out); ponawiam za 5 s
22:02:48  Log przez Wi-Fi: brak połączenia (timed out); ponawiam za 5 s
22:03:03  Log przez Wi-Fi: brak połączenia (timed out); ponawiam za 5 s
22:03:18  Log przez Wi-Fi: brak połączenia (timed out); ponawiam za 5 s
22:03:33  Log przez Wi-Fi: brak połączenia (timed out); ponawiam za 5 s
22:03:48  Log przez Wi-Fi: brak połączenia (timed out); ponawiam za 5 s
22:04:03  Log przez Wi-Fi: brak połączenia (timed out); ponawiam za 5 s
22:04:18  Log przez Wi-Fi: brak połączenia (timed out); ponawiam za 5 s
22:04:33  Log przez Wi-Fi: brak połączenia (timed out); ponawiam za 5 s
22:04:48  Log przez Wi-Fi: brak połączenia (timed out); ponawiam za 5 s
22:05:03  Log przez Wi-Fi: brak połączenia (timed out); ponawiam za 5 s
22:05:18  Log przez Wi-Fi: brak połączenia (timed out); ponawiam za 5 s
22:05:33  Log przez Wi-Fi: brak połączenia (timed out); ponawiam za 5 s
22:05:48  Log przez Wi-Fi: brak połączenia (timed out); ponawiam za 5 s
22:06:03  Log przez Wi-Fi: brak połączenia (timed out); ponawiam za 5 s
22:06:18  Log przez Wi-Fi: brak połączenia (timed out); ponawiam za 5 s
22:06:33  Log przez Wi-Fi: brak połączenia (timed out); ponawiam za 5 s
22:06:48  Log przez Wi-Fi: brak połączenia (timed out); ponawiam za 5 s
22:07:04  Log przez Wi-Fi: brak połączenia (timed out); ponawiam za 5 s
22:07:19  Log przez Wi-Fi: brak połączenia (timed out); ponawiam za 5 s
22:07:34  Log przez Wi-Fi: brak połączenia (timed out); ponawiam za 5 s
22:07:49  Log przez Wi-Fi: brak połączenia (timed out); ponawiam za 5 s
22:08:04  Log przez Wi-Fi: brak połączenia (timed out); ponawiam za 5 s
22:08:19  Log przez Wi-Fi: brak połączenia (timed out); ponawiam za 5 s
22:08:34  Log przez Wi-Fi: brak połączenia (timed out); ponawiam za 5 s
22:08:49  Log przez Wi-Fi: brak połączenia (timed out); ponawiam za 5 s
22:09:04  Log przez Wi-Fi: brak połączenia (timed out); ponawiam za 5 s
22:09:19  Log przez Wi-Fi: brak połączenia (timed out); ponawiam za 5 s
22:09:34  Log przez Wi-Fi: brak połączenia (timed out); ponawiam za 5 s
22:09:49  Log przez Wi-Fi: brak połączenia (timed out); ponawiam za 5 s
22:10:04  Log przez Wi-Fi: brak połączenia (timed out); ponawiam za 5 s
22:10:19  Log przez Wi-Fi: brak połączenia (timed out); ponawiam za 5 s
22:10:34  Log przez Wi-Fi: brak połączenia (timed out); ponawiam za 5 s
22:10:49  Log przez Wi-Fi: brak połączenia (timed out); ponawiam za 5 s
22:11:04  Log przez Wi-Fi: brak połączenia (timed out); ponawiam za 5 s
22:11:19  Log przez Wi-Fi: brak połączenia (timed out); ponawiam za 5 s
22:11:34  Log przez Wi-Fi: brak połączenia (timed out); ponawiam za 5 s
22:11:49  Log przez Wi-Fi: brak połączenia (timed out); ponawiam za 5 s
22:12:04  Log przez Wi-Fi: brak połączenia (timed out); ponawiam za 5 s
22:12:19  Log przez Wi-Fi: brak połączenia (timed out); ponawiam za 5 s
22:12:34  Log przez Wi-Fi: brak połączenia (timed out); ponawiam za 5 s
22:12:49  Log przez Wi-Fi: brak połączenia (timed out); ponawiam za 5 s
22:13:04  Log przez Wi-Fi: brak połączenia (timed out); ponawiam za 5 s
22:13:19  Log przez Wi-Fi: brak połączenia (timed out); ponawiam za 5 s
22:13:34  Log przez Wi-Fi: brak połączenia (timed out); ponawiam za 5 s
22:13:49  Log przez Wi-Fi: brak połączenia (timed out); ponawiam za 5 s
22:14:04  Log przez Wi-Fi: brak połączenia (timed out); ponawiam za 5 s
22:14:19  Log przez Wi-Fi: brak połączenia (timed out); ponawiam za 5 s
22:14:34  Log przez Wi-Fi: brak połączenia (timed out); ponawiam za 5 s
22:14:49  Log przez Wi-Fi: brak połączenia (timed out); ponawiam za 5 s
22:15:04  Log przez Wi-Fi: brak połączenia (timed out); ponawiam za 5 s
22:15:19  Log przez Wi-Fi: brak połączenia (timed out); ponawiam za 5 s
22:15:34  Log przez Wi-Fi: brak połączenia (timed out); ponawiam za 5 s
22:15:49  Log przez Wi-Fi: brak połączenia (timed out); ponawiam za 5 s
22:16:04  Log przez Wi-Fi: brak połączenia (timed out); ponawiam za 5 s
22:16:19  Log przez Wi-Fi: brak połączenia (timed out); ponawiam za 5 s
22:16:34  Log przez Wi-Fi: brak połączenia (timed out); ponawiam za 5 s
22:16:49  Log przez Wi-Fi: brak połączenia (timed out); ponawiam za 5 s
22:17:04  Log przez Wi-Fi: brak połączenia (timed out); ponawiam za 5 s
22:17:19  Log przez Wi-Fi: brak połączenia (timed out); ponawiam za 5 s
22:17:34  Log przez Wi-Fi: brak połączenia (timed out); ponawiam za 5 s
22:17:49  Log przez Wi-Fi: brak połączenia (timed out); ponawiam za 5 s
22:18:04  Log przez Wi-Fi: brak połączenia (timed out); ponawiam za 5 s
22:18:19  Log przez Wi-Fi: brak połączenia (timed out); ponawiam za 5 s
22:18:34  Log przez Wi-Fi: brak połączenia (timed out); ponawiam za 5 s
22:18:49  Log przez Wi-Fi: brak połączenia (timed out); ponawiam za 5 s
22:19:04  Log przez Wi-Fi: brak połączenia (timed out); ponawiam za 5 s
22:19:19  Log przez Wi-Fi: brak połączenia (timed out); ponawiam za 5 s
22:19:34  Log przez Wi-Fi: brak połączenia (timed out); ponawiam za 5 s
22:19:49  Log przez Wi-Fi: brak połączenia (timed out); ponawiam za 5 s
22:20:04  Log przez Wi-Fi: brak połączenia (timed out); ponawiam za 5 s
22:20:19  Log przez Wi-Fi: brak połączenia (timed out); ponawiam za 5 s
22:20:34  Log przez Wi-Fi: brak połączenia (timed out); ponawiam za 5 s
22:20:49  Log przez Wi-Fi: brak połączenia (timed out); ponawiam za 5 s
22:21:04  Log przez Wi-Fi: brak połączenia (timed out); ponawiam za 5 s
22:21:19  Log przez Wi-Fi: brak połączenia (timed out); ponawiam za 5 s
22:21:34  Log przez Wi-Fi: brak połączenia (timed out); ponawiam za 5 s
22:21:49  Log przez Wi-Fi: brak połączenia (timed out); ponawiam za 5 s
22:22:04  Log przez Wi-Fi: brak połączenia (timed out); ponawiam za 5 s
22:22:19  Log przez Wi-Fi: brak połączenia (timed out); ponawiam za 5 s
22:22:34  Log przez Wi-Fi: brak połączenia (timed out); ponawiam za 5 s
22:22:49  Log przez Wi-Fi: brak połączenia (timed out); ponawiam za 5 s
22:23:04  Log przez Wi-Fi: brak połączenia (timed out); ponawiam za 5 s
22:23:19  Log przez Wi-Fi: brak połączenia (timed out); ponawiam za 5 s
22:23:34  Log przez Wi-Fi: brak połączenia (timed out); ponawiam za 5 s
22:23:49  Log przez Wi-Fi: brak połączenia (timed out); ponawiam za 5 s
22:24:04  Log przez Wi-Fi: brak połączenia (timed out); ponawiam za 5 s
22:24:19  Log przez Wi-Fi: brak połączenia (timed out); ponawiam za 5 s
22:24:34  Log przez Wi-Fi: brak połączenia (timed out); ponawiam za 5 s
22:24:49  Log przez Wi-Fi: brak połączenia (timed out); ponawiam za 5 s
22:25:04  Log przez Wi-Fi: brak połączenia (timed out); ponawiam za 5 s
22:25:19  Log przez Wi-Fi: brak połączenia (timed out); ponawiam za 5 s
22:25:34  Log przez Wi-Fi: brak połączenia (timed out); ponawiam za 5 s
22:25:49  Log przez Wi-Fi: brak połączenia (timed out); ponawiam za 5 s
22:26:04  Log przez Wi-Fi: brak połączenia (timed out); ponawiam za 5 s
22:26:19  Log przez Wi-Fi: brak połączenia (timed out); ponawiam za 5 s
22:26:34  Log przez Wi-Fi: brak połączenia (timed out); ponawiam za 5 s
22:26:49  Log przez Wi-Fi: brak połączenia (timed out); ponawiam za 5 s
22:27:04  Log przez Wi-Fi: brak połączenia (timed out); ponawiam za 5 s
22:27:19  Log przez Wi-Fi: brak połączenia (timed out); ponawiam za 5 s
22:27:34  Log przez Wi-Fi: brak połączenia (timed out); ponawiam za 5 s
22:27:49  Log przez Wi-Fi: brak połączenia (timed out); ponawiam za 5 s
22:28:04  Log przez Wi-Fi: brak połączenia (timed out); ponawiam za 5 s
22:28:19  Log przez Wi-Fi: brak połączenia (timed out); ponawiam za 5 s
22:28:34  Log przez Wi-Fi: brak połączenia (timed out); ponawiam za 5 s
22:28:49  Log przez Wi-Fi: brak połączenia (timed out); ponawiam za 5 s
22:29:04  Log przez Wi-Fi: brak połączenia (timed out); ponawiam za 5 s
22:29:19  Log przez Wi-Fi: brak połączenia (timed out); ponawiam za 5 s
22:29:34  Log przez Wi-Fi: brak połączenia (timed out); ponawiam za 5 s
22:29:49  Log przez Wi-Fi: brak połączenia (timed out); ponawiam za 5 s
22:30:04  Log przez Wi-Fi: brak połączenia (timed out); ponawiam za 5 s
22:30:19  Log przez Wi-Fi: brak połączenia (timed out); ponawiam za 5 s
22:30:34  Log przez Wi-Fi: brak połączenia (timed out); ponawiam za 5 s
22:30:49  Log przez Wi-Fi: brak połączenia (timed out); ponawiam za 5 s
22:31:04  Log przez Wi-Fi: brak połączenia (timed out); ponawiam za 5 s
22:31:19  Log przez Wi-Fi: brak połączenia (timed out); ponawiam za 5 s
22:31:34  Log przez Wi-Fi: brak połączenia (timed out); ponawiam za 5 s
22:31:49  Log przez Wi-Fi: brak połączenia (timed out); ponawiam za 5 s
22:32:04  Log przez Wi-Fi: brak połączenia (timed out); ponawiam za 5 s
22:32:19  Log przez Wi-Fi: brak połączenia (timed out); ponawiam za 5 s
22:32:34  Log przez Wi-Fi: brak połączenia (timed out); ponawiam za 5 s
22:32:49  Log przez Wi-Fi: brak połączenia (timed out); ponawiam za 5 s
22:53:50  Log przez Wi-Fi: brak połączenia (timed out); ponawiam za 5 s
22:53:55  Log przez Wi-Fi: brak połączenia ([WinError 10051] Próba przeprowadzenia operacji, wykonywanej przez gniazdo, na nieosiągalnej sieci); ponawiam za 5 s
05:31:25  Log przez Wi-Fi: brak połączenia ([WinError 10051] Próba przeprowadzenia operacji, wykonywanej przez gniazdo, na nieosiągalnej sieci); ponawiam za 5 s
05:31:40  Log przez Wi-Fi: brak połączenia (timed out); ponawiam za 5 s
09:49:27  Log przez Wi-Fi: brak połączenia ([WinError 10053] Nawiązane połączenie zostało przerwane przez oprogramowanie zainstalowane w komputerze-hoście); ponawiam za 5 s
09:49:42  Log przez Wi-Fi: brak połączenia (timed out); ponawiam za 5 s
09:49:57  Log przez Wi-Fi: brak połączenia (timed out); ponawiam za 5 s
09:50:12  Log przez Wi-Fi: brak połączenia (timed out); ponawiam za 5 s
09:50:27  Log przez Wi-Fi: brak połączenia (timed out); ponawiam za 5 s
09:50:42  Log przez Wi-Fi: brak połączenia (timed out); ponawiam za 5 s
09:50:57  Log przez Wi-Fi: brak połączenia (timed out); ponawiam za 5 s
09:51:12  Log przez Wi-Fi: brak połączenia (timed out); ponawiam za 5 s
09:51:27  Log przez Wi-Fi: brak połączenia (timed out); ponawiam za 5 s
09:51:42  Log przez Wi-Fi: brak połączenia (timed out); ponawiam za 5 s
09:51:57  Log przez Wi-Fi: brak połączenia (timed out); ponawiam za 5 s
09:52:12  Log przez Wi-Fi: brak połączenia (timed out); ponawiam za 5 s
09:52:27  Log przez Wi-Fi: brak połączenia (timed out); ponawiam za 5 s
09:52:42  Log przez Wi-Fi: brak połączenia (timed out); ponawiam za 5 s
09:52:57  Log przez Wi-Fi: brak połączenia (timed out); ponawiam za 5 s
09:53:12  Log przez Wi-Fi: brak połączenia (timed out); ponawiam za 5 s
09:53:27  Log przez Wi-Fi: brak połączenia (timed out); ponawiam za 5 s
09:53:42  Log przez Wi-Fi: brak połączenia (timed out); ponawiam za 5 s
09:53:57  Log przez Wi-Fi: brak połączenia (timed out); ponawiam za 5 s
09:54:12  Log przez Wi-Fi: brak połączenia (timed out); ponawiam za 5 s
09:54:27  Log przez Wi-Fi: brak połączenia (timed out); ponawiam za 5 s
09:54:42  Log przez Wi-Fi: brak połączenia (timed out); ponawiam za 5 s
09:54:57  Log przez Wi-Fi: brak połączenia (timed out); ponawiam za 5 s
09:55:12  Log przez Wi-Fi: brak połączenia (timed out); ponawiam za 5 s
09:55:27  Log przez Wi-Fi: brak połączenia (timed out); ponawiam za 5 s
09:55:42  Log przez Wi-Fi: brak połączenia (timed out); ponawiam za 5 s
09:55:57  Log przez Wi-Fi: brak połączenia (timed out); ponawiam za 5 s
09:56:12  Log przez Wi-Fi: brak połączenia (timed out); ponawiam za 5 s
09:56:27  Log przez Wi-Fi: brak połączenia (timed out); ponawiam za 5 s
09:56:42  Log przez Wi-Fi: brak połączenia (timed out); ponawiam za 5 s
09:56:57  Log przez Wi-Fi: brak połączenia (timed out); ponawiam za 5 s
09:57:12  Log przez Wi-Fi: brak połączenia (timed out); ponawiam za 5 s
09:57:27  Log przez Wi-Fi: brak połączenia (timed out); ponawiam za 5 s
09:57:42  Log przez Wi-Fi: brak połączenia (timed out); ponawiam za 5 s
09:57:57  Log przez Wi-Fi: brak połączenia (timed out); ponawiam za 5 s
09:58:12  Log przez Wi-Fi: brak połączenia (timed out); ponawiam za 5 s
09:58:27  Log przez Wi-Fi: brak połączenia (timed out); ponawiam za 5 s
09:58:43  Log przez Wi-Fi: brak połączenia (timed out); ponawiam za 5 s
09:58:58  Log przez Wi-Fi: brak połączenia (timed out); ponawiam za 5 s
09:59:13  Log przez Wi-Fi: brak połączenia (timed out); ponawiam za 5 s
09:59:28  Log przez Wi-Fi: brak połączenia (timed out); ponawiam za 5 s
09:59:43  Log przez Wi-Fi: brak połączenia (timed out); ponawiam za 5 s
09:59:58  Log przez Wi-Fi: brak połączenia (timed out); ponawiam za 5 s
10:00:13  Log przez Wi-Fi: brak połączenia (timed out); ponawiam za 5 s
10:00:28  Log przez Wi-Fi: brak połączenia (timed out); ponawiam za 5 s
10:00:43  Log przez Wi-Fi: brak połączenia (timed out); ponawiam za 5 s
10:00:58  Log przez Wi-Fi: brak połączenia (timed out); ponawiam za 5 s
10:01:13  Log przez Wi-Fi: brak połączenia (timed out); ponawiam za 5 s
10:01:28  Log przez Wi-Fi: brak połączenia (timed out); ponawiam za 5 s
10:01:43  Log przez Wi-Fi: brak połączenia (timed out); ponawiam za 5 s
10:01:58  Log przez Wi-Fi: brak połączenia (timed out); ponawiam za 5 s
10:02:13  Log przez Wi-Fi: brak połączenia (timed out); ponawiam za 5 s
10:02:28  Log przez Wi-Fi: brak połączenia (timed out); ponawiam za 5 s
10:02:43  Log przez Wi-Fi: brak połączenia (timed out); ponawiam za 5 s
10:02:58  Log przez Wi-Fi: brak połączenia (timed out); ponawiam za 5 s
10:03:13  Log przez Wi-Fi: brak połączenia (timed out); ponawiam za 5 s
10:03:28  Log przez Wi-Fi: brak połączenia (timed out); ponawiam za 5 s
10:03:43  Log przez Wi-Fi: brak połączenia (timed out); ponawiam za 5 s
10:03:58  Log przez Wi-Fi: brak połączenia (timed out); ponawiam za 5 s
10:04:13  Log przez Wi-Fi: brak połączenia (timed out); ponawiam za 5 s
10:04:28  Log przez Wi-Fi: brak połączenia (timed out); ponawiam za 5 s
10:04:43  Log przez Wi-Fi: brak połączenia (timed out); ponawiam za 5 s
10:04:58  Log przez Wi-Fi: brak połączenia (timed out); ponawiam za 5 s
10:05:13  Log przez Wi-Fi: brak połączenia (timed out); ponawiam za 5 s
10:05:28  Log przez Wi-Fi: brak połączenia (timed out); ponawiam za 5 s
10:05:43  Log przez Wi-Fi: brak połączenia (timed out); ponawiam za 5 s
10:05:58  Log przez Wi-Fi: brak połączenia (timed out); ponawiam za 5 s
10:06:13  Log przez Wi-Fi: brak połączenia (timed out); ponawiam za 5 s
10:06:28  Log przez Wi-Fi: brak połączenia (timed out); ponawiam za 5 s
10:06:43  Log przez Wi-Fi: brak połączenia (timed out); ponawiam za 5 s
10:06:58  Log przez Wi-Fi: brak połączenia (timed out); ponawiam za 5 s
10:07:13  Log przez Wi-Fi: brak połączenia (timed out); ponawiam za 5 s
10:07:28  Log przez Wi-Fi: brak połączenia (timed out); ponawiam za 5 s
10:07:43  Log przez Wi-Fi: brak połączenia (timed out); ponawiam za 5 s
10:07:58  Log przez Wi-Fi: brak połączenia (timed out); ponawiam za 5 s
10:08:13  Log przez Wi-Fi: brak połączenia (timed out); ponawiam za 5 s
10:08:28  Log przez Wi-Fi: brak połączenia (timed out); ponawiam za 5 s
10:08:43  Log przez Wi-Fi: brak połączenia (timed out); ponawiam za 5 s
10:08:58  Log przez Wi-Fi: brak połączenia (timed out); ponawiam za 5 s
10:09:13  Log przez Wi-Fi: brak połączenia (timed out); ponawiam za 5 s
10:09:28  Log przez Wi-Fi: brak połączenia (timed out); ponawiam za 5 s
10:09:43  Log przez Wi-Fi: brak połączenia (timed out); ponawiam za 5 s
10:09:58  Log przez Wi-Fi: brak połączenia (timed out); ponawiam za 5 s
10:10:13  Log przez Wi-Fi: brak połączenia (timed out); ponawiam za 5 s
10:10:28  Log przez Wi-Fi: brak połączenia (timed out); ponawiam za 5 s
